Molecule ChEMBL ID,Standard Value,Smiles,Source Description,Assay Description,Assay Type,Assay Organism,Assay Tissue Name,Document Journal,Document Year,Target Name,Standard Type,Standard Units,pChEMBL Value,Molecular Weight,AlogP
CHEMBL105118,390.0,CN1CCC(c2c[nH]c3ccc(NC(=O)c4cccc([N+](=O)[O-])c4)nc23)CC1,Scientific Literature,In vitro binding affinity by radioligand binding assay using cell line expressing human 5-hydroxytryptamine 1B receptor,B,,,J Med Chem,2003,Serotonin 1b (5-HT1b) receptor,Ki,nM,6.41,379.42,3.53
CHEMBL105556,25.0,CN1CCC(c2c[nH]c3ccc(OS(C)(=O)=O)nc23)CC1,Scientific Literature,In vitro binding affinity by radioligand binding assay using cell line expressing human 5-hydroxytryptamine 1B receptor,B,,,J Med Chem,2003,Serotonin 1b (5-HT1b) receptor,Ki,nM,7.6,309.39,1.71
CHEMBL339980,1060.0,Cc1[nH]c2cccc(NC(=O)c3ccc(F)cc3)c2c1CCN(C)C,Scientific Literature,Binding affinity towards human 5-hydroxytryptamine 1B receptor using [3H]5-HT radioligand,B,,,J Med Chem,2001,Serotonin 1b (5-HT1b) receptor,Ki,nM,5.97,339.41,3.97
CHEMBL105091,1100.0,CN1CCC(c2c[nH]c3ccc(NC(=O)c4ccco4)nc23)CC1,Scientific Literature,In vitro binding affinity by radioligand binding assay using cell line expressing human 5-hydroxytryptamine 1B receptor,B,,,J Med Chem,2003,Serotonin 1b (5-HT1b) receptor,Ki,nM,5.96,324.38,3.22
CHEMBL2368612,1000.0,Cl.N#Cc1ccc2c(c1)CCN(CC[C@H]1CC[C@H](NC(=O)/C=C/c3ccccc3)CC1)C2,Scientific Literature,Binding activity against human 5-hydroxytryptamine 1B receptor,B,Homo sapiens,,J Med Chem,2000,Serotonin 1b (5-HT1b) receptor,Ki,nM,6.0,450.03,4.69
CHEMBL128,5.5,CNS(=O)(=O)Cc1ccc2[nH]cc(CCN(C)C)c2c1,Scientific Literature,Binding affinity was measured on 5-hydroxytryptamine 1D receptor beta in CHO cells transfected with human 5-HT1D beta gene labeled with [3H]5-HT,B,,,J Med Chem,1994,Serotonin 1b (5-HT1b) receptor,Ki,nM,8.26,295.41,1.32
CHEMBL389068,1000.0,COc1cc(N(C)C2CCN(C)C2)c2[nH]c(C(=O)Nc3ccc(N4CCOCC4)cc3)cc(=O)c2c1,Scientific Literature,Displacement of [3H]GR125743 from 5HT1B receptor transfected in CHO cells,B,Homo sapiens,,Bioorg Med Chem,2007,Serotonin 1b (5-HT1b) receptor,Ki,nM,,491.59,2.77
CHEMBL111150,2.3,CC(C)(C)CCCCCCOc1ccc2[nH]cc(CCN)c2c1,Scientific Literature,Displacement of [3H]-5-HT from human 5-hydroxytryptamine 1D receptor beta,B,,,J Med Chem,1996,Serotonin 1b (5-HT1b) receptor,Ki,nM,8.64,316.49,5.04
CHEMBL128,7.7,CNS(=O)(=O)Cc1ccc2[nH]cc(CCN(C)C)c2c1,Scientific Literature,Binding affinity towards cloned human 5-hydroxytryptamine 1B receptor,B,,,Bioorg Med Chem Lett,2003,Serotonin 1b (5-HT1b) receptor,Ki,nM,8.11,295.41,1.32
CHEMBL182837,1430.0,Cc1cc(Br)cc(C)c1N=C1NCCN1,Scientific Literature,Binding affinity towards human 5-hydroxytryptamine 1B receptor,B,Homo sapiens,,Bioorg Med Chem Lett,2004,Serotonin 1b (5-HT1b) receptor,Ki,nM,5.84,268.16,2.25
CHEMBL101690,240.0,CN1CCC(c2c[nH]c3ccc(NC(=O)c4ccc(F)cc4)cc23)CC1,Scientific Literature,In vitro binding affinity by radioligand binding assay using cell line expressing human 5-hydroxytryptamine 1B receptor,B,,,J Med Chem,2003,Serotonin 1b (5-HT1b) receptor,Ki,nM,6.62,351.43,4.37
CHEMBL321080,390.0,CN1CCC(c2c[nH]c3ccc(NC(=O)c4cccs4)nc23)CC1,Scientific Literature,In vitro binding affinity by radioligand binding assay using cell line expressing human 5-hydroxytryptamine 1B receptor,B,,,J Med Chem,2003,Serotonin 1b (5-HT1b) receptor,Ki,nM,6.41,340.45,3.69
CHEMBL3139682,100.0,Nc1ccc2ccc(CCNCCc3cccc(Cl)c3)cc2n1,Scientific Literature,Displacement of [3H]5-CT from human 5-HT1B receptor expressed in HEK cells after 90 mins by scintillation counting method,B,Homo sapiens,,J Med Chem,2017,Serotonin 1b (5-HT1b) receptor,Ki,nM,,325.84,3.85
CHEMBL287671,10000.0,c1ccc(-c2ccc(N3CCN(Cc4c[nH]c5ncccc45)CC3)cc2)cc1,Scientific Literature,Binding affinity to cloned human 5-hydroxytryptamine 1B receptor,B,Homo sapiens,,Bioorg Med Chem Lett,2001,Serotonin 1b (5-HT1b) receptor,Ki,nM,,368.48,4.55
CHEMBL318249,28.0,CCn1cc(-c2ccc3c(c2)c(C2CCN(CCN4CCNC4=O)CC2)cn3-c2ccc(F)cc2)nn1,Scientific Literature,Ability to displace [3H]5-CT (1.5 nM) from HeLa cells of human 5-hydroxytryptamine 1B receptor,B,,,J Med Chem,2003,Serotonin 1b (5-HT1b) receptor,Ki,nM,7.55,501.61,4.25
CHEMBL330603,20.0,Cn1nnnc1-c1ccc2c(c1)c(C1CCN(CCN3CCNC3=O)CC1)cn2-c1ccc(F)cc1,Scientific Literature,Ability to displace [3H]5-CT (1.5 nM) from HeLa cells of human 5-hydroxytryptamine 1B receptor,B,,,J Med Chem,2003,Serotonin 1b (5-HT1b) receptor,Ki,nM,7.7,488.57,3.16
CHEMBL119800,13.6,COc1ccc(C(=O)Nc2ccc(-c3ccncc3)cc2)cc1/C=C/CN(C)C,Scientific Literature,Binding affinity for 5-hydroxytryptamine 1B receptor in C6-glial transfected cell type using [3H]5-CT as radioligand,B,,,J Med Chem,1997,Serotonin 1b (5-HT1b) receptor,Ki,nM,7.87,387.48,4.58
CHEMBL458200,125.89,Cc1ccc2c(OCCN3CCC(Cc4cccc(N5CCN(C)C(=O)C5)c4)CC3)cccc2n1,Scientific Literature,Displacement of [3H]5HT from human 5HT1B receptor expressed in CHO cells,B,Homo sapiens,,Bioorg Med Chem Lett,2009,Serotonin 1b (5-HT1b) receptor,Ki,nM,6.9,472.63,4.16
CHEMBL194701,15.85,CN1CCN(c2nccc3cc4c(cc23)N(C(=O)c2ccccc2C(F)(F)F)CC4)CC1,Scientific Literature,Mean binding affinity towards 5-hydroxytryptamine 1B receptor using [3H]5-HT or [3H]-8-OH-DPAT as the radioligand,B,Homo sapiens,,Bioorg Med Chem Lett,2005,Serotonin 1b (5-HT1b) receptor,Ki,nM,7.8,440.47,4.21
CHEMBL419547,590.0,CN1CCC(c2c[nH]c3ccc(NC(=O)c4cccc(C#N)c4)nc23)CC1,Scientific Literature,In vitro binding affinity by radioligand binding assay using cell line expressing human 5-hydroxytryptamine 1B receptor,B,,,J Med Chem,2003,Serotonin 1b (5-HT1b) receptor,Ki,nM,6.23,359.43,3.5
CHEMBL184597,2300.0,CN1CCC(c2n[nH]c3ccc(NC(=O)c4ccc(F)cc4)cc23)CC1,Scientific Literature,In vitro binding affinity for human 5-hydroxytryptamine 1B receptor,B,Homo sapiens,,Bioorg Med Chem Lett,2004,Serotonin 1b (5-HT1b) receptor,Ki,nM,5.64,352.41,3.76
CHEMBL494806,19.95,CC(=O)Nc1cccc(CN2CCN(CCOc3cccc4nc(C)ccc34)CC2)c1,Scientific Literature,Displacement of [3H]5HT from human recombinant 5HT1B receptor,B,Homo sapiens,,J Med Chem,2008,Serotonin 1b (5-HT1b) receptor,Ki,nM,7.7,418.54,3.7
CHEMBL497963,1.995,Cc1ccc2c(OCCN3CCC(Cc4cccc(NS(C)(=O)=O)c4)CC3)cccc2n1,Scientific Literature,Displacement of [3H]5HT from human recombinant 5HT1B receptor,B,Homo sapiens,,J Med Chem,2008,Serotonin 1b (5-HT1b) receptor,Ki,nM,8.7,453.61,4.25
CHEMBL325131,18.0,COc1ccc(NC(=O)N2CCN(c3ccccc3)CC2)cc1N1CCN(C)CC1.O=C(O)/C=C/C(=O)O,Scientific Literature,Affinity for 5-hydroxytryptamine 1B receptor subtype,B,Homo sapiens,,Bioorg Med Chem Lett,1997,Serotonin 1b (5-HT1b) receptor,Ki,nM,7.75,525.61,2.8
CHEMBL113994,2.4,COc1ccc(NC(=S)N2CC=C(c3ccc4[nH]cc(C[C@H]5CCCN5C)c4c3)CC2)cc1,Scientific Literature,Binding affinity towards cloned human 5-hydroxytryptamine 1B receptor,B,,,Bioorg Med Chem Lett,2003,Serotonin 1b (5-HT1b) receptor,Ki,nM,8.62,460.65,5.3
CHEMBL275854,250.0,CC(N)Cc1c[nH]c2ccc(O)cc12,Scientific Literature,Displacement of [3H]-5-HT from human 5-hydroxytryptamine 1D receptor beta,B,,,J Med Chem,1996,Serotonin 1b (5-HT1b) receptor,Ki,nM,6.6,190.25,1.76
CHEMBL248407,25.12,Cc1ccc2c(OCCN3CCN(Cc4ccc5c(c4)N(CCc4ccccc4)C(=O)CO5)CC3)cccc2n1,Scientific Literature,Displacement of [3H]5-HT from human recombinant 5HT1B receptor expressed in CHO cells,B,Homo sapiens,,Bioorg Med Chem Lett,2007,Serotonin 1b (5-HT1b) receptor,Ki,nM,7.6,536.68,4.71
CHEMBL248456,39.81,Cc1ccc2c(OCCN3CCC(Cc4ccc5c(c4)N(C(C)C)C(=O)CO5)CC3)cccc2n1,Scientific Literature,Displacement of [3H]5-HT from human recombinant 5HT1B receptor expressed in CHO cells,B,Homo sapiens,,Bioorg Med Chem Lett,2007,Serotonin 1b (5-HT1b) receptor,Ki,nM,7.4,473.62,5.01
CHEMBL307408,1570.0,Cc1cc(Br)cc(C)c1CC1=NCCN1,Scientific Literature,Binding affinity towards human 5-hydroxytryptamine 1B receptor,B,Homo sapiens,,Bioorg Med Chem Lett,2004,Serotonin 1b (5-HT1b) receptor,Ki,nM,5.8,267.17,2.61
CHEMBL307521,1096.0,CCCN(CCC)[C@H]1CCc2ccc3[nH]cc(C(=O)C(N)=O)c3c2C1,Scientific Literature,"Binding affinity against 5-hydroxytryptamine 1D receptor beta expressed in CHO-K1 cells, using [3H]5-HT as the radioligand.",B,,,J Med Chem,1995,Serotonin 1b (5-HT1b) receptor,Ki,nM,5.96,341.46,2.82
CHEMBL609742,88.0,O=S(=O)(Nc1ccc2[nH]cc(C[C@H]3CCCN3)c2c1)c1ccccc1Cl,Scientific Literature,Inhibition of [3H]-8-OH-DPAT binding to human 5-hydroxytryptamine 1B receptor expressed in CHO cells,B,Homo sapiens,,J Med Chem,2005,Serotonin 1b (5-HT1b) receptor,Ki,nM,7.06,389.91,3.92
CHEMBL297660,472.0,CC(C)c1ccc2[nH]cc(CCN3CCCC3)c2c1,Scientific Literature,Binding affinity towards cloned human 5-hydroxytryptamine 1B receptor,B,Homo sapiens,,Bioorg Med Chem Lett,2000,Serotonin 1b (5-HT1b) receptor,Ki,nM,6.33,256.39,3.93
CHEMBL5438846,6700.0,O=C(O)c1cc(-c2ccc(C3=CC4(CNC4)C3)cc2)c2ccc(-c3ccc(C(F)(F)F)cc3)cc2c1,Scientific Literature,Displacement of [3H]-5-CT from human 5-HT1B receptor assessed as inhibition constant by radioligand displacement assay,B,Homo sapiens,,J Med Chem,2023,Serotonin 1b (5-HT1b) receptor,Ki,nM,5.17,485.51,7.27
CHEMBL421573,76.0,O=C1NCCN1CCN1CCC(c2cn(-c3ccc(F)cc3)c3ccc(-c4ncccn4)cc23)CC1,Scientific Literature,Ability to displace [3H]5-CT (1.5 nM) from HeLa cells of human 5-hydroxytryptamine 1B receptor,B,,,J Med Chem,2003,Serotonin 1b (5-HT1b) receptor,Ki,nM,7.12,484.58,4.43
CHEMBL553591,158.49,Cl.N#Cc1ccc2c(c1)CN(CCCCNC(=O)/C=C/c1c[nH]c3ccccc13)CC2,Scientific Literature,Binding activity against human 5-hydroxytryptamine 1B receptor,B,Homo sapiens,,J Med Chem,2000,Serotonin 1b (5-HT1b) receptor,Ki,nM,6.8,434.97,4.01
CHEMBL320198,6000.0,CN1CCC(c2c[nH]c3cnc(NC(=O)c4ccc(F)cc4)nc23)CC1,Scientific Literature,In vitro binding affinity by radioligand binding assay using cell line expressing human 5-hydroxytryptamine 1B receptor,B,,,J Med Chem,2003,Serotonin 1b (5-HT1b) receptor,Ki,nM,5.22,353.4,3.16
CHEMBL70831,1630.0,COc1cccc(CC2=NCCN2)c1,Scientific Literature,Binding affinity towards human 5-hydroxytryptamine 1B receptor using [3H]5-HT trifluoroacetate as radioligand,B,,,J Med Chem,1998,Serotonin 1b (5-HT1b) receptor,Ki,nM,5.79,190.25,1.24
CHEMBL1290715,1.995,Cc1ccc2c(N3CCN(CCc4cccc5[nH]c(=O)ccc45)CC3)cccc2n1,Scientific Literature,Antagonist activity at human 5-HT1B receptor expressed in CHO cells assessed as inhibition of GTPgammaS binding by scintillation proximity assay,F,Homo sapiens,,Bioorg Med Chem Lett,2010,Serotonin 1b (5-HT1b) receptor,Ki,nM,8.7,398.51,3.75
CHEMBL1290716,0.7943,Cc1ccc2c(N3CCN(CCc4cccc5c4ccc(=O)n5C)CC3)cccc2n1,Scientific Literature,Antagonist activity at human 5-HT1B receptor expressed in CHO cells assessed as inhibition of GTPgammaS binding by scintillation proximity assay,F,Homo sapiens,,Bioorg Med Chem Lett,2010,Serotonin 1b (5-HT1b) receptor,Ki,nM,9.1,412.54,3.76
CHEMBL1289618,1000.0,Cc1ccc2c(N3CCN(CCc4cccc5c4ccc(=O)n5C)C(C)(C)C3)cccc2n1,Scientific Literature,Antagonist activity at human 5-HT1B receptor expressed in CHO cells assessed as inhibition of GTPgammaS binding by scintillation proximity assay,F,Homo sapiens,,Bioorg Med Chem Lett,2010,Serotonin 1b (5-HT1b) receptor,Ki,nM,,440.59,4.54
CHEMBL71033,10000.0,Cc1cccc(C)c1CC1=NCCN1,Scientific Literature,Binding affinity towards human 5-hydroxytryptamine 1B receptor,B,Homo sapiens,,Bioorg Med Chem Lett,2004,Serotonin 1b (5-HT1b) receptor,Ki,nM,,188.27,1.85
CHEMBL196370,12.4,COc1ccc(NC(=O)N2CCN(c3ccccc3OC)CC2)cc1N1CCN(C)CC1,Scientific Literature,In vitro binding affinity towards cloned human 5-HT1B receptor using [3H]5-carboximidotryptamine as radioligand,B,Homo sapiens,,Bioorg Med Chem Lett,2005,Serotonin 1b (5-HT1b) receptor,Ki,nM,7.91,439.56,2.81
CHEMBL423789,65.0,O=C(NN1CC=C(c2ccc3[nH]cc(CCN4CCCC4)c3c2)CC1)c1cccc2ccccc12,Scientific Literature,Binding affinity was evaluated at the cloned human 5-hydroxytryptamine 1B receptor,B,,,Bioorg Med Chem Lett,2004,Serotonin 1b (5-HT1b) receptor,Ki,nM,7.19,464.61,5.39
CHEMBL195114,1.995,COc1cc2c(cc1N1CCN(C)CC1)N(C(=O)c1ccc(-c3cccc(C)n3)c3ccccc13)CC2,Scientific Literature,Binding affinity against cloned human 5-hydroxytryptamine 1B receptor,B,Homo sapiens,,Bioorg Med Chem Lett,2005,Serotonin 1b (5-HT1b) receptor,Ki,nM,8.7,492.62,5.17
CHEMBL196600,1.585,COc1cc2c(cc1N1C[C@@H](C)N(C)[C@@H](C)C1)N(C(=O)Cc1cccc(C(F)(F)F)c1F)CC2,Scientific Literature,Binding affinity against cloned human 5-hydroxytryptamine 1B receptor,B,Homo sapiens,,Bioorg Med Chem Lett,2005,Serotonin 1b (5-HT1b) receptor,Ki,nM,8.8,479.52,4.51
CHEMBL472117,60.0,FC(F)(F)c1nc2c(N3CCN(CCOc4cccc5nc(C(F)(F)F)[nH]c45)CC3)cccc2[nH]1,Scientific Literature,Binding affinity to human 5HT1B receptor,B,Homo sapiens,,Bioorg Med Chem,2008,Serotonin 1b (5-HT1b) receptor,Ki,nM,7.22,498.43,4.68
CHEMBL2112662,0.2,Cc1ccccc1CN1CCN(C(=O)COc2ccc3cccc(N4CCN(C)CC4)c3c2)CC1,Scientific Literature,Receptor binding affinity for cloned human 5-hydroxytryptamine 1B receptor in Cos-7 cells,B,Homo sapiens,,J Med Chem,1997,Serotonin 1b (5-HT1b) receptor,Ki,nM,9.7,472.63,3.62
CHEMBL178066,260.0,Cc1[nH]c2ccc(NC(=O)c3ccc(F)cc3)cc2c1CCN(C)C,Scientific Literature,Binding affinity to 5-HT1B (unknown origin) assessed as inhibition constant,B,Homo sapiens,,J Med Chem,2022,Serotonin 1b (5-HT1b) receptor,Ki,nM,,339.41,3.97
CHEMBL431041,240.0,CC(=O)Nc1ccc2[nH]cc(C3CCN(C)CC3)c2n1,Scientific Literature,Binding affinity to 5-HT1B (unknown origin) assessed as inhibition constant,B,Homo sapiens,,J Med Chem,2022,Serotonin 1b (5-HT1b) receptor,Ki,nM,,272.35,2.33
CHEMBL428991,44.0,COc1ccc(C(=O)NN2CC=C(c3ccc4[nH]cc(CCN5CCCC5)c4c3)CC2)cc1,Scientific Literature,Binding affinity was evaluated at the cloned human 5-hydroxytryptamine 1B receptor,B,,,Bioorg Med Chem Lett,2004,Serotonin 1b (5-HT1b) receptor,Ki,nM,7.36,444.58,4.25
CHEMBL355517,32.0,NCCc1c[nH]c2ccc(-c3cccs3)cc12,Scientific Literature,Binding affinity for human 5-hydroxytryptamine 1B receptor,B,Homo sapiens,,Bioorg Med Chem Lett,2000,Serotonin 1b (5-HT1b) receptor,Ki,nM,7.5,242.35,3.4
CHEMBL304426,364.0,CCCN(CCC)C1CCc2ccc3[nH]cc(C=O)c3c2C1,Scientific Literature,"Binding affinity against 5-hydroxytryptamine 1D receptor beta expressed in CHO-K1 cells, using [3H]5-HT as the radioligand.",B,,,J Med Chem,1995,Serotonin 1b (5-HT1b) receptor,Ki,nM,6.44,298.43,3.96
CHEMBL2112661,0.43,CN1CCN(c2cccc3ccc(OCC(=O)N4CCN(c5cccc6ccccc56)CC4)cc23)CC1,Scientific Literature,Receptor binding affinity for cloned human 5-hydroxytryptamine 1B receptor in Cos-7 cells,B,Homo sapiens,,J Med Chem,1997,Serotonin 1b (5-HT1b) receptor,Ki,nM,9.37,494.64,4.47
CHEMBL2112660,0.38,CN1CCN(c2cccc3ccc(OCC(=O)N4CCN(c5ccccc5C#N)CC4)cc23)CC1,Scientific Literature,Receptor binding affinity for cloned human 5-hydroxytryptamine 1B receptor in Cos-7 cells,B,Homo sapiens,,J Med Chem,1997,Serotonin 1b (5-HT1b) receptor,Ki,nM,9.42,469.59,3.19
CHEMBL5094493,160.0,CCCN(CCC)CCc1ccc(Cl)c(-c2ccccc2OC)c1,Scientific Literature,Binding affinity to 5-HT1BR (unknown origin),B,Homo sapiens,,J Med Chem,2021,Serotonin 1b (5-HT1b) receptor,Ki,nM,6.8,345.91,5.68
CHEMBL138958,26.0,CNCCOc1cccc2ccccc12,Scientific Literature,Agonist activity to the human recombinant 5-hydroxytryptamine 1B receptor,F,,,J Med Chem,1997,Serotonin 1b (5-HT1b) receptor,Ki,nM,7.58,201.27,2.44
CHEMBL5431371,10000.0,CCN(CC)CCCC(C)Nc1cnc(C(=O)Nc2cc(F)cc3cccnc23)cn1,Scientific Literature,Binding affinity to 5-HT1B receptor (unknown origin) assessed as inhibition constant,B,Homo sapiens,,J Med Chem,2023,Serotonin 1b (5-HT1b) receptor,Ki,nM,,424.52,4.34
CHEMBL602674,1.738,CCC(=O)N1CCN(c2ccc(NC(=O)c3cc(=O)c4cc(F)cc(N5CCN(C)CC5)c4o3)cc2)CC1,Scientific Literature,Binding affinity to 5HT1B receptor expressed in CHO cells,B,,,J Med Chem,2010,Serotonin 1b (5-HT1b) receptor,Ki,nM,8.76,521.59,2.99
CHEMBL601012,9.333,Cc1n[nH]c(C)c1-c1ccc(C)c2c(=O)cc(C(=O)Nc3ccc(N4CCOCC4)cc3)[nH]c12,Scientific Literature,Binding affinity to 5HT1B receptor expressed in CHO cells,B,,,J Med Chem,2010,Serotonin 1b (5-HT1b) receptor,Ki,nM,8.03,457.53,3.93
CHEMBL285402,2.56,CN1CCN(c2cccc3ccc(OCC(=O)N4CCN(C(=O)COc5ccc6cccc(N7CCN(C)CC7)c6c5)CC4)cc23)CC1,Scientific Literature,Binding affinity was evaluated at human recombinant 5-hydroxytryptamine 1B receptor using [3H]5-CT as radioligand,B,,,Bioorg Med Chem Lett,1998,Serotonin 1b (5-HT1b) receptor,Ki,nM,8.59,650.82,3.63
CHEMBL45929,47.0,CCc1ccc2[nH]cc(C[C@H]3CCCN3C)c2c1,Scientific Literature,Binding affinity towards cloned human 5-hydroxytryptamine 1B receptor,B,Homo sapiens,,Bioorg Med Chem Lett,2000,Serotonin 1b (5-HT1b) receptor,Ki,nM,7.33,242.37,3.37
CHEMBL318018,501.19,Cc1sc2ccc(Cl)cc2c1S(=O)(=O)Nc1ccc2nccc(N3CCNCC3)c2c1,Scientific Literature,Binding affinity to human cloned 5-hydroxytryptamine 1B receptor in CHO cells using [3H]5-HT as radioligand,B,Homo sapiens,,Bioorg Med Chem Lett,2001,Serotonin 1b (5-HT1b) receptor,Ki,nM,6.3,473.02,4.62
CHEMBL310082,1000.0,NC(=O)c1ccc2c(c1)CCOC2CCN1CC=C(c2ccc3cc(F)ccc3c2)CC1,Scientific Literature,Binding affinity towards human 5-hydroxytryptamine 1B receptor in L-M(tk-) cells using [3H]GR-125743 as radioligand,B,,,Bioorg Med Chem Lett,2004,Serotonin 1b (5-HT1b) receptor,Ki,nM,,430.52,4.87
CHEMBL97637,316.23,O=S(=O)(Nc1ccc2nccc(N3CCNCC3)c2c1)c1ccc(-c2ccccc2)cc1,Scientific Literature,Binding affinity to human cloned 5-hydroxytryptamine 1B receptor in CHO cells using [3H]5-HT as radioligand,B,Homo sapiens,,Bioorg Med Chem Lett,2001,Serotonin 1b (5-HT1b) receptor,Ki,nM,6.5,444.56,4.11
CHEMBL107772,150.0,Cc1ccccc1N1CCN(C(=O)Oc2ccc(Cl)c(N3CCN(C)CC3)c2)CC1.O=C(O)/C=C/C(=O)O,Scientific Literature,Affinity for 5-hydroxytryptamine 1B receptor subtype,B,Homo sapiens,,Bioorg Med Chem Lett,1997,Serotonin 1b (5-HT1b) receptor,Ki,nM,6.82,545.04,3.72
CHEMBL292759,398.11,COc1ccc(NS(=O)(=O)c2ccc(Br)cc2)cc1N1CCN(C)CC1,Scientific Literature,Compound was tested for its binding affinity against human cloned 5-hydroxytryptamine 1B receptor in CHO cells using [3H]5-HT,B,,,J Med Chem,1999,Serotonin 1b (5-HT1b) receptor,Ki,nM,6.4,440.36,3.01
CHEMBL323986,1.8,COc1ccc(NC(=O)N2CCN(c3ccc(C)cc3C)CC2)cc1N1CCN(C)CC1.O=C(O)/C=C/C(=O)O,Scientific Literature,Affinity for 5-hydroxytryptamine 1B receptor subtype,B,Homo sapiens,,Bioorg Med Chem Lett,1997,Serotonin 1b (5-HT1b) receptor,Ki,nM,8.74,553.66,3.42
CHEMBL73943,10000.0,CCCCc1ccc(CC2=NCCN2)cc1,Scientific Literature,Binding affinity towards human 5-hydroxytryptamine 1B receptor using [3H]5-HT trifluoroacetate as radioligand,B,,,J Med Chem,1998,Serotonin 1b (5-HT1b) receptor,Ki,nM,,216.33,2.57
CHEMBL1910792,120.0,COc1ccc(NC(=O)c2ccc3c(c2)N(C)C(=O)CN3c2ccc(Cl)c(Cl)c2)cc1N1CCN(C)CC1,Scientific Literature,Displacement of [3H]carboxytryptamine from recombinant human 5-HT1B receptor expressed in HEK cells by scintillation counting,B,Homo sapiens,,Bioorg Med Chem Lett,2011,Serotonin 1b (5-HT1b) receptor,Ki,nM,6.92,554.48,5.12
CHEMBL108645,8.4,COc1ccc(N2CCN(C(=O)Nc3ccc(OC)c(N4CCN(C)CC4)c3)CC2)cc1.O=C(O)/C=C/C(=O)O,Scientific Literature,Affinity for 5-hydroxytryptamine 1B receptor subtype,B,Homo sapiens,,Bioorg Med Chem Lett,1997,Serotonin 1b (5-HT1b) receptor,Ki,nM,8.08,555.63,2.81
CHEMBL246598,3.981,CCN1C(=O)COc2ccc(CC3CCN(CCOc4cccc5nc(C)ccc45)CC3)cc21,Scientific Literature,Displacement of [3H]5-HT from human recombinant 5HT1B receptor expressed in CHO cells,B,Homo sapiens,,Bioorg Med Chem Lett,2007,Serotonin 1b (5-HT1b) receptor,Ki,nM,8.4,459.59,4.62
CHEMBL234448,91.0,C[C@@H]1CN(c2cccc3cc(F)ccc23)CCN1CC[C@H]1OCCc2cc(C(N)=O)ccc21,Scientific Literature,Displacement of [3H]GR-125743 from human 5HT1B expressed in LM(tk-) cells,B,Homo sapiens,,Bioorg Med Chem Lett,2007,Serotonin 1b (5-HT1b) receptor,Ki,nM,7.04,447.55,4.29
CHEMBL183704,10240.0,Cc1cc([N+](=O)[O-])cc(C)c1NC1=NCCN1,Scientific Literature,Binding affinity towards human 5-hydroxytryptamine 1B receptor,B,Homo sapiens,,Bioorg Med Chem Lett,2004,Serotonin 1b (5-HT1b) receptor,Ki,nM,4.99,234.26,1.58
CHEMBL1241738,0.7943,Cc1ccc2c(N3CCN(CCc4cccc5c4OCc4nnc(C)n4-5)CC3)cccc2n1,Scientific Literature,Antagonist activity against human recombinant 5HT1B receptor expressed in CHO cells assessed as inhibition of 5HT-induced [35S]GTPgammaS binding by scintillation proximity assay,F,Homo sapiens,,J Med Chem,2010,Serotonin 1b (5-HT1b) receptor,Ki,nM,9.1,440.55,3.69
CHEMBL1241547,1.585,Cc1cn2c(n1)COc1c(CCN3CCN(c4cccc5nc(C)ccc45)CC3)cccc1-2,Scientific Literature,Antagonist activity against human recombinant 5HT1B receptor expressed in CHO cells assessed as inhibition of 5HT-induced [35S]GTPgammaS binding by scintillation proximity assay,F,Homo sapiens,,J Med Chem,2010,Serotonin 1b (5-HT1b) receptor,Ki,nM,8.8,439.56,4.29
CHEMBL467094,100.0,COc1cc2c3c(c1OC)-c1cc4c(cc1CC3N(C)CC2)OCO4,Scientific Literature,Displacement of [3H]GR127543 from human 5HT1B receptor,B,Homo sapiens,,Bioorg Med Chem Lett,2010,Serotonin 1b (5-HT1b) receptor,Ki,nM,7.0,339.39,3.18
CHEMBL196169,18.1,COc1ccc(NC(=O)N2CCN(c3ccccc3F)CC2)cc1N1CCN(C)CC1,Scientific Literature,In vitro binding affinity towards cloned human 5-HT1B receptor using [3H]5-carboximidotryptamine as radioligand,B,Homo sapiens,,Bioorg Med Chem Lett,2005,Serotonin 1b (5-HT1b) receptor,Ki,nM,7.74,427.52,2.94
CHEMBL371655,31.62,CCCN1[C@H](C)CN(c2cc3c(cc2OC)CCN3C(=O)c2ccc(-c3cccc(C)n3)c3ccccc23)C[C@@H]1C,Scientific Literature,Binding affinity against cloned human 5-hydroxytryptamine 1B receptor,B,Homo sapiens,,Bioorg Med Chem Lett,2005,Serotonin 1b (5-HT1b) receptor,Ki,nM,7.5,548.73,6.73
CHEMBL490211,0.7943,O=C1COc2ccc(CCN3CCN(c4nccc5ccccc45)CC3)cc2N1,Scientific Literature,Displacement of [3H]5HT from human 5HT1B receptor expressed in CHO cells,B,Homo sapiens,,Bioorg Med Chem Lett,2008,Serotonin 1b (5-HT1b) receptor,Ki,nM,9.1,388.47,2.93
CHEMBL453939,1000.0,NC(=O)C(CN1CCC(c2c[nH]c3ccc(NC(=O)c4ccc(F)cc4)cc23)CC1)N1CCC(c2c[nH]c3ccc(NC(=O)c4ccc(F)cc4)cc23)CC1,Scientific Literature,Displacement of [3H]5-hydroxytryptamine from human cloned 5HT1B receptor expressed in CHOK1 cells by liquid scintillation counting,B,Homo sapiens,,J Med Chem,2008,Serotonin 1b (5-HT1b) receptor,Ki,nM,,743.86,7.34
CHEMBL500284,0.58,CN1CCC(c2c[nH]c3ccc(NC(=O)CCCCCCCCCCCCCC(=O)Nc4ccc5[nH]cc(C6CCN(C)CC6)c5c4)cc23)CC1,Scientific Literature,Displacement of [3H]5-hydroxytryptamine from human cloned 5HT1B receptor expressed in CHOK1 cells by liquid scintillation counting,B,Homo sapiens,,J Med Chem,2008,Serotonin 1b (5-HT1b) receptor,Ki,nM,9.24,695.01,9.92
CHEMBL444404,0.76,CN1CCC(c2c[nH]c3ccc(NC(=O)CCCC(=O)Nc4ccc5[nH]cc(C6CCN(C)CC6)c5c4)cc23)CC1,Scientific Literature,Displacement of [3H]5-hydroxytryptamine from human cloned 5HT1B receptor expressed in CHOK1 cells by liquid scintillation counting,B,Homo sapiens,,J Med Chem,2008,Serotonin 1b (5-HT1b) receptor,Ki,nM,9.12,554.74,6.02
CHEMBL494631,251.19,Cc1ccc2c(OCCN3CCN(Cc4ccccc4)CC3)cccc2n1,Scientific Literature,Displacement of [3H]5HT from human recombinant 5HT1B receptor,B,Homo sapiens,,J Med Chem,2008,Serotonin 1b (5-HT1b) receptor,Ki,nM,6.6,361.49,3.74
CHEMBL525362,25.12,CCNC(=O)Nc1cccc(CC2CCN(CCOc3cccc4nc(C)ccc34)CC2)c1,Scientific Literature,Displacement of [3H]5HT from human recombinant 5HT1B receptor,B,Homo sapiens,,J Med Chem,2008,Serotonin 1b (5-HT1b) receptor,Ki,nM,7.6,446.6,5.02
CHEMBL71319,618.0,CCCN(CCC)C1CCc2cc(F)c3c(c(C=O)cn3C)c2C1,Scientific Literature,"Binding affinity against 5-hydroxytryptamine 1D receptor beta expressed in CHO-K1 cells, using [3H]5-HT as the radioligand.",B,,,J Med Chem,1995,Serotonin 1b (5-HT1b) receptor,Ki,nM,6.21,330.45,4.11
CHEMBL71676,2024.0,CCCN(CCC)C1CCc2c(ccc(F)c2N)C1,Scientific Literature,"Binding affinity against 5-hydroxytryptamine 1D receptor beta expressed in CHO-K1 cells, using [3H]5-HT as the radioligand.",B,,,J Med Chem,1995,Serotonin 1b (5-HT1b) receptor,Ki,nM,5.69,264.39,3.39
CHEMBL318735,11.0,Cn1ccnc1-c1ccc2c(c1)c(C1CCN(CCN3CCNC3=O)CC1)cn2-c1ccc(F)cc1,Scientific Literature,Ability to displace [3H]5-CT (1.5 nM) from HeLa cells of human 5-hydroxytryptamine 1B receptor,B,,,J Med Chem,2003,Serotonin 1b (5-HT1b) receptor,Ki,nM,7.96,486.6,4.37
CHEMBL379238,5000.0,CC(C)(CCCN1CCCC(c2cnco2)C1)S(=O)(=O)c1ccccc1,Scientific Literature,Displacement of [3H]5-HT from the cloned human 5-HT1B receptor expressed in CHO cells,B,Homo sapiens,,Bioorg Med Chem Lett,2006,Serotonin 1b (5-HT1b) receptor,Ki,nM,,376.52,3.89
CHEMBL372453,1.82,COc1ccc(NC(=O)N2CCN(c3ccc(Cl)cc3)CC2)cc1N1CCN(C)CC1,Scientific Literature,In vitro binding affinity towards cloned human 5-HT1B receptor using [3H]5-carboximidotryptamine as radioligand,B,Homo sapiens,,Bioorg Med Chem Lett,2005,Serotonin 1b (5-HT1b) receptor,Ki,nM,8.74,443.98,3.45
CHEMBL2031737,10000.0,C[C@@H]1CCCN1CCc1cc2cc(C(=O)c3ccc([N+](=O)[O-])cc3)ccc2o1,Scientific Literature,Binding affinity to human recombinant 5HT1B receptor,B,Homo sapiens,,J Med Chem,2012,Serotonin 1b (5-HT1b) receptor,Ki,nM,,378.43,4.6
CHEMBL1651093,10000.0,C[C@@H]1SC(c2ccccc2O)=N[C@H]1[C@@H]1SC[C@](C)(C(=O)O)N1C,Scientific Literature,Displacement of [3H]-LSD from human 5-HT1B receptor expressed in baculovirus infected Sf9 cells,B,Homo sapiens,,J Nat Prod,2017,Serotonin 1b (5-HT1b) receptor,Ki,nM,,352.48,2.49
CHEMBL173162,107.0,C1=CCN(CCc2c[nH]c3ccc(-c4cccs4)cc23)C1,Scientific Literature,Binding affinity for human 5-hydroxytryptamine 1B receptor,B,Homo sapiens,,Bioorg Med Chem Lett,2000,Serotonin 1b (5-HT1b) receptor,Ki,nM,6.97,294.42,4.31
CHEMBL3104093,1218.0,CN1CCc2c(c3cccc4c3n2CCc2ccccc2-4)C1,Scientific Literature,Displacement of [3H]5-CT from 5-HT1B receptor (unknown origin),B,Homo sapiens,,Bioorg Med Chem Lett,2014,Serotonin 1b (5-HT1b) receptor,Ki,nM,5.91,288.39,3.85
CHEMBL604102,6040.0,N[C@@H]1CCN(c2ccc3[nH]nc(S(=O)(=O)c4cccc5ccccc45)c3c2)C1,Scientific Literature,Binding affinity to 5HT1B receptor,B,,,J Med Chem,2010,Serotonin 1b (5-HT1b) receptor,Ki,nM,5.22,392.48,3.09
CHEMBL1277104,5000.0,CN1CCN(c2ccc3[nH]nc(S(=O)(=O)c4cccc5ccccc45)c3c2)CC1,Scientific Literature,Displacement of [3H]LSD from human cloned 5HT1B receptor expressed in human HeLa cells,B,Homo sapiens,,J Med Chem,2010,Serotonin 1b (5-HT1b) receptor,Ki,nM,,406.51,3.3
CHEMBL4868035,10000.0,c1ccc(-c2n[nH]cc2N2CCCNCC2)cc1,Scientific Literature,Binding affinity to 5HT1B receptor (unknown origin),B,Homo sapiens,,J Med Chem,2021,Serotonin 1b (5-HT1b) receptor,Ki,nM,,242.33,1.88
CHEMBL4874854,10000.0,Fc1ccccc1-c1n[nH]cc1N1CCNCC1,Scientific Literature,Binding affinity to 5HT1B receptor (unknown origin),B,Homo sapiens,,J Med Chem,2021,Serotonin 1b (5-HT1b) receptor,Ki,nM,,246.29,1.63
CHEMBL4852622,1378.0,Cc1ccc(-c2n[nH]cc2N2CCNCC2)cc1,Scientific Literature,Binding affinity to 5HT1B receptor (unknown origin),B,Homo sapiens,,J Med Chem,2021,Serotonin 1b (5-HT1b) receptor,Ki,nM,5.86,242.33,1.79
CHEMBL162049,32.0,Cc1ccc(C(=S)NN2CC=C(c3ccc4[nH]cc(CCN5CCCC5)c4c3)CC2)cc1,Scientific Literature,Binding affinity was evaluated at the cloned human 5-hydroxytryptamine 1B receptor,B,,,Bioorg Med Chem Lett,2004,Serotonin 1b (5-HT1b) receptor,Ki,nM,7.5,444.65,5.08
CHEMBL361061,440.0,CN1CCC(N2CCc3ccc(NC(=O)c4ccc(F)cc4)cc32)CC1,Scientific Literature,In vitro binding affinity for human 5-hydroxytryptamine 1B receptor,B,Homo sapiens,,Bioorg Med Chem Lett,2004,Serotonin 1b (5-HT1b) receptor,Ki,nM,6.36,353.44,3.53
CHEMBL282229,0.5012,COc1cc2c(cc1OCCN(C)C)N(C(=O)c1ccc(-c3ccc(-c4noc(C)n4)cc3C)cc1)CC2,Scientific Literature,Binding affinity for human 5-hydroxytryptamine 1B receptor,B,Homo sapiens,,J Med Chem,1998,Serotonin 1b (5-HT1b) receptor,Ki,nM,9.3,512.61,5.17
CHEMBL105958,330.0,CN1CCC(c2c[nH]c3ccc(NC(=O)c4ccncc4)nc23)CC1,Scientific Literature,In vitro binding affinity by radioligand binding assay using cell line expressing human 5-hydroxytryptamine 1B receptor,B,,,J Med Chem,2003,Serotonin 1b (5-HT1b) receptor,Ki,nM,6.48,335.41,3.02
CHEMBL174141,113.0,OC[C@@H]1CCCN1CCc1c[nH]c2ccc(-c3cccs3)cc12,Scientific Literature,Binding affinity for human 5-hydroxytryptamine 1B receptor,B,Homo sapiens,,Bioorg Med Chem Lett,2000,Serotonin 1b (5-HT1b) receptor,Ki,nM,6.95,326.47,3.9
CHEMBL342323,0.38,NCCc1c[nH]c2ccc(OCCCCCCNS(=O)(=O)c3ccc(-c4ccc(S(=O)(=O)NCCCCCCOc5ccc6[nH]cc(CCN)c6c5)cc4)cc3)cc12,Scientific Literature,Ability to inhibit the forskolin-stimulated c-AMP formation mediated by human 5-hydroxytryptamine 1B receptor in CHO-K1 cells,F,,,J Med Chem,1996,Serotonin 1b (5-HT1b) receptor,Ki,nM,9.42,829.1,7.15
CHEMBL420748,243.0,CCCN(CCCOc1cccc(Cl)c1)C1CCc2ccc3[nH]ccc3c2C1,Scientific Literature,"In vitro binding affinity against cloned mammalian 5-hydroxytryptamine 1D receptor beta expressed in CHO cells, by using [3H]5-HT as radioligand",B,,,J Med Chem,1995,Serotonin 1b (5-HT1b) receptor,Ki,nM,6.61,396.96,5.86
CHEMBL79853,155.0,NC(=O)c1ccc2c(c1)CCOC2CCN1CC=C(c2noc3cc(F)ccc23)CC1,Scientific Literature,Binding affinity towards human 5-hydroxytryptamine 1B receptor in L-M(tk-) cells using [3H]GR-125743 as radioligand,B,,,Bioorg Med Chem Lett,2004,Serotonin 1b (5-HT1b) receptor,Ki,nM,6.81,421.47,3.86
CHEMBL311787,1000.0,C[C@H]1CC(c2c[nH]c3cc(F)ccc23)CCN1CCC1OCCc2cc(C(N)=O)ccc21,Scientific Literature,Binding affinity towards human 5-hydroxytryptamine 1B receptor in L-M(tk-) cells using [3H]GR-125743 as radioligand,B,,,Bioorg Med Chem Lett,2004,Serotonin 1b (5-HT1b) receptor,Ki,nM,,435.54,4.68
CHEMBL143510,171.0,CCN(CC)CCc1c[nH]c2ccc(OS(=O)(=O)C(F)(F)F)cc12,Scientific Literature,Compound was tested for binding affinity against cloned human 5-hydroxytryptamine 1D receptor alpha expressed in CHO-K1 cells.,B,,,J Med Chem,1996,Serotonin 1b (5-HT1b) receptor,Ki,nM,6.77,364.39,3.28
CHEMBL3104092,715.0,CN1CCc2c(c3cccc4c3n2Cc2ccccc2C4)C1,Scientific Literature,Displacement of [3H]5-CT from 5-HT1B receptor (unknown origin),B,Homo sapiens,,Bioorg Med Chem Lett,2014,Serotonin 1b (5-HT1b) receptor,Ki,nM,6.15,288.39,3.58
CHEMBL469568,5.012,Cc1ccc2c(N3CCN(CCc4cccc5c4OCC(=O)N5C4CC4)CC3)cccc2n1,Scientific Literature,Antagonist activity at human 5HT1B assessed as GTPgammaS binding by scintillation proximity assay in presence of 5-HT,F,Homo sapiens,,Bioorg Med Chem Lett,2009,Serotonin 1b (5-HT1b) receptor,Ki,nM,8.3,442.56,3.8
CHEMBL469374,2.512,Cc1ccc2c(N3CCN(CCc4cccc5c4OCC(=O)N5C)CC3)cc(F)cc2n1,Scientific Literature,Antagonist activity at human 5HT1B assessed as GTPgammaS binding by scintillation proximity assay in presence of 5-HT,F,Homo sapiens,,Bioorg Med Chem Lett,2009,Serotonin 1b (5-HT1b) receptor,Ki,nM,8.6,434.52,3.4
CHEMBL306197,40.0,CCCN(CCCc1ccccc1OC)C1CCc2ccc3[nH]ccc3c2C1,Scientific Literature,"In vitro binding affinity against cloned mammalian 5-hydroxytryptamine 1D receptor beta expressed in CHO cells, by using [3H]5-HT as radioligand",B,,,J Med Chem,1995,Serotonin 1b (5-HT1b) receptor,Ki,nM,7.4,376.54,5.38
CHEMBL461670,3.981,Cc1ccc2c(OCCN3CCC(Cc4cccc(N5C[C@@H](C)N[C@@H](C)C5)c4)CC3)cccc2n1,Scientific Literature,Displacement of [3H]5HT from human 5HT1B receptor expressed in CHO cells,B,Homo sapiens,,Bioorg Med Chem Lett,2009,Serotonin 1b (5-HT1b) receptor,Ki,nM,8.4,472.68,5.06
CHEMBL514429,7.943,Cc1ccc2c(OCCN3CCC(Cc4cccc(N5CCCN(C)CC5)c4)CC3)cccc2n1,Scientific Literature,Displacement of [3H]5HT from human 5HT1B receptor expressed in CHO cells,B,Homo sapiens,,Bioorg Med Chem Lett,2009,Serotonin 1b (5-HT1b) receptor,Ki,nM,8.1,472.68,5.02
CHEMBL459068,158.49,CC(=O)N1CCC(c2cccc(CC3CCN(CCOc4cccc5nc(C)ccc45)CC3)c2)CC1,Scientific Literature,Displacement of [3H]5HT from human 5HT1B receptor expressed in CHO cells,B,Homo sapiens,,Bioorg Med Chem Lett,2009,Serotonin 1b (5-HT1b) receptor,Ki,nM,6.8,485.67,5.6
CHEMBL456460,39.81,Cc1ccc2c(OCCN3CCC(Cc4cccc(-c5ccoc5)c4)CC3)cccc2n1,Scientific Literature,Displacement of [3H]5HT from human 5HT1B receptor expressed in CHO cells,B,Homo sapiens,,Bioorg Med Chem Lett,2009,Serotonin 1b (5-HT1b) receptor,Ki,nM,7.4,426.56,6.14
CHEMBL118360,16.2,COc1ccc(C(=O)Nc2ccc(-c3ccncc3)cc2)cc1C#CCN(C)C,Scientific Literature,Binding affinity for 5-hydroxytryptamine 1B receptor in C6-glial transfected cell type using [3H]5-CT as radioligand,B,,,J Med Chem,1997,Serotonin 1b (5-HT1b) receptor,Ki,nM,7.79,385.47,3.92
CHEMBL309021,15.4,COc1ccc(C(=O)Nc2ccc(-c3ccncc3)cc2)cc1CCCN(C)C,Scientific Literature,Binding affinity for 5-hydroxytryptamine 1B receptor in C6-glial transfected cell type using [3H]GR-125743 as radioligand,B,,,J Med Chem,1997,Serotonin 1b (5-HT1b) receptor,Ki,nM,7.81,389.5,4.5
CHEMBL501645,32.0,O=C(Nc1ccc2[nH]cc(C3CCN(CCOCCOCCOCCN4CCC(c5c[nH]c6ccc(NC(=O)c7ccc(F)cc7)cc56)CC4)CC3)c2c1)c1ccc(F)cc1,Scientific Literature,Displacement of [3H]5-hydroxytryptamine from human cloned 5HT1B receptor expressed in CHOK1 cells by liquid scintillation counting,B,Homo sapiens,,J Med Chem,2008,Serotonin 1b (5-HT1b) receptor,Ki,nM,7.5,832.99,8.54
CHEMBL488125,1000.0,O=C(Nc1ccc2[nH]cc(C3CCN(CCN4CCCCC4)CC3)c2c1)c1ccc(F)cc1,Scientific Literature,Displacement of [3H]5-hydroxytryptamine from human cloned 5HT1B receptor expressed in CHOK1 cells by liquid scintillation counting,B,Homo sapiens,,J Med Chem,2008,Serotonin 1b (5-HT1b) receptor,Ki,nM,,448.59,5.22
CHEMBL79561,1000.0,NC(=O)c1ccc2c(c1)CCOC2CCN1CC=C(c2c[nH]c3ccc(F)cc23)CC1,Scientific Literature,Binding affinity towards human 5-hydroxytryptamine 1B receptor in L-M(tk-) cells using [3H]GR-125743 as radioligand,B,,,Bioorg Med Chem Lett,2004,Serotonin 1b (5-HT1b) receptor,Ki,nM,,419.5,4.2
CHEMBL248457,100.0,Cc1ccc2c(OCCN3CCN(Cc4ccc5c(c4)NC(=O)CO5)CC3)cccc2n1,Scientific Literature,Displacement of [3H]5-HT from human recombinant 5HT1B receptor expressed in CHO cells,B,Homo sapiens,,Bioorg Med Chem Lett,2007,Serotonin 1b (5-HT1b) receptor,Ki,nM,7.0,432.52,3.07
CHEMBL246597,6.31,Cc1ccc2c(OCCN3CCC(Cc4ccc5c(c4)N(C)C(=O)CO5)CC3)cccc2n1,Scientific Literature,Displacement of [3H]5-HT from human recombinant 5HT1B receptor expressed in CHO cells,B,Homo sapiens,,Bioorg Med Chem Lett,2007,Serotonin 1b (5-HT1b) receptor,Ki,nM,8.2,445.56,4.23
CHEMBL247428,0.1995,Cc1ccc2c(OCCN3CCN(Cc4cc(F)c5c(c4)N(C)C(=O)CO5)CC3)cccc2n1,Scientific Literature,Displacement of [3H]5-HT from human recombinant 5HT1B receptor expressed in CHO cells,B,Homo sapiens,,Bioorg Med Chem Lett,2007,Serotonin 1b (5-HT1b) receptor,Ki,nM,9.7,464.54,3.23
CHEMBL305976,483.0,CCCNC1CCc2ccc3[nH]ccc3c2C1,Scientific Literature,"In vitro binding affinity against cloned mammalian 5-hydroxytryptamine 1D receptor beta expressed in CHO cells, by using [3H]5-HT as radioligand",B,,,J Med Chem,1995,Serotonin 1b (5-HT1b) receptor,Ki,nM,6.32,228.34,3.02
CHEMBL193268,316.23,COc1ccc(CN2CCN(CCOc3cccc4nc(C)ccc34)CC2)cc1[N+](=O)[O-],Scientific Literature,Displacement of [3H]5-HT from human 5-hydroxytryptamine 1B receptor expressed in CHO cells,B,Homo sapiens,,J Med Chem,2005,Serotonin 1b (5-HT1b) receptor,Ki,nM,6.5,436.51,3.66
CHEMBL282829,10000.0,CCc1ccc(N2CCN(Cc3c[nH]c4ncccc34)CC2)cc1,Scientific Literature,Binding affinity to cloned human 5-hydroxytryptamine 1B receptor,B,Homo sapiens,,Bioorg Med Chem Lett,2001,Serotonin 1b (5-HT1b) receptor,Ki,nM,,320.44,3.45
CHEMBL3936289,10000.0,CN1CC[C@H]2CC(=O)[C@H](Cc3ccccc3)[C@H]3CCC[C@@H]1[C@H]23,Scientific Literature,Displacement of [3H]5-CT from human 5-HT1B receptor expressed in HEK cells measured after 90 mins by microbeta scintillation counting method,B,Homo sapiens,,Bioorg Med Chem Lett,2016,Serotonin 1b (5-HT1b) receptor,Ki,nM,,297.44,3.55
CHEMBL490417,251.19,Cc1ccc2c(N3CCN(CCc4ccc5c(c4)NC(=O)CO5)CC3)cccc2n1,Scientific Literature,Antagonist activity at human 5HT1B assessed as GTPgammaS binding by scintillation proximity assay in presence of 5-HT,F,Homo sapiens,,Bioorg Med Chem Lett,2009,Serotonin 1b (5-HT1b) receptor,Ki,nM,6.6,402.5,3.24
CHEMBL522257,1.995,Cc1ccc2c(N3CCN(CCc4ccc5c(c4)N(C)C(=O)CO5)CC3)cccc2n1,Scientific Literature,Antagonist activity at human 5HT1B assessed as GTPgammaS binding by scintillation proximity assay in presence of 5-HT,F,Homo sapiens,,Bioorg Med Chem Lett,2009,Serotonin 1b (5-HT1b) receptor,Ki,nM,8.7,416.53,3.26
CHEMBL97211,1258.93,Cc1cc(N2CCNCC2)c2cc(NS(=O)(=O)c3sc4ccc(Cl)cc4c3C)ccc2n1,Scientific Literature,Binding affinity to human cloned 5-hydroxytryptamine 1B receptor in CHO cells using [3H]5-HT as radioligand,B,Homo sapiens,,Bioorg Med Chem Lett,2001,Serotonin 1b (5-HT1b) receptor,Ki,nM,5.9,487.05,4.93
CHEMBL498355,50.12,Cc1ccc2c(OCCN3CCC(Cc4cccc(NC(=O)C(C)C)c4)CC3)cccc2n1,Scientific Literature,Displacement of [3H]5HT from human recombinant 5HT1B receptor,B,Homo sapiens,,J Med Chem,2008,Serotonin 1b (5-HT1b) receptor,Ki,nM,7.3,445.61,5.47
CHEMBL498354,15.85,CCC(=O)Nc1cccc(CC2CCN(CCOc3cccc4nc(C)ccc34)CC2)c1,Scientific Literature,Displacement of [3H]5HT from human recombinant 5HT1B receptor,B,Homo sapiens,,J Med Chem,2008,Serotonin 1b (5-HT1b) receptor,Ki,nM,7.8,431.58,5.23
CHEMBL70980,228.0,c1ccc(CCCNCC2CCc3ccc4[nH]ccc4c3C2)cc1,Scientific Literature,"In vitro binding affinity against cloned mammalian 5-hydroxytryptamine 1D receptor beta expressed in CHO cells, by using [3H]5-HT as radioligand",B,,,J Med Chem,1995,Serotonin 1b (5-HT1b) receptor,Ki,nM,6.64,318.46,4.5
CHEMBL423127,115.0,CCCN(CCCCN1C(=O)CC(C)(C)CC1=O)C1CCc2ccc3[nH]cc(C=O)c3c2C1,Scientific Literature,"In vitro binding affinity against cloned mammalian 5-hydroxytryptamine 1D receptor beta expressed in CHO cells, by using [3H]5-HT as radioligand",B,,,J Med Chem,1995,Serotonin 1b (5-HT1b) receptor,Ki,nM,6.94,451.61,4.51
CHEMBL109526,4.6,CCCOc1ccc2[nH]cc(CCN)c2c1,Scientific Literature,Displacement of [3H]-5-HT from human 5-hydroxytryptamine 1D receptor beta,B,,,J Med Chem,1996,Serotonin 1b (5-HT1b) receptor,Ki,nM,8.34,218.3,2.46
CHEMBL321394,1000.0,CCCCCCCCCCc1ccc2[nH]c3c(c2c1)CC(N)CC3,Scientific Literature,Binding affinity towards cloned human 5-hydroxytryptamine 1D receptor was determined using [3H]8-OH-DPAT as radioligand,B,,,J Med Chem,1996,Serotonin 1b (5-HT1b) receptor,Ki,nM,,326.53,5.67
CHEMBL309872,1000.0,NC(=O)c1ccc2c(c1)CCOC2CCN1CC=C(c2c[nH]c3cc(Cl)ccc23)CC1,Scientific Literature,Binding affinity towards human 5-hydroxytryptamine 1B receptor in L-M(tk-) cells using [3H]GR-125743 as radioligand,B,,,Bioorg Med Chem Lett,2004,Serotonin 1b (5-HT1b) receptor,Ki,nM,,435.96,4.71
CHEMBL136311,5960.0,CNCCOc1ccccc1,Scientific Literature,Agonist activity to the human recombinant 5-hydroxytryptamine 1B receptor,F,,,J Med Chem,1997,Serotonin 1b (5-HT1b) receptor,Ki,nM,5.22,151.21,1.28
CHEMBL79693,73.0,NC(=O)c1ccc2c(c1)CCOC2CCN1CCC(c2cccc3ccccc23)CC1,Scientific Literature,Binding affinity towards human 5-hydroxytryptamine 1B receptor in L-M(tk-) cells using [3H]GR-125743 as radioligand,B,,,Bioorg Med Chem Lett,2004,Serotonin 1b (5-HT1b) receptor,Ki,nM,7.14,414.55,4.82
CHEMBL113893,3.8,CN1CCC[C@@H]1Cc1c[nH]c2ccc(C3=CCN(C(=O)Nc4cccc5ccccc45)CC3)cc12,Scientific Literature,Binding affinity towards cloned human 5-hydroxytryptamine 1B receptor,B,,,Bioorg Med Chem Lett,2003,Serotonin 1b (5-HT1b) receptor,Ki,nM,8.42,464.61,6.28
CHEMBL114780,3.8,CN1CCC[C@@H]1Cc1c[nH]c2ccc(C3=CCN(C(=O)Nc4ccc(Cl)cc4)CC3)cc12,Scientific Literature,Binding affinity towards cloned human 5-hydroxytryptamine 1B receptor,B,,,Bioorg Med Chem Lett,2003,Serotonin 1b (5-HT1b) receptor,Ki,nM,8.42,449.0,5.78
CHEMBL21724,1.585,Cc1nc(-c2ccc(-c3ccc(C(=O)Nc4cc5c(c(OCCN(C)C)c4)OCC5)cc3)c(C)c2)no1,Scientific Literature,Binding affinity for human 5-hydroxytryptamine 1B receptor,B,Homo sapiens,,J Med Chem,1998,Serotonin 1b (5-HT1b) receptor,Ki,nM,8.8,498.58,5.15
CHEMBL20771,12.59,Cc1cc(C(=O)Nc2ccc(C)c(N3CCN(C)CC3)c2)ccc1Br,Scientific Literature,Binding affinity for human 5-hydroxytryptamine 1B receptor,B,Homo sapiens,,J Med Chem,1998,Serotonin 1b (5-HT1b) receptor,Ki,nM,7.9,402.34,4.07
CHEMBL115663,1.5,CN1CCC[C@@H]1Cc1c[nH]c2ccc(C3=CCN(/C(S)=N/c4ccc(Cl)cc4)CC3)cc12,Scientific Literature,Binding affinity towards cloned human 5-hydroxytryptamine 1B receptor,B,,,Bioorg Med Chem Lett,2003,Serotonin 1b (5-HT1b) receptor,Ki,nM,8.82,465.07,6.16
CHEMBL387545,51.0,COc1cc(N2CCN(C)CC2)c2nc(C(=O)Nc3ccc(N4CCOCC4)cc3)cc(N(C)C)c2c1,Scientific Literature,Displacement of [3H]GR125743 from 5HT1B receptor transfected in CHO cells,B,Homo sapiens,,Bioorg Med Chem,2007,Serotonin 1b (5-HT1b) receptor,Ki,nM,7.29,504.64,3.15
CHEMBL332484,11.0,CN1CCC[C@@H]1Cc1c[nH]c2ccc(C3=CCN(C(=O)NC45C[C@H]6C[C@@H](C4)C[C@@H](C5)C6)CC3)cc12,Scientific Literature,Binding affinity towards cloned human 5-hydroxytryptamine 1B receptor,B,,,Bioorg Med Chem Lett,2003,Serotonin 1b (5-HT1b) receptor,Ki,nM,7.96,472.68,5.57
CHEMBL187928,630.96,O=C(/C=C/c1ccccc1)N(Cc1ccc(-c2ccc(CNCCc3ccccc3)cc2)cc1)Cc1cccnc1.O=C(O)C(F)(F)F,Scientific Literature,Binding affinity towards human 5-hydroxytryptamine receptor 1B expressed in CHO cells using the radioligand [3H]5-HT,B,Homo sapiens,,Bioorg Med Chem Lett,2005,Serotonin 1b (5-HT1b) receptor,Ki,nM,6.2,651.73,7.32
CHEMBL29433,630.96,COc1ccc(NS(=O)(=O)c2sc3ccc(Cl)cc3c2C)cc1N1CCN2CCC[C@H]2C1,Scientific Literature,"The compound was tested for the binding affinity towards human cloned 5-hydroxytryptamine 1B receptor in CHO cells, using [3H]5-HT as radioligand",B,,,Bioorg Med Chem Lett,2002,Serotonin 1b (5-HT1b) receptor,Ki,nM,6.2,492.07,4.96
CHEMBL138136,255.0,CN(C)CCCOc1cccc2ccccc12,Scientific Literature,Agonist activity to the human recombinant 5-hydroxytryptamine 1B receptor,F,,,J Med Chem,1997,Serotonin 1b (5-HT1b) receptor,Ki,nM,6.59,229.32,3.17
CHEMBL73190,10000.0,CCCc1ccc(CC2=NCCN2)cc1,Scientific Literature,Binding affinity towards human 5-hydroxytryptamine 1B receptor using [3H]5-HT trifluoroacetate as radioligand,B,,,J Med Chem,1998,Serotonin 1b (5-HT1b) receptor,Ki,nM,,202.3,2.18
CHEMBL2113348,10000.0,Cl.N#Cc1ccc2c(c1)CCN(CC[C@H]1CC[C@H](NC(=O)c3ccc4ccccc4c3)CC1)C2,Scientific Literature,Binding activity against human 5-hydroxytryptamine 1B receptor,B,Homo sapiens,,J Med Chem,2000,Serotonin 1b (5-HT1b) receptor,Ki,nM,,474.05,5.45
CHEMBL317333,200.0,N#CCCN1CCC(c2cn(-c3ccc(F)cc3)c3ccc(-c4ncccn4)cc23)CC1,Scientific Literature,Ability to displace [3H]5-CT (1.5 nM) from HeLa cells of human 5-hydroxytryptamine 1B receptor,B,,,J Med Chem,2003,Serotonin 1b (5-HT1b) receptor,Ki,nM,6.7,425.51,5.32
CHEMBL72158,10000.0,Cc1cc(C(C)(C)C)cc(C)c1CCN,Scientific Literature,Binding affinity towards human 5-hydroxytryptamine 1B receptor using [3H]5-HT trifluoroacetate as radioligand,B,,,J Med Chem,1998,Serotonin 1b (5-HT1b) receptor,Ki,nM,,205.34,3.1
CHEMBL96467,500.0,C[C@@H]1OC(=O)N(C(=O)NCCCN2CCC(c3ccc(F)cc3)CC2)[C@H]1c1ccc(F)c(F)c1,Scientific Literature,Binding affinity towards 5-hydroxytryptamine 1B receptor using [3H]5-HT as radioligand.,B,,,J Med Chem,2000,Serotonin 1b (5-HT1b) receptor,Ki,nM,,475.51,4.97
CHEMBL6310,10000.0,COc1ccc2c3c([nH]c2c1)CNCC3,Scientific Literature,Binding affinity towards 5-hydroxytryptamine 1B receptor,B,,,Bioorg Med Chem Lett,2003,Serotonin 1b (5-HT1b) receptor,Ki,nM,,202.26,1.82
CHEMBL273921,3981.07,O=C1c2ccccc2CCCN1CCN1CCC(n2c(O)nc3cc(F)ccc32)CC1,Scientific Literature,Binding affinity towards cloned human 5-hydroxytryptamine 1B receptor was determined,B,,,Bioorg Med Chem Lett,2003,Serotonin 1b (5-HT1b) receptor,Ki,nM,,422.5,3.61
CHEMBL162011,410.0,O=S(=O)(c1cccc2ccccc12)N1CC=C(c2ccc3[nH]cc(CCN4CCCC4)c3c2)CC1,Scientific Literature,Binding affinity was evaluated at the cloned human 5-hydroxytryptamine 1B receptor,B,,,Bioorg Med Chem Lett,2004,Serotonin 1b (5-HT1b) receptor,Ki,nM,6.39,485.65,5.44
CHEMBL103479,1200.0,CN1CCC(c2c[nH]c3ccc(NC(=O)c4ccc(F)cc4)nc23)CC1,Scientific Literature,In vitro binding affinity by radioligand binding assay using cell line expressing human 5-hydroxytryptamine 1B receptor,B,,,J Med Chem,2003,Serotonin 1b (5-HT1b) receptor,Ki,nM,5.92,352.41,3.76
CHEMBL70988,10000.0,CN1CCN=C1Cc1ccccc1,Scientific Literature,Binding affinity towards human 5-hydroxytryptamine 1B receptor using [3H]5-HT trifluoroacetate as radioligand,B,,,J Med Chem,1998,Serotonin 1b (5-HT1b) receptor,Ki,nM,,174.25,1.57
CHEMBL139976,10000.0,CN(C)CCCNc1ccccc1,Scientific Literature,Agonist activity to the human recombinant 5-hydroxytryptamine 1B receptor,F,,,J Med Chem,1997,Serotonin 1b (5-HT1b) receptor,Ki,nM,,178.28,2.05
CHEMBL144397,0.3,NCCc1c[nH]c2ccc(OCC(=O)NCCCNC(=O)COc3ccc4[nH]cc(CCN)c4c3)cc12,Scientific Literature,Ability to inhibit the forskolin-stimulated c-AMP formation mediated by human 5-hydroxytryptamine 1B receptor in CHO-K1 cells,F,,,J Med Chem,1996,Serotonin 1b (5-HT1b) receptor,Ki,nM,9.52,506.61,1.73
CHEMBL357478,0.14,NCCc1c[nH]c2ccc(OCC(=O)Nc3ccc(N4CCN(C(=O)COc5ccc6[nH]cc(CCN)c6c5)CC4)cc3)cc12,Scientific Literature,Ability to inhibit the forskolin-stimulated c-AMP formation mediated by human 5-hydroxytryptamine 1B receptor in CHO-K1 cells,F,,,J Med Chem,1996,Serotonin 1b (5-HT1b) receptor,Ki,nM,9.85,609.73,3.4
CHEMBL1651095,10000.0,C[C@@H]1SC(c2ccccc2O)=N[C@@H]1CO,Scientific Literature,Displacement of [3H]-LSD from human 5-HT1B receptor expressed in baculovirus infected Sf9 cells,B,Homo sapiens,,J Nat Prod,2017,Serotonin 1b (5-HT1b) receptor,Ki,nM,,223.3,1.63
CHEMBL1651091,10000.0,NC(=O)c1csc(-c2ccccc2O)n1,Scientific Literature,Displacement of [3H]-LSD from human 5-HT1B receptor expressed in baculovirus infected Sf9 cells,B,Homo sapiens,,J Nat Prod,2017,Serotonin 1b (5-HT1b) receptor,Ki,nM,,220.25,1.61
CHEMBL84171,316.0,COc1ccc2[nH]cc(C3=CCN(CCC4OCCc5cc(C(N)=O)ccc54)CC3)c2c1,Scientific Literature,Binding affinity towards human 5-hydroxytryptamine 1B receptor in L-M(tk-) cells using [3H]GR-125743 as radioligand,B,,,Bioorg Med Chem Lett,2004,Serotonin 1b (5-HT1b) receptor,Ki,nM,6.5,431.54,4.07
CHEMBL1633,1753.07,CN1CCC(=C2c3ccccc3CC(=O)c3sccc32)CC1.O=C(O)/C=C/C(=O)O,EUbOPEN Chemogenomic Library,"PDSP Secondary Binding target: HTR1B - Compounds are tested at 10 uM concentration, plate are incubated at room temperature in the dark for 90 minutes. Reaction are stopped by vacuum filtration onto 0.3% polyethyleneimine soaked filter mats using Filtermate harvester. Scintillation cocktail is then melted onto microwave-dried filters on a hot plate and the radio activity is counted in Microbia counter. Compounds showing a minimum of 50% inhibition at 10 uM concentration are carried forward in this secondary binding assay to determine equilibrium binding affinity.",B,Homo sapiens,,,2024,Serotonin 1b (5-HT1b) receptor,Ki,nM,5.76,425.51,4.01
CHEMBL1632215,1.585,COc1cccc(C(=O)Nc2cccc(CCN3CCN(c4cccc5nc(C)ccc45)CC3)c2)c1,Scientific Literature,Displacement of [3H]5-HT from human recombinant 5-HT1B receptor expressed in CHO cells,B,Homo sapiens,,J Med Chem,2010,Serotonin 1b (5-HT1b) receptor,Ki,nM,8.8,480.61,5.17
CHEMBL1631548,1.995,CCCS(=O)(=O)Nc1cccc(CCN2CCN(c3cccc4nc(C)ccc34)CC2)c1,Scientific Literature,Displacement of [3H]5-HT from human recombinant 5-HT1B receptor expressed in CHO cells,B,Homo sapiens,,J Med Chem,2010,Serotonin 1b (5-HT1b) receptor,Ki,nM,8.7,452.62,4.06
CHEMBL1631537,3.162,Cc1ccc2c(N3CCN(CCc4cccc(NC(=O)Nc5ccc(F)cc5)c4)CC3)cccc2n1,Scientific Literature,Displacement of [3H]5-HT from human recombinant 5-HT1B receptor expressed in CHO cells,B,Homo sapiens,,J Med Chem,2010,Serotonin 1b (5-HT1b) receptor,Ki,nM,8.5,483.59,5.69
CHEMBL305837,11.0,CCCN(CCCc1ccccc1OC)C1CCc2ccc3[nH]cc(C=O)c3c2C1,Scientific Literature,"In vitro binding affinity against cloned mammalian 5-hydroxytryptamine 1D receptor beta expressed in CHO cells, by using [3H]5-HT as radioligand",B,,,J Med Chem,1995,Serotonin 1b (5-HT1b) receptor,Ki,nM,7.96,404.55,5.19
CHEMBL310744,310.0,NC(=O)c1ccc2c(c1)CCOC2CCN1CCN(c2c[nH]c3cc(F)ccc23)CC1,Scientific Literature,Binding affinity towards human 5-hydroxytryptamine 1B receptor in L-M(tk-) cells using [3H]GR-125743 as radioligand,B,,,Bioorg Med Chem Lett,2004,Serotonin 1b (5-HT1b) receptor,Ki,nM,6.51,422.5,3.23
CHEMBL5089005,1.183,COc1ccc(NC(=O)c2ccc(-c3ccc(-c4noc(C)n4)cc3C)cc2)cc1OCCN(C)C.Cl,EUbOPEN Chemogenomic Library,"PDSP Secondary Binding target: HTR1B - Compounds are tested at 10 uM concentration, plate are incubated at room temperature in the dark for 90 minutes. Reaction are stopped by vacuum filtration onto 0.3% polyethyleneimine soaked filter mats using Filtermate harvester. Scintillation cocktail is then melted onto microwave-dried filters on a hot plate and the radio activity is counted in Microbia counter. Compounds showing a minimum of 50% inhibition at 10 uM concentration are carried forward in this secondary binding assay to determine equilibrium binding affinity.",B,Homo sapiens,,,2024,Serotonin 1b (5-HT1b) receptor,Ki,nM,8.93,523.03,5.22
CHEMBL402143,1846.0,COc1c(OCCF)cccc1C(O)C1CCN(CCc2ccc(F)cc2)CC1,Scientific Literature,Inhibition of human cloned 5HT1B receptor by competitive binding experiment,B,Homo sapiens,,Bioorg Med Chem,2009,Serotonin 1b (5-HT1b) receptor,Ki,nM,5.73,405.49,4.17
CHEMBL3326982,131.0,COc1ccccc1N1CCN(CCCCC(=O)NCc2ccccc2-c2ccccc2Cl)CC1,Scientific Literature,Binding affinity to 5-HT1B (unknown origin),B,Homo sapiens,,Bioorg Med Chem,2014,Serotonin 1b (5-HT1b) receptor,Ki,nM,6.88,492.06,5.62
CHEMBL154274,5011.87,COc1ccc(S(=O)(=O)Nc2cc(Br)ccc2Br)cc1N1CCNCC1,Scientific Literature,Compound was evaluated for binding affinity against human cloned 5-hydroxytryptamine 1B receptor in CHO cells using [3H]5-HT as the radioligand,B,,,Bioorg Med Chem Lett,2001,Serotonin 1b (5-HT1b) receptor,Ki,nM,,505.23,3.43
CHEMBL103503,80.0,CN1CCC(c2c[nH]c3cnc(NC(=O)c4ccc(F)cc4)cc23)CC1,Scientific Literature,In vitro binding affinity by radioligand binding assay using cell line expressing human 5-hydroxytryptamine 1B receptor,B,,,J Med Chem,2003,Serotonin 1b (5-HT1b) receptor,Ki,nM,7.1,352.41,3.76
CHEMBL71247,856.0,CCCN(CCC)[C@@H]1CCc2ccc3[nH]cc(C(=O)C(N)=O)c3c2C1,Scientific Literature,"Binding affinity against 5-hydroxytryptamine 1D receptor beta expressed in CHO-K1 cells, using [3H]5-HT as the radioligand.",B,,,J Med Chem,1995,Serotonin 1b (5-HT1b) receptor,Ki,nM,6.07,341.46,2.82
CHEMBL353256,714.0,c1csc(-c2ccc3[nH]cc(CCN4CCCC4)c3c2)c1,Scientific Literature,Binding affinity for human 5-hydroxytryptamine 1B receptor,B,Homo sapiens,,Bioorg Med Chem Lett,2000,Serotonin 1b (5-HT1b) receptor,Ki,nM,6.15,296.44,4.53
CHEMBL555146,10000.0,C[C@@H]1CCCN1CCc1cc2cc(C(=O)c3ccc(F)cc3)ccc2o1,Scientific Literature,Binding affinity to human recombinant 5HT1B receptor,B,Homo sapiens,,J Med Chem,2012,Serotonin 1b (5-HT1b) receptor,Ki,nM,,351.42,4.83
CHEMBL261917,1584.89,CC(C)(C)c1ccc(S(=O)(=O)Nc2ccc3nccc(N4CCNCC4)c3c2)cc1,Scientific Literature,Binding affinity to human cloned 5-hydroxytryptamine 1B receptor in CHO cells using [3H]5-HT as radioligand,B,Homo sapiens,,Bioorg Med Chem Lett,2001,Serotonin 1b (5-HT1b) receptor,Ki,nM,5.8,424.57,3.74
CHEMBL3754166,954.99,C=CCN(CC=C)CCc1c[nH]c2ccc(Br)cc12,Scientific Literature,Binding affinity to 5-HT 1B (unknown origin) by competition binding assay,B,Homo sapiens,,Bioorg Med Chem Lett,2016,Serotonin 1b (5-HT1b) receptor,Ki,nM,6.02,319.25,4.15
CHEMBL95823,2511.89,Cc1c(S(=O)(=O)Nc2ccc3nccc(N4CCN[C@@H](C)C4)c3c2)sc2ccc(Cl)cc12,Scientific Literature,Binding affinity to human cloned 5-hydroxytryptamine 1B receptor in CHO cells using [3H]5-HT as radioligand,B,Homo sapiens,,Bioorg Med Chem Lett,2001,Serotonin 1b (5-HT1b) receptor,Ki,nM,5.6,487.05,5.01
CHEMBL116876,17.0,Cc1ccc(S(=O)(=O)N2CC=C(c3ccc4[nH]cc(C[C@H]5CCCN5C)c4c3)CC2)cc1,Scientific Literature,Binding affinity towards cloned human 5-hydroxytryptamine 1B receptor,B,,,Bioorg Med Chem Lett,2003,Serotonin 1b (5-HT1b) receptor,Ki,nM,7.77,449.62,4.59
CHEMBL4217810,10.0,C[C@H]1SC(c2ccccc2O)=N[C@H]1CO,Scientific Literature,Displacement of [3H]5-CT from human 5-HT1B receptor expressed in HEK cells after 90 mins by microbeta scintillation counting analysis,B,Homo sapiens,,J Nat Prod,2017,Serotonin 1b (5-HT1b) receptor,Ki,nM,,223.3,1.63
CHEMBL4218231,10.0,C[C@H]1SC(c2ccccc2O)=N[C@@H]1CO,Scientific Literature,Displacement of [3H]5-CT from human 5-HT1B receptor expressed in HEK cells after 90 mins by microbeta scintillation counting analysis,B,Homo sapiens,,J Nat Prod,2017,Serotonin 1b (5-HT1b) receptor,Ki,nM,,223.3,1.63
CHEMBL323705,39.0,CN1CCC[C@@H]1Cc1c[nH]c2ccc(C3=CCN(/C(S)=N/C45C[C@H]6C[C@@H](C4)C[C@@H](C5)C6)CC3)cc12,Scientific Literature,Binding affinity towards cloned human 5-hydroxytryptamine 1B receptor,B,,,Bioorg Med Chem Lett,2003,Serotonin 1b (5-HT1b) receptor,Ki,nM,7.41,488.75,6.15
CHEMBL2113347,630.96,Cl.N#Cc1ccc2c(c1)CN(CC[C@H]1CC[C@H](NC(=O)c3cc4ccccc4[nH]3)CC1)CC2,Scientific Literature,Binding activity against human 5-hydroxytryptamine 1B receptor,B,Homo sapiens,,J Med Chem,2000,Serotonin 1b (5-HT1b) receptor,Ki,nM,6.2,463.03,4.78
CHEMBL306940,10000.0,c1ccc(-c2ccc(CC3=NCCN3)cc2)cc1,Scientific Literature,Binding affinity towards human 5-hydroxytryptamine 1B receptor using [3H]5-HT trifluoroacetate as radioligand,B,,,J Med Chem,1998,Serotonin 1b (5-HT1b) receptor,Ki,nM,,236.32,2.9
CHEMBL552599,100.0,Cl.O=C(/C=C/c1c[nH]c2ccccc12)NCCCCN1CCc2ccc(OS(=O)(=O)C(F)(F)F)cc2C1,Scientific Literature,Binding activity against human 5-hydroxytryptamine 1B receptor,B,Homo sapiens,,J Med Chem,2000,Serotonin 1b (5-HT1b) receptor,Ki,nM,7.0,558.02,4.36
CHEMBL393169,300.0,OCC1(NCCCC2CCc3ccc(OCc4noc(-c5ccc(Cl)cc5)n4)cc32)CCCC1,Scientific Literature,Displacement of [3H]5-hydroxytrytamine from human 5HT1B receptor expressed in HEK293 cells,B,Homo sapiens,,Bioorg Med Chem Lett,2007,Serotonin 1b (5-HT1b) receptor,Ki,nM,,482.02,5.67
CHEMBL238520,1000.0,Cc1ccc2c(OCCN3CCC(Cc4cc5c(cc4F)OCC(=O)N5)CC3)cc(F)cc2n1,Scientific Literature,Displacement of [3H]5-HT from human cloned 5HT1B receptor expressed in CHO cells,B,Homo sapiens,,Bioorg Med Chem Lett,2007,Serotonin 1b (5-HT1b) receptor,Ki,nM,6.0,467.52,4.49
CHEMBL1289721,1000.0,Cc1ccc2c(C3CCN(CCc4c(C)ccc5c4ccc(=O)n5C)CC3)cccc2n1,Scientific Literature,Antagonist activity at human 5-HT1B receptor expressed in CHO cells assessed as inhibition of GTPgammaS binding by scintillation proximity assay,F,Homo sapiens,,Bioorg Med Chem Lett,2010,Serotonin 1b (5-HT1b) receptor,Ki,nM,,425.58,5.13
CHEMBL71838,5775.0,CNC(=O)c1ccc2c(c1)CCO[C@H]2CCN1CCN(c2ccc(OC)cc2)CC1,Scientific Literature,Displacement of [3H]serotonin from recombinant human 5-HT1B receptor expressed in HEK293 cells incubated for 1 hr by competitive radioligand binding assay based,B,Homo sapiens,,Eur J Med Chem,2021,Serotonin 1b (5-HT1b) receptor,Ki,nM,5.24,409.53,2.88
CHEMBL244946,501.19,Cc1ccc2c(-c3nnc(SCCCN4CCc5ccc(-c6cc(C)nn6C)cc5CC4)n3C)cccc2n1,Scientific Literature,Antagonist activity at human 5HT1B receptor,F,Homo sapiens,,J Med Chem,2007,Serotonin 1b (5-HT1b) receptor,Ki,nM,,537.74,5.63
CHEMBL449406,1200.0,Cc1cccc(C(=O)Nc2ccc3[nH]cc(C4CCN(C)CC4)c3n2)c1,Scientific Literature,In vitro binding affinity by radioligand binding assay using cell line expressing human 5-hydroxytryptamine 1B receptor,B,,,J Med Chem,2003,Serotonin 1b (5-HT1b) receptor,Ki,nM,5.92,348.45,3.93
CHEMBL391273,15.0,N#Cc1ccc2c(N3CCN(CC[C@@H]4OCCc5cc(C(N)=O)ccc54)CC3)cccc2c1,Scientific Literature,Displacement of [3H]GR-125743 from human 5HT1B expressed in LM(tk-) cells,B,Homo sapiens,,Bioorg Med Chem Lett,2007,Serotonin 1b (5-HT1b) receptor,Ki,nM,7.82,440.55,3.64
CHEMBL194809,1.259,CN1CCN(c2nccc3cc4c(cc23)N(C(=O)c2ccccc2Cl)CC4)CC1,Scientific Literature,Mean binding affinity towards 5-hydroxytryptamine 1B receptor using [3H]5-HT or [3H]-8-OH-DPAT as the radioligand,B,Homo sapiens,,Bioorg Med Chem Lett,2005,Serotonin 1b (5-HT1b) receptor,Ki,nM,8.9,406.92,3.84
CHEMBL194647,0.5012,CN1CCN(c2nccc3cc4c(cc23)N(C(=O)c2ccc(C#N)cc2)CC4)CC1,Scientific Literature,Mean binding affinity towards 5-hydroxytryptamine 1B receptor using [3H]5-HT or [3H]-8-OH-DPAT as the radioligand,B,Homo sapiens,,Bioorg Med Chem Lett,2005,Serotonin 1b (5-HT1b) receptor,Ki,nM,9.3,397.48,3.06
CHEMBL370852,0.3162,CN1CCN(c2nccc3cc4c(cc23)N(C(=O)c2ccc(Cl)cc2)CC4)CC1,Scientific Literature,Mean binding affinity towards 5-hydroxytryptamine 1B receptor using [3H]5-HT or [3H]-8-OH-DPAT as the radioligand,B,Homo sapiens,,Bioorg Med Chem Lett,2005,Serotonin 1b (5-HT1b) receptor,Ki,nM,9.5,406.92,3.84
CHEMBL522257,1.995,Cc1ccc2c(N3CCN(CCc4ccc5c(c4)N(C)C(=O)CO5)CC3)cccc2n1,Scientific Literature,Antagonist activity against human recombinant 5HT1B receptor expressed in CHO cells assessed as inhibition of 5HT-induced [35S]GTPgammaS binding by scintillation proximity assay,F,Homo sapiens,,J Med Chem,2010,Serotonin 1b (5-HT1b) receptor,Ki,nM,8.7,416.53,3.26
CHEMBL238519,1584.89,Cc1ccc2c(OCCN3CCC(Cc4ccc5c(c4F)NC(=O)CO5)CC3)cc(Cl)cc2n1,Scientific Literature,Displacement of [3H]5-HT from human cloned 5HT1B receptor expressed in CHO cells,B,Homo sapiens,,Bioorg Med Chem Lett,2007,Serotonin 1b (5-HT1b) receptor,Ki,nM,5.8,483.97,5.0
CHEMBL1241641,1.0,Cc1ccc2c(N3CCN(CCc4cccc5c4OCc4nc(C(F)(F)F)cn4-5)CC3)cccc2n1,Scientific Literature,Antagonist activity against human recombinant 5HT1B receptor expressed in CHO cells assessed as inhibition of 5HT-induced [35S]GTPgammaS binding by scintillation proximity assay,F,Homo sapiens,,J Med Chem,2010,Serotonin 1b (5-HT1b) receptor,Ki,nM,9.0,493.53,5.0
CHEMBL1241640,1.259,CCOC(=O)c1ncn2c1COc1c(CCN3CCN(c4cccc5nc(C)ccc45)CC3)cccc1-2,Scientific Literature,Antagonist activity against human recombinant 5HT1B receptor expressed in CHO cells assessed as inhibition of 5HT-induced [35S]GTPgammaS binding by scintillation proximity assay,F,Homo sapiens,,J Med Chem,2010,Serotonin 1b (5-HT1b) receptor,Ki,nM,8.9,497.6,4.16
CHEMBL1241825,1.585,Cc1ccc2c(N3CCN(CCc4cccc5c4OCc4c(C#N)ncn4-5)CC3)cccc2n1,Scientific Literature,Antagonist activity against human recombinant 5HT1B receptor expressed in CHO cells assessed as inhibition of 5HT-induced [35S]GTPgammaS binding by scintillation proximity assay,F,Homo sapiens,,J Med Chem,2010,Serotonin 1b (5-HT1b) receptor,Ki,nM,8.8,450.55,3.86
CHEMBL1289277,1000.0,Cc1ccc2c(N3CCN(CCc4c(C)ccc5c4ccc(=O)n5C)[C@H](C)C3)cccc2n1,Scientific Literature,Antagonist activity at human 5-HT1B receptor expressed in CHO cells assessed as inhibition of GTPgammaS binding by scintillation proximity assay,F,Homo sapiens,,Bioorg Med Chem Lett,2010,Serotonin 1b (5-HT1b) receptor,Ki,nM,,440.59,4.46
CHEMBL83112,1000.0,NC(=O)c1ccc2c(c1)CCOC2CCN1CC=C(c2c[nH]c3c(F)cccc23)CC1,Scientific Literature,Binding affinity towards human 5-hydroxytryptamine 1B receptor in L-M(tk-) cells using [3H]GR-125743 as radioligand,B,,,Bioorg Med Chem Lett,2004,Serotonin 1b (5-HT1b) receptor,Ki,nM,,419.5,4.2
CHEMBL82488,155.0,NC(=O)c1ccc2c(c1)CCOC2CCN1CC=C(c2coc3cc(F)ccc23)CC1,Scientific Literature,Binding affinity towards human 5-hydroxytryptamine 1B receptor in L-M(tk-) cells using [3H]GR-125743 as radioligand,B,,,Bioorg Med Chem Lett,2004,Serotonin 1b (5-HT1b) receptor,Ki,nM,6.81,420.48,4.46
CHEMBL2413153,411.0,Cn1c(=O)cnn(CCCCN2CCN(c3ccccc3OCCF)CC2)c1=O,Scientific Literature,Binding affinity to 5HT1B receptor (unknown origin),B,Homo sapiens,,Bioorg Med Chem,2013,Serotonin 1b (5-HT1b) receptor,Ki,nM,6.39,405.47,0.89
CHEMBL1642882,1659.0,Cl.O=S(=O)(c1cccc(Cl)c1)c1n[nH]c2ccc(NC3CCNCC3)cc12,Scientific Literature,Binding affinity to 5-HT1B receptor,B,,,Bioorg Med Chem,2011,Serotonin 1b (5-HT1b) receptor,Ki,nM,5.78,427.36,3.21
CHEMBL1241913,1.585,Cc1ccc2c(N3CCN(CCc4cccc5c4OCc4c(C(N)=O)ncn4-5)CC3)cccc2n1,Scientific Literature,Antagonist activity against human recombinant 5HT1B receptor expressed in CHO cells assessed as inhibition of 5HT-induced [35S]GTPgammaS binding by scintillation proximity assay,F,Homo sapiens,,J Med Chem,2010,Serotonin 1b (5-HT1b) receptor,Ki,nM,8.8,468.56,3.08
CHEMBL1241642,1.0,Cc1ccc2c(N3CCN(CCc4cccc5c4OCc4cncn4-5)CC3)cccc2n1,Scientific Literature,Antagonist activity against human recombinant 5HT1B receptor expressed in CHO cells assessed as inhibition of 5HT-induced [35S]GTPgammaS binding by scintillation proximity assay,F,Homo sapiens,,J Med Chem,2010,Serotonin 1b (5-HT1b) receptor,Ki,nM,9.0,425.54,3.99
CHEMBL2112766,316.0,CNCCOc1cccc(C)c1C,Scientific Literature,Agonist activity to the human recombinant 5-hydroxytryptamine 1B receptor,F,,,J Med Chem,1997,Serotonin 1b (5-HT1b) receptor,Ki,nM,6.5,179.26,1.9
CHEMBL71469,109.0,CCCN(C)C1CCc2ccc3[nH]cc(C=O)c3c2C1,Scientific Literature,"In vitro binding affinity against cloned mammalian 5-hydroxytryptamine 1D receptor beta expressed in CHO cells, by using [3H]5-HT as radioligand",B,,,J Med Chem,1995,Serotonin 1b (5-HT1b) receptor,Ki,nM,6.96,270.38,3.18
CHEMBL126340,190.0,CN(C)CCc1cccc2c1cc(C(=O)c1ccccc1)n2S(=O)(=O)c1ccccc1,Scientific Literature,Binding affinity against 5-hydroxytryptamine 1B receptor in CHO cells using [3H]5-HT as radioligand,B,,,J Med Chem,2001,Serotonin 1b (5-HT1b) receptor,Ki,nM,6.72,432.55,4.21
CHEMBL105970,2.3,COc1ccc(NC(=O)N2CCN(c3ccccc3C)CC2)cc1N1CCN(C)CC1.O=C(O)/C=C/C(=O)O,Scientific Literature,Affinity for 5-hydroxytryptamine 1B receptor subtype,B,Homo sapiens,,Bioorg Med Chem Lett,1997,Serotonin 1b (5-HT1b) receptor,Ki,nM,8.64,539.63,3.11
CHEMBL313452,1000.0,NC(=O)c1ccc2c(c1)CCOC2CCN1CC=C(c2c[nH]c3cc(C(F)(F)F)ccc23)CC1,Scientific Literature,Binding affinity towards human 5-hydroxytryptamine 1B receptor in L-M(tk-) cells using [3H]GR-125743 as radioligand,B,,,Bioorg Med Chem Lett,2004,Serotonin 1b (5-HT1b) receptor,Ki,nM,,469.51,5.08
CHEMBL108818,188.0,CCCCCCOc1ccc2[nH]c3c(c2c1)CC(N)CC3,Scientific Literature,Displacement of [3H]-5-HT from human 5-hydroxytryptamine 1D receptor beta,B,,,J Med Chem,1996,Serotonin 1b (5-HT1b) receptor,Ki,nM,6.73,286.42,3.94
CHEMBL72167,1995.0,Cc1ccc(CC2=NCCN2)c(C)c1O,Scientific Literature,Binding affinity towards human 5-hydroxytryptamine 1B receptor using [3H]5-HT trifluoroacetate as radioligand,B,,,J Med Chem,1998,Serotonin 1b (5-HT1b) receptor,Ki,nM,5.7,204.27,1.55
CHEMBL98965,3162.28,CCc1c(S(=O)(=O)Nc2ccc3nccc(N4CCNCC4)c3c2)sc2ccc(Cl)cc12,Scientific Literature,Binding affinity to human cloned 5-hydroxytryptamine 1B receptor in CHO cells using [3H]5-HT as radioligand,B,Homo sapiens,,Bioorg Med Chem Lett,2001,Serotonin 1b (5-HT1b) receptor,Ki,nM,5.5,487.05,4.88
CHEMBL3609143,2466.0,COc1cc2c3c(c1OCC1CC1)-c1cc4c(cc1CC3N(C)CC2c1ccccc1)OCO4,Scientific Literature,Displacement of [3H]GR125743 from 5HT1B receptor (unknown origin),B,Homo sapiens,,Bioorg Med Chem Lett,2015,Serotonin 1b (5-HT1b) receptor,Ki,nM,5.61,455.55,5.55
CHEMBL72285,249.0,CCCN(CCc1ccccc1)C1CCc2ccc3[nH]ccc3c2C1,Scientific Literature,"In vitro binding affinity against cloned mammalian 5-hydroxytryptamine 1D receptor beta expressed in CHO cells, by using [3H]5-HT as radioligand",B,,,J Med Chem,1995,Serotonin 1b (5-HT1b) receptor,Ki,nM,6.6,332.49,4.98
CHEMBL282950,0.7,CN1CCN(c2cccc3ccc(OCC(=O)Nc4ccc(NC(=O)COc5ccc6[nH]cc(CCN)c6c5)cc4)cc23)CC1,Scientific Literature,Binding affinity was evaluated at human recombinant 5-hydroxytryptamine 1B receptor using [3H]5-CT as radioligand,B,,,Bioorg Med Chem Lett,1998,Serotonin 1b (5-HT1b) receptor,Ki,nM,9.15,606.73,4.61
CHEMBL204269,7700.0,CC(C)(CCCN1CCCC(c2ccccc2)C1)S(=O)(=O)c1ccccc1,Scientific Literature,Displacement of [3H]5-HT from the cloned human 5-HT1B receptor expressed in CHO cells,B,Homo sapiens,,Bioorg Med Chem Lett,2006,Serotonin 1b (5-HT1b) receptor,Ki,nM,5.11,385.57,4.9
CHEMBL105025,150.0,Cc1ccccc1C(=O)Nc1ccc2[nH]cc(C3CCN(C)CC3)c2n1,Scientific Literature,In vitro binding affinity by radioligand binding assay using cell line expressing human 5-hydroxytryptamine 1B receptor,B,,,J Med Chem,2003,Serotonin 1b (5-HT1b) receptor,Ki,nM,6.82,348.45,3.93
CHEMBL104158,2900.0,CC(=O)Nc1ncc2[nH]cc(C3CCN(C)CC3)c2n1,Scientific Literature,In vitro binding affinity by radioligand binding assay using cell line expressing human 5-hydroxytryptamine 1B receptor,B,,,J Med Chem,2003,Serotonin 1b (5-HT1b) receptor,Ki,nM,5.54,273.34,1.73
CHEMBL197169,15.85,Cc1nc(C)c(C(=O)N2CCc3cc4ccnc(N5CCN(C)CC5)c4cc32)o1,Scientific Literature,Mean binding affinity towards 5-hydroxytryptamine 1B receptor using [3H]5-HT or [3H]-8-OH-DPAT as the radioligand,B,Homo sapiens,,Bioorg Med Chem Lett,2005,Serotonin 1b (5-HT1b) receptor,Ki,nM,7.8,391.48,2.79
CHEMBL127411,3100.0,Cc1ccc(S(=O)(=O)n2cc3c4c(cccc42)[C@H](O)[C@@H](N(C)C)C3)cc1,Scientific Literature,Binding affinity against 5-hydroxytryptamine 1B receptor in CHO cells using [3H]5-HT as radioligand,B,,,J Med Chem,2001,Serotonin 1b (5-HT1b) receptor,Ki,nM,5.51,370.47,2.71
CHEMBL2058419,10000.0,CN1C(=N)N(C)/C(=C/c2c[nH]c3cccc(Br)c23)C1=O,Scientific Literature,Displacement of [3H]5-CT from human recombinant 5HT1B receptor stably expressed in HEK cells,B,Homo sapiens,,Bioorg Med Chem,2013,Serotonin 1b (5-HT1b) receptor,Ki,nM,,333.19,2.61
CHEMBL140416,260.0,CN(CCOc1cccc2ccccc12)Cc1ccccc1,Scientific Literature,Agonist activity to the human recombinant 5-hydroxytryptamine 1B receptor,F,,,J Med Chem,1997,Serotonin 1b (5-HT1b) receptor,Ki,nM,6.58,291.39,4.35
CHEMBL138509,3450.0,CNCCCOc1ccccc1,Scientific Literature,Agonist activity to the human recombinant 5-hydroxytryptamine 1B receptor,F,,,J Med Chem,1997,Serotonin 1b (5-HT1b) receptor,Ki,nM,5.46,165.24,1.67
CHEMBL140417,750.0,CCCN(C)CCOc1cccc2ccccc12,Scientific Literature,Agonist activity to the human recombinant 5-hydroxytryptamine 1B receptor,F,,,J Med Chem,1997,Serotonin 1b (5-HT1b) receptor,Ki,nM,6.12,243.35,3.56
CHEMBL12624,1584.89,Cc1cccc(S(=O)(=O)N2CCC[C@@H]2CCN2CCC(C)CC2)c1,Scientific Literature,Binding affinity towards 5-hydroxytryptamine 1B (human cloned receptor) in CHO cells using [3H]5-HT as radioligand,B,,,J Med Chem,2000,Serotonin 1b (5-HT1b) receptor,Ki,nM,5.8,350.53,3.27
CHEMBL420191,992.0,CCCN(Cc1ccccc1)C1CCc2ccc3[nH]cc(C=O)c3c2C1,Scientific Literature,"In vitro binding affinity against cloned mammalian 5-hydroxytryptamine 1D receptor beta expressed in CHO cells, by using [3H]5-HT as radioligand",B,,,J Med Chem,1995,Serotonin 1b (5-HT1b) receptor,Ki,nM,6.0,346.47,4.75
CHEMBL442974,1000.0,Cn1nc(C2=CCN(CCC3OCCc4cc(C(N)=O)ccc43)CC2)c2ccc(F)cc21,Scientific Literature,Binding affinity towards human 5-hydroxytryptamine 1B receptor in L-M(tk-) cells using [3H]GR-125743 as radioligand,B,,,Bioorg Med Chem Lett,2004,Serotonin 1b (5-HT1b) receptor,Ki,nM,,434.52,3.6
CHEMBL183460,10.0,Cc1ccc2c(OCCN3CCC(Cc4ccc5c(c4)NC(=O)CO5)CC3)cccc2n1,Scientific Literature,Displacement of [3H]5-HT from human 5-hydroxytryptamine 1B receptor expressed in CHO cells,B,Homo sapiens,,J Med Chem,2005,Serotonin 1b (5-HT1b) receptor,Ki,nM,8.0,431.54,4.21
CHEMBL136470,470.0,CN(C)CCCCOc1cccc2ccccc12,Scientific Literature,Agonist activity to the human recombinant 5-hydroxytryptamine 1B receptor,F,,,J Med Chem,1997,Serotonin 1b (5-HT1b) receptor,Ki,nM,6.33,243.35,3.56
CHEMBL454766,1000.0,O=C(Nc1ccc2[nH]cc(C3CCN(CC(N4CCC(c5c[nH]c6ccc(NC(=O)c7ccc(F)cc7)cc56)CC4)C(F)(F)F)CC3)c2c1)c1ccc(F)cc1,Scientific Literature,Displacement of [3H]5-hydroxytryptamine from human cloned 5HT1B receptor expressed in CHOK1 cells by liquid scintillation counting,B,Homo sapiens,,J Med Chem,2008,Serotonin 1b (5-HT1b) receptor,Ki,nM,,768.83,9.42
CHEMBL510280,10000.0,O=C(Nc1ccc2[nH]cc(C3CCN(CCN4CCC(c5c[nH]c6ccc(NC(=O)c7ccc(F)cc7)cc56)CC4)CC3)c2c1)c1ccc(F)cc1,Scientific Literature,Displacement of [3H]5-hydroxytryptamine from human cloned 5HT1B receptor expressed in CHOK1 cells by liquid scintillation counting,B,Homo sapiens,,J Med Chem,2008,Serotonin 1b (5-HT1b) receptor,Ki,nM,,700.83,8.49
CHEMBL484059,0.3162,O=C1COc2ccc(CCN3CCN(c4cccc5nc(-c6ccccc6)ccc45)CC3)cc2N1,Scientific Literature,Displacement of [3H]5HT from human 5HT1B receptor expressed in CHO cells,B,Homo sapiens,,Bioorg Med Chem Lett,2008,Serotonin 1b (5-HT1b) receptor,Ki,nM,9.5,464.57,4.6
CHEMBL484260,0.631,Cc1cc(N2CCN(CCc3ccc4c(c3)NC(=O)CO4)CC2)c2ccc(C)nc2c1,Scientific Literature,Displacement of [3H]5HT from human 5HT1B receptor expressed in CHO cells,B,Homo sapiens,,Bioorg Med Chem Lett,2008,Serotonin 1b (5-HT1b) receptor,Ki,nM,9.2,416.53,3.55
CHEMBL496317,1.585,Cc1ccc2c(N3CCN(CCc4cc5c(cc4F)OCC(=O)N5)CC3)cccc2n1,Scientific Literature,Displacement of [3H]5HT from human 5HT1B receptor expressed in CHO cells,B,Homo sapiens,,Bioorg Med Chem Lett,2008,Serotonin 1b (5-HT1b) receptor,Ki,nM,8.8,420.49,3.38
CHEMBL103550,1600.0,CN1CCC(c2c[nH]c3ccc(NC(=O)c4cccc(F)c4)nc23)CC1,Scientific Literature,In vitro binding affinity by radioligand binding assay using cell line expressing human 5-hydroxytryptamine 1B receptor,B,,,J Med Chem,2003,Serotonin 1b (5-HT1b) receptor,Ki,nM,5.8,352.41,3.76
CHEMBL239167,1000.0,Cc1ccc2c(OCCN3CCC(Cc4ccc5c(c4)NC(=O)CO5)CC3)cc(C#N)cc2n1,Scientific Literature,Displacement of [3H]5-HT from human cloned 5HT1B receptor expressed in CHO cells,B,Homo sapiens,,Bioorg Med Chem Lett,2007,Serotonin 1b (5-HT1b) receptor,Ki,nM,6.0,456.55,4.08
CHEMBL372731,2.512,COc1cc2c(cc1N1C[C@@H](C)N(C)[C@@H](C)C1)N(C(=O)Oc1cccc(C(F)(F)F)c1Cl)CC2,Scientific Literature,Binding affinity against cloned human 5-hydroxytryptamine 1B receptor,B,Homo sapiens,,Bioorg Med Chem Lett,2005,Serotonin 1b (5-HT1b) receptor,Ki,nM,8.6,497.95,5.46
CHEMBL196951,3.162,COc1cc2c(cc1N1C[C@@H](C)N[C@@H](C)C1)N(C(=O)c1ccc(-c3ccc(C(C)=O)cc3C)cc1)CC2,Scientific Literature,Binding affinity against cloned human 5-hydroxytryptamine 1B receptor,B,Homo sapiens,,Bioorg Med Chem Lett,2005,Serotonin 1b (5-HT1b) receptor,Ki,nM,8.5,497.64,5.26
CHEMBL195432,3.981,COc1cc2c(cc1N1CCN(C)CC1)N(C(=O)Nc1cccc(Cl)c1Cl)CC2,Scientific Literature,Binding affinity against cloned human 5-hydroxytryptamine 1B receptor,B,Homo sapiens,,Bioorg Med Chem Lett,2005,Serotonin 1b (5-HT1b) receptor,Ki,nM,8.4,435.36,4.35
CHEMBL106807,11.0,Cc1ccccc1N1CCN(C(=O)COc2ccc(Cl)c(N3CCN(C)CC3)c2)CC1.O=C(O)/C=C/C(=O)O,Scientific Literature,Affinity for 5-hydroxytryptamine 1B receptor subtype,B,Homo sapiens,,Bioorg Med Chem Lett,1997,Serotonin 1b (5-HT1b) receptor,Ki,nM,7.96,559.06,3.13
CHEMBL129661,2.0,COc1ccc2ccc(N3CCNCC3)cc2c1,Scientific Literature,Receptor binding affinity for cloned human 5-hydroxytryptamine 1B receptor in Cos-7 cells,B,Homo sapiens,,J Med Chem,1997,Serotonin 1b (5-HT1b) receptor,Ki,nM,8.7,242.32,2.26
CHEMBL29951,6.4,CCCN(CCC)C1CCc2cccc(OCCCCCCOc3cccc4c3CC(N(CCC)CCC)CC4)c2C1,Scientific Literature,Binding affinity was evaluated at human recombinant 5-hydroxytryptamine 1B receptor using [3H]5-CT as radioligand,B,,,Bioorg Med Chem Lett,1998,Serotonin 1b (5-HT1b) receptor,Ki,nM,8.19,576.91,8.66
CHEMBL104374,110.0,COc1ccc2[nH]cc(C3CCN(C)CC3)c2n1,Scientific Literature,In vitro binding affinity by radioligand binding assay using cell line expressing human 5-hydroxytryptamine 1B receptor,B,,,J Med Chem,2003,Serotonin 1b (5-HT1b) receptor,Ki,nM,6.96,245.33,2.38
CHEMBL3706925,88.0,C[C@H]1CN(c2cccc3cc(C#N)ccc23)CCN1CC[C@H]1OCc2cc(C(N)=O)ccc21,Scientific Literature,Displacement of [3H]GR-125743 from human 5HT1B expressed in LM(tk-) cells,B,Homo sapiens,,Bioorg Med Chem Lett,2007,Serotonin 1b (5-HT1b) receptor,Ki,nM,7.06,440.55,3.98
CHEMBL203013,720.0,C[C@@H]1CNC[C@H]2Cc3ccc(COCC4CC4)nc3N21,Scientific Literature,Binding affinity to 5HT1B receptor,B,Homo sapiens,,Bioorg Med Chem Lett,2006,Serotonin 1b (5-HT1b) receptor,Ki,nM,,273.38,1.73
CHEMBL1744041,219.0,CCCN(CC(C)C)[C@@H]1CCc2ccc3[nH]ccc3c2C1,Scientific Literature,"In vitro binding affinity against cloned mammalian 5-hydroxytryptamine 1D receptor beta expressed in CHO cells, by using [3H]5-HT as radioligand",B,,,J Med Chem,1995,Serotonin 1b (5-HT1b) receptor,Ki,nM,6.66,284.45,4.39
CHEMBL133455,3300.0,C[C@H](N)Cc1c[nH]c2ccc3c(c12)CCCO3,Scientific Literature,Inhibitory constant against 5-hydroxytryptamine 1B receptor using with [125I]- cyanopindolol radioligand,B,,,J Med Chem,2003,Serotonin 1b (5-HT1b) receptor,Ki,nM,5.48,230.31,2.38
CHEMBL110317,7.4,CC(=O)c1ccc2[nH]cc(CCN)c2c1,Scientific Literature,Displacement of [3H]-5-HT from human 5-hydroxytryptamine 1D receptor beta,B,,,J Med Chem,1996,Serotonin 1b (5-HT1b) receptor,Ki,nM,8.13,202.26,1.87
CHEMBL1289276,1000.0,Cc1ccc2c(N3CCN(CCc4c(C)ccc5c4ccc(=O)n5C)CC3)cc(F)cc2n1,Scientific Literature,Antagonist activity at human 5-HT1B receptor expressed in CHO cells assessed as inhibition of GTPgammaS binding by scintillation proximity assay,F,Homo sapiens,,Bioorg Med Chem Lett,2010,Serotonin 1b (5-HT1b) receptor,Ki,nM,,444.55,4.21
CHEMBL1289617,1000.0,Cc1ccc2c(N3CCN(CCc4c(C)ccc5c4ccc(=O)n5C)[C@@H](C)C3)cc(F)cc2n1,Scientific Literature,Antagonist activity at human 5-HT1B receptor expressed in CHO cells assessed as inhibition of GTPgammaS binding by scintillation proximity assay,F,Homo sapiens,,Bioorg Med Chem Lett,2010,Serotonin 1b (5-HT1b) receptor,Ki,nM,,458.58,4.6
CHEMBL239166,1258.93,Cc1ccc2c(OCCN3CCC(Cc4ccc5c(c4)NC(=O)CO5)CC3)cc(Cl)cc2n1,Scientific Literature,Displacement of [3H]5-HT from human cloned 5HT1B receptor expressed in CHO cells,B,Homo sapiens,,Bioorg Med Chem Lett,2007,Serotonin 1b (5-HT1b) receptor,Ki,nM,5.9,465.98,4.86
CHEMBL225364,1300.0,CNc1cc(C(=O)Nc2ccc(N3CCOCC3)cc2)nc2c(N3CCN(C)CC3)cc(OC)cc12,Scientific Literature,Displacement of [3H]GR125743 from 5HT1B receptor transfected in CHO cells,B,Homo sapiens,,Bioorg Med Chem,2007,Serotonin 1b (5-HT1b) receptor,Ki,nM,5.89,490.61,3.13
CHEMBL323666,23.0,CN1CCC[C@@H]1Cc1c[nH]c2ccc(C3=CCN(S(=O)(=O)c4cccc5ccccc45)CC3)cc12,Scientific Literature,Binding affinity towards cloned human 5-hydroxytryptamine 1B receptor,B,,,Bioorg Med Chem Lett,2003,Serotonin 1b (5-HT1b) receptor,Ki,nM,7.64,485.65,5.44
CHEMBL606547,15.0,CN1CCC[C@@H]1Cc1c[nH]c2ccc(NS(=O)(=O)c3ccccc3Cl)cc12,Scientific Literature,Inhibition of [3H]-8-OH-DPAT binding to human 5-hydroxytryptamine 1B receptor expressed in CHO cells,B,Homo sapiens,,J Med Chem,2005,Serotonin 1b (5-HT1b) receptor,Ki,nM,7.82,403.94,4.26
CHEMBL2391541,741.31,C=CCN(CC=C)CCc1c[nH]c2ccc(OC)cc12,Scientific Literature,Binding affinity to 5-HT 1B (unknown origin) by competition binding assay,B,Homo sapiens,,Bioorg Med Chem Lett,2016,Serotonin 1b (5-HT1b) receptor,Ki,nM,6.13,270.38,3.39
CHEMBL488951,1000.0,CN(C)CCCN1CCC(c2c[nH]c3ccc(NC(=O)c4ccc(F)cc4)cc23)CC1,Scientific Literature,Displacement of [3H]5-hydroxytryptamine from human cloned 5HT1B receptor expressed in CHOK1 cells by liquid scintillation counting,B,Homo sapiens,,J Med Chem,2008,Serotonin 1b (5-HT1b) receptor,Ki,nM,,422.55,4.69
CHEMBL357034,1.9,CNCCc1c[nH]c2ccc(C(C)(C)C)cc12,Scientific Literature,In vitro receptor binding affinity for cloned human 5-hydroxytryptamine 1B receptor,B,,,J Med Chem,1999,Serotonin 1b (5-HT1b) receptor,Ki,nM,8.72,230.35,3.23
CHEMBL241500,158.49,Cc1ccc2c(OCCN3CCC(Cc4ccc5c(c4)NC(=O)CO5)CC3)ccc(Cl)c2n1,Scientific Literature,Displacement of [3H]5-HT from human cloned 5HT1B receptor expressed in CHO cells,B,Homo sapiens,,Bioorg Med Chem Lett,2007,Serotonin 1b (5-HT1b) receptor,Ki,nM,6.8,465.98,4.86
CHEMBL1672288,10000.0,N#Cc1cc(F)cc(C#Cc2csc(F)n2)c1,Scientific Literature,Binding affinity to 5HT1B receptor,B,,,J Med Chem,2011,Serotonin 1b (5-HT1b) receptor,Ki,nM,,246.24,2.69
CHEMBL363413,630.96,Cc1ccc2c(OCCN3CCN(Cc4cc(Cl)ccc4Cl)CC3)cccc2n1,Scientific Literature,Displacement of [3H]5-HT from human 5-hydroxytryptamine 1B receptor expressed in CHO cells,B,Homo sapiens,,J Med Chem,2005,Serotonin 1b (5-HT1b) receptor,Ki,nM,6.2,430.38,5.05
CHEMBL129813,0.43,CN1CCN(c2cccc3ccc(OCC(=O)N4CCN(c5cccc6c5OCCO6)CC4)cc23)CC1,Scientific Literature,Receptor binding affinity for cloned human 5-hydroxytryptamine 1B receptor in Cos-7 cells,B,Homo sapiens,,J Med Chem,1997,Serotonin 1b (5-HT1b) receptor,Ki,nM,9.37,502.62,3.09
CHEMBL21790,3.162,COc1ccc(NC(=O)c2ccc(-c3ccc(-c4noc(C)n4)cc3C)cc2)cc1CCCN(C)C,Scientific Literature,Binding affinity for human 5-hydroxytryptamine 1B receptor,B,Homo sapiens,,J Med Chem,1998,Serotonin 1b (5-HT1b) receptor,Ki,nM,8.5,484.6,5.78
CHEMBL241463,0.7943,Cc1ccc2c(OCCN3CCC(Cc4cc(F)c5c(c4)NC(=O)CO5)CC3)cccc2n1,Scientific Literature,Displacement of [3H]5-HT from human cloned 5HT1B receptor expressed in CHO cells,B,Homo sapiens,,Bioorg Med Chem Lett,2007,Serotonin 1b (5-HT1b) receptor,Ki,nM,9.1,449.53,4.35
CHEMBL239168,19.95,Cc1ccc2c(OCCN3CCC(Cc4cc5c(cc4F)OCC(=O)N5)CC3)cccc2n1,Scientific Literature,Displacement of [3H]5-HT from human cloned 5HT1B receptor expressed in CHO cells,B,Homo sapiens,,Bioorg Med Chem Lett,2007,Serotonin 1b (5-HT1b) receptor,Ki,nM,7.7,449.53,4.35
CHEMBL82523,1000.0,NC(=O)c1ccc2c(c1)CCOC2CCN1CC=C(c2c[nH]c3c(F)c(F)ccc23)CC1,Scientific Literature,Binding affinity towards human 5-hydroxytryptamine 1B receptor in L-M(tk-) cells using [3H]GR-125743 as radioligand,B,,,Bioorg Med Chem Lett,2004,Serotonin 1b (5-HT1b) receptor,Ki,nM,,437.49,4.34
CHEMBL127257,2000.0,Cc1ccc(N2CCN(Cc3nc4ccccc4[nH]3)CC2)cc1C,Scientific Literature,Inhibition of serotonin 5-HT1B receptor (unknown origin),B,Homo sapiens,,J Med Chem,2017,Serotonin 1b (5-HT1b) receptor,Ki,nM,,320.44,3.5
CHEMBL161894,95.0,S=C(NN1CC=C(c2ccc3[nH]cc(CCN4CCCC4)c3c2)CC1)c1cccc2ccccc12,Scientific Literature,Binding affinity was evaluated at the cloned human 5-hydroxytryptamine 1B receptor,B,,,Bioorg Med Chem Lett,2004,Serotonin 1b (5-HT1b) receptor,Ki,nM,7.02,480.68,5.93
CHEMBL4211311,10000.0,Oc1ccccc1C1=N[C@@H]2CCC[C@@H]2S1,Scientific Literature,Displacement of [3H]5-CT from human 5-HT1B receptor expressed in HEK cells after 90 mins by microbeta scintillation counting analysis,B,Homo sapiens,,J Nat Prod,2017,Serotonin 1b (5-HT1b) receptor,Ki,nM,,219.31,2.81
CHEMBL1256863,11.16,NCCc1c[nH]c2ccc(C(N)=O)cc12.O=C(O)/C=C\C(=O)O,EUbOPEN Chemogenomic Library,"PDSP Secondary Binding target: HTR1B - Compounds are tested at 10 uM concentration, plate are incubated at room temperature in the dark for 90 minutes. Reaction are stopped by vacuum filtration onto 0.3% polyethyleneimine soaked filter mats using Filtermate harvester. Scintillation cocktail is then melted onto microwave-dried filters on a hot plate and the radio activity is counted in Microbia counter. Compounds showing a minimum of 50% inhibition at 10 uM concentration are carried forward in this secondary binding assay to determine equilibrium binding affinity.",B,Homo sapiens,,,2024,Serotonin 1b (5-HT1b) receptor,Ki,nM,7.95,319.32,0.77
CHEMBL309162,5785.0,Cc1ccc(O)c(C)c1CC1=NCCN1,Scientific Literature,Binding affinity towards human 5-hydroxytryptamine 1B receptor using [3H]5-HT trifluoroacetate as radioligand,B,,,J Med Chem,1998,Serotonin 1b (5-HT1b) receptor,Ki,nM,5.24,204.27,1.55
CHEMBL197064,11.9,COc1ccc(C)cc1N1CCN(CCn2cnc3sc4c(c3c2=O)CCN(C)C4)CC1,Scientific Literature,Inhibitory activity against human recombinant 5HT1B receptor co-expressed with G-protein chimera Gqo5 in HEK293 cells by FLIPR,F,Homo sapiens,,Bioorg Med Chem Lett,2005,Serotonin 1b (5-HT1b) receptor,Ki,nM,7.92,453.61,2.59
CHEMBL198696,1.7,CN1CCc2c(sc3ncn(CCN4CCN(c5ccccc5Cl)CC4)c(=O)c23)C1,Scientific Literature,Inhibitory activity against human recombinant 5HT1B receptor co-expressed with G-protein chimera Gqo5 in HEK293 cells by FLIPR,F,Homo sapiens,,Bioorg Med Chem Lett,2005,Serotonin 1b (5-HT1b) receptor,Ki,nM,8.77,444.0,2.92
CHEMBL2110366,6309.57,Cl.N#Cc1ccc2c(c1)CCN(CC[C@H]1CC[C@H](NC(=O)c3ccnc4ccccc34)CC1)C2,Scientific Literature,Binding activity against human 5-hydroxytryptamine 1B receptor,B,Homo sapiens,,J Med Chem,2000,Serotonin 1b (5-HT1b) receptor,Ki,nM,,475.04,4.84
CHEMBL147206,100.0,NCCc1c[nH]c2ccc(OCC(=O)N3CCNCC3)cc12,Scientific Literature,Ability to inhibit the forskolin-stimulated c-AMP formation mediated by human 5-hydroxytryptamine 1B receptor in CHO-K1 cells,F,,,J Med Chem,1996,Serotonin 1b (5-HT1b) receptor,Ki,nM,,302.38,0.48
CHEMBL2113352,6309.57,CS(=O)(=O)c1cccc(/C=C/C(=O)N[C@H]2CC[C@H](CCN3CCc4cc(C#N)ccc4C3)CC2)c1.Cl,Scientific Literature,Binding activity against human 5-hydroxytryptamine 1B receptor,B,Homo sapiens,,J Med Chem,2000,Serotonin 1b (5-HT1b) receptor,Ki,nM,5.2,528.12,4.1
CHEMBL104720,1700.0,CN1CCC(c2c[nH]c3ccc(NC(=O)C4CC4)nc23)CC1,Scientific Literature,In vitro binding affinity by radioligand binding assay using cell line expressing human 5-hydroxytryptamine 1B receptor,B,,,J Med Chem,2003,Serotonin 1b (5-HT1b) receptor,Ki,nM,5.77,298.39,2.72
CHEMBL119800,18.8,COc1ccc(C(=O)Nc2ccc(-c3ccncc3)cc2)cc1/C=C/CN(C)C,Scientific Literature,Binding affinity for 5-hydroxytryptamine 1B receptor in C6-glial transfected cell type using [3H]GR-125743 as radioligand,B,,,J Med Chem,1997,Serotonin 1b (5-HT1b) receptor,Ki,nM,7.73,387.48,4.58
CHEMBL304767,56.0,CCCN(CCc1ccccc1)C1CCc2ccc3[nH]cc(C=O)c3c2C1,Scientific Literature,"In vitro binding affinity against cloned mammalian 5-hydroxytryptamine 1D receptor beta expressed in CHO cells, by using [3H]5-HT as radioligand",B,,,J Med Chem,1995,Serotonin 1b (5-HT1b) receptor,Ki,nM,7.25,360.5,4.79
CHEMBL191921,251.19,Cc1ccc2c(OCCN3CCN(Cc4cccc5ncccc45)CC3)cccc2n1,Scientific Literature,Displacement of [3H]5-HT from human 5-hydroxytryptamine 1B receptor expressed in CHO cells,B,Homo sapiens,,J Med Chem,2005,Serotonin 1b (5-HT1b) receptor,Ki,nM,6.6,412.54,4.29
CHEMBL4209274,10000.0,Fc1ccc(-c2n[nH]c3c2CCNCC3)cc1,Scientific Literature,Displacement of [3H]LSD from human 5-HT1B receptor expressed in HEK cell membranes after 1.5 hrs by microbeta scintillation counting method,B,Homo sapiens,,J Med Chem,2018,Serotonin 1b (5-HT1b) receptor,Ki,nM,,231.27,1.9
CHEMBL1258223,820.0,CCCCN1CCC(COC(=O)c2cc(Cl)c(NC)c3c2OCCO3)CC1,Scientific Literature,Binding affinity to human 5-HT1B receptor,B,Homo sapiens,,J Med Chem,2010,Serotonin 1b (5-HT1b) receptor,Ki,nM,6.09,396.92,3.82
CHEMBL1631532,0.5012,COC(=O)Nc1cccc(CCN2CCN(c3cccc4nc(C)ccc34)CC2)c1,Scientific Literature,Displacement of [3H]5-HT from human recombinant 5-HT1B receptor expressed in CHO cells,B,Homo sapiens,,J Med Chem,2010,Serotonin 1b (5-HT1b) receptor,Ki,nM,9.3,404.51,4.09
CHEMBL1631542,1.995,Cc1ccc2c(N3CCN(CCc4cccc(N5CCOC5=O)c4)CC3)cccc2n1,Scientific Literature,Displacement of [3H]5-HT from human recombinant 5-HT1B receptor expressed in CHO cells,B,Homo sapiens,,J Med Chem,2010,Serotonin 1b (5-HT1b) receptor,Ki,nM,8.7,416.53,3.86
CHEMBL1632221,1.995,CCCNC(=O)Nc1cccc(CCN2CCN(c3cccc4nc(C)ccc34)CC2)c1,Scientific Literature,Displacement of [3H]5-HT from human recombinant 5-HT1B receptor expressed in CHO cells,B,Homo sapiens,,J Med Chem,2010,Serotonin 1b (5-HT1b) receptor,Ki,nM,8.7,431.58,4.44
CHEMBL1632212,3.162,Cc1ccc2c(N3CCN(CCc4cccc(NC(=O)c5cccc(F)c5)c4)CC3)cccc2n1,Scientific Literature,Displacement of [3H]5-HT from human recombinant 5-HT1B receptor expressed in CHO cells,B,Homo sapiens,,J Med Chem,2010,Serotonin 1b (5-HT1b) receptor,Ki,nM,8.5,468.58,5.3
CHEMBL1631541,39.81,Cc1ccc2c(N3CCN(CCc4cccc(N5CCCNC5=O)c4)CC3)cccc2n1,Scientific Literature,Displacement of [3H]5-HT from human recombinant 5-HT1B receptor expressed in CHO cells,B,Homo sapiens,,J Med Chem,2010,Serotonin 1b (5-HT1b) receptor,Ki,nM,7.4,429.57,3.83
CHEMBL84305,1000.0,NC(=O)c1ccc2c(c1)CCOC2CCN1CC=C(c2c[nH]c3c(Cl)c(Cl)ccc23)CC1,Scientific Literature,Binding affinity towards human 5-hydroxytryptamine 1B receptor in L-M(tk-) cells using [3H]GR-125743 as radioligand,B,,,Bioorg Med Chem Lett,2004,Serotonin 1b (5-HT1b) receptor,Ki,nM,,470.4,5.37
CHEMBL234447,281.0,C[C@@H]1CN(c2cccc3cc(F)ccc23)CCN1CCC1OCCc2cc(C(N)=O)ccc21,Scientific Literature,Displacement of [3H]GR-125743 from human 5HT1B expressed in LM(tk-) cells,B,Homo sapiens,,Bioorg Med Chem Lett,2007,Serotonin 1b (5-HT1b) receptor,Ki,nM,6.55,447.55,4.29
CHEMBL146720,0.36,NCCc1c[nH]c2ccc(OCC(=O)N3CCN(C(=O)COc4ccc5[nH]cc(CCN)c5c4)CC3)cc12,Scientific Literature,Ability to inhibit the forskolin-stimulated c-AMP formation mediated by human 5-hydroxytryptamine 1B receptor in CHO-K1 cells,F,,,J Med Chem,1996,Serotonin 1b (5-HT1b) receptor,Ki,nM,9.44,518.62,1.78
CHEMBL297471,312.0,CC(C)(C)c1ccc2[nH]cc(CCN3CCCC3)c2c1,Scientific Literature,Binding affinity towards cloned human 5-hydroxytryptamine 1B receptor,B,Homo sapiens,,Bioorg Med Chem Lett,2000,Serotonin 1b (5-HT1b) receptor,Ki,nM,6.51,270.42,4.1
CHEMBL3706924,1000.0,C[C@H]1CN(c2cccc3cc(F)ccc23)CCN1CC[C@H]1OCc2cc(C(N)=O)ccc21,Scientific Literature,Displacement of [3H]GR-125743 from human 5HT1B expressed in LM(tk-) cells,B,Homo sapiens,,Bioorg Med Chem Lett,2007,Serotonin 1b (5-HT1b) receptor,Ki,nM,,433.53,4.25
CHEMBL71751,10000.0,O=[N+]([O-])c1ccc(CC2=NCCN2)cc1,Scientific Literature,Binding affinity towards human 5-hydroxytryptamine 1B receptor using [3H]5-HT trifluoroacetate as radioligand,B,,,J Med Chem,1998,Serotonin 1b (5-HT1b) receptor,Ki,nM,,205.22,1.14
CHEMBL102250,930.0,CN1CCC(c2c[nH]c3ccc(NC(=O)c4ccoc4)nc23)CC1,Scientific Literature,In vitro binding affinity by radioligand binding assay using cell line expressing human 5-hydroxytryptamine 1B receptor,B,,,J Med Chem,2003,Serotonin 1b (5-HT1b) receptor,Ki,nM,6.03,324.38,3.22
CHEMBL323264,14.0,CNC(=O)Nc1ccc2[nH]cc(C3CCN(C)CC3)c2n1,Scientific Literature,In vitro binding affinity by radioligand binding assay using cell line expressing human 5-hydroxytryptamine 1B receptor,B,,,J Med Chem,2003,Serotonin 1b (5-HT1b) receptor,Ki,nM,7.85,287.37,2.12
CHEMBL311323,1000.0,Cn1cc(C2=CCN(CCC3OCCc4cc(C(N)=O)ccc43)CC2)c2ccc(F)cc21,Scientific Literature,Binding affinity towards human 5-hydroxytryptamine 1B receptor in L-M(tk-) cells using [3H]GR-125743 as radioligand,B,,,Bioorg Med Chem Lett,2004,Serotonin 1b (5-HT1b) receptor,Ki,nM,,433.53,4.21
CHEMBL38465,1000.0,Cc1[nH]cnc1Cc1nc(-c2ccccc2)cs1,Scientific Literature,Binding affinity for 5-hydroxytryptamine 1B receptor was determined by using [3H]5-HT as radioligand,B,,,J Med Chem,1990,Serotonin 1b (5-HT1b) receptor,Ki,nM,,255.35,3.43
CHEMBL97333,100.0,CN1CCC(CCN2CCC(c3cn(-c4ccc(F)cc4)c4ccc(-c5ncn(C)n5)cc34)CC2)C1=O,Scientific Literature,Ability to displace [3H]5-CT (1.5 nM) from HeLa cells of human 5-hydroxytryptamine 1B receptor,B,,,J Med Chem,2003,Serotonin 1b (5-HT1b) receptor,Ki,nM,7.0,500.62,4.61
CHEMBL111316,10.0,NC(=O)c1ccc2[nH]c3c(c2c1)CC(N)CC3,Scientific Literature,Displacement of [3H]-5-HT from human 5-hydroxytryptamine 1D receptor beta,B,,,J Med Chem,1996,Serotonin 1b (5-HT1b) receptor,Ki,nM,8.0,229.28,1.08
CHEMBL72062,46.0,CCCN(CCc1cccs1)C1CCc2ccc3[nH]cc(C=O)c3c2C1,Scientific Literature,"In vitro binding affinity against cloned mammalian 5-hydroxytryptamine 1D receptor beta expressed in CHO cells, by using [3H]5-HT as radioligand",B,,,J Med Chem,1995,Serotonin 1b (5-HT1b) receptor,Ki,nM,7.34,366.53,4.85
CHEMBL115941,14.0,COc1ccc(S(=O)(=O)N2CC=C(c3ccc4[nH]cc(C[C@H]5CCCN5C)c4c3)CC2)cc1,Scientific Literature,Binding affinity towards cloned human 5-hydroxytryptamine 1B receptor,B,,,Bioorg Med Chem Lett,2003,Serotonin 1b (5-HT1b) receptor,Ki,nM,7.85,465.62,4.29
CHEMBL3217984,316.23,CN1CCC2C(C1)c1cccc3c1N2c1ccccc1CS3,Scientific Literature,Binding affinity to serotonin 5-HT1B receptor (unknown origin) by PDSP assay,B,Homo sapiens,,Medchemcomm,2012,Serotonin 1b (5-HT1b) receptor,Ki,nM,6.5,308.45,4.23
CHEMBL303441,3865.0,Cc1ccc(CC2=NCCN2)c(C)c1OCc1ccccc1,Scientific Literature,Binding affinity towards human 5-hydroxytryptamine 1B receptor using [3H]5-HT trifluoroacetate as radioligand,B,,,J Med Chem,1998,Serotonin 1b (5-HT1b) receptor,Ki,nM,5.41,294.4,3.43
CHEMBL3764650,845.0,COc1ccccc1N1CCN(CCCCCC(=O)n2c3ccccc3c3ccccc32)CC1.Cl,Scientific Literature,Binding affinity to recombinant 5-HT1B receptor (unknown origin) after 1.5 hrs by radioligand displacement assay,B,Homo sapiens,,Eur J Med Chem,2016,Serotonin 1b (5-HT1b) receptor,Ki,nM,6.07,492.06,5.83
CHEMBL104753,1000.0,CN1CCC(c2c[nH]c3ccc(NC(=O)c4ccsc4)nc23)CC1,Scientific Literature,In vitro binding affinity by radioligand binding assay using cell line expressing human 5-hydroxytryptamine 1B receptor,B,,,J Med Chem,2003,Serotonin 1b (5-HT1b) receptor,Ki,nM,6.0,340.45,3.69
CHEMBL442,2.1,CN1C[C@H](C(=O)N[C@]2(C)O[C@@]3(O)[C@@H]4CCCN4C(=O)[C@H](Cc4ccccc4)N3C2=O)C=C2c3cccc4[nH]cc(c34)C[C@H]21,Scientific Literature,Displacement of [3H]carboxytryptamine from recombinant human 5-HT1B receptor expressed in HEK cells by scintillation counting,B,Homo sapiens,,Bioorg Med Chem Lett,2011,Serotonin 1b (5-HT1b) receptor,Ki,nM,8.68,581.67,1.99
CHEMBL494991,501.19,COc1ccc(CN2CCN(CCOc3cccc4nc(C)ccc34)CC2)cc1,Scientific Literature,Displacement of [3H]5HT from human recombinant 5HT1B receptor,B,Homo sapiens,,J Med Chem,2008,Serotonin 1b (5-HT1b) receptor,Ki,nM,6.3,391.52,3.75
CHEMBL224738,292.0,COc1cc(N(C)CCCN(C)C)c2[nH]c(C(=O)Nc3ccc(N4CCOCC4)cc3)cc(=O)c2c1,Scientific Literature,Displacement of [3H]GR125743 from 5HT1B receptor transfected in CHO cells,B,Homo sapiens,,Bioorg Med Chem,2007,Serotonin 1b (5-HT1b) receptor,Ki,nM,6.54,493.61,3.01
CHEMBL196962,3.3,COc1cc(Cl)ccc1N1CCN(CCn2cnc3sc4c(c3c2=O)CCN(C)C4)CC1,Scientific Literature,Inhibitory activity against human recombinant 5HT1B receptor co-expressed with G-protein chimera Gqo5 in HEK293 cells by FLIPR,F,Homo sapiens,,Bioorg Med Chem Lett,2005,Serotonin 1b (5-HT1b) receptor,Ki,nM,8.48,474.03,2.93
CHEMBL371094,5.4,CN1CCc2c(sc3ncn(CCN4CCN(c5ccccc5OCC(C)(C)C)CC4)c(=O)c23)C1,Scientific Literature,Inhibitory activity against human recombinant 5HT1B receptor co-expressed with G-protein chimera Gqo5 in HEK293 cells by FLIPR,F,Homo sapiens,,Bioorg Med Chem Lett,2005,Serotonin 1b (5-HT1b) receptor,Ki,nM,8.27,495.69,3.69
CHEMBL15933,31.62,Cc1nc(-c2ccc(-c3ccc(C(=O)Nc4ccc5c(c4)C4(CCN(C)CC4)CO5)cc3)c(C)c2)no1,Scientific Literature,Binding affinity for human 5-hydroxytryptamine 1B receptor,B,Homo sapiens,,J Med Chem,1998,Serotonin 1b (5-HT1b) receptor,Ki,nM,7.5,494.6,5.63
CHEMBL1169435,387.0,NC(=O)c1ccc2c(c1)CCO[C@H]2CCN1CC=C(c2c[nH]c3c(F)cccc23)CC1,Scientific Literature,Binding affinity towards human 5-hydroxytryptamine 1B receptor in L-M(tk-) cells using [3H]GR-125743 as radioligand,B,,,Bioorg Med Chem Lett,2004,Serotonin 1b (5-HT1b) receptor,Ki,nM,6.41,419.5,4.2
CHEMBL376813,35.0,COc1cc(N2CC[C@@H](N(C)C)C2)c2[nH]c(C(=O)Nc3ccc(N4CCOCC4)cc3)cc(=O)c2c1,Scientific Literature,Displacement of [3H]GR125743 from 5HT1B receptor transfected in CHO cells,B,Homo sapiens,,Bioorg Med Chem,2007,Serotonin 1b (5-HT1b) receptor,Ki,nM,7.46,491.59,2.77
CHEMBL2205814,10000.0,COc1ccc(CCN2C3C4C5CC6C7C5C3C7C2(O)C64)cc1OC,Scientific Literature,Binding affinity to 5-HT1B receptor,B,,,Bioorg Med Chem Lett,2012,Serotonin 1b (5-HT1b) receptor,Ki,nM,,339.44,2.01
CHEMBL282424,10000.0,Fc1ccccc1N1CCN(Cc2c[nH]c3ncccc23)CC1,Scientific Literature,Binding affinity to cloned human 5-hydroxytryptamine 1B receptor,B,Homo sapiens,,Bioorg Med Chem Lett,2001,Serotonin 1b (5-HT1b) receptor,Ki,nM,,310.38,3.02
CHEMBL392586,1.0,CN1CCN(c2cccc3ccc(OCc4noc(-c5ccc(Cl)cc5)n4)cc23)CC1,Scientific Literature,Displacement of [3H]5-hydroxytrytamine from human 5HT1B receptor expressed in HEK293 cells,B,Homo sapiens,,Bioorg Med Chem Lett,2007,Serotonin 1b (5-HT1b) receptor,Ki,nM,,434.93,4.87
CHEMBL456458,63.1,Cc1ccc2c(OCCN3CCC(Cc4cccc(N5CCN(C)CC5=O)c4)CC3)cccc2n1,Scientific Literature,Displacement of [3H]5HT from human 5HT1B receptor expressed in CHO cells,B,Homo sapiens,,Bioorg Med Chem Lett,2009,Serotonin 1b (5-HT1b) receptor,Ki,nM,7.2,472.63,4.16
CHEMBL459282,5.012,Cc1ccc2c(OCCN3CCC(Cc4cccc(C5CCN(C)CC5)c4)CC3)cccc2n1,Scientific Literature,Displacement of [3H]5HT from human 5HT1B receptor expressed in CHO cells,B,Homo sapiens,,Bioorg Med Chem Lett,2009,Serotonin 1b (5-HT1b) receptor,Ki,nM,8.3,457.66,5.69
CHEMBL2260928,2317.0,CNC(C)COc1ccc(Br)cc1Br.O=C(O)C(=O)O,Scientific Literature,Binding affinity to Homo sapiens (human) 5HT1B receptor by radioligand binding assay,B,Homo sapiens,,Med Chem Res,2009,Serotonin 1b (5-HT1b) receptor,Ki,nM,5.63,413.06,3.2
CHEMBL2260924,1456.0,CN1CCN(CCOc2ccc(Br)cc2Br)CC1.O=C(O)C(=O)O,Scientific Literature,Binding affinity to Homo sapiens (human) 5HT1B receptor by radioligand binding assay,B,Homo sapiens,,Med Chem Res,2009,Serotonin 1b (5-HT1b) receptor,Ki,nM,5.84,468.14,2.84
CHEMBL336092,107.0,OCCNCCOc1cccc2ccccc12,Scientific Literature,Agonist activity to the human recombinant 5-hydroxytryptamine 1B receptor,F,,,J Med Chem,1997,Serotonin 1b (5-HT1b) receptor,Ki,nM,6.97,231.29,1.8
CHEMBL29846,794.33,COc1ccc(NS(=O)(=O)c2sc3ccc(Cl)cc3c2C)cc1N1CCN(C)CC1,Scientific Literature,"The compound was tested for the binding affinity towards human cloned 5-hydroxytryptamine 1B receptor in CHO cells, using [3H]5-HT as radioligand",B,,,Bioorg Med Chem Lett,2002,Serotonin 1b (5-HT1b) receptor,Ki,nM,6.1,466.03,4.42
CHEMBL1632214,3.981,COc1ccccc1C(=O)Nc1cccc(CCN2CCN(c3cccc4nc(C)ccc34)CC2)c1,Scientific Literature,Displacement of [3H]5-HT from human recombinant 5-HT1B receptor expressed in CHO cells,B,Homo sapiens,,J Med Chem,2010,Serotonin 1b (5-HT1b) receptor,Ki,nM,8.4,480.61,5.17
CHEMBL1631539,12.59,CC(=O)N(C)c1cccc(CCN2CCN(c3cccc4nc(C)ccc34)CC2)c1,Scientific Literature,Displacement of [3H]5-HT from human recombinant 5-HT1B receptor expressed in CHO cells,B,Homo sapiens,,J Med Chem,2010,Serotonin 1b (5-HT1b) receptor,Ki,nM,7.9,402.54,3.89
CHEMBL4469848,9300.0,FC(F)(F)c1cc(Oc2nccc3occc23)ccc1-c1cccc2nccn12,Scientific Literature,Displacement of [3H]5-CT from recombinant human 5HT1B receptor stably expressed in HEK cells measured after 90 mins by microbeta scintillation counting method,B,Homo sapiens,,J Med Chem,2019,Serotonin 1b (5-HT1b) receptor,Ki,nM,5.03,395.34,5.95
CHEMBL2181169,10000.0,CCCN1CCC(COc2nc3c(I)cccc3c3ccccc23)CC1,Scientific Literature,Binding affinity to human 5HT1B by Cerep protocol based assay,B,Homo sapiens,,J Med Chem,2012,Serotonin 1b (5-HT1b) receptor,Ki,nM,,460.36,5.49
CHEMBL469589,794.33,Cc1ccc2c(N3CCN(CCCc4cccc5c4OCC(=O)N5C)CC3)cc(F)cc2n1,Scientific Literature,Antagonist activity at human 5HT1B assessed as GTPgammaS binding by scintillation proximity assay in presence of 5-HT,F,Homo sapiens,,Bioorg Med Chem Lett,2009,Serotonin 1b (5-HT1b) receptor,Ki,nM,6.1,448.54,3.79
CHEMBL471047,15.85,Cc1ccc2c(N3CCN(CCc4cccc5c4OCC(=O)N5C)[C@@H](C)C3)cccc2n1,Scientific Literature,Antagonist activity at human 5HT1B assessed as GTPgammaS binding by scintillation proximity assay in presence of 5-HT,F,Homo sapiens,,Bioorg Med Chem Lett,2009,Serotonin 1b (5-HT1b) receptor,Ki,nM,7.8,430.55,3.65
CHEMBL440008,64.0,O=C(NN1CC=C(c2ccc3[nH]cc(CCN4CCCC4)c3c2)CC1)C12CC3CC(CC(C3)C1)C2,Scientific Literature,Binding affinity was evaluated at the cloned human 5-hydroxytryptamine 1B receptor,B,,,Bioorg Med Chem Lett,2004,Serotonin 1b (5-HT1b) receptor,Ki,nM,7.19,472.68,5.14
CHEMBL71299,439.0,CCCN(CCC)C1CCc2ccc3c(c(C=O)cn3C)c2C1,Scientific Literature,"Binding affinity against 5-hydroxytryptamine 1D receptor beta expressed in CHO-K1 cells, using [3H]5-HT as the radioligand.",B,,,J Med Chem,1995,Serotonin 1b (5-HT1b) receptor,Ki,nM,6.36,312.46,3.97
CHEMBL1632206,0.5012,CC(=O)Nc1cccc(CCN2CCN(c3cccc4nc(C)ccc34)CC2)c1,Scientific Literature,Displacement of [3H]5-HT from human recombinant 5-HT1B receptor expressed in CHO cells,B,Homo sapiens,,J Med Chem,2010,Serotonin 1b (5-HT1b) receptor,Ki,nM,9.3,388.51,3.87
CHEMBL1631545,1.585,Cc1ccc2c(N3CCN(CCc4cccc(-n5cccn5)c4)CC3)cccc2n1,Scientific Literature,Displacement of [3H]5-HT from human recombinant 5-HT1B receptor expressed in CHO cells,B,Homo sapiens,,J Med Chem,2010,Serotonin 1b (5-HT1b) receptor,Ki,nM,8.8,397.53,4.09
CHEMBL1631544,39.81,Cc1ccc2c(N3CCN(CCc4cccc(N5C(=O)CCC5=O)c4)CC3)cccc2n1,Scientific Literature,Displacement of [3H]5-HT from human recombinant 5-HT1B receptor expressed in CHO cells,B,Homo sapiens,,J Med Chem,2010,Serotonin 1b (5-HT1b) receptor,Ki,nM,7.4,428.54,3.56
CHEMBL2204360,33.0,Cc1ccc(Sc2ccccc2N2CCNCC2)c(C)c1.Cl,Scientific Literature,Binding affinity at human 5HT1B receptor,B,Homo sapiens,,J Med Chem,2011,Serotonin 1b (5-HT1b) receptor,Ki,nM,7.48,334.92,3.86
CHEMBL224195,0.9,COc1cc(N2CCCN(C)CC2)c2[nH]c(C(=O)Nc3ccc(N4CCOCC4)cc3)cc(=O)c2c1,Scientific Literature,Displacement of [3H]GR125743 from 5HT1B receptor transfected in CHO cells,B,Homo sapiens,,Bioorg Med Chem,2007,Serotonin 1b (5-HT1b) receptor,Ki,nM,9.05,491.59,2.77
CHEMBL225308,392.0,COc1cc(N(C)CCN(C)C)c2[nH]c(C(=O)Nc3ccc(N4CCOCC4)cc3)cc(=O)c2c1,Scientific Literature,Displacement of [3H]GR125743 from 5HT1B receptor transfected in CHO cells,B,Homo sapiens,,Bioorg Med Chem,2007,Serotonin 1b (5-HT1b) receptor,Ki,nM,6.41,479.58,2.62
CHEMBL117397,3.2,CN1CCC[C@@H]1Cc1c[nH]c2ccc(C3=CCN(/C(S)=N/c4cccc5ccccc45)CC3)cc12,Scientific Literature,Binding affinity towards cloned human 5-hydroxytryptamine 1B receptor,B,,,Bioorg Med Chem Lett,2003,Serotonin 1b (5-HT1b) receptor,Ki,nM,8.49,480.68,6.66
CHEMBL138907,1225.0,CCCCN(CC)CCOc1cccc2ccccc12,Scientific Literature,Agonist activity to the human recombinant 5-hydroxytryptamine 1B receptor,F,,,J Med Chem,1997,Serotonin 1b (5-HT1b) receptor,Ki,nM,5.91,271.4,4.34
CHEMBL305743,216.0,CCCN(CCC)C1CCc2cc(F)c3[nH]ccc3c2C1,Scientific Literature,"Binding affinity against 5-hydroxytryptamine 1D receptor beta expressed in CHO-K1 cells, using [3H]5-HT as the radioligand.",B,,,J Med Chem,1995,Serotonin 1b (5-HT1b) receptor,Ki,nM,6.67,288.41,4.29
CHEMBL357830,0.22,NCCc1c[nH]c2ccc(OCC(=O)N3CCC(C4CCN(C(=O)COc5ccc6[nH]cc(CCN)c6c5)CC4)CC3)cc12,Scientific Literature,Ability to inhibit the forskolin-stimulated c-AMP formation mediated by human 5-hydroxytryptamine 1B receptor in CHO-K1 cells,F,,,J Med Chem,1996,Serotonin 1b (5-HT1b) receptor,Ki,nM,9.66,600.76,3.59
CHEMBL333784,1584.89,CC1CCN(CC[C@H]2CCCN2S(=O)(=O)c2ccc(Cl)c(Cl)c2)CC1,Scientific Literature,Binding affinity towards 5-hydroxytryptamine 1B receptor (human cloned receptor) in CHO cells using [3H]5-HT as radioligand,B,,,J Med Chem,2000,Serotonin 1b (5-HT1b) receptor,Ki,nM,5.8,405.39,4.27
CHEMBL434355,3.981,CCN1[C@H](C)CN(c2cc3c(cc2OC)CCN3C(=O)c2ccc(-c3cccc(C)n3)c3ccccc23)C[C@@H]1C,Scientific Literature,Binding affinity against cloned human 5-hydroxytryptamine 1B receptor,B,Homo sapiens,,Bioorg Med Chem Lett,2005,Serotonin 1b (5-HT1b) receptor,Ki,nM,8.4,534.7,6.34
CHEMBL109839,21.0,CCCCCCCCCCCOc1ccc2[nH]cc(CCN)c2c1,Scientific Literature,Displacement of [3H]-5-HT from human 5-hydroxytryptamine 1D receptor beta,B,,,J Med Chem,1996,Serotonin 1b (5-HT1b) receptor,Ki,nM,7.68,330.52,5.58
CHEMBL302171,2275.0,CCCN(CCC)[C@H]1CCc2ccc3[nH]ccc3c2C1,Scientific Literature,"Binding affinity against 5-hydroxytryptamine 1D receptor beta expressed in CHO-K1 cells, using [3H]5-HT as the radioligand.",B,,,J Med Chem,1995,Serotonin 1b (5-HT1b) receptor,Ki,nM,5.64,270.42,4.15
CHEMBL308727,6830.0,CC(C)(C)c1ccc(CC2=NCCN2)cc1,Scientific Literature,Binding affinity towards human 5-hydroxytryptamine 1B receptor using [3H]5-HT trifluoroacetate as radioligand,B,,,J Med Chem,1998,Serotonin 1b (5-HT1b) receptor,Ki,nM,5.17,216.33,2.53
CHEMBL104692,270.0,CN1CCC(c2c[nH]c3ccc(NC(=O)c4ccc([N+](=O)[O-])cc4)nc23)CC1,Scientific Literature,In vitro binding affinity by radioligand binding assay using cell line expressing human 5-hydroxytryptamine 1B receptor,B,,,J Med Chem,2003,Serotonin 1b (5-HT1b) receptor,Ki,nM,6.57,379.42,3.53
CHEMBL2260925,2478.0,CNC(C)COc1cccc(Cl)c1Cl.O=C(O)C(=O)O,Scientific Literature,Binding affinity to Homo sapiens (human) 5HT1B receptor by radioligand binding assay,B,Homo sapiens,,Med Chem Res,2009,Serotonin 1b (5-HT1b) receptor,Ki,nM,5.61,324.16,2.98
CHEMBL94984,3981.07,CC1CCN(CC[C@H]2CCCN2S(=O)(=O)c2cccc3ccccc23)CC1,Scientific Literature,Binding affinity towards 5-hydroxytryptamine 1B receptor (human cloned receptor) in CHO cells using [3H]5-HT as radioligand,B,,,J Med Chem,2000,Serotonin 1b (5-HT1b) receptor,Ki,nM,5.4,386.56,4.11
CHEMBL491839,0.631,CC1(C)Cc2cccc(N3CCN(CCc4ccc5c(c4)NC(=O)CO5)CC3)c2O1,Scientific Literature,Displacement of [3H]5HT from human 5HT1B receptor expressed in CHO cells,B,Homo sapiens,,Bioorg Med Chem Lett,2008,Serotonin 1b (5-HT1b) receptor,Ki,nM,9.2,407.51,3.1
CHEMBL495705,1.995,Cc1ccc2c(N3CCN(CCc4ccc5c(c4)NC(=O)CO5)CC3C)cccc2n1,Scientific Literature,Displacement of [3H]5HT from human 5HT1B receptor expressed in CHO cells,B,Homo sapiens,,Bioorg Med Chem Lett,2008,Serotonin 1b (5-HT1b) receptor,Ki,nM,8.7,416.53,3.63
CHEMBL496520,0.3981,Cc1ccc2c(N3CCN(CCc4ccc5c(c4F)NC(=O)CO5)CC3)cccc2n1,Scientific Literature,Displacement of [3H]5HT from human 5HT1B receptor expressed in CHO cells,B,Homo sapiens,,Bioorg Med Chem Lett,2008,Serotonin 1b (5-HT1b) receptor,Ki,nM,9.4,420.49,3.38
CHEMBL3961059,1200.0,CNCc1ccc(Cl)c(-c2ccccc2OC)c1,Scientific Literature,Binding affinity to 5-HT1BR (unknown origin),B,Homo sapiens,,J Med Chem,2021,Serotonin 1b (5-HT1b) receptor,Ki,nM,5.92,261.75,3.74
CHEMBL282693,2.512,COc1ccc(NC(=O)c2ccc(-c3ccc(-c4noc(C)n4)cc3C)cc2)cc1NCCN(C)C,Scientific Literature,Binding affinity for human 5-hydroxytryptamine 1B receptor,B,Homo sapiens,,J Med Chem,1998,Serotonin 1b (5-HT1b) receptor,Ki,nM,8.6,485.59,5.25
CHEMBL1258452,10000.0,CCCCN1CCC(COC(=O)c2ccc(N)c(OC)c2)CC1,Scientific Literature,Binding affinity to human 5-HT1B receptor,B,Homo sapiens,,J Med Chem,2010,Serotonin 1b (5-HT1b) receptor,Ki,nM,,320.43,2.95
CHEMBL239603,1000.0,OCC1CCCN(CCCC2CCCc3ccc(OCc4noc(-c5ccc(Cl)cc5)n4)cc32)C1,Scientific Literature,Displacement of [3H]5-hydroxytrytamine from human 5HT1B receptor expressed in HEK293 cells,B,Homo sapiens,,Bioorg Med Chem Lett,2007,Serotonin 1b (5-HT1b) receptor,Ki,nM,,496.05,5.87
CHEMBL157910,10000.0,COc1ccc(S(=O)(=O)Nc2cc(Cl)cc(Cl)c2Cl)cc1N1CCNCC1,Scientific Literature,Compound was evaluated for binding affinity against human cloned 5-hydroxytryptamine 1B receptor in CHO cells using [3H]5-HT as the radioligand,B,,,Bioorg Med Chem Lett,2001,Serotonin 1b (5-HT1b) receptor,Ki,nM,,450.78,3.87
CHEMBL234449,1000.0,NC(=O)c1ccc2c(c1)CCO[C@H]2CCN1CCN(c2ccc3cc(F)ccc3c2)CC1,Scientific Literature,Displacement of [3H]GR-125743 from human 5HT1B expressed in LM(tk-) cells,B,Homo sapiens,,Bioorg Med Chem Lett,2007,Serotonin 1b (5-HT1b) receptor,Ki,nM,,433.53,3.9
CHEMBL274256,5.012,COc1cc2c(cc1N1C[C@@H](C)N(C)[C@@H](C)C1)N(C(=O)c1ccc(-c3ccc(-c4noc(C)n4)cc3C)cc1)CC2,Scientific Literature,Binding affinity against cloned human 5-hydroxytryptamine 1B receptor,B,Homo sapiens,,Bioorg Med Chem Lett,2005,Serotonin 1b (5-HT1b) receptor,Ki,nM,8.3,551.69,5.76
CHEMBL224267,30.0,COc1cc(C(=O)Nc2ccc(N3CCOCC3)cc2)nc2c(N3CCN(C)CC3)cc(F)cc12,Scientific Literature,Displacement of [3H]GR125743 from 5HT1B receptor transfected in CHO cells,B,Homo sapiens,,Bioorg Med Chem,2007,Serotonin 1b (5-HT1b) receptor,Ki,nM,7.52,479.56,3.22
CHEMBL203400,7000.0,CCOC(=O)[C@@H]1CCCN(CCCC(C)(C)S(=O)(=O)c2ccccc2)C1,Scientific Literature,Displacement of [3H]5-HT from the cloned human 5-HT1B receptor expressed in CHO cells,B,Homo sapiens,,Bioorg Med Chem Lett,2006,Serotonin 1b (5-HT1b) receptor,Ki,nM,,381.54,3.29
CHEMBL303269,373.0,CCCN(CCC)C1CCc2ccc3[nH]cc(S(C)(=O)=O)c3c2C1,Scientific Literature,"Binding affinity against 5-hydroxytryptamine 1D receptor beta expressed in CHO-K1 cells, using [3H]5-HT as the radioligand.",B,,,J Med Chem,1995,Serotonin 1b (5-HT1b) receptor,Ki,nM,6.43,348.51,3.55
CHEMBL503468,79.0,O=C(Nc1ccc2[nH]cc(C3CCN(CCCCCCCN4CCC(c5c[nH]c6ccc(NC(=O)c7ccc(F)cc7)cc56)CC4)CC3)c2c1)c1ccc(F)cc1,Scientific Literature,Displacement of [3H]5-hydroxytryptamine from human cloned 5HT1B receptor expressed in CHOK1 cells by liquid scintillation counting,B,Homo sapiens,,J Med Chem,2008,Serotonin 1b (5-HT1b) receptor,Ki,nM,7.1,770.97,10.44
CHEMBL2260922,3641.0,CNCCOc1cc(Cl)ccc1Cl.O=C(O)C(=O)O,Scientific Literature,Binding affinity to Homo sapiens (human) 5HT1B receptor by radioligand binding assay,B,Homo sapiens,,Med Chem Res,2009,Serotonin 1b (5-HT1b) receptor,Ki,nM,5.44,310.13,2.59
CHEMBL304573,948.0,CCCN(CCC)[C@H]1CCc2cc(F)c3[nH]ccc3c2C1,Scientific Literature,"Binding affinity against 5-hydroxytryptamine 1D receptor beta expressed in CHO-K1 cells, using [3H]5-HT as the radioligand.",B,,,J Med Chem,1995,Serotonin 1b (5-HT1b) receptor,Ki,nM,6.02,288.41,4.29
CHEMBL4877051,1018.0,COc1ccc(-c2n[nH]cc2N2CCNCC2)cc1,Scientific Literature,Binding affinity to 5HT1B receptor (unknown origin),B,Homo sapiens,,J Med Chem,2021,Serotonin 1b (5-HT1b) receptor,Ki,nM,5.99,258.32,1.49
CHEMBL4848305,10000.0,Clc1cccc(-c2n[nH]cc2N2CCNCC2)c1,Scientific Literature,Binding affinity to 5HT1B receptor (unknown origin),B,Homo sapiens,,J Med Chem,2021,Serotonin 1b (5-HT1b) receptor,Ki,nM,,262.74,2.14
CHEMBL2181171,10000.0,CCCN1CCC(COc2nc3ccccc3c3ncccc23)CC1,Scientific Literature,Binding affinity to human 5HT1B by Cerep protocol based assay,B,Homo sapiens,,J Med Chem,2012,Serotonin 1b (5-HT1b) receptor,Ki,nM,,335.45,4.28
CHEMBL21369,125.89,Cc1cc(C(=O)Nc2cccc(N3CCN(C)CC3)c2)ccc1Br,Scientific Literature,Binding affinity for human 5-hydroxytryptamine 1B receptor,B,Homo sapiens,,J Med Chem,1998,Serotonin 1b (5-HT1b) receptor,Ki,nM,6.9,388.31,3.76
CHEMBL282971,630.96,COc1ccc(NS(=O)(=O)c2sc3ccc(Cl)cc3c2C)cc1N1CCN2CCC[C@@H]2C1,Scientific Literature,"The compound was tested for the binding affinity towards human cloned 5-hydroxytryptamine 1B receptor in CHO cells, using [3H]5-HT as radioligand",B,,,Bioorg Med Chem Lett,2002,Serotonin 1b (5-HT1b) receptor,Ki,nM,6.2,492.07,4.96
CHEMBL484387,50.12,Cc1ccc2c(OCCN3CC(COc4ccc5c(c4)NC(=O)CO5)C3)cccc2n1,Scientific Literature,Displacement of [3H]5HT from human cloned 5HT1B receptor expressed in CHO cells,B,Homo sapiens,,Bioorg Med Chem Lett,2008,Serotonin 1b (5-HT1b) receptor,Ki,nM,7.3,419.48,3.26
CHEMBL484216,39.81,Cc1ccc2c(OCC(C)N3CCC(Cc4ccc5c(c4)NC(=O)CO5)CC3)cccc2n1,Scientific Literature,Displacement of [3H]5HT from human cloned 5HT1B receptor expressed in CHO cells,B,Homo sapiens,,Bioorg Med Chem Lett,2008,Serotonin 1b (5-HT1b) receptor,Ki,nM,7.4,445.56,4.6
CHEMBL519037,5011.87,Cc1ccc2c(OC3CCN(CC(=O)c4ccc5c(c4)NC(=O)CO5)CC3)cccc2n1,Scientific Literature,Displacement of [3H]5HT from human cloned 5HT1B receptor expressed in CHO cells,B,Homo sapiens,,Bioorg Med Chem Lett,2008,Serotonin 1b (5-HT1b) receptor,Ki,nM,,431.49,3.6
CHEMBL139737,7660.0,CC(C)NCCCOc1cccc2ccccc12,Scientific Literature,Agonist activity to the human recombinant 5-hydroxytryptamine 1B receptor,F,,,J Med Chem,1997,Serotonin 1b (5-HT1b) receptor,Ki,nM,5.12,243.35,3.61
CHEMBL225310,170.0,CCN1CCC(N(CC)c2cc(OC)cc3c(=O)cc(C(=O)Nc4ccc(N5CCOCC5)cc4)[nH]c23)C1,Scientific Literature,Displacement of [3H]GR125743 from 5HT1B receptor transfected in CHO cells,B,Homo sapiens,,Bioorg Med Chem,2007,Serotonin 1b (5-HT1b) receptor,Ki,nM,6.77,519.65,3.55
CHEMBL108722,8.0,COc1cccc(N2CCN(C(=O)Nc3ccc(OC)c(N4CCN(C)CC4)c3)CC2)c1.O=C(O)/C=C/C(=O)O,Scientific Literature,Affinity for 5-hydroxytryptamine 1B receptor subtype,B,Homo sapiens,,Bioorg Med Chem Lett,1997,Serotonin 1b (5-HT1b) receptor,Ki,nM,8.1,555.63,2.81
CHEMBL277467,6.31,COc1ccc(NC(=O)c2ccc(Br)c(C)c2)cc1N1CCN(C)CC1,Scientific Literature,Binding affinity for human 5-hydroxytryptamine 1B receptor,B,Homo sapiens,,J Med Chem,1998,Serotonin 1b (5-HT1b) receptor,Ki,nM,8.2,418.34,3.77
CHEMBL512724,31.62,Cc1ccc2c(N3CCN(CCc4ccc5c(c4)OCC(=O)N5)CC3)cccc2n1,Scientific Literature,Antagonist activity at human 5HT1B assessed as GTPgammaS binding by scintillation proximity assay in presence of 5-HT,F,Homo sapiens,,Bioorg Med Chem Lett,2009,Serotonin 1b (5-HT1b) receptor,Ki,nM,7.5,402.5,3.24
CHEMBL2181188,10000.0,CCCN1CCC(COc2nc3c(Cl)cccc3c3ccccc23)CC1,Scientific Literature,Binding affinity to human 5HT1B by Cerep protocol based assay,B,Homo sapiens,,J Med Chem,2012,Serotonin 1b (5-HT1b) receptor,Ki,nM,,368.91,5.54
CHEMBL495161,1584.89,CC(=O)Nc1ccccc1CN1CCN(CCOc2cccc3nc(C)ccc23)CC1,Scientific Literature,Displacement of [3H]5HT from human recombinant 5HT1B receptor,B,Homo sapiens,,J Med Chem,2008,Serotonin 1b (5-HT1b) receptor,Ki,nM,5.8,418.54,3.7
CHEMBL422737,303.0,CN(C)CCc1c[nH]c2ccc(-c3ccc(Cl)s3)cc12,Scientific Literature,Binding affinity for human 5-hydroxytryptamine 1B receptor,B,Homo sapiens,,Bioorg Med Chem Lett,2000,Serotonin 1b (5-HT1b) receptor,Ki,nM,6.52,304.85,4.65
CHEMBL435936,7.943,COc1cc2c(cc1N1C[C@@H](C)N(C)[C@@H](C)C1)N(C(=O)Nc1cccc(Cl)c1Cl)CC2,Scientific Literature,Binding affinity against cloned human 5-hydroxytryptamine 1B receptor,B,Homo sapiens,,Bioorg Med Chem Lett,2005,Serotonin 1b (5-HT1b) receptor,Ki,nM,8.1,463.41,5.13
CHEMBL481153,2200.0,O=C(OCCN1CCCC1)N1c2ccccc2Sc2ccccc21,Scientific Literature,Antagonist activity at serotonin 5HT1B receptor (unknown origin) by PDSP assay,B,Homo sapiens,,Bioorg Med Chem Lett,2013,Serotonin 1b (5-HT1b) receptor,Ki,nM,5.66,340.45,4.52
CHEMBL327103,52.0,CC(C)C(=O)Oc1ccc2[nH]cc(CCN(C)C)c2c1,Scientific Literature,Displacement of [3H]-5-HT from human 5-hydroxytryptamine 1D receptor beta,B,,,J Med Chem,1996,Serotonin 1b (5-HT1b) receptor,Ki,nM,7.28,274.36,2.83
CHEMBL49826,15.5,CN1CCC[C@@H]1Cc1c[nH]c2ccc(C(C)(C)C)cc12,Scientific Literature,Binding affinity towards cloned human 5-hydroxytryptamine 1B receptor,B,Homo sapiens,,Bioorg Med Chem Lett,2000,Serotonin 1b (5-HT1b) receptor,Ki,nM,7.81,270.42,4.1
CHEMBL414628,1258.93,COc1ccc(S(=O)(=O)N2CCc3ccc(I)cc32)cc1N1CCNCC1,Scientific Literature,Compound was evaluated for binding affinity against human cloned 5-hydroxytryptamine 1B receptor in CHO cells using [3H]5-HT as the radioligand,B,,,Bioorg Med Chem Lett,2001,Serotonin 1b (5-HT1b) receptor,Ki,nM,5.9,499.37,2.46
CHEMBL2260927,6692.0,CNC(C)COc1cc(Cl)ccc1Cl.O=C(O)C(=O)O,Scientific Literature,Binding affinity to Homo sapiens (human) 5HT1B receptor by radioligand binding assay,B,Homo sapiens,,Med Chem Res,2009,Serotonin 1b (5-HT1b) receptor,Ki,nM,5.17,324.16,2.98
CHEMBL105327,610.0,CN1CCC(c2c[nH]c3ccc(NS(C)(=O)=O)nc23)CC1,Scientific Literature,In vitro binding affinity by radioligand binding assay using cell line expressing human 5-hydroxytryptamine 1B receptor,B,,,J Med Chem,2003,Serotonin 1b (5-HT1b) receptor,Ki,nM,6.21,308.41,1.74
CHEMBL484345,2000.0,NCCC(=O)Nc1cccc2c1cnn2S(=O)(=O)c1cccc2ccccc12,Scientific Literature,Binding affinity to 5HT1b receptor,B,,,Bioorg Med Chem Lett,2009,Serotonin 1b (5-HT1b) receptor,Ki,nM,,394.46,2.71
CHEMBL446745,1.3,CN1CCC(c2c[nH]c3ccc(NC(=O)CCCCCCCCCC(=O)Nc4ccc5[nH]cc(C6CCN(C)CC6)c5c4)cc23)CC1,Scientific Literature,Displacement of [3H]5-hydroxytryptamine from human cloned 5HT1B receptor expressed in CHOK1 cells by liquid scintillation counting,B,Homo sapiens,,J Med Chem,2008,Serotonin 1b (5-HT1b) receptor,Ki,nM,8.89,638.9,8.36
CHEMBL470217,158.49,Cc1ccc2c(N3CCN(CCCc4cccc5c4OCC(=O)N5C)[C@H](C)C3)cc(F)cc2n1,Scientific Literature,Antagonist activity at human 5HT1B assessed as GTPgammaS binding by scintillation proximity assay in presence of 5-HT,F,Homo sapiens,,Bioorg Med Chem Lett,2009,Serotonin 1b (5-HT1b) receptor,Ki,nM,6.8,462.57,4.18
CHEMBL1642851,5000.0,Cl.O=S(=O)(c1cccc2ccccc12)c1n[nH]c2ccc(NC3CCNCC3)cc12,Scientific Literature,Binding affinity to 5-HT1B receptor,B,,,Bioorg Med Chem,2011,Serotonin 1b (5-HT1b) receptor,Ki,nM,,442.97,3.71
CHEMBL197982,1000.0,C[C@@H]1CN(c2cccc3cc(F)ccc23)CCN1CCC1OCCc2c1sc(C(N)=O)c2Cl,Scientific Literature,Inhibition constant against 5-HT 1B receptor,B,Homo sapiens,,J Med Chem,2005,Serotonin 1b (5-HT1b) receptor,Ki,nM,,488.03,5.01
CHEMBL515472,884.0,COc1c(OCCF)cccc1[C@H](O)C1CCN(CCc2ccc(F)cc2)CC1,Scientific Literature,Inhibition of human cloned 5HT1B receptor by competitive binding experiment,B,Homo sapiens,,Bioorg Med Chem,2009,Serotonin 1b (5-HT1b) receptor,Ki,nM,6.05,405.49,4.17
CHEMBL2260931,10000.0,CN[C@@H](COc1cccc(Cl)c1Cl)c1ccccc1.O=C(O)C(=O)O,Scientific Literature,Binding affinity to Homo sapiens (human) 5HT1B receptor by radioligand binding assay,B,Homo sapiens,,Med Chem Res,2009,Serotonin 1b (5-HT1b) receptor,Ki,nM,,386.23,4.33
CHEMBL2260929,71.5,CNC(C)COc1c(Br)cccc1Br.O=C(O)C(=O)O,Scientific Literature,Binding affinity to Homo sapiens (human) 5HT1B receptor by radioligand binding assay,B,Homo sapiens,,Med Chem Res,2009,Serotonin 1b (5-HT1b) receptor,Ki,nM,7.15,413.06,3.2
CHEMBL520129,1800.0,O=C(Nc1ccc2cnn(S(=O)(=O)c3cccc4ccccc34)c2c1)C1CCCNC1,Scientific Literature,Binding affinity to 5HT1b receptor,B,,,Bioorg Med Chem Lett,2009,Serotonin 1b (5-HT1b) receptor,Ki,nM,5.75,434.52,3.36
CHEMBL376344,1000.0,COc1cc(N2CC[C@H](N(C)C)C2)c2[nH]c(C(=O)Nc3ccc(N4CCOCC4)cc3)cc(=O)c2c1,Scientific Literature,Displacement of [3H]GR125743 from 5HT1B receptor transfected in CHO cells,B,Homo sapiens,,Bioorg Med Chem,2007,Serotonin 1b (5-HT1b) receptor,Ki,nM,,491.59,2.77
CHEMBL518545,15.85,Cc1ccc2c(OCCN3CCC(Cc4cccc(N5CCN[C@@H](C)C5)c4)CC3)cccc2n1,Scientific Literature,Displacement of [3H]5HT from human 5HT1B receptor expressed in CHO cells,B,Homo sapiens,,Bioorg Med Chem Lett,2009,Serotonin 1b (5-HT1b) receptor,Ki,nM,7.8,458.65,4.67
CHEMBL500749,10000.0,O=C(Nc1ccc2[nH]cc(C3CCN(CCCCCCCCCCCCN4CCC(c5c[nH]c6ccc(NC(=O)c7ccc(F)cc7)cc56)CC4)CC3)c2c1)c1ccc(F)cc1,Scientific Literature,Displacement of [3H]5-hydroxytryptamine from human cloned 5HT1B receptor expressed in CHOK1 cells by liquid scintillation counting,B,Homo sapiens,,J Med Chem,2008,Serotonin 1b (5-HT1b) receptor,Ki,nM,,841.1,12.39
CHEMBL509314,126.0,O=C(Nc1ccc2[nH]cc(C3CCN(CCCCCCCCCCCN4CCC(c5c[nH]c6ccc(NC(=O)c7ccc(F)cc7)cc56)CC4)CC3)c2c1)c1ccc(F)cc1,Scientific Literature,Displacement of [3H]5-hydroxytryptamine from human cloned 5HT1B receptor expressed in CHOK1 cells by liquid scintillation counting,B,Homo sapiens,,J Med Chem,2008,Serotonin 1b (5-HT1b) receptor,Ki,nM,6.9,827.08,12.0
CHEMBL229429,10000.0,N#Cc1cc(F)cc(C#Cc2csc(CF)n2)c1,Scientific Literature,Displacement of [3H]GR-125743 from 5HT1B receptor,B,Homo sapiens,,J Med Chem,2007,Serotonin 1b (5-HT1b) receptor,Ki,nM,,260.27,3.02
CHEMBL302373,1512.0,CCCNC1CCc2cc(F)ccc2C1,Scientific Literature,"Binding affinity against 5-hydroxytryptamine 1D receptor beta expressed in CHO-K1 cells, using [3H]5-HT as the radioligand.",B,,,J Med Chem,1995,Serotonin 1b (5-HT1b) receptor,Ki,nM,5.82,207.29,2.68
CHEMBL113868,13.0,CN1CCC[C@@H]1Cc1c[nH]c2ccc(C3=CCN(/C(S)=N/C4CCCCC4)CC3)cc12,Scientific Literature,Binding affinity towards cloned human 5-hydroxytryptamine 1B receptor,B,,,Bioorg Med Chem Lett,2003,Serotonin 1b (5-HT1b) receptor,Ki,nM,7.89,436.67,5.51
CHEMBL1258671,10000.0,CCCCN1CCC(COC(=O)c2cc(F)c(N)c3c2OCCO3)CC1,Scientific Literature,Binding affinity to human 5-HT1B receptor,B,Homo sapiens,,J Med Chem,2010,Serotonin 1b (5-HT1b) receptor,Ki,nM,,366.43,2.85
CHEMBL5207529,52.1,COc1cc(OC)c(C2NCCc3c2[nH]c2ccc(Cl)cc32)cc1OC.Cl,Scientific Literature,Binding affinity to 5HT1B receptor (unknown origin) assessed as inhibition constant,B,Homo sapiens,,ACS Med Chem Lett,2022,Serotonin 1b (5-HT1b) receptor,Ki,nM,7.28,409.31,4.08
CHEMBL497963,1.995,Cc1ccc2c(OCCN3CCC(Cc4cccc(NS(C)(=O)=O)c4)CC3)cccc2n1,Scientific Literature,Displacement of [3H]5HT from human 5HT1B receptor expressed in CHO cells,B,Homo sapiens,,Bioorg Med Chem Lett,2009,Serotonin 1b (5-HT1b) receptor,Ki,nM,8.7,453.61,4.25
CHEMBL462916,7.943,Cc1ccc2c(OCCN3CCC(Cc4cccc(-c5ccncc5)c4)CC3)cccc2n1,Scientific Literature,Displacement of [3H]5HT from human 5HT1B receptor expressed in CHO cells,B,Homo sapiens,,Bioorg Med Chem Lett,2009,Serotonin 1b (5-HT1b) receptor,Ki,nM,8.1,437.59,5.94
CHEMBL128,7.7,CNS(=O)(=O)Cc1ccc2[nH]cc(CCN(C)C)c2c1,Scientific Literature,Binding affinity was evaluated at the cloned human 5-hydroxytryptamine 1B receptor,B,,,Bioorg Med Chem Lett,2004,Serotonin 1b (5-HT1b) receptor,Ki,nM,8.11,295.41,1.32
CHEMBL92139,11.0,CN(C)CCc1cccc2c1ccn2S(=O)(=O)c1ccccc1,Scientific Literature,Binding affinity against 5-hydroxytryptamine 1B receptor in CHO cells using [3H]5-HT as radioligand,B,,,J Med Chem,2001,Serotonin 1b (5-HT1b) receptor,Ki,nM,7.96,328.44,2.98
CHEMBL432713,12.59,O=C(/C=C/c1ccc(Cl)c(Cl)c1)NCCCCCN1CCC(c2c[nH]c3ccc(O)cc23)CC1,Scientific Literature,Binding affinity for 5-hydroxytryptamine 1B receptor was determined,B,,,Bioorg Med Chem Lett,2001,Serotonin 1b (5-HT1b) receptor,Ki,nM,7.9,500.47,6.36
CHEMBL2113350,158.49,Cl.N#Cc1ccc2c(c1)CN(CC[C@H]1CC[C@H](NC(=O)/C=C/c3ccccc3)CC1)CC2,Scientific Literature,Binding activity against human 5-hydroxytryptamine 1B receptor,B,Homo sapiens,,J Med Chem,2000,Serotonin 1b (5-HT1b) receptor,Ki,nM,6.8,450.03,4.69
CHEMBL349174,140.0,Cc1ccc(S(=O)(=O)N2CC=C(c3ccc4[nH]cc(CCN5CCCC5)c4c3)CC2)cc1,Scientific Literature,Binding affinity was evaluated at the cloned human 5-hydroxytryptamine 1B receptor,B,,,Bioorg Med Chem Lett,2004,Serotonin 1b (5-HT1b) receptor,Ki,nM,6.85,449.62,4.59
CHEMBL94612,14.0,O=C1NCCN1CCN1CCC(c2cn(-c3ccc(F)cc3)c3ccc(-c4cccnc4)cc23)CC1,Scientific Literature,Ability to displace [3H]5-CT (1.5 nM) from HeLa cells of human 5-hydroxytryptamine 1B receptor,B,,,J Med Chem,2003,Serotonin 1b (5-HT1b) receptor,Ki,nM,7.85,483.59,5.04
CHEMBL2260920,36.4,CNCCOc1cccc(Cl)c1Cl.O=C(O)C(=O)O,Scientific Literature,Binding affinity to Homo sapiens (human) 5HT1B receptor by radioligand binding assay,B,Homo sapiens,,Med Chem Res,2009,Serotonin 1b (5-HT1b) receptor,Ki,nM,7.44,310.13,2.59
CHEMBL523064,0.7943,Cc1ccc2c(N3C[C@H]4C[C@@H]3CN4CCc3ccc4c(c3)NC(=O)CO4)cccc2n1,Scientific Literature,Displacement of [3H]5HT from human 5HT1B receptor expressed in CHO cells,B,Homo sapiens,,Bioorg Med Chem Lett,2008,Serotonin 1b (5-HT1b) receptor,Ki,nM,9.1,414.51,3.38
CHEMBL143967,246.0,CCCN(CCC)CCc1c[nH]c2ccc(OS(=O)(=O)C(F)(F)F)cc12,Scientific Literature,Compound was tested for binding affinity against cloned human 5-HT1D beta receptor expressed in CHO-K1 cells.,B,,,J Med Chem,1996,Serotonin 1b (5-HT1b) receptor,Ki,nM,6.61,392.44,4.06
CHEMBL190298,63.1,Cc1ccc2c(OCCN3CCN(Cc4cccc5[nH]cnc45)CC3)cccc2n1,Scientific Literature,Displacement of [3H]5-HT from human 5-hydroxytryptamine 1B receptor expressed in CHO cells,B,Homo sapiens,,J Med Chem,2005,Serotonin 1b (5-HT1b) receptor,Ki,nM,7.2,401.51,3.62
CHEMBL424128,0.5,NCCc1c[nH]c2ccc(OCCCCCCOc3ccc4[nH]cc(CCN)c4c3)cc12,Scientific Literature,Ability to inhibit the forskolin-stimulated c-AMP formation mediated by human 5-hydroxytryptamine 1B receptor in CHO-K1 cells,F,,,J Med Chem,1996,Serotonin 1b (5-HT1b) receptor,Ki,nM,9.3,434.58,4.67
CHEMBL1242904,1.585,Cc1ccc2c(N3CCN(CCc4cccc5c4OCc4nccn4-5)CC3)cccc2n1,Scientific Literature,Antagonist activity against human recombinant 5HT1B receptor expressed in CHO cells assessed as inhibition of 5HT-induced [35S]GTPgammaS binding by scintillation proximity assay,F,Homo sapiens,,J Med Chem,2010,Serotonin 1b (5-HT1b) receptor,Ki,nM,8.8,425.54,3.99
CHEMBL1242623,1.585,Cc1ccc2c(N3CCN(CCc4cccc5c4OCc4c(C(=O)N6CCCCC6)ncn4-5)CC3)cccc2n1,Scientific Literature,Antagonist activity against human recombinant 5HT1B receptor expressed in CHO cells assessed as inhibition of 5HT-induced [35S]GTPgammaS binding by scintillation proximity assay,F,Homo sapiens,,J Med Chem,2010,Serotonin 1b (5-HT1b) receptor,Ki,nM,8.8,536.68,4.61
CHEMBL1242167,0.631,Cc1ccc2c(N3CCN(CCc4cccc5c4OCc4c(C(=O)NC6CCC6)ncn4-5)CC3)cccc2n1,Scientific Literature,Antagonist activity against human recombinant 5HT1B receptor expressed in CHO cells assessed as inhibition of 5HT-induced [35S]GTPgammaS binding by scintillation proximity assay,F,Homo sapiens,,J Med Chem,2010,Serotonin 1b (5-HT1b) receptor,Ki,nM,9.2,522.65,4.27
CHEMBL1241824,0.631,Cc1ccc2c(N3CCN(CCc4cccc5c4OCc4c(C(=O)N(C)C)ncn4-5)CC3)cccc2n1,Scientific Literature,Antagonist activity against human recombinant 5HT1B receptor expressed in CHO cells assessed as inhibition of 5HT-induced [35S]GTPgammaS binding by scintillation proximity assay,F,Homo sapiens,,J Med Chem,2010,Serotonin 1b (5-HT1b) receptor,Ki,nM,9.2,496.62,3.69
CHEMBL283036,10000.0,FC(F)(F)c1ccc(N2CCN(Cc3c[nH]c4ncccc34)CC2)cc1,Scientific Literature,Binding affinity to cloned human 5-hydroxytryptamine 1B receptor,B,Homo sapiens,,Bioorg Med Chem Lett,2001,Serotonin 1b (5-HT1b) receptor,Ki,nM,,360.38,3.9
CHEMBL163516,170.0,S=C(NN1CC=C(c2ccc3[nH]cc(CCN4CCCC4)c3c2)CC1)C12CC3CC(CC(C3)C1)C2,Scientific Literature,Binding affinity was evaluated at the cloned human 5-hydroxytryptamine 1B receptor,B,,,Bioorg Med Chem Lett,2004,Serotonin 1b (5-HT1b) receptor,Ki,nM,6.77,488.75,5.94
CHEMBL327662,20.0,Cn1cnnc1-c1ccc2c(c1)c(C1CCN(CCN3CCNC3=O)CC1)cn2-c1ccc(F)cc1,Scientific Literature,Ability to displace [3H]5-CT (1.5 nM) from HeLa cells of human 5-hydroxytryptamine 1B receptor,B,,,J Med Chem,2003,Serotonin 1b (5-HT1b) receptor,Ki,nM,7.7,487.58,3.77
CHEMBL1632208,1.585,Cc1ccc2c(N3CCN(CCc4cccc(NC(=O)C(C)C)c4)CC3)cccc2n1,Scientific Literature,Displacement of [3H]5-HT from human recombinant 5-HT1B receptor expressed in CHO cells,B,Homo sapiens,,J Med Chem,2010,Serotonin 1b (5-HT1b) receptor,Ki,nM,8.8,416.57,4.5
CHEMBL1631538,1.259,CCOC(=O)Nc1cccc(CCN2CCN(c3cccc4nc(C)ccc34)CC2)c1,Scientific Literature,Displacement of [3H]5-HT from human recombinant 5-HT1B receptor expressed in CHO cells,B,Homo sapiens,,J Med Chem,2010,Serotonin 1b (5-HT1b) receptor,Ki,nM,8.9,418.54,4.48
CHEMBL114012,10000.0,CC1CCN(CCC2CCCCN2S(=O)(=O)c2cccc3ccccc23)CC1,Scientific Literature,Binding affinity towards 5-hydroxytryptamine 1B receptor (human cloned receptor) in CHO cells using [3H]5-HT as radioligand,B,,,J Med Chem,2000,Serotonin 1b (5-HT1b) receptor,Ki,nM,,400.59,4.51
CHEMBL186961,30000.0,c1ccc(NC2=NCCN2)cc1,Scientific Literature,Binding affinity towards human 5-hydroxytryptamine 1B receptor,B,Homo sapiens,,Bioorg Med Chem Lett,2004,Serotonin 1b (5-HT1b) receptor,Ki,nM,,161.21,1.06
CHEMBL5077293,410.0,COc1ccccc1-c1cc(C2CCNC2)ccc1Cl,Scientific Literature,Binding affinity to 5-HT1BR (unknown origin),B,Homo sapiens,,J Med Chem,2021,Serotonin 1b (5-HT1b) receptor,Ki,nM,6.39,287.79,4.09
CHEMBL420997,340.0,Cn1cnc(-c2ccc3c(c2)c(C2CCN(CCC#N)CC2)cn3-c2ccc(F)cc2)n1,Scientific Literature,Ability to displace [3H]5-CT (1.5 nM) from HeLa cells of human 5-hydroxytryptamine 1B receptor,B,,,J Med Chem,2003,Serotonin 1b (5-HT1b) receptor,Ki,nM,6.47,428.52,4.66
CHEMBL484386,199.53,Cc1ccc2c(OC(C)CN3CCC(Cc4ccc5c(c4)NC(=O)CO5)CC3)cccc2n1,Scientific Literature,Displacement of [3H]5HT from human cloned 5HT1B receptor expressed in CHO cells,B,Homo sapiens,,Bioorg Med Chem Lett,2008,Serotonin 1b (5-HT1b) receptor,Ki,nM,6.7,445.56,4.6
CHEMBL391033,31.62,Cc1ccc2c(OCCN3CCC(Cc4ccc5c(c4)NC(=O)CO5)CC3)c(F)ccc2n1,Scientific Literature,Displacement of [3H]5-HT from human cloned 5HT1B receptor expressed in CHO cells,B,Homo sapiens,,Bioorg Med Chem Lett,2007,Serotonin 1b (5-HT1b) receptor,Ki,nM,7.5,449.53,4.35
CHEMBL441256,82.0,CCCN(CCC)C1CCc2cc(F)c3[nH]cc(C=O)c3c2C1,Scientific Literature,"Binding affinity against 5-hydroxytryptamine 1D receptor beta expressed in CHO-K1 cells, using [3H]5-HT as the radioligand.",B,,,J Med Chem,1995,Serotonin 1b (5-HT1b) receptor,Ki,nM,7.09,316.42,4.1
CHEMBL311694,1000.0,N#Cc1cccc2c(C3=CCN(CCC4OCCc5cc(C(N)=O)ccc54)CC3)c[nH]c12,Scientific Literature,Binding affinity towards human 5-hydroxytryptamine 1B receptor in L-M(tk-) cells using [3H]GR-125743 as radioligand,B,,,Bioorg Med Chem Lett,2004,Serotonin 1b (5-HT1b) receptor,Ki,nM,,426.52,3.93
CHEMBL147677,0.2,NCCc1c[nH]c2ccc(OCCNC(=O)NCCOc3ccc4[nH]cc(CCN)c4c3)cc12,Scientific Literature,Ability to inhibit the forskolin-stimulated c-AMP formation mediated by human 5-hydroxytryptamine 1B receptor in CHO-K1 cells,F,,,J Med Chem,1996,Serotonin 1b (5-HT1b) receptor,Ki,nM,9.7,464.57,2.41
CHEMBL489453,16.0,CN1CCC(c2c[nH]c3ccc(NC(=O)CC(=O)Nc4ccc5[nH]cc(C6CCN(C)CC6)c5c4)cc23)CC1,Scientific Literature,Displacement of [3H]5-hydroxytryptamine from human cloned 5HT1B receptor expressed in CHOK1 cells by liquid scintillation counting,B,Homo sapiens,,J Med Chem,2008,Serotonin 1b (5-HT1b) receptor,Ki,nM,7.8,526.69,5.23
CHEMBL521235,353.0,CN1CCC(c2c[nH]c3ccc(N)cc23)CC1,Scientific Literature,Displacement of [3H]5-hydroxytryptamine from human cloned 5HT1B receptor expressed in CHOK1 cells by liquid scintillation counting,B,Homo sapiens,,J Med Chem,2008,Serotonin 1b (5-HT1b) receptor,Ki,nM,6.45,229.33,2.56
CHEMBL497127,100.0,CCN(C(C)=O)c1cccc(CC2CCN(CCOc3cccc4nc(C)ccc34)CC2)c1,Scientific Literature,Displacement of [3H]5HT from human recombinant 5HT1B receptor,B,Homo sapiens,,J Med Chem,2008,Serotonin 1b (5-HT1b) receptor,Ki,nM,7.0,445.61,5.25
CHEMBL497979,125.89,Cc1ccc2c(N3CCN(CCc4ccc5c(c4)NC(=O)CO5)CC3)ccc(F)c2n1,Scientific Literature,Displacement of [3H]5HT from human 5HT1B receptor expressed in CHO cells,B,Homo sapiens,,Bioorg Med Chem Lett,2008,Serotonin 1b (5-HT1b) receptor,Ki,nM,6.9,420.49,3.38
CHEMBL521873,7.943,Cc1ccc2c(N3CCN(CCc4ccc5c(c4)NC(=O)CO5)[C@H](C)C3)cccc2n1,Scientific Literature,Displacement of [3H]5HT from human 5HT1B receptor expressed in CHO cells,B,Homo sapiens,,Bioorg Med Chem Lett,2008,Serotonin 1b (5-HT1b) receptor,Ki,nM,8.1,416.53,3.63
CHEMBL495703,1.259,Cc1ccc2c(N3CCN(CCc4ccc5c(c4)NC(=O)CO5)[C@@H](C)C3)cccc2n1,Scientific Literature,Displacement of [3H]5HT from human 5HT1B receptor expressed in CHO cells,B,Homo sapiens,,Bioorg Med Chem Lett,2008,Serotonin 1b (5-HT1b) receptor,Ki,nM,8.9,416.53,3.63
CHEMBL489394,1.0,Cc1ccc2c(N3CCN(CCc4cc(F)c5c(c4)NC(=O)CO5)CC3)cccc2n1,Scientific Literature,Displacement of [3H]5HT from human 5HT1B receptor expressed in CHO cells,B,Homo sapiens,,Bioorg Med Chem Lett,2008,Serotonin 1b (5-HT1b) receptor,Ki,nM,9.0,420.49,3.38
CHEMBL171129,17.0,CN(C)CCc1c[nH]c2ccc(-c3ccsc3)cc12,Scientific Literature,Binding affinity for human 5-hydroxytryptamine 1B receptor,B,Homo sapiens,,Bioorg Med Chem Lett,2000,Serotonin 1b (5-HT1b) receptor,Ki,nM,7.77,270.4,4.0
CHEMBL356277,0.27,NCCc1c[nH]c2ccc(OCC(=O)Nc3ccc(NC(=O)COc4ccc5[nH]cc(CCN)c5c4)cc3)cc12,Scientific Literature,Ability to inhibit the forskolin-stimulated c-AMP formation mediated by human 5-hydroxytryptamine 1B receptor in CHO-K1 cells,F,,,J Med Chem,1996,Serotonin 1b (5-HT1b) receptor,Ki,nM,9.57,540.62,3.69
CHEMBL302172,139.0,CCCN(CCC)[C@@H]1CCc2ccc3[nH]ccc3c2C1,Scientific Literature,"Binding affinity against 5-hydroxytryptamine 1D receptor beta expressed in CHO-K1 cells, using [3H]5-HT as the radioligand.",B,,,J Med Chem,1995,Serotonin 1b (5-HT1b) receptor,Ki,nM,6.86,270.42,4.15
CHEMBL186919,30000.0,Cc1cccc(C)c1N=C1NCCN1,Scientific Literature,Binding affinity towards human 5-hydroxytryptamine 1B receptor,B,Homo sapiens,,Bioorg Med Chem Lett,2004,Serotonin 1b (5-HT1b) receptor,Ki,nM,,189.26,1.48
CHEMBL143510,37.0,CCN(CC)CCc1c[nH]c2ccc(OS(=O)(=O)C(F)(F)F)cc12,Scientific Literature,Compound was tested for intrinsic efficacy against human 5-hydroxytryptamine 1D receptor beta measured as the reduction of forskolin-stimulated cAMP.,F,,,J Med Chem,1996,Serotonin 1b (5-HT1b) receptor,Ki,nM,7.43,364.39,3.28
CHEMBL1241548,1.995,Cc1ccc2c(N3CCN(CCc4cccc5c4OCc4nc(C)c(C)n4-5)CC3)cccc2n1,Scientific Literature,Antagonist activity against human recombinant 5HT1B receptor expressed in CHO cells assessed as inhibition of 5HT-induced [35S]GTPgammaS binding by scintillation proximity assay,F,Homo sapiens,,J Med Chem,2010,Serotonin 1b (5-HT1b) receptor,Ki,nM,8.7,453.59,4.6
CHEMBL1241737,2.512,CO/N=C(\C)c1ncn2c1COc1c(CCN3CCN(c4cccc5nc(C)ccc45)CC3)cccc1-2,Scientific Literature,Antagonist activity against human recombinant 5HT1B receptor expressed in CHO cells assessed as inhibition of 5HT-induced [35S]GTPgammaS binding by scintillation proximity assay,F,Homo sapiens,,J Med Chem,2010,Serotonin 1b (5-HT1b) receptor,Ki,nM,8.6,496.62,4.36
CHEMBL4743495,1156.91,Cl.O=C(O)c1cc(-c2ccc(C3CCNCC3)cc2)c2ccc(-c3ccc(C(F)(F)F)cc3)cc2c1,EUbOPEN Chemogenomic Library,"PDSP Secondary Binding target: HTR1B - Compounds are tested at 10 uM concentration, plate are incubated at room temperature in the dark for 90 minutes. Reaction are stopped by vacuum filtration onto 0.3% polyethyleneimine soaked filter mats using Filtermate harvester. Scintillation cocktail is then melted onto microwave-dried filters on a hot plate and the radio activity is counted in Microbia counter. Compounds showing a minimum of 50% inhibition at 10 uM concentration are carried forward in this secondary binding assay to determine equilibrium binding affinity.",B,Homo sapiens,,,2024,Serotonin 1b (5-HT1b) receptor,Ki,nM,5.94,511.97,7.36
CHEMBL391272,1000.0,C[C@H]1CN(c2ccc3cc(F)ccc3c2)CCN1CC[C@@H]1OCCc2cc(C(N)=O)ccc21,Scientific Literature,Displacement of [3H]GR-125743 from human 5HT1B expressed in LM(tk-) cells,B,Homo sapiens,,Bioorg Med Chem Lett,2007,Serotonin 1b (5-HT1b) receptor,Ki,nM,,447.55,4.29
CHEMBL4218672,10000.0,Fc1ccc(-c2noc3c2CCNCC3)cc1,Scientific Literature,Displacement of [3H]LSD from human 5-HT1B receptor expressed in HEK cell membranes after 1.5 hrs by microbeta scintillation counting method,B,Homo sapiens,,J Med Chem,2018,Serotonin 1b (5-HT1b) receptor,Ki,nM,,232.26,2.17
CHEMBL4218801,10000.0,Clc1ccc(-c2noc3c2CCNCC3)cc1,Scientific Literature,Displacement of [3H]LSD from human 5-HT1B receptor expressed in HEK cell membranes after 1.5 hrs by microbeta scintillation counting method,B,Homo sapiens,,J Med Chem,2018,Serotonin 1b (5-HT1b) receptor,Ki,nM,,248.71,2.68
CHEMBL325175,4.8,CN1CCC[C@@H]1Cc1c[nH]c2ccc(C3=CCN(C(=O)Nc4ccccc4)CC3)cc12,Scientific Literature,Binding affinity towards cloned human 5-hydroxytryptamine 1B receptor,B,,,Bioorg Med Chem Lett,2003,Serotonin 1b (5-HT1b) receptor,Ki,nM,8.32,414.55,5.13
CHEMBL2181170,10000.0,CCCN1CCC(COc2nc3c(F)cccc3c3ncccc23)CC1,Scientific Literature,Binding affinity to human 5HT1B by Cerep protocol based assay,B,Homo sapiens,,J Med Chem,2012,Serotonin 1b (5-HT1b) receptor,Ki,nM,,353.44,4.42
CHEMBL4576555,1995.26,CN1CCN(C(=O)C(C)(C)c2ccc(C(=O)Nc3cn4cc(-c5cc(C(C)(C)C)cc(C(C)(C)C)c5)ccc4n3)cc2)CC1,SGC Frankfurt - Donated Chemical Probes,GPCRScan assay: inhibition of 5-HT1B,B,Homo sapiens,,,2021,Serotonin 1b (5-HT1b) receptor,Ki,nM,5.7,593.82,6.9
CHEMBL495213,1.259,Cc1ccc2c(OCCN3CCC(Cc4cccc(NS(=O)(=O)C(C)C)c4)CC3)cccc2n1,Scientific Literature,Displacement of [3H]5HT from human recombinant 5HT1B receptor,B,Homo sapiens,,J Med Chem,2008,Serotonin 1b (5-HT1b) receptor,Ki,nM,8.9,481.66,5.03
CHEMBL495160,1258.93,CC(=O)Nc1ccc(CN2CCN(CCOc3cccc4nc(C)ccc34)CC2)cc1,Scientific Literature,Displacement of [3H]5HT from human recombinant 5HT1B receptor,B,Homo sapiens,,J Med Chem,2008,Serotonin 1b (5-HT1b) receptor,Ki,nM,5.9,418.54,3.7
CHEMBL1242950,1000.0,CCCCC1CCN(CCCC(=O)c2ccccc2C)CC1,Scientific Literature,Binding affinity to 5-HT1B receptor by radioligand displacement assay,B,,,J Med Chem,2010,Serotonin 1b (5-HT1b) receptor,Ki,nM,,301.47,4.86
CHEMBL309021,70.1,COc1ccc(C(=O)Nc2ccc(-c3ccncc3)cc2)cc1CCCN(C)C,Scientific Literature,Binding affinity for 5-hydroxytryptamine 1B receptor in C6-glial transfected cell type using [3H]5-CT as radioligand,B,,,J Med Chem,1997,Serotonin 1b (5-HT1b) receptor,Ki,nM,7.15,389.5,4.5
CHEMBL511279,15.85,Cc1ccc2c(N3CCN(CCc4cccc5c4OCC(=O)N5CC(F)F)CC3)cccc2n1,Scientific Literature,Antagonist activity at human 5HT1B assessed as GTPgammaS binding by scintillation proximity assay in presence of 5-HT,F,Homo sapiens,,Bioorg Med Chem Lett,2009,Serotonin 1b (5-HT1b) receptor,Ki,nM,7.8,466.53,3.9
CHEMBL197947,1.0,CCc1c(C(=O)N2CCc3cc4ccnc(N5CCN6CCC[C@@H]6C5)c4cc32)cnn1-c1ccc(C#N)cc1,Scientific Literature,Mean binding affinity towards 5-hydroxytryptamine 1B receptor using [3H]5-HT or [3H]-8-OH-DPAT as the radioligand,B,Homo sapiens,,Bioorg Med Chem Lett,2005,Serotonin 1b (5-HT1b) receptor,Ki,nM,9.0,517.64,4.34
CHEMBL194610,19.95,COc1cc2c(cc1N1C[C@@H](C)N(C)[C@@H](C)C1)N(C(=O)c1cccc(Cl)c1)CC2,Scientific Literature,Binding affinity against cloned human 5-hydroxytryptamine 1B receptor,B,Homo sapiens,,Bioorg Med Chem Lett,2005,Serotonin 1b (5-HT1b) receptor,Ki,nM,7.7,413.95,4.08
CHEMBL196848,0.631,COc1cc2c(cc1N1C[C@@H](C)N(C)[C@@H](C)C1)N(C(=O)c1ccc(-c3ccccc3C)cc1)CC2,Scientific Literature,Binding affinity against cloned human 5-hydroxytryptamine 1B receptor,B,Homo sapiens,,Bioorg Med Chem Lett,2005,Serotonin 1b (5-HT1b) receptor,Ki,nM,9.2,469.63,5.4
CHEMBL192176,100.0,Cc1ccc2c(OCCN3CCN(CN4C=CC5=CC(=O)CC=C5O4)CC3)cccc2n1,Scientific Literature,Displacement of [3H]5-HT from human 5-hydroxytryptamine 1B receptor expressed in CHO cells,B,Homo sapiens,,J Med Chem,2005,Serotonin 1b (5-HT1b) receptor,Ki,nM,7.0,432.52,3.04
CHEMBL190190,398.11,Cc1ccc2c(OCCN3CCN(Cc4cccc5cc[nH]c45)CC3)cccc2n1,Scientific Literature,Displacement of [3H]5-HT from human 5-hydroxytryptamine 1B receptor expressed in CHO cells,B,Homo sapiens,,J Med Chem,2005,Serotonin 1b (5-HT1b) receptor,Ki,nM,6.4,400.53,4.22
CHEMBL81703,186.0,NC(=O)c1ccc2c(c1)CCOC2CCN1CC=C(c2csc3cc(F)ccc23)CC1,Scientific Literature,Binding affinity towards human 5-hydroxytryptamine 1B receptor in L-M(tk-) cells using [3H]GR-125743 as radioligand,B,,,Bioorg Med Chem Lett,2004,Serotonin 1b (5-HT1b) receptor,Ki,nM,6.73,436.55,4.93
CHEMBL147901,0.16,NCCc1c[nH]c2ccc(OCCNC(=O)COc3ccc4[nH]cc(CCN)c4c3)cc12,Scientific Literature,Ability to inhibit the forskolin-stimulated c-AMP formation mediated by human 5-hydroxytryptamine 1B receptor in CHO-K1 cells,F,,,J Med Chem,1996,Serotonin 1b (5-HT1b) receptor,Ki,nM,9.8,435.53,2.23
CHEMBL342704,290.0,NCCCOc1cccc2ccccc12,Scientific Literature,Agonist activity to the human recombinant 5-hydroxytryptamine 1B receptor,F,,,J Med Chem,1997,Serotonin 1b (5-HT1b) receptor,Ki,nM,6.54,201.27,2.57
CHEMBL79674,131.0,NC(=O)c1ccc2c(c1)CCOC2CCN1CCC(c2c[nH]c3cc(F)ccc23)CC1,Scientific Literature,Binding affinity towards human 5-hydroxytryptamine 1B receptor in L-M(tk-) cells using [3H]GR-125743 as radioligand,B,,,Bioorg Med Chem Lett,2004,Serotonin 1b (5-HT1b) receptor,Ki,nM,6.88,421.52,4.29
CHEMBL601013,0.955,COC1(c2ccc(NC(=O)C3CCc4cc(F)cc(-c5c(C)nn(C)c5C)c4O3)cn2)CCOCC1,Scientific Literature,Binding affinity to 5HT1B receptor expressed in CHO cells,B,,,J Med Chem,2010,Serotonin 1b (5-HT1b) receptor,Ki,nM,9.02,494.57,4.22
CHEMBL334259,5.8,CN1CCC[C@@H]1Cc1c[nH]c2ccc(C3=CCN(/C(S)=N/c4ccccc4)CC3)cc12,Scientific Literature,Binding affinity towards cloned human 5-hydroxytryptamine 1B receptor,B,,,Bioorg Med Chem Lett,2003,Serotonin 1b (5-HT1b) receptor,Ki,nM,8.24,430.62,5.51
CHEMBL323603,14.0,CN1CCC[C@@H]1Cc1c[nH]c2ccc(C3=CCN(C(=O)NC4CCCCC4)CC3)cc12,Scientific Literature,Binding affinity towards cloned human 5-hydroxytryptamine 1B receptor,B,,,Bioorg Med Chem Lett,2003,Serotonin 1b (5-HT1b) receptor,Ki,nM,7.85,420.6,4.94
CHEMBL1615374,1244.8,Cl.N#Cc1ccc2[nH]cc(CCCCN3CCN(c4ccc5oc(C(N)=O)cc5c4)CC3)c2c1,EUbOPEN Chemogenomic Library,"PDSP Secondary Binding target: HTR1B - Compounds are tested at 10 uM concentration, plate are incubated at room temperature in the dark for 90 minutes. Reaction are stopped by vacuum filtration onto 0.3% polyethyleneimine soaked filter mats using Filtermate harvester. Scintillation cocktail is then melted onto microwave-dried filters on a hot plate and the radio activity is counted in Microbia counter. Compounds showing a minimum of 50% inhibition at 10 uM concentration are carried forward in this secondary binding assay to determine equilibrium binding affinity.",B,Homo sapiens,,,2024,Serotonin 1b (5-HT1b) receptor,Ki,nM,5.91,478.0,4.03
CHEMBL3706923,114.0,C[C@H]1CN(c2cccc3cc(F)ccc23)CCN1CC[C@@H]1OCc2cc(C(N)=O)ccc21,Scientific Literature,Displacement of [3H]GR-125743 from human 5HT1B expressed in LM(tk-) cells,B,Homo sapiens,,Bioorg Med Chem Lett,2007,Serotonin 1b (5-HT1b) receptor,Ki,nM,6.94,433.53,4.25
CHEMBL372651,2.512,CCc1c(C(=O)N2CCc3cc4ccnc(N5CCNCC5)c4cc32)cnn1-c1ccc(C#N)cc1,Scientific Literature,Mean binding affinity towards 5-hydroxytryptamine 1B receptor using [3H]5-HT or [3H]-8-OH-DPAT as the radioligand,B,Homo sapiens,,Bioorg Med Chem Lett,2005,Serotonin 1b (5-HT1b) receptor,Ki,nM,8.6,477.57,3.47
CHEMBL399719,7.943,Cc1ccc2c(OCCN3CCN(Cc4ccc5c(c4)N(C)C(=O)CO5)CC3)cccc2n1,Scientific Literature,Displacement of [3H]5-HT from human recombinant 5HT1B receptor expressed in CHO cells,B,Homo sapiens,,Bioorg Med Chem Lett,2007,Serotonin 1b (5-HT1b) receptor,Ki,nM,8.1,446.55,3.1
CHEMBL250973,12.59,CCOc1ccc(CC(=O)N2CCc3cc(OC)c(N4C[C@@H](C)N(C)[C@@H](C)C4)cc32)cc1Cl,Scientific Literature,Binding affinity at 5HT1B receptor,B,,,Bioorg Med Chem Lett,2007,Serotonin 1b (5-HT1b) receptor,Ki,nM,7.9,472.03,4.41
CHEMBL5071978,10000.0,CCN(CC)Cc1ccc(Cl)c(-c2ccccc2OC)c1,Scientific Literature,Binding affinity to 5-HT1BR (unknown origin),B,Homo sapiens,,J Med Chem,2021,Serotonin 1b (5-HT1b) receptor,Ki,nM,,303.83,4.86
CHEMBL5091373,84.0,CNCCc1ccc(Cl)c(-c2ccccc2OC)c1.Cl,Scientific Literature,Binding affinity to 5-HT1BR (unknown origin),B,Homo sapiens,,J Med Chem,2021,Serotonin 1b (5-HT1b) receptor,Ki,nM,7.08,312.24,3.78
CHEMBL5074190,74.0,COc1ccccc1-c1cc(CCN(C)C)ccc1Cl,Scientific Literature,Binding affinity to 5-HT1BR (unknown origin),B,Homo sapiens,,J Med Chem,2021,Serotonin 1b (5-HT1b) receptor,Ki,nM,7.13,289.81,4.12
CHEMBL2181189,10000.0,CCCN1CCC(COc2nc3c(F)cccc3c3ccccc23)CC1,Scientific Literature,Binding affinity to human 5HT1B by Cerep protocol based assay,B,Homo sapiens,,J Med Chem,2012,Serotonin 1b (5-HT1b) receptor,Ki,nM,,352.45,5.03
CHEMBL2058420,10000.0,CN1C(=N)N(C)/C(=C/c2c[nH]c3c(Br)cccc23)C1=O,Scientific Literature,Displacement of [3H]5-CT from human recombinant 5HT1B receptor stably expressed in HEK cells,B,Homo sapiens,,Bioorg Med Chem,2013,Serotonin 1b (5-HT1b) receptor,Ki,nM,,333.19,2.61
CHEMBL115415,610.0,CN(C)CCc1c[nH]c2ccc(C3=CCN(C)CC3)cc12,Scientific Literature,Binding affinity was evaluated at the cloned human 5-hydroxytryptamine 1B receptor,B,,,Bioorg Med Chem Lett,2004,Serotonin 1b (5-HT1b) receptor,Ki,nM,6.21,283.42,2.99
CHEMBL2436555,10000.0,Cl.NC1=Nc2ccc(Cl)cc2CN1,Scientific Literature,Displacement of [3H]5-CT from human recombinant 5-HT1B receptor expressed in HEK cells after 90 mins by scintillation counting analysis,B,Homo sapiens,,Bioorg Med Chem Lett,2013,Serotonin 1b (5-HT1b) receptor,Ki,nM,,218.09,1.39
CHEMBL170192,23.0,CN(C)CCc1c[nH]c2ccc(-c3cccs3)cc12,Scientific Literature,Binding affinity for human 5-hydroxytryptamine 1B receptor,B,Homo sapiens,,Bioorg Med Chem Lett,2000,Serotonin 1b (5-HT1b) receptor,Ki,nM,7.64,270.4,4.0
CHEMBL423610,476.0,Clc1ccc(-c2ccc3[nH]cc(CCN4CCCC4)c3c2)s1,Scientific Literature,Binding affinity for human 5-hydroxytryptamine 1B receptor,B,Homo sapiens,,Bioorg Med Chem Lett,2000,Serotonin 1b (5-HT1b) receptor,Ki,nM,6.32,330.88,5.19
CHEMBL366322,12.0,Cc1cc(C(C)(C)C)cc(C)c1NC1=NCCN1,Scientific Literature,Binding affinity towards human 5-hydroxytryptamine 1B receptor,B,Homo sapiens,,Bioorg Med Chem Lett,2004,Serotonin 1b (5-HT1b) receptor,Ki,nM,7.92,245.37,2.97
CHEMBL196370,2.0,COc1ccc(NC(=O)N2CCN(c3ccccc3OC)CC2)cc1N1CCN(C)CC1,Scientific Literature,Affinity towards 5-hydroxytryptamine 1B receptor,B,Homo sapiens,,Bioorg Med Chem Lett,2005,Serotonin 1b (5-HT1b) receptor,Ki,nM,8.7,439.56,2.81
CHEMBL191971,3.981,CN1CCN(c2cc3c(cc2Cl)CCN3C(=O)Nc2ccc(-c3ccncc3)c3ccccc23)CC1,Scientific Literature,Binding affinity against cloned human 5-hydroxytryptamine 1B receptor,B,Homo sapiens,,Bioorg Med Chem Lett,2005,Serotonin 1b (5-HT1b) receptor,Ki,nM,8.4,498.03,5.9
CHEMBL2113098,15.85,COc1cc2c(cc1N1C[C@@H](C)N(C)[C@@H](C)C1)N(C(=O)Cc1cccc([N+](=O)[O-])c1)CC2,Scientific Literature,Binding affinity against cloned human 5-hydroxytryptamine 1B receptor,B,Homo sapiens,,Bioorg Med Chem Lett,2005,Serotonin 1b (5-HT1b) receptor,Ki,nM,7.8,438.53,3.26
CHEMBL195898,1.995,COc1cc2c(cc1N1C[C@@H](C)N(C)[C@@H](C)C1)N(C(=O)Cc1cccc(Cl)c1F)CC2,Scientific Literature,Binding affinity against cloned human 5-hydroxytryptamine 1B receptor,B,Homo sapiens,,Bioorg Med Chem Lett,2005,Serotonin 1b (5-HT1b) receptor,Ki,nM,8.7,445.97,4.15
CHEMBL4863868,3585.0,Cc1ccc(-c2n[nH]cc2N2CCCNCC2)cc1,Scientific Literature,Binding affinity to 5HT1B receptor (unknown origin),B,Homo sapiens,,J Med Chem,2021,Serotonin 1b (5-HT1b) receptor,Ki,nM,5.45,256.35,2.18
CHEMBL4866412,10000.0,Fc1cccc(-c2n[nH]cc2N2CCCNCC2)c1,Scientific Literature,Binding affinity to 5HT1B receptor (unknown origin),B,Homo sapiens,,J Med Chem,2021,Serotonin 1b (5-HT1b) receptor,Ki,nM,,260.32,2.02
CHEMBL4870675,10000.0,COc1cccc(-c2n[nH]cc2N2CCNCC2)c1,Scientific Literature,Binding affinity to 5HT1B receptor (unknown origin),B,Homo sapiens,,J Med Chem,2021,Serotonin 1b (5-HT1b) receptor,Ki,nM,,258.32,1.49
CHEMBL107487,53.0,CCCCCCCCCOc1ccc2[nH]cc(CC(C)N)c2c1,Scientific Literature,Displacement of [3H]-5-HT from human 5-hydroxytryptamine 1D receptor beta,B,,,J Med Chem,1996,Serotonin 1b (5-HT1b) receptor,Ki,nM,7.28,316.49,5.19
CHEMBL4215741,10000.0,CNc1ccccc1C1=N[C@@H](CO)[C@H](C)S1,Scientific Literature,Displacement of [3H]5-CT from human 5-HT1B receptor expressed in HEK cells after 90 mins by microbeta scintillation counting analysis,B,Homo sapiens,,J Nat Prod,2017,Serotonin 1b (5-HT1b) receptor,Ki,nM,,236.34,1.97
CHEMBL118360,22.3,COc1ccc(C(=O)Nc2ccc(-c3ccncc3)cc2)cc1C#CCN(C)C,Scientific Literature,Binding affinity for 5-hydroxytryptamine 1B receptor in C6-glial transfected cell type using [3H]GR-125743 as radioligand,B,,,J Med Chem,1997,Serotonin 1b (5-HT1b) receptor,Ki,nM,7.65,385.47,3.92
CHEMBL148022,0.32,NCCc1c[nH]c2ccc(OCc3cccc(COc4ccc5[nH]cc(CCN)c5c4)c3)cc12,Scientific Literature,Ability to inhibit the forskolin-stimulated c-AMP formation mediated by human 5-hydroxytryptamine 1B receptor in CHO-K1 cells,F,,,J Med Chem,1996,Serotonin 1b (5-HT1b) receptor,Ki,nM,9.49,454.57,4.81
CHEMBL29808,10000.0,C=Cc1ccc(N2CCN(Cc3c[nH]c4ncccc34)CC2)cc1,Scientific Literature,Binding affinity to cloned human 5-hydroxytryptamine 1B receptor,B,Homo sapiens,,Bioorg Med Chem Lett,2001,Serotonin 1b (5-HT1b) receptor,Ki,nM,,318.42,3.53
CHEMBL28607,10000.0,COc1ccc(N2CCN(Cc3c[nH]c4ncccc34)CC2)cc1,Scientific Literature,Binding affinity to cloned human 5-hydroxytryptamine 1B receptor,B,Homo sapiens,,Bioorg Med Chem Lett,2001,Serotonin 1b (5-HT1b) receptor,Ki,nM,,322.41,2.89
CHEMBL485491,2.512,Cc1ccc2c(N3CCN(CCc4ccc5c(c4)NC(=O)CO5)CC3)cc(F)cc2n1,Scientific Literature,Displacement of [3H]5HT from human 5HT1B receptor expressed in CHO cells,B,Homo sapiens,,Bioorg Med Chem Lett,2008,Serotonin 1b (5-HT1b) receptor,Ki,nM,8.6,420.49,3.38
CHEMBL498356,39.81,CC(=O)N(C)c1cccc(CC2CCN(CCOc3cccc4nc(C)ccc34)CC2)c1,Scientific Literature,Displacement of [3H]5HT from human recombinant 5HT1B receptor,B,Homo sapiens,,J Med Chem,2008,Serotonin 1b (5-HT1b) receptor,Ki,nM,7.4,431.58,4.86
CHEMBL448902,1.3,CN1CCC(c2c[nH]c3ccc(NC(=O)CCCCCCC(=O)Nc4ccc5[nH]cc(C6CCN(C)CC6)c5c4)cc23)CC1,Scientific Literature,Displacement of [3H]5-hydroxytryptamine from human cloned 5HT1B receptor expressed in CHOK1 cells by liquid scintillation counting,B,Homo sapiens,,J Med Chem,2008,Serotonin 1b (5-HT1b) receptor,Ki,nM,8.89,596.82,7.19
CHEMBL4854605,10000.0,Clc1ccc(-c2n[nH]cc2N2CCCNCC2)cc1,Scientific Literature,Binding affinity to 5HT1B receptor (unknown origin),B,Homo sapiens,,J Med Chem,2021,Serotonin 1b (5-HT1b) receptor,Ki,nM,,276.77,2.53
CHEMBL4859827,10000.0,Clc1ccccc1-c1n[nH]cc1N1CCNCC1,Scientific Literature,Binding affinity to 5HT1B receptor (unknown origin),B,Homo sapiens,,J Med Chem,2021,Serotonin 1b (5-HT1b) receptor,Ki,nM,,262.74,2.14
CHEMBL97184,2.8,Cn1nncc1-c1ccc2c(c1)c(C1CCN(CCN3CCNC3=O)CC1)cn2-c1ccc(F)cc1,Scientific Literature,Ability to displace [3H]5-CT (1.5 nM) from HeLa cells of human 5-hydroxytryptamine 1B receptor,B,,,J Med Chem,2003,Serotonin 1b (5-HT1b) receptor,Ki,nM,8.55,487.58,3.77
CHEMBL349903,110.0,O=S(=O)(c1ccc(Cl)cc1)N1CC=C(c2ccc3[nH]cc(CCN4CCCC4)c3c2)CC1,Scientific Literature,Binding affinity was evaluated at the cloned human 5-hydroxytryptamine 1B receptor,B,,,Bioorg Med Chem Lett,2004,Serotonin 1b (5-HT1b) receptor,Ki,nM,6.96,470.04,4.94
CHEMBL202780,7000.0,CC(C)(CCCN1CC[C@@H]2CCCC[C@H]2C1)S(=O)(=O)c1ccccc1,Scientific Literature,Displacement of [3H]5-HT from the cloned human 5-HT1B receptor expressed in CHO cells,B,Homo sapiens,,Bioorg Med Chem Lett,2006,Serotonin 1b (5-HT1b) receptor,Ki,nM,,363.57,4.53
CHEMBL476839,4886.0,COc1c(OCCF)cccc1C(O)C1CCN(CCc2ccc(C)cc2)CC1,Scientific Literature,Inhibition of human cloned 5HT1B receptor by competitive binding experiment,B,Homo sapiens,,Bioorg Med Chem,2009,Serotonin 1b (5-HT1b) receptor,Ki,nM,5.31,401.52,4.34
CHEMBL199175,1.995,Cc1cc(C(=O)N2CCc3cc4ccnc(N5CCN(C)CC5)c4cc32)c(C(F)(F)F)o1,Scientific Literature,Mean binding affinity towards 5-hydroxytryptamine 1B receptor using [3H]5-HT or [3H]-8-OH-DPAT as the radioligand,B,Homo sapiens,,Bioorg Med Chem Lett,2005,Serotonin 1b (5-HT1b) receptor,Ki,nM,8.7,444.46,4.11
CHEMBL198975,0.631,Cc1c(C(=O)N2CCc3cc4ccnc(N5CCN(C)CC5)c4cc32)cnn1-c1ccccc1,Scientific Literature,Mean binding affinity towards 5-hydroxytryptamine 1B receptor using [3H]5-HT or [3H]-8-OH-DPAT as the radioligand,B,Homo sapiens,,Bioorg Med Chem Lett,2005,Serotonin 1b (5-HT1b) receptor,Ki,nM,9.2,452.56,3.68
CHEMBL195927,9.68,COc1ccccc1N1CCC(C(=O)Nc2ccc(OC)c(N3CCN(C)CC3)c2)CC1,Scientific Literature,In vitro binding affinity towards cloned human 5-HT1B receptor using [3H]5-carboximidotryptamine as radioligand,B,Homo sapiens,,Bioorg Med Chem Lett,2005,Serotonin 1b (5-HT1b) receptor,Ki,nM,8.01,438.57,3.31
CHEMBL343196,2.5,NCCc1c[nH]c2ccc(OCCOc3ccc4[nH]cc(CCN)c4c3)cc12,Scientific Literature,Ability to inhibit the forskolin-stimulated c-AMP formation mediated by human 5-hydroxytryptamine 1B receptor in CHO-K1 cells,F,,,J Med Chem,1996,Serotonin 1b (5-HT1b) receptor,Ki,nM,8.6,378.48,3.11
CHEMBL81191,153.0,NC(=O)c1ccc2c(c1)CCOC2CCN1CC=C(c2cccc3ccccc23)CC1,Scientific Literature,Binding affinity towards human 5-hydroxytryptamine 1B receptor in L-M(tk-) cells using [3H]GR-125743 as radioligand,B,,,Bioorg Med Chem Lett,2004,Serotonin 1b (5-HT1b) receptor,Ki,nM,6.82,412.53,4.73
CHEMBL441259,210.0,NC(=O)c1ccc2c(c1)CCOC2CCN1CC=C(c2[nH]nc3cc(F)ccc23)CC1,Scientific Literature,Binding affinity towards human 5-hydroxytryptamine 1B receptor in L-M(tk-) cells using [3H]GR-125743 as radioligand,B,,,Bioorg Med Chem Lett,2004,Serotonin 1b (5-HT1b) receptor,Ki,nM,6.68,420.49,3.59
CHEMBL50492,5.5,CCc1ccc2[nH]cc(CCN(C)C)c2c1,Scientific Literature,Displacement of [3H]-5-HT from human 5-hydroxytryptamine 1D receptor beta,B,,,J Med Chem,1996,Serotonin 1b (5-HT1b) receptor,Ki,nM,8.26,216.33,2.83
CHEMBL2181168,10000.0,CCCN1CCC(COc2nc3c(I)cccc3c3ncccc23)CC1,Scientific Literature,Binding affinity to human 5HT1B by Cerep protocol based assay,B,Homo sapiens,,J Med Chem,2012,Serotonin 1b (5-HT1b) receptor,Ki,nM,,461.35,4.89
CHEMBL71899,409.0,CCCN(CCC)C1CCc2ccc3[nH]cc(CC(F)(F)F)c3c2C1,Scientific Literature,"Binding affinity against 5-hydroxytryptamine 1D receptor beta expressed in CHO-K1 cells, using [3H]5-HT as the radioligand.",B,,,J Med Chem,1995,Serotonin 1b (5-HT1b) receptor,Ki,nM,6.39,352.44,5.25
CHEMBL318901,560.0,Cn1cnc(-c2ccc3c(c2)c(C2CCN(CCn4c(=O)[nH]c5ccccc5c4=O)CC2)cn3-c2ccc(F)cc2)n1,Scientific Literature,Ability to displace [3H]5-CT (1.5 nM) from HeLa cells of human 5-hydroxytryptamine 1B receptor,B,,,J Med Chem,2003,Serotonin 1b (5-HT1b) receptor,Ki,nM,6.25,563.64,4.45
CHEMBL107511,7.8,CCc1ccc2[nH]cc(CCN)c2c1,Scientific Literature,Displacement of [3H]-5-HT from human 5-hydroxytryptamine 1D receptor beta,B,,,J Med Chem,1996,Serotonin 1b (5-HT1b) receptor,Ki,nM,8.11,188.27,2.23
CHEMBL143767,32.0,CN(C)CCc1c[nH]c2ccc(OS(=O)(=O)C(F)(F)F)cc12,Scientific Literature,Compound was tested for binding affinity against cloned human 5-hydroxytryptamine 1D receptor beta expressed in CHO-K1 cells.,B,,,J Med Chem,1996,Serotonin 1b (5-HT1b) receptor,Ki,nM,7.5,336.34,2.5
CHEMBL329383,3981.07,COc1ccc(S(=O)(=O)Nc2cc(Br)cc(F)c2Br)cc1N1CCNCC1,Scientific Literature,Compound was evaluated for binding affinity against human cloned 5-hydroxytryptamine 1B receptor in CHO cells using [3H]5-HT as the radioligand,B,,,Bioorg Med Chem Lett,2001,Serotonin 1b (5-HT1b) receptor,Ki,nM,,523.22,3.57
CHEMBL525712,19.95,CC(=O)Nc1cccc(CC2CCN(CCOc3cccc4nc(C)ccc34)CC2)c1,Scientific Literature,Displacement of [3H]5HT from human recombinant 5HT1B receptor,B,Homo sapiens,,J Med Chem,2008,Serotonin 1b (5-HT1b) receptor,Ki,nM,7.7,417.55,4.84
CHEMBL452387,0.79,CN1CCC(c2c[nH]c3ccc(NC(=O)CCCCCCCCC(=O)Nc4ccc5[nH]cc(C6CCN(C)CC6)c5c4)cc23)CC1,Scientific Literature,Displacement of [3H]5-hydroxytryptamine from human cloned 5HT1B receptor expressed in CHOK1 cells by liquid scintillation counting,B,Homo sapiens,,J Med Chem,2008,Serotonin 1b (5-HT1b) receptor,Ki,nM,9.1,624.87,7.97
CHEMBL162012,63.0,Cc1ccc(C(=O)NN2CC=C(c3ccc4[nH]cc(CCN5CCCC5)c4c3)CC2)cc1,Scientific Literature,Binding affinity was evaluated at the cloned human 5-hydroxytryptamine 1B receptor,B,,,Bioorg Med Chem Lett,2004,Serotonin 1b (5-HT1b) receptor,Ki,nM,7.2,428.58,4.55
CHEMBL435949,10000.0,COc1ccccc1N1CCN(Cc2c[nH]c3ncccc23)CC1,Scientific Literature,Binding affinity to cloned human 5-hydroxytryptamine 1B receptor,B,Homo sapiens,,Bioorg Med Chem Lett,2001,Serotonin 1b (5-HT1b) receptor,Ki,nM,,322.41,2.89
CHEMBL300686,118.0,Cc1ccc2[nH]cc(C[C@H]3CCCN3C)c2c1,Scientific Literature,Binding affinity towards cloned human 5-hydroxytryptamine 1B receptor,B,Homo sapiens,,Bioorg Med Chem Lett,2000,Serotonin 1b (5-HT1b) receptor,Ki,nM,6.93,228.34,3.11
CHEMBL136236,66.0,CCNCCOc1cccc2ccccc12,Scientific Literature,Agonist activity to the human recombinant 5-hydroxytryptamine 1B receptor,F,,,J Med Chem,1997,Serotonin 1b (5-HT1b) receptor,Ki,nM,7.18,215.3,2.83
CHEMBL139103,94.0,CN(C)CCOc1cccc2ccccc12,Scientific Literature,Agonist activity to the human recombinant 5-hydroxytryptamine 1B receptor,F,,,J Med Chem,1997,Serotonin 1b (5-HT1b) receptor,Ki,nM,7.03,215.3,2.78
CHEMBL370128,11.3,COc1ccc(NC(=O)N2CCN(c3ccccc3Cl)CC2)cc1N1CCN(C)CC1,Scientific Literature,In vitro binding affinity towards cloned human 5-HT1B receptor using [3H]5-carboximidotryptamine as radioligand,B,Homo sapiens,,Bioorg Med Chem Lett,2005,Serotonin 1b (5-HT1b) receptor,Ki,nM,7.95,443.98,3.45
CHEMBL73281,600.0,Cc1cc(C(C)(C)C)cc(C)c1CC(=N)N,Scientific Literature,Binding affinity towards human 5-hydroxytryptamine 1B receptor using [3H]5-HT trifluoroacetate as radioligand,B,,,J Med Chem,1998,Serotonin 1b (5-HT1b) receptor,Ki,nM,6.22,218.34,3.08
CHEMBL239596,31.0,CC(C)N1CCN(C2CCc3ccc(OCc4noc(-c5ccc(Cl)cc5)n4)cc32)CC1,Scientific Literature,Displacement of [3H]5-hydroxytrytamine from human 5HT1B receptor expressed in HEK293 cells,B,Homo sapiens,,Bioorg Med Chem Lett,2007,Serotonin 1b (5-HT1b) receptor,Ki,nM,7.51,452.99,4.98
CHEMBL489195,0.631,Cc1ncc2c(N3CCN(CCc4ccc5c(c4)NC(=O)CO5)CC3)cccc2n1,Scientific Literature,Displacement of [3H]5HT from human 5HT1B receptor expressed in CHO cells,B,Homo sapiens,,Bioorg Med Chem Lett,2008,Serotonin 1b (5-HT1b) receptor,Ki,nM,9.2,403.49,2.63
CHEMBL489393,0.7943,CCN1C(=O)COc2ccc(CCN3CCN(c4cccc5nc(C)ccc45)CC3)cc21,Scientific Literature,Displacement of [3H]5HT from human 5HT1B receptor expressed in CHO cells,B,Homo sapiens,,Bioorg Med Chem Lett,2008,Serotonin 1b (5-HT1b) receptor,Ki,nM,9.1,430.55,3.65
CHEMBL29410,3981.07,COc1ccc(NS(=O)(=O)c2sc3ccc(Cl)cc3c2C)cc1N1CCN2CCCCC2C1,Scientific Literature,"The compound was tested for the binding affinity towards human cloned 5-hydroxytryptamine 1B receptor in CHO cells, using [3H]5-HT as radioligand",B,,,Bioorg Med Chem Lett,2002,Serotonin 1b (5-HT1b) receptor,Ki,nM,5.4,506.09,5.35
CHEMBL108337,342.0,COc1ccc2[nH]c3c(c2c1)CC(N)CC3,Scientific Literature,Displacement of [3H]-5-HT from human 5-hydroxytryptamine 1D receptor beta,B,,,J Med Chem,1996,Serotonin 1b (5-HT1b) receptor,Ki,nM,6.47,216.28,1.99
CHEMBL304984,49.0,C=CCN(CCC)C1CCc2ccc3[nH]cc(C=O)c3c2C1,Scientific Literature,"In vitro binding affinity against cloned mammalian 5-hydroxytryptamine 1D receptor beta expressed in CHO cells, by using [3H]5-HT as radioligand",B,,,J Med Chem,1995,Serotonin 1b (5-HT1b) receptor,Ki,nM,7.31,296.41,3.74
CHEMBL322349,59.0,CCC(=O)Oc1ccc2[nH]cc(CCN(C)C)c2c1,Scientific Literature,Displacement of [3H]-5-HT from human 5-hydroxytryptamine 1D receptor beta,B,,,J Med Chem,1996,Serotonin 1b (5-HT1b) receptor,Ki,nM,7.23,260.34,2.59
CHEMBL326667,1.0,CCCCCCCCOc1ccc2[nH]cc(CCN)c2c1,Scientific Literature,Displacement of [3H]-5-HT from human 5-hydroxytryptamine 1D receptor beta,B,,,J Med Chem,1996,Serotonin 1b (5-HT1b) receptor,Ki,nM,9.0,288.43,4.41
CHEMBL110318,22.0,NCCc1c[nH]c2ccc(OCCCCC3CCCCC3)cc12,Scientific Literature,Displacement of [3H]-5-HT from human 5-hydroxytryptamine 1D receptor beta,B,,,J Med Chem,1996,Serotonin 1b (5-HT1b) receptor,Ki,nM,7.66,314.47,4.8
CHEMBL1258843,10000.0,C#CCOc1ccc(-c2nn3c(C)cc(C)nc3c2CC(=O)N(CC)CC)cc1,Scientific Literature,Inhibition of 5-HT1B receptor,B,,,Bioorg Med Chem Lett,2010,Serotonin 1b (5-HT1b) receptor,Ki,nM,,390.49,3.44
CHEMBL4572614,8800.0,Cc1ncc2nccn2c1-c1ccc(Oc2nccc3occc23)cc1C(F)(F)F,Scientific Literature,Displacement of [3H]5-CT from recombinant human 5HT1B receptor stably expressed in HEK cells measured after 90 mins by microbeta scintillation counting method,B,Homo sapiens,,J Med Chem,2019,Serotonin 1b (5-HT1b) receptor,Ki,nM,5.06,410.36,5.66
CHEMBL4466483,9900.0,FC(F)(F)c1cc(Oc2nccc3ccsc23)ccc1-c1cccc2nccn12,Scientific Literature,Displacement of [3H]5-CT from recombinant human 5HT1B receptor stably expressed in HEK cells measured after 90 mins by microbeta scintillation counting method,B,Homo sapiens,,J Med Chem,2019,Serotonin 1b (5-HT1b) receptor,Ki,nM,5.0,411.41,6.42
CHEMBL70606,4605.0,CCCN(Cc1ccccc1)C1CCc2ccc3[nH]ccc3c2C1,Scientific Literature,"In vitro binding affinity against cloned mammalian 5-hydroxytryptamine 1D receptor beta expressed in CHO cells, by using [3H]5-HT as radioligand",B,,,J Med Chem,1995,Serotonin 1b (5-HT1b) receptor,Ki,nM,5.34,318.46,4.94
CHEMBL162724,82.0,O=C(NN1CC=C(c2ccc3[nH]cc(CCN4CCCC4)c3c2)CC1)c1ccc(Cl)cc1,Scientific Literature,Binding affinity was evaluated at the cloned human 5-hydroxytryptamine 1B receptor,B,,,Bioorg Med Chem Lett,2004,Serotonin 1b (5-HT1b) receptor,Ki,nM,7.09,449.0,4.89
CHEMBL198836,0.5,CN1CCc2c(sc3ncn(CCN4CCN(c5cccc6ccccc56)CC4)c(=O)c23)C1,Scientific Literature,Inhibitory activity against human recombinant 5HT1B receptor co-expressed with G-protein chimera Gqo5 in HEK293 cells by FLIPR,F,Homo sapiens,,Bioorg Med Chem Lett,2005,Serotonin 1b (5-HT1b) receptor,Ki,nM,9.3,459.62,3.42
CHEMBL200951,36.6,CN1CCc2c(sc3ncn(CCN4CCN(c5ccc6ccccc6n5)CC4)c(=O)c23)C1,Scientific Literature,Inhibitory activity against human recombinant 5HT1B receptor co-expressed with G-protein chimera Gqo5 in HEK293 cells by FLIPR,F,Homo sapiens,,Bioorg Med Chem Lett,2005,Serotonin 1b (5-HT1b) receptor,Ki,nM,7.44,460.61,2.82
CHEMBL198999,1.2,CN1CCc2c(sc3ncn(CCN4CCN(c5ccccc5OCc5ccccc5)CC4)c(=O)c23)C1,Scientific Literature,Inhibitory activity against human recombinant 5HT1B receptor co-expressed with G-protein chimera Gqo5 in HEK293 cells by FLIPR,F,Homo sapiens,,Bioorg Med Chem Lett,2005,Serotonin 1b (5-HT1b) receptor,Ki,nM,8.92,515.68,3.85
CHEMBL456459,63.1,Cc1ccc2c(OCCN3CCC(Cc4cccc(-c5ccccc5)c4)CC3)cccc2n1,Scientific Literature,Displacement of [3H]5HT from human 5HT1B receptor expressed in CHO cells,B,Homo sapiens,,Bioorg Med Chem Lett,2009,Serotonin 1b (5-HT1b) receptor,Ki,nM,7.2,436.6,6.54
CHEMBL459061,1.995,Cc1ccc2c(OCCN3CCC(Cc4cccc(N5CCCCC5)c4)CC3)cccc2n1,Scientific Literature,Displacement of [3H]5HT from human 5HT1B receptor expressed in CHO cells,B,Homo sapiens,,Bioorg Med Chem Lett,2009,Serotonin 1b (5-HT1b) receptor,Ki,nM,8.7,443.64,5.87
CHEMBL457765,125.89,Cc1ccc2c(OCCN3CCC(Cc4cccc(N5CCOCC5)c4)CC3)cccc2n1,Scientific Literature,Displacement of [3H]5HT from human 5HT1B receptor expressed in CHO cells,B,Homo sapiens,,Bioorg Med Chem Lett,2009,Serotonin 1b (5-HT1b) receptor,Ki,nM,6.9,445.61,4.71
CHEMBL602875,12.0,COc1cc2c(c(N3CCN(C)CC3)c1)O[C@@H](C(=O)Nc1ccc(N3CCOCC3)cc1)CC2,Scientific Literature,Binding affinity to 5HT1B receptor expressed in CHO cells,B,,,J Med Chem,2010,Serotonin 1b (5-HT1b) receptor,Ki,nM,7.92,466.58,2.62
CHEMBL431041,270.0,CC(=O)Nc1ccc2[nH]cc(C3CCN(C)CC3)c2n1,Scientific Literature,In vitro binding affinity by radioligand binding assay using cell line expressing human 5-hydroxytryptamine 1B receptor,B,,,J Med Chem,2003,Serotonin 1b (5-HT1b) receptor,Ki,nM,6.57,272.35,2.33
CHEMBL103424,390.0,CC(=O)Nc1ccc2[nH]cc(C3CCN(C)CC3)c2c1,Scientific Literature,In vitro binding affinity by radioligand binding assay using cell line expressing human 5-hydroxytryptamine 1B receptor,B,,,J Med Chem,2003,Serotonin 1b (5-HT1b) receptor,Ki,nM,6.41,271.36,2.94
CHEMBL4572167,10000.0,CC[C@H]1c2ccccc2N(c2ccccc2)C[C@@]1(C)N,Scientific Literature,Displacement of [3H]5-CT from human recombinant 5-HT1B receptor expressed in stable HEK cells after 90 mins by microbeta scintillation counting method,B,Homo sapiens,,ACS Med Chem Lett,2019,Serotonin 1b (5-HT1b) receptor,Ki,nM,,266.39,4.05
CHEMBL109360,63.0,CN(C)CCc1c[nH]c2ccc(OC(=O)C(C)(C)C)cc12,Scientific Literature,Displacement of [3H]-5-HT from human 5-hydroxytryptamine 1D receptor beta,B,,,J Med Chem,1996,Serotonin 1b (5-HT1b) receptor,Ki,nM,7.2,288.39,3.22
CHEMBL320079,1.0,CCCCCCCOc1ccc2[nH]cc(CCN)c2c1,Scientific Literature,Displacement of [3H]-5-HT from human 5-hydroxytryptamine 1D receptor beta,B,,,J Med Chem,1996,Serotonin 1b (5-HT1b) receptor,Ki,nM,9.0,274.41,4.02
CHEMBL450281,3735.0,Oc1cccc(CC2=NCCN2)c1,Scientific Literature,Binding affinity towards human 5-hydroxytryptamine 1B receptor using [3H]5-HT trifluoroacetate as radioligand,B,,,J Med Chem,1998,Serotonin 1b (5-HT1b) receptor,Ki,nM,5.43,176.22,0.94
CHEMBL65196,349.0,CCCN(CCC)C1CCc2ccc3[nH]ccc3c2C1,Scientific Literature,"Binding affinity against 5-hydroxytryptamine 1D receptor beta expressed in CHO-K1 cells, using [3H]5-HT as the radioligand.",B,,,J Med Chem,1995,Serotonin 1b (5-HT1b) receptor,Ki,nM,6.46,270.42,4.15
CHEMBL1241639,7.943,Cc1ccc2c(N3CCN(CCc4cccc5c4OCc4nnnn4-5)CC3)cccc2n1,Scientific Literature,Antagonist activity against human recombinant 5HT1B receptor expressed in CHO cells assessed as inhibition of 5HT-induced [35S]GTPgammaS binding by scintillation proximity assay,F,Homo sapiens,,J Med Chem,2010,Serotonin 1b (5-HT1b) receptor,Ki,nM,8.1,427.51,2.78
CHEMBL328187,36.0,Cn1cc(-c2ccc3c(c2)c(C2CCN(CCN4CCNC4=O)CC2)cn3-c2ccc(F)cc2)nn1,Scientific Literature,Ability to displace [3H]5-CT (1.5 nM) from HeLa cells of human 5-hydroxytryptamine 1B receptor,B,,,J Med Chem,2003,Serotonin 1b (5-HT1b) receptor,Ki,nM,7.44,487.58,3.77
CHEMBL196140,5.012,CN1CCN(c2nccc3cc4c(cc23)N(C(=O)c2cnn(C)c2C(F)(F)F)CC4)CC1,Scientific Literature,Mean binding affinity towards 5-hydroxytryptamine 1B receptor using [3H]5-HT or [3H]-8-OH-DPAT as the radioligand,B,Homo sapiens,,Bioorg Med Chem Lett,2005,Serotonin 1b (5-HT1b) receptor,Ki,nM,8.3,444.46,2.94
CHEMBL2260934,911.6,CN1CCN([C@H](COc2cccc(Cl)c2Cl)c2ccccc2)CC1.O=C(O)C(=O)O,Scientific Literature,Binding affinity to Homo sapiens (human) 5HT1B receptor by radioligand binding assay,B,Homo sapiens,,Med Chem Res,2009,Serotonin 1b (5-HT1b) receptor,Ki,nM,6.04,455.34,4.36
CHEMBL4558518,946.0,CC(C)(C)OC(=O)N1CCCC1CNC1CCC(c2cc(F)ccc2F)(S(=O)(=O)c2ccc(Cl)cc2)CC1,EUbOPEN Chemogenomic Library Literature Data,Selectivity interaction (GPCR panel (PDSP screen)) EUB0000741a HTR1B,B,Homo sapiens,,,2023,Serotonin 1b (5-HT1b) receptor,Ki,nM,6.02,569.11,6.22
CHEMBL128699,1.4,Cc1cc(C)c(N2CCN(C(=O)COc3ccc4cccc(N5CCN(C)CC5)c4c3)CC2)c(C)c1,Scientific Literature,Receptor binding affinity for cloned human 5-hydroxytryptamine 1B receptor in Cos-7 cells,B,Homo sapiens,,J Med Chem,1997,Serotonin 1b (5-HT1b) receptor,Ki,nM,8.85,486.66,4.24
CHEMBL338015,0.44,COc1cccc(N2CCN(C(=O)COc3ccc4cccc(N5CCN(C)CC5)c4c3)CC2)c1OC,Scientific Literature,Receptor binding affinity for cloned human 5-hydroxytryptamine 1B receptor in Cos-7 cells,B,Homo sapiens,,J Med Chem,1997,Serotonin 1b (5-HT1b) receptor,Ki,nM,9.36,504.63,3.34
CHEMBL1788197,14.0,CCCN(CCCc1ccccc1)[C@@H]1CCc2ccc3[nH]cc(C=O)c3c2C1,Scientific Literature,"In vitro binding affinity against cloned mammalian 5-hydroxytryptamine 1D receptor beta expressed in CHO cells, by using [3H]5-HT as radioligand",B,,,J Med Chem,1995,Serotonin 1b (5-HT1b) receptor,Ki,nM,7.85,374.53,5.18
CHEMBL321818,0.8,Cc1ccccc1N1CCN(C(=O)COc2ccc3[nH]cc(CCN)c3c2)CC1.O=C(O)/C=C/C(=O)O,Scientific Literature,Affinity for 5-hydroxytryptamine 1B receptor subtype,B,Homo sapiens,,Bioorg Med Chem Lett,1997,Serotonin 1b (5-HT1b) receptor,Ki,nM,9.1,508.58,2.71
CHEMBL71640,196.0,CCCN(CC1CC1)C1CCc2ccc3[nH]cc(C=O)c3c2C1,Scientific Literature,"In vitro binding affinity against cloned mammalian 5-hydroxytryptamine 1D receptor beta expressed in CHO cells, by using [3H]5-HT as radioligand",B,,,J Med Chem,1995,Serotonin 1b (5-HT1b) receptor,Ki,nM,6.71,310.44,3.96
CHEMBL328048,5.9,Cn1nccc1-c1ccc2c(c1)c(C1CCN(CCN3CCNC3=O)CC1)cn2-c1ccc(F)cc1,Scientific Literature,Ability to displace [3H]5-CT (1.5 nM) from HeLa cells of human 5-hydroxytryptamine 1B receptor,B,,,J Med Chem,2003,Serotonin 1b (5-HT1b) receptor,Ki,nM,8.23,486.6,4.37
CHEMBL361470,4435.0,Cc1cc(C(C)(C)C)cc(C)c1CC1=NCCCN1,Scientific Literature,Binding affinity towards human 5-hydroxytryptamine 1B receptor,B,Homo sapiens,,Bioorg Med Chem Lett,2004,Serotonin 1b (5-HT1b) receptor,Ki,nM,5.35,258.41,3.54
CHEMBL351036,36.0,S=C(NN1CC=C(c2ccc3[nH]cc(CCN4CCCC4)c3c2)CC1)c1ccc(Cl)cc1,Scientific Literature,Binding affinity was evaluated at the cloned human 5-hydroxytryptamine 1B receptor,B,,,Bioorg Med Chem Lett,2004,Serotonin 1b (5-HT1b) receptor,Ki,nM,7.44,465.07,5.43
CHEMBL476838,10000.0,COc1c(OCCF)cccc1C(O)C1CCN(CCc2ccc([N+](=O)[O-])cc2)CC1,Scientific Literature,Inhibition of human cloned 5HT1B receptor by competitive binding experiment,B,Homo sapiens,,Bioorg Med Chem,2009,Serotonin 1b (5-HT1b) receptor,Ki,nM,,432.49,3.94
CHEMBL69943,224.0,CCCN(CCCCN1C(=O)CC(C)(C)CC1=O)C1CCc2ccc3[nH]ccc3c2C1,Scientific Literature,"In vitro binding affinity against cloned mammalian 5-hydroxytryptamine 1D receptor beta expressed in CHO cells, by using [3H]5-HT as radioligand",B,,,J Med Chem,1995,Serotonin 1b (5-HT1b) receptor,Ki,nM,6.65,423.6,4.69
CHEMBL340786,0.3,Cc1ccccc1N1CCN(C(=O)COc2ccc3cccc(N4CCN(C)CC4)c3c2)CC1,Scientific Literature,Receptor binding affinity for cloned human 5-hydroxytryptamine 1B receptor in Cos-7 cells,B,Homo sapiens,,J Med Chem,1997,Serotonin 1b (5-HT1b) receptor,Ki,nM,9.52,458.61,3.63
CHEMBL321190,1.1,CCCCCCCCC(=O)Oc1ccc2[nH]cc(CCN(C)C)c2c1,Scientific Literature,Displacement of [3H]-5-HT from human 5-hydroxytryptamine 1D receptor beta,B,,,J Med Chem,1996,Serotonin 1b (5-HT1b) receptor,Ki,nM,8.96,344.5,4.93
CHEMBL146942,316.23,NCCCC1(CCCN)CCc2cccc(O)c2C1,Scientific Literature,Binding affinity against human 5-hydroxytryptamine 1B receptor cloned receptors in CHO cells using [3H]5-CT as radioligand,B,,,J Med Chem,2003,Serotonin 1b (5-HT1b) receptor,Ki,nM,6.5,262.4,2.35
CHEMBL28651,10000.0,CSc1ccc(N2CCN(Cc3c[nH]c4ncccc34)CC2)cc1,Scientific Literature,Binding affinity to cloned human 5-hydroxytryptamine 1B receptor,B,Homo sapiens,,Bioorg Med Chem Lett,2001,Serotonin 1b (5-HT1b) receptor,Ki,nM,,338.48,3.61
CHEMBL158941,0.64,CN(C)CCc1c[nH]c2ccc(CS(=O)(=O)N(C)Cc3ccc(CN(C)S(=O)(=O)Cc4ccc5[nH]cc(CCN(C)C)c5c4)cc3)cc12,Scientific Literature,In vitro binding affinity was determined towards cloned human 5-hydroxytryptamine 1B receptor using [3H]5-CT radioligand,B,,,Bioorg Med Chem Lett,1998,Serotonin 1b (5-HT1b) receptor,Ki,nM,9.19,692.95,4.78
CHEMBL97158,1995.26,Cc1c(S(=O)(=O)Nc2ccc3nccc(N4CCNCC4)c3c2)sc2ccc(Cl)cc12,Scientific Literature,Binding affinity to human cloned 5-hydroxytryptamine 1B receptor in CHO cells using [3H]5-HT as radioligand,B,Homo sapiens,,Bioorg Med Chem Lett,2001,Serotonin 1b (5-HT1b) receptor,Ki,nM,5.7,473.02,4.62
CHEMBL1242257,1.995,Cc1ccc2c(N3CCN(CCc4cccc5c4OCc4c(C(=O)NC6CCCC6)ncn4-5)CC3)cccc2n1,Scientific Literature,Antagonist activity against human recombinant 5HT1B receptor expressed in CHO cells assessed as inhibition of 5HT-induced [35S]GTPgammaS binding by scintillation proximity assay,F,Homo sapiens,,J Med Chem,2010,Serotonin 1b (5-HT1b) receptor,Ki,nM,8.7,536.68,4.66
CHEMBL143512,18.0,NCCc1c[nH]c2ccc(OS(=O)(=O)C(F)(F)F)cc12,Scientific Literature,Compound was tested for intrinsic efficacy against human 5-hydroxytryptamine 1D receptor beta measured as the reduction of forskolin-stimulated cAMP.,F,,,J Med Chem,1996,Serotonin 1b (5-HT1b) receptor,Ki,nM,7.75,308.28,1.9
CHEMBL70882,1654.0,CCCN(CCC)C1CCc2cc(F)c3c(ccn3C)c2C1,Scientific Literature,"Binding affinity against 5-hydroxytryptamine 1D receptor beta expressed in CHO-K1 cells, using [3H]5-HT as the radioligand.",B,,,J Med Chem,1995,Serotonin 1b (5-HT1b) receptor,Ki,nM,5.78,302.44,4.3
CHEMBL195497,3.162,COc1cc2c(cc1N1C[C@@H](C)N(C)[C@@H](C)C1)N(C(=O)c1ccc(-c3cccc(C)n3)c3ccccc13)CC2,Scientific Literature,Binding affinity against cloned human 5-hydroxytryptamine 1B receptor,B,Homo sapiens,,Bioorg Med Chem Lett,2005,Serotonin 1b (5-HT1b) receptor,Ki,nM,8.5,520.68,5.95
CHEMBL195897,50.12,COc1cc2c(cc1N1C[C@@H](C)N[C@@H](C)C1)N(C(=O)c1ccc(-c3cccc(C)n3)c3ccccc13)CC2,Scientific Literature,Binding affinity against cloned human 5-hydroxytryptamine 1B receptor,B,Homo sapiens,,Bioorg Med Chem Lett,2005,Serotonin 1b (5-HT1b) receptor,Ki,nM,7.3,506.65,5.61
CHEMBL196666,3.162,COc1cc2c(cc1N1C[C@@H](C)N[C@@H](C)C1)N(C(=O)c1ccc(-c3ccc(-c4noc(C)n4)cc3C)cc1)CC2,Scientific Literature,Binding affinity against cloned human 5-hydroxytryptamine 1B receptor,B,Homo sapiens,,Bioorg Med Chem Lett,2005,Serotonin 1b (5-HT1b) receptor,Ki,nM,8.5,537.66,5.42
CHEMBL500230,38.0,O=C(Nc1ccc2[nH]cc(C3CCN(CCCCCCCCCCN4CCC(c5c[nH]c6ccc(NC(=O)c7ccc(F)cc7)cc56)CC4)CC3)c2c1)c1ccc(F)cc1,Scientific Literature,Displacement of [3H]5-hydroxytryptamine from human cloned 5HT1B receptor expressed in CHOK1 cells by liquid scintillation counting,B,Homo sapiens,,J Med Chem,2008,Serotonin 1b (5-HT1b) receptor,Ki,nM,7.42,813.05,11.61
CHEMBL505750,126.0,O=C(Nc1ccc2[nH]cc(C3CCN(CCCCCCCCCN4CCC(c5c[nH]c6ccc(NC(=O)c7ccc(F)cc7)cc56)CC4)CC3)c2c1)c1ccc(F)cc1,Scientific Literature,Displacement of [3H]5-hydroxytryptamine from human cloned 5HT1B receptor expressed in CHOK1 cells by liquid scintillation counting,B,Homo sapiens,,J Med Chem,2008,Serotonin 1b (5-HT1b) receptor,Ki,nM,6.9,799.02,11.22
CHEMBL519492,1000.0,O=C(Nc1ccc2[nH]cc(C3CCN(Cc4ccccc4)CC3)c2c1)c1ccc(F)cc1,Scientific Literature,Displacement of [3H]5-hydroxytryptamine from human cloned 5HT1B receptor expressed in CHOK1 cells by liquid scintillation counting,B,Homo sapiens,,J Med Chem,2008,Serotonin 1b (5-HT1b) receptor,Ki,nM,,427.52,5.94
CHEMBL374973,0.1,CN1CCC(c2c[nH]c3ccc(NC(=O)CCCCCCCCCCCC(=O)Nc4ccc5[nH]cc(C6CCN(C)CC6)c5c4)cc23)CC1,Scientific Literature,Displacement of [3H]5-hydroxytryptamine from human cloned 5HT1B receptor expressed in CHOK1 cells by liquid scintillation counting,B,Homo sapiens,,J Med Chem,2008,Serotonin 1b (5-HT1b) receptor,Ki,nM,10.0,666.95,9.14
CHEMBL380511,7000.0,CC(C)(CCCN1CCCC(C(F)(F)F)C1)S(=O)(=O)c1ccccc1,Scientific Literature,Displacement of [3H]5-HT from the cloned human 5-HT1B receptor expressed in CHO cells,B,Homo sapiens,,Bioorg Med Chem Lett,2006,Serotonin 1b (5-HT1b) receptor,Ki,nM,,377.47,4.29
CHEMBL3931889,830.0,COc1ccccc1-c1cc(CN(C)C)ccc1Cl,Scientific Literature,Binding affinity to 5-HT1BR (unknown origin),B,Homo sapiens,,J Med Chem,2021,Serotonin 1b (5-HT1b) receptor,Ki,nM,6.08,275.78,4.08
CHEMBL5083607,12.0,COc1ccccc1-c1cc(C2CCN(C)C2)ccc1Cl,Scientific Literature,Binding affinity to 5-HT1BR (unknown origin),B,Homo sapiens,,J Med Chem,2021,Serotonin 1b (5-HT1b) receptor,Ki,nM,7.92,301.82,4.43
CHEMBL495217,39.81,COc1ccc(CC2CCN(CCOc3cccc4nc(C)ccc34)CC2)cc1NS(C)(=O)=O,Scientific Literature,Displacement of [3H]5HT from human recombinant 5HT1B receptor,B,Homo sapiens,,J Med Chem,2008,Serotonin 1b (5-HT1b) receptor,Ki,nM,7.4,483.63,4.26
CHEMBL483498,1000.0,O=C(Nc1ccc2[nH]cc(C3CCN(CCO)CC3)c2c1)c1ccc(F)cc1,Scientific Literature,Displacement of [3H]5-hydroxytryptamine from human cloned 5HT1B receptor expressed in CHOK1 cells by liquid scintillation counting,B,Homo sapiens,,J Med Chem,2008,Serotonin 1b (5-HT1b) receptor,Ki,nM,,381.45,3.73
CHEMBL502138,0.5,CN1CCC(c2c[nH]c3ccc(NC(=O)CCCCCCCCCCCCC(=O)Nc4ccc5[nH]cc(C6CCN(C)CC6)c5c4)cc23)CC1,Scientific Literature,Displacement of [3H]5-hydroxytryptamine from human cloned 5HT1B receptor expressed in CHOK1 cells by liquid scintillation counting,B,Homo sapiens,,J Med Chem,2008,Serotonin 1b (5-HT1b) receptor,Ki,nM,9.3,680.98,9.53
CHEMBL506942,50.12,CC(=O)N(C)c1cccc(CN2CCN(CCOc3cccc4nc(C)ccc34)CC2)c1,Scientific Literature,Displacement of [3H]5HT from human recombinant 5HT1B receptor,B,Homo sapiens,,J Med Chem,2008,Serotonin 1b (5-HT1b) receptor,Ki,nM,7.3,432.57,3.72
CHEMBL494992,158.49,COc1cccc(CN2CCN(CCOc3cccc4nc(C)ccc34)CC2)c1,Scientific Literature,Displacement of [3H]5HT from human recombinant 5HT1B receptor,B,Homo sapiens,,J Med Chem,2008,Serotonin 1b (5-HT1b) receptor,Ki,nM,6.8,391.52,3.75
CHEMBL495046,12.59,Cc1ccc2c(OCCN3CCC(Cc4cccc(N(C)S(C)(=O)=O)c4)CC3)cccc2n1,Scientific Literature,Displacement of [3H]5HT from human recombinant 5HT1B receptor,B,Homo sapiens,,J Med Chem,2008,Serotonin 1b (5-HT1b) receptor,Ki,nM,7.9,467.64,4.27
CHEMBL158941,0.64,CN(C)CCc1c[nH]c2ccc(CS(=O)(=O)N(C)Cc3ccc(CN(C)S(=O)(=O)Cc4ccc5[nH]cc(CCN(C)C)c5c4)cc3)cc12,Scientific Literature,Displacement of [3H]5-hydroxytryptamine from human cloned 5HT1B receptor expressed in CHOK1 cells by liquid scintillation counting,B,Homo sapiens,,J Med Chem,2008,Serotonin 1b (5-HT1b) receptor,Ki,nM,9.19,692.95,4.78
CHEMBL523095,31.62,O=C1COc2ccc(CCN3CCN(c4cccc5cccnc45)CC3)cc2N1,Scientific Literature,Displacement of [3H]5HT from human 5HT1B receptor expressed in CHO cells,B,Homo sapiens,,Bioorg Med Chem Lett,2008,Serotonin 1b (5-HT1b) receptor,Ki,nM,7.5,388.47,2.93
CHEMBL485395,50.12,Cc1ccc2c(N3CCN(CCCc4ccc5c(c4)NC(=O)CO5)CC3)cccc2n1,Scientific Literature,Displacement of [3H]5HT from human cloned 5HT1B receptor expressed in CHO cells,B,Homo sapiens,,Bioorg Med Chem Lett,2008,Serotonin 1b (5-HT1b) receptor,Ki,nM,7.3,416.53,3.63
CHEMBL183460,10.0,Cc1ccc2c(OCCN3CCC(Cc4ccc5c(c4)NC(=O)CO5)CC3)cccc2n1,Scientific Literature,Displacement of [3H]5HT from human cloned 5HT1B receptor expressed in CHO cells,B,Homo sapiens,,Bioorg Med Chem Lett,2008,Serotonin 1b (5-HT1b) receptor,Ki,nM,8.0,431.54,4.21
CHEMBL484205,10000.0,Cc1ccc2c(N3CCN(Cc4ccc5c(c4)NC(=O)CO5)CC3)cccc2n1,Scientific Literature,Displacement of [3H]5HT from human cloned 5HT1B receptor expressed in CHO cells,B,Homo sapiens,,Bioorg Med Chem Lett,2008,Serotonin 1b (5-HT1b) receptor,Ki,nM,,388.47,3.2
CHEMBL485630,630.96,Cc1ccc2c(OCC3CCN(CC(=O)c4ccc5c(c4)NC(=O)CO5)CC3)cccc2n1,Scientific Literature,Displacement of [3H]5HT from human cloned 5HT1B receptor expressed in CHO cells,B,Homo sapiens,,Bioorg Med Chem Lett,2008,Serotonin 1b (5-HT1b) receptor,Ki,nM,6.2,445.52,3.85
CHEMBL513955,158.49,Cc1ccc2c(OCCN3CCC(Cc4cccc(N5C[C@@H](C)O[C@@H](C)C5)c4)CC3)cccc2n1,Scientific Literature,Displacement of [3H]5HT from human 5HT1B receptor expressed in CHO cells,B,Homo sapiens,,Bioorg Med Chem Lett,2009,Serotonin 1b (5-HT1b) receptor,Ki,nM,6.8,473.66,5.49
CHEMBL462915,79.43,Cc1ccc2c(OCCN3CCC(Cc4cccc(C5CCN(S(C)(=O)=O)CC5)c4)CC3)cccc2n1,Scientific Literature,Displacement of [3H]5HT from human 5HT1B receptor expressed in CHO cells,B,Homo sapiens,,Bioorg Med Chem Lett,2009,Serotonin 1b (5-HT1b) receptor,Ki,nM,7.1,521.73,5.02
CHEMBL2260926,4197.0,CNC(C)COc1ccc(Cl)cc1Cl.O=C(O)C(=O)O,Scientific Literature,Binding affinity to Homo sapiens (human) 5HT1B receptor by radioligand binding assay,B,Homo sapiens,,Med Chem Res,2009,Serotonin 1b (5-HT1b) receptor,Ki,nM,5.38,324.16,2.98
CHEMBL2260921,2748.0,CNCCOc1ccc(Cl)cc1Cl.O=C(O)C(=O)O,Scientific Literature,Binding affinity to Homo sapiens (human) 5HT1B receptor by radioligand binding assay,B,Homo sapiens,,Med Chem Res,2009,Serotonin 1b (5-HT1b) receptor,Ki,nM,5.56,310.13,2.59
CHEMBL469567,5.012,Cc1ccc2c(N3CCN(CCc4cccc5c4OCC(=O)N5C(C)C)CC3)cccc2n1,Scientific Literature,Antagonist activity at human 5HT1B assessed as GTPgammaS binding by scintillation proximity assay in presence of 5-HT,F,Homo sapiens,,Bioorg Med Chem Lett,2009,Serotonin 1b (5-HT1b) receptor,Ki,nM,8.3,444.58,4.04
CHEMBL4876036,10000.0,COc1ccccc1-c1n[nH]cc1N1CCNCC1,Scientific Literature,Binding affinity to 5HT1B receptor (unknown origin),B,Homo sapiens,,J Med Chem,2021,Serotonin 1b (5-HT1b) receptor,Ki,nM,,258.32,1.49
CHEMBL448555,18.0,O=C(Nc1ccc2[nH]cc(C3CCN(CCOCCOCCN4CCC(c5c[nH]c6ccc(NC(=O)c7ccc(F)cc7)cc56)CC4)CC3)c2c1)c1ccc(F)cc1,Scientific Literature,Displacement of [3H]5-hydroxytryptamine from human cloned 5HT1B receptor expressed in CHOK1 cells by liquid scintillation counting,B,Homo sapiens,,J Med Chem,2008,Serotonin 1b (5-HT1b) receptor,Ki,nM,7.75,788.94,8.52
CHEMBL197796,16.7,COc1ccc(NC(=O)N2CCN(c3ccc(SC)cc3)CC2)cc1N1CCN(C)CC1,Scientific Literature,In vitro binding affinity towards cloned human 5-HT1B receptor using [3H]5-carboximidotryptamine as radioligand,B,Homo sapiens,,Bioorg Med Chem Lett,2005,Serotonin 1b (5-HT1b) receptor,Ki,nM,7.78,455.63,3.52
CHEMBL325359,0.5,COc1ccc(NC(=O)N2CCN(c3cccc4c3CCCC4)CC2)cc1N1CCN(C)CC1.O=C(O)/C=C/C(=O)O,Scientific Literature,Affinity for 5-hydroxytryptamine 1B receptor subtype,B,Homo sapiens,,Bioorg Med Chem Lett,1997,Serotonin 1b (5-HT1b) receptor,Ki,nM,9.3,579.7,3.68
CHEMBL113950,1.5,Cc1ccc(/N=C(\S)N2CC=C(c3ccc4[nH]cc(C[C@H]5CCCN5C)c4c3)CC2)cc1,Scientific Literature,Binding affinity towards cloned human 5-hydroxytryptamine 1B receptor,B,,,Bioorg Med Chem Lett,2003,Serotonin 1b (5-HT1b) receptor,Ki,nM,8.82,444.65,5.82
CHEMBL517170,1.995,Cc1ccc2c(OCCN3CCC(Cc4cccc(N5CCN[C@H](C)C5)c4)CC3)cccc2n1,Scientific Literature,Displacement of [3H]5HT from human 5HT1B receptor expressed in CHO cells,B,Homo sapiens,,Bioorg Med Chem Lett,2009,Serotonin 1b (5-HT1b) receptor,Ki,nM,8.7,458.65,4.67
CHEMBL457982,31.62,Cc1ccc2c(OCCN3CCC(Cc4cccc(N5C[C@@H](C)NC[C@@H]5C)c4)CC3)cccc2n1,Scientific Literature,Displacement of [3H]5HT from human 5HT1B receptor expressed in CHO cells,B,Homo sapiens,,Bioorg Med Chem Lett,2009,Serotonin 1b (5-HT1b) receptor,Ki,nM,7.5,472.68,5.06
CHEMBL516997,12.59,Cc1ccc2c(OCCN3CCC(Cc4cccc(-c5cccnc5)c4)CC3)cccc2n1,Scientific Literature,Displacement of [3H]5HT from human 5HT1B receptor expressed in CHO cells,B,Homo sapiens,,Bioorg Med Chem Lett,2009,Serotonin 1b (5-HT1b) receptor,Ki,nM,7.9,437.59,5.94
CHEMBL105722,1000.0,CN1CCC(c2c[nH]c3ccc(NC(=O)c4ccccn4)nc23)CC1,Scientific Literature,In vitro binding affinity by radioligand binding assay using cell line expressing human 5-hydroxytryptamine 1B receptor,B,,,J Med Chem,2003,Serotonin 1b (5-HT1b) receptor,Ki,nM,6.0,335.41,3.02
CHEMBL147077,2645.0,CNC(=O)C1=C(C)NC(C)=C(C(=O)NCCCN2CCC(C(=O)OC)(c3ccccc3)CC2)C1c1ccc([N+](=O)[O-])cc1,Scientific Literature,Binding affinity for recombinant human 5-hydroxytryptamine 1B receptor using [3H]5-HT as radioligand.,B,,,J Med Chem,1998,Serotonin 1b (5-HT1b) receptor,Ki,nM,5.58,589.69,3.29
CHEMBL105743,820.0,CN1CCC(c2c[nH]c3ccc(NC(=O)c4ccccc4)nc23)CC1,Scientific Literature,In vitro binding affinity by radioligand binding assay using cell line expressing human 5-hydroxytryptamine 1B receptor,B,,,J Med Chem,2003,Serotonin 1b (5-HT1b) receptor,Ki,nM,6.09,334.42,3.62
CHEMBL28833,10000.0,CCCc1ccc(N2CCN(Cc3c[nH]c4ncccc34)CC2)cc1,Scientific Literature,Binding affinity to cloned human 5-hydroxytryptamine 1B receptor,B,Homo sapiens,,Bioorg Med Chem Lett,2001,Serotonin 1b (5-HT1b) receptor,Ki,nM,,334.47,3.84
CHEMBL3104091,1363.0,CN1CCc2c(c3cccc4c3n2-c2ccccc2CC4)C1,Scientific Literature,Displacement of [3H]5-CT from 5-HT1B receptor (unknown origin),B,Homo sapiens,,Bioorg Med Chem Lett,2014,Serotonin 1b (5-HT1b) receptor,Ki,nM,5.87,288.39,3.72
CHEMBL70710,142.0,CCCN(CCC)[C@@H]1CCc2cc(F)c3[nH]ccc3c2C1,Scientific Literature,"Binding affinity against 5-hydroxytryptamine 1D receptor beta expressed in CHO-K1 cells, using [3H]5-HT as the radioligand.",B,,,J Med Chem,1995,Serotonin 1b (5-HT1b) receptor,Ki,nM,6.85,288.41,4.29
CHEMBL1632216,3.981,COc1ccc(C(=O)Nc2cccc(CCN3CCN(c4cccc5nc(C)ccc45)CC3)c2)cc1,Scientific Literature,Displacement of [3H]5-HT from human recombinant 5-HT1B receptor expressed in CHO cells,B,Homo sapiens,,J Med Chem,2010,Serotonin 1b (5-HT1b) receptor,Ki,nM,8.4,480.61,5.17
CHEMBL70589,38.0,CCCN(CCC)C1CCc2ccc3[nH]cc(C#N)c3c2C1,Scientific Literature,"Binding affinity against 5-hydroxytryptamine 1D receptor beta expressed in CHO-K1 cells, using [3H]5-HT as the radioligand.",B,,,J Med Chem,1995,Serotonin 1b (5-HT1b) receptor,Ki,nM,7.42,295.43,4.02
CHEMBL302263,279.0,CCCN(CCC)C1CCc2ccc3[nH]cc(C(=O)C(F)(F)F)c3c2C1,Scientific Literature,"Binding affinity against 5-hydroxytryptamine 1D receptor beta expressed in CHO-K1 cells, using [3H]5-HT as the radioligand.",B,,,J Med Chem,1995,Serotonin 1b (5-HT1b) receptor,Ki,nM,6.55,366.43,4.89
CHEMBL213987,3162.28,COc1ccc(N2CC=C(c3ccc(Cl)c(Cl)c3)C2=O)cc1OCCN1CCCCC1,Scientific Literature,Binding affinity to human 5HT1B receptor,B,Homo sapiens,,Bioorg Med Chem Lett,2006,Serotonin 1b (5-HT1b) receptor,Ki,nM,,461.39,5.3
CHEMBL2205825,10000.0,COc1ccc(CN2C3C4C5CC6C7C5C3C7C2(O)C64)cc1,Scientific Literature,Binding affinity to 5-HT1B receptor,B,,,Bioorg Med Chem Lett,2012,Serotonin 1b (5-HT1b) receptor,Ki,nM,,295.38,1.96
CHEMBL318105,800.0,CN1CCC(c2c[nH]c3ccc(N)nc23)CC1,Scientific Literature,In vitro binding affinity by radioligand binding assay using cell line expressing human 5-hydroxytryptamine 1B receptor,B,,,J Med Chem,2003,Serotonin 1b (5-HT1b) receptor,Ki,nM,6.1,230.31,1.95
CHEMBL15928,4.31,COc1ccc(NC(=O)c2ccc(-c3ccc(-c4noc(C)n4)cc3C)cc2)cc1N1CCN(C)CC1,Scientific Literature,In vitro binding affinity towards cloned human 5-HT1B receptor using [3H]5-carboximidotryptamine as radioligand,B,Homo sapiens,,Bioorg Med Chem Lett,2005,Serotonin 1b (5-HT1b) receptor,Ki,nM,8.37,497.6,5.03
CHEMBL4212246,10000.0,CCCCOc1ccc(C2=N[C@@H](CO)[C@H](C)S2)cc1,Scientific Literature,Displacement of [3H]5-CT from human 5-HT1B receptor expressed in HEK cells after 90 mins by microbeta scintillation counting analysis,B,Homo sapiens,,J Nat Prod,2017,Serotonin 1b (5-HT1b) receptor,Ki,nM,,279.41,3.11
CHEMBL4216337,10000.0,O=Cc1csc(-c2ccccc2O)n1,Scientific Literature,Displacement of [3H]-LSD from human 5-HT1B receptor expressed in baculovirus infected Sf9 cells,B,Homo sapiens,,J Nat Prod,2017,Serotonin 1b (5-HT1b) receptor,Ki,nM,,205.24,2.33
CHEMBL308347,26.0,CCCN(CCC)[C@@H]1CCc2ccc3[nH]cc(C#N)c3c2C1,Scientific Literature,"Binding affinity against 5-hydroxytryptamine 1D receptor beta expressed in CHO-K1 cells, using [3H]5-HT as the radioligand.",B,,,J Med Chem,1995,Serotonin 1b (5-HT1b) receptor,Ki,nM,7.58,295.43,4.02
CHEMBL399704,1995.26,COc1cc2c(cc1N1C[C@@H](C)N(C)[C@@H](C)C1)N(S(=O)(=O)c1cccc(Br)c1)CC2,Scientific Literature,Binding affinity at 5HT1B receptor,B,,,Bioorg Med Chem Lett,2007,Serotonin 1b (5-HT1b) receptor,Ki,nM,5.7,494.46,3.74
CHEMBL4877603,3915.0,Clc1cccc(-c2n[nH]cc2N2CCCNCC2)c1,Scientific Literature,Binding affinity to 5HT1B receptor (unknown origin),B,Homo sapiens,,J Med Chem,2021,Serotonin 1b (5-HT1b) receptor,Ki,nM,5.41,276.77,2.53
CHEMBL4862745,10000.0,c1ccc(-c2n[nH]cc2N2CCNCC2)cc1,Scientific Literature,Binding affinity to 5HT1B receptor (unknown origin),B,Homo sapiens,,J Med Chem,2021,Serotonin 1b (5-HT1b) receptor,Ki,nM,,228.3,1.49
CHEMBL4858338,10000.0,Clc1ccc(-c2n[nH]cc2N2CCNCC2)cc1,Scientific Literature,Binding affinity to 5HT1B receptor (unknown origin),B,Homo sapiens,,J Med Chem,2021,Serotonin 1b (5-HT1b) receptor,Ki,nM,,262.74,2.14
CHEMBL1632207,1.259,CCC(=O)Nc1cccc(CCN2CCN(c3cccc4nc(C)ccc34)CC2)c1,Scientific Literature,Displacement of [3H]5-HT from human recombinant 5-HT1B receptor expressed in CHO cells,B,Homo sapiens,,J Med Chem,2010,Serotonin 1b (5-HT1b) receptor,Ki,nM,8.9,402.54,4.26
CHEMBL1631536,3.981,Cc1ccc2c(N3CCN(CCc4cccc(NC(=O)Nc5cccc(F)c5)c4)CC3)cccc2n1,Scientific Literature,Displacement of [3H]5-HT from human recombinant 5-HT1B receptor expressed in CHO cells,B,Homo sapiens,,J Med Chem,2010,Serotonin 1b (5-HT1b) receptor,Ki,nM,8.4,483.59,5.69
CHEMBL1632213,5.012,Cc1ccc2c(N3CCN(CCc4cccc(NC(=O)c5ccc(F)cc5)c4)CC3)cccc2n1,Scientific Literature,Displacement of [3H]5-HT from human recombinant 5-HT1B receptor expressed in CHO cells,B,Homo sapiens,,J Med Chem,2010,Serotonin 1b (5-HT1b) receptor,Ki,nM,8.3,468.58,5.3
CHEMBL1631534,7.943,Cc1ccc2c(N3CCN(CCc4cccc(N)c4)CC3)cccc2n1,Scientific Literature,Displacement of [3H]5-HT from human recombinant 5-HT1B receptor expressed in CHO cells,B,Homo sapiens,,J Med Chem,2010,Serotonin 1b (5-HT1b) receptor,Ki,nM,8.1,346.48,3.49
CHEMBL70431,552.0,CCCN(CCC)C1CCc2ccc3[nH]cc(C(=O)C(N)=O)c3c2C1,Scientific Literature,"Binding affinity against 5-hydroxytryptamine 1D receptor beta expressed in CHO-K1 cells, using [3H]5-HT as the radioligand.",B,,,J Med Chem,1995,Serotonin 1b (5-HT1b) receptor,Ki,nM,6.26,341.46,2.82
CHEMBL352181,68.0,S=C(NN1CC=C(c2ccc3[nH]cc(CCN4CCCC4)c3c2)CC1)c1ccccc1,Scientific Literature,Binding affinity was evaluated at the cloned human 5-hydroxytryptamine 1B receptor,B,,,Bioorg Med Chem Lett,2004,Serotonin 1b (5-HT1b) receptor,Ki,nM,7.17,430.62,4.78
CHEMBL1241913,0.7943,Cc1ccc2c(N3CCN(CCc4cccc5c4OCc4c(C(N)=O)ncn4-5)CC3)cccc2n1,Scientific Literature,Displacement of [3H]-5-HT from human recombinant 5HT1B receptor expressed in CHO cells after 45 mins by scintillation counting,B,Homo sapiens,,J Med Chem,2010,Serotonin 1b (5-HT1b) receptor,Ki,nM,9.1,468.56,3.08
CHEMBL159278,58.0,COc1ccc(C(=S)NN2CC=C(c3ccc4[nH]cc(CCN5CCCC5)c4c3)CC2)cc1,Scientific Literature,Binding affinity was evaluated at the cloned human 5-hydroxytryptamine 1B receptor,B,,,Bioorg Med Chem Lett,2004,Serotonin 1b (5-HT1b) receptor,Ki,nM,7.24,460.65,4.78
CHEMBL3093186,10000.0,Fc1cccc2c1nc(OCC1CCN(CCC(F)(F)F)CC1)c1cccnc12,Scientific Literature,Binding affinity to human 5HT1B,B,Homo sapiens,,Bioorg Med Chem,2013,Serotonin 1b (5-HT1b) receptor,Ki,nM,,407.41,4.97
CHEMBL426285,1.585,CCc1c(C(=O)N2CCc3cc4ccnc(N5CCN(CC)CC5)c4cc32)cnn1-c1ccc(C#N)cc1,Scientific Literature,Mean binding affinity towards 5-hydroxytryptamine 1B receptor using [3H]5-HT or [3H]-8-OH-DPAT as the radioligand,B,Homo sapiens,,Bioorg Med Chem Lett,2005,Serotonin 1b (5-HT1b) receptor,Ki,nM,8.8,505.63,4.2
CHEMBL495895,19.95,Cc1ccc2c(OCCN3CCC(Cc4cccc(N5CCCC5=O)c4)CC3)cccc2n1,Scientific Literature,Displacement of [3H]5HT from human recombinant 5HT1B receptor,B,Homo sapiens,,J Med Chem,2008,Serotonin 1b (5-HT1b) receptor,Ki,nM,7.7,443.59,5.0
CHEMBL451394,453.0,O=C(Nc1ccc2[nH]cc(C3CCN(Cc4cccc(CN5CCC(c6c[nH]c7ccc(NC(=O)c8ccc(F)cc8)cc67)CC5)c4)CC3)c2c1)c1ccc(F)cc1,Scientific Literature,Displacement of [3H]5-hydroxytryptamine from human cloned 5HT1B receptor expressed in CHOK1 cells by liquid scintillation counting,B,Homo sapiens,,J Med Chem,2008,Serotonin 1b (5-HT1b) receptor,Ki,nM,6.34,776.93,10.19
CHEMBL483497,1000.0,CCCCCCCCN1CCC(c2c[nH]c3ccc(NC(=O)c4ccc(F)cc4)cc23)CC1,Scientific Literature,Displacement of [3H]5-hydroxytryptamine from human cloned 5HT1B receptor expressed in CHOK1 cells by liquid scintillation counting,B,Homo sapiens,,J Med Chem,2008,Serotonin 1b (5-HT1b) receptor,Ki,nM,,449.61,7.1
CHEMBL31217,0.76,CN1CCN(c2cccc3ccc(OCCOc4ccc5[nH]cc(CCN)c5c4)cc23)CC1,Scientific Literature,Displacement of [3H]5-hydroxytryptamine from human cloned 5HT1B receptor expressed in CHOK1 cells by liquid scintillation counting,B,Homo sapiens,,J Med Chem,2008,Serotonin 1b (5-HT1b) receptor,Ki,nM,9.12,444.58,4.03
CHEMBL472290,3.981,CCN1C(=O)COc2c(CCN3CCN(c4cccc5nc(C)ccc45)CC3)cccc21,Scientific Literature,Antagonist activity at human 5HT1B assessed as GTPgammaS binding by scintillation proximity assay in presence of 5-HT,F,Homo sapiens,,Bioorg Med Chem Lett,2009,Serotonin 1b (5-HT1b) receptor,Ki,nM,8.4,430.55,3.65
CHEMBL248230,31.62,Cc1ccc2c(OCCN3CCN(Cc4ccc5c(c4)N(CC(C)C)C(=O)CO5)CC3)cccc2n1,Scientific Literature,Displacement of [3H]5-HT from human recombinant 5HT1B receptor expressed in CHO cells,B,Homo sapiens,,Bioorg Med Chem Lett,2007,Serotonin 1b (5-HT1b) receptor,Ki,nM,7.5,488.63,4.12
CHEMBL426317,228.0,COc1cccc(N2CCN(CCCCn3ncc(=O)n(C)c3=O)CC2)c1,Scientific Literature,Binding affinity to 5HT1B receptor by radioligand binding assay,B,Homo sapiens,,Bioorg Med Chem Lett,2006,Serotonin 1b (5-HT1b) receptor,Ki,nM,6.64,373.46,0.55
CHEMBL316081,501.19,Cc1c(S(=O)(=O)Nc2ccc3nccc(N4CCN(C)CC4)c3c2)sc2ccc(Cl)cc12,Scientific Literature,Binding affinity to human cloned 5-hydroxytryptamine 1B receptor in CHO cells using [3H]5-HT as radioligand,B,Homo sapiens,,Bioorg Med Chem Lett,2001,Serotonin 1b (5-HT1b) receptor,Ki,nM,6.3,487.05,4.96
CHEMBL321562,750.0,COc1ccccc1C(=O)Nc1ccc2[nH]cc(C3CCN(C)CC3)c2n1,Scientific Literature,In vitro binding affinity by radioligand binding assay using cell line expressing human 5-hydroxytryptamine 1B receptor,B,,,J Med Chem,2003,Serotonin 1b (5-HT1b) receptor,Ki,nM,6.12,364.45,3.63
CHEMBL1788198,119.0,CCCN(CCCCN1C(=O)CC(C)(C)CC1=O)[C@@H]1CCc2ccc3[nH]cc(C=O)c3c2C1,Scientific Literature,"In vitro binding affinity against cloned mammalian 5-hydroxytryptamine 1D receptor beta expressed in CHO cells, by using [3H]5-HT as radioligand",B,,,J Med Chem,1995,Serotonin 1b (5-HT1b) receptor,Ki,nM,6.92,451.61,4.51
CHEMBL413105,270.0,CN(C)C1CCc2ccc3[nH]ccc3c2C1,Scientific Literature,"In vitro binding affinity against cloned mammalian 5-hydroxytryptamine 1D receptor beta expressed in CHO cells, by using [3H]5-HT as radioligand",B,,,J Med Chem,1995,Serotonin 1b (5-HT1b) receptor,Ki,nM,6.57,214.31,2.59
CHEMBL442,3.1,CN1C[C@H](C(=O)N[C@]2(C)O[C@@]3(O)[C@@H]4CCCN4C(=O)[C@H](Cc4ccccc4)N3C2=O)C=C2c3cccc4[nH]cc(c34)C[C@H]21,Scientific Literature,Displacement of [3H]5-CT from 5-HT1B receptor (unknown origin),B,Homo sapiens,,Bioorg Med Chem Lett,2014,Serotonin 1b (5-HT1b) receptor,Ki,nM,8.51,581.67,1.99
CHEMBL224399,3.5,COc1cc(N2CCN(C)CC2)c2[nH]c(C(=O)Nc3ccc(N4CCOCC4)cc3)cc(=O)c2c1,Scientific Literature,Displacement of [3H]GR125743 from 5HT1B receptor transfected in CHO cells,B,Homo sapiens,,Bioorg Med Chem,2007,Serotonin 1b (5-HT1b) receptor,Ki,nM,8.46,477.57,2.38
CHEMBL125745,6.5,NCCc1cccc2c1ccn2S(=O)(=O)c1ccccc1,Scientific Literature,Binding affinity against 5-hydroxytryptamine 1B receptor in CHO cells using [3H]5-HT as radioligand,B,,,J Med Chem,2001,Serotonin 1b (5-HT1b) receptor,Ki,nM,8.19,300.38,2.38
CHEMBL140358,10000.0,CC(C)NCCCOc1cccc2[nH]ccc12,Scientific Literature,Agonist activity to the human recombinant 5-hydroxytryptamine 1B receptor,F,,,J Med Chem,1997,Serotonin 1b (5-HT1b) receptor,Ki,nM,,232.33,2.93
CHEMBL1289163,31.62,Cc1ccc2c(N3CCN(CCc4c(F)ccc5c4ccc(=O)n5C)CC3)cccc2n1,Scientific Literature,Antagonist activity at human 5-HT1B receptor expressed in CHO cells assessed as inhibition of GTPgammaS binding by scintillation proximity assay,F,Homo sapiens,,Bioorg Med Chem Lett,2010,Serotonin 1b (5-HT1b) receptor,Ki,nM,7.5,430.53,3.9
CHEMBL3899832,3580000.0,CC(=O)c1ccc(OCc2ccc(Oc3cc(-c4nn[nH]n4)ccn3)cc2)c(C)c1O,Scientific Literature,Activity at human 5HT1B receptor,B,Homo sapiens,,Bioorg Med Chem Lett,2017,Serotonin 1b (5-HT1b) receptor,Ki,nM,,417.43,3.85
CHEMBL313424,480.0,Cn1cnc(-c2ccc3c(c2)c(C2CCN(CCN4CCOC4=O)CC2)cn3-c2ccc(F)cc2)n1,Scientific Literature,Ability to displace [3H]5-CT (1.5 nM) from HeLa cells of human 5-hydroxytryptamine 1B receptor,B,,,J Med Chem,2003,Serotonin 1b (5-HT1b) receptor,Ki,nM,6.32,488.57,4.2
CHEMBL1631535,0.7943,Cc1ccc2c(N3CCN(CCc4cccc(NS(C)(=O)=O)c4)CC3)cccc2n1,Scientific Literature,Displacement of [3H]5-HT from human recombinant 5-HT1B receptor expressed in CHO cells,B,Homo sapiens,,J Med Chem,2010,Serotonin 1b (5-HT1b) receptor,Ki,nM,9.1,424.57,3.28
CHEMBL1632209,1.995,Cc1ccc2c(N3CCN(CCc4cccc(NC(=O)C(C)(C)C)c4)CC3)cccc2n1,Scientific Literature,Displacement of [3H]5-HT from human recombinant 5-HT1B receptor expressed in CHO cells,B,Homo sapiens,,J Med Chem,2010,Serotonin 1b (5-HT1b) receptor,Ki,nM,8.7,430.6,4.89
CHEMBL1632218,3.162,Cc1ccc2c(N3CCN(CCc4cccc(NC(=O)c5csc(C)n5)c4)CC3)cccc2n1,Scientific Literature,Displacement of [3H]5-HT from human recombinant 5-HT1B receptor expressed in CHO cells,B,Homo sapiens,,J Med Chem,2010,Serotonin 1b (5-HT1b) receptor,Ki,nM,8.5,471.63,4.93
CHEMBL3752576,10000.0,C=CCN(CC=C)CCc1c[nH]c2ccccc12,Scientific Literature,Binding affinity to 5-HT 1B (unknown origin) by competition binding assay,B,Homo sapiens,,Bioorg Med Chem Lett,2016,Serotonin 1b (5-HT1b) receptor,Ki,nM,,240.35,3.38
CHEMBL458220,588.84,Cc1c(Cn2ncc(N3CCNCC3)c(Cl)c2=O)cccc1NC(=O)c1ccc(-c2ccccc2)cc1,Scientific Literature,Displacement of [3H]5HT from 5HT1B receptor expressed in CHO cells,B,,,J Med Chem,2009,Serotonin 1b (5-HT1b) receptor,Ki,nM,6.23,514.03,4.58
CHEMBL1642866,5000.0,Cl.O=C(Nc1ccc2[nH]nc(S(=O)(=O)c3cccc4ccccc34)c2c1)C1CCNCC1,Scientific Literature,Binding affinity to 5-HT1B receptor,B,,,Bioorg Med Chem,2011,Serotonin 1b (5-HT1b) receptor,Ki,nM,,470.98,3.49
CHEMBL348756,38.0,S=C(NN1CC=C(c2ccc3[nH]cc(CCN4CCCC4)c3c2)CC1)C1CCCCC1,Scientific Literature,Binding affinity was evaluated at the cloned human 5-hydroxytryptamine 1B receptor,B,,,Bioorg Med Chem Lett,2004,Serotonin 1b (5-HT1b) receptor,Ki,nM,7.42,436.67,5.31
CHEMBL4215875,10000.0,Cc1ccc(-c2noc3c2CCNCC3)cc1,Scientific Literature,Displacement of [3H]LSD from human 5-HT1B receptor expressed in HEK cell membranes after 1.5 hrs by microbeta scintillation counting method,B,Homo sapiens,,J Med Chem,2018,Serotonin 1b (5-HT1b) receptor,Ki,nM,,228.29,2.34
CHEMBL188486,630.96,CN(C)CCN(Cc1ccc(-c2ccc(CNCCc3ccccc3)cc2)cc1)C(=O)/C=C/c1ccccc1.O=C(O)C(F)(F)F,Scientific Literature,Binding affinity towards human 5-hydroxytryptamine receptor 1B expressed in CHO cells using the radioligand [3H]5-HT,B,Homo sapiens,,Bioorg Med Chem Lett,2005,Serotonin 1b (5-HT1b) receptor,Ki,nM,6.2,631.74,6.29
CHEMBL361729,1862.0,Cc1cc(C(C)(C)C)cc(C)c1CC1=NCCN1Cc1ccccc1,Scientific Literature,Binding affinity towards human 5-hydroxytryptamine 1B receptor,B,Homo sapiens,,Bioorg Med Chem Lett,2004,Serotonin 1b (5-HT1b) receptor,Ki,nM,5.73,334.51,5.06
CHEMBL361303,260.0,CN1CCC(n2ccc3ccc(NC(=O)c4ccc(F)cc4)cc32)CC1,Scientific Literature,In vitro binding affinity for human 5-hydroxytryptamine 1B receptor,B,Homo sapiens,,Bioorg Med Chem Lett,2004,Serotonin 1b (5-HT1b) receptor,Ki,nM,6.58,351.42,4.3
CHEMBL1774991,121.0,COc1ccccc1N1CCN(CCN(C(=O)C23C4C5C2C2C3C4C52I)c2ccccn2)CC1,Scientific Literature,Inhibition of 5HT1B receptor,B,,,J Med Chem,2011,Serotonin 1b (5-HT1b) receptor,Ki,nM,6.92,568.46,3.17
CHEMBL482562,2000.0,O=C(Nc1ccc2cnn(S(=O)(=O)c3cccc4ccccc34)c2c1)C1CCNCC1,Scientific Literature,Binding affinity to 5HT1b receptor,B,,,Bioorg Med Chem Lett,2009,Serotonin 1b (5-HT1b) receptor,Ki,nM,,434.52,3.36
CHEMBL459067,6.31,Cc1ccc2c(OCCN3CCC(Cc4cccc(C5CCNCC5)c4)CC3)cccc2n1,Scientific Literature,Displacement of [3H]5HT from human 5HT1B receptor expressed in CHO cells,B,Homo sapiens,,Bioorg Med Chem Lett,2009,Serotonin 1b (5-HT1b) receptor,Ki,nM,8.2,443.64,5.34
CHEMBL4169689,2438.0,CCOC(=O)CCN1CCN(c2ccc3c(c2)CN(C(=O)OCc2ccccc2)CC3)CC1,Scientific Literature,Displacement of [3H]-5-CT from human 5-HT1B receptor expressed in stable HEK cells after 90 mins by microbeta scintillation counting method,B,Homo sapiens,,Eur J Med Chem,2018,Serotonin 1b (5-HT1b) receptor,Ki,nM,5.61,451.57,3.46
CHEMBL4447975,10000.0,COc1cc(OC)c2c(c1)OC[C@@]1(C)NCC[C@@H]21,Scientific Literature,Displacement of [3H]5-CT from human recombinant 5-HT1B receptor expressed in stable HEK cells after 90 mins by microbeta scintillation counting method,B,Homo sapiens,,ACS Med Chem Lett,2019,Serotonin 1b (5-HT1b) receptor,Ki,nM,,249.31,1.93
CHEMBL246599,31.62,CCCN1C(=O)COc2ccc(CN3CCN(CCOc4cccc5nc(C)ccc45)CC3)cc21,Scientific Literature,Displacement of [3H]5-HT from human recombinant 5HT1B receptor expressed in CHO cells,B,Homo sapiens,,Bioorg Med Chem Lett,2007,Serotonin 1b (5-HT1b) receptor,Ki,nM,7.5,474.61,3.88
CHEMBL248458,25.12,CCN1C(=O)COc2ccc(CN3CCN(CCOc4cccc5nc(C)ccc45)CC3)cc21,Scientific Literature,Displacement of [3H]5-HT from human recombinant 5HT1B receptor expressed in CHO cells,B,Homo sapiens,,Bioorg Med Chem Lett,2007,Serotonin 1b (5-HT1b) receptor,Ki,nM,7.6,460.58,3.49
CHEMBL3753318,1348.96,C=CCN(CC=C)CCc1c[nH]c2ccc(C)cc12,Scientific Literature,Binding affinity to 5-HT 1B (unknown origin) by competition binding assay,B,Homo sapiens,,Bioorg Med Chem Lett,2016,Serotonin 1b (5-HT1b) receptor,Ki,nM,5.87,254.38,3.69
CHEMBL1642889,5000.0,Cl.O=S(=O)(c1ccc2ccccc2c1)c1n[nH]c2ccc(NC3CCNCC3)cc12,Scientific Literature,Binding affinity to 5-HT1B receptor,B,,,Bioorg Med Chem,2011,Serotonin 1b (5-HT1b) receptor,Ki,nM,,442.97,3.71
CHEMBL196598,28.4,COc1ccc(NC(=O)N2CCN(c3ccc(C(F)(F)F)cc3)CC2)cc1N1CCN(C)CC1,Scientific Literature,In vitro binding affinity towards cloned human 5-HT1B receptor using [3H]5-carboximidotryptamine as radioligand,B,Homo sapiens,,Bioorg Med Chem Lett,2005,Serotonin 1b (5-HT1b) receptor,Ki,nM,7.55,477.53,3.82
CHEMBL4210782,10000.0,Cc1ccc(-c2n[nH]c3c2CCNCC3)cc1,Scientific Literature,Displacement of [3H]LSD from human 5-HT1B receptor expressed in HEK cell membranes after 1.5 hrs by microbeta scintillation counting method,B,Homo sapiens,,J Med Chem,2018,Serotonin 1b (5-HT1b) receptor,Ki,nM,,227.31,2.07
CHEMBL4457754,10000.0,C[C@@]12CN(c3ccccc3)c3ccccc3[C@@H]1CCN2,Scientific Literature,Displacement of [3H]5-CT from human recombinant 5-HT1B receptor expressed in stable HEK cells after 90 mins by microbeta scintillation counting method,B,Homo sapiens,,ACS Med Chem Lett,2019,Serotonin 1b (5-HT1b) receptor,Ki,nM,,264.37,3.67
CHEMBL392770,1490.0,OCC1(N2CCN(C3CCc4ccc(OCc5noc(-c6ccc(Cl)cc6)n5)cc43)CC2)CCCC1,Scientific Literature,Displacement of [3H]5-hydroxytrytamine from human 5HT1B receptor expressed in HEK293 cells,B,Homo sapiens,,Bioorg Med Chem Lett,2007,Serotonin 1b (5-HT1b) receptor,Ki,nM,5.83,509.05,4.88
CHEMBL239598,414.0,CC1CC(N2CCN(C3CCc4ccc(OCc5noc(-c6ccc(Cl)cc6)n5)cc43)CC2)CC1C,Scientific Literature,Displacement of [3H]5-hydroxytrytamine from human 5HT1B receptor expressed in HEK293 cells,B,Homo sapiens,,Bioorg Med Chem Lett,2007,Serotonin 1b (5-HT1b) receptor,Ki,nM,6.38,507.08,6.01
CHEMBL1651094,10000.0,C[C@@H]1SC(c2ccccc2O)=N[C@H]1[C@H]1SC[C@](C)(C(=O)O)N1C,Scientific Literature,Displacement of [3H]-LSD from human 5-HT1B receptor expressed in baculovirus infected Sf9 cells,B,Homo sapiens,,J Nat Prod,2017,Serotonin 1b (5-HT1b) receptor,Ki,nM,,352.48,2.49
CHEMBL191605,79.43,Cc1ccc2c(OCCN3CCN(Cc4ccc(C)c([N+](=O)[O-])c4)CC3)cccc2n1,Scientific Literature,Displacement of [3H]5-HT from human 5-hydroxytryptamine 1B receptor expressed in CHO cells,B,Homo sapiens,,J Med Chem,2005,Serotonin 1b (5-HT1b) receptor,Ki,nM,7.1,420.51,3.96
CHEMBL191619,10000.0,Cc1ccc2c(OCCN3CCN(Cc4c(Cl)cccc4Cl)CC3)cccc2n1,Scientific Literature,Displacement of [3H]5-HT from human 5-hydroxytryptamine 1B receptor expressed in CHO cells,B,Homo sapiens,,J Med Chem,2005,Serotonin 1b (5-HT1b) receptor,Ki,nM,,430.38,5.05
CHEMBL1642865,5000.0,Cl.NCCC(=O)Nc1ccc2[nH]nc(S(=O)(=O)c3cccc4ccccc34)c2c1,Scientific Literature,Binding affinity to 5-HT1B receptor,B,,,Bioorg Med Chem,2011,Serotonin 1b (5-HT1b) receptor,Ki,nM,,430.92,2.84
CHEMBL444398,0.3981,Cc1cc2c(N3CCN(CCc4ccc5c(c4)NC(=O)CO5)CC3)cccc2[nH]1,Scientific Literature,Displacement of [3H]5HT from human 5HT1B receptor expressed in CHO cells,B,Homo sapiens,,Bioorg Med Chem Lett,2008,Serotonin 1b (5-HT1b) receptor,Ki,nM,9.4,390.49,3.17
CHEMBL521506,0.5012,Cc1ccc2c(N3CCN(CCc4ccc5c(c4)NC(=O)CO5)CC3)cc(Cl)cc2n1,Scientific Literature,Displacement of [3H]5HT from human 5HT1B receptor expressed in CHO cells,B,Homo sapiens,,Bioorg Med Chem Lett,2008,Serotonin 1b (5-HT1b) receptor,Ki,nM,9.3,436.94,3.89
CHEMBL497980,0.5012,Cc1ccc2c(N3CCN(CCc4ccc5c(c4)NC(=O)CO5)CC3)ccc(Cl)c2n1,Scientific Literature,Displacement of [3H]5HT from human 5HT1B receptor expressed in CHO cells,B,Homo sapiens,,Bioorg Med Chem Lett,2008,Serotonin 1b (5-HT1b) receptor,Ki,nM,9.3,436.94,3.89
CHEMBL458002,776.25,Cc1ccc(Cn2ncc(N3CCNCC3)c(Cl)c2=O)cc1NC(=O)c1ccc(-c2ccccc2)cc1,Scientific Literature,Displacement of [3H]5HT from 5HT1B receptor expressed in CHO cells,B,,,J Med Chem,2009,Serotonin 1b (5-HT1b) receptor,Ki,nM,6.11,514.03,4.58
CHEMBL485427,25.12,Cc1ccc2c(OC3CCN(CCc4ccc5c(c4)NC(=O)CO5)CC3)cccc2n1,Scientific Literature,Displacement of [3H]5HT from human cloned 5HT1B receptor expressed in CHO cells,B,Homo sapiens,,Bioorg Med Chem Lett,2008,Serotonin 1b (5-HT1b) receptor,Ki,nM,7.6,417.51,3.96
CHEMBL365810,398.11,Cc1ccc2c(OCCN3CCN(Cc4ccc(O)c([N+](=O)[O-])c4)CC3)cccc2n1,Scientific Literature,Displacement of [3H]5-HT from human 5-hydroxytryptamine 1B receptor expressed in CHO cells,B,Homo sapiens,,J Med Chem,2005,Serotonin 1b (5-HT1b) receptor,Ki,nM,6.4,422.49,3.35
CHEMBL192536,251.19,Cc1ccc2c(OCCN3CCN(Cc4ccc(F)c([N+](=O)[O-])c4)CC3)cccc2n1,Scientific Literature,Displacement of [3H]5-HT from human 5-hydroxytryptamine 1B receptor expressed in CHO cells,B,Homo sapiens,,J Med Chem,2005,Serotonin 1b (5-HT1b) receptor,Ki,nM,6.6,424.48,3.79
CHEMBL364495,199.53,Cc1ccc2c(OCCN3CCN(Cc4ccc(Cl)c([N+](=O)[O-])c4)CC3)cccc2n1,Scientific Literature,Displacement of [3H]5-HT from human 5-hydroxytryptamine 1B receptor expressed in CHO cells,B,Homo sapiens,,J Med Chem,2005,Serotonin 1b (5-HT1b) receptor,Ki,nM,6.7,440.93,4.3
CHEMBL425190,199.53,Cc1ccc2c(OCCN3CCN(Cc4cccc5cccnc45)CC3)cccc2n1,Scientific Literature,Displacement of [3H]5-HT from human 5-hydroxytryptamine 1B receptor expressed in CHO cells,B,Homo sapiens,,J Med Chem,2005,Serotonin 1b (5-HT1b) receptor,Ki,nM,6.7,412.54,4.29
CHEMBL328940,67.0,Cn1ncc(-c2ccc3c(c2)c(C2CCN(CCN4CCNC4=O)CC2)cn3-c2ccc(F)cc2)n1,Scientific Literature,Ability to displace [3H]5-CT (1.5 nM) from HeLa cells of human 5-hydroxytryptamine 1B receptor,B,,,J Med Chem,2003,Serotonin 1b (5-HT1b) receptor,Ki,nM,7.17,487.58,3.77
CHEMBL95175,360.0,O=C1OCCN1CCN1CCC(c2cn(-c3ccc(F)cc3)c3ccc(-c4ncccn4)cc23)CC1,Scientific Literature,Ability to displace [3H]5-CT (1.5 nM) from HeLa cells of human 5-hydroxytryptamine 1B receptor,B,,,J Med Chem,2003,Serotonin 1b (5-HT1b) receptor,Ki,nM,6.44,485.56,4.86
CHEMBL330171,208.0,CCn1ncc(-c2ccc3c(c2)c(C2CCN(CCN4CCNC4=O)CC2)cn3-c2ccc(F)cc2)n1,Scientific Literature,Ability to displace [3H]5-CT (1.5 nM) from HeLa cells of human 5-hydroxytryptamine 1B receptor,B,,,J Med Chem,2003,Serotonin 1b (5-HT1b) receptor,Ki,nM,6.68,501.61,4.25
CHEMBL1631533,1.0,Cc1ccc2c(N3CCN(CCc4cccc(NC(=O)Nc5ccccc5F)c4)CC3)cccc2n1,Scientific Literature,Displacement of [3H]5-HT from human recombinant 5-HT1B receptor expressed in CHO cells,B,Homo sapiens,,J Med Chem,2010,Serotonin 1b (5-HT1b) receptor,Ki,nM,9.0,483.59,5.69
CHEMBL1632219,1.995,Cc1ccc2c(N3CCN(CCc4cccc(NC(=O)c5scnc5C)c4)CC3)cccc2n1,Scientific Literature,Displacement of [3H]5-HT from human recombinant 5-HT1B receptor expressed in CHO cells,B,Homo sapiens,,J Med Chem,2010,Serotonin 1b (5-HT1b) receptor,Ki,nM,8.7,471.63,4.93
CHEMBL1632210,2.512,Cc1ccc2c(N3CCN(CCc4cccc(NC(=O)c5ccccc5)c4)CC3)cccc2n1,Scientific Literature,Displacement of [3H]5-HT from human recombinant 5-HT1B receptor expressed in CHO cells,B,Homo sapiens,,J Med Chem,2010,Serotonin 1b (5-HT1b) receptor,Ki,nM,8.6,450.59,5.16
CHEMBL4207355,10000.0,CCCCCCOc1ccc(C2=N[C@@H](CO)[C@H](C)S2)cc1,Scientific Literature,Displacement of [3H]5-CT from human 5-HT1B receptor expressed in HEK cells after 90 mins by microbeta scintillation counting analysis,B,Homo sapiens,,J Nat Prod,2017,Serotonin 1b (5-HT1b) receptor,Ki,nM,,307.46,3.89
CHEMBL1651092,10000.0,NC(=O)C1CSC(c2ccccc2O)=N1,Scientific Literature,Displacement of [3H]-LSD from human 5-HT1B receptor expressed in baculovirus infected Sf9 cells,B,Homo sapiens,,J Nat Prod,2017,Serotonin 1b (5-HT1b) receptor,Ki,nM,,222.27,0.74
CHEMBL4207302,10.0,C[C@@H]1SC(c2ccccc2O)=N[C@H]1CO,Scientific Literature,Displacement of [3H]5-CT from human 5-HT1B receptor expressed in HEK cells after 90 mins by microbeta scintillation counting analysis,B,Homo sapiens,,J Nat Prod,2017,Serotonin 1b (5-HT1b) receptor,Ki,nM,,223.3,1.63
CHEMBL365405,2400.0,CN1CCC(n2ncc3ccc(NC(=O)c4ccc(F)cc4)cc32)CC1,Scientific Literature,In vitro binding affinity for human 5-hydroxytryptamine 1B receptor,B,Homo sapiens,,Bioorg Med Chem Lett,2004,Serotonin 1b (5-HT1b) receptor,Ki,nM,5.62,352.41,3.69
CHEMBL97596,630.96,O=S(=O)(Nc1ccc2nccc(N3CCNCC3)c2c1)c1ccc2c(Cl)cccc2c1,Scientific Literature,Binding affinity to human cloned 5-hydroxytryptamine 1B receptor in CHO cells using [3H]5-HT as radioligand,B,Homo sapiens,,Bioorg Med Chem Lett,2001,Serotonin 1b (5-HT1b) receptor,Ki,nM,6.2,452.97,4.25
CHEMBL191980,1995.26,Cc1ccc2c(OCCN3CCN(Cc4ccc(Cl)c(Cl)c4)CC3)cccc2n1,Scientific Literature,Displacement of [3H]5-HT from human 5-hydroxytryptamine 1B receptor expressed in CHO cells,B,Homo sapiens,,J Med Chem,2005,Serotonin 1b (5-HT1b) receptor,Ki,nM,5.7,430.38,5.05
CHEMBL2113061,158.49,Cc1ccc2c(OCCN3CCN(Cc4ccc5[nH]ccc5c4)CC3)cccc2n1,Scientific Literature,Displacement of [3H]5-HT from human 5-hydroxytryptamine 1B receptor expressed in CHO cells,B,Homo sapiens,,J Med Chem,2005,Serotonin 1b (5-HT1b) receptor,Ki,nM,6.8,400.53,4.22
CHEMBL148314,1.7,NCCc1c[nH]c2ccc(OCc3ccccc3COc3ccc4[nH]cc(CCN)c4c3)cc12,Scientific Literature,Ability to inhibit the forskolin-stimulated c-AMP formation mediated by human 5-hydroxytryptamine 1B receptor in CHO-K1 cells,F,,,J Med Chem,1996,Serotonin 1b (5-HT1b) receptor,Ki,nM,8.77,454.57,4.81
CHEMBL143767,28.0,CN(C)CCc1c[nH]c2ccc(OS(=O)(=O)C(F)(F)F)cc12,Scientific Literature,Compound was tested for intrinsic efficacy against human 5-hydroxytryptamine 1D receptor beta measured as the reduction of forskolin-stimulated cAMP.,F,,,J Med Chem,1996,Serotonin 1b (5-HT1b) receptor,Ki,nM,7.55,336.34,2.5
CHEMBL199088,0.2512,CN1CCN(c2nccc3cc4c(cc23)N(C(=O)c2ccc(C(F)(F)F)nc2)CC4)CC1,Scientific Literature,Mean binding affinity towards 5-hydroxytryptamine 1B receptor using [3H]5-HT or [3H]-8-OH-DPAT as the radioligand,B,Homo sapiens,,Bioorg Med Chem Lett,2005,Serotonin 1b (5-HT1b) receptor,Ki,nM,9.6,441.46,3.6
CHEMBL372743,1.0,CCc1c(C(=O)N2CCc3cc4ccnc(N5CCN(C)CC5)c4cc32)cnn1-c1ccc(C#N)cc1,Scientific Literature,Mean binding affinity towards 5-hydroxytryptamine 1B receptor using [3H]5-HT or [3H]-8-OH-DPAT as the radioligand,B,Homo sapiens,,Bioorg Med Chem Lett,2005,Serotonin 1b (5-HT1b) receptor,Ki,nM,9.0,491.6,3.81
CHEMBL98299,6.5,Cn1ncnc1-c1ccc2c(c1)c(C1CCN(CCN3CCNC3=O)CC1)cn2-c1ccc(F)cc1,Scientific Literature,Ability to displace [3H]5-CT (1.5 nM) from HeLa cells of human 5-hydroxytryptamine 1B receptor,B,,,J Med Chem,2003,Serotonin 1b (5-HT1b) receptor,Ki,nM,8.19,487.58,3.77
CHEMBL163639,440.0,O=S(=O)(c1ccccc1)N1CC=C(c2ccc3[nH]cc(CCN4CCCC4)c3c2)CC1,Scientific Literature,Binding affinity was evaluated at the cloned human 5-hydroxytryptamine 1B receptor,B,,,Bioorg Med Chem Lett,2004,Serotonin 1b (5-HT1b) receptor,Ki,nM,6.36,435.59,4.28
CHEMBL1241736,1.0,CC(=O)c1ncn2c1COc1c(CCN3CCN(c4cccc5nc(C)ccc45)CC3)cccc1-2,Scientific Literature,Antagonist activity against human recombinant 5HT1B receptor expressed in CHO cells assessed as inhibition of 5HT-induced [35S]GTPgammaS binding by scintillation proximity assay,F,Homo sapiens,,J Med Chem,2010,Serotonin 1b (5-HT1b) receptor,Ki,nM,9.0,467.57,4.19
CHEMBL241503,2.512,Cc1ccc2c(OCCN3CCC(Cc4ccc5c(c4F)NC(=O)CO5)CC3)cccc2n1,Scientific Literature,Displacement of [3H]5-HT from human cloned 5HT1B receptor expressed in CHO cells,B,Homo sapiens,,Bioorg Med Chem Lett,2007,Serotonin 1b (5-HT1b) receptor,Ki,nM,8.6,449.53,4.35
CHEMBL4216246,10000.0,CCCCCCCCOc1ccc(C2=N[C@@H](CO)[C@H](C)S2)cc1,Scientific Literature,Displacement of [3H]5-CT from human 5-HT1B receptor expressed in HEK cells after 90 mins by microbeta scintillation counting analysis,B,Homo sapiens,,J Nat Prod,2017,Serotonin 1b (5-HT1b) receptor,Ki,nM,,335.51,4.67
CHEMBL1651090,10000.0,OC[C@@H]1CSC(c2ccccc2O)=N1,Scientific Literature,Displacement of [3H]-LSD from human 5-HT1B receptor expressed in baculovirus infected Sf9 cells,B,Homo sapiens,,J Nat Prod,2017,Serotonin 1b (5-HT1b) receptor,Ki,nM,,209.27,1.25
CHEMBL3326993,7.0,COc1ccccc1N1CCN(CCCCCC(=O)NCc2ccccc2-c2ccccc2Cl)CC1,Scientific Literature,Binding affinity to 5-HT1B (unknown origin),B,Homo sapiens,,Bioorg Med Chem,2014,Serotonin 1b (5-HT1b) receptor,Ki,nM,8.15,506.09,6.01
CHEMBL116448,1000.0,CC1CCN(CC[C@H]2CCCN2S(=O)(=O)c2cccc(Br)c2)CC1,Scientific Literature,Binding affinity towards 5-hydroxytryptamine 1B receptor (human cloned receptor) in CHO cells using [3H]5-HT as radioligand,B,,,J Med Chem,2000,Serotonin 1b (5-HT1b) receptor,Ki,nM,6.0,415.4,3.72
CHEMBL4207884,10000.0,Clc1ccc(-c2n[nH]c3c2CCNCC3)cc1,Scientific Literature,Displacement of [3H]LSD from human 5-HT1B receptor expressed in HEK cell membranes after 1.5 hrs by microbeta scintillation counting method,B,Homo sapiens,,J Med Chem,2018,Serotonin 1b (5-HT1b) receptor,Ki,nM,,247.73,2.42
CHEMBL3763779,3744.0,COc1ccccc1N1CCN(CCCCC(=O)n2c3ccccc3c3ccccc32)CC1.Cl,Scientific Literature,Binding affinity to recombinant 5-HT1B receptor (unknown origin) after 1.5 hrs by radioligand displacement assay,B,Homo sapiens,,Eur J Med Chem,2016,Serotonin 1b (5-HT1b) receptor,Ki,nM,5.43,478.04,5.44
CHEMBL83617,203.0,NC(=O)c1ccc2c(c1)CCOC2CCN1CC=C(c2c[nH]c3cc(F)ccc23)CC1,Scientific Literature,Displacement of [3H]GR-125743 from human 5HT1B expressed in LM(tk-) cells,B,Homo sapiens,,Bioorg Med Chem Lett,2007,Serotonin 1b (5-HT1b) receptor,Ki,nM,6.69,419.5,4.2
CHEMBL233210,21.0,C[C@H]1CN(c2cccc3cc(C#N)ccc23)CCN1CC[C@@H]1OCCc2cc(C(N)=O)ccc21,Scientific Literature,Displacement of [3H]GR-125743 from human 5HT1B expressed in LM(tk-) cells,B,Homo sapiens,,Bioorg Med Chem Lett,2007,Serotonin 1b (5-HT1b) receptor,Ki,nM,7.68,454.57,4.02
CHEMBL248229,31.62,CCCCN1C(=O)COc2ccc(CN3CCN(CCOc4cccc5nc(C)ccc45)CC3)cc21,Scientific Literature,Displacement of [3H]5-HT from human recombinant 5HT1B receptor expressed in CHO cells,B,Homo sapiens,,Bioorg Med Chem Lett,2007,Serotonin 1b (5-HT1b) receptor,Ki,nM,7.5,488.63,4.27
CHEMBL247609,1.585,Cc1ccc2c(OCCN3CCN(Cc4ccc5c(c4F)N(C)C(=O)CO5)CC3)cccc2n1,Scientific Literature,Displacement of [3H]5-HT from human recombinant 5HT1B receptor expressed in CHO cells,B,Homo sapiens,,Bioorg Med Chem Lett,2007,Serotonin 1b (5-HT1b) receptor,Ki,nM,8.8,464.54,3.23
CHEMBL200950,5.4,COc1ccc2ccccc2c1N1CCN(CCn2cnc3sc4c(c3c2=O)CCN(C)C4)CC1,Scientific Literature,Inhibitory activity against human recombinant 5HT1B receptor co-expressed with G-protein chimera Gqo5 in HEK293 cells by FLIPR,F,Homo sapiens,,Bioorg Med Chem Lett,2005,Serotonin 1b (5-HT1b) receptor,Ki,nM,8.27,489.65,3.43
CHEMBL196961,116.4,COc1ccc(-c2ccccc2)cc1N1CCN(CCn2cnc3sc4c(c3c2=O)CCN(C)C4)CC1,Scientific Literature,Inhibitory activity against human recombinant 5HT1B receptor co-expressed with G-protein chimera Gqo5 in HEK293 cells by FLIPR,F,Homo sapiens,,Bioorg Med Chem Lett,2005,Serotonin 1b (5-HT1b) receptor,Ki,nM,6.93,515.68,3.94
CHEMBL3754496,1778.28,C=CCN(CC=C)CCc1c[nH]c2ccc(F)cc12,Scientific Literature,Binding affinity to 5-HT 1B (unknown origin) by competition binding assay,B,Homo sapiens,,Bioorg Med Chem Lett,2016,Serotonin 1b (5-HT1b) receptor,Ki,nM,5.75,258.34,3.52
CHEMBL312525,227.0,CCCNC1CCc2ccc3[nH]cc(C=O)c3c2C1,Scientific Literature,"In vitro binding affinity against cloned mammalian 5-hydroxytryptamine 1D receptor beta expressed in CHO cells, by using [3H]5-HT as radioligand",B,,,J Med Chem,1995,Serotonin 1b (5-HT1b) receptor,Ki,nM,6.64,256.35,2.84
CHEMBL303921,187.0,CCCN(CCCOc1cccc(Cl)c1)C1CCc2ccc3[nH]cc(C=O)c3c2C1,Scientific Literature,"In vitro binding affinity against cloned mammalian 5-hydroxytryptamine 1D receptor beta expressed in CHO cells, by using [3H]5-HT as radioligand",B,,,J Med Chem,1995,Serotonin 1b (5-HT1b) receptor,Ki,nM,6.73,424.97,5.67
CHEMBL158627,5011.87,CS(=O)(=O)Oc1ccc2c(c1)CN(CC[C@H]1CC[C@H](NC(=O)/C=C/c3ccc(F)cc3)CC1)C2,Scientific Literature,Evaluated for the binding affinity to 5-hydroxytryptamine 1B receptor,B,,,Bioorg Med Chem Lett,2001,Serotonin 1b (5-HT1b) receptor,Ki,nM,5.3,486.61,4.26
CHEMBL115415,610.0,CN(C)CCc1c[nH]c2ccc(C3=CCN(C)CC3)cc12,Scientific Literature,Binding affinity towards cloned human 5-hydroxytryptamine 1B receptor,B,,,Bioorg Med Chem Lett,2003,Serotonin 1b (5-HT1b) receptor,Ki,nM,6.21,283.42,2.99
CHEMBL431866,4.2,COc1ccc(NC(=O)N2CC=C(c3ccc4[nH]cc(C[C@H]5CCCN5C)c4c3)CC2)cc1,Scientific Literature,Binding affinity towards cloned human 5-hydroxytryptamine 1B receptor,B,,,Bioorg Med Chem Lett,2003,Serotonin 1b (5-HT1b) receptor,Ki,nM,8.38,444.58,5.13
CHEMBL4282117,7596.0,O=C(NCCc1c[nH]c2ccccc12)C1CCN(C(=O)c2ccccc2)CC1,Scientific Literature,Displacement of [3H]GR127543 from human 5HT1B receptor expressed in HEK cell membranes after 1.5 hrs by liquid scintillation counting method,B,Homo sapiens,,Medchemcomm,2018,Serotonin 1b (5-HT1b) receptor,Ki,nM,5.12,375.47,3.38
CHEMBL519010,316.23,Cc1ccc2c(OCCCN3CC(COc4ccc5c(c4)NC(=O)CO5)C3)cccc2n1,Scientific Literature,Displacement of [3H]5HT from human cloned 5HT1B receptor expressed in CHO cells,B,Homo sapiens,,Bioorg Med Chem Lett,2008,Serotonin 1b (5-HT1b) receptor,Ki,nM,6.5,433.51,3.65
CHEMBL484742,2511.89,Cc1ccc2c(OC3CCN(Cc4ccc5c(c4)NC(=O)CO5)CC3)cccc2n1,Scientific Literature,Displacement of [3H]5HT from human cloned 5HT1B receptor expressed in CHO cells,B,Homo sapiens,,Bioorg Med Chem Lett,2008,Serotonin 1b (5-HT1b) receptor,Ki,nM,,403.48,3.92
CHEMBL513875,1.995,Cc1ccc2c(N3CCN(CCc4cccc5c4OCC(=O)N5C)[C@H](C)C3)cc(F)cc2n1,Scientific Literature,Antagonist activity at human 5HT1B assessed as GTPgammaS binding by scintillation proximity assay in presence of 5-HT,F,Homo sapiens,,Bioorg Med Chem Lett,2009,Serotonin 1b (5-HT1b) receptor,Ki,nM,8.7,448.54,3.79
CHEMBL4277264,9300.0,Cc1cc(Oc2nccc3occc23)ccc1-c1c(C)ncc2nccn12,Scientific Literature,Displacement of [3H]5-CT from recombinant human 5HT1B receptor stably expressed in HEK cells measured after 90 mins by microbeta scintillation counting method,B,Homo sapiens,,J Med Chem,2019,Serotonin 1b (5-HT1b) receptor,Ki,nM,5.03,356.39,4.95
CHEMBL391661,1995.26,Cc1ccc2c(OCCN3CCC(Cc4cc5c(cc4F)OCC(=O)N5)CC3)cc(Cl)cc2n1,Scientific Literature,Displacement of [3H]5-HT from human cloned 5HT1B receptor expressed in CHO cells,B,Homo sapiens,,Bioorg Med Chem Lett,2007,Serotonin 1b (5-HT1b) receptor,Ki,nM,5.7,483.97,5.0
CHEMBL458199,6.31,Cc1ccc2c(OCCN3CCC(Cc4cccc(N5CCN(C)CC5)c4)CC3)cccc2n1,Scientific Literature,Displacement of [3H]5HT from human 5HT1B receptor expressed in CHO cells,B,Homo sapiens,,Bioorg Med Chem Lett,2009,Serotonin 1b (5-HT1b) receptor,Ki,nM,8.2,458.65,4.63
CHEMBL456684,39.81,Cc1ccc2c(OCCN3CCC(Cc4cccc(N5CCCC5)c4)CC3)cccc2n1,Scientific Literature,Displacement of [3H]5HT from human 5HT1B receptor expressed in CHO cells,B,Homo sapiens,,Bioorg Med Chem Lett,2009,Serotonin 1b (5-HT1b) receptor,Ki,nM,7.4,429.61,5.48
CHEMBL382078,1.995,CCc1c(C(=O)N2CCc3cc4ccnc(N5CCN6CCC[C@H]6C5)c4cc32)cnn1-c1ccc(C#N)cc1,Scientific Literature,Mean binding affinity towards 5-hydroxytryptamine 1B receptor using [3H]5-HT or [3H]-8-OH-DPAT as the radioligand,B,Homo sapiens,,Bioorg Med Chem Lett,2005,Serotonin 1b (5-HT1b) receptor,Ki,nM,8.7,517.64,4.34
CHEMBL380812,1.0,CN1CCN(c2nccc3cc4c(cc23)N(C(=O)c2cnn3ccccc23)CC4)CC1,Scientific Literature,Mean binding affinity towards 5-hydroxytryptamine 1B receptor using [3H]5-HT or [3H]-8-OH-DPAT as the radioligand,B,Homo sapiens,,Bioorg Med Chem Lett,2005,Serotonin 1b (5-HT1b) receptor,Ki,nM,9.0,412.5,2.84
CHEMBL1241912,1.259,CNC(=O)c1ncn2c1COc1c(CCN3CCN(c4cccc5nc(C)ccc45)CC3)cccc1-2,Scientific Literature,Antagonist activity against human recombinant 5HT1B receptor expressed in CHO cells assessed as inhibition of 5HT-induced [35S]GTPgammaS binding by scintillation proximity assay,F,Homo sapiens,,J Med Chem,2010,Serotonin 1b (5-HT1b) receptor,Ki,nM,8.9,482.59,3.35
CHEMBL505954,10000.0,O=C(Nc1ccc2[nH]cc(C3CCN(CCCN4CCC(c5c[nH]c6ccc(NC(=O)c7ccc(F)cc7)cc56)CC4)CC3)c2c1)c1ccc(F)cc1,Scientific Literature,Displacement of [3H]5-hydroxytryptamine from human cloned 5HT1B receptor expressed in CHOK1 cells by liquid scintillation counting,B,Homo sapiens,,J Med Chem,2008,Serotonin 1b (5-HT1b) receptor,Ki,nM,,714.86,8.88
CHEMBL500737,100.0,O=C(Nc1ccc2[nH]cc(C3CCN(CCCCCCN4CCC(c5c[nH]c6ccc(NC(=O)c7ccc(F)cc7)cc56)CC4)CC3)c2c1)c1ccc(F)cc1,Scientific Literature,Displacement of [3H]5-hydroxytryptamine from human cloned 5HT1B receptor expressed in CHOK1 cells by liquid scintillation counting,B,Homo sapiens,,J Med Chem,2008,Serotonin 1b (5-HT1b) receptor,Ki,nM,7.0,756.94,10.05
CHEMBL450852,103.0,O=C(Nc1ccc2[nH]cc(C3CCN(C/C=C/CN4CCC(c5c[nH]c6ccc(NC(=O)c7ccc(F)cc7)cc56)CC4)CC3)c2c1)c1ccc(F)cc1,Scientific Literature,Displacement of [3H]5-hydroxytryptamine from human cloned 5HT1B receptor expressed in CHOK1 cells by liquid scintillation counting,B,Homo sapiens,,J Med Chem,2008,Serotonin 1b (5-HT1b) receptor,Ki,nM,6.99,726.87,9.05
CHEMBL487313,1000.0,O=C(O)CCCCCCCCCN1CCC(c2c[nH]c3ccc(NC(=O)c4ccc(F)cc4)cc23)CC1,Scientific Literature,Displacement of [3H]5-hydroxytryptamine from human cloned 5HT1B receptor expressed in CHOK1 cells by liquid scintillation counting,B,Homo sapiens,,J Med Chem,2008,Serotonin 1b (5-HT1b) receptor,Ki,nM,,507.65,6.94
CHEMBL500488,0.81,CN1CCC(c2c[nH]c3ccc(NC(=O)CCCCCCCCCCCCCCC(=O)Nc4ccc5[nH]cc(C6CCN(C)CC6)c5c4)cc23)CC1,Scientific Literature,Displacement of [3H]5-hydroxytryptamine from human cloned 5HT1B receptor expressed in CHOK1 cells by liquid scintillation counting,B,Homo sapiens,,J Med Chem,2008,Serotonin 1b (5-HT1b) receptor,Ki,nM,9.09,709.04,10.31
CHEMBL144030,0.1,NCCc1c[nH]c2ccc(OCc3ccc(COc4ccc5[nH]cc(CCN)c5c4)cc3)cc12,Scientific Literature,Displacement of [3H]5-hydroxytryptamine from human cloned 5HT1B receptor expressed in CHOK1 cells by liquid scintillation counting,B,Homo sapiens,,J Med Chem,2008,Serotonin 1b (5-HT1b) receptor,Ki,nM,10.0,454.57,4.81
CHEMBL496098,6.31,Cc1ccc2c(OCCN3CCC(Cc4cccc(NC(=O)CN(C)C)c4)CC3)cccc2n1,Scientific Literature,Displacement of [3H]5HT from human recombinant 5HT1B receptor,B,Homo sapiens,,J Med Chem,2008,Serotonin 1b (5-HT1b) receptor,Ki,nM,8.2,460.62,4.38
CHEMBL329280,45.0,Cn1cc(-c2ccc3c(c2)c(C2CCN(CCN4CCNC4=O)CC2)cn3-c2ccc(F)cc2)cn1,Scientific Literature,Ability to displace [3H]5-CT (1.5 nM) from HeLa cells of human 5-hydroxytryptamine 1B receptor,B,,,J Med Chem,2003,Serotonin 1b (5-HT1b) receptor,Ki,nM,7.35,486.6,4.37
CHEMBL97242,220.0,Cn1nnc(-c2ccc3c(c2)c(C2CCN(CCN4CCOC4=O)CC2)cn3-c2ccc(F)cc2)n1,Scientific Literature,Ability to displace [3H]5-CT (1.5 nM) from HeLa cells of human 5-hydroxytryptamine 1B receptor,B,,,J Med Chem,2003,Serotonin 1b (5-HT1b) receptor,Ki,nM,6.66,489.56,3.59
CHEMBL405355,365.64,COC(=O)C1=C(C)NC(C)=C(C(=O)OCCCN2CCC(c3ccccc3)(c3ccccc3)CC2)[C@H]1c1cccc([N+](=O)[O-])c1,EUbOPEN Chemogenomic Library,"PDSP Secondary Binding target: HTR1B - Compounds are tested at 10 uM concentration, plate are incubated at room temperature in the dark for 90 minutes. Reaction are stopped by vacuum filtration onto 0.3% polyethyleneimine soaked filter mats using Filtermate harvester. Scintillation cocktail is then melted onto microwave-dried filters on a hot plate and the radio activity is counted in Microbia counter. Compounds showing a minimum of 50% inhibition at 10 uM concentration are carried forward in this secondary binding assay to determine equilibrium binding affinity.",B,Homo sapiens,,,2024,Serotonin 1b (5-HT1b) receptor,Ki,nM,6.44,609.72,6.02
CHEMBL2424668,700.0,Cl.O=C(Cc1ccc(OC2CCNCC2)cc1OCCF)N1CCC(N2C(=O)CCc3ccccc32)CC1,Scientific Literature,Binding affinity to human 5HT1B receptor by competitive binding assay,B,Homo sapiens,,Bioorg Med Chem Lett,2013,Serotonin 1b (5-HT1b) receptor,Ki,nM,6.16,546.08,3.68
CHEMBL138683,200.0,CCCNCCOc1cccc2ccccc12,Scientific Literature,Agonist activity to the human recombinant 5-hydroxytryptamine 1B receptor,F,,,J Med Chem,1997,Serotonin 1b (5-HT1b) receptor,Ki,nM,6.7,229.32,3.22
CHEMBL199049,1.4,COc1ccccc1N1CCN(CCn2cnc3sc4c(c3c2=O)CCN(C)C4)CC1,Scientific Literature,Inhibitory activity against human recombinant 5HT1B receptor co-expressed with G-protein chimera Gqo5 in HEK293 cells by FLIPR,F,Homo sapiens,,Bioorg Med Chem Lett,2005,Serotonin 1b (5-HT1b) receptor,Ki,nM,8.85,439.59,2.28
CHEMBL442,3.02,CN1C[C@H](C(=O)N[C@]2(C)O[C@@]3(O)[C@@H]4CCCN4C(=O)[C@H](Cc4ccccc4)N3C2=O)C=C2c3cccc4[nH]cc(c34)C[C@H]21,Scientific Literature,Displacement of [3H]5-CT from 5-HT1B receptor (unknown origin),B,Homo sapiens,,Bioorg Med Chem Lett,2014,Serotonin 1b (5-HT1b) receptor,Ki,nM,8.52,581.67,1.99
CHEMBL97422,31.0,O=C1NCCN1CCN1CCC(c2cn(-c3ccc(F)cc3)c3ccc(-c4c[nH]nn4)cc23)CC1,Scientific Literature,Ability to displace [3H]5-CT (1.5 nM) from HeLa cells of human 5-hydroxytryptamine 1B receptor,B,,,J Med Chem,2003,Serotonin 1b (5-HT1b) receptor,Ki,nM,7.51,473.56,3.76
CHEMBL1242081,0.5012,Cc1ccc2c(N3CCN(CCc4cccc5c4OCc4c(C(=O)NC6CC6)ncn4-5)CC3)cccc2n1,Scientific Literature,Antagonist activity against human recombinant 5HT1B receptor expressed in CHO cells assessed as inhibition of 5HT-induced [35S]GTPgammaS binding by scintillation proximity assay,F,Homo sapiens,,J Med Chem,2010,Serotonin 1b (5-HT1b) receptor,Ki,nM,9.3,508.63,3.88
CHEMBL1258722,10000.0,CCCOc1ccc(-c2nn3c(C)cc(C)nc3c2CC(=O)N(CC)CC)cc1,Scientific Literature,Inhibition of 5-HT1B receptor,B,,,Bioorg Med Chem Lett,2010,Serotonin 1b (5-HT1b) receptor,Ki,nM,,394.52,4.21
CHEMBL1287827,398.11,Cc1ccc2c(N3CCN(CCc4cccc5c4ccc(=O)n5C)[C@@H](C)C3)cccc2n1,Scientific Literature,Antagonist activity at human 5-HT1B receptor expressed in CHO cells assessed as inhibition of GTPgammaS binding by scintillation proximity assay,F,Homo sapiens,,Bioorg Med Chem Lett,2010,Serotonin 1b (5-HT1b) receptor,Ki,nM,6.4,426.56,4.15
CHEMBL469995,6.31,Cc1ccc2c(N3CCN(CCc4cccc5c4OCC(=O)N5CC4CC4)CC3)cccc2n1,Scientific Literature,Antagonist activity at human 5HT1B assessed as GTPgammaS binding by scintillation proximity assay in presence of 5-HT,F,Homo sapiens,,Bioorg Med Chem Lett,2009,Serotonin 1b (5-HT1b) receptor,Ki,nM,8.2,456.59,4.04
CHEMBL511815,2.512,Cc1ccc2c(N3CCN(CCc4cccc5c4OCC(=O)N5C)[C@H](C)C3)cccc2n1,Scientific Literature,Antagonist activity at human 5HT1B assessed as GTPgammaS binding by scintillation proximity assay in presence of 5-HT,F,Homo sapiens,,Bioorg Med Chem Lett,2009,Serotonin 1b (5-HT1b) receptor,Ki,nM,8.6,430.55,3.65
CHEMBL1632222,3.981,Cc1ccc2c(N3CCN(CCc4cccc(NC(=O)NC(C)(C)C)c4)CC3)cccc2n1,Scientific Literature,Displacement of [3H]5-HT from human recombinant 5-HT1B receptor expressed in CHO cells,B,Homo sapiens,,J Med Chem,2010,Serotonin 1b (5-HT1b) receptor,Ki,nM,8.4,445.61,4.83
CHEMBL1631543,31.62,Cc1ccc2c(N3CCN(CCc4cccc(N5CCCOC5=O)c4)CC3)cccc2n1,Scientific Literature,Displacement of [3H]5-HT from human recombinant 5-HT1B receptor expressed in CHO cells,B,Homo sapiens,,J Med Chem,2010,Serotonin 1b (5-HT1b) receptor,Ki,nM,7.5,430.55,4.25
CHEMBL5404195,5400.0,O=C(O)c1cc(-c2ccc(C3(O)C[C@H]4CNC[C@@H]4C3)cc2)c2ccc(-c3ccc(C(F)(F)F)cc3)cc2c1,Scientific Literature,Displacement of [3H]-5-CT from human 5-HT1B receptor assessed as inhibition constant by radioligand displacement assay,B,Homo sapiens,,J Med Chem,2023,Serotonin 1b (5-HT1b) receptor,Ki,nM,5.27,517.55,6.71
CHEMBL489408,10000.0,COc1ccc(CCN2CCC(C(=O)c3cccc(OCCF)c3OC)CC2)cc1,Scientific Literature,Inhibition of human cloned 5HT1B receptor by competitive binding experiment,B,Homo sapiens,,Bioorg Med Chem,2009,Serotonin 1b (5-HT1b) receptor,Ki,nM,,415.51,4.19
CHEMBL516088,2174.0,COc1c(OCCF)cccc1C(=O)C1CCN(CCc2ccc(F)cc2)CC1,Scientific Literature,Inhibition of human cloned 5HT1B receptor by competitive binding experiment,B,Homo sapiens,,Bioorg Med Chem,2009,Serotonin 1b (5-HT1b) receptor,Ki,nM,5.66,403.47,4.32
CHEMBL295234,10000.0,CC1=NCCc2c1[nH]c1ccccc21,Scientific Literature,Displacement of [3H]-mesulergine from human 5-HT1B expressed in human HEK cells assessed as inhibition constant by FLIPR assay,B,Homo sapiens,,J Med Chem,2021,Serotonin 1b (5-HT1b) receptor,Ki,nM,,184.24,2.53
CHEMBL349675,140.0,COc1ccc(S(=O)(=O)N2CC=C(c3ccc4[nH]cc(CCN5CCCC5)c4c3)CC2)cc1,Scientific Literature,Binding affinity was evaluated at the cloned human 5-hydroxytryptamine 1B receptor,B,,,Bioorg Med Chem Lett,2004,Serotonin 1b (5-HT1b) receptor,Ki,nM,6.85,465.62,4.29
CHEMBL49048,1625.0,CCc1ccc2[nH]cc(CCN3CCCC3)c2c1,Scientific Literature,Binding affinity towards cloned human 5-hydroxytryptamine 1B receptor,B,Homo sapiens,,Bioorg Med Chem Lett,2000,Serotonin 1b (5-HT1b) receptor,Ki,nM,5.79,242.37,3.37
CHEMBL317535,910.0,CCOC(=O)c1[nH]c2ccccc2c1CCN(C)C,Scientific Literature,Binding affinity against 5-hydroxytryptamine 1B receptor in CHO cells using [3H]5-HT as radioligand,B,,,J Med Chem,2001,Serotonin 1b (5-HT1b) receptor,Ki,nM,6.04,260.34,2.45
CHEMBL307786,939.0,CCCN(CCC)[C@H]1CCc2ccc3[nH]cc(C=O)c3c2C1,Scientific Literature,"Binding affinity against 5-hydroxytryptamine 1D receptor beta expressed in CHO-K1 cells, using [3H]5-HT as the radioligand.",B,,,J Med Chem,1995,Serotonin 1b (5-HT1b) receptor,Ki,nM,6.03,298.43,3.96
CHEMBL163151,40.0,O=C(NN1CC=C(c2ccc3[nH]cc(CCN4CCCC4)c3c2)CC1)c1ccccc1,Scientific Literature,Binding affinity was evaluated at the cloned human 5-hydroxytryptamine 1B receptor,B,,,Bioorg Med Chem Lett,2004,Serotonin 1b (5-HT1b) receptor,Ki,nM,7.4,414.55,4.24
CHEMBL105261,720.0,CCC(=O)Nc1ccc2[nH]cc(C3CCN(C)CC3)c2n1,Scientific Literature,In vitro binding affinity by radioligand binding assay using cell line expressing human 5-hydroxytryptamine 1B receptor,B,,,J Med Chem,2003,Serotonin 1b (5-HT1b) receptor,Ki,nM,6.14,286.38,2.72
CHEMBL2112317,1617.0,CCCN(CCCCN1C(=O)CC(C)(C)CC1=O)[C@H]1CCc2ccc3[nH]cc(C=O)c3c2C1.O,Scientific Literature,"In vitro binding affinity against cloned mammalian 5-hydroxytryptamine 1D receptor beta expressed in CHO cells, by using [3H]5-HT as radioligand",B,,,J Med Chem,1995,Serotonin 1b (5-HT1b) receptor,Ki,nM,5.79,469.63,4.51
CHEMBL143967,88.0,CCCN(CCC)CCc1c[nH]c2ccc(OS(=O)(=O)C(F)(F)F)cc12,Scientific Literature,Compound was tested for intrinsic efficacy against human 5-hydroxytryptamine 1D receptor beta measured as the reduction of forskolin-stimulated cAMP.,F,,,J Med Chem,1996,Serotonin 1b (5-HT1b) receptor,Ki,nM,7.06,392.44,4.06
CHEMBL3771331,10000.0,CCNC(=O)c1cccc(NC2=NC(N)=NC3(CCCCC3)N2)c1,Scientific Literature,Displacement of [3H]GR127543 from 5-HT1B receptor (unknown origin) after 1.5 hrs by microbeta scintillation counting method,B,Homo sapiens,,J Med Chem,2016,Serotonin 1b (5-HT1b) receptor,Ki,nM,,328.42,1.78
CHEMBL97650,4.2,O=C1NCCN1CCN1CCC(c2cn(-c3ccc(F)cc3)c3ccc(-c4cncnc4)cc23)CC1,Scientific Literature,Ability to displace [3H]5-CT (1.5 nM) from HeLa cells of human 5-hydroxytryptamine 1B receptor,B,,,J Med Chem,2003,Serotonin 1b (5-HT1b) receptor,Ki,nM,8.38,484.58,4.43
CHEMBL69562,789.0,CCCN(CCC)C1CCc2ccc3[nH]cc(C)c3c2C1,Scientific Literature,"Binding affinity against 5-hydroxytryptamine 1D receptor beta expressed in CHO-K1 cells, using [3H]5-HT as the radioligand.",B,,,J Med Chem,1995,Serotonin 1b (5-HT1b) receptor,Ki,nM,6.1,284.45,4.46
CHEMBL371221,0.5,CN1CCc2c(sc3ncn(CCN4CCN(c5nccc6ccccc56)CC4)c(=O)c23)C1,Scientific Literature,Inhibitory activity against human recombinant 5HT1B receptor co-expressed with G-protein chimera Gqo5 in HEK293 cells by FLIPR,F,Homo sapiens,,Bioorg Med Chem Lett,2005,Serotonin 1b (5-HT1b) receptor,Ki,nM,9.3,460.61,2.82
CHEMBL2113386,9.3,O=S(=O)(Cc1ccccc1I)Nc1ccc2[nH]cc(C[C@H]3CCCN3)c2c1,Scientific Literature,Inhibition of [3H]-8-OH-DPAT binding to human 5-hydroxytryptamine 1B receptor expressed in CHO cells,B,Homo sapiens,,J Med Chem,2005,Serotonin 1b (5-HT1b) receptor,Ki,nM,8.03,495.39,4.01
CHEMBL195651,3.162,COc1cc2c(cc1N1C[C@@H](C)N(C)[C@@H](C)C1)N(C(=O)Cc1cccc(F)c1C(F)(F)F)CC2,Scientific Literature,Binding affinity against cloned human 5-hydroxytryptamine 1B receptor,B,Homo sapiens,,Bioorg Med Chem Lett,2005,Serotonin 1b (5-HT1b) receptor,Ki,nM,8.5,479.52,4.51
CHEMBL393539,398.11,Cc1ccc2c(OCCN3CCC(Cc4ccc5c(c4F)NC(=O)CO5)CC3)cc(F)cc2n1,Scientific Literature,Displacement of [3H]5-HT from human cloned 5HT1B receptor expressed in CHO cells,B,Homo sapiens,,Bioorg Med Chem Lett,2007,Serotonin 1b (5-HT1b) receptor,Ki,nM,6.4,467.52,4.49
CHEMBL4218679,10000.0,C[C@@H]1SC(c2ccsc2)=N[C@H]1CO,Scientific Literature,Displacement of [3H]5-CT from human 5-HT1B receptor expressed in HEK cells after 90 mins by microbeta scintillation counting analysis,B,Homo sapiens,,J Nat Prod,2017,Serotonin 1b (5-HT1b) receptor,Ki,nM,,213.33,1.99
CHEMBL327527,68.0,Cn1cnc(-c2ccc3c(c2)c(C2CCN(CCN4CCNC4=O)CC2)cn3-c2ccc(F)cc2)n1,Scientific Literature,Ability to displace [3H]5-CT (1.5 nM) from HeLa cells of human 5-hydroxytryptamine 1B receptor,B,,,J Med Chem,2003,Serotonin 1b (5-HT1b) receptor,Ki,nM,7.17,487.58,3.77
CHEMBL144128,0.26,NCCc1c[nH]c2ccc(OCCN3CCN(CCOc4ccc5[nH]cc(CCN)c5c4)CC3)cc12,Scientific Literature,Ability to inhibit the forskolin-stimulated c-AMP formation mediated by human 5-hydroxytryptamine 1B receptor in CHO-K1 cells,F,,,J Med Chem,1996,Serotonin 1b (5-HT1b) receptor,Ki,nM,9.59,490.65,2.73
CHEMBL71395,587.0,CCCN(CCC)C1CCc2ccc3[nH]cc(C(C)=O)c3c2C1,Scientific Literature,"Binding affinity against 5-hydroxytryptamine 1D receptor beta expressed in CHO-K1 cells, using [3H]5-HT as the radioligand.",B,,,J Med Chem,1995,Serotonin 1b (5-HT1b) receptor,Ki,nM,6.23,312.46,4.35
CHEMBL458001,524.81,O=C(Nc1cccc(Cn2ncc(N3CCNCC3)c(Cl)c2=O)c1)c1ccc(-c2ccccc2)cc1,Scientific Literature,Displacement of [3H]5HT from 5HT1B receptor expressed in CHO cells,B,,,J Med Chem,2009,Serotonin 1b (5-HT1b) receptor,Ki,nM,6.28,500.0,4.27
CHEMBL490632,3359.0,COc1c(OCCF)cccc1C(=O)C1CCN(CCc2ccc(C)cc2)CC1,Scientific Literature,Inhibition of human cloned 5HT1B receptor by competitive binding experiment,B,Homo sapiens,,Bioorg Med Chem,2009,Serotonin 1b (5-HT1b) receptor,Ki,nM,5.47,399.51,4.49
CHEMBL3770106,10000.0,CCOC(=O)c1cccc(NC2=NC(N)=NC3(CCCCC3)N2)c1,Scientific Literature,Displacement of [3H]GR127543 from 5-HT1B receptor (unknown origin) after 1.5 hrs by microbeta scintillation counting method,B,Homo sapiens,,J Med Chem,2016,Serotonin 1b (5-HT1b) receptor,Ki,nM,,329.4,2.21
CHEMBL303339,228.0,CN(C)[C@@H]1CCc2ccc3[nH]ccc3c2C1,Scientific Literature,"In vitro binding affinity against cloned mammalian 5-hydroxytryptamine 1D receptor beta expressed in CHO cells, by using [3H]5-HT as radioligand",B,,,J Med Chem,1995,Serotonin 1b (5-HT1b) receptor,Ki,nM,6.64,214.31,2.59
CHEMBL4206418,10000.0,C[C@@H]1SC(c2ccccc2)=N[C@H]1CO,Scientific Literature,Displacement of [3H]5-CT from human 5-HT1B receptor expressed in HEK cells after 90 mins by microbeta scintillation counting analysis,B,Homo sapiens,,J Nat Prod,2017,Serotonin 1b (5-HT1b) receptor,Ki,nM,,207.3,1.93
CHEMBL422192,760.0,C1=C(c2ccc3[nH]cc(CCN4CCCC4)c3c2)CCNC1,Scientific Literature,Binding affinity was evaluated at the cloned human 5-hydroxytryptamine 1B receptor,B,,,Bioorg Med Chem Lett,2004,Serotonin 1b (5-HT1b) receptor,Ki,nM,6.12,295.43,3.18
CHEMBL71474,121.0,CCCN(CCC)C1CCc2cc(F)c3[nH]cc(C#N)c3c2C1,Scientific Literature,"Binding affinity against 5-hydroxytryptamine 1D receptor beta expressed in CHO-K1 cells, using [3H]5-HT as the radioligand.",B,,,J Med Chem,1995,Serotonin 1b (5-HT1b) receptor,Ki,nM,6.92,313.42,4.16
CHEMBL191460,316.23,CN(C)CCN(Cc1ccc(-c2ccc(CNCCc3ccccc3)cc2)cc1)C(=O)CCC1CCCC1.O=C(O)C(F)(F)F.O=C(O)C(F)(F)F,Scientific Literature,Binding affinity towards human 5-hydroxytryptamine receptor 1B expressed in CHO cells using the radioligand [3H]5-HT,B,Homo sapiens,,Bioorg Med Chem Lett,2005,Serotonin 1b (5-HT1b) receptor,Ki,nM,6.5,739.8,6.55
CHEMBL2368611,10000.0,Cl.N#Cc1ccc2c(c1)CCN(CC[C@H]1CC[C@H](NC(=O)/C=C/c3ccc(F)cc3)CC1)C2,Scientific Literature,Binding activity against human 5-hydroxytryptamine 1B receptor,B,Homo sapiens,,J Med Chem,2000,Serotonin 1b (5-HT1b) receptor,Ki,nM,,468.02,4.83
CHEMBL199144,7.943,CCc1c(C(=O)N2CCc3cc4ccnc(N5C[C@@H](C)N[C@@H](C)C5)c4cc32)cnn1-c1ccc(C#N)cc1,Scientific Literature,Mean binding affinity towards 5-hydroxytryptamine 1B receptor using [3H]5-HT or [3H]-8-OH-DPAT as the radioligand,B,Homo sapiens,,Bioorg Med Chem Lett,2005,Serotonin 1b (5-HT1b) receptor,Ki,nM,8.1,505.63,4.24
CHEMBL138963,120.0,CC(C)NCCOc1cccc2ccccc12,Scientific Literature,Agonist activity to the human recombinant 5-hydroxytryptamine 1B receptor,F,,,J Med Chem,1997,Serotonin 1b (5-HT1b) receptor,Ki,nM,6.92,229.32,3.22
CHEMBL194206,38.3,COc1ccc(NC(=O)N2CCN(c3ccc(F)cc3)CC2)cc1N1CCN(C)CC1,Scientific Literature,In vitro binding affinity towards cloned human 5-HT1B receptor using [3H]5-carboximidotryptamine as radioligand,B,Homo sapiens,,Bioorg Med Chem Lett,2005,Serotonin 1b (5-HT1b) receptor,Ki,nM,7.42,427.52,2.94
CHEMBL107617,2.0,CC(C)(C)CCCCCCCOc1ccc2[nH]cc(CCN)c2c1,Scientific Literature,Displacement of [3H]-5-HT from human 5-hydroxytryptamine 1D receptor beta,B,,,J Med Chem,1996,Serotonin 1b (5-HT1b) receptor,Ki,nM,8.7,330.52,5.43
CHEMBL111284,35.0,CCCCCCCCCCOc1ccc2[nH]cc(CCN)c2c1,Scientific Literature,Displacement of [3H]-5-HT from human 5-hydroxytryptamine 1D receptor beta,B,,,J Med Chem,1996,Serotonin 1b (5-HT1b) receptor,Ki,nM,7.46,316.49,5.19
CHEMBL4743049,1662.65,Cl.Clc1cccc(COc2cncc(N3CCNCC3)n2)c1,EUbOPEN Chemogenomic Library,"PDSP Secondary Binding target: HTR1B - Compounds are tested at 10 uM concentration, plate are incubated at room temperature in the dark for 90 minutes. Reaction are stopped by vacuum filtration onto 0.3% polyethyleneimine soaked filter mats using Filtermate harvester. Scintillation cocktail is then melted onto microwave-dried filters on a hot plate and the radio activity is counted in Microbia counter. Compounds showing a minimum of 50% inhibition at 10 uM concentration are carried forward in this secondary binding assay to determine equilibrium binding affinity.",B,Homo sapiens,,,2024,Serotonin 1b (5-HT1b) receptor,Ki,nM,5.78,341.24,2.12
CHEMBL430500,2.0,COc1ccc(NC(=O)N2CCN(c3ccccc3OC)CC2)cc1N1CCN(C)CC1.O=C(O)/C=C/C(=O)O,Scientific Literature,Affinity for 5-hydroxytryptamine 1B receptor subtype,B,Homo sapiens,,Bioorg Med Chem Lett,1997,Serotonin 1b (5-HT1b) receptor,Ki,nM,8.7,555.63,2.81
CHEMBL147851,0.11,NCCc1c[nH]c2ccc(OCCN3CCN(C(=O)COc4ccc5[nH]cc(CCN)c5c4)CC3)cc12,Scientific Literature,Ability to inhibit the forskolin-stimulated c-AMP formation mediated by human 5-hydroxytryptamine 1B receptor in CHO-K1 cells,F,,,J Med Chem,1996,Serotonin 1b (5-HT1b) receptor,Ki,nM,9.96,504.64,2.25
CHEMBL606556,4.3,CN1CCC[C@@H]1Cc1c[nH]c2ccc(NS(=O)(=O)c3cccc(Cl)c3)cc12,Scientific Literature,Inhibition of [3H]-8-OH-DPAT binding to human 5-hydroxytryptamine 1B receptor expressed in CHO cells,B,Homo sapiens,,J Med Chem,2005,Serotonin 1b (5-HT1b) receptor,Ki,nM,8.37,403.94,4.26
CHEMBL83617,281.0,NC(=O)c1ccc2c(c1)CCOC2CCN1CC=C(c2c[nH]c3cc(F)ccc23)CC1,Scientific Literature,Binding affinity towards human 5-hydroxytryptamine 1B receptor in L-M(tk-) cells using [3H]GR-125743 as radioligand,B,,,Bioorg Med Chem Lett,2004,Serotonin 1b (5-HT1b) receptor,Ki,nM,6.55,419.5,4.2
CHEMBL83732,210.0,NC(=O)c1ccc2c(c1)CCOC2CCN1CC=C(c2cccc3ccc(F)cc23)CC1,Scientific Literature,Binding affinity towards human 5-hydroxytryptamine 1B receptor in L-M(tk-) cells using [3H]GR-125743 as radioligand,B,,,Bioorg Med Chem Lett,2004,Serotonin 1b (5-HT1b) receptor,Ki,nM,6.68,430.52,4.87
CHEMBL1794855,10000.0,CCN(C)C1CCCc2ccncc21.O=C(O)/C=C\C(=O)O.O=C(O)/C=C\C(=O)O,Scientific Literature,Affinity towards human 5-hydroxytryptamine 1B serotonin receptor,B,Homo sapiens,,Bioorg Med Chem Lett,2004,Serotonin 1b (5-HT1b) receptor,Ki,nM,,422.43,2.41
CHEMBL2112882,3.162,CC(C)C[C@H]1C(=O)N[C@@H](Cc2ccccc2)[C@]2(O)O[C@@](C)(NC(=O)[C@@H]3C=C4c5cccc6[nH]cc(c56)C[C@H]4N(C)C3)C(=O)N12,Scientific Literature,Binding affinity against cloned human 5-hydroxytryptamine 1B receptor in CHO cells using [3H]5-CT as radioligand,B,,,J Med Chem,2003,Serotonin 1b (5-HT1b) receptor,Ki,nM,8.5,597.72,2.53
CHEMBL414420,275.0,CCCCCCCCCCc1ccc2[nH]cc(CCN)c2c1,Scientific Literature,Displacement of [3H]-5-HT from human 5-hydroxytryptamine 1D receptor beta,B,,,J Med Chem,1996,Serotonin 1b (5-HT1b) receptor,Ki,nM,6.56,300.49,5.35
CHEMBL309976,10000.0,Brc1ccc(CC2=NCCN2)cc1,Scientific Literature,Binding affinity towards human 5-hydroxytryptamine 1B receptor using [3H]5-HT trifluoroacetate as radioligand,B,,,J Med Chem,1998,Serotonin 1b (5-HT1b) receptor,Ki,nM,,239.12,1.99
CHEMBL139230,1120.0,CC(C)NCCOc1cccc2[nH]ccc12,Scientific Literature,Agonist activity to the human recombinant 5-hydroxytryptamine 1B receptor,F,,,J Med Chem,1997,Serotonin 1b (5-HT1b) receptor,Ki,nM,5.95,218.3,2.54
CHEMBL108395,1000.0,CCCCCCCCCOc1ccc2[nH]c3c(c2c1)CCN(C)C3,Scientific Literature,Binding affinity towards cloned human 5-hydroxytryptamine 1D receptor was determined using [3H]8-OH-DPAT as radioligand,B,,,J Med Chem,1996,Serotonin 1b (5-HT1b) receptor,Ki,nM,,328.5,5.29
CHEMBL197408,13.7,COc1ccc(NC(=O)N2CCN(c3ccc(-c4ccccc4)cc3)CC2)cc1N1CCN(C)CC1,Scientific Literature,In vitro binding affinity towards cloned human 5-HT1B receptor using [3H]5-carboximidotryptamine as radioligand,B,Homo sapiens,,Bioorg Med Chem Lett,2005,Serotonin 1b (5-HT1b) receptor,Ki,nM,7.86,485.63,4.47
CHEMBL1632220,1.259,CCNC(=O)Nc1cccc(CCN2CCN(c3cccc4nc(C)ccc34)CC2)c1,Scientific Literature,Displacement of [3H]5-HT from human recombinant 5-HT1B receptor expressed in CHO cells,B,Homo sapiens,,J Med Chem,2010,Serotonin 1b (5-HT1b) receptor,Ki,nM,8.9,417.56,4.05
CHEMBL1632217,1.259,Cc1ccc2c(N3CCN(CCc4cccc(NC(=O)c5cnccn5)c4)CC3)cccc2n1,Scientific Literature,Displacement of [3H]5-HT from human recombinant 5-HT1B receptor expressed in CHO cells,B,Homo sapiens,,J Med Chem,2010,Serotonin 1b (5-HT1b) receptor,Ki,nM,8.9,452.56,3.95
CHEMBL1631540,3.162,Cc1ccc2c(N3CCN(CCc4cccc(N5CCNC5=O)c4)CC3)cccc2n1,Scientific Literature,Displacement of [3H]5-HT from human recombinant 5-HT1B receptor expressed in CHO cells,B,Homo sapiens,,J Med Chem,2010,Serotonin 1b (5-HT1b) receptor,Ki,nM,8.5,415.54,3.44
CHEMBL1632211,3.162,Cc1ccc2c(N3CCN(CCc4cccc(NC(=O)c5ccccc5F)c4)CC3)cccc2n1,Scientific Literature,Displacement of [3H]5-HT from human recombinant 5-HT1B receptor expressed in CHO cells,B,Homo sapiens,,J Med Chem,2010,Serotonin 1b (5-HT1b) receptor,Ki,nM,8.5,468.58,5.3
CHEMBL191895,251.19,Cc1ccc2c(OCCN3CCN(Cc4ccc(O)c(N)c4)CC3)cccc2n1,Scientific Literature,Displacement of [3H]5-HT from human 5-hydroxytryptamine 1B receptor expressed in CHO cells,B,Homo sapiens,,J Med Chem,2005,Serotonin 1b (5-HT1b) receptor,Ki,nM,6.6,392.5,3.03
CHEMBL71091,194.0,CCCN(CCC)C1CCc2ccc3c(c2C1)CC(=O)N3,Scientific Literature,"Binding affinity against 5-hydroxytryptamine 1D receptor beta expressed in CHO-K1 cells, using [3H]5-HT as the radioligand.",B,,,J Med Chem,1995,Serotonin 1b (5-HT1b) receptor,Ki,nM,6.71,286.42,3.16
CHEMBL2058429,10000.0,C/N=C1\N(C)C(=O)/C(=C\c2c[nH]c3c(Br)cccc23)N1C,Scientific Literature,Displacement of [3H]5-CT from human recombinant 5HT1B receptor stably expressed in HEK cells,B,Homo sapiens,,Bioorg Med Chem,2013,Serotonin 1b (5-HT1b) receptor,Ki,nM,,347.22,2.66
CHEMBL569270,10000.0,CNc1cc(-c2csc(N(C)C(=O)c3ccc(F)cc3)n2)ncn1,Scientific Literature,Binding affinity to human 5-HT1B receptor by PDSP assay,B,Homo sapiens,,J Med Chem,2013,Serotonin 1b (5-HT1b) receptor,Ki,nM,,343.39,3.06
CHEMBL348890,1000.0,O=C1Nc2ccc(Cl)c3c2C1(CCCCN1CC=C(c2ccc(Cl)cc2)CC1)CCC3,Scientific Literature,Binding affinity towards 5-HT1B receptor by the displacement of [3H]-5-CT] in human recombinant receptors in mammalian cell,B,,,Bioorg Med Chem Lett,2003,Serotonin 1b (5-HT1b) receptor,Ki,nM,,455.43,6.48
CHEMBL1788231,3162.28,CC1CCN(CC[C@H]2CCCCN2S(=O)(=O)c2cccc3ccccc23)CC1,Scientific Literature,Binding affinity towards 5-hydroxytryptamine 1B receptor (human cloned receptor) in CHO cells using [3H]5-HT as radioligand,B,,,J Med Chem,2000,Serotonin 1b (5-HT1b) receptor,Ki,nM,,400.59,4.51
CHEMBL79725,96.0,NC(=O)c1ccc2c(c1)CCOC2CCN1CCC(c2c[nH]c3cc(F)ccc23)C1,Scientific Literature,Binding affinity towards human 5-hydroxytryptamine 1B receptor in L-M(tk-) cells using [3H]GR-125743 as radioligand,B,,,Bioorg Med Chem Lett,2004,Serotonin 1b (5-HT1b) receptor,Ki,nM,7.02,407.49,3.9
CHEMBL2413154,643.0,COc1ccccc1N1CCN(CCCCn2ncc(=O)n(C)c2=O)CC1,Scientific Literature,Binding affinity to 5HT1B receptor (unknown origin),B,Homo sapiens,,Bioorg Med Chem,2013,Serotonin 1b (5-HT1b) receptor,Ki,nM,6.19,373.46,0.55
CHEMBL5084249,160.0,CCN(CC)CCc1ccc(Cl)c(-c2ccccc2OC)c1,Scientific Literature,Binding affinity to 5-HT1BR (unknown origin),B,Homo sapiens,,J Med Chem,2021,Serotonin 1b (5-HT1b) receptor,Ki,nM,6.8,317.86,4.9
CHEMBL111302,1.3,COc1ccc(NC(=O)N2CCN(c3c(C)cccc3C)CC2)cc1N1CCN(C)CC1.O=C(O)/C=C/C(=O)O,Scientific Literature,Affinity for 5-hydroxytryptamine 1B receptor subtype,B,Homo sapiens,,Bioorg Med Chem Lett,1997,Serotonin 1b (5-HT1b) receptor,Ki,nM,8.89,553.66,3.42
CHEMBL20791,2.512,Cc1nc(-c2ccc(-c3ccc(C(=O)Nc4ccc5c(c4)N(CCN(C)C)CCO5)cc3)c(C)c2)no1,Scientific Literature,Binding affinity for human 5-hydroxytryptamine 1B receptor,B,Homo sapiens,,J Med Chem,1998,Serotonin 1b (5-HT1b) receptor,Ki,nM,8.6,497.6,5.03
CHEMBL136962,1205.0,CCCN(C)CCCOc1ccccc1C1CCCC1,Scientific Literature,Agonist activity to the human recombinant 5-hydroxytryptamine 1B receptor,F,,,J Med Chem,1997,Serotonin 1b (5-HT1b) receptor,Ki,nM,5.92,275.44,4.45
CHEMBL483365,6.31,Cc1ccc2c(N3CCN(CCCCc4ccc5c(c4)NC(=O)CO5)CC3)cccc2n1,Scientific Literature,Displacement of [3H]5HT from human cloned 5HT1B receptor expressed in CHO cells,B,Homo sapiens,,Bioorg Med Chem Lett,2008,Serotonin 1b (5-HT1b) receptor,Ki,nM,8.2,430.55,4.02
CHEMBL519019,398.11,Cc1ccc2c(OCCCN3CC(Oc4ccc5c(c4)NC(=O)CO5)C3)cccc2n1,Scientific Literature,Displacement of [3H]5HT from human cloned 5HT1B receptor expressed in CHO cells,B,Homo sapiens,,Bioorg Med Chem Lett,2008,Serotonin 1b (5-HT1b) receptor,Ki,nM,6.4,419.48,3.41
CHEMBL370896,12.59,COc1cc2c(cc1N1C[C@@H](C)N(C)[C@@H](C)C1)N(C(=O)c1cccc(Cl)c1Cl)CC2,Scientific Literature,Binding affinity against cloned human 5-hydroxytryptamine 1B receptor,B,Homo sapiens,,Bioorg Med Chem Lett,2005,Serotonin 1b (5-HT1b) receptor,Ki,nM,7.9,448.39,4.73
CHEMBL1632223,3.162,Cc1ccc2c(N3CCN(CCc4cccc(NC(=O)Nc5ccccc5)c4)CC3)cccc2n1,Scientific Literature,Displacement of [3H]5-HT from human recombinant 5-HT1B receptor expressed in CHO cells,B,Homo sapiens,,J Med Chem,2010,Serotonin 1b (5-HT1b) receptor,Ki,nM,8.5,465.6,5.55
CHEMBL110942,1000.0,COc1ccc2[nH]c3c(c2c1)CC(N(C)C)CC3,Scientific Literature,Displacement of [3H]-5-HT from human 5-hydroxytryptamine 1D receptor beta,B,,,J Med Chem,1996,Serotonin 1b (5-HT1b) receptor,Ki,nM,,244.34,2.6
CHEMBL70652,179.0,CCCN(CCC)[C@H]1CCc2cc(F)c3[nH]cc(C=O)c3c2C1,Scientific Literature,"Binding affinity against 5-hydroxytryptamine 1D receptor beta expressed in CHO-K1 cells, using [3H]5-HT as the radioligand.",B,,,J Med Chem,1995,Serotonin 1b (5-HT1b) receptor,Ki,nM,6.75,316.42,4.1
CHEMBL308042,37.0,Cc1cc(C(C)C)cc(C)c1CC1=NCCN1,Scientific Literature,Binding affinity towards human 5-hydroxytryptamine 1B receptor using [3H]5-HT trifluoroacetate as radioligand,B,,,J Med Chem,1998,Serotonin 1b (5-HT1b) receptor,Ki,nM,7.43,230.35,2.97
CHEMBL605785,0.43,COC1(c2ccc(NC(=O)c3cc(=O)c4cc(F)cc(-c5c(C)nn(C)c5C)c4o3)cn2)CCOCC1,Scientific Literature,Binding affinity to 5HT1B receptor expressed in CHO cells,B,,,J Med Chem,2010,Serotonin 1b (5-HT1b) receptor,Ki,nM,9.37,506.53,4.25
CHEMBL601013,0.96,COC1(c2ccc(NC(=O)C3CCc4cc(F)cc(-c5c(C)nn(C)c5C)c4O3)cn2)CCOCC1,Scientific Literature,Binding affinity to 5HT1B receptor expressed in CHO cells,B,,,J Med Chem,2010,Serotonin 1b (5-HT1b) receptor,Ki,nM,9.02,494.57,4.22
CHEMBL605785,0.4266,COC1(c2ccc(NC(=O)c3cc(=O)c4cc(F)cc(-c5c(C)nn(C)c5C)c4o3)cn2)CCOCC1,Scientific Literature,Binding affinity to 5HT1B receptor expressed in CHO cells,B,,,J Med Chem,2010,Serotonin 1b (5-HT1b) receptor,Ki,nM,9.37,506.53,4.25
CHEMBL198488,3.981,CCc1c(C(=O)N2CCc3cc4ccnc(N5CCN(C(C)C)CC5)c4cc32)cnn1-c1ccc(C#N)cc1,Scientific Literature,Mean binding affinity towards 5-hydroxytryptamine 1B receptor using [3H]5-HT or [3H]-8-OH-DPAT as the radioligand,B,Homo sapiens,,Bioorg Med Chem Lett,2005,Serotonin 1b (5-HT1b) receptor,Ki,nM,8.4,519.65,4.59
CHEMBL369798,9.9,COC[C@@H]1CCCN1CCc1c[nH]c2ccc(-c3cccs3)cc12,Scientific Literature,Binding affinity for human 5-hydroxytryptamine 1B receptor,B,Homo sapiens,,Bioorg Med Chem Lett,2000,Serotonin 1b (5-HT1b) receptor,Ki,nM,8.0,340.49,4.55
CHEMBL302172,139.0,CCCN(CCC)[C@@H]1CCc2ccc3[nH]ccc3c2C1,Scientific Literature,"In vitro binding affinity against cloned mammalian 5-hydroxytryptamine 1D receptor beta expressed in CHO cells, by using [3H]5-HT as radioligand",B,,,J Med Chem,1995,Serotonin 1b (5-HT1b) receptor,Ki,nM,6.86,270.42,4.15
CHEMBL28997,10000.0,Fc1ccc(N2CCN(Cc3c[nH]c4ncccc34)CC2)cc1,Scientific Literature,Binding affinity to cloned human 5-hydroxytryptamine 1B receptor,B,Homo sapiens,,Bioorg Med Chem Lett,2001,Serotonin 1b (5-HT1b) receptor,Ki,nM,,310.38,3.02
CHEMBL602674,1.7,CCC(=O)N1CCN(c2ccc(NC(=O)c3cc(=O)c4cc(F)cc(N5CCN(C)CC5)c4o3)cc2)CC1,Scientific Literature,Binding affinity to 5HT1B receptor expressed in CHO cells,B,,,J Med Chem,2010,Serotonin 1b (5-HT1b) receptor,Ki,nM,8.77,521.59,2.99
CHEMBL601012,9.3,Cc1n[nH]c(C)c1-c1ccc(C)c2c(=O)cc(C(=O)Nc3ccc(N4CCOCC4)cc3)[nH]c12,Scientific Literature,Binding affinity to 5HT1B receptor expressed in CHO cells,B,,,J Med Chem,2010,Serotonin 1b (5-HT1b) receptor,Ki,nM,8.03,457.53,3.93
CHEMBL602875,12.3,COc1cc2c(c(N3CCN(C)CC3)c1)O[C@@H](C(=O)Nc1ccc(N3CCOCC3)cc1)CC2,Scientific Literature,Binding affinity to 5HT1B receptor expressed in CHO cells,B,,,J Med Chem,2010,Serotonin 1b (5-HT1b) receptor,Ki,nM,7.91,466.58,2.62
CHEMBL1290487,0.7943,Cc1ccc2c(N3CCN(CCc4cccc5c4CCC(=O)N5C)CC3)cccc2n1,Scientific Literature,Antagonist activity at human 5-HT1B receptor expressed in CHO cells assessed as inhibition of GTPgammaS binding by scintillation proximity assay,F,Homo sapiens,,Bioorg Med Chem Lett,2010,Serotonin 1b (5-HT1b) receptor,Ki,nM,9.1,414.55,3.82
CHEMBL1277105,5000.0,O=S(=O)(c1cccc2ccccc12)c1n[nH]c2ccc(N3CCNCC3)cc12,Scientific Literature,Displacement of [3H]LSD from human cloned 5HT1B receptor expressed in human HeLa cells,B,Homo sapiens,,J Med Chem,2010,Serotonin 1b (5-HT1b) receptor,Ki,nM,,392.48,2.96
CHEMBL1278001,5000.0,O=S(=O)(c1cccc2ccccc12)c1nn(Cc2ccccc2)c2ccc(N3CCNCC3)cc12,Scientific Literature,Displacement of [3H]LSD from human cloned 5HT1B receptor expressed in human HeLa cells,B,Homo sapiens,,J Med Chem,2010,Serotonin 1b (5-HT1b) receptor,Ki,nM,,482.61,4.48
CHEMBL110601,40.0,COc1ccc(NCC(=O)N2CCN(c3ccccc3C)CC2)cc1N1CCN(C)CC1.O=C(O)/C=C/C(=O)O,Scientific Literature,Affinity for 5-hydroxytryptamine 1B receptor subtype,B,Homo sapiens,,Bioorg Med Chem Lett,1997,Serotonin 1b (5-HT1b) receptor,Ki,nM,7.4,553.66,2.52
CHEMBL2058415,10000.0,C/N=C1\NC(=O)/C(=C\c2c[nH]c3cccc(Br)c23)N1C,Scientific Literature,Displacement of [3H]5-CT from human recombinant 5HT1B receptor stably expressed in HEK cells,B,Homo sapiens,,Bioorg Med Chem,2013,Serotonin 1b (5-HT1b) receptor,Ki,nM,,333.19,2.32
CHEMBL101686,32.0,CCCCCCCC(=O)Nc1ccc2[nH]cc(C3CCN(C)CC3)c2n1,Scientific Literature,In vitro binding affinity by radioligand binding assay using cell line expressing human 5-hydroxytryptamine 1B receptor,B,,,J Med Chem,2003,Serotonin 1b (5-HT1b) receptor,Ki,nM,7.5,356.51,4.67
CHEMBL420475,380.0,CN1CCC(c2c[nH]c3ccc(NC(=O)C4CCC4)nc23)CC1,Scientific Literature,In vitro binding affinity by radioligand binding assay using cell line expressing human 5-hydroxytryptamine 1B receptor,B,,,J Med Chem,2003,Serotonin 1b (5-HT1b) receptor,Ki,nM,6.42,312.42,3.11
CHEMBL173656,70.0,CC1CCC(C)N1CCc1c[nH]c2ccc(-c3cccs3)cc12,Scientific Literature,Binding affinity for human 5-hydroxytryptamine 1B receptor,B,Homo sapiens,,Bioorg Med Chem Lett,2000,Serotonin 1b (5-HT1b) receptor,Ki,nM,7.16,324.49,5.31
CHEMBL1744040,20.0,CN(C)[C@@H]1CCc2ccc3[nH]cc(C=O)c3c2C1,Scientific Literature,"In vitro binding affinity against cloned mammalian 5-hydroxytryptamine 1D receptor beta expressed in CHO cells, by using [3H]5-HT as radioligand",B,,,J Med Chem,1995,Serotonin 1b (5-HT1b) receptor,Ki,nM,7.7,242.32,2.4
CHEMBL1275630,5000.0,CC(C)Cn1nc(S(=O)(=O)c2cccc3ccccc23)c2cc(N3CCNCC3)ccc21,Scientific Literature,Displacement of [3H]LSD from human cloned 5HT1B receptor expressed in human HeLa cells,B,Homo sapiens,,J Med Chem,2010,Serotonin 1b (5-HT1b) receptor,Ki,nM,,448.59,4.09
CHEMBL133868,10000.0,CC(N)Cc1c[nH]c2ccc3c(c12)CCCO3,Scientific Literature,Inhibitory constant against 5-hydroxytryptamine 1B receptor using with [125I]- cyanopindolol radioligand,B,,,J Med Chem,2003,Serotonin 1b (5-HT1b) receptor,Ki,nM,,230.31,2.38
CHEMBL444843,200.0,NC(=O)c1ccc2c(c1)CCOC2CCN1CCC(c2nsc3cc(F)ccc23)CC1,Scientific Literature,Binding affinity towards human 5-hydroxytryptamine 1B receptor in L-M(tk-) cells using [3H]GR-125743 as radioligand,B,,,Bioorg Med Chem Lett,2004,Serotonin 1b (5-HT1b) receptor,Ki,nM,6.7,439.56,4.42
CHEMBL70409,712.0,Cc1cc(C(C)(C)C)ccc1CC1=NCCN1,Scientific Literature,Binding affinity towards human 5-hydroxytryptamine 1B receptor using [3H]5-HT trifluoroacetate as radioligand,B,,,J Med Chem,1998,Serotonin 1b (5-HT1b) receptor,Ki,nM,6.15,230.35,2.84
CHEMBL111283,14.0,CC(C)CCCCCCOc1ccc2[nH]cc(CCN)c2c1,Scientific Literature,Displacement of [3H]-5-HT from human 5-hydroxytryptamine 1D receptor beta,B,,,J Med Chem,1996,Serotonin 1b (5-HT1b) receptor,Ki,nM,7.85,302.46,4.65
CHEMBL143512,14.0,NCCc1c[nH]c2ccc(OS(=O)(=O)C(F)(F)F)cc12,Scientific Literature,Compound was tested for binding affinity against cloned human 5-hydroxytryptamine 1D receptor beta expressed in CHO-K1 cells.,B,,,J Med Chem,1996,Serotonin 1b (5-HT1b) receptor,Ki,nM,7.85,308.28,1.9
CHEMBL72178,3480.0,Cc1cc(C)c(CC2=NCCN2)c(C)c1,Scientific Literature,Binding affinity towards human 5-hydroxytryptamine 1B receptor using [3H]5-HT trifluoroacetate as radioligand,B,,,J Med Chem,1998,Serotonin 1b (5-HT1b) receptor,Ki,nM,5.46,202.3,2.16
CHEMBL111107,172.0,CCCCCCCCCOc1ccc2[nH]c3c(c2c1)CC(N)CC3,Scientific Literature,Displacement of [3H]-5-HT from human 5-hydroxytryptamine 1D receptor beta,B,,,J Med Chem,1996,Serotonin 1b (5-HT1b) receptor,Ki,nM,6.76,328.5,5.11
CHEMBL1159649,199.0,NC(=O)c1ccc2c(c1)CCO[C@@H]2CCN1CC=C(c2c[nH]c3c(F)cccc23)CC1,Scientific Literature,Binding affinity towards human 5-hydroxytryptamine 1B receptor in L-M(tk-) cells using [3H]GR-125743 as radioligand,B,,,Bioorg Med Chem Lett,2004,Serotonin 1b (5-HT1b) receptor,Ki,nM,6.7,419.5,4.2
CHEMBL71707,1000.0,O=C(/C=C/c1ccc(Cl)c(Cl)c1)N[C@H]1CC[C@@H](CN2[C@@H]3CC[C@H]2C[C@H](c2c[nH]c4ccc(O)cc24)C3)CC1,Scientific Literature,Binding affinity for 5-hydroxytryptamine 1B receptor was determined,B,,,Bioorg Med Chem Lett,2001,Serotonin 1b (5-HT1b) receptor,Ki,nM,6.0,552.55,7.28
CHEMBL256263,3162.28,COc1ccc(N2C[C@@H](C)N[C@@H](C)C2)cc1NS(=O)(=O)c1ccc(-c2cccs2)cc1,Scientific Literature,Binding affinity to 5HT1B receptor,B,,,Bioorg Med Chem Lett,2008,Serotonin 1b (5-HT1b) receptor,Ki,nM,,457.62,4.41
CHEMBL407706,3162.28,COc1ccc(N2C[C@@H](C)N[C@@H](C)C2)cc1NS(=O)(=O)c1ccc(-c2ccc(C)o2)cc1,Scientific Literature,Binding affinity to 5HT1B receptor,B,,,Bioorg Med Chem Lett,2008,Serotonin 1b (5-HT1b) receptor,Ki,nM,,455.58,4.25
CHEMBL490633,10000.0,COc1ccc(CCN2CCC(C(O)c3cccc(OCCF)c3OC)CC2)cc1,Scientific Literature,Inhibition of human cloned 5HT1B receptor by competitive binding experiment,B,Homo sapiens,,Bioorg Med Chem,2009,Serotonin 1b (5-HT1b) receptor,Ki,nM,,417.52,4.04
CHEMBL490634,10000.0,COc1c(OCCF)cccc1C(=O)C1CCN(CCc2ccc([N+](=O)[O-])cc2)CC1,Scientific Literature,Inhibition of human cloned 5HT1B receptor by competitive binding experiment,B,Homo sapiens,,Bioorg Med Chem,2009,Serotonin 1b (5-HT1b) receptor,Ki,nM,,430.48,4.09
CHEMBL1632174,10000.0,O=C(O)CCCCCN1CCC(CNC(=O)c2c3n(c4ccccc24)CCCO3)CC1,Scientific Literature,Binding affinity to 5HT1B receptor,B,,,Bioorg Med Chem,2010,Serotonin 1b (5-HT1b) receptor,Ki,nM,,427.55,3.51
CHEMBL2113097,7.943,COc1cc2c(cc1N1CCN(C)CC1)N(C(=O)Cc1cccc([N+](=O)[O-])c1)CC2,Scientific Literature,Binding affinity against cloned human 5-hydroxytryptamine 1B receptor,B,Homo sapiens,,Bioorg Med Chem Lett,2005,Serotonin 1b (5-HT1b) receptor,Ki,nM,8.1,410.47,2.49
CHEMBL424837,3.981,COc1cc2c(cc1N1C[C@@H](C)N(C)[C@@H](C)C1)N(C(=O)Nc1cccc(C(F)(F)F)c1F)CC2,Scientific Literature,Binding affinity against cloned human 5-hydroxytryptamine 1B receptor,B,Homo sapiens,,Bioorg Med Chem Lett,2005,Serotonin 1b (5-HT1b) receptor,Ki,nM,8.4,480.51,4.98
CHEMBL370214,2.512,COc1cc2c(cc1N1C[C@@H](C)N(C)[C@@H](C)C1)N(C(=O)Nc1cccc(C(F)(F)F)c1Cl)CC2,Scientific Literature,Binding affinity against cloned human 5-hydroxytryptamine 1B receptor,B,Homo sapiens,,Bioorg Med Chem Lett,2005,Serotonin 1b (5-HT1b) receptor,Ki,nM,8.6,496.96,5.49
CHEMBL193616,7.943,COc1cc2c(cc1N1C[C@@H](C)N[C@@H](C)C1)N(C(=O)c1ccc(-c3cc(C)ncc3C)cc1)CC2,Scientific Literature,Binding affinity against cloned human 5-hydroxytryptamine 1B receptor,B,Homo sapiens,,Bioorg Med Chem Lett,2005,Serotonin 1b (5-HT1b) receptor,Ki,nM,8.1,470.62,4.76
CHEMBL391271,103.0,C[C@@H]1CN(c2cccc3cc(F)ccc23)CCN1CC[C@@H]1OCCc2cc(C(N)=O)ccc21,Scientific Literature,Displacement of [3H]GR-125743 from human 5HT1B expressed in LM(tk-) cells,B,Homo sapiens,,Bioorg Med Chem Lett,2007,Serotonin 1b (5-HT1b) receptor,Ki,nM,6.99,447.55,4.29
CHEMBL105369,3.2,CN1CCC(c2c[nH]c3ccc(NC(=O)Nc4ccc(F)cc4)nc23)CC1,Scientific Literature,In vitro binding affinity by radioligand binding assay using cell line expressing human 5-hydroxytryptamine 1B receptor,B,,,J Med Chem,2003,Serotonin 1b (5-HT1b) receptor,Ki,nM,8.49,367.43,4.16
CHEMBL104484,310.0,CN1CCC(c2c[nH]c3ccc(NC(=O)c4ccc(C#N)cc4)nc23)CC1,Scientific Literature,In vitro binding affinity by radioligand binding assay using cell line expressing human 5-hydroxytryptamine 1B receptor,B,,,J Med Chem,2003,Serotonin 1b (5-HT1b) receptor,Ki,nM,6.51,359.43,3.5
CHEMBL1632158,10000.0,COC(=O)CCCCCN1CCC(CNC(=O)c2c3n(c4ccccc24)CCCO3)CC1,Scientific Literature,Binding affinity to 5HT1B receptor,B,,,Bioorg Med Chem,2010,Serotonin 1b (5-HT1b) receptor,Ki,nM,,441.57,3.6
CHEMBL71663,177.0,CCCc1c[nH]c2c(F)cc3c(c12)CC(N(CCC)CCC)CC3,Scientific Literature,"Binding affinity against 5-hydroxytryptamine 1D receptor beta expressed in CHO-K1 cells, using [3H]5-HT as the radioligand.",B,,,J Med Chem,1995,Serotonin 1b (5-HT1b) receptor,Ki,nM,6.75,330.49,5.24
CHEMBL70680,11.0,CCCN(CCCc1ccccc1)C1CCc2ccc3[nH]cc(C=O)c3c2C1,Scientific Literature,"In vitro binding affinity against cloned mammalian 5-hydroxytryptamine 1D receptor beta expressed in CHO cells, by using [3H]5-HT as radioligand",B,,,J Med Chem,1995,Serotonin 1b (5-HT1b) receptor,Ki,nM,7.96,374.53,5.18
CHEMBL2432048,10000.0,c1ccc(CCN[C@H]2C3C4CC5C6C4CC3C6C52)cc1,Scientific Literature,Inhibition of 5-HT1B receptor (unknown origin) by PDSP assay,B,Homo sapiens,,Bioorg Med Chem,2013,Serotonin 1b (5-HT1b) receptor,Ki,nM,,265.4,2.97
CHEMBL3633757,900.0,COc1cc2c3c(c1OCc1ccc(Br)cc1)-c1cc4c(cc1CC3N(C)CC2)OCO4,Scientific Literature,Displacement of [3H]-GR127543 from recombinant human 5-HT1B receptor after 1.5 hrs by Microbeta scintillation counting analysis,B,Homo sapiens,,Bioorg Med Chem Lett,2015,Serotonin 1b (5-HT1b) receptor,Ki,nM,,494.39,5.52
CHEMBL197011,50.2,COc1ccc(OC)c(N2CCN(CCn3cnc4sc5c(c4c3=O)CCN(C)C5)CC2)c1,Scientific Literature,Inhibitory activity against human recombinant 5HT1B receptor co-expressed with G-protein chimera Gqo5 in HEK293 cells by FLIPR,F,Homo sapiens,,Bioorg Med Chem Lett,2005,Serotonin 1b (5-HT1b) receptor,Ki,nM,7.3,469.61,2.29
CHEMBL198462,70.3,COc1ccc(Cl)cc1N1CCN(CCn2cnc3sc4c(c3c2=O)CCN(C)C4)CC1,Scientific Literature,Inhibitory activity against human recombinant 5HT1B receptor co-expressed with G-protein chimera Gqo5 in HEK293 cells by FLIPR,F,Homo sapiens,,Bioorg Med Chem Lett,2005,Serotonin 1b (5-HT1b) receptor,Ki,nM,7.15,474.03,2.93
CHEMBL4867560,10000.0,COc1ccccc1-c1n[nH]cc1N1CCCNCC1,Scientific Literature,Binding affinity to 5HT1B receptor (unknown origin),B,Homo sapiens,,J Med Chem,2021,Serotonin 1b (5-HT1b) receptor,Ki,nM,,272.35,1.89
CHEMBL281350,2.777,Cc1nc(-c2ccc(-c3ccc(C(=O)N4CCc5cc6c(cc54)C4(CCN(C)CC4)CO6)cc3)c(C)c2)no1,EUbOPEN Chemogenomic Library,"PDSP Secondary Binding target: HTR1B - Compounds are tested at 10 uM concentration, plate are incubated at room temperature in the dark for 90 minutes. Reaction are stopped by vacuum filtration onto 0.3% polyethyleneimine soaked filter mats using Filtermate harvester. Scintillation cocktail is then melted onto microwave-dried filters on a hot plate and the radio activity is counted in Microbia counter. Compounds showing a minimum of 50% inhibition at 10 uM concentration are carried forward in this secondary binding assay to determine equilibrium binding affinity.",B,Homo sapiens,,,2024,Serotonin 1b (5-HT1b) receptor,Ki,nM,8.56,520.63,5.58
CHEMBL1277917,5000.0,CN1CCN(c2ccc3[nH]nc(S(=O)(=O)c4ccccc4)c3c2)CC1,Scientific Literature,Displacement of [3H]LSD from human cloned 5HT1B receptor expressed in human HeLa cells,B,Homo sapiens,,J Med Chem,2010,Serotonin 1b (5-HT1b) receptor,Ki,nM,,356.45,2.15
CHEMBL3104091,1348.96,CN1CCc2c(c3cccc4c3n2-c2ccccc2CC4)C1,Scientific Literature,Displacement of [3H]5-CT from 5-HT1B receptor (unknown origin),B,Homo sapiens,,Bioorg Med Chem Lett,2014,Serotonin 1b (5-HT1b) receptor,Ki,nM,5.87,288.39,3.72
CHEMBL306699,10000.0,CNCCc1c(C)cc(C(C)(C)C)cc1C,Scientific Literature,Binding affinity towards human 5-hydroxytryptamine 1B receptor using [3H]5-HT trifluoroacetate as radioligand,B,,,J Med Chem,1998,Serotonin 1b (5-HT1b) receptor,Ki,nM,,219.37,3.36
CHEMBL513715,1.0,Cc1ccc2c(N3CCN(CCc4cccc5c4OCC(=O)N5)CC3)cccc2n1,Scientific Literature,Antagonist activity against human recombinant 5HT1B receptor expressed in CHO cells assessed as inhibition of 5HT-induced [35S]GTPgammaS binding by scintillation proximity assay,F,Homo sapiens,,J Med Chem,2010,Serotonin 1b (5-HT1b) receptor,Ki,nM,9.0,402.5,3.24
CHEMBL3609140,1608.0,CCCOc1c(OC)cc2c3c1-c1cc4c(cc1CC3N(C)CC2c1ccccc1)OCO4,Scientific Literature,Displacement of [3H]GR125743 from 5HT1B receptor (unknown origin),B,Homo sapiens,,Bioorg Med Chem Lett,2015,Serotonin 1b (5-HT1b) receptor,Ki,nM,5.79,443.54,5.55
CHEMBL442087,1000.0,Cc1ccc2c(OCCN3CCC(Cc4ccc5c(c4)NC(=O)CO5)CC3)cc(F)cc2n1,Scientific Literature,Displacement of [3H]5-HT from human cloned 5HT1B receptor expressed in CHO cells,B,Homo sapiens,,Bioorg Med Chem Lett,2007,Serotonin 1b (5-HT1b) receptor,Ki,nM,,449.53,4.35
CHEMBL93923,110.0,Cn1ccc(-c2ccc3c(c2)c(C2CCN(CCN4CCNC4=O)CC2)cn3-c2ccc(F)cc2)n1,Scientific Literature,Ability to displace [3H]5-CT (1.5 nM) from HeLa cells of human 5-hydroxytryptamine 1B receptor,B,,,J Med Chem,2003,Serotonin 1b (5-HT1b) receptor,Ki,nM,6.96,486.6,4.37
CHEMBL225363,9.3,CN1CCN(c2cc(F)cc3c(=O)cc(C(=O)Nc4ccc(N5CCOCC5)cc4)[nH]c23)CC1,Scientific Literature,Displacement of [3H]GR125743 from 5HT1B receptor transfected in CHO cells,B,Homo sapiens,,Bioorg Med Chem,2007,Serotonin 1b (5-HT1b) receptor,Ki,nM,8.03,465.53,2.51
CHEMBL174355,133.0,Cc1ccc(-c2ccc3[nH]cc(CCN(C)C)c3c2)s1,Scientific Literature,Binding affinity for human 5-hydroxytryptamine 1B receptor,B,Homo sapiens,,Bioorg Med Chem Lett,2000,Serotonin 1b (5-HT1b) receptor,Ki,nM,6.88,284.43,4.31
CHEMBL469345,3.981,Cc1ccc2c(N3CCN(CCc4cccc5c4OCC(=O)N5C)CC3)cccc2n1,Scientific Literature,Antagonist activity against human recombinant 5HT1B receptor expressed in CHO cells assessed as inhibition of 5HT-induced [35S]GTPgammaS binding by scintillation proximity assay,F,Homo sapiens,,J Med Chem,2010,Serotonin 1b (5-HT1b) receptor,Ki,nM,8.4,416.53,3.26
CHEMBL1289509,1000.0,Cc1ccc2c(N3CCN(CCc4c(C)ccc5c4ccc(=O)n5C)[C@@H](C)C3)cccc2n1,Scientific Literature,Antagonist activity at human 5-HT1B receptor expressed in CHO cells assessed as inhibition of GTPgammaS binding by scintillation proximity assay,F,Homo sapiens,,Bioorg Med Chem Lett,2010,Serotonin 1b (5-HT1b) receptor,Ki,nM,,440.59,4.46
CHEMBL1289510,316.23,Cc1ccc2c(N3CCN(CCc4cccc5c4ccc(=O)n5C)[C@@H](C)C3)cc(F)cc2n1,Scientific Literature,Antagonist activity at human 5-HT1B receptor expressed in CHO cells assessed as inhibition of GTPgammaS binding by scintillation proximity assay,F,Homo sapiens,,Bioorg Med Chem Lett,2010,Serotonin 1b (5-HT1b) receptor,Ki,nM,6.5,444.55,4.29
CHEMBL5395401,646.0,CCN(CC)CCCC(C)Nc1cnc(C(=O)Nc2ccc(Cl)c3cccnc23)cn1,Scientific Literature,Binding affinity to 5-HT1B receptor (unknown origin) assessed as inhibition constant,B,Homo sapiens,,J Med Chem,2023,Serotonin 1b (5-HT1b) receptor,Ki,nM,6.19,440.98,4.85
CHEMBL4528651,10000.0,CC[C@H]1c2cc(C)ccc2OC[C@@]1(C)N,Scientific Literature,Displacement of [3H]5-CT from human recombinant 5-HT1B receptor expressed in stable HEK cells after 90 mins by microbeta scintillation counting method,B,Homo sapiens,,ACS Med Chem Lett,2019,Serotonin 1b (5-HT1b) receptor,Ki,nM,,205.3,2.6
CHEMBL4206939,10000.0,C[C@@H]1SC(c2cccs2)=N[C@H]1CO,Scientific Literature,Displacement of [3H]5-CT from human 5-HT1B receptor expressed in HEK cells after 90 mins by microbeta scintillation counting analysis,B,Homo sapiens,,J Nat Prod,2017,Serotonin 1b (5-HT1b) receptor,Ki,nM,,213.33,1.99
CHEMBL4214263,10000.0,C[C@@H]1SC(c2ccco2)=N[C@H]1CO,Scientific Literature,Displacement of [3H]5-CT from human 5-HT1B receptor expressed in HEK cells after 90 mins by microbeta scintillation counting analysis,B,Homo sapiens,,J Nat Prod,2017,Serotonin 1b (5-HT1b) receptor,Ki,nM,,197.26,1.52
CHEMBL2111779,19.0,COc1ccc(C(=O)Nc2ccc(-c3ccncc3)cc2)cc1/C=C\CN(C)C,Scientific Literature,Binding affinity for 5-hydroxytryptamine 1B receptor in C6-glial transfected cell type using [3H]5-CT as radioligand,B,,,J Med Chem,1997,Serotonin 1b (5-HT1b) receptor,Ki,nM,7.72,387.48,4.58
CHEMBL2111779,6.1,COc1ccc(C(=O)Nc2ccc(-c3ccncc3)cc2)cc1/C=C\CN(C)C,Scientific Literature,Binding affinity for 5-hydroxytryptamine 1B receptor in C6-glial transfected cell type using [3H]GR-125743 as radioligand,B,,,J Med Chem,1997,Serotonin 1b (5-HT1b) receptor,Ki,nM,8.21,387.48,4.58
CHEMBL307408,1570.0,Cc1cc(Br)cc(C)c1CC1=NCCN1,Scientific Literature,Binding affinity towards human 5-hydroxytryptamine 1B receptor using [3H]5-HT trifluoroacetate as radioligand,B,,,J Med Chem,1998,Serotonin 1b (5-HT1b) receptor,Ki,nM,5.8,267.17,2.61
CHEMBL1258723,1571.0,CCCCOc1ccc(-c2nn3c(C)cc(C)nc3c2CC(=O)N(CC)CC)cc1,Scientific Literature,Inhibition of 5-HT1B receptor,B,,,Bioorg Med Chem Lett,2010,Serotonin 1b (5-HT1b) receptor,Ki,nM,5.8,408.55,4.6
CHEMBL1258614,10000.0,CCOc1ccc(-c2nn3c(C)cc(C)nc3c2CC(=O)N(CC)CC)cc1,Scientific Literature,Inhibition of 5-HT1B receptor,B,,,Bioorg Med Chem Lett,2010,Serotonin 1b (5-HT1b) receptor,Ki,nM,,380.49,3.82
CHEMBL5170784,164.0,COc1ccc(C2NCCc3c2[nH]c2ccc(Cl)cc32)c(O)c1,Scientific Literature,Binding affinity to 5HT1B receptor (unknown origin) assessed as inhibition constant,B,Homo sapiens,,ACS Med Chem Lett,2022,Serotonin 1b (5-HT1b) receptor,Ki,nM,6.79,328.8,3.77
CHEMBL300519,14.2,CC(C)c1ccc2[nH]cc(CCN(C)C)c2c1,Scientific Literature,Binding affinity towards cloned human 5-hydroxytryptamine 1B receptor,B,Homo sapiens,,Bioorg Med Chem Lett,2000,Serotonin 1b (5-HT1b) receptor,Ki,nM,7.85,230.35,3.4
CHEMBL522708,12.59,Cc1ccc2c(OCCN3CCC(Cc4cccc(N5CCCS5(=O)=O)c4)CC3)cccc2n1,Scientific Literature,Displacement of [3H]5HT from human recombinant 5HT1B receptor,B,Homo sapiens,,J Med Chem,2008,Serotonin 1b (5-HT1b) receptor,Ki,nM,7.9,479.65,4.42
CHEMBL339308,0.14,COc1ccc(NC(=O)c2ccc(-c3ccc(C4=NC(C)ON4)cc3C)cc2)cc1N1CCN(C)CC1,Scientific Literature,Receptor binding affinity for cloned human 5-hydroxytryptamine 1B receptor in Cos-7 cells,B,Homo sapiens,,J Med Chem,1997,Serotonin 1b (5-HT1b) receptor,Ki,nM,9.85,499.62,4.3
CHEMBL44054,10.4,CC(C)c1ccc2[nH]cc(C[C@H]3CCCN3C)c2c1,Scientific Literature,Binding affinity towards cloned human 5-hydroxytryptamine 1B receptor,B,Homo sapiens,,Bioorg Med Chem Lett,2000,Serotonin 1b (5-HT1b) receptor,Ki,nM,7.98,256.39,3.93
CHEMBL362992,316.23,Cc1ccc2c(OCCN3CCN(Cc4cccc5ncncc45)CC3)cccc2n1,Scientific Literature,Displacement of [3H]5-HT from human 5-hydroxytryptamine 1B receptor expressed in CHO cells,B,Homo sapiens,,J Med Chem,2005,Serotonin 1b (5-HT1b) receptor,Ki,nM,6.5,413.53,3.68
CHEMBL1774995,272.0,O=C(N(CCN1CCN(c2ccccc2O)CC1)c1ccccn1)C12C3C4C1C1C2C3C41I,Scientific Literature,Inhibition of 5HT1B receptor,B,,,J Med Chem,2011,Serotonin 1b (5-HT1b) receptor,Ki,nM,6.57,554.43,2.87
CHEMBL24778,372.99,C[C@H](Cc1cc2c(c(C(N)=O)c1)N(CCCO)CC2)NCCOc1ccccc1OCC(F)(F)F,EUbOPEN Chemogenomic Library,"PDSP Secondary Binding target: HTR1B - Compounds are tested at 10 uM concentration, plate are incubated at room temperature in the dark for 90 minutes. Reaction are stopped by vacuum filtration onto 0.3% polyethyleneimine soaked filter mats using Filtermate harvester. Scintillation cocktail is then melted onto microwave-dried filters on a hot plate and the radio activity is counted in Microbia counter. Compounds showing a minimum of 50% inhibition at 10 uM concentration are carried forward in this secondary binding assay to determine equilibrium binding affinity.",B,Homo sapiens,,,2024,Serotonin 1b (5-HT1b) receptor,Ki,nM,6.43,495.54,3.07
CHEMBL334465,2675.0,CCCCN(CCCC)CCOc1cccc2ccccc12,Scientific Literature,Agonist activity to the human recombinant 5-hydroxytryptamine 1B receptor,F,,,J Med Chem,1997,Serotonin 1b (5-HT1b) receptor,Ki,nM,5.57,299.46,5.12
CHEMBL281350,6.31,Cc1nc(-c2ccc(-c3ccc(C(=O)N4CCc5cc6c(cc54)C4(CCN(C)CC4)CO6)cc3)c(C)c2)no1,Scientific Literature,Binding affinity for human 5-hydroxytryptamine 1B receptor,B,Homo sapiens,,J Med Chem,1998,Serotonin 1b (5-HT1b) receptor,Ki,nM,8.2,520.63,5.58
CHEMBL2442266,10000.0,C/N=C1/N/C(=C/c2c[nH]c3cccc(Br)c23)C(=O)N1C,Scientific Literature,Displacement of [3H]5-CT from human recombinant 5HT1B receptor stably expressed in HEK cells,B,Homo sapiens,,Bioorg Med Chem,2013,Serotonin 1b (5-HT1b) receptor,Ki,nM,,333.19,2.32
CHEMBL3093187,10000.0,Fc1cccc2c1nc(OCC1CCN(CCCC(F)(F)F)CC1)c1cccnc12,Scientific Literature,Binding affinity to human 5HT1B,B,Homo sapiens,,Bioorg Med Chem,2013,Serotonin 1b (5-HT1b) receptor,Ki,nM,,421.44,5.36
CHEMBL2260933,833.0,CN1CCN([C@@H](COc2cccc(Cl)c2Cl)c2ccccc2)CC1.O=C(O)C(=O)O,Scientific Literature,Binding affinity to Homo sapiens (human) 5HT1B receptor by radioligand binding assay,B,Homo sapiens,,Med Chem Res,2009,Serotonin 1b (5-HT1b) receptor,Ki,nM,6.08,455.34,4.36
CHEMBL2181166,10000.0,Fc1cccc2c1nc(OCC1CCN(CCCc3ccc(I)cc3)CC1)c1cccnc12,Scientific Literature,Binding affinity to human 5HT1B by Cerep protocol based assay,B,Homo sapiens,,J Med Chem,2012,Serotonin 1b (5-HT1b) receptor,Ki,nM,,555.44,6.25
CHEMBL1278,1.5,CNS(=O)(=O)CCc1ccc2[nH]cc(C3CCN(C)CC3)c2c1,Scientific Literature,Binding affinity to 5-HT1B receptor (unknown origin) assessed as inhibition constant,B,Homo sapiens,,RSC Med Chem,2024,Serotonin 1b (5-HT1b) receptor,Ki,nM,8.82,335.47,2.07
CHEMBL5403404,362.0,CCCN1CCN(c2ccc3c(c2)C(N(C)C(=O)OCc2ccccc2)CCC3)CC1,Scientific Literature,Binding affinity to human 5HT1B receptor assessed as inhibition constant,B,Homo sapiens,,Eur J Med Chem,2022,Serotonin 1b (5-HT1b) receptor,Ki,nM,6.44,421.59,4.86
CHEMBL114571,3.0,Cc1ccc(NC(=O)N2CC=C(c3ccc4[nH]cc(C[C@H]5CCCN5C)c4c3)CC2)cc1,Scientific Literature,Binding affinity towards cloned human 5-hydroxytryptamine 1B receptor,B,,,Bioorg Med Chem Lett,2003,Serotonin 1b (5-HT1b) receptor,Ki,nM,8.52,428.58,5.43
CHEMBL39,4.0,NCCc1c[nH]c2ccc(O)cc12,Scientific Literature,Binding affinity to human 5-HT1B receptor by radioligand displacement assay,B,Homo sapiens,,Eur J Med Chem,2013,Serotonin 1b (5-HT1b) receptor,Ki,nM,8.4,176.22,1.37
CHEMBL162771,130.0,O=C(NN1CC=C(c2ccc3[nH]cc(CCN4CCCC4)c3c2)CC1)C1CCCCC1,Scientific Literature,Binding affinity was evaluated at the cloned human 5-hydroxytryptamine 1B receptor,B,,,Bioorg Med Chem Lett,2004,Serotonin 1b (5-HT1b) receptor,Ki,nM,6.89,420.6,4.51
CHEMBL4576555,2168.63,CN1CCN(C(=O)C(C)(C)c2ccc(C(=O)Nc3cn4cc(-c5cc(C(C)(C)C)cc(C(C)(C)C)c5)ccc4n3)cc2)CC1,SGC Frankfurt - Donated Chemical Probes,GPCRScan assay: inhibition of 5-HT1B,B,Homo sapiens,,,2021,Serotonin 1b (5-HT1b) receptor,Ki,nM,5.66,593.82,6.9
CHEMBL1290486,0.631,Cc1ccc2c(N3CCN(CCc4cccc5c4CCC(=O)N5)CC3)cccc2n1,Scientific Literature,Antagonist activity at human 5-HT1B receptor expressed in CHO cells assessed as inhibition of GTPgammaS binding by scintillation proximity assay,F,Homo sapiens,,Bioorg Med Chem Lett,2010,Serotonin 1b (5-HT1b) receptor,Ki,nM,9.2,400.53,3.79
CHEMBL1289394,0.7943,Cc1ccc2c(N3CCN(CCc4cccc5c4ccc(=O)n5C)[C@H](C)C3)cc(F)cc2n1,Scientific Literature,Antagonist activity at human 5-HT1B receptor expressed in CHO cells assessed as inhibition of GTPgammaS binding by scintillation proximity assay,F,Homo sapiens,,Bioorg Med Chem Lett,2010,Serotonin 1b (5-HT1b) receptor,Ki,nM,9.1,444.55,4.29
CHEMBL2181187,10000.0,CCCN1CCC(COc2nc3c(OC)cccc3c3ccccc23)CC1,Scientific Literature,Binding affinity to human 5HT1B by Cerep protocol based assay,B,Homo sapiens,,J Med Chem,2012,Serotonin 1b (5-HT1b) receptor,Ki,nM,,364.49,4.9
CHEMBL105261,300.0,CCC(=O)Nc1ccc2[nH]cc(C3CCN(C)CC3)c2n1,Scientific Literature,Binding affinity to 5-HT1B (unknown origin) assessed as inhibition constant,B,Homo sapiens,,J Med Chem,2022,Serotonin 1b (5-HT1b) receptor,Ki,nM,,286.38,2.72
CHEMBL370625,0.7943,CN1CCN(c2nccc3cc4c(cc23)N(C(=O)c2cccc3ncccc23)CC4)CC1,Scientific Literature,Mean binding affinity towards 5-hydroxytryptamine 1B receptor using [3H]5-HT or [3H]-8-OH-DPAT as the radioligand,B,Homo sapiens,,Bioorg Med Chem Lett,2005,Serotonin 1b (5-HT1b) receptor,Ki,nM,9.1,423.52,3.74
CHEMBL425190,199.53,Cc1ccc2c(OCCN3CCN(Cc4cccc5cccnc45)CC3)cccc2n1,Scientific Literature,Displacement of [3H]5HT from human recombinant 5HT1B receptor,B,Homo sapiens,,J Med Chem,2008,Serotonin 1b (5-HT1b) receptor,Ki,nM,6.7,412.54,4.29
CHEMBL322054,40.0,CCCCCCCCCOc1ccc2[nH]cc(CCN(C)C)c2c1,Scientific Literature,Displacement of [3H]-5-HT from human 5-hydroxytryptamine 1D receptor beta,B,,,J Med Chem,1996,Serotonin 1b (5-HT1b) receptor,Ki,nM,7.4,330.52,5.4
CHEMBL2112307,19.0,NC(=O)c1ccc2c(c1)CCOC2CCN1CC=C(c2ccc(F)c3ccoc23)CC1,Scientific Literature,Binding affinity towards human 5-hydroxytryptamine 1B receptor in L-M(tk-) cells using [3H]GR-125743 as radioligand,B,,,Bioorg Med Chem Lett,2004,Serotonin 1b (5-HT1b) receptor,Ki,%,,420.48,4.46
CHEMBL73670,2780.0,CC(C)c1ccc(CC2=NCCN2)cc1,Scientific Literature,Binding affinity towards human 5-hydroxytryptamine 1B receptor using [3H]5-HT trifluoroacetate as radioligand,B,,,J Med Chem,1998,Serotonin 1b (5-HT1b) receptor,Ki,nM,5.56,202.3,2.35
CHEMBL241499,794.33,Cc1ccc2c(OCCN3CCC(Cc4ccc5c(c4)NC(=O)CO5)CC3)ccc(F)c2n1,Scientific Literature,Displacement of [3H]5-HT from human cloned 5HT1B receptor expressed in CHO cells,B,Homo sapiens,,Bioorg Med Chem Lett,2007,Serotonin 1b (5-HT1b) receptor,Ki,nM,6.1,449.53,4.35
CHEMBL4202582,10000.0,C[C@@H]1SC(c2c[nH]c3ccccc23)=N[C@H]1CO,Scientific Literature,Displacement of [3H]5-CT from human 5-HT1B receptor expressed in HEK cells after 90 mins by microbeta scintillation counting analysis,B,Homo sapiens,,J Nat Prod,2017,Serotonin 1b (5-HT1b) receptor,Ki,nM,,246.34,2.41
CHEMBL198792,1.1,CN1CCc2c(sc3ncn(CCN4CCN(c5ccccc5Oc5ccccc5)CC4)c(=O)c23)C1,Scientific Literature,Inhibitory activity against human recombinant 5HT1B receptor co-expressed with G-protein chimera Gqo5 in HEK293 cells by FLIPR,F,Homo sapiens,,Bioorg Med Chem Lett,2005,Serotonin 1b (5-HT1b) receptor,Ki,nM,8.96,501.66,4.06
CHEMBL1259203,13.0,CN1CCC(c2cn(-c3ccc(F)cc3)c3ccc(-c4cncnc4)cc23)CC1,Scientific Literature,Displacement of [3H]CT from human 5-HT1B receptor expressed in human HeLa cells after 60 mins by scintillation counting analysis,B,Homo sapiens,,Bioorg Med Chem,2013,Serotonin 1b (5-HT1b) receptor,Ki,nM,7.89,386.47,5.04
CHEMBL140415,425.0,CCCN(C)CCOc1ccccc1C1CCCC1,Scientific Literature,Agonist activity to the human recombinant 5-hydroxytryptamine 1B receptor,F,,,J Med Chem,1997,Serotonin 1b (5-HT1b) receptor,Ki,nM,6.37,261.41,4.06
CHEMBL93868,2300.0,CN(C)CCc1cn(S(=O)(=O)c2ccccc2)c2ccccc12,Scientific Literature,Binding affinity against 5-hydroxytryptamine 1B receptor in CHO cells using [3H]5-HT as radioligand,B,,,J Med Chem,2001,Serotonin 1b (5-HT1b) receptor,Ki,nM,5.64,328.44,2.98
CHEMBL1279,10.3,CN[C@@H]1CCc2[nH]c3ccc(C(N)=O)cc3c2C1,Scientific Literature,In vitro receptor binding affinity for cloned human 5-hydroxytryptamine 1B receptor,B,,,J Med Chem,1999,Serotonin 1b (5-HT1b) receptor,Ki,nM,7.99,243.31,1.34
CHEMBL496098,6.31,Cc1ccc2c(OCCN3CCC(Cc4cccc(NC(=O)CN(C)C)c4)CC3)cccc2n1,Scientific Literature,Displacement of [3H]5HT from human 5HT1B receptor expressed in CHO cells,B,Homo sapiens,,Bioorg Med Chem Lett,2009,Serotonin 1b (5-HT1b) receptor,Ki,nM,8.2,460.62,4.38
CHEMBL111376,1.6,CCCCCOc1ccc2[nH]cc(CCN)c2c1,Scientific Literature,Displacement of [3H]-5-HT from human 5-hydroxytryptamine 1D receptor beta,B,,,J Med Chem,1996,Serotonin 1b (5-HT1b) receptor,Ki,nM,8.8,246.35,3.24
CHEMBL418823,135.0,CCCCCCCCCOc1ccc2[nH]cc(CCNCCCC)c2c1,Scientific Literature,Displacement of [3H]-5-HT from human 5-hydroxytryptamine 1D receptor beta,B,,,J Med Chem,1996,Serotonin 1b (5-HT1b) receptor,Ki,nM,6.87,358.57,6.23
CHEMBL1241546,2.512,Cc1ccc2c(N3CCN(CCc4cccc5c4OCc4c(C)nnn4-5)CC3)cccc2n1,Scientific Literature,Antagonist activity against human recombinant 5HT1B receptor expressed in CHO cells assessed as inhibition of 5HT-induced [35S]GTPgammaS binding by scintillation proximity assay,F,Homo sapiens,,J Med Chem,2010,Serotonin 1b (5-HT1b) receptor,Ki,nM,8.6,440.55,3.69
CHEMBL1242717,1.0,Cc1ccc2c(N3CCN(CCc4cccc5c4OCc4c(C(=O)N6CCOCC6)ncn4-5)CC3)cccc2n1,Scientific Literature,Antagonist activity against human recombinant 5HT1B receptor expressed in CHO cells assessed as inhibition of 5HT-induced [35S]GTPgammaS binding by scintillation proximity assay,F,Homo sapiens,,J Med Chem,2010,Serotonin 1b (5-HT1b) receptor,Ki,nM,9.0,538.65,3.46
CHEMBL1241998,2.512,Cc1ccc2c(N3CCN(CCc4cccc5c4OCc4c(C(=O)NC(C)C)ncn4-5)CC3)cccc2n1,Scientific Literature,Antagonist activity against human recombinant 5HT1B receptor expressed in CHO cells assessed as inhibition of 5HT-induced [35S]GTPgammaS binding by scintillation proximity assay,F,Homo sapiens,,J Med Chem,2010,Serotonin 1b (5-HT1b) receptor,Ki,nM,8.6,510.64,4.12
CHEMBL1242436,1.585,Cc1ccc2c(N3CCN(CCc4cccc5c4OCc4c(C(=O)N6CCC6)ncn4-5)CC3)cccc2n1,Scientific Literature,Antagonist activity against human recombinant 5HT1B receptor expressed in CHO cells assessed as inhibition of 5HT-induced [35S]GTPgammaS binding by scintillation proximity assay,F,Homo sapiens,,J Med Chem,2010,Serotonin 1b (5-HT1b) receptor,Ki,nM,8.8,508.63,3.83
CHEMBL1242533,1.0,Cc1ccc2c(N3CCN(CCc4cccc5c4OCc4c(C(=O)N6CCCC6)ncn4-5)CC3)cccc2n1,Scientific Literature,Antagonist activity against human recombinant 5HT1B receptor expressed in CHO cells assessed as inhibition of 5HT-induced [35S]GTPgammaS binding by scintillation proximity assay,F,Homo sapiens,,J Med Chem,2010,Serotonin 1b (5-HT1b) receptor,Ki,nM,9.0,522.65,4.22
CHEMBL2205811,6306.0,COc1cccc(CCN2C3C4C5CC6C7C5C3C7C2(O)C64)c1,Scientific Literature,Binding affinity to 5-HT1B receptor,B,,,Bioorg Med Chem Lett,2012,Serotonin 1b (5-HT1b) receptor,Ki,nM,5.2,309.41,2.0
CHEMBL73429,10000.0,CCc1ccc(CC2=NCCN2)cc1,Scientific Literature,Binding affinity towards human 5-hydroxytryptamine 1B receptor using [3H]5-HT trifluoroacetate as radioligand,B,,,J Med Chem,1998,Serotonin 1b (5-HT1b) receptor,Ki,nM,,188.27,1.79
CHEMBL196862,1.4,CN1CCc2c(sc3ncn(CCN4CCN(c5ccccc5C#N)CC4)c(=O)c23)C1,Scientific Literature,Inhibitory activity against human recombinant 5HT1B receptor co-expressed with G-protein chimera Gqo5 in HEK293 cells by FLIPR,F,Homo sapiens,,Bioorg Med Chem Lett,2005,Serotonin 1b (5-HT1b) receptor,Ki,nM,8.85,434.57,2.14
CHEMBL183460,10.0,Cc1ccc2c(OCCN3CCC(Cc4ccc5c(c4)NC(=O)CO5)CC3)cccc2n1,Scientific Literature,Displacement of [3H]5-HT from human recombinant 5HT1B receptor expressed in CHO cells,B,Homo sapiens,,Bioorg Med Chem Lett,2007,Serotonin 1b (5-HT1b) receptor,Ki,nM,8.0,431.54,4.21
CHEMBL248231,63.1,Cc1ccc2c(OCCN3CCN(Cc4ccc5c(c4)N(Cc4ccccc4)C(=O)CO5)CC3)cccc2n1,Scientific Literature,Displacement of [3H]5-HT from human recombinant 5HT1B receptor expressed in CHO cells,B,Homo sapiens,,Bioorg Med Chem Lett,2007,Serotonin 1b (5-HT1b) receptor,Ki,nM,7.2,522.65,4.67
CHEMBL443060,1.585,CCN1C(=O)COc2ccc(CN3CCN(CCOc4cccc5nc(C)ccc45)CC3)c(F)c21,Scientific Literature,Displacement of [3H]5-HT from human recombinant 5HT1B receptor expressed in CHO cells,B,Homo sapiens,,Bioorg Med Chem Lett,2007,Serotonin 1b (5-HT1b) receptor,Ki,nM,8.8,478.57,3.62
CHEMBL482496,500.0,[3H]C([3H])([3H])Oc1cc(I)c(OC)cc1CCNCc1ccccc1OC([3H])([3H])[3H],Scientific Literature,Binding affinity to 5HT1B receptor,B,,,Bioorg Med Chem,2008,Serotonin 1b (5-HT1b) receptor,Ki,nM,,439.33,3.65
CHEMBL238732,630.96,Cc1ccc2c(OCCN3CCC(Cc4cc(F)c5c(c4)NC(=O)CO5)CC3)cc(Cl)cc2n1,Scientific Literature,Displacement of [3H]5-HT from human cloned 5HT1B receptor expressed in CHO cells,B,Homo sapiens,,Bioorg Med Chem Lett,2007,Serotonin 1b (5-HT1b) receptor,Ki,nM,6.2,483.97,5.0
CHEMBL238730,316.23,Cc1ccc2c(OCCN3CCC(Cc4cc(F)c5c(c4)NC(=O)CO5)CC3)cc(F)cc2n1,Scientific Literature,Displacement of [3H]5-HT from human cloned 5HT1B receptor expressed in CHO cells,B,Homo sapiens,,Bioorg Med Chem Lett,2007,Serotonin 1b (5-HT1b) receptor,Ki,nM,6.5,467.52,4.49
CHEMBL1189234,10000.0,OC12C3C4CC5C6C4C1C6C(C53)N2Cc1ccccc1,Scientific Literature,Inhibition of 5-HT1B receptor (unknown origin) by PDSP assay,B,Homo sapiens,,Bioorg Med Chem,2013,Serotonin 1b (5-HT1b) receptor,Ki,nM,,265.36,1.95
CHEMBL3480577,3311.31,Cc1ccc2nc(CNCCCOc3ccccc3)cc(O)c2c1,SGC Frankfurt - Donated Chemical Probes,GPCRScan assay: inhibition of 5-HT1B,B,Homo sapiens,,,2021,Serotonin 1b (5-HT1b) receptor,Ki,nM,5.48,322.41,3.81
CHEMBL4163428,1431.0,CN1CCN(c2ccc3c(c2)CN(C(=O)OCc2ccccc2)C3)CC1,Scientific Literature,Displacement of [3H]-5-CT from human 5-HT1B receptor expressed in stable HEK cells after 90 mins by microbeta scintillation counting method,B,Homo sapiens,,Eur J Med Chem,2018,Serotonin 1b (5-HT1b) receptor,Ki,nM,5.84,351.45,3.09
CHEMBL83617,281.0,NC(=O)c1ccc2c(c1)CCOC2CCN1CC=C(c2c[nH]c3cc(F)ccc23)CC1,Scientific Literature,Inhibition constant against 5-HT 1B receptor,B,Homo sapiens,,J Med Chem,2005,Serotonin 1b (5-HT1b) receptor,Ki,nM,6.55,419.5,4.2
CHEMBL144030,0.1,NCCc1c[nH]c2ccc(OCc3ccc(COc4ccc5[nH]cc(CCN)c5c4)cc3)cc12,Scientific Literature,Ability to inhibit the forskolin-stimulated c-AMP formation mediated by human 5-hydroxytryptamine 1B receptor in CHO-K1 cells,F,,,J Med Chem,1996,Serotonin 1b (5-HT1b) receptor,Ki,nM,10.0,454.57,4.81
CHEMBL1277837,5000.0,CC(C)n1nc(S(=O)(=O)c2cccc3ccccc23)c2cc(N3CCNCC3)ccc21,Scientific Literature,Displacement of [3H]LSD from human cloned 5HT1B receptor expressed in human HeLa cells,B,Homo sapiens,,J Med Chem,2010,Serotonin 1b (5-HT1b) receptor,Ki,nM,,434.57,4.01
CHEMBL321967,640.0,CN1CCC(c2c[nH]c3ccc(NC(=O)C4CCCC4)nc23)CC1,Scientific Literature,In vitro binding affinity by radioligand binding assay using cell line expressing human 5-hydroxytryptamine 1B receptor,B,,,J Med Chem,2003,Serotonin 1b (5-HT1b) receptor,Ki,nM,6.19,326.44,3.5
CHEMBL30831,2.1,CN1CCN(c2cccc3ccc(OCCOc4ccc5cccc(N6CCN(C)CC6)c5c4)cc23)CC1,Scientific Literature,Binding affinity was evaluated at human recombinant 5-hydroxytryptamine 1B receptor using [3H]5-CT as radioligand,B,,,Bioorg Med Chem Lett,1998,Serotonin 1b (5-HT1b) receptor,Ki,nM,8.68,510.68,4.95
CHEMBL263700,420.0,CN(C)CCc1cn(C(=O)c2ccccc2)c2ccc(O)cc12,Scientific Literature,Binding affinity against 5-hydroxytryptamine 1B receptor in CHO cells using [3H]5-HT as radioligand,B,,,J Med Chem,2001,Serotonin 1b (5-HT1b) receptor,Ki,nM,6.38,308.38,3.14
CHEMBL542139,794.33,COc1ccc(NS(=O)(=O)c2sc3ccc(Cl)cc3c2C)cc1N1CCNCC1.Cl,Scientific Literature,Compound was tested for its binding affinity against human cloned 5-hydroxytryptamine 1B receptor in CHO cells using [3H]5-HT,B,,,J Med Chem,1999,Serotonin 1b (5-HT1b) receptor,Ki,nM,6.1,488.46,4.08
CHEMBL425919,5.012,COc1cc2c(cc1N1C[C@@H](C)N[C@@H](C)C1)N(C(=O)c1ccc(-c3ccc(N4CCCC4=O)nc3C)cc1)CC2,Scientific Literature,Binding affinity against cloned human 5-hydroxytryptamine 1B receptor,B,Homo sapiens,,Bioorg Med Chem Lett,2005,Serotonin 1b (5-HT1b) receptor,Ki,nM,8.3,539.68,4.58
CHEMBL1277565,3624.0,Cn1nc(S(=O)(=O)c2cccc3ccccc23)c2cc(N3CCNCC3)ccc21,Scientific Literature,Displacement of [3H]LSD from human cloned 5HT1B receptor expressed in human HeLa cells,B,Homo sapiens,,J Med Chem,2010,Serotonin 1b (5-HT1b) receptor,Ki,nM,5.44,406.51,2.97
CHEMBL5398630,1520.0,O=C(O)/C=C/C(=O)O.[2H]C([2H])(Cc1c[nH]c2ccccc12)N(C)C,Scientific Literature,Displacement of [3H] GR125743 from human recombinant 5-HT1B receptor expressed in human Chem-1 cells assessed as inhibition constant incubated for 90 mins by spectrophotometric analysis,B,Homo sapiens,,ACS Med Chem Lett,2023,Serotonin 1b (5-HT1b) receptor,Ki,nM,5.82,306.36,2.27
CHEMBL3183055,1840.0,CN(C)CCc1c[nH]c2ccccc12.O=C(O)/C=C/C(=O)O,Scientific Literature,Displacement of [3H] GR125743 from human recombinant 5-HT1B receptor expressed in human Chem-1 cells assessed as inhibition constant incubated for 90 mins by spectrophotometric analysis,B,Homo sapiens,,ACS Med Chem Lett,2023,Serotonin 1b (5-HT1b) receptor,Ki,nM,5.74,304.35,2.27
CHEMBL281350,10.0,Cc1nc(-c2ccc(-c3ccc(C(=O)N4CCc5cc6c(cc54)C4(CCN(C)CC4)CO6)cc3)c(C)c2)no1,Scientific Literature,In vitro binding affinity towards cloned human 5-HT1B receptor using [3H]5-carboximidotryptamine as radioligand,B,Homo sapiens,,Bioorg Med Chem Lett,2005,Serotonin 1b (5-HT1b) receptor,Ki,nM,8.0,520.63,5.58
CHEMBL2205817,7137.0,OC12C3C4CC5C6C4C1C6C(C53)N2CCc1cccnc1,Scientific Literature,Binding affinity to 5-HT1B receptor,B,,,Bioorg Med Chem Lett,2012,Serotonin 1b (5-HT1b) receptor,Ki,nM,5.15,280.37,1.38
CHEMBL905,10.1,CN(C)CCc1c[nH]c2ccc(Cn3cncn3)cc12,Scientific Literature,In vitro receptor binding affinity for cloned human 5-hydroxytryptamine 1B receptor,B,,,J Med Chem,1999,Serotonin 1b (5-HT1b) receptor,Ki,nM,8.0,269.35,1.91
CHEMBL338115,10000.0,COc1ccc2[nH]c3c(c2c1)CCN=C3C,Scientific Literature,Binding affinity towards 5-hydroxytryptamine 1B receptor,B,,,Bioorg Med Chem Lett,2003,Serotonin 1b (5-HT1b) receptor,Ki,nM,,214.27,2.54
CHEMBL65196,349.0,CCCN(CCC)C1CCc2ccc3[nH]ccc3c2C1,Scientific Literature,"In vitro binding affinity against cloned mammalian 5-hydroxytryptamine 1D receptor beta expressed in CHO cells, by using [3H]5-HT as radioligand",B,,,J Med Chem,1995,Serotonin 1b (5-HT1b) receptor,Ki,nM,6.46,270.42,4.15
CHEMBL4292326,3406.0,O=C(NCCc1c[nH]c2ccccc12)C1CCN(C(=O)c2ccc(-c3ccccc3)cc2)CC1,Scientific Literature,Displacement of [3H]GR127543 from human 5HT1B receptor expressed in HEK cell membranes after 1.5 hrs by liquid scintillation counting method,B,Homo sapiens,,Medchemcomm,2018,Serotonin 1b (5-HT1b) receptor,Ki,nM,5.47,451.57,5.05
CHEMBL39,4.0,NCCc1c[nH]c2ccc(O)cc12,Scientific Literature,Binding affinity towards cloned human 5-hydroxytryptamine 1D receptor beta was determined using [3H]8-OH-DPAT as radioligand,B,,,J Med Chem,1996,Serotonin 1b (5-HT1b) receptor,Ki,nM,8.4,176.22,1.37
CHEMBL4210787,10000.0,C[C@@H]1SC(c2cc3ccccc3cc2O)=N[C@H]1CO,Scientific Literature,Displacement of [3H]5-CT from human 5-HT1B receptor expressed in HEK cells after 90 mins by microbeta scintillation counting analysis,B,Homo sapiens,,J Nat Prod,2017,Serotonin 1b (5-HT1b) receptor,Ki,nM,,273.36,2.79
CHEMBL4205064,10000.0,Oc1ccccc1C1=NC(Cc2c[nH]cn2)CS1,Scientific Literature,Displacement of [3H]5-CT from human 5-HT1B receptor expressed in HEK cells after 90 mins by microbeta scintillation counting analysis,B,Homo sapiens,,J Nat Prod,2017,Serotonin 1b (5-HT1b) receptor,Ki,nM,,259.33,2.22
CHEMBL497963,1.995,Cc1ccc2c(OCCN3CCC(Cc4cccc(NS(C)(=O)=O)c4)CC3)cccc2n1,Scientific Literature,Displacement of [3H]5-HT from human recombinant 5-HT1B receptor expressed in CHO cells,B,Homo sapiens,,J Med Chem,2010,Serotonin 1b (5-HT1b) receptor,Ki,nM,8.7,453.61,4.25
CHEMBL490417,0.5012,Cc1ccc2c(N3CCN(CCc4ccc5c(c4)NC(=O)CO5)CC3)cccc2n1,Scientific Literature,Displacement of [3H]5-HT from human recombinant 5-HT1B receptor expressed in CHO cells,B,Homo sapiens,,J Med Chem,2010,Serotonin 1b (5-HT1b) receptor,Ki,nM,9.3,402.5,3.24
CHEMBL31354,24.0,COc1ccccc1N1CCN(CCN(C(=O)C2CCCCC2)c2ccccn2)CC1,Scientific Literature,Inhibition of 5HT1B receptor,B,,,J Med Chem,2011,Serotonin 1b (5-HT1b) receptor,Ki,nM,7.62,422.57,3.83
CHEMBL770,10000.0,c1ccc(CC2=NCCN2)cc1,Scientific Literature,Binding affinity towards human 5-hydroxytryptamine 1B receptor using [3H]5-HT trifluoroacetate as radioligand,B,,,J Med Chem,1998,Serotonin 1b (5-HT1b) receptor,Ki,nM,,160.22,1.23
CHEMBL3104092,707.95,CN1CCc2c(c3cccc4c3n2Cc2ccccc2C4)C1,Scientific Literature,Displacement of [3H]5-CT from 5-HT1B receptor (unknown origin),B,Homo sapiens,,Bioorg Med Chem Lett,2014,Serotonin 1b (5-HT1b) receptor,Ki,nM,6.15,288.39,3.58
CHEMBL200315,0.5,CN1CCc2c(sc3ncn(CCN4CCN(c5cccc6c5OCC6)CC4)c(=O)c23)C1,Scientific Literature,Inhibitory activity against human recombinant 5HT1B receptor co-expressed with G-protein chimera Gqo5 in HEK293 cells by FLIPR,F,Homo sapiens,,Bioorg Med Chem Lett,2005,Serotonin 1b (5-HT1b) receptor,Ki,nM,9.3,451.6,2.2
CHEMBL197445,3.8,COc1c(Cl)cc(Cl)cc1N1CCN(CCn2cnc3sc4c(c3c2=O)CCN(C)C4)CC1,Scientific Literature,Inhibitory activity against human recombinant 5HT1B receptor co-expressed with G-protein chimera Gqo5 in HEK293 cells by FLIPR,F,Homo sapiens,,Bioorg Med Chem Lett,2005,Serotonin 1b (5-HT1b) receptor,Ki,nM,8.42,508.48,3.58
CHEMBL59898,2157.0,CCOC(=O)c1c(C)[nH]c2ccc3c(c12)CN1CCc2cc(OC)ccc2C1O3,EUbOPEN Chemogenomic Library,"PDSP Secondary Binding target: HTR1B - Compounds are tested at 10 uM concentration, plate are incubated at room temperature in the dark for 90 minutes. Reaction are stopped by vacuum filtration onto 0.3% polyethyleneimine soaked filter mats using Filtermate harvester. Scintillation cocktail is then melted onto microwave-dried filters on a hot plate and the radio activity is counted in Microbia counter. Compounds showing a minimum of 50% inhibition at 10 uM concentration are carried forward in this secondary binding assay to determine equilibrium binding affinity.",B,Homo sapiens,,,2024,Serotonin 1b (5-HT1b) receptor,Ki,nM,5.67,392.46,4.11
CHEMBL452861,4100.0,CC(C)NC[C@H](O)COc1cccc2ccccc12,Scientific Literature,Agonist activity to the human recombinant 5-hydroxytryptamine 1B receptor,F,,,J Med Chem,1997,Serotonin 1b (5-HT1b) receptor,Ki,nM,5.39,259.35,2.58
CHEMBL95104,630.96,O=S(=O)(c1ccc2cc[nH]c2c1)N1CCC[C@@H]1CCN1CCC(Oc2ccc(Cl)cc2)CC1,Scientific Literature,Compound was tested for its binding affinity for human cloned 5-hydroxytryptamine 1B receptor in CHO using [3H]5-HT as a radioligand,B,,,Bioorg Med Chem Lett,2002,Serotonin 1b (5-HT1b) receptor,Ki,nM,6.2,488.05,4.91
CHEMBL15928,0.14,COc1ccc(NC(=O)c2ccc(-c3ccc(-c4noc(C)n4)cc3C)cc2)cc1N1CCN(C)CC1,Scientific Literature,Affinity for 5-hydroxytryptamine 1B receptor subtype,B,Homo sapiens,,Bioorg Med Chem Lett,1997,Serotonin 1b (5-HT1b) receptor,Ki,nM,9.85,497.6,5.03
CHEMBL3104093,1230.27,CN1CCc2c(c3cccc4c3n2CCc2ccccc2-4)C1,Scientific Literature,Displacement of [3H]5-CT from 5-HT1B receptor (unknown origin),B,Homo sapiens,,Bioorg Med Chem Lett,2014,Serotonin 1b (5-HT1b) receptor,Ki,nM,5.91,288.39,3.85
CHEMBL4860503,10000.0,COc1cccc(-c2n[nH]cc2N2CCCNCC2)c1,Scientific Literature,Binding affinity to 5HT1B receptor (unknown origin),B,Homo sapiens,,J Med Chem,2021,Serotonin 1b (5-HT1b) receptor,Ki,nM,,272.35,1.89
CHEMBL4863036,10000.0,COc1ccc(-c2n[nH]cc2N2CCCNCC2)cc1,Scientific Literature,Binding affinity to 5HT1B receptor (unknown origin),B,Homo sapiens,,J Med Chem,2021,Serotonin 1b (5-HT1b) receptor,Ki,nM,,272.35,1.89
CHEMBL50492,286.0,CCc1ccc2[nH]cc(CCN(C)C)c2c1,Scientific Literature,Binding affinity towards cloned human 5-hydroxytryptamine 1B receptor,B,Homo sapiens,,Bioorg Med Chem Lett,2000,Serotonin 1b (5-HT1b) receptor,Ki,nM,6.54,216.33,2.83
CHEMBL770,10000.0,c1ccc(CC2=NCCN2)cc1,Scientific Literature,Binding affinity towards human 5-hydroxytryptamine 1B receptor,B,Homo sapiens,,Bioorg Med Chem Lett,2004,Serotonin 1b (5-HT1b) receptor,Ki,nM,,160.22,1.23
CHEMBL1185,4.2,CN(C)CCc1c[nH]c2ccc(C[C@H]3COC(=O)N3)cc12,Scientific Literature,In vitro binding affinity was determined towards cloned human 5-hydroxytryptamine 1B receptor using [3H]5-CT radioligand,B,,,Bioorg Med Chem Lett,1998,Serotonin 1b (5-HT1b) receptor,Ki,nM,8.38,287.36,1.92
CHEMBL490417,251.19,Cc1ccc2c(N3CCN(CCc4ccc5c(c4)NC(=O)CO5)CC3)cccc2n1,Scientific Literature,Antagonist activity against human recombinant 5HT1B receptor expressed in CHO cells assessed as inhibition of 5HT-induced [35S]GTPgammaS binding by scintillation proximity assay,F,Homo sapiens,,J Med Chem,2010,Serotonin 1b (5-HT1b) receptor,Ki,nM,6.6,402.5,3.24
CHEMBL522257,0.5012,Cc1ccc2c(N3CCN(CCc4ccc5c(c4)N(C)C(=O)CO5)CC3)cccc2n1,Scientific Literature,Displacement of [3H]5HT from human 5HT1B receptor expressed in CHO cells,B,Homo sapiens,,Bioorg Med Chem Lett,2008,Serotonin 1b (5-HT1b) receptor,Ki,nM,9.3,416.53,3.26
CHEMBL76237,2200.0,COc1ccc2c(c1)c(CCN(C)C)cn2S(=O)(=O)c1ccccc1,Scientific Literature,Binding affinity against 5-hydroxytryptamine 1B receptor in CHO cells using [3H]5-HT as radioligand,B,,,J Med Chem,2001,Serotonin 1b (5-HT1b) receptor,Ki,nM,5.66,358.46,2.99
CHEMBL1200517,107.89,CN1C[C@H](C(=O)N[C@]2(C)O[C@@]3(O)[C@@H]4CCCN4C(=O)[C@H](Cc4ccccc4)N3C2=O)C[C@@H]2c3cccc4[nH]cc(c34)C[C@H]21.CS(=O)(=O)O,EUbOPEN Chemogenomic Library,"PDSP Secondary Binding target: HTR1B - Compounds are tested at 10 uM concentration, plate are incubated at room temperature in the dark for 90 minutes. Reaction are stopped by vacuum filtration onto 0.3% polyethyleneimine soaked filter mats using Filtermate harvester. Scintillation cocktail is then melted onto microwave-dried filters on a hot plate and the radio activity is counted in Microbia counter. Compounds showing a minimum of 50% inhibition at 10 uM concentration are carried forward in this secondary binding assay to determine equilibrium binding affinity.",B,Homo sapiens,,,2024,Serotonin 1b (5-HT1b) receptor,Ki,nM,6.97,679.8,2.08
CHEMBL277120,10.1,c1ccc2c(N3CCNCC3)cccc2c1,Scientific Literature,Receptor binding affinity for cloned human 5-hydroxytryptamine 1B receptor in Cos-7 cells,B,Homo sapiens,,J Med Chem,1997,Serotonin 1b (5-HT1b) receptor,Ki,nM,8.0,212.3,2.25
CHEMBL183460,10.0,Cc1ccc2c(OCCN3CCC(Cc4ccc5c(c4)NC(=O)CO5)CC3)cccc2n1,Scientific Literature,Displacement of [3H]5-HT from human cloned 5HT1B receptor expressed in CHO cells,B,Homo sapiens,,Bioorg Med Chem Lett,2007,Serotonin 1b (5-HT1b) receptor,Ki,nM,8.0,431.54,4.21
CHEMBL344127,0.2,COc1ccc(CNC(=O)/C=C/c2ccc3[nH]cc(CCN(C)C)c3c2)cc1,Scientific Literature,Compound was tested for binding affinity against cloned human 5-hydroxytryptamine 1D receptor beta expressed in CHO-K1 cells.,B,,,J Med Chem,1996,Serotonin 1b (5-HT1b) receptor,Ki,nM,9.7,377.49,3.61
CHEMBL2024517,128.52,CN(C)C(=O)N[C@H]1CC[C@H](CCN2CCN(c3cccc(Cl)c3Cl)CC2)CC1.Cl,EUbOPEN Chemogenomic Library,"PDSP Secondary Binding target: HTR1B - Compounds are tested at 10 uM concentration, plate are incubated at room temperature in the dark for 90 minutes. Reaction are stopped by vacuum filtration onto 0.3% polyethyleneimine soaked filter mats using Filtermate harvester. Scintillation cocktail is then melted onto microwave-dried filters on a hot plate and the radio activity is counted in Microbia counter. Compounds showing a minimum of 50% inhibition at 10 uM concentration are carried forward in this secondary binding assay to determine equilibrium binding affinity.",B,Homo sapiens,,,2024,Serotonin 1b (5-HT1b) receptor,Ki,nM,6.89,463.88,4.34
CHEMBL128,10.0,CNS(=O)(=O)Cc1ccc2[nH]cc(CCN(C)C)c2c1,Scientific Literature,Displacement of [3H]-5-HT from human 5-hydroxytryptamine 1D receptor beta,B,,,J Med Chem,1996,Serotonin 1b (5-HT1b) receptor,Ki,nM,8.0,295.41,1.32
CHEMBL71625,210.0,CCCN(CCC)[C@@H]1CCc2ccc3[nH]cc(C=O)c3c2C1,Scientific Literature,"Binding affinity against 5-hydroxytryptamine 1D receptor beta expressed in CHO-K1 cells, using [3H]5-HT as the radioligand.",B,,,J Med Chem,1995,Serotonin 1b (5-HT1b) receptor,Ki,nM,6.68,298.43,3.96
CHEMBL2138684,22.87,CN[C@@H]1CCc2[nH]c3ccc(C(N)=O)cc3c2C1.O.O=C(O)CCC(=O)O,EUbOPEN Chemogenomic Library,"PDSP Secondary Binding target: HTR1B - Compounds are tested at 10 uM concentration, plate are incubated at room temperature in the dark for 90 minutes. Reaction are stopped by vacuum filtration onto 0.3% polyethyleneimine soaked filter mats using Filtermate harvester. Scintillation cocktail is then melted onto microwave-dried filters on a hot plate and the radio activity is counted in Microbia counter. Compounds showing a minimum of 50% inhibition at 10 uM concentration are carried forward in this secondary binding assay to determine equilibrium binding affinity.",B,Homo sapiens,,,2024,Serotonin 1b (5-HT1b) receptor,Ki,nM,7.64,379.41,1.34
CHEMBL1263,1985.41,OCc1cc(C(O)CNCCCCCCOCCCCc2ccccc2)ccc1O,EUbOPEN Chemogenomic Library,"PDSP Secondary Binding target: HTR1B - Compounds are tested at 10 uM concentration, plate are incubated at room temperature in the dark for 90 minutes. Reaction are stopped by vacuum filtration onto 0.3% polyethyleneimine soaked filter mats using Filtermate harvester. Scintillation cocktail is then melted onto microwave-dried filters on a hot plate and the radio activity is counted in Microbia counter. Compounds showing a minimum of 50% inhibition at 10 uM concentration are carried forward in this secondary binding assay to determine equilibrium binding affinity.",B,Homo sapiens,,,2024,Serotonin 1b (5-HT1b) receptor,Ki,nM,5.7,415.57,4.11
CHEMBL2105760,42.64,O=c1ccc2ccc(OCCCCN3CCN(c4cccc5sccc45)CC3)cc2[nH]1,EUbOPEN Chemogenomic Library,"PDSP Secondary Binding target: HTR1B - Compounds are tested at 10 uM concentration, plate are incubated at room temperature in the dark for 90 minutes. Reaction are stopped by vacuum filtration onto 0.3% polyethyleneimine soaked filter mats using Filtermate harvester. Scintillation cocktail is then melted onto microwave-dried filters on a hot plate and the radio activity is counted in Microbia counter. Compounds showing a minimum of 50% inhibition at 10 uM concentration are carried forward in this secondary binding assay to determine equilibrium binding affinity.",B,Homo sapiens,,,2024,Serotonin 1b (5-HT1b) receptor,Ki,nM,7.37,433.58,4.72
CHEMBL20963,1.0,COc1ccc(NC(=O)c2ccc(-c3ccc(-c4noc(C)n4)cc3C)cc2)cc1OCCN(C)C,Scientific Literature,Binding affinity for human 5-hydroxytryptamine 1B receptor,B,Homo sapiens,,J Med Chem,1998,Serotonin 1b (5-HT1b) receptor,Ki,nM,9.0,486.57,5.22
CHEMBL1642886,2726.0,CC(C)c1ccc(S(=O)(=O)c2n[nH]c3ccc(NC4CCNCC4)cc23)cc1.Cl,Scientific Literature,Binding affinity to 5-HT1B receptor,B,,,Bioorg Med Chem,2011,Serotonin 1b (5-HT1b) receptor,Ki,nM,5.56,434.99,3.68
CHEMBL39,6.76,NCCc1c[nH]c2ccc(O)cc12,Scientific Literature,Binding affinity was evaluated at human recombinant 5-hydroxytryptamine 1B receptor using [3H]5-CT as radioligand,B,,,Bioorg Med Chem Lett,1998,Serotonin 1b (5-HT1b) receptor,Ki,nM,8.17,176.22,1.37
CHEMBL56,559.0,CCCN(CCC)C1CCc2cccc(O)c2C1,Scientific Literature,Binding affinity was evaluated at human recombinant 5-hydroxytryptamine 1B receptor using [3H]5-CT as radioligand,B,,,Bioorg Med Chem Lett,1998,Serotonin 1b (5-HT1b) receptor,Ki,nM,6.25,247.38,3.37
CHEMBL1242345,1.585,Cc1ccc2c(N3CCN(CCc4cccc5c4OCc4c(C(=O)NCC6CC6)ncn4-5)CC3)cccc2n1,Scientific Literature,Antagonist activity against human recombinant 5HT1B receptor expressed in CHO cells assessed as inhibition of 5HT-induced [35S]GTPgammaS binding by scintillation proximity assay,F,Homo sapiens,,J Med Chem,2010,Serotonin 1b (5-HT1b) receptor,Ki,nM,8.8,522.65,4.13
CHEMBL39,4.8,NCCc1c[nH]c2ccc(O)cc12,Scientific Literature,Ability to displace [3H]5-CT (1.5 nM) from HeLa cells of human 5-hydroxytryptamine 1B receptor,B,,,J Med Chem,2003,Serotonin 1b (5-HT1b) receptor,Ki,nM,8.32,176.22,1.37
CHEMBL2164327,10.2,Cc1nn(C)c(C)c1-c1cccc2c1CC[C@H](N(C)C)C2,EUbOPEN Chemogenomic Library,"PDSP Secondary Binding target: HTR1B - Compounds are tested at 10 uM concentration, plate are incubated at room temperature in the dark for 90 minutes. Reaction are stopped by vacuum filtration onto 0.3% polyethyleneimine soaked filter mats using Filtermate harvester. Scintillation cocktail is then melted onto microwave-dried filters on a hot plate and the radio activity is counted in Microbia counter. Compounds showing a minimum of 50% inhibition at 10 uM concentration are carried forward in this secondary binding assay to determine equilibrium binding affinity.",B,Homo sapiens,,,2024,Serotonin 1b (5-HT1b) receptor,Ki,nM,7.99,283.42,3.12
CHEMBL39,6.76,NCCc1c[nH]c2ccc(O)cc12,Scientific Literature,Ability to inhibit the forskolin-stimulated c-AMP formation mediated by human 5-hydroxytryptamine 1B receptor in CHO-K1 cells,F,,,J Med Chem,1996,Serotonin 1b (5-HT1b) receptor,Ki,nM,8.17,176.22,1.37
CHEMBL10085,2880.0,CC(C)Oc1ccccc1N1CCN(Cc2cccc(C(=O)N3CCCCC3)c2)CC1,Scientific Literature,Binding affinity to 5HT1B,B,,,Bioorg Med Chem,2008,Serotonin 1b (5-HT1b) receptor,Ki,nM,5.54,421.59,4.42
CHEMBL513715,1.0,Cc1ccc2c(N3CCN(CCc4cccc5c4OCC(=O)N5)CC3)cccc2n1,Scientific Literature,Antagonist activity at human 5HT1B assessed as GTPgammaS binding by scintillation proximity assay in presence of 5-HT,F,Homo sapiens,,Bioorg Med Chem Lett,2009,Serotonin 1b (5-HT1b) receptor,Ki,nM,9.0,402.5,3.24
CHEMBL128,47.9,CNS(=O)(=O)Cc1ccc2[nH]cc(CCN(C)C)c2c1,Scientific Literature,Binding affinity towards cloned human 5-hydroxytryptamine 1B receptor,B,Homo sapiens,,Bioorg Med Chem Lett,2000,Serotonin 1b (5-HT1b) receptor,Ki,nM,7.32,295.41,1.32
CHEMBL326667,3.0,CCCCCCCCOc1ccc2[nH]cc(CCN)c2c1,Scientific Literature,Displacement of [3H]-5-HT from human 5-hydroxytryptamine 1D receptor beta,B,,,J Med Chem,1996,Serotonin 1b (5-HT1b) receptor,Ki,nM,8.52,288.43,4.41
CHEMBL128,0.5,CNS(=O)(=O)Cc1ccc2[nH]cc(CCN(C)C)c2c1,Scientific Literature,Binding affinity to 5-HT1B receptor (unknown origin) assessed as inhibition constant,B,Homo sapiens,,RSC Med Chem,2024,Serotonin 1b (5-HT1b) receptor,Ki,nM,9.3,295.41,1.32
CHEMBL39,5.012,NCCc1c[nH]c2ccc(O)cc12,Scientific Literature,Binding affinity against cloned human 5-hydroxytryptamine 1B receptor in CHO cells using [3H]5-CT as radioligand,B,,,J Med Chem,2003,Serotonin 1b (5-HT1b) receptor,Ki,nM,8.3,176.22,1.37
CHEMBL198463,9.7,CN1CCc2c(sc3ncn(CCN4CCN(c5ccnc6ccccc56)CC4)c(=O)c23)C1,Scientific Literature,Inhibitory activity against human recombinant 5HT1B receptor co-expressed with G-protein chimera Gqo5 in HEK293 cells by FLIPR,F,Homo sapiens,,Bioorg Med Chem Lett,2005,Serotonin 1b (5-HT1b) receptor,Ki,nM,8.01,460.61,2.82
CHEMBL197338,4.9,COc1cc(Cl)c(Cl)cc1N1CCN(CCn2cnc3sc4c(c3c2=O)CCN(C)C4)CC1,Scientific Literature,Inhibitory activity against human recombinant 5HT1B receptor co-expressed with G-protein chimera Gqo5 in HEK293 cells by FLIPR,F,Homo sapiens,,Bioorg Med Chem Lett,2005,Serotonin 1b (5-HT1b) receptor,Ki,nM,8.31,508.48,3.58
CHEMBL196958,2.5,CC(C)Oc1ccccc1N1CCN(CCn2cnc3sc4c(c3c2=O)CCN(C)C4)CC1,Scientific Literature,Inhibitory activity against human recombinant 5HT1B receptor co-expressed with G-protein chimera Gqo5 in HEK293 cells by FLIPR,F,Homo sapiens,,Bioorg Med Chem Lett,2005,Serotonin 1b (5-HT1b) receptor,Ki,nM,8.6,467.64,3.06
CHEMBL1200492,262.12,CCc1nn(CCCN2CCN(c3cccc(Cl)c3)CC2)c(=O)n1CCOc1ccccc1.Cl,EUbOPEN Chemogenomic Library,"PDSP Secondary Binding target: HTR1B - Compounds are tested at 10 uM concentration, plate are incubated at room temperature in the dark for 90 minutes. Reaction are stopped by vacuum filtration onto 0.3% polyethyleneimine soaked filter mats using Filtermate harvester. Scintillation cocktail is then melted onto microwave-dried filters on a hot plate and the radio activity is counted in Microbia counter. Compounds showing a minimum of 50% inhibition at 10 uM concentration are carried forward in this secondary binding assay to determine equilibrium binding affinity.",B,Homo sapiens,,,2024,Serotonin 1b (5-HT1b) receptor,Ki,nM,6.58,506.48,3.55
CHEMBL490417,0.5012,Cc1ccc2c(N3CCN(CCc4ccc5c(c4)NC(=O)CO5)CC3)cccc2n1,Scientific Literature,Displacement of [3H]5HT from human cloned 5HT1B receptor expressed in CHO cells,B,Homo sapiens,,Bioorg Med Chem Lett,2008,Serotonin 1b (5-HT1b) receptor,Ki,nM,9.3,402.5,3.24
CHEMBL76237,9210.0,COc1ccc2c(c1)c(CCN(C)C)cn2S(=O)(=O)c1ccccc1,Scientific Literature,Compound was evaluated for its binding affinity for human 5-hydroxytryptamine 1B receptor,B,,,Bioorg Med Chem Lett,2000,Serotonin 1b (5-HT1b) receptor,Ki,nM,5.04,358.46,2.99
CHEMBL267777,280.67,Cc1nc2sccn2c(=O)c1CCN1CCC(=C(c2ccc(F)cc2)c2ccc(F)cc2)CC1,EUbOPEN Chemogenomic Library,"PDSP Secondary Binding target: HTR1B - Compounds are tested at 10 uM concentration, plate are incubated at room temperature in the dark for 90 minutes. Reaction are stopped by vacuum filtration onto 0.3% polyethyleneimine soaked filter mats using Filtermate harvester. Scintillation cocktail is then melted onto microwave-dried filters on a hot plate and the radio activity is counted in Microbia counter. Compounds showing a minimum of 50% inhibition at 10 uM concentration are carried forward in this secondary binding assay to determine equilibrium binding affinity.",B,Homo sapiens,,,2024,Serotonin 1b (5-HT1b) receptor,Ki,nM,6.55,477.58,5.48
CHEMBL484216,100.0,Cc1ccc2c(OCC(C)N3CCC(Cc4ccc5c(c4)NC(=O)CO5)CC3)cccc2n1,Scientific Literature,Displacement of [3H]5HT from human cloned 5HT1B receptor expressed in CHO cells,B,Homo sapiens,,Bioorg Med Chem Lett,2008,Serotonin 1b (5-HT1b) receptor,Ki,nM,7.0,445.56,4.6
CHEMBL484743,10000.0,Cc1ccc2c(OCC3CCN(Cc4ccc5c(c4)NC(=O)CO5)CC3)cccc2n1,Scientific Literature,Displacement of [3H]5HT from human cloned 5HT1B receptor expressed in CHO cells,B,Homo sapiens,,Bioorg Med Chem Lett,2008,Serotonin 1b (5-HT1b) receptor,Ki,nM,,417.51,4.17
CHEMBL381035,7.943,COc1cc2c(cc1N1C[C@@H](C)N(C)[C@@H](C)C1)N(C(=O)Nc1cccc(Cl)c1F)CC2,Scientific Literature,Binding affinity against cloned human 5-hydroxytryptamine 1B receptor,B,Homo sapiens,,Bioorg Med Chem Lett,2005,Serotonin 1b (5-HT1b) receptor,Ki,nM,8.1,446.95,4.61
CHEMBL197505,2.512,COc1cc2c(cc1N1C[C@@H](C)N(C)[C@@H](C)C1)N(C(=O)Oc1cccc(C(F)(F)F)c1F)CC2,Scientific Literature,Binding affinity against cloned human 5-hydroxytryptamine 1B receptor,B,Homo sapiens,,Bioorg Med Chem Lett,2005,Serotonin 1b (5-HT1b) receptor,Ki,nM,8.6,481.49,4.94
CHEMBL364056,5.012,COc1cc2c(cc1N1C[C@@H](C)N[C@@H](C)C1)N(C(=O)c1ccc(-c3ccc(-c4ncccn4)cc3C)cc1)CC2,Scientific Literature,Binding affinity against cloned human 5-hydroxytryptamine 1B receptor,B,Homo sapiens,,Bioorg Med Chem Lett,2005,Serotonin 1b (5-HT1b) receptor,Ki,nM,8.3,533.68,5.52
CHEMBL500,10000.0,CC(C)NCC(O)COc1cccc2[nH]ccc12,Scientific Literature,Agonist activity to the human recombinant 5-hydroxytryptamine 1B receptor,F,,,J Med Chem,1997,Serotonin 1b (5-HT1b) receptor,Ki,nM,,248.33,1.91
CHEMBL199269,0.9,CN1CCc2c(sc3ncn(CCN4CCN(c5cccc6cnccc56)CC4)c(=O)c23)C1,Scientific Literature,Inhibitory activity against human recombinant 5HT1B receptor co-expressed with G-protein chimera Gqo5 in HEK293 cells by FLIPR,F,Homo sapiens,,Bioorg Med Chem Lett,2005,Serotonin 1b (5-HT1b) receptor,Ki,nM,9.05,460.61,2.82
CHEMBL267014,10000.0,Clc1ccc(N2CCN(Cc3c[nH]c4ncccc34)CC2)cc1,Scientific Literature,Binding affinity to cloned human 5-hydroxytryptamine 1B receptor,B,Homo sapiens,,Bioorg Med Chem Lett,2001,Serotonin 1b (5-HT1b) receptor,Ki,nM,,326.83,3.54
CHEMBL4876193,10000.0,Cc1cccc(-c2n[nH]cc2N2CCCNCC2)c1,Scientific Literature,Binding affinity to 5HT1B receptor (unknown origin),B,Homo sapiens,,J Med Chem,2021,Serotonin 1b (5-HT1b) receptor,Ki,nM,,256.35,2.18
CHEMBL4869695,10000.0,Fc1ccc(-c2n[nH]cc2N2CCCNCC2)cc1,Scientific Literature,Binding affinity to 5HT1B receptor (unknown origin),B,Homo sapiens,,J Med Chem,2021,Serotonin 1b (5-HT1b) receptor,Ki,nM,,260.32,2.02
CHEMBL295234,10000.0,CC1=NCCc2c1[nH]c1ccccc21,Scientific Literature,Binding affinity towards 5-hydroxytryptamine 1B receptor,B,,,Bioorg Med Chem Lett,2003,Serotonin 1b (5-HT1b) receptor,Ki,nM,,184.24,2.53
CHEMBL39,14.0,NCCc1c[nH]c2ccc(O)cc12,Scientific Literature,Displacement of [125I]CYP from human 5HT1B receptor,B,Homo sapiens,,J Med Chem,2011,Serotonin 1b (5-HT1b) receptor,Ki,nM,7.85,176.22,1.37
CHEMBL431298,794.33,COc1ccc(NS(=O)(=O)c2sc3ccc(Cl)cc3c2C)cc1N1CCNCC1,Scientific Literature,"The compound was tested for the binding affinity towards human cloned 5-hydroxytryptamine 1B receptor in CHO cells, using [3H]5-HT as radioligand",B,,,Bioorg Med Chem Lett,2002,Serotonin 1b (5-HT1b) receptor,Ki,nM,6.1,452.0,4.08
CHEMBL97450,1.2,CCCCCCCCCOc1ccc2[nH]cc(CCN)c2c1,Scientific Literature,Binding affinity was measured on 5-hydroxytryptamine 1D receptor beta in CHO cells transfected with human 5-HT1D beta gene labeled with [3H]5-HT,B,,,J Med Chem,1994,Serotonin 1b (5-HT1b) receptor,Ki,nM,8.92,302.46,4.8
CHEMBL500,2600.0,CC(C)NCC(O)COc1cccc2[nH]ccc12,Scientific Literature,Agonist activity to the human recombinant 5-hydroxytryptamine 1B receptor,F,,,J Med Chem,1997,Serotonin 1b (5-HT1b) receptor,Ki,nM,5.58,248.33,1.91
CHEMBL27,10000.0,CC(C)NCC(O)COc1cccc2ccccc12,Scientific Literature,Agonist activity to the human recombinant 5-hydroxytryptamine 1B receptor,F,,,J Med Chem,1997,Serotonin 1b (5-HT1b) receptor,Ki,nM,,259.35,2.58
CHEMBL5075931,562.21,NCCc1cn(S(=O)(=O)c2c(Cl)nc3sccn23)c2ccccc12.O=C(O)C(=O)O,EUbOPEN Chemogenomic Library,"PDSP Secondary Binding target: HTR1B - Compounds are tested at 10 uM concentration, plate are incubated at room temperature in the dark for 90 minutes. Reaction are stopped by vacuum filtration onto 0.3% polyethyleneimine soaked filter mats using Filtermate harvester. Scintillation cocktail is then melted onto microwave-dried filters on a hot plate and the radio activity is counted in Microbia counter. Compounds showing a minimum of 50% inhibition at 10 uM concentration are carried forward in this secondary binding assay to determine equilibrium binding affinity.",B,Homo sapiens,,,2024,Serotonin 1b (5-HT1b) receptor,Ki,nM,6.25,470.92,2.74
CHEMBL582877,1531.0,CC1(C)N=C(N)N=C(Nc2cccc(Br)c2)N1,Scientific Literature,Displacement of [3H]GR127543 from 5-HT1B receptor (unknown origin) after 1.5 hrs by microbeta scintillation counting method,B,Homo sapiens,,J Med Chem,2016,Serotonin 1b (5-HT1b) receptor,Ki,nM,5.82,296.17,1.87
CHEMBL3770981,9653.0,CCOC(=O)c1cccc(NC2=NC(N(C)C)=NC3(CCCCC3)N2)c1,Scientific Literature,Displacement of [3H]GR127543 from 5-HT1B receptor (unknown origin) after 1.5 hrs by microbeta scintillation counting method,B,Homo sapiens,,J Med Chem,2016,Serotonin 1b (5-HT1b) receptor,Ki,nM,5.01,357.46,2.81
CHEMBL467094,100.0,COc1cc2c3c(c1OC)-c1cc4c(cc1CC3N(C)CC2)OCO4,Scientific Literature,Displacement of [3H]GR125743 from 5HT1B receptor (unknown origin),B,Homo sapiens,,Bioorg Med Chem Lett,2015,Serotonin 1b (5-HT1b) receptor,Ki,nM,7.0,339.39,3.18
CHEMBL490417,0.1995,Cc1ccc2c(N3CCN(CCc4ccc5c(c4)NC(=O)CO5)CC3)cccc2n1,Scientific Literature,Displacement of [3H]5HT from human 5HT1B receptor expressed in CHO cells,B,Homo sapiens,,Bioorg Med Chem Lett,2008,Serotonin 1b (5-HT1b) receptor,Ki,nM,9.7,402.5,3.24
CHEMBL5094181,407.38,O=C(NCCCn1ccnc1)c1cc2nc(-c3ccccc3)cc(-c3ccccc3)n2n1,SGC Frankfurt - Donated Chemical Probes,GPCRScan assay: inhibition of 5-HT1B,B,Homo sapiens,,,2022,Serotonin 1b (5-HT1b) receptor,Ki,nM,6.39,422.49,4.08
CHEMBL56,638.0,CCCN(CCC)C1CCc2cccc(O)c2C1,Scientific Literature,"Binding affinity against 5-hydroxytryptamine 1D receptor beta expressed in CHO-K1 cells, using [3H]5-HT as the radioligand.",B,,,J Med Chem,1995,Serotonin 1b (5-HT1b) receptor,Ki,nM,6.2,247.38,3.37
CHEMBL2260923,1249.0,CNCCOc1ccc(Br)cc1Br.O=C(O)C(=O)O,Scientific Literature,Binding affinity to Homo sapiens (human) 5HT1B receptor by radioligand binding assay,B,Homo sapiens,,Med Chem Res,2009,Serotonin 1b (5-HT1b) receptor,Ki,nM,5.9,399.04,2.81
CHEMBL2260930,751.8,CNC(C)COc1cccc(Oc2ccccc2)c1.O=C(O)C(=O)O,Scientific Literature,Binding affinity to Homo sapiens (human) 5HT1B receptor by radioligand binding assay,B,Homo sapiens,,Med Chem Res,2009,Serotonin 1b (5-HT1b) receptor,Ki,nM,6.12,347.37,3.47
CHEMBL128,19.1,CNS(=O)(=O)Cc1ccc2[nH]cc(CCN(C)C)c2c1,Scientific Literature,In vitro binding affinity was determined towards cloned human 5-hydroxytryptamine 1B receptor using [3H]5-CT radioligand,B,,,Bioorg Med Chem Lett,1998,Serotonin 1b (5-HT1b) receptor,Ki,nM,7.72,295.41,1.32
CHEMBL5417310,4500.0,O=C(O)c1cc(-c2ccc(C3CCCNCC3)cc2)c2ccc(-c3ccc(C(F)(F)F)cc3)cc2c1,Scientific Literature,Displacement of [3H]-5-CT from human 5-HT1B receptor assessed as inhibition constant by radioligand displacement assay,B,Homo sapiens,,J Med Chem,2023,Serotonin 1b (5-HT1b) receptor,Ki,nM,5.35,489.54,7.75
CHEMBL1489369,2825.53,Br.CN1CCc2cc(Br)c(O)cc2C(c2ccccc2)C1,EUbOPEN Chemogenomic Library,"PDSP Secondary Binding target: HTR1B - Compounds are tested at 10 uM concentration, plate are incubated at room temperature in the dark for 90 minutes. Reaction are stopped by vacuum filtration onto 0.3% polyethyleneimine soaked filter mats using Filtermate harvester. Scintillation cocktail is then melted onto microwave-dried filters on a hot plate and the radio activity is counted in Microbia counter. Compounds showing a minimum of 50% inhibition at 10 uM concentration are carried forward in this secondary binding assay to determine equilibrium binding affinity.",B,Homo sapiens,,,2024,Serotonin 1b (5-HT1b) receptor,Ki,nM,5.55,413.15,3.77
CHEMBL5082177,10000.0,CCCN(CCC)Cc1ccc(Cl)c(-c2ccccc2OC)c1,Scientific Literature,Binding affinity to 5-HT1BR (unknown origin),B,Homo sapiens,,J Med Chem,2021,Serotonin 1b (5-HT1b) receptor,Ki,nM,,331.89,5.64
CHEMBL5093342,250.0,CCCNCCc1ccc(Cl)c(-c2ccccc2OC)c1.Cl,Scientific Literature,Binding affinity to 5-HT1BR (unknown origin),B,Homo sapiens,,J Med Chem,2021,Serotonin 1b (5-HT1b) receptor,Ki,nM,6.6,340.29,4.56
CHEMBL2205816,956.0,OC12C3C4CC5C6C4C1C6C(C53)N2CCc1ccccn1,Scientific Literature,Inhibition of 5-HT1B receptor (unknown origin) by PDSP assay,B,Homo sapiens,,Bioorg Med Chem,2013,Serotonin 1b (5-HT1b) receptor,Ki,nM,6.02,280.37,1.38
CHEMBL4292719,8594.0,O=C(NCc1ccccc1)C1CCN(C(=O)c2ccc(-c3ccccc3)cc2)CC1,Scientific Literature,Displacement of [3H]GR127543 from human 5HT1B receptor expressed in HEK cell membranes after 1.5 hrs by liquid scintillation counting method,B,Homo sapiens,,Medchemcomm,2018,Serotonin 1b (5-HT1b) receptor,Ki,nM,5.07,398.51,4.52
CHEMBL4558518,946.0,CC(C)(C)OC(=O)N1CCCC1CNC1CCC(c2cc(F)ccc2F)(S(=O)(=O)c2ccc(Cl)cc2)CC1,SGC Frankfurt - Donated Chemical Probes,GPCRScan assay: inhibition of 5-HT1B,B,Homo sapiens,,,2021,Serotonin 1b (5-HT1b) receptor,Ki,nM,6.02,569.11,6.22
CHEMBL128,36.0,CNS(=O)(=O)Cc1ccc2[nH]cc(CCN(C)C)c2c1,Scientific Literature,Binding affinity for human 5-hydroxytryptamine 1B receptor,B,Homo sapiens,,Bioorg Med Chem Lett,2000,Serotonin 1b (5-HT1b) receptor,Ki,nM,7.44,295.41,1.32
CHEMBL473186,0.3162,CC(C)c1cc(-c2ccc(F)c3ccccc23)nc(N)n1,Scientific Literature,Binding affinity to 5HT1B receptor (unknown origin),B,Homo sapiens,,Bioorg Med Chem Lett,2015,Serotonin 1b (5-HT1b) receptor,Ki,nM,9.5,281.33,4.14
CHEMBL5400876,2859.0,c1ccc(N2CCN(CCCc3nc4ccccc4s3)CC2)nc1,Scientific Literature,Binding affinity to 5-HT1B (unknown origin) assessed as inhibition constant,B,Homo sapiens,,J Med Chem,2023,Serotonin 1b (5-HT1b) receptor,Ki,nM,5.54,338.48,3.45
CHEMBL4285281,1209.0,COc1cc2c3c(c1OC)-c1ccccc1[C@@H](O)[C@@H]3NCC2,Scientific Literature,Binding affinity to 5-HT1B receptor (unknown origin) assessed as inhibition of radioligand binding by radioligand competition binding assay,B,Homo sapiens,,Medchemcomm,2018,Serotonin 1b (5-HT1b) receptor,Ki,nM,5.92,297.35,2.6
CHEMBL540612,166.0,COc1ccccc1N1CCN(CCCCNC(=O)c2ccc3ccccc3c2)CC1.Cl,EUbOPEN Chemogenomic Library,"PDSP Secondary Binding target: HTR1B - Compounds are tested at 10 uM concentration, plate are incubated at room temperature in the dark for 90 minutes. Reaction are stopped by vacuum filtration onto 0.3% polyethyleneimine soaked filter mats using Filtermate harvester. Scintillation cocktail is then melted onto microwave-dried filters on a hot plate and the radio activity is counted in Microbia counter. Compounds showing a minimum of 50% inhibition at 10 uM concentration are carried forward in this secondary binding assay to determine equilibrium binding affinity.",B,Homo sapiens,,,2024,Serotonin 1b (5-HT1b) receptor,Ki,nM,6.78,454.01,4.18
CHEMBL1200809,4230.58,CN1CCCC(n2nc(Cc3ccc(Cl)cc3)c3ccccc3c2=O)CC1.Cl,EUbOPEN Chemogenomic Library,"PDSP Secondary Binding target: HTR1B - Compounds are tested at 10 uM concentration, plate are incubated at room temperature in the dark for 90 minutes. Reaction are stopped by vacuum filtration onto 0.3% polyethyleneimine soaked filter mats using Filtermate harvester. Scintillation cocktail is then melted onto microwave-dried filters on a hot plate and the radio activity is counted in Microbia counter. Compounds showing a minimum of 50% inhibition at 10 uM concentration are carried forward in this secondary binding assay to determine equilibrium binding affinity.",B,Homo sapiens,,,2024,Serotonin 1b (5-HT1b) receptor,Ki,nM,5.37,418.37,4.3
CHEMBL4802048,10000.0,CC[C@H](Nc1c(C#N)c(-c2ccc(-c3cccc(C)c3F)cc2)nc2cnccc12)C(=O)O,SGC Frankfurt - Donated Chemical Probes,GPCRScan assay: inhibition of 5-HT1B,B,Homo sapiens,,,2021,Serotonin 1b (5-HT1b) receptor,Ki,nM,,440.48,5.56
CHEMBL4472703,10000.0,CC[C@H]1c2cc(OC)ccc2CC[C@@]1(C)N,Scientific Literature,Displacement of [3H]5-CT from human recombinant 5-HT1B receptor expressed in stable HEK cells after 90 mins by microbeta scintillation counting method,B,Homo sapiens,,ACS Med Chem Lett,2019,Serotonin 1b (5-HT1b) receptor,Ki,nM,,219.33,2.85
CHEMBL4083252,2032.0,COc1ccccc1N1CCN(CCCSc2nnc(-c3ccccc3)n2C)CC1,Scientific Literature,Displacement of [3H]-5-CT from recombinant human 5HT1B receptor stably expressed in HEK cell membranes measured after 90 mins by microbeta scintillation counting method,B,Homo sapiens,,J Med Chem,2019,Serotonin 1b (5-HT1b) receptor,Ki,nM,5.69,423.59,3.8
CHEMBL2391541,128.82,C=CCN(CC=C)CCc1c[nH]c2ccc(OC)cc12,Scientific Literature,Displacement of [3H]GR127543 from human recombinant 5-HT1B receptor expressed in HEK293 cells after 1 to 1.5 hrs by scintillation counting analysis,B,Homo sapiens,,Bioorg Med Chem Lett,2013,Serotonin 1b (5-HT1b) receptor,Ki,nM,6.89,270.38,3.39
CHEMBL30713,559.0,CC(N)Cc1c[nH]c2ccccc12,Scientific Literature,Displacement of [3H]GR127543 from human recombinant 5-HT1B receptor expressed in HEK293 cells after 1 to 1.5 hrs by scintillation counting analysis,B,Homo sapiens,,Bioorg Med Chem Lett,2013,Serotonin 1b (5-HT1b) receptor,Ki,nM,6.25,174.25,2.06
CHEMBL4202825,6674.21,N#Cc1c(N)nc(SCC(N)=O)c(C#N)c1-c1ccc(OCC2CC2)cc1,EUbOPEN Chemogenomic Library,"PDSP Secondary Binding target: HTR1B - Compounds are tested at 10 uM concentration, plate are incubated at room temperature in the dark for 90 minutes. Reaction are stopped by vacuum filtration onto 0.3% polyethyleneimine soaked filter mats using Filtermate harvester. Scintillation cocktail is then melted onto microwave-dried filters on a hot plate and the radio activity is counted in Microbia counter. Compounds showing a minimum of 50% inhibition at 10 uM concentration are carried forward in this secondary binding assay to determine equilibrium binding affinity.",B,Homo sapiens,,,2024,Serotonin 1b (5-HT1b) receptor,Ki,nM,5.18,379.45,2.44
CHEMBL403225,8406.21,C[C@H](CO)Nc1nc(SCc2cccc(Cl)c2F)nc2[nH]c(=O)sc12,EUbOPEN Chemogenomic Library,"PDSP Secondary Binding target: HTR1B - Compounds are tested at 10 uM concentration, plate are incubated at room temperature in the dark for 90 minutes. Reaction are stopped by vacuum filtration onto 0.3% polyethyleneimine soaked filter mats using Filtermate harvester. Scintillation cocktail is then melted onto microwave-dried filters on a hot plate and the radio activity is counted in Microbia counter. Compounds showing a minimum of 50% inhibition at 10 uM concentration are carried forward in this secondary binding assay to determine equilibrium binding affinity.",B,Homo sapiens,,,2024,Serotonin 1b (5-HT1b) receptor,Ki,nM,5.08,400.89,3.26
CHEMBL1279,4.4,CN[C@@H]1CCc2[nH]c3ccc(C(N)=O)cc3c2C1,Scientific Literature,Binding affinity to 5-HT1B receptor (unknown origin) assessed as inhibition constant,B,Homo sapiens,,RSC Med Chem,2024,Serotonin 1b (5-HT1b) receptor,Ki,nM,8.36,243.31,1.34
CHEMBL71804,304.0,CCCN(CCC)[C@H]1CCc2ccc3[nH]cc(C#N)c3c2C1,Scientific Literature,"Binding affinity against 5-hydroxytryptamine 1D receptor beta expressed in CHO-K1 cells, using [3H]5-HT as the radioligand.",B,,,J Med Chem,1995,Serotonin 1b (5-HT1b) receptor,Ki,nM,6.52,295.43,4.02
CHEMBL29846,794.33,COc1ccc(NS(=O)(=O)c2sc3ccc(Cl)cc3c2C)cc1N1CCN(C)CC1,Scientific Literature,Compound was tested for its binding affinity against human cloned 5-hydroxytryptamine 1B receptor in CHO cells using [3H]5-HT,B,,,J Med Chem,1999,Serotonin 1b (5-HT1b) receptor,Ki,nM,6.1,466.03,4.42
CHEMBL438619,0.1,CN1CCc2c(sc3ncn(CCN4CCN(c5cccc6ccncc56)CC4)c(=O)c23)C1,Scientific Literature,Inhibitory activity against human recombinant 5HT1B receptor co-expressed with G-protein chimera Gqo5 in HEK293 cells by FLIPR,F,Homo sapiens,,Bioorg Med Chem Lett,2005,Serotonin 1b (5-HT1b) receptor,Ki,nM,10.0,460.61,2.82
CHEMBL197240,1.7,CN1CCc2c(sc3ncn(CCN4CCN(c5cccc6ncccc56)CC4)c(=O)c23)C1,Scientific Literature,Inhibitory activity against human recombinant 5HT1B receptor co-expressed with G-protein chimera Gqo5 in HEK293 cells by FLIPR,F,Homo sapiens,,Bioorg Med Chem Lett,2005,Serotonin 1b (5-HT1b) receptor,Ki,nM,8.77,460.61,2.82
CHEMBL197007,1.1,CN1CCc2c(sc3ncn(CCN4CCN(c5ccccc5-c5ccccc5)CC4)c(=O)c23)C1,Scientific Literature,Inhibitory activity against human recombinant 5HT1B receptor co-expressed with G-protein chimera Gqo5 in HEK293 cells by FLIPR,F,Homo sapiens,,Bioorg Med Chem Lett,2005,Serotonin 1b (5-HT1b) receptor,Ki,nM,8.96,485.66,3.94
CHEMBL197078,3.5,Cc1ccccc1N1CCN(CCn2cnc3sc4c(c3c2=O)CCN(C)C4)CC1,Scientific Literature,Inhibitory activity against human recombinant 5HT1B receptor co-expressed with G-protein chimera Gqo5 in HEK293 cells by FLIPR,F,Homo sapiens,,Bioorg Med Chem Lett,2005,Serotonin 1b (5-HT1b) receptor,Ki,nM,8.46,423.59,2.58
CHEMBL2391541,129.0,C=CCN(CC=C)CCc1c[nH]c2ccc(OC)cc12,Scientific Literature,Displacement of [3H]GR127543 from human recombinant 5-HT1B receptor expressed in HEK293 cells after 1 to 1.5 hrs by scintillation counting analysis,B,Homo sapiens,,Bioorg Med Chem Lett,2013,Serotonin 1b (5-HT1b) receptor,Ki,nM,6.89,270.38,3.39
CHEMBL85,10.0,Cc1nc2n(c(=O)c1CCN1CCC(c3noc4cc(F)ccc34)CC1)CCCC2,Scientific Literature,Binding affinity to serotonin 5-HT1B receptor (unknown origin) by PDSP assay,B,Homo sapiens,,Medchemcomm,2012,Serotonin 1b (5-HT1b) receptor,Ki,nM,8.0,410.49,3.59
CHEMBL5081379,640.0,CCCNCc1ccc(Cl)c(-c2ccccc2OC)c1,Scientific Literature,Binding affinity to 5-HT1BR (unknown origin),B,Homo sapiens,,J Med Chem,2021,Serotonin 1b (5-HT1b) receptor,Ki,nM,6.19,289.81,4.52
CHEMBL5094234,580.0,CCNCCc1ccc(Cl)c(-c2ccccc2OC)c1.Cl,Scientific Literature,Binding affinity to 5-HT1BR (unknown origin),B,Homo sapiens,,J Med Chem,2021,Serotonin 1b (5-HT1b) receptor,Ki,nM,6.24,326.27,4.17
CHEMBL191971,7.943,CN1CCN(c2cc3c(cc2Cl)CCN3C(=O)Nc2ccc(-c3ccncc3)c3ccccc23)CC1,Scientific Literature,Mean binding affinity towards 5-hydroxytryptamine 1B receptor using [3H]5-HT or [3H]-8-OH-DPAT as the radioligand,B,Homo sapiens,,Bioorg Med Chem Lett,2005,Serotonin 1b (5-HT1b) receptor,Ki,nM,8.1,498.03,5.9
CHEMBL1257131,232.27,COC(=O)[C@H]1[C@H]2C[C@H]3c4[nH]c5ccccc5c4CCN3C[C@H]2CC[C@@H]1O.Cl,EUbOPEN Chemogenomic Library,"PDSP Secondary Binding target: HTR1B - Compounds are tested at 10 uM concentration, plate are incubated at room temperature in the dark for 90 minutes. Reaction are stopped by vacuum filtration onto 0.3% polyethyleneimine soaked filter mats using Filtermate harvester. Scintillation cocktail is then melted onto microwave-dried filters on a hot plate and the radio activity is counted in Microbia counter. Compounds showing a minimum of 50% inhibition at 10 uM concentration are carried forward in this secondary binding assay to determine equilibrium binding affinity.",B,Homo sapiens,,,2024,Serotonin 1b (5-HT1b) receptor,Ki,nM,6.63,390.91,2.65
CHEMBL4520788,1737.8,CNCc1ccccc1-c1csc([C@H](C)Nc2nc(C)nc3cc(OC)c(OC)cc23)c1,SGC Frankfurt - Donated Chemical Probes,GPCRScan assay: inhibition of 5-HT1B,B,Homo sapiens,,,2021,Serotonin 1b (5-HT1b) receptor,Ki,nM,5.76,448.59,5.58
CHEMBL4535474,1407.51,CNCc1ccccc1-c1csc([C@@H](C)Nc2nc(C)nc3cc(OC)c(OC)cc23)c1,SGC Frankfurt - Donated Chemical Probes,GPCRScan assay: inhibition of 5-HT1B,B,Homo sapiens,,,2021,Serotonin 1b (5-HT1b) receptor,Ki,nM,5.85,448.59,5.58
CHEMBL5094181,477.93,O=C(NCCCn1ccnc1)c1cc2nc(-c3ccccc3)cc(-c3ccccc3)n2n1,SGC Frankfurt - Donated Chemical Probes,GPCRScan assay: inhibition of 5-HT1B,B,Homo sapiens,,,2022,Serotonin 1b (5-HT1b) receptor,Ki,nM,6.32,422.49,4.08
CHEMBL302171,2275.0,CCCN(CCC)[C@H]1CCc2ccc3[nH]ccc3c2C1,Scientific Literature,"In vitro binding affinity against cloned mammalian 5-hydroxytryptamine 1D receptor beta expressed in CHO cells, by using [3H]5-HT as radioligand",B,,,J Med Chem,1995,Serotonin 1b (5-HT1b) receptor,Ki,nM,5.64,270.42,4.15
CHEMBL56898,10000.0,Nc1ccc(CC2=NCCN2)cc1,Scientific Literature,Binding affinity towards human 5-hydroxytryptamine 1B receptor using [3H]5-HT trifluoroacetate as radioligand,B,,,J Med Chem,1998,Serotonin 1b (5-HT1b) receptor,Ki,nM,,175.23,0.81
CHEMBL4535474,1348.96,CNCc1ccccc1-c1csc([C@@H](C)Nc2nc(C)nc3cc(OC)c(OC)cc23)c1,SGC Frankfurt - Donated Chemical Probes,GPCRScan assay: inhibition of 5-HT1B,B,Homo sapiens,,,2021,Serotonin 1b (5-HT1b) receptor,Ki,nM,5.87,448.59,5.58
CHEMBL3752900,891.25,C=CCN(CC=C)CCc1c[nH]c2ccc(Cl)cc12,Scientific Literature,Binding affinity to 5-HT 1B (unknown origin) by competition binding assay,B,Homo sapiens,,Bioorg Med Chem Lett,2016,Serotonin 1b (5-HT1b) receptor,Ki,nM,6.05,274.8,4.04
CHEMBL196907,319.6,CN1CCc2c(sc3ncn(CCN4CCN(c5ncnc6ccccc56)CC4)c(=O)c23)C1,Scientific Literature,Inhibitory activity against human recombinant 5HT1B receptor co-expressed with G-protein chimera Gqo5 in HEK293 cells by FLIPR,F,Homo sapiens,,Bioorg Med Chem Lett,2005,Serotonin 1b (5-HT1b) receptor,Ki,nM,6.5,461.6,2.21
CHEMBL199443,0.3,CN1CCc2c(sc3ncn(CCN4CCN(c5cccc6cccnc56)CC4)c(=O)c23)C1,Scientific Literature,Inhibitory activity against human recombinant 5HT1B receptor co-expressed with G-protein chimera Gqo5 in HEK293 cells by FLIPR,F,Homo sapiens,,Bioorg Med Chem Lett,2005,Serotonin 1b (5-HT1b) receptor,Ki,nM,9.52,460.61,2.82
CHEMBL197344,0.4,CN1CCc2c(sc3ncn(CCN4CCN(c5cccc6ccsc56)CC4)c(=O)c23)C1,Scientific Literature,Inhibitory activity against human recombinant 5HT1B receptor co-expressed with G-protein chimera Gqo5 in HEK293 cells by FLIPR,F,Homo sapiens,,Bioorg Med Chem Lett,2005,Serotonin 1b (5-HT1b) receptor,Ki,nM,9.4,465.65,3.48
CHEMBL39,1.1,NCCc1c[nH]c2ccc(O)cc12,Scientific Literature,Displacement of [3H]5-hydroxytryptamine from human cloned 5HT1B receptor expressed in CHOK1 cells by liquid scintillation counting,B,Homo sapiens,,J Med Chem,2008,Serotonin 1b (5-HT1b) receptor,Ki,nM,8.96,176.22,1.37
CHEMBL282199,1000.0,CC1CCN(CC[C@H]2CCCN2S(=O)(=O)c2cccc(O)c2)CC1,Scientific Literature,Binding affinity towards 5-hydroxytryptamine 1B receptor (human cloned receptor) in CHO cells using [3H]5-HT as radioligand,B,,,J Med Chem,2000,Serotonin 1b (5-HT1b) receptor,Ki,nM,6.0,352.5,2.67
CHEMBL128,24.0,CNS(=O)(=O)Cc1ccc2[nH]cc(CCN(C)C)c2c1,Scientific Literature,Compound was tested for intrinsic efficacy against human 5-hydroxytryptamine 1D receptor beta measured as the reduction of forskolin-stimulated cAMP.,F,,,J Med Chem,1996,Serotonin 1b (5-HT1b) receptor,Ki,nM,7.62,295.41,1.32
CHEMBL4520788,1757.2,CNCc1ccccc1-c1csc([C@H](C)Nc2nc(C)nc3cc(OC)c(OC)cc23)c1,EUbOPEN Chemogenomic Library Literature Data,Selectivity interaction (GPCR panel (PDSP screen)) EUB0000743a HTR1B,B,Homo sapiens,,,2023,Serotonin 1b (5-HT1b) receptor,Ki,nM,5.75,448.59,5.58
CHEMBL1278,3.3,CNS(=O)(=O)CCc1ccc2[nH]cc(C3CCN(C)CC3)c2c1,Scientific Literature,In vitro receptor binding affinity for cloned human 5-hydroxytryptamine 1B receptor,B,,,J Med Chem,1999,Serotonin 1b (5-HT1b) receptor,Ki,nM,8.48,335.47,2.07
CHEMBL2205816,956.0,OC12C3C4CC5C6C4C1C6C(C53)N2CCc1ccccn1,Scientific Literature,Binding affinity to 5-HT1B receptor,B,,,Bioorg Med Chem Lett,2012,Serotonin 1b (5-HT1b) receptor,Ki,nM,6.02,280.37,1.38
CHEMBL2205812,10000.0,COc1ccc(CCN2C3C4C5CC6C7C5C3C7C2(O)C64)cc1,Scientific Literature,Binding affinity to 5-HT1B receptor,B,,,Bioorg Med Chem Lett,2012,Serotonin 1b (5-HT1b) receptor,Ki,nM,,309.41,2.0
CHEMBL5399275,6000.0,O=C(O)c1cc(-c2ccc([C@]3(O)[C@@H]4CNC[C@H]3C4)cc2)c2ccc(-c3ccc(C(F)(F)F)cc3)cc2c1,Scientific Literature,Displacement of [3H]-5-CT from human 5-HT1B receptor assessed as inhibition constant by radioligand displacement assay,B,Homo sapiens,,J Med Chem,2023,Serotonin 1b (5-HT1b) receptor,Ki,nM,5.22,503.52,6.32
CHEMBL469345,3.981,Cc1ccc2c(N3CCN(CCc4cccc5c4OCC(=O)N5C)CC3)cccc2n1,Scientific Literature,Antagonist activity at human 5HT1B assessed as GTPgammaS binding by scintillation proximity assay in presence of 5-HT,F,Homo sapiens,,Bioorg Med Chem Lett,2009,Serotonin 1b (5-HT1b) receptor,Ki,nM,8.4,416.53,3.26
CHEMBL31217,0.76,CN1CCN(c2cccc3ccc(OCCOc4ccc5[nH]cc(CCN)c5c4)cc23)CC1,Scientific Literature,Binding affinity was evaluated at human recombinant 5-hydroxytryptamine 1B receptor using [3H]5-CT as radioligand,B,,,Bioorg Med Chem Lett,1998,Serotonin 1b (5-HT1b) receptor,Ki,nM,9.12,444.58,4.03
CHEMBL128,9.1,CNS(=O)(=O)Cc1ccc2[nH]cc(CCN(C)C)c2c1,Scientific Literature,Displacement of [3H]5-hydroxytryptamine from human cloned 5HT1B receptor expressed in CHOK1 cells by liquid scintillation counting,B,Homo sapiens,,J Med Chem,2008,Serotonin 1b (5-HT1b) receptor,Ki,nM,8.04,295.41,1.32
CHEMBL183460,10.0,Cc1ccc2c(OCCN3CCC(Cc4ccc5c(c4)NC(=O)CO5)CC3)cccc2n1,Scientific Literature,Displacement of [3H]5HT from human recombinant 5HT1B receptor,B,Homo sapiens,,J Med Chem,2008,Serotonin 1b (5-HT1b) receptor,Ki,nM,8.0,431.54,4.21
CHEMBL39,4.0,NCCc1c[nH]c2ccc(O)cc12,Scientific Literature,Binding affinity was measured on 5-hydroxytryptamine 1D receptor beta in CHO cells transfected with human 5-HT1D beta gene labeled with [3H]5-HT,B,,,J Med Chem,1994,Serotonin 1b (5-HT1b) receptor,Ki,nM,8.4,176.22,1.37
CHEMBL312448,14.0,Cc1cc(C(C)(C)C)cc(C)c1CC1=NCCN1,Scientific Literature,Binding affinity towards human 5-hydroxytryptamine 1B receptor using [3H]5-HT trifluoroacetate as radioligand,B,,,J Med Chem,1998,Serotonin 1b (5-HT1b) receptor,Ki,nM,7.85,244.38,3.15
CHEMBL337539,100.0,NCCOc1cccc2ccccc12,Scientific Literature,Agonist activity to the human recombinant 5-hydroxytryptamine 1B receptor,F,,,J Med Chem,1997,Serotonin 1b (5-HT1b) receptor,Ki,nM,7.0,187.24,2.18
CHEMBL513715,1.0,Cc1ccc2c(N3CCN(CCc4cccc5c4OCC(=O)N5)CC3)cccc2n1,Scientific Literature,Antagonist activity at human 5-HT1B receptor expressed in CHO cells assessed as inhibition of GTPgammaS binding by scintillation proximity assay,F,Homo sapiens,,Bioorg Med Chem Lett,2010,Serotonin 1b (5-HT1b) receptor,Ki,nM,9.0,402.5,3.24
CHEMBL269538,10000.0,COc1ccc2c(c1)[nH]c1c(C)nccc12,Scientific Literature,Binding affinity towards 5-hydroxytryptamine 1B receptor,B,,,Bioorg Med Chem Lett,2003,Serotonin 1b (5-HT1b) receptor,Ki,nM,,212.25,3.03
CHEMBL101690,83.0,CN1CCC(c2c[nH]c3ccc(NC(=O)c4ccc(F)cc4)cc23)CC1,Scientific Literature,Displacement of [3H]5-hydroxytryptamine from human cloned 5HT1B receptor expressed in CHOK1 cells by liquid scintillation counting,B,Homo sapiens,,J Med Chem,2008,Serotonin 1b (5-HT1b) receptor,Ki,nM,7.08,351.43,4.37
CHEMBL119264,12.1,CN(C)CCCc1cc(C(=O)Nc2ccc(-c3ccncc3)cc2)ccc1O,Scientific Literature,Binding affinity for 5-hydroxytryptamine 1B receptor in C6-glial transfected cell type using [3H]5-CT as radioligand,B,,,J Med Chem,1997,Serotonin 1b (5-HT1b) receptor,Ki,nM,7.92,375.47,4.2
CHEMBL4856702,1819.0,Fc1cccc(-c2n[nH]cc2N2CCNCC2)c1,Scientific Literature,Binding affinity to 5HT1B receptor (unknown origin),B,Homo sapiens,,J Med Chem,2021,Serotonin 1b (5-HT1b) receptor,Ki,nM,5.74,246.29,1.63
CHEMBL4871980,10000.0,Fc1ccc(-c2n[nH]cc2N2CCNCC2)cc1,Scientific Literature,Binding affinity to 5HT1B receptor (unknown origin),B,Homo sapiens,,J Med Chem,2021,Serotonin 1b (5-HT1b) receptor,Ki,nM,,246.29,1.63
CHEMBL12713,56.0,O=C1NCCN1CCN1CCC(c2cn(-c3ccc(F)cc3)c3ccc(Cl)cc23)CC1,Scientific Literature,Ability to displace [3H]5-CT (1.5 nM) from HeLa cells of human 5-hydroxytryptamine 1B receptor,B,,,J Med Chem,2003,Serotonin 1b (5-HT1b) receptor,Ki,nM,7.25,440.95,4.63
CHEMBL338115,10000.0,COc1ccc2[nH]c3c(c2c1)CCN=C3C,Scientific Literature,Displacement of [3H]-mesulergine from human 5-HT1B expressed in human HEK cells assessed as inhibition constant by FLIPR assay,B,Homo sapiens,,J Med Chem,2021,Serotonin 1b (5-HT1b) receptor,Ki,nM,,214.27,2.54
CHEMBL5090884,280.0,CCCCNCCc1ccc(Cl)c(-c2ccccc2OC)c1.Cl,Scientific Literature,Binding affinity to 5-HT1BR (unknown origin),B,Homo sapiens,,J Med Chem,2021,Serotonin 1b (5-HT1b) receptor,Ki,nM,6.55,354.32,4.95
CHEMBL15928,1.0,COc1ccc(NC(=O)c2ccc(-c3ccc(-c4noc(C)n4)cc3C)cc2)cc1N1CCN(C)CC1,Scientific Literature,Binding affinity for human 5-hydroxytryptamine 1B receptor,B,Homo sapiens,,J Med Chem,1998,Serotonin 1b (5-HT1b) receptor,Ki,nM,9.0,497.6,5.03
CHEMBL8165,3.5,COc1ccc2[nH]cc(CCN)c2c1,Scientific Literature,Displacement of [3H]-5-HT from human 5-hydroxytryptamine 1D receptor beta,B,,,J Med Chem,1996,Serotonin 1b (5-HT1b) receptor,Ki,nM,8.46,190.25,1.68
CHEMBL331240,3.3,CC(=O)Nc1ccc(N2CCN(C(=O)COc3ccc4[nH]cc(CCN)c4c3)CC2)cc1,Scientific Literature,Ability to inhibit the forskolin-stimulated c-AMP formation mediated by human 5-hydroxytryptamine 1B receptor in CHO-K1 cells,F,,,J Med Chem,1996,Serotonin 1b (5-HT1b) receptor,Ki,nM,8.48,435.53,2.36
CHEMBL312448,13.0,Cc1cc(C(C)(C)C)cc(C)c1CC1=NCCN1,Scientific Literature,Binding affinity towards human 5-hydroxytryptamine 1B receptor,B,Homo sapiens,,Bioorg Med Chem Lett,2004,Serotonin 1b (5-HT1b) receptor,Ki,nM,7.89,244.38,3.15
CHEMBL15928,0.14,COc1ccc(NC(=O)c2ccc(-c3ccc(-c4noc(C)n4)cc3C)cc2)cc1N1CCN(C)CC1,Scientific Literature,Affinity towards cloned human 5-hydroxytryptamine 1B receptor,B,Homo sapiens,,Bioorg Med Chem Lett,2005,Serotonin 1b (5-HT1b) receptor,Ki,nM,9.85,497.6,5.03
CHEMBL1185,0.4,CN(C)CCc1c[nH]c2ccc(C[C@H]3COC(=O)N3)cc12,Scientific Literature,Binding affinity to 5-HT1B receptor (unknown origin) assessed as inhibition constant,B,Homo sapiens,,RSC Med Chem,2024,Serotonin 1b (5-HT1b) receptor,Ki,nM,9.4,287.36,1.92
CHEMBL905,3.0,CN(C)CCc1c[nH]c2ccc(Cn3cncn3)cc12,Scientific Literature,Binding affinity to 5-HT1B receptor (unknown origin) assessed as inhibition constant,B,Homo sapiens,,RSC Med Chem,2024,Serotonin 1b (5-HT1b) receptor,Ki,nM,8.52,269.35,1.91
CHEMBL277120,10.6,c1ccc2c(N3CCNCC3)cccc2c1,Scientific Literature,Binding affinity was evaluated at human recombinant 5-hydroxytryptamine 1B receptor using [3H]5-CT as radioligand,B,,,Bioorg Med Chem Lett,1998,Serotonin 1b (5-HT1b) receptor,Ki,nM,7.97,212.3,2.25
CHEMBL119264,14.0,CN(C)CCCc1cc(C(=O)Nc2ccc(-c3ccncc3)cc2)ccc1O,Scientific Literature,Binding affinity for 5-hydroxytryptamine 1B receptor in C6-glial transfected cell type using [3H]GR-125743 as radioligand,B,,,J Med Chem,1997,Serotonin 1b (5-HT1b) receptor,Ki,nM,7.85,375.47,4.2
CHEMBL301265,3508.0,CCCN[C@H]1CCc2nc(N)sc2C1,Scientific Literature,Displacement of [3H]5-CT from recombinant human 5HT1B receptor stably expressed in HEK cell membranes measured after 90 mins by microbeta scintillation counting method,A,Homo sapiens,,J Med Chem,2020,Serotonin 1b (5-HT1b) receptor,Ki,nM,5.46,211.33,1.58
CHEMBL103769,1038.25,S=C(NCCCc1c[nH]cn1)NCCCN(Cc1ccc(Cl)c(Cl)c1)c1ccc(Br)cn1,EUbOPEN Chemogenomic Library,"PDSP Secondary Binding target: HTR1B - Compounds are tested at 10 uM concentration, plate are incubated at room temperature in the dark for 90 minutes. Reaction are stopped by vacuum filtration onto 0.3% polyethyleneimine soaked filter mats using Filtermate harvester. Scintillation cocktail is then melted onto microwave-dried filters on a hot plate and the radio activity is counted in Microbia counter. Compounds showing a minimum of 50% inhibition at 10 uM concentration are carried forward in this secondary binding assay to determine equilibrium binding affinity.",B,Homo sapiens,,,2024,Serotonin 1b (5-HT1b) receptor,Ki,nM,5.98,556.36,5.37
CHEMBL101690,240.0,CN1CCC(c2c[nH]c3ccc(NC(=O)c4ccc(F)cc4)cc23)CC1,Scientific Literature,In vitro binding affinity for human 5-hydroxytryptamine 1B receptor,B,Homo sapiens,,Bioorg Med Chem Lett,2004,Serotonin 1b (5-HT1b) receptor,Ki,nM,6.62,351.43,4.37
CHEMBL196914,0.5,COc1c(Cl)cccc1N1CCN(CCn2cnc3sc4c(c3c2=O)CCN(C)C4)CC1,Scientific Literature,Inhibitory activity against human recombinant 5HT1B receptor co-expressed with G-protein chimera Gqo5 in HEK293 cells by FLIPR,F,Homo sapiens,,Bioorg Med Chem Lett,2005,Serotonin 1b (5-HT1b) receptor,Ki,nM,9.3,474.03,2.93
CHEMBL200949,42.3,COc1ccc(C(F)(F)F)cc1N1CCN(CCn2cnc3sc4c(c3c2=O)CCN(C)C4)CC1,Scientific Literature,Inhibitory activity against human recombinant 5HT1B receptor co-expressed with G-protein chimera Gqo5 in HEK293 cells by FLIPR,F,Homo sapiens,,Bioorg Med Chem Lett,2005,Serotonin 1b (5-HT1b) receptor,Ki,nM,7.37,507.58,3.3
CHEMBL128,9.6,CNS(=O)(=O)Cc1ccc2[nH]cc(CCN(C)C)c2c1,Scientific Literature,In vitro receptor binding affinity for cloned human 5-hydroxytryptamine 1B receptor,B,,,J Med Chem,1999,Serotonin 1b (5-HT1b) receptor,Ki,nM,8.02,295.41,1.32
CHEMBL716,1000.0,OCCOCCN1CCN(C2=Nc3ccccc3Sc3ccccc32)CC1,Scientific Literature,Binding affinity to serotonin 5-HT1B receptor (unknown origin) by PDSP assay,B,Homo sapiens,,Medchemcomm,2012,Serotonin 1b (5-HT1b) receptor,Ki,nM,,383.52,2.86
CHEMBL463249,0.0,CN1C(=N)N(C)/C(=C/c2c[nH]c3cc(Br)ccc23)C1=O,Scientific Literature,Displacement of [3H]5-CT from human recombinant 5HT1B receptor stably expressed in HEK cells,B,Homo sapiens,,Bioorg Med Chem,2013,Serotonin 1b (5-HT1b) receptor,Ki,nM,,333.19,2.61
CHEMBL360803,1980.0,Clc1cc(I)cc(Cl)c1N=C1NCCN1,Scientific Literature,Binding affinity towards human 5-hydroxytryptamine 1B receptor,B,Homo sapiens,,Bioorg Med Chem Lett,2004,Serotonin 1b (5-HT1b) receptor,Ki,nM,5.7,355.99,2.78
CHEMBL39,18.0,NCCc1c[nH]c2ccc(O)cc12,Scientific Literature,Displacement of radiolabeled serotonin from human 5HT1B receptor,B,Homo sapiens,,J Med Chem,2008,Serotonin 1b (5-HT1b) receptor,Ki,nM,7.75,176.22,1.37
CHEMBL30713,501.19,CC(N)Cc1c[nH]c2ccccc12,Scientific Literature,Displacement of [3H]GR127543 from human recombinant 5-HT1B receptor expressed in HEK293 cells after 1 to 1.5 hrs by scintillation counting analysis,B,Homo sapiens,,Bioorg Med Chem Lett,2013,Serotonin 1b (5-HT1b) receptor,Ki,nM,6.3,174.25,2.06
CHEMBL72107,5000.0,Cc1cc(C(C)(C)C)cc(C)c1CC1=NCCN1C,Scientific Literature,Binding affinity towards human 5-hydroxytryptamine 1B receptor at a dose of 5 mg/kg,B,Homo sapiens,,Bioorg Med Chem Lett,2004,Serotonin 1b (5-HT1b) receptor,Ki,nM,,258.41,3.49
CHEMBL4642292,10000.0,Cc1nccc2c1C(C)(C)Nc1cc(Br)ccc1-2,Scientific Literature,Binding affinity to 5HT1B receptor (unknown origin),B,Homo sapiens,,J Nat Prod,2020,Serotonin 1b (5-HT1b) receptor,Ki,nM,,303.2,4.48
CHEMBL4558518,1000.0,CC(C)(C)OC(=O)N1CCCC1CNC1CCC(c2cc(F)ccc2F)(S(=O)(=O)c2ccc(Cl)cc2)CC1,SGC Frankfurt - Donated Chemical Probes,GPCRScan assay: inhibition of 5-HT1B,B,Homo sapiens,,,2021,Serotonin 1b (5-HT1b) receptor,Ki,nM,6.0,569.11,6.22
CHEMBL39,7.1,NCCc1c[nH]c2ccc(O)cc12,Scientific Literature,The compound was tested for binding affinity against cloned human 5-hydroxytryptamine 1D receptor beta,B,,,J Med Chem,1995,Serotonin 1b (5-HT1b) receptor,Ki,nM,8.15,176.22,1.37
CHEMBL371300,10000.0,C[C@H](N)Cn1ncc2ccc(O)cc21,Scientific Literature,Inhibitory activity against 5HT1B receptor,B,Homo sapiens,,J Med Chem,2006,Serotonin 1b (5-HT1b) receptor,Ki,nM,,191.23,1.09
CHEMBL1628565,500.0,CN(C)[C@@H]1CCc2[nH]c3ccc(NC(=O)c4ccc(F)cc4)cc3c2C1,Scientific Literature,Binding affinity to 5-HT1B (unknown origin) assessed as inhibition constant,B,Homo sapiens,,J Med Chem,2022,Serotonin 1b (5-HT1b) receptor,Ki,nM,,351.43,3.98
CHEMBL1189234,10000.0,OC12C3C4CC5C6C4C1C6C(C53)N2Cc1ccccc1,Scientific Literature,Binding affinity to 5-HT1B receptor,B,,,Bioorg Med Chem Lett,2012,Serotonin 1b (5-HT1b) receptor,Ki,nM,,265.36,1.95
CHEMBL3899169,5580.0,Cc1ccc2c(c1)Oc1sc(Cl)cc1C(N1CCN(CC(C)(C)C(=O)O)CC1)=N2,BindingDB Patent Bioactivity Data,"Binding Assay or Functional Activity Assay: Further, the compounds of the invention may be tested in binding assays and functional activity assays by well known methods for other physiologically important receptors such as, but not limited to, the hERG channel, other serotonin receptors (specifically 5-HT1B, 5-HT1D, receptors, lack of agonist activity at 5-HT2B receptors, 5-HT2C, 5-HT5, 5-HT6, and 5-HT7 receptors), dopaminergic receptors (specifically D1, D2, and D3), GABAA receptors, adrenergic receptors and monoamine transporters.",B,Homo sapiens,,,2016,Serotonin 1b (5-HT1b) receptor,Ki,nM,,433.96,4.62
CHEMBL469345,1.585,Cc1ccc2c(N3CCN(CCc4cccc5c4OCC(=O)N5C)CC3)cccc2n1,Scientific Literature,Antagonist activity at human 5-HT1B receptor expressed in CHO cells assessed as inhibition of GTPgammaS binding by scintillation proximity assay,F,Homo sapiens,,Bioorg Med Chem Lett,2010,Serotonin 1b (5-HT1b) receptor,Ki,nM,8.8,416.53,3.26
CHEMBL1112,1000.0,O=C1CCc2ccc(OCCCCN3CCN(c4cccc(Cl)c4Cl)CC3)cc2N1,Scientific Literature,Binding affinity to serotonin 5-HT1B receptor (unknown origin) by PDSP assay,B,Homo sapiens,,Medchemcomm,2012,Serotonin 1b (5-HT1b) receptor,Ki,nM,6.0,448.39,4.86
CHEMBL2,7700.0,COc1cc2nc(N3CCN(C(=O)c4ccco4)CC3)nc(N)c2cc1OC,Scientific Literature,Ability to displace [3H]5-CT (1.5 nM) from HeLa cells of human 5-hydroxytryptamine 1B receptor,B,,,J Med Chem,2003,Serotonin 1b (5-HT1b) receptor,Ki,nM,,383.41,1.78
CHEMBL136072,10000.0,CN(C)CCCOc1ccccc1,Scientific Literature,Agonist activity to the human recombinant 5-hydroxytryptamine 1B receptor,F,,,J Med Chem,1997,Serotonin 1b (5-HT1b) receptor,Ki,nM,,179.26,2.02
CHEMBL71033,10000.0,Cc1cccc(C)c1CC1=NCCN1,Scientific Literature,Binding affinity towards human 5-hydroxytryptamine 1B receptor using [3H]5-HT trifluoroacetate as radioligand,B,,,J Med Chem,1998,Serotonin 1b (5-HT1b) receptor,Ki,nM,,188.27,1.85
CHEMBL72107,5000.0,Cc1cc(C(C)(C)C)cc(C)c1CC1=NCCN1C,Scientific Literature,Binding affinity towards human 5-hydroxytryptamine 1B receptor using [3H]5-HT trifluoroacetate as radioligand,B,,,J Med Chem,1998,Serotonin 1b (5-HT1b) receptor,Ki,nM,,258.41,3.49
CHEMBL6640,36.0,NCCc1c[nH]c2ccccc12,Scientific Literature,Displacement of [3H]-5-HT from human 5-hydroxytryptamine 1D receptor beta,B,,,J Med Chem,1996,Serotonin 1b (5-HT1b) receptor,Ki,nM,7.44,160.22,1.67
CHEMBL1242923,1000.0,O=C(Cc1ccccc1)NC1CCN(CCCN2C(=O)COc3ccccc32)CC1,Scientific Literature,Binding affinity to 5-HT1B receptor by radioligand displacement assay,B,,,J Med Chem,2010,Serotonin 1b (5-HT1b) receptor,Ki,nM,,407.51,2.63
CHEMBL281350,10.0,Cc1nc(-c2ccc(-c3ccc(C(=O)N4CCc5cc6c(cc54)C4(CCN(C)CC4)CO6)cc3)c(C)c2)no1,Scientific Literature,Affinity for 5-hydroxytryptamine 1B receptor subtype,B,Homo sapiens,,Bioorg Med Chem Lett,1997,Serotonin 1b (5-HT1b) receptor,Ki,nM,8.0,520.63,5.58
CHEMBL1256844,1691.61,CC1CCN(CC[C@H]2CCCN2S(=O)(=O)c2cccc(O)c2)CC1.Cl,EUbOPEN Chemogenomic Library,"PDSP Secondary Binding target: HTR1B - Compounds are tested at 10 uM concentration, plate are incubated at room temperature in the dark for 90 minutes. Reaction are stopped by vacuum filtration onto 0.3% polyethyleneimine soaked filter mats using Filtermate harvester. Scintillation cocktail is then melted onto microwave-dried filters on a hot plate and the radio activity is counted in Microbia counter. Compounds showing a minimum of 50% inhibition at 10 uM concentration are carried forward in this secondary binding assay to determine equilibrium binding affinity.",B,Homo sapiens,,,2024,Serotonin 1b (5-HT1b) receptor,Ki,nM,5.77,388.96,2.67
CHEMBL5204071,70.8,COc1ccc(C2NCCc3c2[nH]c2ccc(F)cc32)c(O)c1,Scientific Literature,Binding affinity to 5HT1B receptor (unknown origin) assessed as inhibition constant,B,Homo sapiens,,ACS Med Chem Lett,2022,Serotonin 1b (5-HT1b) receptor,Ki,nM,7.15,312.34,3.26
CHEMBL370110,2.5,CN1CCc2c(sc3ncn(CCN4CCN(c5cncc6ccccc56)CC4)c(=O)c23)C1,Scientific Literature,Inhibitory activity against human recombinant 5HT1B receptor co-expressed with G-protein chimera Gqo5 in HEK293 cells by FLIPR,F,Homo sapiens,,Bioorg Med Chem Lett,2005,Serotonin 1b (5-HT1b) receptor,Ki,nM,8.6,460.61,2.82
CHEMBL3897499,10000.0,CCCN1CC[C@H]2c3cc4ccc(C(F)(F)F)cc4nc3[C@H](CC)[C@H]3CCC[C@@H]1[C@@H]32,Scientific Literature,Displacement of [3H]5-CT from human 5-HT1B receptor expressed in HEK cells measured after 90 mins by microbeta scintillation counting method,B,Homo sapiens,,Bioorg Med Chem Lett,2016,Serotonin 1b (5-HT1b) receptor,Ki,nM,,416.53,6.75
CHEMBL98241,7700.0,C[C@H](CN1CCN(c2cc(F)c(F)cc2F)CC1)N1C(=O)CC2(CCCC2)CC1=O,Scientific Literature,Ability to displace [3H]5-CT (1.5 nM) from HeLa cells of human 5-hydroxytryptamine 1B receptor receptor,B,,,J Med Chem,2003,Serotonin 1b (5-HT1b) receptor,Ki,nM,5.11,423.48,3.32
CHEMBL319352,48.0,Cn1nnc(-c2ccc3c(c2)c(C2CCN(CCN4CCNC4=O)CC2)cn3-c2ccc(F)cc2)n1,Scientific Literature,Ability to displace [3H]5-CT (1.5 nM) from HeLa cells of human 5-hydroxytryptamine 1B receptor,B,,,J Med Chem,2003,Serotonin 1b (5-HT1b) receptor,Ki,nM,7.32,488.57,3.16
CHEMBL18840,1.259,NCCc1c[nH]c2ccc(C(N)=O)cc12,Scientific Literature,Binding affinity against human 5-hydroxytryptamine 1B receptor cloned receptors in CHO cells,B,,,J Med Chem,2003,Serotonin 1b (5-HT1b) receptor,Ki,nM,8.9,203.25,0.77
CHEMBL3480577,3408.17,Cc1ccc2nc(CNCCCOc3ccccc3)cc(O)c2c1,SGC Frankfurt - Donated Chemical Probes,GPCRScan assay: inhibition of 5-HT1B,B,Homo sapiens,,,2021,Serotonin 1b (5-HT1b) receptor,Ki,nM,5.47,322.41,3.81
CHEMBL762,0.3,Cc1cc(C(C)(C)C)c(O)c(C)c1CC1=NCCN1,Scientific Literature,Binding affinity towards human 5-hydroxytryptamine 1B receptor using [3H]5-HT trifluoroacetate as radioligand,B,,,J Med Chem,1998,Serotonin 1b (5-HT1b) receptor,Ki,nM,9.52,260.38,2.85
CHEMBL1181770,2000.0,CN(C)CCN(Cc1ccc(-c2ccc(CNCCc3ccccc3)cc2)cc1)C(=O)CCC1CCCC1,Scientific Literature,Binding affinity to 5-HT1BR (unknown origin) assessed as inhibition constant,B,Homo sapiens,,J Med Chem,2022,Serotonin 1b (5-HT1b) receptor,Ki,nM,,511.75,6.55
CHEMBL292274,1690.0,CN(C)[C@H]1CCc2ccc3[nH]ccc3c2C1,Scientific Literature,"In vitro binding affinity against cloned mammalian 5-hydroxytryptamine 1D receptor beta expressed in CHO cells, by using [3H]5-HT as radioligand",B,,,J Med Chem,1995,Serotonin 1b (5-HT1b) receptor,Ki,nM,5.77,214.31,2.59
CHEMBL12264,5011.87,Cc1cccc(S(=O)(=O)N(C)[C@H](C)CCN2CCC(C)CC2)c1,Scientific Literature,The compound was tested for its binding affinity towards cloned human 5-hydroxytryptamine 1B receptor in CHO cells using [3H]5-HT,B,,,J Med Chem,1998,Serotonin 1b (5-HT1b) receptor,Ki,nM,,338.52,3.13
CHEMBL3770342,10000.0,NC1=NC2(CCCCC2)NC(Nc2cccc(Br)c2)=N1,Scientific Literature,Displacement of [3H]GR127543 from 5-HT1B receptor (unknown origin) after 1.5 hrs by microbeta scintillation counting method,B,Homo sapiens,,J Med Chem,2016,Serotonin 1b (5-HT1b) receptor,Ki,nM,,336.24,2.8
CHEMBL4867565,890.0,O=S(=O)(c1cccc(F)c1)n1ccc2c(N3CCNCC3)nc3ccccc3c21,Scientific Literature,Binding affinity to human 5-HT1B receptor,B,Homo sapiens,,J Med Chem,2021,Serotonin 1b (5-HT1b) receptor,Ki,nM,6.05,410.47,2.98
CHEMBL128,22.0,CNS(=O)(=O)Cc1ccc2[nH]cc(CCN(C)C)c2c1,Scientific Literature,Compound was tested for binding affinity against cloned human 5-hydroxytryptamine 1D receptor beta expressed in CHO-K1 cells.,B,,,J Med Chem,1996,Serotonin 1b (5-HT1b) receptor,Ki,nM,7.66,295.41,1.32
CHEMBL128,23.1,CNS(=O)(=O)Cc1ccc2[nH]cc(CCN(C)C)c2c1,Scientific Literature,Ability to inhibit the forskolin-stimulated c-AMP formation mediated by human 5-hydroxytryptamine 1B receptor in CHO-K1 cells,F,,,J Med Chem,1996,Serotonin 1b (5-HT1b) receptor,Ki,nM,7.64,295.41,1.32
CHEMBL5074880,210.0,CCNCc1ccc(Cl)c(-c2ccccc2OC)c1,Scientific Literature,Binding affinity to 5-HT1BR (unknown origin),B,Homo sapiens,,J Med Chem,2021,Serotonin 1b (5-HT1b) receptor,Ki,nM,6.68,275.78,4.13
CHEMBL5094680,10000.0,CCCCNCc1ccc(Cl)c(-c2ccccc2OC)c1,Scientific Literature,Binding affinity to 5-HT1BR (unknown origin),B,Homo sapiens,,J Med Chem,2021,Serotonin 1b (5-HT1b) receptor,Ki,nM,,303.83,4.91
CHEMBL4520293,3162.28,CN(C)[C@@H]1CCN(c2cc(-c3ccccc3)nc3ccnn23)C1,SGC Frankfurt - Donated Chemical Probes,GPCRScan assay: inhibition of 5-HT1B,B,Homo sapiens,,,2021,Serotonin 1b (5-HT1b) receptor,Ki,nM,5.5,307.4,2.54
CHEMBL282199,10000.0,CC1CCN(CC[C@H]2CCCN2S(=O)(=O)c2cccc(O)c2)CC1,Scientific Literature,Binding affinity to 5HT1B receptor (unknown origin),B,Homo sapiens,,J Med Chem,2021,Serotonin 1b (5-HT1b) receptor,Ki,nM,,352.5,2.67
CHEMBL715,1000.0,Cc1cc2c(s1)Nc1ccccc1N=C2N1CCN(C)CC1,Scientific Literature,Binding affinity to serotonin 5-HT1B receptor (unknown origin) by PDSP assay,B,Homo sapiens,,Medchemcomm,2012,Serotonin 1b (5-HT1b) receptor,Ki,nM,6.0,312.44,3.44
CHEMBL42,1000.0,CN1CCN(C2=Nc3cc(Cl)ccc3Nc3ccccc32)CC1,Scientific Literature,Binding affinity to serotonin 5-HT1B receptor (unknown origin) by PDSP assay,B,Homo sapiens,,Medchemcomm,2012,Serotonin 1b (5-HT1b) receptor,Ki,nM,6.0,326.83,3.72
CHEMBL4520788,1757.2,CNCc1ccccc1-c1csc([C@H](C)Nc2nc(C)nc3cc(OC)c(OC)cc23)c1,SGC Frankfurt - Donated Chemical Probes,GPCRScan assay: inhibition of 5-HT1B,B,Homo sapiens,,,2021,Serotonin 1b (5-HT1b) receptor,Ki,nM,5.75,448.59,5.58
CHEMBL4802048,10000.0,CC[C@H](Nc1c(C#N)c(-c2ccc(-c3cccc(C)c3F)cc2)nc2cnccc12)C(=O)O,SGC Frankfurt - Donated Chemical Probes,GPCRScan assay: inhibition of 5-HT1B,B,Homo sapiens,,,2021,Serotonin 1b (5-HT1b) receptor,Ki,nM,,440.48,5.56
CHEMBL3039520,591.0,CN1CCC(C(=O)c2cccc(NC(=O)c3c(F)cc(F)cc3F)n2)CC1,Scientific Literature,Binding affinity to 5-HT1B (unknown origin) assessed as inhibition constant,B,Homo sapiens,,J Med Chem,2022,Serotonin 1b (5-HT1b) receptor,Ki,nM,,377.37,3.28
CHEMBL128,23.1,CNS(=O)(=O)Cc1ccc2[nH]cc(CCN(C)C)c2c1,Scientific Literature,The compound was tested for binding affinity against cloned human 5-hydroxytryptamine 1D receptor beta,B,,,J Med Chem,1995,Serotonin 1b (5-HT1b) receptor,Ki,nM,7.64,295.41,1.32
CHEMBL4520293,3243.0,CN(C)[C@@H]1CCN(c2cc(-c3ccccc3)nc3ccnn23)C1,SGC Frankfurt - Donated Chemical Probes,GPCRScan assay: inhibition of 5-HT1B,B,Homo sapiens,,,2021,Serotonin 1b (5-HT1b) receptor,Ki,nM,5.49,307.4,2.54
CHEMBL340807,10000.0,COc1ccc2c3c([nH]c2c1)C(C)=NCC3,Scientific Literature,Displacement of [3H]-mesulergine from human 5-HT1B expressed in human HEK cells assessed as inhibition constant by FLIPR assay,B,Homo sapiens,,J Med Chem,2021,Serotonin 1b (5-HT1b) receptor,Ki,nM,,214.27,2.54
