Molecule ChEMBL ID,Standard Value,Smiles,Source Description,Assay Description,Assay Type,Assay Organism,Assay Tissue Name,Document Journal,Document Year,Target Name,Standard Type,Standard Units,pChEMBL Value,Molecular Weight,AlogP
CHEMBL4098236,430.0,COc1ccccc1N1CCN(CCCCOc2ccn3ncc(C=O)c3c2)CC1,Scientific Literature,Displacement of [3H]SCH23390 from human Dopamine D1 receptor expressed in HEK293T cell membranes after 2 hrs by scintillation counting analysis,B,Homo sapiens,,J Med Chem,2017.0,Dopamine D1 receptor,Ki,nM,6.37,408.5,3.14
CHEMBL4105030,440.0,COc1ccccc1N1CCN(CCCCOc2ccn3nc(/C=N/O)cc3c2)CC1,Scientific Literature,Displacement of [3H]SCH23390 from human Dopamine D1 receptor expressed in HEK293T cell membranes after 2 hrs by scintillation counting analysis,B,Homo sapiens,,J Med Chem,2017.0,Dopamine D1 receptor,Ki,nM,6.36,423.52,3.13
CHEMBL4063282,1700.0,COc1ccccc1N1CCN(CCCC(=O)Nc2ccn3nccc3c2)CC1,Scientific Literature,Displacement of [3H]SCH23390 from human Dopamine D1 receptor expressed in HEK293T cell membranes after 2 hrs by scintillation counting analysis,B,Homo sapiens,,J Med Chem,2017.0,Dopamine D1 receptor,Ki,nM,5.77,393.49,2.88
CHEMBL3289648,524.81,Cc1ccc(N2CCN(CCCCc3ccc(F)cc3)CC2)nc1,Scientific Literature,Displacement of [3H]SCH23390 from human dopamine D1 receptor by PDSP assay,B,Homo sapiens,,Bioorg Med Chem,2014.0,Dopamine D1 receptor,Ki,nM,6.28,327.45,3.67
CHEMBL54,270.0,O=C(CCCN1CCC(O)(c2ccc(Cl)cc2)CC1)c1ccc(F)cc1,Scientific Literature,Binding affinity towards human Dopamine receptor D1,B,,,J Med Chem,2004.0,Dopamine D1 receptor,Ki,nM,6.57,375.87,4.43
CHEMBL196370,10000.0,COc1ccc(NC(=O)N2CCN(c3ccccc3OC)CC2)cc1N1CCN(C)CC1,Scientific Literature,Affinity towards cloned Dopamine receptor D1,B,Homo sapiens,,Bioorg Med Chem Lett,2005.0,Dopamine D1 receptor,Ki,nM,,439.56,2.81
CHEMBL3913343,3.7,COc1cc2c(cc1O)[C@@H]1Cc3c(OC)ccc(OC)c3CN1CC2,BindingDB Patent Bioactivity Data,"Radioligand Binding Assay: The affinity of compounds to D1 and D2 dopamine receptors were determined by competition binding assays. Membrane homogenates of HEK293T cells were stably transfected with D1, or D2 receptors. Duplicated tubes were incubated at 30Â° C. for 50 mins (for D1, and D2) with increasing concentrations of respective compound and with [3H]SCH23390 (for D1 dopamine receptors), or [3H]Spiperone (for dopamine D2 receptor) in a final volume of 200 Î¼L binding buffer containing 50 mM Tris, 4 mM MgCl2, pH 7.4. Nonspecific binding was determined by parallel incubations with either 10 Î¼M SCH23390 for D1, or Spiperone for D2 receptors respectively. The reaction was started by addition of membranes (15 ng/tube) and stopped by rapid filtration through Whatman GF/B glassfiber filter and subsequently washed with cold buffer (50 mM Tris, 5 mM EDTA, pH 7.4) using a Brandel 24-well cell harvester. Scintillation cocktail was added and the radioactivity was determined in a MicroBeta liquid scintillation counter.",B,,,,2016.0,Dopamine D1 receptor,Ki,nM,8.43,341.41,3.07
CHEMBL307790,7.0,CN1CCc2cc(Cl)c(O)cc2[C@H]2c3ccccc3C[C@@H]21,Scientific Literature,Compound was tested for the displacement of [3H]-SCH- 23390 from dopamine receptor D1,B,,,J Med Chem,1992.0,Dopamine D1 receptor,Ki,nM,8.15,299.8,3.59
CHEMBL3982119,50.07,COc1cc2c(cc1OC)[C@@H]1Cc3c(OC)ccc(OC)c3CN1CC2,BindingDB Patent Bioactivity Data,"Reception Binding Assay: Different concentrations (10^â5 M-10^â11 M) of the compound of the invention and corresponding isotope receptor ligand as well as receptor protein were loaded into the reaction tube and incubated in 30Â° C. water bath for 60 minutes. The reaction was terminated in a refrigerator. The reaction mixture was put in a Millipore filter (millipore) cell sample collector, filtered through suction filtration using GF/C glass fiber filter paper, and dried. The resulting sample was placed into 0.5 mL tube. 500 Î¼L liquid scintillation fluid was added and intensity of radioactivity was determined by counting. For dopamine D1 receptor: isotope receptor ligands [3H] SCH23390 (85.0 Ci/mmol) (D1-selective, purchased from Amersham Corporation), D1 receptor protein expressed in HEK-293 cells; For D2 dopamine receptor: isotope receptor ligands [3H] Spiperone (77.0 Ci/mmol) (D2-selective, purchased from Amersham Corporation); D2 receptor protein expressed in HEK-293 cells; For 5-HT1A receptor: isotope receptor ligands [3H] 8-OH-DPAT; 5-HT1A receptor protein expressed in HEK-293 cells; For 5-HT2A receptor: isotope receptor ligands [3H]-Ketanserin; 5-HT2A receptor protein expressed in HEK-293 cells.",B,,,,2016.0,Dopamine D1 receptor,Ki,nM,7.3,355.43,3.38
CHEMBL25856,33.0,Oc1cc2c(cc1O)[C@H]1c3ccccc3CN[C@@H]1CC2,Scientific Literature,Binding affinity to Dopamine receptor D1 by using radioligand [125I]SCH-23982 in HEK cells,B,,,Bioorg Med Chem Lett,1999.0,Dopamine D1 receptor,Ki,nM,7.48,267.33,2.65
CHEMBL603752,10000.0,C=CCc1ccc2c(c1O)-c1cc(OC)cc3c1[C@@H](C2)N(C)CC3,Scientific Literature,Displacement of [3H]SCH23390 from dopamine D1 receptor expressed in HEK293 cells by liquid scintillation counting,B,,,J Med Chem,2010.0,Dopamine D1 receptor,Ki,nM,,321.42,3.88
CHEMBL18797,13911.0,CSc1ccc(/C=C2/C(C)=C(CC(=O)O)c3cc(F)ccc32)cc1,DrugMatrix,DRUGMATRIX: Dopamine D1 radioligand binding (ligand: [3H] SCH-23390),B,,,,,Dopamine D1 receptor,Ki,nM,4.86,340.42,5.35
CHEMBL56666,531.0,CN1CCc2cc(Cl)c(O)cc2[C@@H]2c3ccccc3CC[C@@H]21,Scientific Literature,Binding affinity to displace [3H]-SCH- 23390 against Dopamine receptor D1,B,,,J Med Chem,1990.0,Dopamine D1 receptor,Ki,nM,6.28,313.83,3.98
CHEMBL201241,10000.0,c1ccc(C2CCCN3CCc4c([nH]c5ccccc45)C23)cc1,Scientific Literature,Inhibition of binding to human D1 receptor expressed in HEK 293 cells by functional calcium assay,F,Homo sapiens,,J Med Chem,2006.0,Dopamine D1 receptor,Ki,nM,,302.42,4.64
CHEMBL70565,100000.0,CCCN1CCO[C@@H]2c3cc(O)ccc3OC[C@H]21,Scientific Literature,Displacement of [3H]-SCH23390 from human D1 receptor expressed in HEK293 cells after 60 mins by microbeta counting based assay,B,Homo sapiens,,ACS Med Chem Lett,2020.0,Dopamine D1 receptor,Ki,nM,,249.31,1.94
CHEMBL363124,5754.4,c1ccc2c(N3CCN(CCc4ccc5[nH]nnc5c4)CC3)cccc2c1,Scientific Literature,Binding affinity against Dopamine receptor D1,B,,,Bioorg Med Chem Lett,2004.0,Dopamine D1 receptor,Ki,nM,5.24,357.46,3.48
CHEMBL608530,1963.0,CN1CCCC[C@H]1CCN1c2ccccc2Sc2ccc([S+](C)[O-])cc21,Scientific Literature,Binding affinity towards human D1 dopamine receptor was determined by using [3H]-SCH- 23390 as radioligand,B,Homo sapiens,,Bioorg Med Chem Lett,2004.0,Dopamine D1 receptor,Ki,nM,5.71,386.59,4.9
CHEMBL4063145,3800.0,O=C1COc2c(N3CCN(CCCCOc4ccn5ncc(/C=N/O)c5c4)CC3)ccc(O)c2N1,Scientific Literature,Displacement of [3H]SCH23390 from human D1R expressed in HEK293T cell membranes,B,Homo sapiens,,Bioorg Med Chem,2017.0,Dopamine D1 receptor,Ki,nM,5.42,480.53,2.16
CHEMBL845,80.0,Clc1ccc2c(c1)N=C(N1CCNCC1)c1ccccc1N2,Scientific Literature,Antagonist activity at human D1 receptor expressed in CHO cells assessed as inhibition of dopamine-induced calcium accumulation,F,Homo sapiens,,Bioorg Med Chem Lett,2021.0,Dopamine D1 receptor,Ki,nM,7.1,312.8,3.38
CHEMBL380464,6.8,CN1CCc2ccccc2Cc2c(ccc(O)c2Cl)CC1,Scientific Literature,Inhibition of D1 dopamine receptor in HEK 293 cells by intracellular calcium assay,F,Homo sapiens,,J Med Chem,2006.0,Dopamine D1 receptor,Ki,nM,8.17,301.82,3.67
CHEMBL5402269,20.0,CCCOc1cc2c(cc1O)[C@@H]1Cc3c(Br)cc(O)c(OCCC)c3CN1CC2,Scientific Literature,Displacement of [3H]SCH-23390 from human dopamine D1 receptor assessed as inhibition constant,B,Homo sapiens,,J Med Chem,2023.0,Dopamine D1 receptor,Ki,nM,7.7,462.38,5.09
CHEMBL3344456,26.33,CCc1cc2c(s1)C[C@H]1c3cc(O)c(OC)cc3CCN1C2,Scientific Literature,Displacement of [3H]SCH23390 from D1 receptor (unknown origin) transfected in HEK293T cells after 50 mins by liquid scintillation counting analysis,B,Homo sapiens,,Bioorg Med Chem,2014.0,Dopamine D1 receptor,Ki,nM,7.58,315.44,3.68
CHEMBL3344466,66.21,COc1cc2c(cc1O)[C@@H]1Cc3sc(CC4CC4)cc3CN1CC2,Scientific Literature,Displacement of [3H]SCH23390 from D1 receptor (unknown origin) transfected in HEK293T cells after 50 mins by liquid scintillation counting analysis,B,Homo sapiens,,Bioorg Med Chem,2014.0,Dopamine D1 receptor,Ki,nM,7.18,341.48,4.07
CHEMBL321223,16.0,CN1CCc2cc(Br)c(O)cc2C(c2ccc(N/C(S)=N/c3ccc4c(c3)C(=O)OC43c4ccc(O)cc4Oc4cc(O)ccc43)cc2)C1,Scientific Literature,Binding affinity against dopamine receptor D1 by using [3H]-SCH- 23390 as radioligand in caudate-putamen of monkey,B,Cercopithecidae,Caudate-putamen,J Med Chem,1991.0,Dopamine D1 receptor,Ki,nM,7.8,736.64,7.78
CHEMBL3325909,1000.0,CC(=O)Nc1cc2c(cc1O)C(c1ccccc1)CN(C)CC2,Scientific Literature,Displacement of [3H]SCH23390 from human dopamine D1 receptor expressed in HEK293 cell membranes by liquid scintillation counting based competition binding assay,B,Homo sapiens,,Eur J Med Chem,2014.0,Dopamine D1 receptor,Ki,nM,,310.4,2.97
CHEMBL3325917,1000.0,CN1CCc2cc(O)c(CO)cc2C(c2ccccc2)C1,Scientific Literature,Displacement of [3H]SCH23390 from human dopamine D1 receptor expressed in HEK293 cell membranes by liquid scintillation counting based competition binding assay,B,Homo sapiens,,Eur J Med Chem,2014.0,Dopamine D1 receptor,Ki,nM,,283.37,2.5
CHEMBL3325923,1000.0,CN1CCc2cc3oc(=O)[nH]c3cc2C(c2ccccc2)C1,Scientific Literature,Displacement of [3H]SCH23390 from human dopamine D1 receptor expressed in HEK293 cell membranes by liquid scintillation counting based competition binding assay,B,Homo sapiens,,Eur J Med Chem,2014.0,Dopamine D1 receptor,Ki,nM,,294.35,2.74
CHEMBL3325926,1000.0,CN1CCN(c2nc3cc4c(cc3o2)CCN(C)CC4c2ccccc2)CC1,Scientific Literature,Displacement of [3H]SCH23390 from human dopamine D1 receptor expressed in HEK293 cell membranes by liquid scintillation counting based competition binding assay,B,Homo sapiens,,Eur J Med Chem,2014.0,Dopamine D1 receptor,Ki,nM,,376.5,3.2
CHEMBL216258,2.8,CN1CCCc2ccccc2Cc2[nH]c3ccccc3c2CC1,Scientific Literature,Activity at human D1 dopamine receptor expressed in HEK293 cells by calcium fluorescence assay,F,Homo sapiens,,J Med Chem,2006.0,Dopamine D1 receptor,Ki,nM,8.55,304.44,4.18
CHEMBL424294,670.0,COc1ccccc1N1CCN(CCCCNC(=O)c2cc3ccccc3s2)CC1,Scientific Literature,Binding affinity for porcine Dopamine receptor D1 by [3H]-SCH- 23390 displacement.,B,,,J Med Chem,2002.0,Dopamine D1 receptor,Ki,nM,6.17,423.58,4.24
CHEMBL203362,516.0,O=c1[nH]c2[nH]c(-c3ccccc3)cc2c(=O)n1CCN1CCN(c2ccccc2Cl)CC1,Scientific Literature,Binding affinity to dopamine D1 receptor,B,Homo sapiens,,Bioorg Med Chem Lett,2006.0,Dopamine D1 receptor,Ki,nM,6.29,449.94,3.16
CHEMBL142020,1500.0,COc1ccccc1N1CCN(CCCCNC(=O)c2cc3ccccn3n2)CC1,Scientific Literature,Binding affinity for porcine Dopamine receptor D1 by [3H]-SCH- 23390 displacement.,B,,,J Med Chem,2002.0,Dopamine D1 receptor,Ki,nM,5.82,407.52,2.68
CHEMBL203734,34.0,COc1c(Cl)cc2c(c1Cl)Cc1ccccc1CCN(C)CC2,Scientific Literature,Inhibition of D1 dopamine receptor in HEK 293 cells by intracellular calcium assay,F,Homo sapiens,,J Med Chem,2006.0,Dopamine D1 receptor,Ki,nM,7.47,350.29,4.62
CHEMBL201170,1.35,CN1CCc2ccccc2Cc2ccc(O)cc2CC1,Scientific Literature,Inhibition of D1 dopamine receptor in HEK 293 cells by intracellular calcium assay,F,Homo sapiens,,J Med Chem,2006.0,Dopamine D1 receptor,Ki,nM,8.87,267.37,3.01
CHEMBL231070,2.667,CN1CCCc2ccccc2Cc2ccc(O)cc2CC1,Scientific Literature,Displacement of [3H]SCH23390 from human cloned dopamine D1 receptor,B,Homo sapiens,,Bioorg Med Chem Lett,2008.0,Dopamine D1 receptor,Ki,nM,8.57,281.4,3.4
CHEMBL4860528,257.04,CCCCCNC(=O)/N=C(\N)NCCCc1sc(N)nc1C,Scientific Literature,Displacement of [3H]SCH23390 from human D1 receptor stably expressed in HEK293T cells co-expressing luciferase and CEK incubated for 60 mins by scintillation counting analysis,B,Homo sapiens,,J Med Chem,2021.0,Dopamine D1 receptor,Ki,nM,6.59,326.47,1.77
CHEMBL5207281,2454.71,CCCCCNC(=O)/N=C(\N)NCCCc1nnc(N)s1.O=C(O)C(F)(F)F.O=C(O)C(F)(F)F,Scientific Literature,Displacement of [3H]SCH23390 from human D1 receptor stably expressed in HEK293T cells co-expressing luciferase and CEK incubated for 60 mins by scintillation counting analysis,B,Homo sapiens,,J Med Chem,2021.0,Dopamine D1 receptor,Ki,nM,5.61,541.48,0.86
CHEMBL3671296,268.0,Cc1cc(Oc2nccc3n[nH]cc23)ccc1-n1c(C)nc2cnccc21,BindingDB Patent Bioactivity Data,"Receptor Binding Assay: The affinity of the compounds described herein was determined by competition binding assays similar to those described in Ryman-Rasmussen et al., Differential activation of adenylate cyclase and receptor internalization by novel dopamine D1 receptor agonists, Molecular Pharmacology 68(4):1039-1048 (2005). This radioligand binding assay used [3H]-SCH23390, a radiolabeled D1 ligand, to evaluate the ability of a test compound to compete with the radioligand when binding to a D1 receptor. D1 binding assays were performed using over-expressing LTK human cell lines. To determine basic assay parameters, ligand concentrations were determined from saturation binding studies where the Kd for [3H]-SCH23390 was found to be 1.3 nM. From tissue concentration curve studies, the optimal amount of tissue was determined to be 1.75 mg/mL per 96 well plate using 0.5 nM of [3H]-SCH23390. These ligand and tissue concentrations were used in time course studies to determine linearity and equilibrium condition.",B,,,,2014.0,Dopamine D1 receptor,Ki,nM,6.57,356.39,4.1
CHEMBL3671291,9.84,Cc1ncnc(C)c1-c1ccc(Oc2nccc3[nH]ccc23)cc1Cl,BindingDB Patent Bioactivity Data,"Receptor Binding Assay: The affinity of the compounds described herein was determined by competition binding assays similar to those described in Ryman-Rasmussen et al., Differential activation of adenylate cyclase and receptor internalization by novel dopamine D1 receptor agonists, Molecular Pharmacology 68(4):1039-1048 (2005). This radioligand binding assay used [3H]-SCH23390, a radiolabeled D1 ligand, to evaluate the ability of a test compound to compete with the radioligand when binding to a D1 receptor. D1 binding assays were performed using over-expressing LTK human cell lines. To determine basic assay parameters, ligand concentrations were determined from saturation binding studies where the Kd for [3H]-SCH23390 was found to be 1.3 nM. From tissue concentration curve studies, the optimal amount of tissue was determined to be 1.75 mg/mL per 96 well plate using 0.5 nM of [3H]-SCH23390. These ligand and tissue concentrations were used in time course studies to determine linearity and equilibrium condition.",B,,,,2014.0,Dopamine D1 receptor,Ki,nM,8.01,350.81,5.08
CHEMBL293158,446.68,CN1CCc2cc(Cl)c(O)cc2[C@H]1c1ccccc1,Scientific Literature,Binding potency of compound for Dopamine receptor D1 by displacing [3H]SCH-23390 radioligand,B,,,J Med Chem,1989.0,Dopamine D1 receptor,Ki,nM,6.35,273.76,3.62
CHEMBL593626,10000.0,Oc1ccc2c(c1)CCN1CCc3ccccc3C21,Scientific Literature,Displacement of [3H]SCH23390 from human dopamine D1 receptor expressed in CHO cells by scintillation counting,B,Homo sapiens,,Bioorg Med Chem,2009.0,Dopamine D1 receptor,Ki,nM,,251.33,2.9
CHEMBL487387,5.9,COc1cc2c(cc1O)[C@@H]1Cc3ccc(O)c(OC)c3CN1CC2,Scientific Literature,Displacement of [3H]SCH23390 from human dopamine D1 receptor expressed in CHO cells by scintillation counting,B,Homo sapiens,,Bioorg Med Chem,2009.0,Dopamine D1 receptor,Ki,nM,8.23,327.38,2.77
CHEMBL610449,4748.0,CN1CCCc2cc3c(cc2-c2ccccc2CC1)OCO3,Scientific Literature,Displacement of [3H]SCH23390 from human dopamine D1 receptor expressed in CHO cells by scintillation counting,B,Homo sapiens,,Bioorg Med Chem,2009.0,Dopamine D1 receptor,Ki,nM,5.32,295.38,3.5
CHEMBL594557,10000.0,COc1ccc2c(c1)CCCN1Cc3ccccc3C21,Scientific Literature,Displacement of [3H]SCH23390 from human dopamine D1 receptor expressed in CHO cells by scintillation counting,B,Homo sapiens,,Bioorg Med Chem,2009.0,Dopamine D1 receptor,Ki,nM,,265.36,3.55
CHEMBL552611,12.0,C=CCN1CCc2cc(O)c(O)cc2C(c2ccccc2)C1.Cl,Scientific Literature,The compound was evaluated for the dissociation constant for inhibiting the binding of [3H]-SCH- 23390 at Dopamine receptor D1,B,Canis lupus familiaris,,J Med Chem,1991.0,Dopamine D1 receptor,Ki,nM,7.92,331.84,3.27
CHEMBL600083,3.0,CN1CCc2cc(Cl)c(O)cc2[C@H]2c3cccc(Br)c3CC[C@@H]21,Scientific Literature,Displacement of [3H]SCh23390 from dopamine D1 receptor expressed in mouse LTK cells by scintillation counting,B,,,Bioorg Med Chem Lett,2010.0,Dopamine D1 receptor,Ki,nM,8.52,392.72,4.74
CHEMBL598949,3.1,CN1CCc2cc(Cl)c(O)cc2[C@H]2c3cccc(N4CCCC4=O)c3CC[C@@H]21,Scientific Literature,Displacement of [3H]SCh23390 from dopamine D1 receptor expressed in mouse LTK cells by scintillation counting,B,,,Bioorg Med Chem Lett,2010.0,Dopamine D1 receptor,Ki,nM,8.51,396.92,4.11
CHEMBL598515,7.0,CN1CCc2cc(Cl)c(O)cc2[C@H]2c3ccc(N)cc3CC[C@@H]21,Scientific Literature,Binding affinity to dopamine D1 receptor,B,,,Bioorg Med Chem Lett,2010.0,Dopamine D1 receptor,Ki,nM,8.15,328.84,3.56
CHEMBL601635,152.0,CN1CCc2cc(Cl)c(O)cc2[C@H]2c3cc(CN4CCN(c5ccccn5)CC4)ccc3CC[C@@H]21,Scientific Literature,Binding affinity to dopamine D1 receptor,B,,,Bioorg Med Chem Lett,2010.0,Dopamine D1 receptor,Ki,nM,6.82,489.06,4.7
CHEMBL601634,2.3,CCC(=O)Nc1cccc2c1CC[C@H]1[C@H]2c2cc(O)c(Cl)cc2CCN1C,Scientific Literature,Binding affinity to dopamine D1 receptor,B,,,Bioorg Med Chem Lett,2010.0,Dopamine D1 receptor,Ki,nM,8.64,384.91,4.33
CHEMBL2420770,10000.0,Fc1ccccc1N1CCN(Cc2cccs2)CC1,Scientific Literature,Displacement of [3H]SCH23390 from human dopamine D1 receptor,B,Homo sapiens,,Bioorg Med Chem Lett,2013.0,Dopamine D1 receptor,Ki,nM,,276.38,3.21
CHEMBL13668,1.24,CN1CCc2cc(Cl)c(O)cc2C(c2ccccc2)C1,BindingDB Patent Bioactivity Data,"Reception Binding Assay: Different concentrations (10^â5 M-10^â11 M) of the compound of the invention and corresponding isotope receptor ligand as well as receptor protein were loaded into the reaction tube and incubated in 30Â° C. water bath for 60 minutes. The reaction was terminated in a refrigerator. The reaction mixture was put in a Millipore filter (millipore) cell sample collector, filtered through suction filtration using GF/C glass fiber filter paper, and dried. The resulting sample was placed into 0.5 mL tube. 500 Î¼L liquid scintillation fluid was added and intensity of radioactivity was determined by counting. For dopamine D1 receptor: isotope receptor ligands [3H] SCH23390 (85.0 Ci/mmol) (D1-selective, purchased from Amersham Corporation), D1 receptor protein expressed in HEK-293 cells; For D2 dopamine receptor: isotope receptor ligands [3H] Spiperone (77.0 Ci/mmol) (D2-selective, purchased from Amersham Corporation); D2 receptor protein expressed in HEK-293 cells; For 5-HT1A receptor: isotope receptor ligands [3H] 8-OH-DPAT; 5-HT1A receptor protein expressed in HEK-293 cells; For 5-HT2A receptor: isotope receptor ligands [3H]-Ketanserin; 5-HT2A receptor protein expressed in HEK-293 cells.",B,,,,2016.0,Dopamine D1 receptor,Ki,nM,8.91,287.79,3.67
CHEMBL482496,500.0,[3H]C([3H])([3H])Oc1cc(I)c(OC)cc1CCNCc1ccccc1OC([3H])([3H])[3H],Scientific Literature,Binding affinity to dopamine D1 receptor,B,,,Bioorg Med Chem,2008.0,Dopamine D1 receptor,Ki,nM,,439.33,3.65
CHEMBL53,290.0,CN1CCc2cccc3c2[C@H]1Cc1ccc(O)c(O)c1-3,Scientific Literature,Displacement of [3H]SCH-23390 from human dopamine D1 receptor expressed in HEK293 cells,B,Homo sapiens,,Bioorg Med Chem,2008.0,Dopamine D1 receptor,Ki,nM,6.54,267.33,2.85
CHEMBL380330,22.91,COc1ccc2c(c1)CCN(C)CCc1ccccc1C2,Scientific Literature,Displacement of [3H]SCH23390 from human cloned dopamine D1 receptor,B,Homo sapiens,,Bioorg Med Chem Lett,2008.0,Dopamine D1 receptor,Ki,nM,7.64,281.4,3.32
CHEMBL71600,6.0,CN1CCc2cc(Cl)c(O)cc2[C@@H](c2cccc3ccoc23)C1,Scientific Literature,Binding affinity to displace [3H]-SCH- 23390 against Dopamine receptor D1,B,,,J Med Chem,1990.0,Dopamine D1 receptor,Ki,nM,8.22,327.81,4.41
CHEMBL562460,1340.0,CCN1CCc2cc(C)cc3c2[C@H]1Cc1ccc(O)c(O)c1-3.Cl,Scientific Literature,Displacement of [3H]SCH23390 from dopamine D1 receptor expressed in Ltk deficient fibroblast cells by liquid scintillation counting,B,,,Bioorg Med Chem,2009.0,Dopamine D1 receptor,Ki,nM,5.87,331.84,3.55
CHEMBL201170,0.39,CN1CCc2ccccc2Cc2ccc(O)cc2CC1,Scientific Literature,Displacement of [3H]SCH 23390 from D1 dopamine receptor,B,Homo sapiens,,J Med Chem,2006.0,Dopamine D1 receptor,Ki,nM,9.41,267.37,3.01
CHEMBL245764,2.0,COc1ccc2c(c1)c1c(n2C)Cc2ccccc2CCN(C)CC1,Scientific Literature,Displacement of [3H]SCH 23390 from human cloned dopamine D1 receptor expressed in HEK 293 cells,B,Homo sapiens,,Bioorg Med Chem Lett,2007.0,Dopamine D1 receptor,Ki,nM,8.7,334.46,3.81
CHEMBL441618,1.9,CN1CCc2ccccc2Cc2[nH]c3ccccc3c2CC1,Scientific Literature,Displacement of [3H]SCH 23390 from human cloned dopamine D1 receptor expressed in HEK 293 cells,B,Homo sapiens,,Bioorg Med Chem Lett,2007.0,Dopamine D1 receptor,Ki,nM,8.72,290.41,3.79
CHEMBL2420895,10000.0,Clc1cccc(N2CCN(Cc3c[nH]c4ccccc34)CC2)c1Cl,Scientific Literature,Displacement of [3H]SCH23390 from human dopamine D1 receptor,B,Homo sapiens,,Bioorg Med Chem Lett,2013.0,Dopamine D1 receptor,Ki,nM,,360.29,4.8
CHEMBL4863832,10000.0,COc1ccc(F)cc1[C@H]1C[C@@H]1CNCCCOc1ccc2ccc(=O)[nH]c2c1,Scientific Literature,Displacement of [3H]-SCH23390 from D1 receptor (unknown origin) expressed in HEK293T cell membranes measured after 2 hrs by microbeta scintillation counting method,B,Homo sapiens,,J Med Chem,2021.0,Dopamine D1 receptor,Ki,nM,,396.46,3.84
CHEMBL24077,56.0,Oc1cc2c(cc1O)[C@@H](c1ccccc1)CNCC2,Scientific Literature,Binding affinity against cloned human Dopamine receptor D1 using [125I]-SCH 23982 as radioligand transfected in HEK cells,B,,,J Med Chem,1995.0,Dopamine D1 receptor,Ki,nM,7.25,255.32,2.38
CHEMBL71,96.0,CN(C)CCCN1c2ccccc2Sc2ccc(Cl)cc21,Scientific Literature,Displacement of [3H]SCH23390 from human dopamine D1 receptor expressed in HEK cells,B,Homo sapiens,,Bioorg Med Chem Lett,2009.0,Dopamine D1 receptor,Ki,nM,7.02,318.87,4.89
CHEMBL4098803,1100.0,COc1ccccc1N1CCN(CCCCOc2ccc3ccnn3c2)CC1,Scientific Literature,Displacement of [3H]SCH23390 from human Dopamine D1 receptor expressed in HEK293T cell membranes after 2 hrs by scintillation counting analysis,B,Homo sapiens,,J Med Chem,2017.0,Dopamine D1 receptor,Ki,nM,5.96,380.49,3.32
CHEMBL212077,12.0,CN1CCN(C2=Nc3cc(Cl)ccc3N(NC(=O)c3ccc(Cl)c(Cl)c3)c3ccccc32)CC1,Scientific Literature,Displacement of [3H]SCH 23390 from human dopamine D1 receptor expressed in CHO cells,B,Homo sapiens,,Bioorg Med Chem Lett,2006.0,Dopamine D1 receptor,Ki,nM,7.92,514.84,5.77
CHEMBL213084,4.0,CN1CCN(C2=Nc3cc(Cl)ccc3N(NC(=O)c3cccc(Cl)c3)c3ccccc32)CC1,Scientific Literature,Displacement of [3H]SCH 23390 from human dopamine D1 receptor expressed in CHO cells,B,Homo sapiens,,Bioorg Med Chem Lett,2006.0,Dopamine D1 receptor,Ki,nM,8.4,480.4,5.12
CHEMBL212844,88.0,CN1CCN(C2=Nc3cc(Cl)ccc3N(NC(=O)c3ccccc3-n3ccnc3)c3ccccc32)CC1,Scientific Literature,Displacement of [3H]SCH 23390 from human dopamine D1 receptor expressed in CHO cells,B,Homo sapiens,,Bioorg Med Chem Lett,2006.0,Dopamine D1 receptor,Ki,nM,7.06,512.02,4.65
CHEMBL405751,30.0,CN1CCN(C2=Nc3cc(Cl)ccc3N(NC(=O)c3cnn(-c4ccccc4)c3C(F)(F)F)c3ccccc32)CC1,Scientific Literature,Displacement of [3H]SCH 23390 from human dopamine D1 receptor expressed in CHO cells,B,Homo sapiens,,Bioorg Med Chem Lett,2006.0,Dopamine D1 receptor,Ki,nM,7.52,580.01,5.67
CHEMBL4456964,930.0,CCCN(CCCCNC(=O)c1ccc2ccccc2c1)CC1CC1c1cc(Cl)ccc1OC.Cl,Scientific Literature,Displacement of [3H]-SCH23390 from recombinant human D1 receptor transiently expressed in HEKT cell membranes measured after 90 mins by microbeta scintillation counting method,B,Homo sapiens,,J Med Chem,2020.0,Dopamine D1 receptor,Ki,nM,6.03,515.53,6.53
CHEMBL4561808,1084.0,CCN(CCCCNC(=O)c1cc2ccccc2[nH]1)CC1CC1c1cc(F)ccc1OC.Cl,Scientific Literature,Displacement of [3H]-SCH23390 from recombinant human D1 receptor transiently expressed in HEKT cell membranes measured after 90 mins by microbeta scintillation counting method,B,Homo sapiens,,J Med Chem,2020.0,Dopamine D1 receptor,Ki,nM,5.96,474.02,4.95
CHEMBL3671289,102.0,Cc1ncnc(C)c1-c1ccc(Oc2nccc3[nH]ccc23)cc1C#N,BindingDB Patent Bioactivity Data,"Receptor Binding Assay: The affinity of the compounds described herein was determined by competition binding assays similar to those described in Ryman-Rasmussen et al., Differential activation of adenylate cyclase and receptor internalization by novel dopamine D1 receptor agonists, Molecular Pharmacology 68(4):1039-1048 (2005). This radioligand binding assay used [3H]-SCH23390, a radiolabeled D1 ligand, to evaluate the ability of a test compound to compete with the radioligand when binding to a D1 receptor. D1 binding assays were performed using over-expressing LTK human cell lines. To determine basic assay parameters, ligand concentrations were determined from saturation binding studies where the Kd for [3H]-SCH23390 was found to be 1.3 nM. From tissue concentration curve studies, the optimal amount of tissue was determined to be 1.75 mg/mL per 96 well plate using 0.5 nM of [3H]-SCH23390. These ligand and tissue concentrations were used in time course studies to determine linearity and equilibrium condition.",B,,,,2014.0,Dopamine D1 receptor,Ki,nM,6.99,341.37,4.3
CHEMBL3639701,53.8,Cc1ncnc(C)c1-c1ccc(Oc2nccc3[nH]ccc23)c(F)c1F,BindingDB Patent Bioactivity Data,"Receptor Binding Assay: The affinity of the compounds described herein was determined by competition binding assays similar to those described in Ryman-Rasmussen et al., Differential activation of adenylate cyclase and receptor internalization by novel dopamine D1 receptor agonists, Molecular Pharmacology 68(4):1039-1048 (2005). This radioligand binding assay used [3H]-SCH23390, a radiolabeled D1 ligand, to evaluate the ability of a test compound to compete with the radioligand when binding to a D1 receptor. D1 binding assays were performed using over-expressing LTK human cell lines. To determine basic assay parameters, ligand concentrations were determined from saturation binding studies where the Kd for [3H]-SCH23390 was found to be 1.3 nM. From tissue concentration curve studies, the optimal amount of tissue was determined to be 1.75 mg/mL per 96 well plate using 0.5 nM of [3H]-SCH23390. These ligand and tissue concentrations were used in time course studies to determine linearity and equilibrium condition.",B,,,,2014.0,Dopamine D1 receptor,Ki,nM,7.27,352.34,4.71
CHEMBL193639,5.2,CN(C)C[C@H]1CC2c3ccccc3Sc3ccc(F)cc3[C@H]2O1,Scientific Literature,Inhibition of [3H]SCH-23390 binding to human Dopamine receptor D1,B,Homo sapiens,,J Med Chem,2005.0,Dopamine D1 receptor,Ki,nM,8.28,329.44,4.47
CHEMBL541559,12.0,Br.Oc1cc2c(c(Br)c1O)CCNCC2c1ccccc1,Scientific Literature,The compound was evaluated for the dissociation constant for inhibiting the binding of [3H]-SCH- 23390 at Dopamine receptor D1,B,Canis lupus familiaris,,J Med Chem,1991.0,Dopamine D1 receptor,Ki,nM,7.92,415.13,3.14
CHEMBL62,1.69,CN1CCc2cc(Cl)c(O)cc2[C@@H](c2ccccc2)C1,Scientific Literature,Displacement of [3H]-SCH-23390 from dopamine D1 receptor (unknown origin) expressed in HEK293 cell membranes incubated for 15 mins by liquid scintillation spectrometry,B,Homo sapiens,,Bioorg Med Chem Lett,2015.0,Dopamine D1 receptor,Ki,nM,8.77,287.79,3.67
CHEMBL3187365,8.9,CN1CC2c3ccccc3Oc3ccc(Cl)cc3C2C1,Scientific Literature,Displacement of [3H]SCH-23390 from human cloned D1 dopamine receptor expressed in HEKT cells incubated for 90 mins by scintillation counting based radioligand binding assay,B,Homo sapiens,,Medchemcomm,2015.0,Dopamine D1 receptor,Ki,nM,8.05,285.77,4.26
CHEMBL437112,10.0,CCOc1csc(C(=O)NN2c3ccc(Cl)cc3N=C(N3CCN(C)CC3)c3ccccc32)c1,Scientific Literature,Displacement of [3H]SCH 23390 from human dopamine D1 receptor expressed in CHO cells,B,Homo sapiens,,Bioorg Med Chem Lett,2006.0,Dopamine D1 receptor,Ki,nM,8.0,496.04,4.92
CHEMBL377756,7.0,CN1CCN(C2=Nc3cc(Cl)ccc3N(NC(=O)c3c(N)cccc3C(F)(F)F)c3ccccc32)CC1,Scientific Literature,Displacement of [3H]SCH 23390 from human dopamine D1 receptor expressed in CHO cells,B,Homo sapiens,,Bioorg Med Chem Lett,2006.0,Dopamine D1 receptor,Ki,nM,8.15,528.97,5.06
CHEMBL378512,65.0,CCOc1ccc2ccccc2c1C(=O)NN1c2ccc(Cl)cc2N=C(N2CCN(C)CC2)c2ccccc21,Scientific Literature,Displacement of [3H]SCH 23390 from human dopamine D1 receptor expressed in CHO cells,B,Homo sapiens,,Bioorg Med Chem Lett,2006.0,Dopamine D1 receptor,Ki,nM,7.19,540.07,6.01
CHEMBL211461,111.0,CN1CCN(C2=Nc3cc(Cl)ccc3N(NC(=O)CCC3CCCC3)c3ccccc32)CC1,Scientific Literature,Displacement of [3H]SCH 23390 from human dopamine D1 receptor expressed in CHO cells,B,Homo sapiens,,Bioorg Med Chem Lett,2006.0,Dopamine D1 receptor,Ki,nM,6.96,466.03,5.12
CHEMBL4453318,2.4,Cc1cc(Oc2nccc3occc23)ccc1-c1c(C)c(=O)[nH]c(=O)n1C,Scientific Literature,Displacement of [3H]-SCH23390 from wild type human D1R expressed in HEK293 cell membranes incubated for 90 mins by scintillation counting based competition radioligand binding assay,B,Homo sapiens,,ACS Med Chem Lett,2019.0,Dopamine D1 receptor,Ki,nM,8.62,363.37,3.29
CHEMBL596179,2070.0,CN1CCCc2cc(O)ccc2Cc2ccccc2C1,Scientific Literature,Displacement of [3H]SCH23390 from human dopamine D1 receptor expressed in CHO cells by scintillation counting,B,Homo sapiens,,Bioorg Med Chem,2009.0,Dopamine D1 receptor,Ki,nM,5.68,267.37,3.36
CHEMBL7927,12000.0,Clc1ccc(N2CCN(Cc3cnn4ccccc34)CC2)cc1,Scientific Literature,Inhibition of human dopamine D1 receptor,B,Homo sapiens,,J Med Chem,2017.0,Dopamine D1 receptor,Ki,nM,4.92,326.83,3.31
CHEMBL591448,10000.0,C#CCOc1cccc2c1-c1cccc3c1[C@@H](C2)N(CCC)CC3,Scientific Literature,Displacement of [3H]SCH23390 from dopamine D1 receptor expressed in HEK293 cells by liquid scintillation counting,B,,,J Med Chem,2010.0,Dopamine D1 receptor,Ki,nM,,317.43,4.23
CHEMBL6437,271.0,CN1CCN2c3ccccc3Cc3ccccc3C2C1,DrugMatrix,DRUGMATRIX: Dopamine D1 radioligand binding (ligand: [3H] SCH-23390),B,,,,,Dopamine D1 receptor,Ki,nM,6.57,264.37,3.08
CHEMBL5416700,31.0,CCCCOc1c(O)cc(Br)c2c1CN1CCc3cc(OCCC)c(O)cc3[C@@H]1C2,Scientific Literature,Displacement of [3H]SCH-23390 from human dopamine D1 receptor assessed as inhibition constant,B,Homo sapiens,,J Med Chem,2023.0,Dopamine D1 receptor,Ki,nM,7.51,476.41,5.48
CHEMBL3752882,1000.0,CCOC(=O)N1CCc2ccccc2Cc2sccc2CC1,Scientific Literature,Displacement of [3H]SCH-23390 from human cloned D1 dopamine receptor incubated for 90 mins by radioligand binding assay,B,Homo sapiens,,Medchemcomm,2015.0,Dopamine D1 receptor,Ki,nM,,315.44,3.9
CHEMBL1949727,10000.0,CN1CCc2ccccc2Cc2[nH]c3ccccc3c2CC1C(=O)O,Scientific Literature,Displacement of [3H]SCH23390 from human dopamine D1 receptor expressed in human HEK293 cells,B,Homo sapiens,,J Med Chem,2011.0,Dopamine D1 receptor,Ki,nM,,334.42,3.24
CHEMBL3287396,240.0,OCc1cc2cc(OCCCCN3CCN(c4cccc(Cl)c4Cl)CC3)ccn2n1,Scientific Literature,Displacement of [3H]SCH23390 from human dopamine D1 receptor expressed in HEK293 cells by competitive binding assay,B,Homo sapiens,,J Med Chem,2014.0,Dopamine D1 receptor,Ki,nM,6.62,449.38,4.11
CHEMBL1672312,5000.0,CCN1CCc2cc(OCCF)cc3c2[C@H]1Cc1cccc(O)c1-3,Scientific Literature,Binding affinity to dopamine D1 receptor low binding site by radioligand displacement assay,B,,,ACS Med Chem Lett,2011.0,Dopamine D1 receptor,Ki,nM,,327.4,3.88
CHEMBL3115576,436.0,O=C(O)C(=O)O.Oc1ccc2c(c1)O[C@@H](CNCc1ccccc1I)CC2,Scientific Literature,Displacement of [3H]SCH23390 from human dopamine D1 receptor transfected in HEK293 cells after 2 hrs by scintillation counting analysis,B,Homo sapiens,,J Med Chem,2014.0,Dopamine D1 receptor,Ki,nM,6.36,485.27,3.48
CHEMBL134807,6165.95,O=C(O)C(=O)O.Oc1ccc2c(c1)O[C@@H](CNCc1ccccc1)CC2,Scientific Literature,Displacement of [3H]SCH23390 from human dopamine D1 receptor transfected in HEK293 cells after 2 hrs by scintillation counting analysis,B,Homo sapiens,,J Med Chem,2014.0,Dopamine D1 receptor,Ki,nM,5.21,359.38,2.88
CHEMBL595489,5.6,COc1cc2c(cc1O)C1Cc3ccc(O)c(OC)c3CN1CC2,Scientific Literature,Displacement of [3H]SCH2390 from human dopamine D1 receptor by PDSP assay,B,Homo sapiens,,Bioorg Med Chem,2016.0,Dopamine D1 receptor,Ki,nM,8.25,327.38,2.77
CHEMBL345349,10000.0,c1ccc2c3c([nH]c2c1)C1CCCCN1CC3,Scientific Literature,Inhibition of binding to human D1 receptor expressed in HEK 293 cells by functional calcium assay,F,Homo sapiens,,J Med Chem,2006.0,Dopamine D1 receptor,Ki,nM,,226.32,3.25
CHEMBL4088639,1200.0,COc1ccccc1N1CCN(CCCC(=O)Nc2ccn3ncc(C=O)c3c2)CC1,Scientific Literature,Displacement of [3H]SCH23390 from human Dopamine D1 receptor expressed in HEK293T cell membranes after 2 hrs by scintillation counting analysis,B,Homo sapiens,,J Med Chem,2017.0,Dopamine D1 receptor,Ki,nM,5.92,421.5,2.7
CHEMBL4102616,8600.0,CCCN(CCCCOc1ccc2ccnn2c1)[C@@H]1CCc2c(O)cccc2C1,Scientific Literature,Displacement of [3H]SCH23390 from human Dopamine D1 receptor expressed in HEK293T cell membranes after 2 hrs by scintillation counting analysis,B,Homo sapiens,,J Med Chem,2017.0,Dopamine D1 receptor,Ki,nM,5.07,393.53,4.47
CHEMBL321042,2.3,CN1CCc2cc(Br)c(O)cc2C(c2ccc(N)cc2)C1,Scientific Literature,Binding affinity against dopamine receptor D1 by using [3H]-SCH- 23390 as radioligand in caudate-putamen of monkey,B,Cercopithecidae,Caudate-putamen,J Med Chem,1991.0,Dopamine D1 receptor,Ki,nM,8.64,347.26,3.36
CHEMBL1814790,0.1,CN1CCc2cc(Cl)c(O)cc2[C@@H](c2ccccc2)C1.O=C(O)/C=C\C(=O)O,Scientific Literature,Displacement of [3H]SCH23390 from human recombinant D1 receptor expressed in CHO cells,B,Homo sapiens,,J Med Chem,2014.0,Dopamine D1 receptor,Ki,nM,10.0,403.86,3.67
CHEMBL1940406,126.0,Fc1ccc(OCCCN2CCC(c3ccc(Cl)cc3)CC2)cc1,Scientific Literature,Displacement of [3H]SCH23390 from human dopamine D1 receptor by PDSP assay,B,Homo sapiens,,Bioorg Med Chem,2014.0,Dopamine D1 receptor,Ki,nM,6.9,347.86,5.13
CHEMBL302393,87.1,CN1Cc2cc(Cl)c(O)cc2[C@H](c2ccccc2)C1,Scientific Literature,Binding potency of compound for Dopamine receptor D1 by displacing [3H]SCH-23390 radioligand,B,,,J Med Chem,1989.0,Dopamine D1 receptor,Ki,nM,7.06,273.76,3.62
CHEMBL540857,4.9,Br.Oc1cc2c(cc1Cl)CCNCC2c1ccccc1,Scientific Literature,Inhibition of [3H]-SCH- 23390 binding to Dopamine receptor D1 from canine striatum,B,Canis lupus familiaris,,J Med Chem,1992.0,Dopamine D1 receptor,Ki,nM,8.31,354.68,3.32
CHEMBL459871,63.1,Oc1ccc2c(c1)CCNCCc1ccccc1C2,Scientific Literature,Displacement of [3H]SCH23390 from human cloned dopamine D1 receptor,B,Homo sapiens,,Bioorg Med Chem Lett,2008.0,Dopamine D1 receptor,Ki,nM,7.2,253.34,2.67
CHEMBL216439,158.49,CN1CCCc2c([nH]c3ccccc23)Cc2ccccc2CC1,Scientific Literature,Displacement of [3H]SCH23390 from human cloned dopamine D1 receptor,B,Homo sapiens,,Bioorg Med Chem Lett,2008.0,Dopamine D1 receptor,Ki,nM,6.8,304.44,4.18
CHEMBL3590077,1300.0,COc1ccccc1N1CCN(CCCCNC(=O)/N=N/c2ccc(F)cc2)CC1,Scientific Literature,Displacement of [3H]SCH23390 from human dopamine D1 receptor expressed in HEK293 cell membranes,B,Homo sapiens,,Bioorg Med Chem,2015.0,Dopamine D1 receptor,Ki,nM,5.89,413.5,4.23
CHEMBL477434,2041.74,O=C1c2ccccc2CCN1CCCCN1CCN(c2ccccn2)CC1,Scientific Literature,Displacement of [3H]SCH23390 from human dopamine D1 receptor,B,Homo sapiens,,Bioorg Med Chem Lett,2009.0,Dopamine D1 receptor,Ki,nM,5.69,364.49,2.68
CHEMBL476393,8709.64,O=C1c2ccccc2CCCN1CCCCN1CCN(c2ncccn2)CC1,Scientific Literature,Displacement of [3H]SCH23390 from human dopamine D1 receptor,B,Homo sapiens,,Bioorg Med Chem Lett,2009.0,Dopamine D1 receptor,Ki,nM,5.06,379.51,2.47
CHEMBL490632,1930.0,COc1c(OCCF)cccc1C(=O)C1CCN(CCc2ccc(C)cc2)CC1,Scientific Literature,Inhibition of human cloned dopamine D1 receptor by competitive binding experiment,B,Homo sapiens,,Bioorg Med Chem,2009.0,Dopamine D1 receptor,Ki,nM,5.71,399.51,4.49
CHEMBL3780506,7.8,CCCOc1ccc2c(c1OC)CN1CCc3cc(OC)c(O)cc3C1C2,Scientific Literature,Displacement of [3H]SCH2390 from human dopamine D1 receptor by PDSP assay,B,Homo sapiens,,Bioorg Med Chem,2016.0,Dopamine D1 receptor,Ki,nM,8.11,369.46,3.85
CHEMBL27559,4300.0,CCCN1CCc2cccc3c2[C@H]1Cc1cccc(O)c1-3,Scientific Literature,Binding affinity to dopamine D1 receptor low binding site by radioligand displacement assay,B,,,ACS Med Chem Lett,2011.0,Dopamine D1 receptor,Ki,nM,5.37,279.38,3.92
CHEMBL4642592,1390.0,CC(=O)N1CCC(c2ccc(-c3cc(C(=O)O)cc4cc(-c5ccc(C(F)(F)F)cc5)ccc34)cc2)CC1,Scientific Literature,Binding affinity to D1 receptor (unknown origin),B,Homo sapiens,,J Med Chem,2021.0,Dopamine D1 receptor,Ki,nM,5.86,517.55,7.62
CHEMBL715,100.0,Cc1cc2c(s1)Nc1ccccc1N=C2N1CCN(C)CC1,Scientific Literature,Binding affinity to dopamine D1 receptor (unknown origin) by PDSP assay,B,Homo sapiens,,Medchemcomm,2012.0,Dopamine D1 receptor,Ki,nM,7.0,312.44,3.44
CHEMBL184050,3.2,CN1CCOc2cc(O)ccc2Cc2ccccc2CC1,Scientific Literature,Binding affinity for human recombinant dopamine receptor D1,B,Homo sapiens,,J Med Chem,2004.0,Dopamine D1 receptor,Ki,nM,8.49,283.37,2.85
CHEMBL185875,2621.0,OC(c1ccccc1)c1ccccc1OCCN1CCCC1,Scientific Literature,Binding affinity for human recombinant dopamine receptor D1,B,Homo sapiens,,J Med Chem,2004.0,Dopamine D1 receptor,Ki,nM,5.58,297.4,3.24
CHEMBL184724,1676.0,CC1CN(CCOc2ccccc2Cc2ccccc2)CCO1,Scientific Literature,Binding affinity for human recombinant dopamine receptor D1,B,Homo sapiens,,J Med Chem,2004.0,Dopamine D1 receptor,Ki,nM,5.78,311.42,3.38
CHEMBL276778,18.5,COc1ccc2c(c1)CCN(C)CCCc1ccccc1C2,Scientific Literature,Displacement of [3H]SCH 23390 from human dopamine D1 receptor,B,Homo sapiens,,J Med Chem,2007.0,Dopamine D1 receptor,Ki,nM,7.73,295.43,3.71
CHEMBL2335736,2.0,COc1cc2c(cc1O)[C@H]1C[C@@](O)(c3ccc(OC(F)(F)F)cc3)CCN1CC2,Scientific Literature,Displacement of [3H]SCH23390 from dopamine D1 receptor (unknown origin) expressed in CHO cell membranes after 60 mins,B,Homo sapiens,,Bioorg Med Chem Lett,2013.0,Dopamine D1 receptor,Ki,nM,8.7,409.4,3.88
CHEMBL294012,898.0,CN1CCc2cc(Cl)c(O)cc2[C@H]2c3ccccc3CC[C@H]21,Scientific Literature,Binding affinity to displace [3H]-SCH- 23390 against Dopamine receptor D1,B,,,J Med Chem,1990.0,Dopamine D1 receptor,Ki,nM,6.05,313.83,3.98
CHEMBL59603,281.84,Oc1cc2c(cc1Cl)CNC[C@H]2c1ccccc1,Scientific Literature,Binding potency of compound for Dopamine receptor D1 by displacing [3H]SCH-23390 radioligand,B,,,J Med Chem,1989.0,Dopamine D1 receptor,Ki,nM,6.55,259.74,3.28
CHEMBL1159663,4900.0,CCCN(CCc1ccc(C)cc1)[C@@H]1CCc2c(O)cccc2C1,Scientific Literature,Binding affinity against dopamine receptor D1 by using [3H]-SCH- 23390 as radioligand in caudate-putamen of monkey,B,Cercopithecidae,Caudate-putamen,J Med Chem,1991.0,Dopamine D1 receptor,Ki,nM,5.31,323.48,4.51
CHEMBL203047,10.8,CN1CCc2ccccc2Cc2cc(O)c(Cl)cc2CC1,Scientific Literature,Inhibition of D1 dopamine receptor in HEK 293 cells by intracellular calcium assay,F,Homo sapiens,,J Med Chem,2006.0,Dopamine D1 receptor,Ki,nM,7.97,301.82,3.67
CHEMBL381102,10000.0,O=C1CCCC(c2ccccc2)O1,Scientific Literature,Inhibition of binding to human D1 receptor expressed in HEK 293 cells by functional calcium assay,F,Homo sapiens,,J Med Chem,2006.0,Dopamine D1 receptor,Ki,nM,,176.21,2.45
CHEMBL3905947,2.3,CCCCOc1c(O)cc(Br)c2c1CN1CCc3cc(OC)c(O)cc3[C@@H]1C2,Scientific Literature,Displacement of [3H]SCH23390 from human D1 receptor expressed in HEKT cell membranes after 90 mins by microbeta scintillation counting method,B,Homo sapiens,,Eur J Med Chem,2017.0,Dopamine D1 receptor,Ki,nM,8.64,448.36,4.7
CHEMBL3084503,1710.0,O[C@@]1(c2ccc(Cl)c(Cl)c2)C[C@H]2CC[C@@H](C1)N2Cc1c[nH]c2ccccc12,Scientific Literature,Displacement of [3H]SCH23390 from dopamine D1 receptor,B,,,J Med Chem,2008.0,Dopamine D1 receptor,Ki,nM,5.77,401.34,5.49
CHEMBL4633950,144.6,COc1cc2c(cc1O)C(c1c(Cl)cccc1Cl)CN(C)CC2,Scientific Literature,Displacement of [3H]SCH23390 from dopamine D1 receptor (unknown origin),B,Homo sapiens,,Bioorg Med Chem Lett,2020.0,Dopamine D1 receptor,Ki,nM,6.84,352.26,4.33
CHEMBL596448,183.0,COc1ccc2c(c1)CCN1Cc3ccccc3CC21,Scientific Literature,Displacement of [3H]SCH23390 from human dopamine D1 receptor expressed in CHO cells by scintillation counting,B,Homo sapiens,,Bioorg Med Chem,2009.0,Dopamine D1 receptor,Ki,nM,6.74,265.36,3.35
CHEMBL4744811,100000.0,C[C@H]1CO[C@@H](c2ccc(N)nc2)CN1CC[C@H]1CC[C@H](NC(=O)c2cc3ccccc3[nH]2)CC1,Scientific Literature,Displacement of [3H]-SCH23390 from human D1 receptor expressed in HEK293 cells after 60 mins by microbeta counting based assay,B,Homo sapiens,,ACS Med Chem Lett,2020.0,Dopamine D1 receptor,Ki,nM,,461.61,4.29
CHEMBL4855891,1970.0,COc1cc2c(cc1O)CN(Cc1ccccc1CNC(=O)c1ccc(I)c(OC)c1)CC2,Scientific Literature,Displacement of [3H]SCH23390 from dopamine D1 receptor (unknown origin),B,Homo sapiens,,Bioorg Med Chem Lett,2021.0,Dopamine D1 receptor,Ki,nM,5.71,558.42,4.5
CHEMBL516580,31.0,CCCCCCC(=O)Oc1cccc2c1-c1cccc3c1[C@@H](C2)N(CCC)CC3,Scientific Literature,Displacement of [3H]8OH-DPAT from human dopamine D1 receptor expressed in HEK293 cells,B,Homo sapiens,,Bioorg Med Chem,2008.0,Dopamine D1 receptor,Ki,nM,7.51,391.56,6.09
CHEMBL569270,10000.0,CNc1cc(-c2csc(N(C)C(=O)c3ccc(F)cc3)n2)ncn1,Scientific Literature,Binding affinity to human dopamine D1 receptor by PDSP assay,B,Homo sapiens,,J Med Chem,2013.0,Dopamine D1 receptor,Ki,nM,,343.39,3.06
CHEMBL3671279,4.87,Cc1cc(Oc2nccc3[nH]ccc23)ccc1-c1c(C)n[nH]c(=O)c1C,BindingDB Patent Bioactivity Data,"Receptor Binding Assay: The affinity of the compounds described herein was determined by competition binding assays similar to those described in Ryman-Rasmussen et al., Differential activation of adenylate cyclase and receptor internalization by novel dopamine D1 receptor agonists, Molecular Pharmacology 68(4):1039-1048 (2005). This radioligand binding assay used [3H]-SCH23390, a radiolabeled D1 ligand, to evaluate the ability of a test compound to compete with the radioligand when binding to a D1 receptor. D1 binding assays were performed using over-expressing LTK human cell lines. To determine basic assay parameters, ligand concentrations were determined from saturation binding studies where the Kd for [3H]-SCH23390 was found to be 1.3 nM. From tissue concentration curve studies, the optimal amount of tissue was determined to be 1.75 mg/mL per 96 well plate using 0.5 nM of [3H]-SCH23390. These ligand and tissue concentrations were used in time course studies to determine linearity and equilibrium condition.",B,,,,2014.0,Dopamine D1 receptor,Ki,nM,8.31,346.39,4.03
CHEMBL1806871,2400.0,CCCN1CCc2cccc3c2[C@H]1Cc1cccc(OC(=O)NCc2ccccc2)c1-3,Scientific Literature,Displacement of [3H]SCH23390 from dopamine D1 receptor expressed in HEK293 cells after 50 mins by beta liquid scintillation counter,B,,,J Med Chem,2011.0,Dopamine D1 receptor,Ki,nM,5.62,412.53,5.51
CHEMBL3697595,13.4,COc1ccnc(Oc2ccc(-c3c(C)n[nH]c(=O)c3C)c(C)c2)c1C(F)F,BindingDB Patent Bioactivity Data,"Competition Binding Assay: The affinity of the compounds described herein was determined by competition binding assays similar to those described in Ryman-Rasmussen et al., Differential activation of adenylate cyclase and receptor internalization by novel dopamine D1 receptor agonists, Molecular Pharmacology 68(4):1039-1048 (2005). This radioligand binding assay used [3H]-SCH23390, a radiolabeled D1 ligand, to evaluate the ability of a test compound to compete with the radioligand when binding to a D1 receptor.D1 binding assays were performed using over-expressing LTK human cell lines. To determine basic assay parameters, ligand concentrations were determined from saturation binding studies where the Kd for [3H]-SCH23390 was found to be 1.3 nM. From tissue concentration curve studies, the optimal amount of tissue was determined to be 1.75 mg/mL per 96 well plate using 0.5 nM of [3H]-SCH23390. These ligand and tissue concentrations were used in time course studies to determine linearity and equilibrium.",B,,,,2015.0,Dopamine D1 receptor,Ki,nM,7.87,387.39,4.5
CHEMBL3697571,31.1,Cc1cc(Oc2ncccc2C(C)C)ccc1-c1c(C)c(=O)[nH]c(=O)n1C,BindingDB Patent Bioactivity Data,"Competition Binding Assay: The affinity of the compounds described herein was determined by competition binding assays similar to those described in Ryman-Rasmussen et al., Differential activation of adenylate cyclase and receptor internalization by novel dopamine D1 receptor agonists, Molecular Pharmacology 68(4):1039-1048 (2005). This radioligand binding assay used [3H]-SCH23390, a radiolabeled D1 ligand, to evaluate the ability of a test compound to compete with the radioligand when binding to a D1 receptor.D1 binding assays were performed using over-expressing LTK human cell lines. To determine basic assay parameters, ligand concentrations were determined from saturation binding studies where the Kd for [3H]-SCH23390 was found to be 1.3 nM. From tissue concentration curve studies, the optimal amount of tissue was determined to be 1.75 mg/mL per 96 well plate using 0.5 nM of [3H]-SCH23390. These ligand and tissue concentrations were used in time course studies to determine linearity and equilibrium.",B,,,,2015.0,Dopamine D1 receptor,Ki,nM,7.51,365.43,3.67
CHEMBL3671292,5.09,Cc1ncnc(N2CC(F)C2)c1-c1ccc(Oc2nccc3[nH]ccc23)cc1F,BindingDB Patent Bioactivity Data,"Receptor Binding Assay: The affinity of the compounds described herein was determined by competition binding assays similar to those described in Ryman-Rasmussen et al., Differential activation of adenylate cyclase and receptor internalization by novel dopamine D1 receptor agonists, Molecular Pharmacology 68(4):1039-1048 (2005). This radioligand binding assay used [3H]-SCH23390, a radiolabeled D1 ligand, to evaluate the ability of a test compound to compete with the radioligand when binding to a D1 receptor. D1 binding assays were performed using over-expressing LTK human cell lines. To determine basic assay parameters, ligand concentrations were determined from saturation binding studies where the Kd for [3H]-SCH23390 was found to be 1.3 nM. From tissue concentration curve studies, the optimal amount of tissue was determined to be 1.75 mg/mL per 96 well plate using 0.5 nM of [3H]-SCH23390. These ligand and tissue concentrations were used in time course studies to determine linearity and equilibrium condition.",B,,,,2014.0,Dopamine D1 receptor,Ki,nM,8.29,393.4,4.42
CHEMBL3671293,10.6,Cc1cc(Oc2nccc3[nH]ccc23)ccc1-c1c(C)ncc(=O)n1C,BindingDB Patent Bioactivity Data,"Receptor Binding Assay: The affinity of the compounds described herein was determined by competition binding assays similar to those described in Ryman-Rasmussen et al., Differential activation of adenylate cyclase and receptor internalization by novel dopamine D1 receptor agonists, Molecular Pharmacology 68(4):1039-1048 (2005). This radioligand binding assay used [3H]-SCH23390, a radiolabeled D1 ligand, to evaluate the ability of a test compound to compete with the radioligand when binding to a D1 receptor. D1 binding assays were performed using over-expressing LTK human cell lines. To determine basic assay parameters, ligand concentrations were determined from saturation binding studies where the Kd for [3H]-SCH23390 was found to be 1.3 nM. From tissue concentration curve studies, the optimal amount of tissue was determined to be 1.75 mg/mL per 96 well plate using 0.5 nM of [3H]-SCH23390. These ligand and tissue concentrations were used in time course studies to determine linearity and equilibrium condition.",B,,,,2014.0,Dopamine D1 receptor,Ki,nM,7.97,346.39,3.73
CHEMBL3671274,9.76,Cc1cc(Oc2nccc3n[nH]cc23)ccc1-c1c(C)n[nH]c(=O)c1C,BindingDB Patent Bioactivity Data,"Receptor Binding Assay: The affinity of the compounds described herein was determined by competition binding assays similar to those described in Ryman-Rasmussen et al., Differential activation of adenylate cyclase and receptor internalization by novel dopamine D1 receptor agonists, Molecular Pharmacology 68(4):1039-1048 (2005). This radioligand binding assay used [3H]-SCH23390, a radiolabeled D1 ligand, to evaluate the ability of a test compound to compete with the radioligand when binding to a D1 receptor. D1 binding assays were performed using over-expressing LTK human cell lines. To determine basic assay parameters, ligand concentrations were determined from saturation binding studies where the Kd for [3H]-SCH23390 was found to be 1.3 nM. From tissue concentration curve studies, the optimal amount of tissue was determined to be 1.75 mg/mL per 96 well plate using 0.5 nM of [3H]-SCH23390. These ligand and tissue concentrations were used in time course studies to determine linearity and equilibrium condition.",B,,,,2014.0,Dopamine D1 receptor,Ki,nM,8.01,347.38,3.43
CHEMBL5206565,1380.38,N/C(=N\C(=O)NCc1ccccc1)NCCCc1nnc(N)s1.O=C(O)C(F)(F)F.O=C(O)C(F)(F)F,Scientific Literature,Displacement of [3H]SCH23390 from human D1 receptor stably expressed in HEK293T cells co-expressing luciferase and CEK incubated for 60 mins by scintillation counting analysis,B,Homo sapiens,,J Med Chem,2021.0,Dopamine D1 receptor,Ki,nM,5.86,561.47,0.87
CHEMBL1949728,10.3,CN1CCc2ccccc2Cc2[nH]c3ccccc3c2C[C@@H]1CO,Scientific Literature,Displacement of [3H]SCH23390 from human dopamine D1 receptor expressed in human HEK293 cells,B,Homo sapiens,,J Med Chem,2011.0,Dopamine D1 receptor,Ki,nM,7.99,320.44,3.15
CHEMBL4852403,35.0,CN1CC=C(C2=Nc3cc(Cl)ccc3Nc3ccc(F)cc32)CC1,Scientific Literature,Antagonist activity at human D1 receptor expressed in CHO cells assessed as inhibition of dopamine-induced calcium accumulation,F,Homo sapiens,,Bioorg Med Chem Lett,2021.0,Dopamine D1 receptor,Ki,nM,7.46,341.82,4.92
CHEMBL4873426,95.0,Cc1ccc2c(c1)N=C(C1=CCN(C)CC1)c1cc(F)ccc1N2,Scientific Literature,Antagonist activity at human D1 receptor expressed in CHO cells assessed as inhibition of dopamine-induced calcium accumulation,F,Homo sapiens,,Bioorg Med Chem Lett,2021.0,Dopamine D1 receptor,Ki,nM,7.02,321.4,4.57
CHEMBL111532,710.0,CCCN(CCc1ccc(N)cc1)C1CCc2c(O)cccc2C1,Scientific Literature,Binding affinity against dopamine receptor D1 by using [3H]-SCH- 23390 as radioligand in caudate-putamen of monkey,B,Cercopithecidae,Caudate-putamen,J Med Chem,1991.0,Dopamine D1 receptor,Ki,nM,6.15,324.47,3.79
CHEMBL317741,20.0,C=CCN1CCc2c(cc(O)c(O)c2Cl)[C@@H](c2ccccc2)C1,Scientific Literature,Affinity towards Dopamine receptor D1,B,Cercopithecidae,,J Med Chem,1998.0,Dopamine D1 receptor,Ki,nM,7.7,329.83,3.93
CHEMBL322760,5.3,CN1CCc2cc(Br)c(O)cc2C(c2ccc(Nc3ccc([N+](=O)[O-])c4nonc34)cc2)C1,Scientific Literature,Binding affinity against dopamine receptor D1 by using [3H]-SCH- 23390 as radioligand in caudate-putamen of monkey,B,Cercopithecidae,Caudate-putamen,J Med Chem,1991.0,Dopamine D1 receptor,Ki,nM,8.28,510.35,4.96
CHEMBL517349,1445.44,O=C1c2ccccc2CCN1CCCN1CCN(c2cccc(Cl)c2Cl)CC1,Scientific Literature,Displacement of [3H]SCH23390 from human dopamine D1 receptor,B,Homo sapiens,,Bioorg Med Chem Lett,2009.0,Dopamine D1 receptor,Ki,nM,5.84,418.37,4.2
CHEMBL281932,65.0,Oc1cc2c(cc1O)[C@H]1c3cccnc3CN[C@@H]1CC2,Scientific Literature,Binding affinity to Dopamine receptor D1 by using radioligand [125I]SCH-23982 in HEK cells,B,,,Bioorg Med Chem Lett,1999.0,Dopamine D1 receptor,Ki,nM,7.19,268.32,2.04
CHEMBL3671305,41.8,Cc1cc(Oc2nccc3n[nH]cc23)ccc1-c1c(C)ncc(=O)n1C,BindingDB Patent Bioactivity Data,"Receptor Binding Assay: The affinity of the compounds described herein was determined by competition binding assays similar to those described in Ryman-Rasmussen et al., Differential activation of adenylate cyclase and receptor internalization by novel dopamine D1 receptor agonists, Molecular Pharmacology 68(4):1039-1048 (2005). This radioligand binding assay used [3H]-SCH23390, a radiolabeled D1 ligand, to evaluate the ability of a test compound to compete with the radioligand when binding to a D1 receptor. D1 binding assays were performed using over-expressing LTK human cell lines. To determine basic assay parameters, ligand concentrations were determined from saturation binding studies where the Kd for [3H]-SCH23390 was found to be 1.3 nM. From tissue concentration curve studies, the optimal amount of tissue was determined to be 1.75 mg/mL per 96 well plate using 0.5 nM of [3H]-SCH23390. These ligand and tissue concentrations were used in time course studies to determine linearity and equilibrium condition.",B,,,,2014.0,Dopamine D1 receptor,Ki,nM,7.38,347.38,3.13
CHEMBL597702,0.7,CN1CCc2cc(Cl)c(O)cc2[C@@H](c2ccc(CN(Cc3ccccc3)c3ccc(F)cc3F)cc2)C1,Scientific Literature,Binding affinity to dopamine D1 receptor,B,,,Bioorg Med Chem Lett,2010.0,Dopamine D1 receptor,Ki,nM,9.15,519.04,7.15
CHEMBL597909,0.5,CN1CCc2cc(Cl)c(O)cc2[C@H]2c3ccc(NS(C)(=O)=O)cc3CC[C@@H]21,Scientific Literature,Binding affinity to dopamine D1 receptor,B,,,Bioorg Med Chem Lett,2010.0,Dopamine D1 receptor,Ki,nM,9.3,406.94,3.35
CHEMBL600986,0.7,CCS(=O)(=O)Nc1ccc2c(c1)CC[C@H]1[C@H]2c2cc(O)c(Cl)cc2CCN1C,Scientific Literature,Binding affinity to dopamine D1 receptor,B,,,Bioorg Med Chem Lett,2010.0,Dopamine D1 receptor,Ki,nM,9.15,420.96,3.74
CHEMBL3697617,21.0,Cc1cc(Oc2ncccc2C(F)(F)F)ccc1-c1c(C)c(=O)[nH]c(=O)n1C,BindingDB Patent Bioactivity Data,"Competition Binding Assay: The affinity of the compounds described herein was determined by competition binding assays similar to those described in Ryman-Rasmussen et al., Differential activation of adenylate cyclase and receptor internalization by novel dopamine D1 receptor agonists, Molecular Pharmacology 68(4):1039-1048 (2005). This radioligand binding assay used [3H]-SCH23390, a radiolabeled D1 ligand, to evaluate the ability of a test compound to compete with the radioligand when binding to a D1 receptor.D1 binding assays were performed using over-expressing LTK human cell lines. To determine basic assay parameters, ligand concentrations were determined from saturation binding studies where the Kd for [3H]-SCH23390 was found to be 1.3 nM. From tissue concentration curve studies, the optimal amount of tissue was determined to be 1.75 mg/mL per 96 well plate using 0.5 nM of [3H]-SCH23390. These ligand and tissue concentrations were used in time course studies to determine linearity and equilibrium.",B,,,,2015.0,Dopamine D1 receptor,Ki,nM,7.68,391.35,3.56
CHEMBL4091064,250.0,N#Cc1cnn2ccc(NC(=O)CCCN3CCN(c4cccc(Cl)c4Cl)CC3)cc12,Scientific Literature,Displacement of [3H]SCH23390 from human Dopamine D1 receptor expressed in HEK293T cell membranes after 2 hrs by scintillation counting analysis,B,Homo sapiens,,J Med Chem,2017.0,Dopamine D1 receptor,Ki,nM,6.6,457.37,4.05
CHEMBL213201,64.0,CN1CCN(C2=Nc3ccccc3N(NC(=O)c3ccc(C#N)cc3)c3ccc(Cl)cc32)CC1,Scientific Literature,Displacement of [3H]SCH 23390 from dopamine D1 receptor expressed in CHO cells,B,Homo sapiens,,Bioorg Med Chem Lett,2006.0,Dopamine D1 receptor,Ki,nM,7.19,470.96,4.33
CHEMBL377564,886.0,O=C(NN1c2ccc(Cl)cc2N=C(N2CCN(Cc3ccc(F)cc3F)CC2)c2ccccc21)c1ccccc1Cl,Scientific Literature,Displacement of [3H]SCH 23390 from dopamine D1 receptor expressed in CHO cells,B,Homo sapiens,,Bioorg Med Chem Lett,2006.0,Dopamine D1 receptor,Ki,nM,6.05,592.48,6.96
CHEMBL379593,191.0,CC(C)N1CCN(C2=Nc3cc(Cl)ccc3N(NC(=O)c3ccccc3Cl)c3ccccc32)CC1,Scientific Literature,Displacement of [3H]SCH 23390 from dopamine D1 receptor expressed in CHO cells,B,Homo sapiens,,Bioorg Med Chem Lett,2006.0,Dopamine D1 receptor,Ki,nM,6.72,508.45,5.89
CHEMBL437917,49.0,CN1CCN(C2=Nc3cc(Cl)ccc3N(NC(=O)c3ccc(F)cc3C(F)(F)F)c3ccccc32)CC1,Scientific Literature,Displacement of [3H]SCH 23390 from dopamine D1 receptor expressed in CHO cells,B,Homo sapiens,,Bioorg Med Chem Lett,2006.0,Dopamine D1 receptor,Ki,nM,7.31,531.94,5.62
CHEMBL384269,16.0,CN1CCN(C2=Nc3cc(Cl)ccc3N(NC(=O)c3cccc(F)c3F)c3ccccc32)CC1,Scientific Literature,Displacement of [3H]SCH 23390 from dopamine D1 receptor expressed in CHO cells,B,Homo sapiens,,Bioorg Med Chem Lett,2006.0,Dopamine D1 receptor,Ki,nM,7.8,481.93,4.74
CHEMBL212905,62.0,CN1CCN(C2=Nc3cc(Cl)ccc3N(NC(=O)c3cccc(C#N)c3)c3ccccc32)CC1,Scientific Literature,Displacement of [3H]SCH 23390 from dopamine D1 receptor expressed in CHO cells,B,Homo sapiens,,Bioorg Med Chem Lett,2006.0,Dopamine D1 receptor,Ki,nM,7.21,470.96,4.33
CHEMBL229429,10000.0,N#Cc1cc(F)cc(C#Cc2csc(CF)n2)c1,Scientific Literature,Displacement of [3H]SCH-23390 from dopamine D1 receptor,B,Homo sapiens,,J Med Chem,2007.0,Dopamine D1 receptor,Ki,nM,,260.27,3.02
CHEMBL4566600,2150.8,Cc1c(C(=O)O)cc(-c2ccc(C3CCNCC3)cc2)c2ccc(-c3ccc(C(F)(F)F)cc3)cc12,SGC Frankfurt - Donated Chemical Probes,GPCRScan assay: inhibition of D1,B,Homo sapiens,,,2021.0,Dopamine D1 receptor,Ki,nM,5.67,489.54,7.67
CHEMBL197656,8550.0,COc1ccccc1-c1cc2c(=O)n(CCN3CCN(c4ccccc4Cl)CC3)c(=O)[nH]c2[nH]1,Scientific Literature,Binding affinity to dopamine D1 receptor,B,Homo sapiens,,Bioorg Med Chem Lett,2006.0,Dopamine D1 receptor,Ki,nM,5.07,479.97,3.17
CHEMBL4745071,2151.0,Cc1c(C(=O)O)cc(-c2ccc(C3CCNCC3)cc2)c2ccc(-c3ccc(C(F)(F)F)cc3)cc12.Cl,EUbOPEN Chemogenomic Library Literature Data,Selectivity interaction (GPCR panel (PDSP screen)) EUB0000337aCl DRD1,B,Homo sapiens,,,2023.0,Dopamine D1 receptor,Ki,nM,5.67,526.0,7.67
CHEMBL1627309,4960.0,CCCOc1ccccc1N1CCN(CC(O)CCNC(=O)c2cc3ccccc3[nH]2)CC1,Scientific Literature,Displacement of [3H]SCH23390 from D1 receptor,B,,,J Med Chem,2009.0,Dopamine D1 receptor,Ki,nM,5.3,450.58,3.26
CHEMBL405355,370.43,COC(=O)C1=C(C)NC(C)=C(C(=O)OCCCN2CCC(c3ccccc3)(c3ccccc3)CC2)[C@H]1c1cccc([N+](=O)[O-])c1,EUbOPEN Chemogenomic Library,"PDSP Secondary Binding target: DRD1 - Compounds are tested at 10 uM concentration, plate are incubated at room temperature in the dark for 90 minutes. Reaction are stopped by vacuum filtration onto 0.3% polyethyleneimine soaked filter mats using Filtermate harvester. Scintillation cocktail is then melted onto microwave-dried filters on a hot plate and the radio activity is counted in Microbia counter. Compounds showing a minimum of 50% inhibition at 10 uM concentration are carried forward in this secondary binding assay to determine equilibrium binding affinity.",B,Homo sapiens,,,2024.0,Dopamine D1 receptor,Ki,nM,6.43,609.72,6.02
CHEMBL4464060,100000.0,CCCN1CC(c2ccc(N)nc2)OC[C@@H]1C,Scientific Literature,Displacement of [3H]-SCH23390 from human D1 receptor expressed in HEK293 cells after 60 mins by microbeta counting based assay,B,Homo sapiens,,ACS Med Chem Lett,2020.0,Dopamine D1 receptor,Ki,nM,,235.33,1.84
CHEMBL3671287,15.9,Cc1ncc2nccn2c1-c1ccc(Oc2nccc3[nH]ccc23)cc1,BindingDB Patent Bioactivity Data,"Receptor Binding Assay: The affinity of the compounds described herein was determined by competition binding assays similar to those described in Ryman-Rasmussen et al., Differential activation of adenylate cyclase and receptor internalization by novel dopamine D1 receptor agonists, Molecular Pharmacology 68(4):1039-1048 (2005). This radioligand binding assay used [3H]-SCH23390, a radiolabeled D1 ligand, to evaluate the ability of a test compound to compete with the radioligand when binding to a D1 receptor. D1 binding assays were performed using over-expressing LTK human cell lines. To determine basic assay parameters, ligand concentrations were determined from saturation binding studies where the Kd for [3H]-SCH23390 was found to be 1.3 nM. From tissue concentration curve studies, the optimal amount of tissue was determined to be 1.75 mg/mL per 96 well plate using 0.5 nM of [3H]-SCH23390. These ligand and tissue concentrations were used in time course studies to determine linearity and equilibrium condition.",B,,,,2014.0,Dopamine D1 receptor,Ki,nM,7.8,341.37,4.37
CHEMBL3671290,54.8,Cc1ncnc(C)c1-c1cc(F)c(Oc2nccc3[nH]ccc23)cc1F,BindingDB Patent Bioactivity Data,"Receptor Binding Assay: The affinity of the compounds described herein was determined by competition binding assays similar to those described in Ryman-Rasmussen et al., Differential activation of adenylate cyclase and receptor internalization by novel dopamine D1 receptor agonists, Molecular Pharmacology 68(4):1039-1048 (2005). This radioligand binding assay used [3H]-SCH23390, a radiolabeled D1 ligand, to evaluate the ability of a test compound to compete with the radioligand when binding to a D1 receptor. D1 binding assays were performed using over-expressing LTK human cell lines. To determine basic assay parameters, ligand concentrations were determined from saturation binding studies where the Kd for [3H]-SCH23390 was found to be 1.3 nM. From tissue concentration curve studies, the optimal amount of tissue was determined to be 1.75 mg/mL per 96 well plate using 0.5 nM of [3H]-SCH23390. These ligand and tissue concentrations were used in time course studies to determine linearity and equilibrium condition.",B,,,,2014.0,Dopamine D1 receptor,Ki,nM,7.26,352.34,4.71
CHEMBL3671294,35.7,Cc1cc(Oc2nccc3[nH]ccc23)ccc1-c1cn[nH]c(=O)c1C,BindingDB Patent Bioactivity Data,"Receptor Binding Assay: The affinity of the compounds described herein was determined by competition binding assays similar to those described in Ryman-Rasmussen et al., Differential activation of adenylate cyclase and receptor internalization by novel dopamine D1 receptor agonists, Molecular Pharmacology 68(4):1039-1048 (2005). This radioligand binding assay used [3H]-SCH23390, a radiolabeled D1 ligand, to evaluate the ability of a test compound to compete with the radioligand when binding to a D1 receptor. D1 binding assays were performed using over-expressing LTK human cell lines. To determine basic assay parameters, ligand concentrations were determined from saturation binding studies where the Kd for [3H]-SCH23390 was found to be 1.3 nM. From tissue concentration curve studies, the optimal amount of tissue was determined to be 1.75 mg/mL per 96 well plate using 0.5 nM of [3H]-SCH23390. These ligand and tissue concentrations were used in time course studies to determine linearity and equilibrium condition.",B,,,,2014.0,Dopamine D1 receptor,Ki,nM,7.45,332.36,3.72
CHEMBL106622,5000.0,CCCN1CCc2cc(F)cc3c2[C@H]1Cc1ccc(O)c(O)c1-3,Scientific Literature,Binding affinity to dopamine D1 receptor low binding site by radioligand displacement assay,B,,,ACS Med Chem Lett,2011.0,Dopamine D1 receptor,Ki,nM,,313.37,3.77
CHEMBL544114,5.0,Br.C=CCN1CCc2c(cc(O)c(O)c2Br)C(c2ccccc2)C1,Scientific Literature,The compound was evaluated for the dissociation constant for inhibiting the binding of [3H]-SCH- 23390 at dopamine receptor D1,B,Canis lupus familiaris,,J Med Chem,1991.0,Dopamine D1 receptor,Ki,nM,8.3,455.19,4.04
CHEMBL4470439,1423.0,CCCN(CCCCNC(=O)c1ccc(-c2ccccn2)cc1)CC1CC1c1ccc(C(F)(F)F)cc1.Cl,Scientific Literature,Displacement of [3H]-SCH23390 from recombinant human D1 receptor transiently expressed in HEKT cell membranes measured after 90 mins by microbeta scintillation counting method,B,Homo sapiens,,J Med Chem,2020.0,Dopamine D1 receptor,Ki,nM,5.85,546.08,6.79
CHEMBL4469584,509.0,CCCN(CCCCNC(=O)c1ccc2ccccc2c1)CC1CC1c1ccc(Cl)cc1.Cl,Scientific Literature,Displacement of [3H]-SCH23390 from recombinant human D1 receptor transiently expressed in HEKT cell membranes measured after 90 mins by microbeta scintillation counting method,B,Homo sapiens,,J Med Chem,2020.0,Dopamine D1 receptor,Ki,nM,6.29,485.5,6.52
CHEMBL4475699,636.0,COc1ccc(Cl)cc1C1CC1CN(CCCSc1nnc(-c2ccccc2)n1C)CC1CC1.Cl,Scientific Literature,Displacement of [3H]-SCH23390 from recombinant human D1 receptor transiently expressed in HEKT cell membranes measured after 90 mins by microbeta scintillation counting method,B,Homo sapiens,,J Med Chem,2020.0,Dopamine D1 receptor,Ki,nM,6.2,533.57,6.14
CHEMBL409662,3360.0,CCC1(CCCCN2CCN(c3ccc(Cl)cc3)CC2)C(=O)Nc2cc(F)ccc21,Scientific Literature,Inhibition of dopamine D1 receptor,B,,,J Med Chem,2008.0,Dopamine D1 receptor,Ki,nM,5.47,429.97,5.07
CHEMBL324017,0.3,CN1CCc2cc(Br)c(O)cc2C(c2ccccc2)C1,Scientific Literature,Binding affinity against dopamine receptor D1 by using [3H]-SCH- 23390 as radioligand in caudate-putamen of monkey,B,Cercopithecidae,Caudate-putamen,J Med Chem,1991.0,Dopamine D1 receptor,Ki,nM,9.52,332.24,3.77
CHEMBL3697624,12.9,Cc1c(-c2ccc(Oc3ncccc3C(F)(F)F)c3[nH]ccc23)n(C)c(=O)[nH]c1=O,BindingDB Patent Bioactivity Data,"Competition Binding Assay: The affinity of the compounds described herein was determined by competition binding assays similar to those described in Ryman-Rasmussen et al., Differential activation of adenylate cyclase and receptor internalization by novel dopamine D1 receptor agonists, Molecular Pharmacology 68(4):1039-1048 (2005). This radioligand binding assay used [3H]-SCH23390, a radiolabeled D1 ligand, to evaluate the ability of a test compound to compete with the radioligand when binding to a D1 receptor.D1 binding assays were performed using over-expressing LTK human cell lines. To determine basic assay parameters, ligand concentrations were determined from saturation binding studies where the Kd for [3H]-SCH23390 was found to be 1.3 nM. From tissue concentration curve studies, the optimal amount of tissue was determined to be 1.75 mg/mL per 96 well plate using 0.5 nM of [3H]-SCH23390. These ligand and tissue concentrations were used in time course studies to determine linearity and equilibrium.",B,,,,2015.0,Dopamine D1 receptor,Ki,nM,7.89,416.36,3.74
CHEMBL3697567,120.0,COc1cc(Oc2ccc(-c3c(C)c(=O)[nH]c(=O)n3C)c(C)c2)ncc1F,BindingDB Patent Bioactivity Data,"Competition Binding Assay: The affinity of the compounds described herein was determined by competition binding assays similar to those described in Ryman-Rasmussen et al., Differential activation of adenylate cyclase and receptor internalization by novel dopamine D1 receptor agonists, Molecular Pharmacology 68(4):1039-1048 (2005). This radioligand binding assay used [3H]-SCH23390, a radiolabeled D1 ligand, to evaluate the ability of a test compound to compete with the radioligand when binding to a D1 receptor.D1 binding assays were performed using over-expressing LTK human cell lines. To determine basic assay parameters, ligand concentrations were determined from saturation binding studies where the Kd for [3H]-SCH23390 was found to be 1.3 nM. From tissue concentration curve studies, the optimal amount of tissue was determined to be 1.75 mg/mL per 96 well plate using 0.5 nM of [3H]-SCH23390. These ligand and tissue concentrations were used in time course studies to determine linearity and equilibrium.",B,,,,2015.0,Dopamine D1 receptor,Ki,nM,6.92,371.37,2.69
CHEMBL465054,88.0,CN1CCc2cc(-c3ccccc3)cc3c2[C@H]1Cc1ccc(O)c(O)c1-3,Scientific Literature,Displacement of [3H]SCH23390 from dopamine D1 receptor expressed in Ltk deficient fibroblast cells by liquid scintillation counting,B,,,Bioorg Med Chem,2009.0,Dopamine D1 receptor,Ki,nM,7.06,343.43,4.52
CHEMBL517028,755.0,CN1CCc2cc(-c3ccc(O)cc3)cc3c2[C@H]1Cc1ccc(O)c(O)c1-3,Scientific Literature,Displacement of [3H]SCH23390 from dopamine D1 receptor expressed in Ltk deficient fibroblast cells by liquid scintillation counting,B,,,Bioorg Med Chem,2009.0,Dopamine D1 receptor,Ki,nM,6.12,359.43,4.22
CHEMBL550792,669.0,CCCN1CCc2cc(-c3ccccc3)cc3c2[C@H]1Cc1ccc(O)c(O)c1-3.Cl,Scientific Literature,Displacement of [3H]SCH23390 from dopamine D1 receptor expressed in Ltk deficient fibroblast cells by liquid scintillation counting,B,,,Bioorg Med Chem,2009.0,Dopamine D1 receptor,Ki,nM,6.17,407.94,5.3
CHEMBL596886,10000.0,C=CCOc1cccc2c1-c1cc(OC)cc3c1[C@@H](C2)N(C)CC3,Scientific Literature,Displacement of [3H]SCH23390 from dopamine D1 receptor expressed in HEK293 cells by liquid scintillation counting,B,,,J Med Chem,2010.0,Dopamine D1 receptor,Ki,nM,,321.42,4.01
CHEMBL598759,10000.0,C=CCOc1cccc2c1-c1cccc3c1[C@@H](C2)N(CCC)CC3,Scientific Literature,Displacement of [3H]SCH23390 from dopamine D1 receptor expressed in HEK293 cells by liquid scintillation counting,B,,,J Med Chem,2010.0,Dopamine D1 receptor,Ki,nM,,319.45,4.78
CHEMBL283247,890.0,CCCCc1cnc2c(c1)[C@@H]1c3cc(O)c(O)cc3CC[C@H]1NC2,Scientific Literature,Binding affinity to Dopamine receptor D1 by using radioligand [125I]SCH-23982 in HEK cells,B,,,Bioorg Med Chem Lett,1999.0,Dopamine D1 receptor,Ki,nM,6.05,324.42,3.39
CHEMBL28054,1100.0,Oc1cc2c(cc1O)[C@H]1c3cnccc3CN[C@@H]1CC2,Scientific Literature,Binding affinity to Dopamine receptor D1 by using radioligand [125I]SCH-23982 in HEK cells,B,,,Bioorg Med Chem Lett,1999.0,Dopamine D1 receptor,Ki,nM,5.96,268.32,2.04
CHEMBL383451,3.2,CN1CCc2ccccc2Cc2cc(Cl)c(O)c(Cl)c2CC1,Scientific Literature,Displacement of [3H]SCH 23390 from D1 dopamine receptor,B,Homo sapiens,,J Med Chem,2006.0,Dopamine D1 receptor,Ki,nM,8.49,336.26,4.32
CHEMBL2420894,10000.0,CCOc1ccccc1N1CCN(Cc2c[nH]c3ccccc23)CC1,Scientific Literature,Displacement of [3H]SCH23390 from human dopamine D1 receptor,B,Homo sapiens,,Bioorg Med Chem Lett,2013.0,Dopamine D1 receptor,Ki,nM,,335.45,3.89
CHEMBL4096858,10000.0,CC(C)(C)c1nc(N2CCN(CCCCNC(=O)c3cc4ccccc4s3)CC2)cc(C(F)(F)F)n1,Scientific Literature,Displacement of [3H]SCH23990 from human D1 receptor expressed in HEK293T cell membranes,B,Homo sapiens,,Bioorg Med Chem,2017.0,Dopamine D1 receptor,Ki,nM,,519.64,5.34
CHEMBL574627,963.0,Cc1cccc(C2CN(CCCc3cn(CCCN4CCN(c5ncccn5)CC4)nn3)CCc3cc(O)c(O)cc32)c1,Scientific Literature,Displacement of [3H]SCH23390 from dopamine D1 receptor expressed in HEK293 cells by liquid scintillation counting,B,,,Bioorg Med Chem,2009.0,Dopamine D1 receptor,Ki,nM,6.02,582.75,3.62
CHEMBL4639398,691.0,COc1cc2c3c(c1OC)-c1cc(N)ccc1CC3N(C)CC2,Scientific Literature,Binding affinity to human D1 receptor,B,Homo sapiens,,Bioorg Med Chem Lett,2020.0,Dopamine D1 receptor,Ki,nM,6.16,310.4,3.04
CHEMBL4791884,100000.0,O=C(NCCCCN1CCO[C@@H]2c3cc(O)ccc3OC[C@@H]21)c1cc2ccccc2[nH]1,Scientific Literature,Displacement of [3H]-SCH23390 from human D1 receptor expressed in HEK293 cells after 60 mins by microbeta counting based assay,B,Homo sapiens,,ACS Med Chem Lett,2020.0,Dopamine D1 receptor,Ki,nM,,421.5,3.22
CHEMBL1684128,735.0,CCCN1CCc2cccc3c2C1Cc1cccc(OCCCCN2CCN(c4ccccc4OC)CC2)c1-3,Scientific Literature,Displacement of [3H]SCH23390 from dopamine D1 receptor expressed in human HEK293 cells by liquid scintillation counter,B,,,Bioorg Med Chem,2011.0,Dopamine D1 receptor,Ki,nM,6.13,525.74,6.21
CHEMBL4764679,1000.0,CN1CCc2ccc(OCCCN3CCC(c4noc5cc(F)ccc45)CC3)cc2C1=O,Scientific Literature,Binding affinity to D1 receptor (unknown origin),B,Homo sapiens,,Eur J Med Chem,2020.0,Dopamine D1 receptor,Ki,nM,,437.52,4.24
CHEMBL69733,10000.0,COc1ccc(CCCN2CCC(CCC(=O)c3cc(Cl)c(N)c4c3OCCO4)CC2)cc1OC,Scientific Literature,Compound was evaluated for binding affinity against Dopamine D1 receptor using radioligand binding assay,B,,,Bioorg Med Chem Lett,1995.0,Dopamine D1 receptor,Ki,nM,,503.04,5.02
CHEMBL4097330,2100.0,CCCN(CCCCOc1ccc2ccnn2c1)[C@H]1CCc2c(O)cccc2C1,Scientific Literature,Displacement of [3H]SCH23390 from human Dopamine D1 receptor expressed in HEK293T cell membranes after 2 hrs by scintillation counting analysis,B,Homo sapiens,,J Med Chem,2017.0,Dopamine D1 receptor,Ki,nM,5.68,393.53,4.47
CHEMBL4072780,12000.0,O=C1CCc2ccc(OCCCCN3CCN(c4ccc(O)c5c4OCC(=O)N5)CC3)cc2N1,Scientific Literature,Displacement of [3H]SCH23390 from human D1R expressed in HEK293T cell membranes by radioligand binding assay,B,Homo sapiens,,J Med Chem,2017.0,Dopamine D1 receptor,Ki,nM,4.92,466.54,2.59
CHEMBL4069145,1000.0,COc1ccccc1N1CCN(CCCCOc2ccc3c(/C=N/O)cnn3c2)CC1,Scientific Literature,Displacement of [3H]SCH23390 from human Dopamine D1 receptor expressed in HEK293T cell membranes after 2 hrs by scintillation counting analysis,B,Homo sapiens,,J Med Chem,2017.0,Dopamine D1 receptor,Ki,nM,6.0,423.52,3.13
CHEMBL562935,124.0,CCN1CCc2cc(-c3ccc(O)cc3)cc3c2[C@H]1Cc1ccc(O)c(O)c1-3.Cl,Scientific Literature,Displacement of [3H]SCH23390 from dopamine D1 receptor expressed in Ltk deficient fibroblast cells by liquid scintillation counting,B,,,Bioorg Med Chem,2009.0,Dopamine D1 receptor,Ki,nM,6.91,409.91,4.61
CHEMBL560721,94.0,CCCN1CCc2cc(-c3ccc(O)cc3)cc3c2[C@H]1Cc1ccc(O)c(O)c1-3.Cl,Scientific Literature,Displacement of [3H]SCH23390 from dopamine D1 receptor expressed in Ltk deficient fibroblast cells by liquid scintillation counting,B,,,Bioorg Med Chem,2009.0,Dopamine D1 receptor,Ki,nM,7.03,423.94,5.0
CHEMBL1672304,5000.0,CCCN1CCc2cc(OCCF)cc3c2[C@H]1Cc1ccc(O)c(O)c1-3,Scientific Literature,Binding affinity to dopamine D1 receptor low binding site by radioligand displacement assay,B,,,ACS Med Chem Lett,2011.0,Dopamine D1 receptor,Ki,nM,,357.43,3.98
CHEMBL1672306,5000.0,CCN1CCc2cc(OCCF)cc3c2[C@H]1Cc1ccc(O)c(O)c1-3,Scientific Literature,Binding affinity to dopamine D1 receptor low binding site by radioligand displacement assay,B,,,ACS Med Chem Lett,2011.0,Dopamine D1 receptor,Ki,nM,,343.4,3.59
CHEMBL1672310,5000.0,CCCN1CCc2cc(OCCF)cc3c2[C@H]1Cc1cccc(O)c1-3,Scientific Literature,Binding affinity to dopamine D1 receptor low binding site by radioligand displacement assay,B,,,ACS Med Chem Lett,2011.0,Dopamine D1 receptor,Ki,nM,,341.43,4.27
CHEMBL2397389,18000.0,C#CC1=CC[C@H](N(CCC)CCCCNC(=O)c2ccc(-c3ccccc3)cc2)CC1,Scientific Literature,Displacement of [3H]SCH23390 from human dopamine D1 receptor transfected in HEK293 cells after 1 hr by scintillation counting analysis,B,Homo sapiens,,J Med Chem,2015.0,Dopamine D1 receptor,Ki,nM,4.75,414.59,5.69
CHEMBL604127,2.8,CN1CCc2cc(Cl)c(O)cc2[C@H]2c3cccc(C#N)c3CC[C@@H]21,Scientific Literature,Displacement of [3H]SCh23390 from dopamine D1 receptor expressed in mouse LTK cells by scintillation counting,B,,,Bioorg Med Chem Lett,2010.0,Dopamine D1 receptor,Ki,nM,8.55,338.84,3.85
CHEMBL3115578,3890.45,O=C(O)C(=O)O.Oc1ccc2c(c1)O[C@@H](CNCCN1CCN(c3ccc(I)cc3)CC1)CC2,Scientific Literature,Displacement of [3H]SCH23390 from human dopamine D1 receptor transfected in HEK293 cells after 2 hrs by scintillation counting analysis,B,Homo sapiens,,J Med Chem,2014.0,Dopamine D1 receptor,Ki,nM,5.41,583.42,3.1
CHEMBL3115575,3890.45,O=C(O)C(=O)O.Oc1ccc2c(c1)O[C@@H](CNCc1cccc(I)c1)CC2,Scientific Literature,Displacement of [3H]SCH23390 from human dopamine D1 receptor transfected in HEK293 cells after 2 hrs by scintillation counting analysis,B,Homo sapiens,,J Med Chem,2014.0,Dopamine D1 receptor,Ki,nM,5.41,485.27,3.48
CHEMBL2420890,10000.0,CCOc1ccccc1N1CCN(Cc2csc3ccccc23)CC1,Scientific Literature,Displacement of [3H]SCH23390 from human dopamine D1 receptor,B,Homo sapiens,,Bioorg Med Chem Lett,2013.0,Dopamine D1 receptor,Ki,nM,,352.5,4.62
CHEMBL544814,3050.0,CCCc1cc2c(s1)CN[C@H]1CCc3cc(O)c(O)cc3[C@H]21.Cl,Scientific Literature,Binding affinity against cloned human Dopamine receptor D1 using [125I]-SCH 23982 as radioligand transfected in HEK cells,B,,,J Med Chem,1995.0,Dopamine D1 receptor,Ki,nM,5.52,351.9,3.66
CHEMBL606939,6500.0,CCCN(CCc1ccccc1)[C@@H]1CCc2c(O)cccc2C1,Scientific Literature,Binding affinity against dopamine receptor D1 by using [3H]-SCH- 23390 as radioligand in caudate-putamen of monkey,B,Cercopithecidae,Caudate-putamen,J Med Chem,1991.0,Dopamine D1 receptor,Ki,nM,5.19,309.45,4.2
CHEMBL4846574,510.0,COc1cc2c(cc1OC)CN(Cc1ccccc1CNC(=O)c1cccc(C#N)c1)CC2,Scientific Literature,Displacement of [3H]SCH23390 from dopamine D1 receptor (unknown origin),B,Homo sapiens,,Bioorg Med Chem Lett,2021.0,Dopamine D1 receptor,Ki,nM,6.29,441.53,4.06
CHEMBL4102646,20000.0,CN1CCN(c2ccc(O)c3c2OCC(=O)N3)CC1,Scientific Literature,Displacement of [3H]SCH23390 from human D1R expressed in HEK293T cell membranes,B,Homo sapiens,,Bioorg Med Chem,2017.0,Dopamine D1 receptor,Ki,nM,,263.3,0.47
CHEMBL423735,1500.0,COc1ccccc1N1CCN(CCCCNC(=O)c2cnn3ccccc23)CC1,Scientific Literature,Binding affinity for porcine Dopamine receptor D1 by [3H]-SCH- 23390 displacement.,B,,,J Med Chem,2002.0,Dopamine D1 receptor,Ki,nM,5.82,407.52,2.68
CHEMBL42,31.62,CN1CCN(C2=Nc3cc(Cl)ccc3Nc3ccccc32)CC1,Scientific Literature,Binding affinity against Dopamine D1 receptor,B,,,Bioorg Med Chem Lett,2004.0,Dopamine D1 receptor,Ki,nM,7.5,326.83,3.72
CHEMBL377043,571.0,O=C(NN1c2ccc(Cl)cc2N=C(N2CCN(Cc3cccc4c3OCO4)CC2)c2ccccc21)c1ccccc1Cl,Scientific Literature,Displacement of [3H]SCH 23390 from dopamine D1 receptor expressed in CHO cells,B,Homo sapiens,,Bioorg Med Chem Lett,2006.0,Dopamine D1 receptor,Ki,nM,6.24,600.51,6.41
CHEMBL215997,85.0,CN1CCN(C2=Nc3cc(Cl)ccc3N(NC(=O)c3cccnc3)c3ccccc32)CC1,Scientific Literature,Displacement of [3H]SCH 23390 from dopamine D1 receptor expressed in CHO cells,B,Homo sapiens,,Bioorg Med Chem Lett,2006.0,Dopamine D1 receptor,Ki,nM,7.07,446.94,3.86
CHEMBL197796,10000.0,COc1ccc(NC(=O)N2CCN(c3ccc(SC)cc3)CC2)cc1N1CCN(C)CC1,Scientific Literature,Affinity towards cloned Dopamine receptor D1,B,Homo sapiens,,Bioorg Med Chem Lett,2005.0,Dopamine D1 receptor,Ki,nM,,455.63,3.52
CHEMBL2028019,2100.0,CN(C)C(=O)N[C@H]1CC[C@H](CCN2CCN(c3cccc(Cl)c3Cl)CC2)CC1,Scientific Literature,Displacement of [3H]SCH23990 from human D1 receptor expressed in HEK293T cell membranes,B,Homo sapiens,,Bioorg Med Chem,2017.0,Dopamine D1 receptor,Ki,nM,5.68,427.42,4.34
CHEMBL3335536,100000.0,c1ccc(CC[C@H]2CN(Cc3nc4ccccc4[nH]3)CCO2)cc1,Scientific Literature,Inhibition of human dopamine D1 receptor,B,Homo sapiens,,ACS Med Chem Lett,2014.0,Dopamine D1 receptor,Ki,nM,,321.42,3.4
CHEMBL3897499,10000.0,CCCN1CC[C@H]2c3cc4ccc(C(F)(F)F)cc4nc3[C@H](CC)[C@H]3CCC[C@@H]1[C@@H]32,Scientific Literature,Displacement of [3H]SCH23390 from human D1 receptor expressed in HEK-T cells measured after 90 mins by microbeta scintillation counting method,B,Homo sapiens,,Bioorg Med Chem Lett,2016.0,Dopamine D1 receptor,Ki,nM,,416.53,6.75
CHEMBL3325912,1000.0,Cc1ccc(-c2cc3c(cc2O)C(c2ccccc2)CN(C)CC3)cc1,Scientific Literature,Displacement of [3H]SCH23390 from human dopamine D1 receptor expressed in HEK293 cell membranes by liquid scintillation counting based competition binding assay,B,Homo sapiens,,Eur J Med Chem,2014.0,Dopamine D1 receptor,Ki,nM,,343.47,4.99
CHEMBL3325913,216.0,Cc1cccc(-c2cc3c(cc2O)C(c2ccccc2)CN(C)CC3)c1,Scientific Literature,Displacement of [3H]SCH23390 from human dopamine D1 receptor expressed in HEK293 cell membranes by liquid scintillation counting based competition binding assay,B,Homo sapiens,,Eur J Med Chem,2014.0,Dopamine D1 receptor,Ki,nM,6.67,343.47,4.99
CHEMBL3325922,1000.0,CN1CCc2ccc(N(C)C)cc2C(c2ccccc2)C1,Scientific Literature,Displacement of [3H]SCH23390 from human dopamine D1 receptor expressed in HEK293 cell membranes by liquid scintillation counting based competition binding assay,B,Homo sapiens,,Eur J Med Chem,2014.0,Dopamine D1 receptor,Ki,nM,,280.42,3.37
CHEMBL45491,68.0,CN(C)C1C=CC2(CC1)c1ccccc1CCc1ccc(Cl)cc12,Scientific Literature,Binding affinity determined in radioreceptor binding assay by using [3H]SCH-23390 radioligand against dopamine receptor D1,B,,,J Med Chem,1991.0,Dopamine D1 receptor,Ki,nM,7.17,337.89,5.0
CHEMBL320779,24000.0,CCCN(CCc1ccc(N/C(S)=N/c2ccc3c(c2)C(=O)OC32c3ccc(O)cc3Oc3cc(O)ccc32)cc1)[C@@H]1CCc2c(O)cccc2C1,Scientific Literature,Binding affinity against dopamine receptor D1 by using [3H]-SCH- 23390 as radioligand in caudate-putamen of monkey,B,Cercopithecidae,Caudate-putamen,J Med Chem,1991.0,Dopamine D1 receptor,Ki,nM,4.62,713.86,8.21
CHEMBL282136,1100.0,Cc1cncc2c1CN[C@@H]1CCc3cc(O)c(O)cc3[C@@H]21,Scientific Literature,Binding affinity to Dopamine receptor D1 by using radioligand [125I]SCH-23982 in HEK cells,B,,,Bioorg Med Chem Lett,1999.0,Dopamine D1 receptor,Ki,nM,5.96,282.34,2.35
CHEMBL26365,390.0,Oc1cc2c(cc1O)[C@H]1c3cncc(F)c3CN[C@@H]1CC2,Scientific Literature,Binding affinity to Dopamine receptor D1 by using radioligand [125I]SCH-23982 in HEK cells,B,,,Bioorg Med Chem Lett,1999.0,Dopamine D1 receptor,Ki,nM,6.41,286.31,2.18
CHEMBL4227192,1278.0,CCCCCCN1CCC(c2cccc(O)c2)C1,Scientific Literature,Displacement of [3H]SCH23390 from human dopamine D1 receptor expressed in HEK293T cell membranes by radioligand binding assay,B,Homo sapiens,,Bioorg Med Chem Lett,2018.0,Dopamine D1 receptor,Ki,nM,5.89,247.38,3.76
CHEMBL2057456,17.3,COc1cc2c(cc1O)[C@@H]1Cc3c(CO)c(OC)cc(OC)c3CN1CC2,Scientific Literature,Displacement of [3H]SCH23390 from dopamine D1 receptor (unknown origin) expressed in human HEK293 cells by liquid scintillation counter,B,Homo sapiens,,Bioorg Med Chem,2013.0,Dopamine D1 receptor,Ki,nM,7.76,371.43,2.57
CHEMBL4469848,150.0,FC(F)(F)c1cc(Oc2nccc3occc23)ccc1-c1cccc2nccn12,Scientific Literature,Displacement of [3H]-SCH23390 from recombinant human D1 receptor transiently expressed in HEKT cells measured after 90 mins by microbeta scintillation counting method,B,Homo sapiens,,J Med Chem,2019.0,Dopamine D1 receptor,Ki,nM,6.82,395.34,5.95
CHEMBL203047,3.1,CN1CCc2ccccc2Cc2cc(O)c(Cl)cc2CC1,Scientific Literature,Displacement of [3H]SCH 23390 from D1 dopamine receptor,B,Homo sapiens,,J Med Chem,2006.0,Dopamine D1 receptor,Ki,nM,8.51,301.82,3.67
CHEMBL381946,82.0,COc1ccc2c(c1)Cc1ccccc1CCN(C)CC2,Scientific Literature,Displacement of [3H]SCH 23390 from D1 dopamine receptor,B,Homo sapiens,,J Med Chem,2006.0,Dopamine D1 receptor,Ki,nM,7.09,281.4,3.32
CHEMBL3800636,860.0,COc1cc(CCNCCc2ccc(O)c(O)c2)ccc1OCCCc1ccccc1,Scientific Literature,Displacement of [3H]SCH23390 from human D1 receptor expressed in HEK293 cells,B,Homo sapiens,,Bioorg Med Chem,2016.0,Dopamine D1 receptor,Ki,nM,6.07,421.54,4.49
CHEMBL26965,45.0,CCCc1ccc2c(n1)CN[C@@H]1CCc3cc(O)c(O)cc3[C@@H]21,Scientific Literature,Binding affinity to Dopamine receptor D1 by using radioligand [125I]SCH-23982 in HEK cells,B,,,Bioorg Med Chem Lett,1999.0,Dopamine D1 receptor,Ki,nM,7.35,310.4,3.0
CHEMBL4070091,860.0,COc1ccccc1N1CCN(CCCC(=O)Nc2ccn3ncc(C#N)c3c2)CC1,Scientific Literature,Displacement of [3H]SCH23390 from human Dopamine D1 receptor expressed in HEK293T cell membranes after 2 hrs by scintillation counting analysis,B,Homo sapiens,,J Med Chem,2017.0,Dopamine D1 receptor,Ki,nM,6.07,418.5,2.76
CHEMBL4094407,20000.0,CN1CCN(c2ccc(O)c3[nH]c(=O)ccc23)CC1,Scientific Literature,Displacement of [3H]SCH23390 from human D1R expressed in HEK293T cell membranes,B,Homo sapiens,,Bioorg Med Chem,2017.0,Dopamine D1 receptor,Ki,nM,,259.31,0.99
CHEMBL3613877,620.0,COc1ccccc1N1CCN(CCc2cn(-c3ccn4ncc(C=O)c4c3)nn2)CC1,Scientific Literature,Displacement of [3H]SCH23990 from human dopamine D1 receptor expressed in CHO cell membranes by radioligand competition binding assay,B,Homo sapiens,,Bioorg Med Chem,2015.0,Dopamine D1 receptor,Ki,nM,6.21,431.5,2.1
CHEMBL3613873,1700.0,COc1ccccc1N1CCN(CCCc2cn(-c3ccn4nccc4c3)nn2)CC1,Scientific Literature,Displacement of [3H]SCH23990 from human dopamine D1 receptor expressed in CHO cell membranes by radioligand competition binding assay,B,Homo sapiens,,Bioorg Med Chem,2015.0,Dopamine D1 receptor,Ki,nM,5.77,417.52,2.68
CHEMBL611801,5400.0,CN(C)C1CCc2cc(O)c(O)cc2C1,Scientific Literature,Affinity towards Dopamine receptor D1,B,Cercopithecidae,,J Med Chem,1998.0,Dopamine D1 receptor,Ki,nM,5.27,207.27,1.52
CHEMBL2205836,2979.0,COc1ccccc1CCN1C2C3C4CC5C6C4C2C6C1(O)C53,Scientific Literature,Binding affinity to D1 dopamine receptor,B,,,Bioorg Med Chem Lett,2012.0,Dopamine D1 receptor,Ki,nM,5.53,309.41,2.0
CHEMBL109787,170.0,CCCN(CCc1ccc(Nc2ccc([N+](=O)[O-])c3nonc23)cc1)C1CCc2c(O)cccc2C1,Scientific Literature,Binding affinity against dopamine receptor D1 by using [3H]-SCH- 23390 as radioligand in caudate-putamen of monkey,B,Cercopithecidae,Caudate-putamen,J Med Chem,1991.0,Dopamine D1 receptor,Ki,nM,6.77,487.56,5.39
CHEMBL92649,99.0,O=C(CCCN1CCC2(CC1)C(=O)N(CCc1ccc(Nc3ccc([N+](=O)[O-])c4nonc34)cc1)CN2c1ccccc1)c1ccc(F)cc1,Scientific Literature,Binding affinity against dopamine receptor D1 by using [3H]-SCH- 23390 as radioligand in caudate-putamen of monkey,B,Cercopithecidae,Caudate-putamen,J Med Chem,1991.0,Dopamine D1 receptor,Ki,nM,7.0,677.74,6.36
CHEMBL2298819,1000.0,FC(F)(F)c1cccc(N2CCN(CCCc3ccc4[nH]c(=S)[nH]c4c3)CC2)c1,Scientific Literature,Binding affinity to dopamine D1 receptor (unknown origin),B,Homo sapiens,,Med Chem Res,2013.0,Dopamine D1 receptor,Ki,nM,,420.5,5.0
CHEMBL4514586,631.0,COc1ccc(F)cc1C1CC1CNCCCSc1nnc(-c2ccccc2)n1C.Cl,Scientific Literature,Displacement of [3H]-SCH23390 from recombinant human D1 receptor transiently expressed in HEKT cell membranes measured after 90 mins by microbeta scintillation counting method,B,Homo sapiens,,J Med Chem,2020.0,Dopamine D1 receptor,Ki,nM,6.2,463.02,4.51
CHEMBL4450429,1148.2,CCOc1ccc(F)cc1C1CC1CN(CC)CCCSc1nnc(-c2ccccc2)n1C.Cl,Scientific Literature,Displacement of [3H]-SCH23390 from recombinant human D1 receptor transiently expressed in HEKT cell membranes measured after 90 mins by microbeta scintillation counting method,B,Homo sapiens,,J Med Chem,2020.0,Dopamine D1 receptor,Ki,nM,5.94,505.1,5.63
CHEMBL4453478,992.0,CCCN(CCCCNC(=O)c1cc2ccccc2[nH]1)CC1CC1c1cccc(Cl)c1.Cl,Scientific Literature,Displacement of [3H]-SCH23390 from recombinant human D1 receptor transiently expressed in HEKT cell membranes measured after 90 mins by microbeta scintillation counting method,B,Homo sapiens,,J Med Chem,2020.0,Dopamine D1 receptor,Ki,nM,6.0,474.48,5.85
CHEMBL4472900,649.0,CCCN(CCCCNC(=O)c1cc2ccccc2[nH]1)CC1CC1c1ccc(Cl)cc1.Cl,Scientific Literature,Displacement of [3H]-SCH23390 from recombinant human D1 receptor transiently expressed in HEKT cell membranes measured after 90 mins by microbeta scintillation counting method,B,Homo sapiens,,J Med Chem,2020.0,Dopamine D1 receptor,Ki,nM,6.19,474.48,5.85
CHEMBL4439535,1308.0,CCCN(CCCCNC(=O)c1ccc2ccccc2c1)CC1CC1c1cccc(F)c1.Cl,Scientific Literature,Displacement of [3H]-SCH23390 from recombinant human D1 receptor transiently expressed in HEKT cell membranes measured after 90 mins by microbeta scintillation counting method,B,Homo sapiens,,J Med Chem,2020.0,Dopamine D1 receptor,Ki,nM,5.88,469.04,6.0
CHEMBL3577346,2900.0,CCCCn1cc(CCCOc2ccc(C(=O)NCCCCN(CCC)[C@H]3CCc4c(O)cccc4C3)cc2OC)nn1,Scientific Literature,Displacement of [3H]SCH23390 from human dopamine D1 receptor transfected in HEK293 cells after 1 hr by scintillation counting analysis,B,Homo sapiens,,J Med Chem,2015.0,Dopamine D1 receptor,Ki,nM,5.54,591.8,5.58
CHEMBL3577344,4600.0,CCCCn1cc(CCCOc2ccc(C(=O)NCCCCN(CCC)CCc3ccc(O)c4[nH]c(=O)ccc34)cc2OC)nn1,Scientific Literature,Displacement of [3H]SCH23390 from human dopamine D1 receptor transfected in HEK293 cells after 1 hr by scintillation counting analysis,B,Homo sapiens,,J Med Chem,2015.0,Dopamine D1 receptor,Ki,nM,5.34,632.81,5.11
CHEMBL2420782,10000.0,Clc1cccc(N2CCN(Cc3cccc4ccccc34)CC2)c1Cl,Scientific Literature,Displacement of [3H]SCH23390 from human dopamine D1 receptor,B,Homo sapiens,,Bioorg Med Chem Lett,2013.0,Dopamine D1 receptor,Ki,nM,,371.31,5.47
CHEMBL2420773,10000.0,CCOc1ccccc1N1CCN(Cc2cccs2)CC1,Scientific Literature,Displacement of [3H]SCH23390 from human dopamine D1 receptor,B,Homo sapiens,,Bioorg Med Chem Lett,2013.0,Dopamine D1 receptor,Ki,nM,,302.44,3.47
CHEMBL1224527,47.0,Oc1ccc2c(c1O)C[C@@H](c1ccccc1)[C@@H]1CCNC[C@@H]21,Scientific Literature,Displacement of [3H]-SCH-23390 from human dopamine D1 receptor expressed in HEK293 cells after 30 mins by scintillation counting,B,Homo sapiens,,Bioorg Med Chem,2012.0,Dopamine D1 receptor,Ki,nM,7.33,295.38,3.13
CHEMBL34291,10000.0,COc1cc(N)c(Cl)cc1C(=O)NC[C@@H]1CCN2CCC[C@@H]12,Scientific Literature,Compound was evaluated for Dopamine receptor D1 binding,B,,,Bioorg Med Chem Lett,2004.0,Dopamine D1 receptor,Ki,nM,,323.82,2.14
CHEMBL3233143,110.0,O=C(CCCN1CC[C@H]2[C@@H](C1)c1cccc3c1N2CCN3)c1ccc(F)cc1,Scientific Literature,Inhibition of human dopamine D1 receptor,B,Homo sapiens,,J Med Chem,2014.0,Dopamine D1 receptor,Ki,nM,6.96,379.48,3.89
CHEMBL604525,1.8,CCO/N=C/c1cccc2c1CC[C@H]1[C@H]2c2cc(O)c(Cl)cc2CCN1C,Scientific Literature,Displacement of [3H]SCh23390 from dopamine D1 receptor expressed in mouse LTK cells by scintillation counting,B,,,Bioorg Med Chem Lett,2010.0,Dopamine D1 receptor,Ki,nM,8.74,384.91,4.35
CHEMBL598104,0.4,CN1CCc2cc(Cl)c(O)cc2[C@H]2c3cccc(-c4cccc(F)c4)c3CC[C@@H]21,Scientific Literature,Displacement of [3H]SCh23390 from dopamine D1 receptor expressed in mouse LTK cells by scintillation counting,B,,,Bioorg Med Chem Lett,2010.0,Dopamine D1 receptor,Ki,nM,9.4,407.92,5.79
CHEMBL4444691,1711.0,CCCN(CCCCNC(=O)c1ccc2ccccc2c1)CC1CC1c1ccc(C(F)(F)F)cc1.Cl,Scientific Literature,Displacement of [3H]-SCH23390 from recombinant human D1 receptor transiently expressed in HEKT cell membranes measured after 90 mins by microbeta scintillation counting method,B,Homo sapiens,,J Med Chem,2020.0,Dopamine D1 receptor,Ki,nM,5.77,519.05,6.88
CHEMBL4293757,121.0,Cc1cc(Oc2nccc3occc23)ccc1-c1c(C)cnn1C(C)(C)C,Scientific Literature,Displacement of [3H]-SCH23390 from human dopamine D1 receptor expressed in LTK cell membranes after 30 mins by liquid scintillation counting,B,Homo sapiens,,J Med Chem,2018.0,Dopamine D1 receptor,Ki,nM,6.92,361.45,5.86
CHEMBL3780140,19.0,CCCCCOc1ccc2c(c1OC)CN1CCc3cc(OC)c(O)cc3C1C2,Scientific Literature,Displacement of [3H]SCH2390 from human dopamine D1 receptor by PDSP assay,B,Homo sapiens,,Bioorg Med Chem,2016.0,Dopamine D1 receptor,Ki,nM,7.72,397.52,4.63
CHEMBL3780481,15.0,COc1cc2c(cc1O)C1Cc3ccc(OC)c(OC)c3CN1CC2,Scientific Literature,Displacement of [3H]SCH2390 from human dopamine D1 receptor by PDSP assay,B,Homo sapiens,,Bioorg Med Chem,2016.0,Dopamine D1 receptor,Ki,nM,7.82,341.41,3.07
CHEMBL1802237,140.0,CN1CCc2c3c(cc4c2[C@H]1Cc1ccc(O)c(O)c1-4)SCCC3=O.Cl,Scientific Literature,Displacement of [3H]SCH23390 from human D1 dopamine receptor expressed in Ltk fibroblast cells after 60 mins by liquid scintillation counter,B,Homo sapiens,,Eur J Med Chem,2011.0,Dopamine D1 receptor,Ki,nM,6.85,389.9,3.53
CHEMBL71,112.0,CN(C)CCCN1c2ccccc2Sc2ccc(Cl)cc21,DrugMatrix,DRUGMATRIX: Dopamine D1 radioligand binding (ligand: [3H] SCH-23390),B,,,,,Dopamine D1 receptor,Ki,nM,6.95,318.87,4.89
CHEMBL4225830,861.0,CCCCN1CCC(c2cccc(O)c2)C1,Scientific Literature,Displacement of [3H]SCH23390 from human dopamine D1 receptor expressed in HEK293T cell membranes by radioligand binding assay,B,Homo sapiens,,Bioorg Med Chem Lett,2018.0,Dopamine D1 receptor,Ki,nM,6.07,219.33,2.98
CHEMBL4636242,928.0,CN1CCc2cccc3c2C1Cc1ccc([N+](=O)[O-])cc1-3,Scientific Literature,Binding affinity to human D1 receptor,B,Homo sapiens,,Bioorg Med Chem Lett,2020.0,Dopamine D1 receptor,Ki,nM,6.03,280.33,3.35
CHEMBL516088,1410.0,COc1c(OCCF)cccc1C(=O)C1CCN(CCc2ccc(F)cc2)CC1,Scientific Literature,Inhibition of human cloned dopamine D1 receptor by competitive binding experiment,B,Homo sapiens,,Bioorg Med Chem,2009.0,Dopamine D1 receptor,Ki,nM,5.85,403.47,4.32
CHEMBL389356,13.9,CN1CCCc2cc(O)ccc2Cc2ccccc2CC1,Scientific Literature,Displacement of [3H]SCH 23390 from human dopamine D1 receptor,B,Homo sapiens,,J Med Chem,2007.0,Dopamine D1 receptor,Ki,nM,7.86,281.4,3.4
CHEMBL2420777,2541.0,Clc1ccc(N2CCN(Cc3cccs3)CC2)cc1Cl,Scientific Literature,Displacement of [3H]SCH23390 from human dopamine D1 receptor,B,Homo sapiens,,Bioorg Med Chem Lett,2013.0,Dopamine D1 receptor,Ki,nM,5.59,327.28,4.38
CHEMBL253096,120.0,CC1(c2cccc(OCc3ccccc3)c2)C(=O)Nc2cc(Cl)cc(Cl)c2C1=O,Scientific Literature,Displacement of [3H]SCH-23390 from human cloned dopamine D1 receptor,B,Homo sapiens,,Bioorg Med Chem Lett,2008.0,Dopamine D1 receptor,Ki,nM,6.92,426.3,5.67
CHEMBL3084502,1220.0,O[C@]1(c2ccc(Cl)cc2)C[C@H]2CC[C@@H](C1)N2Cc1c[nH]c2ccccc12,Scientific Literature,Displacement of [3H]SCH23390 from dopamine D1 receptor,B,,,J Med Chem,2008.0,Dopamine D1 receptor,Ki,nM,5.91,366.89,4.84
CHEMBL3697582,288.0,Cc1cc(Oc2ncccc2C2COC2)ccc1-c1c(C)n[nH]c(=O)c1C,BindingDB Patent Bioactivity Data,"Competition Binding Assay: The affinity of the compounds described herein was determined by competition binding assays similar to those described in Ryman-Rasmussen et al., Differential activation of adenylate cyclase and receptor internalization by novel dopamine D1 receptor agonists, Molecular Pharmacology 68(4):1039-1048 (2005). This radioligand binding assay used [3H]-SCH23390, a radiolabeled D1 ligand, to evaluate the ability of a test compound to compete with the radioligand when binding to a D1 receptor.D1 binding assays were performed using over-expressing LTK human cell lines. To determine basic assay parameters, ligand concentrations were determined from saturation binding studies where the Kd for [3H]-SCH23390 was found to be 1.3 nM. From tissue concentration curve studies, the optimal amount of tissue was determined to be 1.75 mg/mL per 96 well plate using 0.5 nM of [3H]-SCH23390. These ligand and tissue concentrations were used in time course studies to determine linearity and equilibrium.",B,,,,2015.0,Dopamine D1 receptor,Ki,nM,6.54,363.42,3.66
CHEMBL506721,78.0,COc1cc2c3c(c1)-c1c(N)cccc1C[C@H]3N(C)CC2,Scientific Literature,Displacement of [3H]SCH-23390 from human dopamine D1 receptor expressed in HEK293 cells,B,Homo sapiens,,Bioorg Med Chem,2008.0,Dopamine D1 receptor,Ki,nM,7.11,280.37,3.03
CHEMBL2298834,1000.0,S=c1[nH]c2ccc(OCCN3CCN(c4ccc(Cl)cc4)CC3)cc2[nH]1,Scientific Literature,Binding affinity to dopamine D1 receptor (unknown origin),B,Homo sapiens,,Med Chem Res,2013.0,Dopamine D1 receptor,Ki,nM,,388.92,4.08
CHEMBL2298814,1000.0,FC(F)(F)c1cccc(N2CCN(CCCc3ccc4nc[nH]c4c3)CC2)c1,Scientific Literature,Binding affinity to dopamine D1 receptor (unknown origin),B,Homo sapiens,,Med Chem Res,2013.0,Dopamine D1 receptor,Ki,nM,,388.44,4.34
CHEMBL2298832,446.0,S=c1[nH]c2ccc(OCCN3CCN(c4ccccc4Cl)CC3)cc2[nH]1,Scientific Literature,Binding affinity to dopamine D1 receptor (unknown origin),B,Homo sapiens,,Med Chem Res,2013.0,Dopamine D1 receptor,Ki,nM,6.35,388.92,4.08
CHEMBL2298802,1000.0,O=c1[nH]c2ccc(OCCN3CCN(c4ccc(Cl)cc4)CC3)cc2[nH]1,Scientific Literature,Binding affinity to dopamine D1 receptor (unknown origin),B,Homo sapiens,,Med Chem Res,2013.0,Dopamine D1 receptor,Ki,nM,,372.86,2.71
CHEMBL2298800,405.0,O=c1[nH]c2ccc(OCCN3CCN(c4ccccc4Cl)CC3)cc2[nH]1,Scientific Literature,Binding affinity to dopamine D1 receptor (unknown origin),B,Homo sapiens,,Med Chem Res,2013.0,Dopamine D1 receptor,Ki,nM,6.39,372.86,2.71
CHEMBL2158636,550.0,Br.Oc1ccc([C@H]2CN[C@@H]3CCc4cc(O)c(O)cc4[C@H]3C2)cc1,Scientific Literature,Displacement of [3H]-SCH-23390 from human dopamine D1 receptor expressed in HEK293 cells after 30 mins by scintillation counting,B,Homo sapiens,,Bioorg Med Chem,2012.0,Dopamine D1 receptor,Ki,nM,6.26,392.29,2.98
CHEMBL605339,0.6,CN1CCc2cc(Cl)c(O)cc2[C@H]2c3cccc(-c4cccc([N+](=O)[O-])c4)c3CC[C@@H]21,Scientific Literature,Displacement of [3H]SCh23390 from dopamine D1 receptor expressed in mouse LTK cells by scintillation counting,B,,,Bioorg Med Chem Lett,2010.0,Dopamine D1 receptor,Ki,nM,9.22,434.92,5.56
CHEMBL603872,0.7,COc1ccc(-c2cccc3c2CC[C@H]2[C@H]3c3cc(O)c(Cl)cc3CCN2C)cc1,Scientific Literature,Displacement of [3H]SCh23390 from dopamine D1 receptor expressed in mouse LTK cells by scintillation counting,B,,,Bioorg Med Chem Lett,2010.0,Dopamine D1 receptor,Ki,nM,9.15,419.95,5.66
CHEMBL597310,0.7,CN(C)c1ccc(-c2cccc3c2CC[C@H]2[C@H]3c3cc(O)c(Cl)cc3CCN2C)cc1,Scientific Literature,Displacement of [3H]SCh23390 from dopamine D1 receptor expressed in mouse LTK cells by scintillation counting,B,,,Bioorg Med Chem Lett,2010.0,Dopamine D1 receptor,Ki,nM,9.15,433.0,5.71
CHEMBL4584481,1278.0,CCCN(CCCCNC(=O)c1cc2ccccc2[nH]1)CC1CC1c1ccc(C(F)(F)F)cc1.Cl,Scientific Literature,Displacement of [3H]-SCH23390 from recombinant human D1 receptor transiently expressed in HEKT cell membranes measured after 90 mins by microbeta scintillation counting method,B,Homo sapiens,,J Med Chem,2020.0,Dopamine D1 receptor,Ki,nM,5.89,508.03,6.21
CHEMBL411663,1900.0,O=C1Nc2ccc(F)cc2C1CCCCN1CCN(c2ccccc2)CC1,Scientific Literature,Inhibition of dopamine D1 receptor,B,,,J Med Chem,2008.0,Dopamine D1 receptor,Ki,nM,5.72,367.47,3.85
CHEMBL4279136,1810.0,COc1cc2c(cc1O)CN(CCCCNC(=O)c1ccnc3ccccc13)CC2,Scientific Literature,Displacement of [3H]SCH23390 from human dopamine D1 receptor expressed in HEKT cell membranes,B,Homo sapiens,,ACS Med Chem Lett,2018.0,Dopamine D1 receptor,Ki,nM,5.74,405.5,3.52
CHEMBL3794079,10000.0,Cc1ccc(CN2CCO[C@H](CSc3ccccc3)C2)cc1C,Scientific Literature,Displacement of [3H]-SCH-23390 from human recombinant dopamine D1 receptor expressed in CHO cells,B,Homo sapiens,,Bioorg Med Chem Lett,2016.0,Dopamine D1 receptor,Ki,nM,,327.49,4.3
CHEMBL440512,395.0,Cc1cc2c(s1)Nc1ccccc1N=C2N1CC[N+](C)([O-])CC1,Scientific Literature,In vitro binding affinity of compound against dopamine neuronal Dopamine receptor D1,B,,,Bioorg Med Chem Lett,1997.0,Dopamine D1 receptor,Ki,nM,6.4,328.44,3.45
CHEMBL2420778,10000.0,Oc1ccc(N2CCN(Cc3cccs3)CC2)cc1,Scientific Literature,Displacement of [3H]SCH23390 from human dopamine D1 receptor,B,Homo sapiens,,Bioorg Med Chem Lett,2013.0,Dopamine D1 receptor,Ki,nM,,274.39,2.78
CHEMBL4643069,14.0,COc1cc2c(cc1O)C(c1ccccc1Cl)CN(C)CC2,Scientific Literature,Displacement of [3H]SCH23390 from dopamine D1 receptor (unknown origin),B,Homo sapiens,,Bioorg Med Chem Lett,2020.0,Dopamine D1 receptor,Ki,nM,7.85,317.82,3.67
CHEMBL4647167,59.4,CN1CCc2cc(O)c(O)cc2C(c2ccccc2Br)C1,Scientific Literature,Displacement of [3H]SCH23390 from dopamine D1 receptor (unknown origin),B,Homo sapiens,,Bioorg Med Chem Lett,2020.0,Dopamine D1 receptor,Ki,nM,7.23,348.24,3.48
CHEMBL2420771,10000.0,Clc1ccccc1N1CCN(Cc2cccs2)CC1,Scientific Literature,Displacement of [3H]SCH23390 from human dopamine D1 receptor,B,Homo sapiens,,Bioorg Med Chem Lett,2013.0,Dopamine D1 receptor,Ki,nM,,292.84,3.72
CHEMBL585740,655.0,COc1ccccc1N1CCN(CCCn2cc(CCCN3CCc4cc(O)c(O)cc4C(c4cccc(C)c4)C3)nn2)CC1,Scientific Literature,Displacement of [3H]SCH23390 from dopamine D1 receptor expressed in HEK293 cells by liquid scintillation counting,B,,,Bioorg Med Chem,2009.0,Dopamine D1 receptor,Ki,nM,6.18,610.8,4.84
CHEMBL3289646,263.03,Cc1ccc(N2CCN(CCCOc3ccc(F)cc3)CC2)nc1,Scientific Literature,Displacement of [3H]SCH23390 from human dopamine D1 receptor by PDSP assay,B,Homo sapiens,,Bioorg Med Chem,2014.0,Dopamine D1 receptor,Ki,nM,6.58,329.42,3.12
CHEMBL3589577,2600.0,CCCN(CCNC(=O)/N=N/c1cc(F)c(F)c(F)c1)C1Cc2ccccc2C1,Scientific Literature,Displacement of [3H]SCH23390 from human dopamine D1 receptor expressed in HEK293 cell membranes,B,Homo sapiens,,Bioorg Med Chem,2015.0,Dopamine D1 receptor,Ki,nM,5.58,404.44,4.78
CHEMBL2298817,1000.0,COc1ccccc1N1CCN(CCCc2ccc3nc[nH]c3c2)CC1,Scientific Literature,Binding affinity to dopamine D1 receptor (unknown origin),B,Homo sapiens,,Med Chem Res,2013.0,Dopamine D1 receptor,Ki,nM,,350.47,3.33
CHEMBL4636741,72.0,COc1cc2c(cc1O)C(c1ccccc1Br)CNCC2,Scientific Literature,Displacement of [3H]SCH23390 from dopamine D1 receptor (unknown origin),B,Homo sapiens,,Bioorg Med Chem Lett,2020.0,Dopamine D1 receptor,Ki,nM,7.14,348.24,3.44
CHEMBL4635277,26.0,Oc1cc2c(cc1O)C(c1ccccc1Br)CNCC2,Scientific Literature,Displacement of [3H]SCH23390 from dopamine D1 receptor (unknown origin),B,Homo sapiens,,Bioorg Med Chem Lett,2020.0,Dopamine D1 receptor,Ki,nM,7.58,334.21,3.14
CHEMBL4778398,100000.0,O=C(NCCCCN1CCO[C@H]2c3cc(O)ccc3OC[C@@H]21)c1cc2ccccc2[nH]1,Scientific Literature,Displacement of [3H]-SCH23390 from human D1 receptor expressed in HEK293 cells after 60 mins by microbeta counting based assay,B,Homo sapiens,,ACS Med Chem Lett,2020.0,Dopamine D1 receptor,Ki,nM,,421.5,3.22
CHEMBL4593728,5110.0,CCNc1nc(C#Cc2ccc(Cl)s2)nc2[nH]cnc12,Scientific Literature,Displacement of [3H]SCH23390 from human dopamine D1 receptor expressed in HEK293T cell membranes by radioligand binding assay,B,Homo sapiens,,Medchemcomm,2018.0,Dopamine D1 receptor,Ki,nM,5.29,303.78,2.9
CHEMBL557799,4.1,Br.Oc1cc2c(cc1Br)CCNCC2c1ccccc1,Scientific Literature,Inhibition of [3H]-SCH- 23390 binding to Dopamine receptor D1 from canine striatum,B,Canis lupus familiaris,,J Med Chem,1992.0,Dopamine D1 receptor,Ki,nM,8.39,399.13,3.43
CHEMBL588,40.0,Oc1ccc(C2CNCCc3c2cc(O)c(O)c3Cl)cc1,Scientific Literature,Affinity towards Dopamine receptor D1,B,Cercopithecidae,,J Med Chem,1998.0,Dopamine D1 receptor,Ki,nM,7.4,305.76,2.73
CHEMBL555146,10000.0,C[C@@H]1CCCN1CCc1cc2cc(C(=O)c3ccc(F)cc3)ccc2o1,Scientific Literature,Binding affinity to human recombinant Dopamine D1 receptor,B,Homo sapiens,,J Med Chem,2012.0,Dopamine D1 receptor,Ki,nM,,351.42,4.83
CHEMBL2331599,45.9,Cc1cc2c(cc1O)[C@H]1C[C@](O)(c3ccc(Cl)cc3)CCN1CC2,Scientific Literature,Displacement of [3H]SCH23390 from dopamine D1 receptor (unknown origin) expressed in CHO cell membranes after 60 mins,B,Homo sapiens,,Bioorg Med Chem Lett,2013.0,Dopamine D1 receptor,Ki,nM,7.34,343.85,3.93
CHEMBL1632158,10000.0,COC(=O)CCCCCN1CCC(CNC(=O)c2c3n(c4ccccc24)CCCO3)CC1,Scientific Literature,Binding affinity to dopamine receptor D1,B,,,Bioorg Med Chem,2010.0,Dopamine D1 receptor,Ki,nM,,441.57,3.6
CHEMBL4080762,2800.0,COc1ccccc1N1CCN(CCCCOc2ccn3nccc3c2)CC1,Scientific Literature,Displacement of [3H]SCH23390 from human Dopamine D1 receptor expressed in HEK293T cell membranes after 2 hrs by scintillation counting analysis,B,Homo sapiens,,J Med Chem,2017.0,Dopamine D1 receptor,Ki,nM,5.55,380.49,3.32
CHEMBL4067439,1400.0,COc1ccccc1N1CCN(CCCCOc2ccc3c(C=O)cnn3c2)CC1,Scientific Literature,Displacement of [3H]SCH23390 from human Dopamine D1 receptor expressed in HEK293T cell membranes after 2 hrs by scintillation counting analysis,B,Homo sapiens,,J Med Chem,2017.0,Dopamine D1 receptor,Ki,nM,5.85,408.5,3.14
CHEMBL3671286,29.4,Cc1ncc2nccn2c1-c1ccc(Oc2nccc3[nH]ccc23)cc1F,BindingDB Patent Bioactivity Data,"Receptor Binding Assay: The affinity of the compounds described herein was determined by competition binding assays similar to those described in Ryman-Rasmussen et al., Differential activation of adenylate cyclase and receptor internalization by novel dopamine D1 receptor agonists, Molecular Pharmacology 68(4):1039-1048 (2005). This radioligand binding assay used [3H]-SCH23390, a radiolabeled D1 ligand, to evaluate the ability of a test compound to compete with the radioligand when binding to a D1 receptor. D1 binding assays were performed using over-expressing LTK human cell lines. To determine basic assay parameters, ligand concentrations were determined from saturation binding studies where the Kd for [3H]-SCH23390 was found to be 1.3 nM. From tissue concentration curve studies, the optimal amount of tissue was determined to be 1.75 mg/mL per 96 well plate using 0.5 nM of [3H]-SCH23390. These ligand and tissue concentrations were used in time course studies to determine linearity and equilibrium condition.",B,,,,2014.0,Dopamine D1 receptor,Ki,nM,7.53,359.36,4.51
CHEMBL516270,1737.8,O=C1c2ccccc2CCN1CCCN1CCN(c2cccc(C(F)(F)F)c2)CC1,Scientific Literature,Displacement of [3H]SCH23390 from human dopamine D1 receptor,B,Homo sapiens,,Bioorg Med Chem Lett,2009.0,Dopamine D1 receptor,Ki,nM,5.76,417.48,3.92
CHEMBL1627315,10000.0,COc1ccc2[nH]c(C(=O)NCCC(O)CN3CCN(c4ccccc4OC)CC3)cc2c1,Scientific Literature,Displacement of [3H]SCH23390 from D1 receptor,B,,,J Med Chem,2009.0,Dopamine D1 receptor,Ki,nM,,452.56,2.49
CHEMBL1627308,10000.0,COc1ccccc1N1CCN(CC(O)CCNC(=O)c2cc3ccccc3[nH]2)CC1,Scientific Literature,Displacement of [3H]SCH23390 from D1 receptor,B,,,J Med Chem,2009.0,Dopamine D1 receptor,Ki,nM,,422.53,2.48
CHEMBL3671268,4.6,[C-]#[N+]c1c[nH]c2ccnc(Oc3ccc(-c4c(C)ncnc4C)c(C)c3)c12,BindingDB Patent Bioactivity Data,"Receptor Binding Assay: The affinity of the compounds described herein was determined by competition binding assays similar to those described in Ryman-Rasmussen et al., Differential activation of adenylate cyclase and receptor internalization by novel dopamine D1 receptor agonists, Molecular Pharmacology 68(4):1039-1048 (2005). This radioligand binding assay used [3H]-SCH23390, a radiolabeled D1 ligand, to evaluate the ability of a test compound to compete with the radioligand when binding to a D1 receptor. D1 binding assays were performed using over-expressing LTK human cell lines. To determine basic assay parameters, ligand concentrations were determined from saturation binding studies where the Kd for [3H]-SCH23390 was found to be 1.3 nM. From tissue concentration curve studies, the optimal amount of tissue was determined to be 1.75 mg/mL per 96 well plate using 0.5 nM of [3H]-SCH23390. These ligand and tissue concentrations were used in time course studies to determine linearity and equilibrium condition.",B,,,,2014.0,Dopamine D1 receptor,Ki,nM,8.34,355.4,5.29
CHEMBL3590081,3300.0,CCCN(CCCCNC(=O)/N=N/c1ccc(F)cc1)C1Cc2ccccc2C1,Scientific Literature,Displacement of [3H]SCH23390 from human dopamine D1 receptor expressed in HEK293 cell membranes,B,Homo sapiens,,Bioorg Med Chem,2015.0,Dopamine D1 receptor,Ki,nM,5.48,396.51,5.28
CHEMBL3215641,1300.0,CN1CCc2cc(SCCN)cc3c2[C@H]1Cc1ccc(O)c(O)c1-3.Cl.Cl,Scientific Literature,Displacement of [3H]SCH23390 from human D1 dopamine receptor expressed in Ltk fibroblast cells after 60 mins by liquid scintillation counter,B,Homo sapiens,,Eur J Med Chem,2011.0,Dopamine D1 receptor,Ki,nM,5.89,415.39,2.9
CHEMBL2206445,6200.0,COc1c(F)ccc(F)c1C1CCN(c2ccn3c(CC4CC4)nnc3c2Cl)CC1,Scientific Literature,Binding affinity to dopamine D1 receptor,B,,,J Med Chem,2012.0,Dopamine D1 receptor,Ki,nM,,432.9,5.01
CHEMBL3753195,1000.0,CCOC(=O)N1CCc2ccccc2Cc2ccsc2CC1,Scientific Literature,Displacement of [3H]SCH-23390 from human cloned D1 dopamine receptor incubated for 90 mins by radioligand binding assay,B,Homo sapiens,,Medchemcomm,2015.0,Dopamine D1 receptor,Ki,nM,,315.44,3.9
CHEMBL213775,14.0,CN1CCN(C2=Nc3cc(Cl)ccc3N(NC(=O)c3ccc(Br)cc3)c3ccccc32)CC1,Scientific Literature,Displacement of [3H]SCH 23390 from human dopamine D1 receptor expressed in CHO cells,B,Homo sapiens,,Bioorg Med Chem Lett,2006.0,Dopamine D1 receptor,Ki,nM,7.85,524.85,5.22
CHEMBL217299,98.0,Oc1cc2c(cc1O)C1c3ccccc3CNC1CO2,Scientific Literature,Binding affinity to human cloned dopamine D1 receptor,B,Homo sapiens,,J Med Chem,2006.0,Dopamine D1 receptor,Ki,nM,7.01,269.3,2.09
CHEMBL2335741,244.0,COc1cc2c(cc1O)[C@H]1C[C@](O)(c3ccc(Cl)cc3)CCN1CC2,Scientific Literature,Displacement of [3H]SCH23390 from dopamine D1 receptor (unknown origin) expressed in CHO cell membranes after 60 mins,B,Homo sapiens,,Bioorg Med Chem Lett,2013.0,Dopamine D1 receptor,Ki,nM,6.61,359.85,3.64
CHEMBL215581,25.6,CCCC(CCC)C(=O)NN1c2ccc(Cl)cc2N=C(N2CCN(C)CC2)c2ccccc21,Scientific Literature,Displacement of [3H]SCH 23390 from human dopamine D1 receptor expressed in CHO cells,B,Homo sapiens,,Bioorg Med Chem Lett,2006.0,Dopamine D1 receptor,Ki,nM,7.59,468.05,5.36
CHEMBL394779,70.0,CN1CCCc2ccccc2Cc2cc(O)ccc2CC1,Scientific Literature,Displacement of [3H]SCH 23390 from human dopamine D1 receptor,B,Homo sapiens,,J Med Chem,2007.0,Dopamine D1 receptor,Ki,nM,7.16,281.4,3.4
CHEMBL394777,10000.0,COc1cc2c(cc1Cl)CCN1CCCc3ccccc3C21,Scientific Literature,Displacement of [3H]SCH 23390 from human dopamine D1 receptor,B,Homo sapiens,,J Med Chem,2007.0,Dopamine D1 receptor,Ki,nM,,313.83,4.24
CHEMBL379862,4749.0,O=C(NN1c2ccc(Cl)cc2N=C(N2CCN(Cc3cccc4c3OC(F)(F)O4)CC2)c2ccccc21)c1ccccc1Cl,Scientific Literature,Displacement of [3H]SCH 23390 from dopamine D1 receptor expressed in CHO cells,B,Homo sapiens,,Bioorg Med Chem Lett,2006.0,Dopamine D1 receptor,Ki,nM,5.32,636.49,7.01
CHEMBL5074765,1400.0,O=C(O)c1cc(-c2ccc([C@@H]3C[C@@H]4C[C@H]3CN4)cc2)c2ccc(-c3ccc(C(F)(F)F)cc3)cc2c1,Scientific Literature,Inhibition of dopamine D1 receptor (unknown origin) assessed as binding constant,B,Homo sapiens,,J Med Chem,2022.0,Dopamine D1 receptor,Ki,nM,5.85,487.52,7.36
CHEMBL515342,10.0,CCCCCC(=O)Oc1cccc2c1-c1cccc3c1[C@@H](C2)N(CCC)CC3,Scientific Literature,Displacement of [3H]8OH-DPAT from human dopamine D1 receptor expressed in HEK293 cells,B,Homo sapiens,,Bioorg Med Chem,2008.0,Dopamine D1 receptor,Ki,nM,8.0,377.53,5.7
CHEMBL514382,346.74,O=C1c2ccccc2CCN1CCCCN1CCN(c2ccccc2Cl)CC1,Scientific Literature,Displacement of [3H]SCH23390 from human dopamine D1 receptor,B,Homo sapiens,,Bioorg Med Chem Lett,2009.0,Dopamine D1 receptor,Ki,nM,6.46,397.95,3.94
CHEMBL2420891,10000.0,Clc1cccc(N2CCN(Cc3csc4ccccc34)CC2)c1Cl,Scientific Literature,Displacement of [3H]SCH23390 from human dopamine D1 receptor,B,Homo sapiens,,Bioorg Med Chem Lett,2013.0,Dopamine D1 receptor,Ki,nM,,377.34,5.53
CHEMBL2420775,10000.0,Fc1ccc(N2CCN(Cc3cccs3)CC2)cc1,Scientific Literature,Displacement of [3H]SCH23390 from human dopamine D1 receptor,B,Homo sapiens,,Bioorg Med Chem Lett,2013.0,Dopamine D1 receptor,Ki,nM,,276.38,3.21
CHEMBL3287404,260.0,O/N=C/c1cc2cc(OCCCCN3CCN(c4cccc(Cl)c4Cl)CC3)ccn2n1,Scientific Literature,Displacement of [3H]SCH23390 from human dopamine D1 receptor expressed in HEK293 cells by competitive binding assay,B,Homo sapiens,,J Med Chem,2014.0,Dopamine D1 receptor,Ki,nM,6.58,462.38,4.43
CHEMBL303012,1.6,Cc1ccc([C@H]2CN(C)CCc3cc(Cl)c(O)cc32)cc1,Scientific Literature,Binding affinity to displace [3H]- SCH 23390 against Dopamine receptor D1,B,,,J Med Chem,1990.0,Dopamine D1 receptor,Ki,nM,8.8,301.82,3.97
CHEMBL3671280,88.3,Cc1cc(Oc2nccc3[nH]ccc23)ccc1-c1c(C)cnnc1C,BindingDB Patent Bioactivity Data,"Receptor Binding Assay: The affinity of the compounds described herein was determined by competition binding assays similar to those described in Ryman-Rasmussen et al., Differential activation of adenylate cyclase and receptor internalization by novel dopamine D1 receptor agonists, Molecular Pharmacology 68(4):1039-1048 (2005). This radioligand binding assay used [3H]-SCH23390, a radiolabeled D1 ligand, to evaluate the ability of a test compound to compete with the radioligand when binding to a D1 receptor. D1 binding assays were performed using over-expressing LTK human cell lines. To determine basic assay parameters, ligand concentrations were determined from saturation binding studies where the Kd for [3H]-SCH23390 was found to be 1.3 nM. From tissue concentration curve studies, the optimal amount of tissue was determined to be 1.75 mg/mL per 96 well plate using 0.5 nM of [3H]-SCH23390. These ligand and tissue concentrations were used in time course studies to determine linearity and equilibrium condition.",B,,,,2014.0,Dopamine D1 receptor,Ki,nM,7.05,330.39,4.74
CHEMBL1627317,10000.0,COc1ccccc1N1CCN(CC(O)CCNC(=O)c2cc3ccccc3o2)CC1,Scientific Literature,Displacement of [3H]SCH23390 from D1 receptor,B,,,J Med Chem,2009.0,Dopamine D1 receptor,Ki,nM,,423.51,2.74
CHEMBL3797205,2800.0,COc1cc(CCNC[C@@H](O)c2ccc(O)c3c2OCC(=O)N3)ccc1OCCCc1ccccc1,Scientific Literature,Displacement of [3H]SCH23390 from human D1 receptor expressed in HEK293 cells,B,Homo sapiens,,Bioorg Med Chem,2016.0,Dopamine D1 receptor,Ki,nM,5.55,492.57,3.61
CHEMBL5289958,1527.0,Fc1ccc(CN2CCCC3(CCN(Cc4cc5ccc(Cl)cc5[nH]4)C3)C2)cc1F,Scientific Literature,Displacement of [3H]SCH23390 from D1 receptor in HEK293 cell membrane assessed as inhibition constant,B,Homo sapiens,,Eur J Med Chem,2022.0,Dopamine D1 receptor,Ki,nM,5.82,429.94,5.59
CHEMBL3671270,24.7,Cc1cc2n[nH]cc2c(Oc2ccc(-c3c(C)n[nH]c(=O)c3C)cc2)n1,BindingDB Patent Bioactivity Data,"Receptor Binding Assay: The affinity of the compounds described herein was determined by competition binding assays similar to those described in Ryman-Rasmussen et al., Differential activation of adenylate cyclase and receptor internalization by novel dopamine D1 receptor agonists, Molecular Pharmacology 68(4):1039-1048 (2005). This radioligand binding assay used [3H]-SCH23390, a radiolabeled D1 ligand, to evaluate the ability of a test compound to compete with the radioligand when binding to a D1 receptor. D1 binding assays were performed using over-expressing LTK human cell lines. To determine basic assay parameters, ligand concentrations were determined from saturation binding studies where the Kd for [3H]-SCH23390 was found to be 1.3 nM. From tissue concentration curve studies, the optimal amount of tissue was determined to be 1.75 mg/mL per 96 well plate using 0.5 nM of [3H]-SCH23390. These ligand and tissue concentrations were used in time course studies to determine linearity and equilibrium condition.",B,,,,2014.0,Dopamine D1 receptor,Ki,nM,7.61,347.38,3.43
CHEMBL3983937,100000.0,Cc1ncoc1-c1nnc(SCCCN2CC[C@@]3(C[C@H]3c3ccccc3)C2)n1C,Scientific Literature,Activity at dopamine D1 receptor (unknown origin),B,Homo sapiens,,J Med Chem,2016.0,Dopamine D1 receptor,Ki,nM,,409.56,4.14
CHEMBL139600,1100.0,COc1ccccc1N1CCN(CCCCCNC(=O)c2cnn3ccccc23)CC1,Scientific Literature,Binding affinity for porcine Dopamine receptor D1 by [3H]-SCH- 23390 displacement.,B,,,J Med Chem,2002.0,Dopamine D1 receptor,Ki,nM,5.96,421.55,3.07
CHEMBL5085145,1400.0,N[C@H]1C[C@@H](CO)[C@H](c2ccc(-c3cc(C(=O)O)cc4cc(-c5ccc(C(F)(F)F)cc5)ccc34)cc2)C1,Scientific Literature,Inhibition of dopamine D1 receptor (unknown origin) assessed as binding constant,B,Homo sapiens,,J Med Chem,2022.0,Dopamine D1 receptor,Ki,nM,5.85,505.54,6.7
CHEMBL5201983,1.0,[2H]c1c([2H])c([2H])c([C@@H]2C[C@@H](N3CCNC(C)(C)C3)c3cc(Cl)ccc32)c([2H])c1[2H],Scientific Literature,Displacement of [3H]SCH 23390 from recombinant human D1 receptor measured after 60 mins by scintillation counting analysis,B,Homo sapiens,,Bioorg Med Chem Lett,2022.0,Dopamine D1 receptor,Ki,nM,9.0,345.93,4.6
CHEMBL364565,33.7,c1ccc(Cc2ccccc2OCCN2CCCCC2)cc1,Scientific Literature,Binding affinity for human recombinant dopamine receptor D1,B,Homo sapiens,,J Med Chem,2004.0,Dopamine D1 receptor,Ki,nM,7.47,295.43,4.14
CHEMBL184073,1480.0,c1ccc(Cc2ccccc2OCCN2CCN(c3ccccc3)CC2)cc1,Scientific Literature,Binding affinity for human recombinant dopamine receptor D1,B,Homo sapiens,,J Med Chem,2004.0,Dopamine D1 receptor,Ki,nM,5.83,372.51,4.48
CHEMBL184049,35.5,COc1ccc2c(c1)OCCN(C)CCc1ccccc1C2,Scientific Literature,Binding affinity for human recombinant dopamine receptor D1,B,Homo sapiens,,J Med Chem,2004.0,Dopamine D1 receptor,Ki,nM,7.45,297.4,3.15
CHEMBL2057454,52.34,COc1cc2c(c(OC)c1)CN1CCc3cc(OC)c(O)c(OC)c3[C@@H]1C2,Scientific Literature,Displacement of [3H]SCH23390 from human dopamine D1 receptor expressed in HEK293 cells,B,Homo sapiens,,Bioorg Med Chem,2012.0,Dopamine D1 receptor,Ki,nM,7.28,371.43,3.08
CHEMBL2057451,337.7,COc1cc2c(cc1OC)[C@@H]1Cc3cc(C)cc(C)c3CN1CC2,Scientific Literature,Displacement of [3H]SCH23390 from human dopamine D1 receptor expressed in HEK293 cells,B,Homo sapiens,,Bioorg Med Chem,2012.0,Dopamine D1 receptor,Ki,nM,6.47,323.44,3.98
CHEMBL212402,47.0,CN1CCN(C2=Nc3cc(Cl)ccc3N(NC(=O)c3cccc(C#N)c3)c3ccc(Cl)cc32)CC1,Scientific Literature,Displacement of [3H]SCH 23390 from dopamine D1 receptor expressed in CHO cells,B,Homo sapiens,,Bioorg Med Chem Lett,2006.0,Dopamine D1 receptor,Ki,nM,7.33,505.41,4.99
CHEMBL5187721,10000.0,Fc1cc(COC2CCN(Cc3ccc4[nH]cnc4c3)CC2)ccc1Cl,Scientific Literature,Displacement of [3H]SCH23390 from D1 receptor in HEK293 cell membrane assessed as inhibition constant,B,Homo sapiens,,Eur J Med Chem,2022.0,Dopamine D1 receptor,Ki,nM,,373.86,4.54
CHEMBL364586,1651.0,O=C(c1ccccc1)c1ccccc1OCCN1CCCC1,Scientific Literature,Binding affinity for human recombinant dopamine receptor D1,B,Homo sapiens,,J Med Chem,2004.0,Dopamine D1 receptor,Ki,nM,5.78,295.38,3.39
CHEMBL203734,25.3,COc1c(Cl)cc2c(c1Cl)Cc1ccccc1CCN(C)CC2,Scientific Literature,Displacement of [3H]SCH 23390 from D1 dopamine receptor,B,Homo sapiens,,J Med Chem,2006.0,Dopamine D1 receptor,Ki,nM,7.6,350.29,4.62
CHEMBL201177,10000.0,CN1CCCC(c2ccccc2)c2[nH]c3ccccc3c2CC1,Scientific Literature,Inhibition of binding to human D1 receptor expressed in HEK 293 cells by functional calcium assay,F,Homo sapiens,,J Med Chem,2006.0,Dopamine D1 receptor,Ki,nM,,304.44,4.57
CHEMBL381325,10000.0,O=C(CCCC(O)c1ccccc1)NCCC1=CCc2ccccc21,Scientific Literature,Inhibition of binding to human D1 receptor expressed in HEK 293 cells by functional calcium assay,F,Homo sapiens,,J Med Chem,2006.0,Dopamine D1 receptor,Ki,nM,,335.45,4.04
CHEMBL5287836,10000.0,COc1ccc(CO[C@H]2CCCN(Cc3ccc(C)cc3)C2)cc1F,Scientific Literature,Displacement of [3H]SCH23390 from D1 receptor in HEK293 cell membrane assessed as inhibition constant,B,Homo sapiens,,Eur J Med Chem,2022.0,Dopamine D1 receptor,Ki,nM,,343.44,4.32
CHEMBL2032049,2000.0,C[C@H]1c2c([nH]c3ccc(C(F)(F)F)cc23)C[C@H]2CCN(CCC3(C(=O)O)CCCCC3)C[C@@H]21,Scientific Literature,Binding affinity to dopamine D1 receptor,B,,,Bioorg Med Chem Lett,2012.0,Dopamine D1 receptor,Ki,nM,,462.56,6.21
CHEMBL4865663,57.0,Cc1ccc2c(c1)N=C(C1=CCN(C)CC1)c1cc(C)ccc1N2,Scientific Literature,Antagonist activity at human D1 receptor expressed in CHO cells assessed as inhibition of dopamine-induced calcium accumulation,F,Homo sapiens,,Bioorg Med Chem Lett,2021.0,Dopamine D1 receptor,Ki,nM,7.24,317.44,4.74
CHEMBL4868181,90.0,CCc1ccc2c(c1)C(C1=CCN(C)CC1)=Nc1cc(C)ccc1N2,Scientific Literature,Antagonist activity at human D1 receptor expressed in CHO cells assessed as inhibition of dopamine-induced calcium accumulation,F,Homo sapiens,,Bioorg Med Chem Lett,2021.0,Dopamine D1 receptor,Ki,nM,7.05,331.46,5.0
CHEMBL212912,4.1,CN1CCN(C2=Nc3cc(Cl)ccc3N(NC(=O)c3ccccc3Cl)c3ccccc32)CC1,Scientific Literature,Displacement of [3H]SCH 23390 from dopamine D1 receptor expressed in CHO cells,B,Homo sapiens,,Bioorg Med Chem Lett,2006.0,Dopamine D1 receptor,Ki,nM,8.39,480.4,5.12
CHEMBL201577,10000.0,O=C(CCCC(=O)c1ccccc1)NCCc1c[nH]c2ccccc12,Scientific Literature,Inhibition of binding to human D1 receptor expressed in HEK 293 cells by functional calcium assay,F,Homo sapiens,,J Med Chem,2006.0,Dopamine D1 receptor,Ki,nM,,334.42,3.88
CHEMBL3344460,133.05,CCCCCc1cc2c(s1)C[C@H]1c3cc(O)c(OC)cc3CCN1C2,Scientific Literature,Displacement of [3H]SCH23390 from D1 receptor (unknown origin) transfected in HEK293T cells after 50 mins by liquid scintillation counting analysis,B,Homo sapiens,,Bioorg Med Chem,2014.0,Dopamine D1 receptor,Ki,nM,6.88,357.52,4.85
CHEMBL2180638,10000.0,Oc1cccc(CCN(CCc2ccccc2)CC2CC2)c1,Scientific Literature,Displacement of [3H]SCH-23390 from human dopamine D1 receptor expressed in LHD1 cells,B,Homo sapiens,,J Med Chem,2012.0,Dopamine D1 receptor,Ki,nM,,295.43,3.89
CHEMBL2180637,10000.0,CCCCCN(CCc1ccccc1)CCc1cccc(O)c1,Scientific Literature,Displacement of [3H]SCH-23390 from human dopamine D1 receptor expressed in LHD1 cells,B,Homo sapiens,,J Med Chem,2012.0,Dopamine D1 receptor,Ki,nM,,311.47,4.67
CHEMBL143352,2300.0,COc1ccccc1N1CCN(CCCCNC(=O)c2cccn3nccc23)CC1,Scientific Literature,Binding affinity for porcine Dopamine receptor D1 by [3H]-SCH- 23390 displacement.,B,,,J Med Chem,2002.0,Dopamine D1 receptor,Ki,nM,5.64,407.52,2.68
CHEMBL1744078,6.0,CN1CCc2ccc(O)cc2[C@@H](c2ccccc2)C1.Cl,Scientific Literature,Inhibition of [3H]-SCH- 23390 binding to Dopamine receptor D1 from canine striatum,B,Canis lupus familiaris,,J Med Chem,1992.0,Dopamine D1 receptor,Ki,nM,8.22,289.81,3.01
CHEMBL485036,190.0,Br.Oc1cc2c(c(-c3ccc(Cl)cc3)c1O)CCNCC2c1ccccc1,Scientific Literature,Displacement of [3H]SCH23390 from human dopamine D1 receptor expressed in HEK293 cells,B,Homo sapiens,,Bioorg Med Chem,2008.0,Dopamine D1 receptor,Ki,nM,6.72,446.77,4.7
CHEMBL366265,1959.0,CCN(CC)CCOc1ccccc1Cc1ccccc1,Scientific Literature,Binding affinity for human recombinant dopamine receptor D1,B,Homo sapiens,,J Med Chem,2004.0,Dopamine D1 receptor,Ki,nM,5.71,283.42,4.0
CHEMBL187367,113.0,c1ccc(Cc2ccccc2OCCCN2CCCC2)cc1,Scientific Literature,Binding affinity for human recombinant dopamine receptor D1,B,Homo sapiens,,J Med Chem,2004.0,Dopamine D1 receptor,Ki,nM,6.95,295.43,4.14
CHEMBL356597,28.0,CN1CCc2cc(I)c(O)cc2[C@@H](c2ccc(N=[N+]=[N-])cc2)C1,Scientific Literature,Ability to inhibit [3H]-SCH- 23390 binding to Dopamine receptor D1 of canine striatal membranes,B,Canis lupus familiaris,,J Med Chem,1990.0,Dopamine D1 receptor,Ki,nM,7.55,420.25,4.56
CHEMBL201444,10000.0,CCOC(=O)C(CBr)c1ccccc1,Scientific Literature,Inhibition of binding to human D1 receptor expressed in HEK 293 cells by functional calcium assay,F,Homo sapiens,,J Med Chem,2006.0,Dopamine D1 receptor,Ki,nM,,257.13,2.73
CHEMBL426662,10000.0,CN1CCCCC(c2ccccc2)c2[nH]c3ccccc3c2CC1,Scientific Literature,Inhibition of binding to human D1 receptor expressed in HEK 293 cells by functional calcium assay,F,Homo sapiens,,J Med Chem,2006.0,Dopamine D1 receptor,Ki,nM,,318.46,4.96
CHEMBL59,124.0,NCCc1ccc(O)c(O)c1,Scientific Literature,Displacement of [3H]SCH23390 from dopamine D1 receptor expressed in Ltk deficient fibroblast cells by liquid scintillation counting,B,,,Bioorg Med Chem,2009.0,Dopamine D1 receptor,Ki,nM,6.91,153.18,0.6
CHEMBL208847,780.0,COc1ccccc1N1CCN(CCCCNC(=O)c2cc3c4ccc(c3o2)CCc2ccc(cc2)CC4)CC1,Scientific Literature,Displacement of [3H]SCH 23390 from D1 receptor of porcine striatal membrane,B,Homo sapiens,,J Med Chem,2006.0,Dopamine D1 receptor,Ki,nM,6.11,537.7,5.66
CHEMBL381936,2.0,CN1CCc2cc(O)ccc2Cc2ccc(O)cc2CC1,Scientific Literature,Displacement of [3H]SCH 23390 from D1 dopamine receptor,B,Homo sapiens,,J Med Chem,2006.0,Dopamine D1 receptor,Ki,nM,8.7,283.37,2.72
CHEMBL444321,0.8,Cc1ccccc1[C@H]1CN(C)CCc2cc(Cl)c(O)cc21,Scientific Literature,Binding affinity to displace [3H]- SCH 23390 against Dopamine receptor D1,B,,,J Med Chem,1990.0,Dopamine D1 receptor,Ki,nM,9.1,301.82,3.97
CHEMBL196169,10000.0,COc1ccc(NC(=O)N2CCN(c3ccccc3F)CC2)cc1N1CCN(C)CC1,Scientific Literature,Affinity towards cloned Dopamine receptor D1,B,Homo sapiens,,Bioorg Med Chem Lett,2005.0,Dopamine D1 receptor,Ki,nM,,427.52,2.94
CHEMBL440390,10000.0,CCOC(=O)CCCC(Br)c1ccccc1,Scientific Literature,Inhibition of binding to human D1 receptor expressed in HEK 293 cells by functional calcium assay,F,Homo sapiens,,J Med Chem,2006.0,Dopamine D1 receptor,Ki,nM,,285.18,3.86
CHEMBL81,1932.0,O=C(c1ccc(OCCN2CCCCC2)cc1)c1c(-c2ccc(O)cc2)sc2cc(O)ccc12,DrugMatrix,DRUGMATRIX: Dopamine D1 radioligand binding (ligand: [3H] SCH-23390),B,,,,,Dopamine D1 receptor,Ki,nM,5.71,473.59,6.08
CHEMBL62,0.3,CN1CCc2cc(Cl)c(O)cc2[C@@H](c2ccccc2)C1,Scientific Literature,Compound was tested for the displacement of [3H]-SCH- 23390 from dopamine receptor D1,B,,,J Med Chem,1992.0,Dopamine D1 receptor,Ki,nM,9.52,287.79,3.67
CHEMBL213466,98.0,CN1CCN(C2=Nc3cc(Cl)ccc3N(NC(=O)c3cc(F)c(F)c(F)c3F)c3ccc(Cl)cc32)CC1,Scientific Literature,Displacement of [3H]SCH 23390 from dopamine D1 receptor expressed in CHO cells,B,Homo sapiens,,Bioorg Med Chem Lett,2006.0,Dopamine D1 receptor,Ki,nM,7.01,552.36,5.67
CHEMBL215641,503.0,O=C(NN1c2ccc(Cl)cc2N=C(N2CCN(Cc3ccccc3F)CC2)c2ccccc21)c1ccccc1Cl,Scientific Literature,Displacement of [3H]SCH 23390 from dopamine D1 receptor expressed in CHO cells,B,Homo sapiens,,Bioorg Med Chem Lett,2006.0,Dopamine D1 receptor,Ki,nM,6.3,574.49,6.83
CHEMBL203637,0.83,CN1CCc2ccccc2Cc2ccc(O)c(Cl)c2CC1,Scientific Literature,Displacement of [3H]SCH 23390 from D1 dopamine receptor,B,Homo sapiens,,J Med Chem,2006.0,Dopamine D1 receptor,Ki,nM,9.08,301.82,3.67
CHEMBL3115580,1160.0,O=C(O)C(=O)O.Oc1ccc2c(c1)O[C@@H](CNCc1ccccc1OCCCCF)CC2,Scientific Literature,Displacement of [3H]SCH23390 from human dopamine D1 receptor transfected in HEK293 cells after 2 hrs by scintillation counting analysis,B,Homo sapiens,,J Med Chem,2014.0,Dopamine D1 receptor,Ki,nM,5.94,449.48,4.0
CHEMBL3115580,1148.15,O=C(O)C(=O)O.Oc1ccc2c(c1)O[C@@H](CNCc1ccccc1OCCCCF)CC2,Scientific Literature,Displacement of [3H]SCH23390 from human dopamine D1 receptor transfected in HEK293 cells after 2 hrs by scintillation counting analysis,B,Homo sapiens,,J Med Chem,2014.0,Dopamine D1 receptor,Ki,nM,5.94,449.48,4.0
CHEMBL3115579,6910.0,O=C(O)C(=O)O.Oc1ccc2c(c1)O[C@@H](CNCc1ccc(OCCCCF)cc1)CC2,Scientific Literature,Displacement of [3H]SCH23390 from human dopamine D1 receptor transfected in HEK293 cells after 2 hrs by scintillation counting analysis,B,Homo sapiens,,J Med Chem,2014.0,Dopamine D1 receptor,Ki,nM,5.16,449.48,4.0
CHEMBL3115579,6606.93,O=C(O)C(=O)O.Oc1ccc2c(c1)O[C@@H](CNCc1ccc(OCCCCF)cc1)CC2,Scientific Literature,Displacement of [3H]SCH23390 from human dopamine D1 receptor transfected in HEK293 cells after 2 hrs by scintillation counting analysis,B,Homo sapiens,,J Med Chem,2014.0,Dopamine D1 receptor,Ki,nM,5.18,449.48,4.0
CHEMBL3115577,46500.0,O=C(O)C(=O)O.Oc1ccc2c(c1)O[C@@H](CN1CCN(c3ccc(I)cc3)CC1)CC2,Scientific Literature,Displacement of [3H]SCH23390 from human dopamine D1 receptor transfected in HEK293 cells after 2 hrs by scintillation counting analysis,B,Homo sapiens,,J Med Chem,2014.0,Dopamine D1 receptor,Ki,nM,4.33,540.35,3.51
CHEMBL3115585,10900.0,CCCCCCNC[C@H]1CCc2ccc(O)cc2O1.O=C(O)C(=O)O,Scientific Literature,Displacement of [3H]SCH23390 from human dopamine D1 receptor transfected in HEK293 cells after 2 hrs by scintillation counting analysis,B,Homo sapiens,,J Med Chem,2014.0,Dopamine D1 receptor,Ki,nM,4.96,353.42,3.26
CHEMBL3115585,10471.29,CCCCCCNC[C@H]1CCc2ccc(O)cc2O1.O=C(O)C(=O)O,Scientific Literature,Displacement of [3H]SCH23390 from human dopamine D1 receptor transfected in HEK293 cells after 2 hrs by scintillation counting analysis,B,Homo sapiens,,J Med Chem,2014.0,Dopamine D1 receptor,Ki,nM,4.98,353.42,3.26
CHEMBL435505,379.0,c1ccc(Cc2ccccc2OCCN2CCCC2)cc1,Scientific Literature,Binding affinity for human recombinant dopamine receptor D1,B,Homo sapiens,,J Med Chem,2004.0,Dopamine D1 receptor,Ki,nM,6.42,281.4,3.75
CHEMBL2397382,980.0,CN1CCc2ccc(CO)c3c2[C@H]1Cc1ccc(O)c(O)c1-3.Cl,Scientific Literature,Displacement of [3H]SCH23390 from human dopamine D1 receptor expressed in HEK293 cells by scintillation counting analysis,B,Homo sapiens,,Bioorg Med Chem,2013.0,Dopamine D1 receptor,Ki,nM,6.01,333.82,2.34
CHEMBL182379,900.0,COc1ccccc1N1CCN(CCCCNC(=O)c2cc3cc(I)ccc3o2)CC1,Scientific Literature,Displacement of [3H]SCH23390 from D1 receptor,B,,,J Med Chem,2009.0,Dopamine D1 receptor,Ki,nM,6.05,533.41,4.38
CHEMBL1627306,10000.0,O=C(NCC[C@@H](O)CN1CCN(c2cccc(Cl)c2Cl)CC1)c1cc2ccccc2[nH]1,Scientific Literature,Displacement of [3H]SCH23390 from D1 receptor,B,,,J Med Chem,2009.0,Dopamine D1 receptor,Ki,nM,,461.39,3.78
CHEMBL1627314,10000.0,COc1ccc2[nH]c(C(=O)NCCC(O)CN3CCN(c4cccc(Cl)c4Cl)CC3)cc2c1,Scientific Literature,Displacement of [3H]SCH23390 from D1 receptor,B,,,J Med Chem,2009.0,Dopamine D1 receptor,Ki,nM,,491.42,3.79
CHEMBL1627316,10000.0,O=C(NCCC(O)CN1CCN(c2cccc(Cl)c2Cl)CC1)c1cc2ccccc2o1,Scientific Literature,Displacement of [3H]SCH23390 from D1 receptor,B,,,J Med Chem,2009.0,Dopamine D1 receptor,Ki,nM,,462.38,4.04
CHEMBL476839,1759.0,COc1c(OCCF)cccc1C(O)C1CCN(CCc2ccc(C)cc2)CC1,Scientific Literature,Inhibition of human cloned dopamine D1 receptor by competitive binding experiment,B,Homo sapiens,,Bioorg Med Chem,2009.0,Dopamine D1 receptor,Ki,nM,5.75,401.52,4.34
CHEMBL3325916,349.0,CN1CCc2cc(-c3ccc(O)cc3)c(O)cc2C(c2ccccc2)C1,Scientific Literature,Displacement of [3H]SCH23390 from human dopamine D1 receptor expressed in HEK293 cell membranes by liquid scintillation counting based competition binding assay,B,Homo sapiens,,Eur J Med Chem,2014.0,Dopamine D1 receptor,Ki,nM,6.46,345.44,4.38
CHEMBL2180639,10000.0,Oc1cccc(CCN(CCc2ccccc2)CC2CCC2)c1,Scientific Literature,Displacement of [3H]SCH-23390 from human dopamine D1 receptor expressed in LHD1 cells,B,Homo sapiens,,J Med Chem,2012.0,Dopamine D1 receptor,Ki,nM,,309.45,4.28
CHEMBL1188090,10000.0,CCCN(CCc1ccccc1)CCc1cccc(O)c1,Scientific Literature,Displacement of [3H]SCH-23390 from human dopamine D1 receptor expressed in LHD1 cells,B,Homo sapiens,,J Med Chem,2012.0,Dopamine D1 receptor,Ki,nM,,283.42,3.89
CHEMBL3344465,379.28,COc1cc2c(cc1O)[C@@H]1Cc3sc(CC4CCC4)cc3CN1CC2,Scientific Literature,Displacement of [3H]SCH23390 from D1 receptor (unknown origin) transfected in HEK293T cells after 50 mins by liquid scintillation counting analysis,B,Homo sapiens,,Bioorg Med Chem,2014.0,Dopamine D1 receptor,Ki,nM,6.42,355.5,4.46
CHEMBL3792751,10000.0,Fc1ccc2c(CN3CCO[C@H](COc4cccc(Cl)n4)C3)c[nH]c2c1,Scientific Literature,Displacement of [3H]-SCH-23390 from human recombinant dopamine D1 receptor expressed in CHO cells,B,Homo sapiens,,Bioorg Med Chem Lett,2016.0,Dopamine D1 receptor,Ki,nM,,375.83,3.64
CHEMBL3800400,11000.0,COc1cc(CCNC[C@H](O)c2ccc(O)c3[nH]c(=O)ccc23)ccc1OCCCc1ccccc1,Scientific Literature,Displacement of [3H]SCH23390 from human D1 receptor expressed in HEK293 cells,B,Homo sapiens,,Bioorg Med Chem,2016.0,Dopamine D1 receptor,Ki,nM,4.96,488.58,4.12
CHEMBL1626,767.0,CN1CCC[C@@H]1CCO[C@](C)(c1ccccc1)c1ccc(Cl)cc1,DrugMatrix,DRUGMATRIX: Dopamine D1 radioligand binding (ligand: [3H] SCH-23390),B,,,,,Dopamine D1 receptor,Ki,nM,6.12,343.9,5.1
CHEMBL4641502,1150.0,CN1CCc2cccc3c2C1Cc1ccc2nc(N)sc2c1-3,Scientific Literature,Displacement of [3H]-SCH23390 from human dopamine D1 receptor expressed in HEKT cells incubated for 90 mins by microbeta counting method,B,Homo sapiens,,Bioorg Med Chem,2020.0,Dopamine D1 receptor,Ki,nM,5.94,307.42,3.63
CHEMBL4636318,1111.0,COc1cc2c3c(c1OC1CC1)-c1cc(N)ccc1CC3N(C)CC2,Scientific Literature,Binding affinity to human D1 receptor,B,Homo sapiens,,Bioorg Med Chem Lett,2020.0,Dopamine D1 receptor,Ki,nM,5.95,336.44,3.57
CHEMBL378341,24.0,CN1CCN(C2=Nc3cc(Cl)ccc3N(NC(=O)c3cc(F)ccc3C(F)(F)F)c3ccc(Cl)cc32)CC1,Scientific Literature,Displacement of [3H]SCH 23390 from dopamine D1 receptor expressed in CHO cells,B,Homo sapiens,,Bioorg Med Chem Lett,2006.0,Dopamine D1 receptor,Ki,nM,7.62,566.39,6.27
CHEMBL379286,238.0,O=C(NN1c2ccc(Cl)cc2N=C(N2CCN(Cc3ccc4c(c3)OCCO4)CC2)c2ccccc21)c1ccccc1Cl,Scientific Literature,Displacement of [3H]SCH 23390 from dopamine D1 receptor expressed in CHO cells,B,Homo sapiens,,Bioorg Med Chem Lett,2006.0,Dopamine D1 receptor,Ki,nM,6.62,614.53,6.46
CHEMBL213388,42.0,CN1CCN(C2=Nc3cc(Cl)ccc3N(NC(=O)C3CCCCC3)c3ccccc32)CC1,Scientific Literature,Displacement of [3H]SCH 23390 from human dopamine D1 receptor expressed in CHO cells,B,Homo sapiens,,Bioorg Med Chem Lett,2006.0,Dopamine D1 receptor,Ki,nM,7.38,452.0,4.73
CHEMBL3084512,3000.0,O[C@@]1(c2ccc(Cl)cc2)C[C@H]2CC[C@@H](C1)N2Cc1csc2ccccc12,Scientific Literature,Displacement of [3H]SCH23390 from dopamine D1 receptor,B,,,J Med Chem,2008.0,Dopamine D1 receptor,Ki,nM,5.52,383.94,5.57
CHEMBL4226226,831.0,CN(C)c1ccc(C(=O)NCCCCN2CCC(c3cccc(O)c3)C2)cc1,Scientific Literature,Displacement of [3H]SCH23390 from human dopamine D1 receptor expressed in HEK293T cell membranes by radioligand binding assay,B,Homo sapiens,,Bioorg Med Chem Lett,2018.0,Dopamine D1 receptor,Ki,nM,6.08,381.52,3.46
CHEMBL397180,10000.0,COc1ccc(CCN2CCCc3ccccc3C2)cc1Cl,Scientific Literature,Displacement of [3H]SCH 23390 from human dopamine D1 receptor,B,Homo sapiens,,J Med Chem,2007.0,Dopamine D1 receptor,Ki,nM,,315.84,4.34
CHEMBL3115576,416.87,O=C(O)C(=O)O.Oc1ccc2c(c1)O[C@@H](CNCc1ccccc1I)CC2,Scientific Literature,Displacement of [3H]SCH23390 from human dopamine D1 receptor transfected in HEK293 cells after 2 hrs by scintillation counting analysis,B,Homo sapiens,,J Med Chem,2014.0,Dopamine D1 receptor,Ki,nM,6.38,485.27,3.48
CHEMBL2158641,0.94,CN1CCc2cc(Cl)c(O)cc2[C@@H](c2ccccc2)C1.O=C(O)/C(O)=C(/O)C(=O)O,Scientific Literature,Displacement of [3H]-SCH-23390 from human dopamine D1 receptor expressed in HEK293 cells after 30 mins by scintillation counting,B,Homo sapiens,,Bioorg Med Chem,2012.0,Dopamine D1 receptor,Ki,nM,9.03,435.86,
CHEMBL5410387,15.0,CCCOc1cc2c(cc1O)[C@@H]1Cc3ccc(O)c(OC)c3CN1CC2,Scientific Literature,Displacement of [3H]SCH-23390 from human dopamine D1 receptor assessed as inhibition constant,B,Homo sapiens,,J Med Chem,2023.0,Dopamine D1 receptor,Ki,nM,7.82,355.43,3.55
CHEMBL5399568,31.0,CCCCCOc1cc2c(cc1O)[C@@H]1Cc3ccc(O)c(OC)c3CN1CC2,Scientific Literature,Displacement of [3H]SCH-23390 from human dopamine D1 receptor assessed as inhibition constant,B,Homo sapiens,,J Med Chem,2023.0,Dopamine D1 receptor,Ki,nM,7.51,383.49,4.33
CHEMBL1632174,10000.0,O=C(O)CCCCCN1CCC(CNC(=O)c2c3n(c4ccccc24)CCCO3)CC1,Scientific Literature,Binding affinity to dopamine receptor D1,B,,,Bioorg Med Chem,2010.0,Dopamine D1 receptor,Ki,nM,,427.55,3.51
CHEMBL3344467,16.43,COc1cc2c(cc1O)[C@@H]1Cc3sc(CCCl)cc3CN1CC2,Scientific Literature,Displacement of [3H]SCH23390 from D1 receptor (unknown origin) transfected in HEK293T cells after 50 mins by liquid scintillation counting analysis,B,Homo sapiens,,Bioorg Med Chem,2014.0,Dopamine D1 receptor,Ki,nM,7.78,349.88,3.9
CHEMBL1949725,6.1,C[C@H]1Cc2c([nH]c3ccccc23)Cc2ccccc2CCN1C,Scientific Literature,Displacement of [3H]SCH23390 from human dopamine D1 receptor expressed in human HEK293 cells,B,Homo sapiens,,J Med Chem,2011.0,Dopamine D1 receptor,Ki,nM,8.21,304.44,4.18
CHEMBL3084515,3930.0,O[C@@]1(c2ccc(Cl)cc2)C[C@H]2CC[C@@H](C1)N2Cc1coc2ccccc12,Scientific Literature,Displacement of [3H]SCH23390 from dopamine D1 receptor,B,,,J Med Chem,2008.0,Dopamine D1 receptor,Ki,nM,5.41,367.88,5.1
CHEMBL1684134,1174.0,CCCN1CCc2cccc3c2[C@@H]1Cc1cccc(OCCCCN2CCN(c4ccccc4OC)CC2)c1-3,Scientific Literature,Displacement of [3H]SCH23390 from dopamine D1 receptor expressed in human HEK293 cells by liquid scintillation counter,B,,,Bioorg Med Chem,2011.0,Dopamine D1 receptor,Ki,nM,5.93,525.74,6.21
CHEMBL3115575,4290.0,O=C(O)C(=O)O.Oc1ccc2c(c1)O[C@@H](CNCc1cccc(I)c1)CC2,Scientific Literature,Displacement of [3H]SCH23390 from human dopamine D1 receptor transfected in HEK293 cells after 2 hrs by scintillation counting analysis,B,Homo sapiens,,J Med Chem,2014.0,Dopamine D1 receptor,Ki,nM,5.37,485.27,3.48
CHEMBL3115574,8670.0,O=C(O)C(=O)O.Oc1ccc2c(c1)O[C@@H](CNCc1ccc(I)cc1)CC2,Scientific Literature,Displacement of [3H]SCH23390 from human dopamine D1 receptor transfected in HEK293 cells after 2 hrs by scintillation counting analysis,B,Homo sapiens,,J Med Chem,2014.0,Dopamine D1 receptor,Ki,nM,5.06,485.27,3.48
CHEMBL4636948,316.0,COc1cc2c3c(c1O)-c1cc([N+](=O)[O-])ccc1CC3N(C)CC2,Scientific Literature,Binding affinity to human D1 receptor,B,Homo sapiens,,Bioorg Med Chem Lett,2020.0,Dopamine D1 receptor,Ki,nM,6.5,326.35,3.06
CHEMBL3289655,274.0,Clc1ccc(N2CCCN(CCCc3cc4ccccc4o3)CC2)cc1,Scientific Literature,Displacement of [3H]SCH23390 from human dopamine D1 receptor by PDSP assay,B,Homo sapiens,,Bioorg Med Chem,2014.0,Dopamine D1 receptor,Ki,nM,6.56,368.91,5.23
CHEMBL2420892,10000.0,CCOc1ccccc1N1CCN(Cc2ccccc2)CC1,Scientific Literature,Displacement of [3H]SCH23390 from human dopamine D1 receptor,B,Homo sapiens,,Bioorg Med Chem Lett,2013.0,Dopamine D1 receptor,Ki,nM,,296.41,3.41
CHEMBL2420769,10000.0,c1ccc(N2CCN(Cc3cccs3)CC2)cc1,Scientific Literature,Displacement of [3H]SCH23390 from human dopamine D1 receptor,B,Homo sapiens,,Bioorg Med Chem Lett,2013.0,Dopamine D1 receptor,Ki,nM,,258.39,3.07
CHEMBL4455719,5000.0,CCCN(CCCCNC(=O)c1ccc(-c2ccccn2)cc1)CC1CC1c1cc(Cl)ccc1OC.Cl,Scientific Literature,Displacement of [3H]-SCH23390 from recombinant human D1 receptor transiently expressed in HEKT cell membranes measured after 90 mins by microbeta scintillation counting method,B,Homo sapiens,,J Med Chem,2020.0,Dopamine D1 receptor,Ki,nM,,542.55,6.44
CHEMBL4531363,871.0,CCCN(CCCCNC(=O)c1cc2ccccc2[nH]1)CC1CC1c1cc(F)ccc1OC.Cl,Scientific Literature,Displacement of [3H]-SCH23390 from recombinant human D1 receptor transiently expressed in HEKT cell membranes measured after 90 mins by microbeta scintillation counting method,B,Homo sapiens,,J Med Chem,2020.0,Dopamine D1 receptor,Ki,nM,6.06,488.05,5.34
CHEMBL4514800,794.3,COc1ccc(F)cc1C1CC1CN(C)CCCSc1nnc(-c2ccccc2)n1C.Cl,Scientific Literature,Displacement of [3H]-SCH23390 from recombinant human D1 receptor transiently expressed in HEKT cell membranes measured after 90 mins by microbeta scintillation counting method,B,Homo sapiens,,J Med Chem,2020.0,Dopamine D1 receptor,Ki,nM,6.1,477.05,4.85
CHEMBL2057442,64.12,COc1cc2c(cc1OC)[C@@H]1Cc3c(CO)c(OC)cc(OC)c3CN1CC2,Scientific Literature,Displacement of [3H]SCH23390 from human dopamine D1 receptor expressed in HEK293 cells,B,Homo sapiens,,Bioorg Med Chem,2012.0,Dopamine D1 receptor,Ki,nM,7.19,385.46,2.87
CHEMBL328866,10000.0,COc1cc(NC(=O)C2CC2)c(Cl)cc1C(=O)N[C@H]1CCN(Cc2ccccc2)C1,Scientific Literature,Compound was tested for the Binding affinity against Human cloned Dopamine receptor D1 by Radio ligand ([3H]SCH-23390) binding assay,B,,,J Med Chem,1996.0,Dopamine D1 receptor,Ki,nM,,427.93,3.7
CHEMBL2413153,10000.0,Cn1c(=O)cnn(CCCCN2CCN(c3ccccc3OCCF)CC2)c1=O,Scientific Literature,Binding affinity to dopamine 1 receptor (unknown origin),B,Homo sapiens,,Bioorg Med Chem,2013.0,Dopamine D1 receptor,Ki,nM,,405.47,0.89
CHEMBL2062859,100000.0,CCN(CC)[C@H]1[C@H](CO)[C@@H]2CN(Cc3ccccc3)[C@@H](c3ccccn3)[C@@H]21,Scientific Literature,Displacement of [3H]SCH23390 from human D1 receptor expressed in HEK293 cells,B,Homo sapiens,,Eur J Med Chem,2012.0,Dopamine D1 receptor,Ki,nM,,365.52,3.2
CHEMBL3780268,6.7,COc1cc2c(cc1O)C1Cc3ccc(OCCCO)c(OC)c3CN1CC2,Scientific Literature,Displacement of [3H]SCH2390 from human dopamine D1 receptor by PDSP assay,B,Homo sapiens,,Bioorg Med Chem,2016.0,Dopamine D1 receptor,Ki,nM,8.17,385.46,2.83
CHEMBL344677,1200.0,COc1ccccc1N1CCN(CCCCNC(=O)c2cccc3ccnn23)CC1,Scientific Literature,Binding affinity for porcine Dopamine receptor D1 by [3H]-SCH- 23390 displacement.,B,,,J Med Chem,2002.0,Dopamine D1 receptor,Ki,nM,5.92,407.52,2.68
CHEMBL1949726,640.0,C[C@@H]1Cc2c([nH]c3ccccc23)Cc2ccccc2CCN1C,Scientific Literature,Displacement of [3H]SCH23390 from human dopamine D1 receptor expressed in human HEK293 cells,B,Homo sapiens,,J Med Chem,2011.0,Dopamine D1 receptor,Ki,nM,6.19,304.44,4.18
CHEMBL4758723,0.2,C[C@H]1C=C(C2=Nc3cc(Cl)ccc3Nc3ccc(F)cc32)CCN1C,Scientific Literature,Binding affinity to human dopamine D1 receptor,B,Homo sapiens,,Bioorg Med Chem Lett,2020.0,Dopamine D1 receptor,Ki,nM,9.7,355.84,5.31
CHEMBL4760903,1.4,CCc1ccc2c(c1)C(C1=C[C@H](C)N(C)CC1)=Nc1cc(Cl)ccc1N2,Scientific Literature,Binding affinity to human dopamine D1 receptor,B,Homo sapiens,,Bioorg Med Chem Lett,2020.0,Dopamine D1 receptor,Ki,nM,8.85,365.91,5.73
CHEMBL1814790,0.11,CN1CCc2cc(Cl)c(O)cc2[C@@H](c2ccccc2)C1.O=C(O)/C=C\C(=O)O,Scientific Literature,Binding affinity to human dopamine D1 receptor by radioligand displacement assay,B,Homo sapiens,,Eur J Med Chem,2013.0,Dopamine D1 receptor,Ki,nM,9.96,403.86,3.67
CHEMBL599282,0.5,CN1CCc2cc(Cl)c(O)cc2[C@@H](c2ccc(CN(C3CCC3)S(C)(=O)=O)cc2)C1,Scientific Literature,Binding affinity to dopamine D1 receptor,B,,,Bioorg Med Chem Lett,2010.0,Dopamine D1 receptor,Ki,nM,9.3,449.02,3.98
CHEMBL604132,2.4,CCNC(=O)Nc1cccc2c1CC[C@H]1[C@H]2c2cc(O)c(Cl)cc2CCN1C,Scientific Literature,Binding affinity to dopamine D1 receptor,B,,,Bioorg Med Chem Lett,2010.0,Dopamine D1 receptor,Ki,nM,8.62,399.92,4.12
CHEMBL1193274,207.0,CN1CCc2ccc(O)cc2C(c2ccccc2)C1,Scientific Literature,Displacement of [3H]SCH23390 from human dopamine D1 receptor expressed in HEK293 cell membranes by liquid scintillation counting based competition binding assay,B,Homo sapiens,,Eur J Med Chem,2014.0,Dopamine D1 receptor,Ki,nM,6.68,253.34,3.01
CHEMBL1831166,10000.0,COc1cc2c(cc1OC)CN(CCCCn1cc(-c3ccc(F)cc3)c3ccccc31)CC2,Scientific Literature,Displacement of [3H]SCH-23390 from human D1 receptor in cell-based assay,B,Homo sapiens,,Eur J Med Chem,2011.0,Dopamine D1 receptor,Ki,nM,,458.58,6.3
CHEMBL505308,190.0,Br.Oc1cc2c(cc1O)C(c1ccccc1)CNCC2,Scientific Literature,Displacement of [3H]SCH23390 from human dopamine D1 receptor expressed in HEK293 cells,B,Homo sapiens,,Bioorg Med Chem,2008.0,Dopamine D1 receptor,Ki,nM,6.72,336.23,2.38
CHEMBL485041,422.0,Br.Oc1cc2c(c(-c3ccc(F)cc3)c1O)CCNCC2c1ccccc1,Scientific Literature,Displacement of [3H]SCH23390 from human dopamine D1 receptor expressed in HEK293 cells,B,Homo sapiens,,Bioorg Med Chem,2008.0,Dopamine D1 receptor,Ki,nM,6.38,430.32,4.18
CHEMBL508399,3.715,CCN1CCc2ccccc2Cc2ccc(O)cc2CC1,Scientific Literature,Displacement of [3H]SCH23390 from human cloned dopamine D1 receptor,B,Homo sapiens,,Bioorg Med Chem Lett,2008.0,Dopamine D1 receptor,Ki,nM,8.43,281.4,3.4
CHEMBL2180641,10000.0,CCCCCCN(CCc1ccccc1)CCc1cccc(O)c1,Scientific Literature,Displacement of [3H]SCH-23390 from human dopamine D1 receptor expressed in LHD1 cells,B,Homo sapiens,,J Med Chem,2012.0,Dopamine D1 receptor,Ki,nM,,325.5,5.06
CHEMBL593395,2116.0,COc1ccc2c(c1)CCN1CCc3ccccc3C21,Scientific Literature,Displacement of [3H]SCH23390 from human dopamine D1 receptor expressed in CHO cells by scintillation counting,B,Homo sapiens,,Bioorg Med Chem,2009.0,Dopamine D1 receptor,Ki,nM,5.67,265.36,3.2
CHEMBL3233142,52.0,CN1CCN2c3c(cccc31)[C@@H]1CN(CCCC(=O)c3ccc(F)cc3)CC[C@@H]12.Cc1ccc(S(=O)(=O)O)cc1,Scientific Literature,Inhibition of human dopamine D1 receptor,B,Homo sapiens,,J Med Chem,2014.0,Dopamine D1 receptor,Ki,nM,7.28,565.71,3.92
CHEMBL201170,0.39,CN1CCc2ccccc2Cc2ccc(O)cc2CC1,Scientific Literature,Displacement of [3H]SCH23390 from human dopamine D1 receptor expressed in CHO cells by scintillation counting,B,Homo sapiens,,Bioorg Med Chem,2009.0,Dopamine D1 receptor,Ki,nM,9.41,267.37,3.01
CHEMBL594789,1264.0,COc1ccc2c(c1)CCCN(C)Cc1ccccc1C2,Scientific Literature,Displacement of [3H]SCH23390 from human dopamine D1 receptor expressed in CHO cells by scintillation counting,B,Homo sapiens,,Bioorg Med Chem,2009.0,Dopamine D1 receptor,Ki,nM,5.9,281.4,3.66
CHEMBL1806870,4200.0,CCCN1CCc2cccc3c2C1Cc1cccc(OC(=O)NCc2ccccc2)c1-3,Scientific Literature,Displacement of [3H]SCH23390 from dopamine D1 receptor expressed in HEK293 cells after 50 mins by beta liquid scintillation counter,B,,,J Med Chem,2011.0,Dopamine D1 receptor,Ki,nM,5.38,412.53,5.51
CHEMBL240773,8700.0,CCCN1CCC[C@@H]2Cc3[nH]ncc3C[C@H]21,Scientific Literature,Displacement of [3H]SCH23390 from human D1 receptor expressed in HEK293 cells,B,Homo sapiens,,Bioorg Med Chem,2016.0,Dopamine D1 receptor,Ki,nM,5.06,219.33,2.0
CHEMBL591685,2.8,CN1CCc2cc(Cl)c(O)cc2[C@H]2c3cccc(N)c3CC[C@@H]21,Scientific Literature,Binding affinity to dopamine D1 receptor,B,,,Bioorg Med Chem Lett,2010.0,Dopamine D1 receptor,Ki,nM,8.55,328.84,3.56
CHEMBL604129,7.1,CN1CCc2cc(Cl)c(O)cc2[C@H]2c3cccc(NC(=O)Nc4c(Cl)cccc4Cl)c3CC[C@@H]21,Scientific Literature,Binding affinity to dopamine D1 receptor,B,,,Bioorg Med Chem Lett,2010.0,Dopamine D1 receptor,Ki,nM,8.15,516.86,6.93
CHEMBL600998,225.0,CN1CCc2cc(Cl)c(O)cc2[C@H]2c3cc(CN4CCCCC4)ccc3CC[C@@H]21,Scientific Literature,Binding affinity to dopamine D1 receptor,B,,,Bioorg Med Chem Lett,2010.0,Dopamine D1 receptor,Ki,nM,6.65,410.99,4.97
CHEMBL1086790,1836.0,c1ccc2c(c1)CCN1CCc3cccc4[nH]cc(c34)C21,Scientific Literature,Displacement of [3H]SCH23390 from human recombinant dopamine D1 receptor expressed in HEK293 cells by microplate scintillation counting,B,Homo sapiens,,J Med Chem,2010.0,Dopamine D1 receptor,Ki,nM,5.74,274.37,3.67
CHEMBL4645375,155.0,C=CCOc1c(OC)cc2c3c1-c1cc(NC(C)=O)ccc1CC3N(C)CC2,Scientific Literature,Binding affinity to human D1 receptor,B,Homo sapiens,,Bioorg Med Chem Lett,2020.0,Dopamine D1 receptor,Ki,nM,6.81,378.47,3.97
CHEMBL4463034,148.0,COc1ccc2[nH]cc(C3=CCN(Cc4cc(=O)[nH]c5ccccc45)CC3)c2c1,Scientific Literature,Displacement of [3H]SCH23390 from human D1 receptor expressed in commercial cell membranes,B,Homo sapiens,,Eur J Med Chem,2019.0,Dopamine D1 receptor,Ki,nM,6.83,385.47,4.31
CHEMBL4102628,11000.0,O=C1CCc2ccc(OCCCCN3CCCN(c4ccc(O)c5[nH]c(=O)ccc45)CC3)cc2N1,Scientific Literature,Displacement of [3H]SCH23390 from human D1R expressed in HEK293T cell membranes by radioligand binding assay,B,Homo sapiens,,J Med Chem,2017.0,Dopamine D1 receptor,Ki,nM,4.96,476.58,3.49
CHEMBL204065,26.9,COc1ccc2c(c1)CCN(C)CCc1cc(OC)ccc1C2,Scientific Literature,Inhibition of D1 dopamine receptor in HEK 293 cells by intracellular calcium assay,F,Homo sapiens,,J Med Chem,2006.0,Dopamine D1 receptor,Ki,nM,7.57,311.43,3.33
CHEMBL364270,250.0,CN(C)C[C@@H]1CC2c3ccccc3Oc3ccc(Cl)cc3[C@H]2O1,Scientific Literature,Inhibition of [3H]SCH-23390 binding to human Dopamine receptor D1,B,Homo sapiens,,J Med Chem,2005.0,Dopamine D1 receptor,Ki,nM,6.6,329.83,4.62
CHEMBL379662,37.6,COc1cccc2c1Cc1ccccc1CCN(C)CC2,Scientific Literature,Inhibition of D1 dopamine receptor in HEK 293 cells by intracellular calcium assay,F,Homo sapiens,,J Med Chem,2006.0,Dopamine D1 receptor,Ki,nM,7.42,281.4,3.32
CHEMBL380464,0.46,CN1CCc2ccccc2Cc2c(ccc(O)c2Cl)CC1,Scientific Literature,Displacement of [3H]SCH 23390 from D1 dopamine receptor,B,Homo sapiens,,J Med Chem,2006.0,Dopamine D1 receptor,Ki,nM,9.34,301.82,3.67
CHEMBL1684135,1307.0,CCCN1CCc2cccc3c2[C@H]1Cc1cccc(OCCCCN2CCN(c4ccccc4OC)CC2)c1-3,Scientific Literature,Displacement of [3H]SCH23390 from dopamine D1 receptor expressed in human HEK293 cells by liquid scintillation counter,B,,,Bioorg Med Chem,2011.0,Dopamine D1 receptor,Ki,nM,5.88,525.74,6.21
CHEMBL365697,201.0,c1ccc(Cc2ccccc2OCCN2CCOCC2)cc1,Scientific Literature,Binding affinity for human recombinant dopamine receptor D1,B,Homo sapiens,,J Med Chem,2004.0,Dopamine D1 receptor,Ki,nM,6.7,297.4,2.99
CHEMBL284644,140.0,Oc1cc2c(cc1O)[C@H]1c3ccncc3CN[C@@H]1CC2,Scientific Literature,Binding affinity to Dopamine receptor D1 by using radioligand [125I]SCH-23982 in HEK cells,B,,,Bioorg Med Chem Lett,1999.0,Dopamine D1 receptor,Ki,nM,6.85,268.32,2.04
CHEMBL1672305,5000.0,CCN1CCc2cc(OCCCF)cc3c2[C@H]1Cc1ccc(O)c(O)c1-3,Scientific Literature,Binding affinity to dopamine D1 receptor low binding site by radioligand displacement assay,B,,,ACS Med Chem Lett,2011.0,Dopamine D1 receptor,Ki,nM,,357.43,3.98
CHEMBL113196,130.0,CCCN(CCc1ccc(Nc2ccc([N+](=O)[O-])c3nonc23)cc1)[C@H]1CCc2c(O)cccc2C1,Scientific Literature,Binding affinity against dopamine receptor D1 by using [3H]-SCH- 23390 as radioligand in caudate-putamen of monkey,B,Cercopithecidae,Caudate-putamen,J Med Chem,1991.0,Dopamine D1 receptor,Ki,nM,6.89,487.56,5.39
CHEMBL1824785,10000.0,Cl.Fc1cccc(CN2C3CC4CC(C3)CC2C4)c1,Scientific Literature,Inhibition of D1 dopamine receptor by NIMH PDSP,B,,,Bioorg Med Chem Lett,2011.0,Dopamine D1 receptor,Ki,nM,,281.8,3.59
CHEMBL254298,10000.0,CC1(c2ccccc2)C(=O)Nc2cc(Cl)cc(Cl)c2C1=O,Scientific Literature,Displacement of [3H]SCH-23390 from human cloned dopamine D1 receptor,B,Homo sapiens,,Bioorg Med Chem Lett,2008.0,Dopamine D1 receptor,Ki,nM,,320.18,4.09
CHEMBL285924,49.0,COc1ccc2c(n1)CN[C@@H]1CCc3cc(O)c(O)cc3[C@@H]21,Scientific Literature,Binding affinity to Dopamine receptor D1 by using radioligand [125I]SCH-23982 in HEK cells,B,,,Bioorg Med Chem Lett,1999.0,Dopamine D1 receptor,Ki,nM,7.31,298.34,2.05
CHEMBL599977,0.7,CN1CCc2cc(Cl)c(O)cc2[C@H]2c3ccc(NC(=O)Nc4c(Cl)cccc4Cl)cc3CC[C@@H]21,Scientific Literature,Binding affinity to dopamine D1 receptor,B,,,Bioorg Med Chem Lett,2010.0,Dopamine D1 receptor,Ki,nM,9.15,516.86,6.93
CHEMBL602659,5.7,CN1CCc2cc(Cl)c(O)cc2[C@H]2c3cccc(NC(=O)C4CC4)c3CC[C@@H]21,Scientific Literature,Binding affinity to dopamine D1 receptor,B,,,Bioorg Med Chem Lett,2010.0,Dopamine D1 receptor,Ki,nM,8.24,396.92,4.33
CHEMBL405345,5000.0,CCCN1CCc2cc(OC)cc3c2[C@H]1Cc1cccc(O)c1-3,Scientific Literature,Binding affinity to dopamine D1 receptor low binding site by radioligand displacement assay,B,,,ACS Med Chem Lett,2011.0,Dopamine D1 receptor,Ki,nM,,309.41,3.93
CHEMBL1672302,5000.0,Oc1cccc2c1-c1cccc3c1[C@@H](C2)N(CCCF)CC3,Scientific Literature,Binding affinity to dopamine D1 receptor low binding site by radioligand displacement assay,B,,,ACS Med Chem Lett,2011.0,Dopamine D1 receptor,Ki,nM,,297.37,3.87
CHEMBL1672311,5000.0,CCN1CCc2cc(OCCCF)cc3c2[C@H]1Cc1cccc(O)c1-3,Scientific Literature,Binding affinity to dopamine D1 receptor low binding site by radioligand displacement assay,B,,,ACS Med Chem Lett,2011.0,Dopamine D1 receptor,Ki,nM,,341.43,4.27
CHEMBL3671284,28.3,Cc1ncnc(C#N)c1-c1ccc(Oc2nccc3[nH]ccc23)cc1F,BindingDB Patent Bioactivity Data,"Receptor Binding Assay: The affinity of the compounds described herein was determined by competition binding assays similar to those described in Ryman-Rasmussen et al., Differential activation of adenylate cyclase and receptor internalization by novel dopamine D1 receptor agonists, Molecular Pharmacology 68(4):1039-1048 (2005). This radioligand binding assay used [3H]-SCH23390, a radiolabeled D1 ligand, to evaluate the ability of a test compound to compete with the radioligand when binding to a D1 receptor. D1 binding assays were performed using over-expressing LTK human cell lines. To determine basic assay parameters, ligand concentrations were determined from saturation binding studies where the Kd for [3H]-SCH23390 was found to be 1.3 nM. From tissue concentration curve studies, the optimal amount of tissue was determined to be 1.75 mg/mL per 96 well plate using 0.5 nM of [3H]-SCH23390. These ligand and tissue concentrations were used in time course studies to determine linearity and equilibrium condition.",B,,,,2014.0,Dopamine D1 receptor,Ki,nM,7.55,345.34,4.13
CHEMBL607559,10000.0,Cc1cc2ccc3c(c2o1)-c1cccc2c1[C@@H](C3)N(C)CC2,Scientific Literature,Displacement of [3H]SCH23390 from dopamine D1 receptor expressed in HEK293 cells by liquid scintillation counting,B,,,J Med Chem,2010.0,Dopamine D1 receptor,Ki,nM,,289.38,4.49
CHEMBL596885,10000.0,C#CCOc1cccc2c1-c1cccc3c1[C@@H](C2)N(C)CC3,Scientific Literature,Displacement of [3H]SCH23390 from dopamine D1 receptor expressed in HEK293 cells by liquid scintillation counting,B,,,J Med Chem,2010.0,Dopamine D1 receptor,Ki,nM,,289.38,3.45
CHEMBL597882,10000.0,CCCN1CCc2cccc3c2[C@H]1Cc1ccc2c(C)c(C)oc2c1-3,Scientific Literature,Displacement of [3H]SCH23390 from dopamine D1 receptor expressed in HEK293 cells by liquid scintillation counting,B,,,J Med Chem,2010.0,Dopamine D1 receptor,Ki,nM,,331.46,5.58
CHEMBL596678,10000.0,CC#CCOc1cccc2c1-c1cccc3c1[C@@H](C2)N(CCC)CC3,Scientific Literature,Displacement of [3H]SCH23390 from dopamine D1 receptor expressed in HEK293 cells by liquid scintillation counting,B,,,J Med Chem,2010.0,Dopamine D1 receptor,Ki,nM,,331.46,4.62
CHEMBL210514,1620.0,COc1nc(NCCCN2CCOCC2)nc(OC)c1NC(=O)c1ccc(Oc2cc3c(cc2C)CCC3(C)C)o1,Scientific Literature,Binding affinity to human D1 receptor,B,Homo sapiens,,J Med Chem,2006.0,Dopamine D1 receptor,Ki,nM,5.79,565.67,4.8
CHEMBL201525,4.5,CN1CCc2ccccc2Cc2ccccc2CC1,Scientific Literature,Displacement of [3H]SCH 23390 from human cloned dopamine D1 receptor expressed in HEK 293 cells,B,Homo sapiens,,Bioorg Med Chem Lett,2007.0,Dopamine D1 receptor,Ki,nM,8.35,251.37,3.31
CHEMBL212383,7.8,CN1CCN(C2=Nc3cc(Cl)ccc3N(NC(=O)c3ccccc3N3CCCCC3)c3ccccc32)CC1,Scientific Literature,Displacement of [3H]SCH 23390 from human dopamine D1 receptor expressed in CHO cells,B,Homo sapiens,,Bioorg Med Chem Lett,2006.0,Dopamine D1 receptor,Ki,nM,8.11,529.09,5.45
CHEMBL378914,28.0,CCOc1c(C(=O)NN2c3ccc(Cl)cc3N=C(N3CCN(C)CC3)c3ccccc32)sc2ccccc12,Scientific Literature,Displacement of [3H]SCH 23390 from human dopamine D1 receptor expressed in CHO cells,B,Homo sapiens,,Bioorg Med Chem Lett,2006.0,Dopamine D1 receptor,Ki,nM,7.55,546.1,6.08
CHEMBL379874,14.0,CN1CCN(C2=Nc3cc(Cl)ccc3N(NC(=O)c3cccs3)c3ccccc32)CC1,Scientific Literature,Displacement of [3H]SCH 23390 from human dopamine D1 receptor expressed in CHO cells,B,Homo sapiens,,Bioorg Med Chem Lett,2006.0,Dopamine D1 receptor,Ki,nM,7.85,451.98,4.52
CHEMBL425069,1.6,COc1cccc(OC)c1C(=O)NN1c2ccc(Cl)cc2N=C(N2CCN(C)CC2)c2ccccc21,Scientific Literature,Displacement of [3H]SCH 23390 from human dopamine D1 receptor expressed in CHO cells,B,Homo sapiens,,Bioorg Med Chem Lett,2006.0,Dopamine D1 receptor,Ki,nM,8.8,506.01,4.48
CHEMBL213793,3.0,Cc1cccc(C(=O)NN2c3ccc(Cl)cc3N=C(N3CCN(C)CC3)c3ccccc32)c1,Scientific Literature,Displacement of [3H]SCH 23390 from human dopamine D1 receptor expressed in CHO cells,B,Homo sapiens,,Bioorg Med Chem Lett,2006.0,Dopamine D1 receptor,Ki,nM,8.52,459.98,4.77
CHEMBL378886,68.0,CN1CCN(C2=Nc3cc(Cl)ccc3N(NC(=O)c3ccc(C(F)(F)F)cc3)c3ccccc32)CC1,Scientific Literature,Displacement of [3H]SCH 23390 from human dopamine D1 receptor expressed in CHO cells,B,Homo sapiens,,Bioorg Med Chem Lett,2006.0,Dopamine D1 receptor,Ki,nM,7.17,513.95,5.48
CHEMBL379757,98.0,CN1CCN(C2=Nc3cc(Cl)ccc3N(NC(=O)C(C)(C)C)c3ccccc32)CC1,Scientific Literature,Displacement of [3H]SCH 23390 from human dopamine D1 receptor expressed in CHO cells,B,Homo sapiens,,Bioorg Med Chem Lett,2006.0,Dopamine D1 receptor,Ki,nM,7.01,425.96,4.19
CHEMBL383869,494.0,CC(=O)NN1c2ccc(Cl)cc2N=C(N2CCN(C)CC2)c2ccccc21,Scientific Literature,Displacement of [3H]SCH 23390 from human dopamine D1 receptor expressed in CHO cells,B,Homo sapiens,,Bioorg Med Chem Lett,2006.0,Dopamine D1 receptor,Ki,nM,6.31,383.88,3.17
CHEMBL215140,280.0,CN1CCN(C2=Nc3cc(Cl)ccc3N(N)c3ccccc32)CC1,Scientific Literature,Displacement of [3H]SCH 23390 from human dopamine D1 receptor expressed in CHO cells,B,Homo sapiens,,Bioorg Med Chem Lett,2006.0,Dopamine D1 receptor,Ki,nM,6.55,341.85,2.99
CHEMBL517407,248.0,CN(CC/C=C1\c2ccccc2Sc2ccc(Cl)cc21)Cc1ccc(OCCCN2CCCCC2)cc1,Scientific Literature,Displacement of [3H]SCH23390 from human dopamine D1 receptor expressed in HEK cells,B,Homo sapiens,,Bioorg Med Chem Lett,2009.0,Dopamine D1 receptor,Ki,nM,6.61,533.18,8.01
CHEMBL464811,866.0,Clc1ccc2c(c1)N=C(N1CCN(Cc3ccc(OCCCN4CCCCC4)cc3)CC1)c1ccccc1N2,Scientific Literature,Displacement of [3H]SCH23390 from human dopamine D1 receptor expressed in HEK cells,B,Homo sapiens,,Bioorg Med Chem Lett,2009.0,Dopamine D1 receptor,Ki,nM,6.06,544.14,6.55
CHEMBL455288,203.0,O=C(OCCN1CCN(CCCN2c3ccccc3Sc3ccc(C(F)(F)F)cc32)CC1)c1ccc(OCCCN2CCCCC2)cc1,Scientific Literature,Displacement of [3H]SCH23390 from human dopamine D1 receptor expressed in HEK cells,B,Homo sapiens,,Bioorg Med Chem Lett,2009.0,Dopamine D1 receptor,Ki,nM,6.69,682.85,7.43
CHEMBL574700,551.0,COc1ccccc1N1CCN(CCCc2cn(CCCN3CCc4cc(O)c(O)cc4C(c4ccccc4C)C3)nn2)CC1,Scientific Literature,Displacement of [3H]SCH23390 from dopamine D1 receptor expressed in HEK293 cells by liquid scintillation counting,B,,,Bioorg Med Chem,2009.0,Dopamine D1 receptor,Ki,nM,6.26,610.8,4.84
CHEMBL275379,240.0,Cc1cnc2c(c1)[C@@H]1c3cc(O)c(O)cc3CC[C@H]1NC2,Scientific Literature,Binding affinity to Dopamine receptor D1 by using radioligand [125I]SCH-23982 in HEK cells,B,,,Bioorg Med Chem Lett,1999.0,Dopamine D1 receptor,Ki,nM,6.62,282.34,2.35
CHEMBL5209344,10000.0,Cn1ncc2cc(CN3CCC(OCc4ccc(F)c(F)c4)CC3)ccc21,Scientific Literature,Displacement of [3H]SCH23390 from D1 receptor in HEK293 cell membrane assessed as inhibition constant,B,Homo sapiens,,Eur J Med Chem,2022.0,Dopamine D1 receptor,Ki,nM,,371.43,4.03
CHEMBL5274285,2373.0,Fc1ccc(CN2CCCC23CCN(Cc2cc4ccc(Cl)cc4[nH]2)C3)cc1F,Scientific Literature,Displacement of [3H]SCH23390 from D1 receptor in HEK293 cell membrane assessed as inhibition constant,B,Homo sapiens,,Eur J Med Chem,2022.0,Dopamine D1 receptor,Ki,nM,5.62,415.92,5.34
CHEMBL2298827,1000.0,S=c1[nH]c2ccc(OCCN3CCN(c4ccccc4)CC3)cc2[nH]1,Scientific Literature,Binding affinity to dopamine D1 receptor (unknown origin),B,Homo sapiens,,Med Chem Res,2013.0,Dopamine D1 receptor,Ki,nM,,354.48,3.43
CHEMBL2298821,1000.0,COc1ccc(N2CCN(CCCc3ccc4[nH]c(=S)[nH]c4c3)CC2)cc1,Scientific Literature,Binding affinity to dopamine D1 receptor (unknown origin),B,Homo sapiens,,Med Chem Res,2013.0,Dopamine D1 receptor,Ki,nM,,382.53,3.99
CHEMBL5395401,1443.0,CCN(CC)CCCC(C)Nc1cnc(C(=O)Nc2ccc(Cl)c3cccnc23)cn1,Scientific Literature,Binding affinity to dopamine D1 receptor (unknown origin) assessed as inhibition constant,B,Homo sapiens,,J Med Chem,2023.0,Dopamine D1 receptor,Ki,nM,5.84,440.98,4.85
CHEMBL5431371,5474.0,CCN(CC)CCCC(C)Nc1cnc(C(=O)Nc2cc(F)cc3cccnc23)cn1,Scientific Literature,Binding affinity to dopamine D1 receptor (unknown origin) assessed as inhibition constant,B,Homo sapiens,,J Med Chem,2023.0,Dopamine D1 receptor,Ki,nM,5.26,424.52,4.34
CHEMBL1242950,1000.0,CCCCC1CCN(CCCC(=O)c2ccccc2C)CC1,Scientific Literature,Binding affinity to human dopamine D1 receptor by radioligand displacement assay,B,Homo sapiens,,J Med Chem,2010.0,Dopamine D1 receptor,Ki,nM,,301.47,4.86
CHEMBL384500,11.0,CN1CCN(C2=Nc3cc(Cl)ccc3N(NC(=O)c3cccnc3Cl)c3ccccc32)CC1,Scientific Literature,Displacement of [3H]SCH 23390 from human dopamine D1 receptor expressed in CHO cells,B,Homo sapiens,,Bioorg Med Chem Lett,2006.0,Dopamine D1 receptor,Ki,nM,7.96,481.39,4.51
CHEMBL597881,10000.0,CCCN1CCc2cccc3c2[C@H]1Cc1ccc2cc(C)oc2c1-3,Scientific Literature,Displacement of [3H]SCH23390 from dopamine D1 receptor expressed in HEK293 cells by liquid scintillation counting,B,,,J Med Chem,2010.0,Dopamine D1 receptor,Ki,nM,,317.43,5.27
CHEMBL599080,10000.0,CCCN1CCc2cccc3c2[C@H]1Cc1cccc(OCC=C(C)C)c1-3,Scientific Literature,Displacement of [3H]SCH23390 from dopamine D1 receptor expressed in HEK293 cells by liquid scintillation counting,B,,,J Med Chem,2010.0,Dopamine D1 receptor,Ki,nM,,347.5,5.56
CHEMBL119455,61.0,CN1CCc2cccc3c2[C@H]1Cc1cccc(O)c1-3,Scientific Literature,Displacement of [3H]SCH23390 from dopamine D1 receptor expressed in HEK293 cells by liquid scintillation counting,B,,,J Med Chem,2010.0,Dopamine D1 receptor,Ki,nM,7.21,251.33,3.14
CHEMBL602052,5.8,CCS(=O)(=O)Nc1cccc2c1CC[C@H]1[C@H]2c2cc(O)c(Cl)cc2CCN1C,Scientific Literature,Binding affinity to dopamine D1 receptor,B,,,Bioorg Med Chem Lett,2010.0,Dopamine D1 receptor,Ki,nM,8.24,420.96,3.74
CHEMBL5425375,68.0,CCCCOc1c(O)ccc2c1CN1CCc3cc(OCCC)c(O)cc3[C@@H]1C2,Scientific Literature,Displacement of [3H]SCH-23390 from human dopamine D1 receptor assessed as inhibition constant,B,Homo sapiens,,J Med Chem,2023.0,Dopamine D1 receptor,Ki,nM,7.17,397.52,4.72
CHEMBL443843,10000.0,COc1ccc2c(c1)CCCN1CCCc3ccccc3C21,Scientific Literature,Displacement of [3H]SCH 23390 from human dopamine D1 receptor,B,Homo sapiens,,J Med Chem,2007.0,Dopamine D1 receptor,Ki,nM,,293.41,3.98
CHEMBL389357,29.4,COc1ccc2c(c1)CCCN(C)CCc1ccccc1C2,Scientific Literature,Displacement of [3H]SCH 23390 from human dopamine D1 receptor,B,Homo sapiens,,J Med Chem,2007.0,Dopamine D1 receptor,Ki,nM,7.53,295.43,3.71
CHEMBL5398357,111.0,CCCCCCOc1c(O)cc(Br)c2c1CN1CCc3cc(OCCC)c(O)cc3[C@@H]1C2,Scientific Literature,Displacement of [3H]SCH-23390 from human dopamine D1 receptor assessed as inhibition constant,B,Homo sapiens,,J Med Chem,2023.0,Dopamine D1 receptor,Ki,nM,6.96,504.47,6.26
CHEMBL4475406,4898.0,CCCN(CCCCNC(=O)c1ccc(-c2ccccn2)cc1)C[C@@H]1C[C@H]1c1cc(F)ccc1OC.Cl,Scientific Literature,Displacement of [3H]-SCH23390 from recombinant human D1 receptor transiently expressed in HEKT cell membranes measured after 90 mins by microbeta scintillation counting method,B,Homo sapiens,,J Med Chem,2020.0,Dopamine D1 receptor,Ki,nM,5.31,526.1,5.92
CHEMBL4456007,891.0,CCCN(CCCCNC(=O)c1cc2ccccc2[nH]1)CC1CC1c1cccc(Cl)c1Cl.Cl,Scientific Literature,Displacement of [3H]-SCH23390 from recombinant human D1 receptor transiently expressed in HEKT cell membranes measured after 90 mins by microbeta scintillation counting method,B,Homo sapiens,,J Med Chem,2020.0,Dopamine D1 receptor,Ki,nM,6.05,508.92,6.5
CHEMBL5404054,5390.0,CCc1cccc(N2CCN(CC[C@H]3CC[C@H](NC(=O)c4ccnc5ccccc45)CC3)CC2)c1Cl,Scientific Literature,Displacement of [3H]-SCH23390 from D1 receptor in HEK293 cell membranes by scintillation counting method,B,Homo sapiens,,J Med Chem,2023.0,Dopamine D1 receptor,Ki,nM,5.27,505.11,5.95
CHEMBL5409134,10000.0,CCc1cc(Cl)c(OC)c(N2CCN(CC[C@H]3CC[C@H](NC(=O)N(C)C)CC3)CC2)c1,Scientific Literature,Displacement of [3H]-SCH23390 from D1 receptor in HEK293 cell membranes by scintillation counting method,B,Homo sapiens,,J Med Chem,2023.0,Dopamine D1 receptor,Ki,nM,,451.06,4.25
CHEMBL85,620.0,Cc1nc2n(c(=O)c1CCN1CCC(c3noc4cc(F)ccc34)CC1)CCCC2,Scientific Literature,Binding affinity towards human Dopamine receptor D1,B,,,J Med Chem,2004.0,Dopamine D1 receptor,Ki,nM,6.21,410.49,3.59
CHEMBL17157,1337.0,CC(C)(C)c1ccc(C(O)CCCN2CCC(C(O)(c3ccccc3)c3ccccc3)CC2)cc1,DrugMatrix,DRUGMATRIX: Dopamine D1 radioligand binding (ligand: [3H] SCH-23390),B,,,,,Dopamine D1 receptor,Ki,nM,5.87,471.69,6.45
CHEMBL379875,31.0,COc1cc(C(=O)NN2c3ccc(Cl)cc3N=C(N3CCN(C)CC3)c3ccccc32)cc(OC)c1OC,Scientific Literature,Displacement of [3H]SCH 23390 from dopamine D1 receptor expressed in CHO cells,B,Homo sapiens,,Bioorg Med Chem Lett,2006.0,Dopamine D1 receptor,Ki,nM,7.51,536.03,4.49
CHEMBL215885,47.0,COc1ccc(C(=O)NN2c3ccc(Cl)cc3N=C(N3CCN(C)CC3)c3ccccc32)cc1,Scientific Literature,Displacement of [3H]SCH 23390 from dopamine D1 receptor expressed in CHO cells,B,Homo sapiens,,Bioorg Med Chem Lett,2006.0,Dopamine D1 receptor,Ki,nM,7.33,475.98,4.47
CHEMBL2062856,7000.0,CCN(CC)[C@@H]1[C@@H](CO)[C@H]2CN(Cc3ccccc3)[C@H](c3ccc(Br)cc3)[C@H]21,Scientific Literature,Displacement of [3H]SCH23390 from human D1 receptor expressed in HEK293 cells,B,Homo sapiens,,Eur J Med Chem,2012.0,Dopamine D1 receptor,Ki,nM,5.16,443.43,4.57
CHEMBL2062857,8000.0,CCN(CC)[C@H]1[C@H](CO)[C@@H]2CN(Cc3ccccc3)[C@@H](c3ccc(Br)cc3)[C@@H]21,Scientific Literature,Displacement of [3H]SCH23390 from human D1 receptor expressed in HEK293 cells,B,Homo sapiens,,Eur J Med Chem,2012.0,Dopamine D1 receptor,Ki,nM,5.1,443.43,4.57
CHEMBL298612,100000.0,Cn1cc(C(=O)C(=O)N[C@@H]2CN3CCC2CC3)c2ccccc21,Scientific Literature,Binding affinity against Dopamine D1 receptor,B,Homo sapiens,,Bioorg Med Chem Lett,1995.0,Dopamine D1 receptor,Ki,nM,,311.38,1.57
CHEMBL53294,8.1,CCCN1CCc2cc(OC)cc3c2[C@H]1Cc1ccc(O)c(O)c1-3,Scientific Literature,Binding affinity to dopamine D1 receptor high binding site by radioligand displacement assay,B,,,ACS Med Chem Lett,2011.0,Dopamine D1 receptor,Ki,nM,8.09,325.41,3.64
CHEMBL5399933,1014.0,CCCCCCOc1cc2c(cc1O)[C@@H]1Cc3ccc(O)c(OCCCCCC)c3CN1CC2,Scientific Literature,Displacement of [3H]SCH-23390 from human dopamine D1 receptor assessed as inhibition constant,B,Homo sapiens,,J Med Chem,2023.0,Dopamine D1 receptor,Ki,nM,5.99,467.65,6.67
CHEMBL43383,740.29,CCN(CC)CCCCC1CCN(CC(=O)N2c3ccccc3C(=O)Nc3cccnc32)CC1,EUbOPEN Chemogenomic Library,"PDSP Secondary Binding target: DRD1 - Compounds are tested at 10 uM concentration, plate are incubated at room temperature in the dark for 90 minutes. Reaction are stopped by vacuum filtration onto 0.3% polyethyleneimine soaked filter mats using Filtermate harvester. Scintillation cocktail is then melted onto microwave-dried filters on a hot plate and the radio activity is counted in Microbia counter. Compounds showing a minimum of 50% inhibition at 10 uM concentration are carried forward in this secondary binding assay to determine equilibrium binding affinity.",B,Homo sapiens,,,2024.0,Dopamine D1 receptor,Ki,nM,6.13,463.63,4.54
CHEMBL404352,1810.0,CC1(c2cccc(O)c2)C(=O)Nc2cc(Cl)cc(Cl)c2C1=O,Scientific Literature,Displacement of [3H]SCH-23390 from human cloned dopamine D1 receptor,B,Homo sapiens,,Bioorg Med Chem Lett,2008.0,Dopamine D1 receptor,Ki,nM,5.74,336.17,3.79
CHEMBL5438487,58.0,CCCOc1cc2c(cc1O)[C@@H]1Cc3ccc(O)c(OCCC)c3CN1CC2,Scientific Literature,Displacement of [3H]SCH-23390 from human dopamine D1 receptor assessed as inhibition constant,B,Homo sapiens,,J Med Chem,2023.0,Dopamine D1 receptor,Ki,nM,7.24,383.49,4.33
CHEMBL5396616,154.0,CCCOc1cc2c(cc1O)[C@@H]1Cc3ccc(O)c(OCCOCC)c3CN1CC2,Scientific Literature,Displacement of [3H]SCH-23390 from human dopamine D1 receptor assessed as inhibition constant,B,Homo sapiens,,J Med Chem,2023.0,Dopamine D1 receptor,Ki,nM,6.81,413.51,3.96
CHEMBL1672303,5000.0,CCCN1CCc2cc(OCCCF)cc3c2[C@H]1Cc1ccc(O)c(O)c1-3,Scientific Literature,Binding affinity to dopamine D1 receptor low binding site by radioligand displacement assay,B,,,ACS Med Chem Lett,2011.0,Dopamine D1 receptor,Ki,nM,,371.45,4.37
CHEMBL370364,388.7,Cc1ccc(-c2cc3c(=O)n(CCN4CCN(c5ccccc5Cl)CC4)c(=O)[nH]c3[nH]2)cc1,Scientific Literature,Binding affinity to dopamine D1 receptor,B,Homo sapiens,,Bioorg Med Chem Lett,2006.0,Dopamine D1 receptor,Ki,nM,6.41,463.97,3.47
CHEMBL5422870,22.0,COCCOCCOc1ccc(NC(=O)NCCCN2CCN(c3ccccc3OC)CC2)c(-c2ccccc2)c1,Scientific Literature,Displacement of [3H]SCH23390 from human dopamine D1 receptor expressed in HEK293T cells assessed as inhibition constant by competition binding assay,B,Homo sapiens,,J Med Chem,2023.0,Dopamine D1 receptor,Ki,nM,7.66,562.71,4.74
CHEMBL204098,9.3,CN1CCc2ccccc2Cc2cc(N)c(O)cc2CC1,Scientific Literature,Displacement of [3H]SCH 23390 from D1 dopamine receptor,B,Homo sapiens,,J Med Chem,2006.0,Dopamine D1 receptor,Ki,nM,8.03,282.39,2.6
CHEMBL1684129,910.0,CCCN1CCc2cccc3c2C1Cc1cccc(OCCCN(CCCN2CCN(c4ccccc4OC)CC2)S(C)(=O)=O)c1-3,Scientific Literature,Displacement of [3H]SCH23390 from dopamine D1 receptor expressed in human HEK293 cells by liquid scintillation counter,B,,,Bioorg Med Chem,2011.0,Dopamine D1 receptor,Ki,nM,6.04,646.9,5.47
CHEMBL201393,10000.0,c1ccc(C2CCN3CCc4c([nH]c5ccccc45)C23)cc1,Scientific Literature,Inhibition of binding to human D1 receptor expressed in HEK 293 cells by functional calcium assay,F,Homo sapiens,,J Med Chem,2006.0,Dopamine D1 receptor,Ki,nM,,288.39,4.25
CHEMBL1672288,10000.0,N#Cc1cc(F)cc(C#Cc2csc(F)n2)c1,Scientific Literature,Binding affinity to dopamine D1 receptor,B,,,J Med Chem,2011.0,Dopamine D1 receptor,Ki,nM,,246.24,2.69
CHEMBL964,1079.0,CCN(CC)C(=S)SSC(=S)N(CC)CC,DrugMatrix,DRUGMATRIX: Dopamine D1 radioligand binding (ligand: [3H] SCH-23390),B,,,,,Dopamine D1 receptor,Ki,nM,5.97,296.55,3.62
CHEMBL1909065,1454.0,CO[C@@H]1[C@@H](OC)[C@H](C)[C@@](O)(CC(=O)O)O[C@H]1[C@H](C)[C@H]1O[C@@]2(CC[C@@](C)([C@H]3CC[C@@](C)([C@@H]4O[C@@H]([C@H]5O[C@](C)(O)[C@H](C)C[C@@H]5C)C[C@@H]4O[C@@H]4C[C@H](OC)[C@@H](OC)[C@H](C)O4)O3)O2)C[C@H](O)[C@H]1C,DrugMatrix,DRUGMATRIX: Dopamine D1 radioligand binding (ligand: [3H] SCH-23390),B,,,,,Dopamine D1 receptor,Ki,nM,5.84,917.14,4.32
CHEMBL585741,221.0,Cc1cccc(C2CN(CCCc3cn(CCCN4CCN(c5nsc6ccccc56)CC4)nn3)CCc3cc(O)c(O)cc32)c1,Scientific Literature,Displacement of [3H]SCH23390 from dopamine D1 receptor expressed in HEK293 cells by liquid scintillation counting,B,,,Bioorg Med Chem,2009.0,Dopamine D1 receptor,Ki,nM,6.66,637.85,5.44
CHEMBL3697584,94.9,Cc1cc(Oc2ncccc2OC(F)(F)F)ccc1-c1c(C)n[nH]c(=O)c1C,BindingDB Patent Bioactivity Data,"Competition Binding Assay: The affinity of the compounds described herein was determined by competition binding assays similar to those described in Ryman-Rasmussen et al., Differential activation of adenylate cyclase and receptor internalization by novel dopamine D1 receptor agonists, Molecular Pharmacology 68(4):1039-1048 (2005). This radioligand binding assay used [3H]-SCH23390, a radiolabeled D1 ligand, to evaluate the ability of a test compound to compete with the radioligand when binding to a D1 receptor.D1 binding assays were performed using over-expressing LTK human cell lines. To determine basic assay parameters, ligand concentrations were determined from saturation binding studies where the Kd for [3H]-SCH23390 was found to be 1.3 nM. From tissue concentration curve studies, the optimal amount of tissue was determined to be 1.75 mg/mL per 96 well plate using 0.5 nM of [3H]-SCH23390. These ligand and tissue concentrations were used in time course studies to determine linearity and equilibrium.",B,,,,2015.0,Dopamine D1 receptor,Ki,nM,7.02,391.35,4.45
CHEMBL2335737,5.5,Cc1cc2c(cc1O)[C@H]1C[C@@](O)(c3ccc(Cl)cc3)CCN1CC2,Scientific Literature,Displacement of [3H]SCH23390 from dopamine D1 receptor (unknown origin) expressed in CHO cell membranes after 60 mins,B,Homo sapiens,,Bioorg Med Chem Lett,2013.0,Dopamine D1 receptor,Ki,nM,8.26,343.85,3.93
CHEMBL1395394,529.0,COc1cc2c(cc1O)[C@H]1Cc3ccc(OC)c(O)c3CN1CC2,Scientific Literature,Displacement of [3H]SCH23390 from dopamine D1 receptor (unknown origin) expressed in human HEK293 cells by liquid scintillation counter,B,Homo sapiens,,Bioorg Med Chem,2013.0,Dopamine D1 receptor,Ki,nM,6.28,327.38,2.77
CHEMBL2334890,135.0,COc1cc2c(cc1O)[C@H]1Cc3ccc(O)c(OC)c3CN1CC2,Scientific Literature,Displacement of [3H]SCH23390 from dopamine D1 receptor (unknown origin) expressed in human HEK293 cells by liquid scintillation counter,B,Homo sapiens,,Bioorg Med Chem,2013.0,Dopamine D1 receptor,Ki,nM,6.87,327.38,2.77
CHEMBL3220219,36.31,O=C1CC(CN2CCC(c3c[nH]c4cc(F)ccc34)CC2)Cc2nc(N3CCCC3)sc21,Scientific Literature,Binding affinity to dopamine D1 receptor (unknown origin),B,Homo sapiens,,Medchemcomm,2011.0,Dopamine D1 receptor,Ki,nM,7.44,452.6,4.99
CHEMBL201375,10000.0,CN1CCc2c([nH]c3ccccc23)CCC(c2ccccc2)C1,Scientific Literature,Inhibition of binding to human D1 receptor expressed in HEK 293 cells by functional calcium assay,F,Homo sapiens,,J Med Chem,2006.0,Dopamine D1 receptor,Ki,nM,,304.44,4.37
CHEMBL382780,10000.0,O=C1C(c2ccccc2)CCCN1CCc1c[nH]c2ccccc12,Scientific Literature,Inhibition of binding to human D1 receptor expressed in HEK 293 cells by functional calcium assay,F,Homo sapiens,,J Med Chem,2006.0,Dopamine D1 receptor,Ki,nM,,318.42,4.12
CHEMBL3287406,3500.0,N#Cc1cc2cc(OCCCCN3CCN(c4cccc(Cl)c4Cl)CC3)ccn2n1,Scientific Literature,Displacement of [3H]SCH23390 from human dopamine D1 receptor expressed in HEK293 cells by competitive binding assay,B,Homo sapiens,,J Med Chem,2014.0,Dopamine D1 receptor,Ki,nM,5.46,444.37,4.49
CHEMBL2057446,23.76,COc1cc2c(c(OC)c1)CN1CCc3cc(OC)c(OC)c(OC)c3[C@@H]1C2,Scientific Literature,Displacement of [3H]SCH23390 from human dopamine D1 receptor expressed in HEK293 cells,B,Homo sapiens,,Bioorg Med Chem,2012.0,Dopamine D1 receptor,Ki,nM,7.62,385.46,3.39
CHEMBL3976659,2.2,CCCOc1c(O)cc(Br)c2c1CN1CCc3cc(OC)c(O)cc3[C@@H]1C2,Scientific Literature,Displacement of [3H]SCH23390 from human D1 receptor expressed in HEKT cell membranes after 90 mins by microbeta scintillation counting method,B,Homo sapiens,,Eur J Med Chem,2017.0,Dopamine D1 receptor,Ki,nM,8.66,434.33,4.31
CHEMBL2298816,1000.0,COc1ccc(N2CCN(CCCc3ccc4nc[nH]c4c3)CC2)cc1,Scientific Literature,Binding affinity to dopamine D1 receptor (unknown origin),B,Homo sapiens,,Med Chem Res,2013.0,Dopamine D1 receptor,Ki,nM,,350.47,3.33
CHEMBL1627324,990.0,COc1ccccc1N1CCN(C/C=C/CNC(=O)c2cc3ccccc3o2)CC1,Scientific Literature,Displacement of [3H]SCH23390 from D1 receptor,B,,,J Med Chem,2009.0,Dopamine D1 receptor,Ki,nM,6.0,405.5,3.55
CHEMBL1627313,10000.0,COc1ccccc1N1CCN(CC(O)CCNC(=O)c2cc3cc(I)ccc3[nH]2)CC1,Scientific Literature,Displacement of [3H]SCH23390 from D1 receptor,B,,,J Med Chem,2009.0,Dopamine D1 receptor,Ki,nM,,548.43,3.08
CHEMBL4748915,380.0,CN1CC=C(C2=Nc3cc(Cl)ccc3Nc3ccccc32)CC1,Scientific Literature,Antagonist activity at human D1 receptor expressed in CHO cells assessed as inhibition of dopamine-induced calcium accumulation,F,Homo sapiens,,Bioorg Med Chem Lett,2021.0,Dopamine D1 receptor,Ki,nM,6.42,323.83,4.78
CHEMBL543472,702.0,Cl.Oc1ccc2c(c1)C(c1ccccc1)CNCC2,Scientific Literature,Inhibition of [3H]-SCH- 23390 binding to Dopamine receptor D1 from canine striatum,B,Canis lupus familiaris,,J Med Chem,1992.0,Dopamine D1 receptor,Ki,nM,6.15,275.78,2.67
CHEMBL42,180.0,CN1CCN(C2=Nc3cc(Cl)ccc3Nc3ccccc32)CC1,Scientific Literature,Compound was tested for the Binding affinity against Human cloned Dopamine receptor D1 by Radio ligand ([3H]SCH-23390) binding assay,B,,,J Med Chem,1996.0,Dopamine D1 receptor,Ki,nM,6.75,326.83,3.72
CHEMBL4085752,20000.0,O/N=C/c1cnn2ccc(OCCCCN3CCN(c4ccc(O)c5c4OCCO5)CC3)cc12,Scientific Literature,Displacement of [3H]SCH23390 from human D1R expressed in HEK293T cell membranes,B,Homo sapiens,,Bioorg Med Chem,2017.0,Dopamine D1 receptor,Ki,nM,,467.53,2.6
CHEMBL382010,2.6,CN1CCc2ccccc2Cc2cc(O)ccc2CC1,Scientific Literature,Inhibition of D1 dopamine receptor in HEK 293 cells by intracellular calcium assay,F,Homo sapiens,,J Med Chem,2006.0,Dopamine D1 receptor,Ki,nM,8.59,267.37,3.01
CHEMBL2298820,1000.0,S=c1[nH]c2ccc(CCCN3CCN(c4ccc(Cl)cc4)CC3)cc2[nH]1,Scientific Literature,Binding affinity to dopamine D1 receptor (unknown origin),B,Homo sapiens,,Med Chem Res,2013.0,Dopamine D1 receptor,Ki,nM,,386.95,4.63
CHEMBL231171,23.5,COc1ccc2c(c1)CCCN(C)CCCc1ccccc1C2,Scientific Literature,Displacement of [3H]SCH 23390 from human dopamine D1 receptor,B,Homo sapiens,,J Med Chem,2007.0,Dopamine D1 receptor,Ki,nM,7.63,309.45,4.1
CHEMBL45491,0.33,CN(C)C1C=CC2(CC1)c1ccccc1CCc1ccc(Cl)cc12,Scientific Literature,Binding affinity determined in radioreceptor binding assay by using [3H]SCH-23390 radioligand against dopamine receptor D1,B,,,J Med Chem,1991.0,Dopamine D1 receptor,Ki,nM,9.48,337.89,5.0
CHEMBL482276,116.0,CCCCC(=O)Oc1cccc2c1-c1cc(OC)cc3c1[C@@H](C2)N(C)CC3,Scientific Literature,Displacement of [3H]SCH-23390 from human dopamine D1 receptor expressed in HEK293 cells,B,Homo sapiens,,Bioorg Med Chem,2008.0,Dopamine D1 receptor,Ki,nM,6.94,365.47,4.54
CHEMBL1627320,6650.0,COc1ccccc1N1CCN(CC(O)CCNC(=O)c2cc3ccccc3s2)CC1,Scientific Literature,Displacement of [3H]SCH23390 from D1 receptor,B,,,J Med Chem,2009.0,Dopamine D1 receptor,Ki,nM,5.18,439.58,3.21
CHEMBL139926,2100.0,O=C(NCCCCN1CCN(c2cccc(Cl)c2Cl)CC1)c1cc2ccccc2o1,Scientific Literature,Displacement of [3H]SCH23390 from D1 receptor,B,,,J Med Chem,2009.0,Dopamine D1 receptor,Ki,nM,5.68,446.38,5.07
CHEMBL372222,10000.0,Cc1ccc(-c2cc3[nH]c(=O)n(CCN4CCN(c5ccccc5Cl)CC4)c(=O)c3[nH]2)cc1,Scientific Literature,Binding affinity to dopamine D1 receptor,B,Homo sapiens,,Bioorg Med Chem Lett,2006.0,Dopamine D1 receptor,Ki,nM,,463.97,3.47
CHEMBL370136,271.6,COc1ccc(-c2cc3c(=O)n(CCN4CCN(c5ccccc5Cl)CC4)c(=O)[nH]c3[nH]2)cc1,Scientific Literature,Binding affinity to dopamine D1 receptor,B,Homo sapiens,,Bioorg Med Chem Lett,2006.0,Dopamine D1 receptor,Ki,nM,6.57,479.97,3.17
CHEMBL598516,2.3,CN1CCc2cc(Cl)c(O)cc2[C@H]2c3ccc(NC(=O)C4CC4)cc3CC[C@@H]21,Scientific Literature,Binding affinity to dopamine D1 receptor,B,,,Bioorg Med Chem Lett,2010.0,Dopamine D1 receptor,Ki,nM,8.64,396.92,4.33
CHEMBL4069091,2900.0,O=C(CCCN1CCN(c2cccc(Cl)c2Cl)CC1)Nc1ccn2ncc(/C=N\O)c2c1,Scientific Literature,Displacement of [3H]SCH23390 from human Dopamine D1 receptor expressed in HEK293T cell membranes after 2 hrs by scintillation counting analysis,B,Homo sapiens,,J Med Chem,2017.0,Dopamine D1 receptor,Ki,nM,5.54,475.38,3.99
CHEMBL4071185,1400.0,CCCN(CCCCOc1ccc2c(C=O)cnn2c1)[C@H]1CCc2c(O)cccc2C1,Scientific Literature,Displacement of [3H]SCH23390 from human Dopamine D1 receptor expressed in HEK293T cell membranes after 2 hrs by scintillation counting analysis,B,Homo sapiens,,J Med Chem,2017.0,Dopamine D1 receptor,Ki,nM,5.85,421.54,4.28
CHEMBL4226336,597.0,CCCCCCCN1CCC(c2cccc(O)c2)C1,Scientific Literature,Displacement of [3H]SCH23390 from human dopamine D1 receptor expressed in HEK293T cell membranes by radioligand binding assay,B,Homo sapiens,,Bioorg Med Chem Lett,2018.0,Dopamine D1 receptor,Ki,nM,6.22,261.41,4.15
CHEMBL124444,1100.0,COc1ccccc1N1CCN(CCCCNC(=O)c2cc3ccccc3o2)CC1,Scientific Literature,Binding affinity for porcine Dopamine receptor D1 by [3H]-SCH- 23390 displacement.,B,,,J Med Chem,2002.0,Dopamine D1 receptor,Ki,nM,5.96,407.51,3.77
CHEMBL418854,1000.0,COc1ccccc1N1CCC(CNCC2COc3ccc(Cl)cc3O2)CC1,Scientific Literature,The compound was tested for binding affinity against human Dopamine receptor D1,B,,,J Med Chem,1999.0,Dopamine D1 receptor,Ki,nM,,402.92,3.99
CHEMBL62,24.0,CN1CCc2cc(Cl)c(O)cc2[C@@H](c2ccccc2)C1,Scientific Literature,Ability to inhibit [3H]-SCH- 23390 binding to Dopamine receptor D1 of canine striatal membranes,B,Canis lupus familiaris,,J Med Chem,1990.0,Dopamine D1 receptor,Ki,nM,7.62,287.79,3.67
CHEMBL609151,1350.0,CN1C[C@H](C(N)=O)C=C2c3cccc4[nH]c(Br)c(c34)C[C@H]21,Scientific Literature,Affinity towards Dopamine receptor D1,B,Cercopithecidae,,J Med Chem,1998.0,Dopamine D1 receptor,Ki,nM,5.87,346.23,2.29
CHEMBL1779058,209.0,O=C(CCCN1C2C3C4CC5C6C4C2C6C1(O)C53)c1ccc(F)cc1,Scientific Literature,Displacement of [3H]SCH233930 from human D1 receptor expressed in HEK cells,B,Homo sapiens,,Bioorg Med Chem Lett,2011.0,Dopamine D1 receptor,Ki,nM,6.68,339.41,2.55
CHEMBL9387,3019.95,Cc1cccc(NC(=O)N[C@@H]2N=C(c3ccccc3)c3ccccc3N(C)C2=O)c1,EUbOPEN Chemogenomic Library,"PDSP Secondary Binding target: DRD1 - Compounds are tested at 10 uM concentration, plate are incubated at room temperature in the dark for 90 minutes. Reaction are stopped by vacuum filtration onto 0.3% polyethyleneimine soaked filter mats using Filtermate harvester. Scintillation cocktail is then melted onto microwave-dried filters on a hot plate and the radio activity is counted in Microbia counter. Compounds showing a minimum of 50% inhibition at 10 uM concentration are carried forward in this secondary binding assay to determine equilibrium binding affinity.",B,Homo sapiens,,,2024.0,Dopamine D1 receptor,Ki,nM,5.52,398.47,3.96
CHEMBL74355,859.31,COc1cccc([C@H](O)C2CCN(CCc3ccc(F)cc3)CC2)c1OC,EUbOPEN Chemogenomic Library,"PDSP Secondary Binding target: DRD1 - Compounds are tested at 10 uM concentration, plate are incubated at room temperature in the dark for 90 minutes. Reaction are stopped by vacuum filtration onto 0.3% polyethyleneimine soaked filter mats using Filtermate harvester. Scintillation cocktail is then melted onto microwave-dried filters on a hot plate and the radio activity is counted in Microbia counter. Compounds showing a minimum of 50% inhibition at 10 uM concentration are carried forward in this secondary binding assay to determine equilibrium binding affinity.",B,Homo sapiens,,,2024.0,Dopamine D1 receptor,Ki,nM,6.07,373.47,3.83
CHEMBL91,3124.0,Clc1ccc(COC(Cn2ccnc2)c2ccc(Cl)cc2Cl)c(Cl)c1,DrugMatrix,DRUGMATRIX: Dopamine D1 radioligand binding (ligand: [3H] SCH-23390),B,,,,,Dopamine D1 receptor,Ki,nM,5.5,416.13,6.45
CHEMBL4875081,10000.0,COc1ccc(Cl)cc1[C@H]1C[C@@H]1CNCCCOc1ccc2ccc(=O)[nH]c2c1,Scientific Literature,Displacement of [3H]-SCH23390 from D1 receptor (unknown origin) expressed in HEK293T cell membranes measured after 2 hrs by microbeta scintillation counting method,B,Homo sapiens,,J Med Chem,2021.0,Dopamine D1 receptor,Ki,nM,,412.92,4.35
CHEMBL596824,0.2,CC(=O)N(Cc1ccc([C@H]2CN(C)CCc3cc(Cl)c(O)cc32)cc1)C1CCC1,Scientific Literature,Binding affinity to dopamine D1 receptor,B,,,Bioorg Med Chem Lett,2010.0,Dopamine D1 receptor,Ki,nM,9.7,412.96,4.57
CHEMBL599487,0.6,CN1CCc2cc(Cl)c(O)cc2[C@@H](c2ccc(CN(C)S(=O)(=O)c3ccccc3)cc2)C1,Scientific Literature,Binding affinity to dopamine D1 receptor,B,,,Bioorg Med Chem Lett,2010.0,Dopamine D1 receptor,Ki,nM,9.22,471.02,4.49
CHEMBL566508,33.11,CSc1ncc2c(n1)CC(CN1CCC(c3noc4cc(F)ccc34)CC1)CC2=O,Scientific Literature,Displacement of [3H]SCH23390 from human dopamine D1 receptor,B,Homo sapiens,,Bioorg Med Chem Lett,2009.0,Dopamine D1 receptor,Ki,nM,7.48,426.52,4.1
CHEMBL576756,42.66,CNc1ncc2c(n1)CC(CN1CCC(c3noc4cc(F)ccc34)CC1)CC2=O,Scientific Literature,Displacement of [3H]SCH23390 from human dopamine D1 receptor,B,Homo sapiens,,Bioorg Med Chem Lett,2009.0,Dopamine D1 receptor,Ki,nM,7.37,409.47,3.42
CHEMBL411,3882.0,CC/C(=C(/CC)c1ccc(O)cc1)c1ccc(O)cc1,DrugMatrix,DRUGMATRIX: Dopamine D1 radioligand binding (ligand: [3H] SCH-23390),B,,,,,Dopamine D1 receptor,Ki,nM,5.41,268.36,4.83
CHEMBL3613880,110.0,Clc1cccc(N2CCN(CCCCc3cn(-c4ccn5nccc5c4)nn3)CC2)c1Cl,Scientific Literature,Displacement of [3H]SCH23990 from human dopamine D1 receptor expressed in CHO cell membranes by radioligand competition binding assay,B,Homo sapiens,,Bioorg Med Chem,2015.0,Dopamine D1 receptor,Ki,nM,6.96,470.41,4.37
CHEMBL3613875,1500.0,O=Cc1cnn2ccc(-n3cc(CCCCN4CCN(c5cccc(Cl)c5Cl)CC4)nn3)cc12,Scientific Literature,Displacement of [3H]SCH23990 from human dopamine D1 receptor expressed in CHO cell membranes by radioligand competition binding assay,B,Homo sapiens,,Bioorg Med Chem,2015.0,Dopamine D1 receptor,Ki,nM,5.82,498.42,4.18
CHEMBL4289538,376.0,Cc1nc2cnccc2n1-c1ccc(Oc2nccc3occc23)cc1,Scientific Literature,Displacement of [3H]-SCH23390 from human dopamine D1 receptor expressed in LTK cell membranes after 30 mins by liquid scintillation counting,B,Homo sapiens,,J Med Chem,2018.0,Dopamine D1 receptor,Ki,nM,6.42,342.36,4.66
CHEMBL4287192,2346.0,Cc1cc(Oc2nccc3occc23)ccc1-c1cncc2ncnn12,Scientific Literature,Displacement of [3H]-SCH23390 from human dopamine D1 receptor expressed in LTK cell membranes after 30 mins by liquid scintillation counting,B,Homo sapiens,,J Med Chem,2018.0,Dopamine D1 receptor,Ki,nM,5.63,343.35,4.03
CHEMBL3671282,7.98,Cc1cc(Oc2nccc3[nH]ccc23)ccc1-c1c(C)ncc2nccn12,BindingDB Patent Bioactivity Data,"Receptor Binding Assay: The affinity of the compounds described herein was determined by competition binding assays similar to those described in Ryman-Rasmussen et al., Differential activation of adenylate cyclase and receptor internalization by novel dopamine D1 receptor agonists, Molecular Pharmacology 68(4):1039-1048 (2005). This radioligand binding assay used [3H]-SCH23390, a radiolabeled D1 ligand, to evaluate the ability of a test compound to compete with the radioligand when binding to a D1 receptor. D1 binding assays were performed using over-expressing LTK human cell lines. To determine basic assay parameters, ligand concentrations were determined from saturation binding studies where the Kd for [3H]-SCH23390 was found to be 1.3 nM. From tissue concentration curve studies, the optimal amount of tissue was determined to be 1.75 mg/mL per 96 well plate using 0.5 nM of [3H]-SCH23390. These ligand and tissue concentrations were used in time course studies to determine linearity and equilibrium condition.",B,,,,2014.0,Dopamine D1 receptor,Ki,nM,8.1,355.4,4.68
CHEMBL3671269,10.3,Cc1n[nH]c(=O)c(C)c1-c1ccc(Oc2nccc3n[nH]c(C)c23)cc1,BindingDB Patent Bioactivity Data,"Receptor Binding Assay: The affinity of the compounds described herein was determined by competition binding assays similar to those described in Ryman-Rasmussen et al., Differential activation of adenylate cyclase and receptor internalization by novel dopamine D1 receptor agonists, Molecular Pharmacology 68(4):1039-1048 (2005). This radioligand binding assay used [3H]-SCH23390, a radiolabeled D1 ligand, to evaluate the ability of a test compound to compete with the radioligand when binding to a D1 receptor. D1 binding assays were performed using over-expressing LTK human cell lines. To determine basic assay parameters, ligand concentrations were determined from saturation binding studies where the Kd for [3H]-SCH23390 was found to be 1.3 nM. From tissue concentration curve studies, the optimal amount of tissue was determined to be 1.75 mg/mL per 96 well plate using 0.5 nM of [3H]-SCH23390. These ligand and tissue concentrations were used in time course studies to determine linearity and equilibrium condition.",B,,,,2014.0,Dopamine D1 receptor,Ki,nM,7.99,347.38,3.43
CHEMBL4073330,20000.0,O=c1ccc2c(N3CCN(CCCCOc4ccn5nccc5c4)CC3)ccc(O)c2o1,Scientific Literature,Displacement of [3H]SCH23390 from human D1R expressed in HEK293T cell membranes by radioligand binding assay,B,Homo sapiens,,J Med Chem,2017.0,Dopamine D1 receptor,Ki,nM,,434.5,3.13
CHEMBL4071868,600.0,CCCN(CCCCOc1ccc2c(/C=N/O)cnn2c1)[C@H]1CCc2c(O)cccc2C1,Scientific Literature,Displacement of [3H]SCH23390 from human Dopamine D1 receptor expressed in HEK293T cell membranes after 2 hrs by scintillation counting analysis,B,Homo sapiens,,J Med Chem,2017.0,Dopamine D1 receptor,Ki,nM,6.22,436.56,4.28
CHEMBL396561,19.0,COc1ccc2c(c1)CCN(C)CCc1c([nH]c3ccccc13)C2,Scientific Literature,Displacement of [3H]SCH 23390 from human cloned dopamine D1 receptor expressed in HEK 293 cells,B,Homo sapiens,,Bioorg Med Chem Lett,2007.0,Dopamine D1 receptor,Ki,nM,7.72,320.44,3.8
CHEMBL3104091,10000.0,CN1CCc2c(c3cccc4c3n2-c2ccccc2CC4)C1,Scientific Literature,Binding affinity to dopamine D1 receptor (unknown origin) by radioligand displacement assay,B,Homo sapiens,,Bioorg Med Chem Lett,2014.0,Dopamine D1 receptor,Ki,nM,,288.39,3.72
CHEMBL1088073,10000.0,CN1CCc2ccccc2Cc2c[nH]c3cccc(c23)C1,Scientific Literature,Displacement of [3H]SCH23390 from human recombinant dopamine D1 receptor expressed in HEK293 cells by microplate scintillation counting,B,Homo sapiens,,J Med Chem,2010.0,Dopamine D1 receptor,Ki,nM,,276.38,3.75
CHEMBL4224763,170.0,CCCCCCCCN1CCC(c2cccc(O)c2)C1,Scientific Literature,Displacement of [3H]SCH23390 from human dopamine D1 receptor expressed in HEK293T cell membranes by radioligand binding assay,B,Homo sapiens,,Bioorg Med Chem Lett,2018.0,Dopamine D1 receptor,Ki,nM,6.77,275.44,4.54
CHEMBL484538,6.81,Br.Cc1cccc(-c2c(O)c(O)cc3c2CCN(C)CC3c2cccc(C)c2)c1,Scientific Literature,Displacement of [3H]SCH23390 from human dopamine D1 receptor expressed in HEK293 cells,B,Homo sapiens,,Bioorg Med Chem,2008.0,Dopamine D1 receptor,Ki,nM,8.17,454.41,5.0
CHEMBL459373,232.0,CN(CCCN1c2ccccc2Sc2ccc(Cl)cc21)Cc1ccc(OCCCN2CCCCC2)cc1,Scientific Literature,Displacement of [3H]SCH23390 from human dopamine D1 receptor expressed in HEK cells,B,Homo sapiens,,Bioorg Med Chem Lett,2009.0,Dopamine D1 receptor,Ki,nM,6.63,536.19,7.72
CHEMBL538023,10000.0,Cl.O=C1OC2(c3ccc(O)cc3Oc3cc(O)ccc32)c2ccc(N/C(S)=N\c3ccc(C4CNCCc5cc(O)c(O)cc54)cc3)cc21,Scientific Literature,Binding affinity against dopamine receptor D1 by using [3H]-SCH- 23390 as radioligand in caudate-putamen of monkey,B,Cercopithecidae,Caudate-putamen,J Med Chem,1991.0,Dopamine D1 receptor,Ki,nM,5.0,696.18,6.38
CHEMBL58422,513.0,CN1CCc2cc(Cl)c(O)cc2[C@@H]2c3ccccc3CC[C@H]21,Scientific Literature,Binding affinity to displace [3H]-SCH- 23390 against Dopamine receptor D1,B,,,J Med Chem,1990.0,Dopamine D1 receptor,Ki,nM,6.29,313.83,3.98
CHEMBL140612,2200.0,COc1ccccc1N1CCN(CCCNC(=O)c2cnn3ccccc23)CC1,Scientific Literature,Binding affinity for porcine Dopamine receptor D1 by [3H]-SCH- 23390 displacement.,B,,,J Med Chem,2002.0,Dopamine D1 receptor,Ki,nM,5.66,393.49,2.29
CHEMBL157138,0.34,CCN(CC)C(=O)N[C@H]1C=C2c3cccc4[nH]cc(c34)C[C@H]2N(C)C1,Scientific Literature,Binding affinity to dopamine D1 receptor (unknown origin) assessed as inhibition constant,B,Homo sapiens,,RSC Med Chem,2024.0,Dopamine D1 receptor,Ki,nM,9.47,338.46,2.84
CHEMBL201086,10000.0,O=C1OCCCC1c1ccccc1,Scientific Literature,Inhibition of binding to human D1 receptor expressed in HEK 293 cells by functional calcium assay,F,Homo sapiens,,J Med Chem,2006.0,Dopamine D1 receptor,Ki,nM,,176.22,2.11
CHEMBL1224527,18000.0,Oc1ccc2c(c1O)C[C@@H](c1ccccc1)[C@@H]1CCNC[C@@H]21,Scientific Literature,Binding affinity to dopamine D1 receptor,B,,,Bioorg Med Chem,2010.0,Dopamine D1 receptor,Ki,nM,4.75,295.38,3.13
CHEMBL378301,482.0,Cc1ccc(CN2CCN(C3=Nc4cc(Cl)ccc4Nc4ccccc43)CC2)c(C)c1,Scientific Literature,Displacement of [3H]SCH 23390 from dopamine D1 receptor expressed in CHO cells,B,Homo sapiens,,Bioorg Med Chem Lett,2006.0,Dopamine D1 receptor,Ki,nM,6.32,430.98,5.91
CHEMBL281350,369.36,Cc1nc(-c2ccc(-c3ccc(C(=O)N4CCc5cc6c(cc54)C4(CCN(C)CC4)CO6)cc3)c(C)c2)no1,EUbOPEN Chemogenomic Library,"PDSP Secondary Binding target: DRD1 - Compounds are tested at 10 uM concentration, plate are incubated at room temperature in the dark for 90 minutes. Reaction are stopped by vacuum filtration onto 0.3% polyethyleneimine soaked filter mats using Filtermate harvester. Scintillation cocktail is then melted onto microwave-dried filters on a hot plate and the radio activity is counted in Microbia counter. Compounds showing a minimum of 50% inhibition at 10 uM concentration are carried forward in this secondary binding assay to determine equilibrium binding affinity.",B,Homo sapiens,,,2024.0,Dopamine D1 receptor,Ki,nM,6.43,520.63,5.58
CHEMBL337531,1400.0,O=C(NCCCCN1CCN(c2cccc(Cl)c2Cl)CC1)c1cc2ccccc2[te]1,Scientific Literature,Binding affinity for porcine Dopamine receptor D1 by [3H]-SCH- 23390 displacement.,B,,,J Med Chem,2002.0,Dopamine D1 receptor,Ki,nM,5.85,557.98,
CHEMBL2298822,1000.0,COc1ccccc1N1CCN(CCCc2ccc3[nH]c(=S)[nH]c3c2)CC1,Scientific Literature,Binding affinity to dopamine D1 receptor (unknown origin),B,Homo sapiens,,Med Chem Res,2013.0,Dopamine D1 receptor,Ki,nM,,382.53,3.99
CHEMBL4520788,717.65,CNCc1ccccc1-c1csc([C@H](C)Nc2nc(C)nc3cc(OC)c(OC)cc23)c1,EUbOPEN Chemogenomic Library Literature Data,Selectivity interaction (GPCR panel (PDSP screen)) EUB0000743a DRD1,B,Homo sapiens,,,2023.0,Dopamine D1 receptor,Ki,nM,6.14,448.59,5.58
CHEMBL225230,490.0,CCCN1CCc2cccc3c2[C@H]1Cc1ccc(O)c(O)c1-3,Scientific Literature,Binding affinity to dopamine D1 receptor low binding site by radioligand displacement assay,B,,,ACS Med Chem Lett,2011.0,Dopamine D1 receptor,Ki,nM,6.31,295.38,3.63
CHEMBL4453405,5000.0,COc1ccc(F)cc1C1CC1CN(CCCSc1nnc(-c2ccccc2)n1C)C(C)C.Cl,Scientific Literature,Displacement of [3H]-SCH23390 from recombinant human D1 receptor transiently expressed in HEKT cell membranes measured after 90 mins by microbeta scintillation counting method,B,Homo sapiens,,J Med Chem,2020.0,Dopamine D1 receptor,Ki,nM,,505.1,5.63
CHEMBL594799,10000.0,CCc1cc(OC)ccc1C1Cc2ccccc2CN1C,Scientific Literature,Displacement of [3H]SCH23390 from human dopamine D1 receptor expressed in CHO cells by scintillation counting,B,Homo sapiens,,Bioorg Med Chem,2009.0,Dopamine D1 receptor,Ki,nM,,281.4,3.99
CHEMBL596866,10000.0,C=C(C)Cc1ccc2c(c1O)-c1cccc3c1[C@@H](C2)N(CCC)CC3,Scientific Literature,Displacement of [3H]SCH23390 from dopamine D1 receptor expressed in HEK293 cells by liquid scintillation counting,B,,,J Med Chem,2010.0,Dopamine D1 receptor,Ki,nM,,333.48,5.04
CHEMBL201334,10000.0,CN1CCc2c([nH]c3ccccc23)CCCC1c1ccccc1,Scientific Literature,Inhibition of binding to human D1 receptor expressed in HEK 293 cells by functional calcium assay,F,Homo sapiens,,J Med Chem,2006.0,Dopamine D1 receptor,Ki,nM,,304.44,4.72
CHEMBL380124,10000.0,O=C1CC(c2ccccc2)CO1,Scientific Literature,Inhibition of binding to human D1 receptor expressed in HEK 293 cells by functional calcium assay,F,Homo sapiens,,J Med Chem,2006.0,Dopamine D1 receptor,Ki,nM,,162.19,1.72
CHEMBL201598,10000.0,O=C1CCCC(c2ccccc2)N1CCC1=CCc2ccccc21,Scientific Literature,Inhibition of binding to human D1 receptor expressed in HEK 293 cells by functional calcium assay,F,Homo sapiens,,J Med Chem,2006.0,Dopamine D1 receptor,Ki,nM,,317.43,4.77
CHEMBL1627321,10000.0,O=C(NCC(O)CCN1CCN(c2cccc(Cl)c2Cl)CC1)c1cc2ccccc2[nH]1,Scientific Literature,Displacement of [3H]SCH23390 from D1 receptor,B,,,J Med Chem,2009.0,Dopamine D1 receptor,Ki,nM,,461.39,3.78
CHEMBL402143,899.0,COc1c(OCCF)cccc1C(O)C1CCN(CCc2ccc(F)cc2)CC1,Scientific Literature,Inhibition of human cloned dopamine D1 receptor by competitive binding experiment,B,Homo sapiens,,Bioorg Med Chem,2009.0,Dopamine D1 receptor,Ki,nM,6.05,405.49,4.17
CHEMBL381573,10000.0,CN1CCCC(c2ccccc2)Cc2[nH]c3ccccc3c2CC1,Scientific Literature,Inhibition of binding to human D1 receptor expressed in HEK 293 cells by functional calcium assay,F,Homo sapiens,,J Med Chem,2006.0,Dopamine D1 receptor,Ki,nM,,318.46,4.76
CHEMBL28338,49.0,CCCc1cc2c(s1)CN[C@@H]1CCc3cc(O)c(O)cc3[C@@H]21,Scientific Literature,Binding affinity to Dopamine receptor D1 by using radioligand [125I]SCH-23982 in HEK cells,B,,,Bioorg Med Chem Lett,1999.0,Dopamine D1 receptor,Ki,nM,7.31,315.44,3.66
CHEMBL543398,0.9,Br.CN1CCc2c(cc(O)c(O)c2Cl)C(c2ccccc2)C1,Scientific Literature,The compound was evaluated for the dissociation constant for inhibiting the binding of [3H]-SCH- 23390 at dopamine receptor D1,B,Canis lupus familiaris,,J Med Chem,1991.0,Dopamine D1 receptor,Ki,nM,9.05,384.7,3.37
CHEMBL140968,1400.0,COc1ccccc1N1CCN(CCCCCNC(=O)c2cc3ccccn3n2)CC1,Scientific Literature,Binding affinity for porcine Dopamine receptor D1 by [3H]-SCH- 23390 displacement.,B,,,J Med Chem,2002.0,Dopamine D1 receptor,Ki,nM,5.85,421.55,3.07
CHEMBL515472,3828.0,COc1c(OCCF)cccc1[C@H](O)C1CCN(CCc2ccc(F)cc2)CC1,Scientific Literature,Inhibition of human cloned dopamine D1 receptor by competitive binding experiment,B,Homo sapiens,,Bioorg Med Chem,2009.0,Dopamine D1 receptor,Ki,nM,5.42,405.49,4.17
CHEMBL366164,22.0,CN(C)C[C@H]1C[C@@H]2c3ccccc3Sc3ccc(F)cc3[C@H]2O1,Scientific Literature,Inhibition of [3H]SCH-23390 binding to human Dopamine receptor D1,B,Homo sapiens,,J Med Chem,2005.0,Dopamine D1 receptor,Ki,nM,7.66,329.44,4.47
CHEMBL212700,130.0,CN1CCN(C2=Nc3cc(Cl)ccc3N(NC(=O)c3ccc4c(c3)OCO4)c3ccc(Cl)cc32)CC1,Scientific Literature,Displacement of [3H]SCH 23390 from dopamine D1 receptor expressed in CHO cells,B,Homo sapiens,,Bioorg Med Chem Lett,2006.0,Dopamine D1 receptor,Ki,nM,6.89,524.41,4.84
CHEMBL200802,1040.0,Cc1ccccc1-c1cc2c(=O)n(CCN3CCN(c4ccccc4Cl)CC3)c(=O)[nH]c2[nH]1,Scientific Literature,Binding affinity to dopamine D1 receptor,B,Homo sapiens,,Bioorg Med Chem Lett,2006.0,Dopamine D1 receptor,Ki,nM,5.98,463.97,3.47
CHEMBL213443,10.0,CN1CCN(C2=Nc3cc(Cl)ccc3N(NC(=O)c3ccc4ccccc4n3)c3ccccc32)CC1,Scientific Literature,Displacement of [3H]SCH 23390 from human dopamine D1 receptor expressed in CHO cells,B,Homo sapiens,,Bioorg Med Chem Lett,2006.0,Dopamine D1 receptor,Ki,nM,8.0,497.0,5.01
CHEMBL213882,7.4,CN1CCN(C2=Nc3cc(Cl)ccc3N(NC(=O)c3ccc4ccccc4c3)c3ccccc32)CC1,Scientific Literature,Displacement of [3H]SCH 23390 from human dopamine D1 receptor expressed in CHO cells,B,Homo sapiens,,Bioorg Med Chem Lett,2006.0,Dopamine D1 receptor,Ki,nM,8.13,496.01,5.62
CHEMBL213834,3.8,CN1CCN(C2=Nc3cc(Cl)ccc3N(NC(=O)c3cccc4ccccc34)c3ccccc32)CC1,Scientific Literature,Displacement of [3H]SCH 23390 from human dopamine D1 receptor expressed in CHO cells,B,Homo sapiens,,Bioorg Med Chem Lett,2006.0,Dopamine D1 receptor,Ki,nM,8.42,496.01,5.62
CHEMBL384916,39.0,CN1CCN(C2=Nc3cc(Cl)ccc3N(NC(=O)c3sccc3-c3ccccc3)c3ccccc32)CC1,Scientific Literature,Displacement of [3H]SCH 23390 from human dopamine D1 receptor expressed in CHO cells,B,Homo sapiens,,Bioorg Med Chem Lett,2006.0,Dopamine D1 receptor,Ki,nM,7.41,528.08,6.19
CHEMBL212896,9.0,CN1CCN(C2=Nc3cc(Cl)ccc3N(NC(=O)c3ccsc3)c3ccccc32)CC1,Scientific Literature,Displacement of [3H]SCH 23390 from human dopamine D1 receptor expressed in CHO cells,B,Homo sapiens,,Bioorg Med Chem Lett,2006.0,Dopamine D1 receptor,Ki,nM,8.05,451.98,4.52
CHEMBL213336,3.0,Cc1cccc(C)c1C(=O)NN1c2ccc(Cl)cc2N=C(N2CCN(C)CC2)c2ccccc21,Scientific Literature,Displacement of [3H]SCH 23390 from human dopamine D1 receptor expressed in CHO cells,B,Homo sapiens,,Bioorg Med Chem Lett,2006.0,Dopamine D1 receptor,Ki,nM,8.52,474.01,5.08
CHEMBL213477,12.0,CN1CCN(C2=Nc3cc(Cl)ccc3N(NC(=O)c3ccccc3F)c3ccccc32)CC1,Scientific Literature,Displacement of [3H]SCH 23390 from human dopamine D1 receptor expressed in CHO cells,B,Homo sapiens,,Bioorg Med Chem Lett,2006.0,Dopamine D1 receptor,Ki,nM,7.92,463.94,4.6
CHEMBL213795,7.7,Cc1ccc(C(=O)NN2c3ccc(Cl)cc3N=C(N3CCN(C)CC3)c3ccccc32)cc1,Scientific Literature,Displacement of [3H]SCH 23390 from human dopamine D1 receptor expressed in CHO cells,B,Homo sapiens,,Bioorg Med Chem Lett,2006.0,Dopamine D1 receptor,Ki,nM,8.11,459.98,4.77
CHEMBL214142,35.0,CN1CCN(C2=Nc3cc(Cl)ccc3N(NC(=O)c3ccc(Cl)cc3)c3ccccc32)CC1,Scientific Literature,Displacement of [3H]SCH 23390 from human dopamine D1 receptor expressed in CHO cells,B,Homo sapiens,,Bioorg Med Chem Lett,2006.0,Dopamine D1 receptor,Ki,nM,7.46,480.4,5.12
CHEMBL386424,103.0,CN1CCN(C2=Nc3cc(Cl)ccc3N(NC(=O)/C=C/c3ccccc3)c3ccccc32)CC1,Scientific Literature,Displacement of [3H]SCH 23390 from human dopamine D1 receptor expressed in CHO cells,B,Homo sapiens,,Bioorg Med Chem Lett,2006.0,Dopamine D1 receptor,Ki,nM,6.99,471.99,4.86
CHEMBL213200,835.0,Fc1ccc(CN2CCN(C3=Nc4cc(Cl)ccc4Nc4ccccc43)CC2)c(F)c1,Scientific Literature,Displacement of [3H]SCH 23390 from dopamine D1 receptor expressed in CHO cells,B,Homo sapiens,,Bioorg Med Chem Lett,2006.0,Dopamine D1 receptor,Ki,nM,6.08,438.91,5.57
CHEMBL212966,505.0,CCC(CC)CN1CCN(C2=Nc3cc(Cl)ccc3N(NC(=O)c3ccccc3Cl)c3ccccc32)CC1,Scientific Literature,Displacement of [3H]SCH 23390 from dopamine D1 receptor expressed in CHO cells,B,Homo sapiens,,Bioorg Med Chem Lett,2006.0,Dopamine D1 receptor,Ki,nM,6.3,550.53,6.92
CHEMBL385590,447.0,CC(C)(C)CN1CCN(C2=Nc3cc(Cl)ccc3N(NC(=O)c3ccccc3Cl)c3ccccc32)CC1,Scientific Literature,Displacement of [3H]SCH 23390 from dopamine D1 receptor expressed in CHO cells,B,Homo sapiens,,Bioorg Med Chem Lett,2006.0,Dopamine D1 receptor,Ki,nM,6.35,536.51,6.53
CHEMBL3289645,2344.23,FC(F)(F)c1ccc(OCCCN2CCN(c3ccccn3)CC2)cc1,Scientific Literature,Displacement of [3H]SCH23390 from human dopamine D1 receptor by PDSP assay,B,Homo sapiens,,Bioorg Med Chem,2014.0,Dopamine D1 receptor,Ki,nM,5.63,365.4,3.69
CHEMBL4294009,98.9,c1cc(-c2ccc(Oc3nccc4occc34)cc2)n2ccnc2c1,Scientific Literature,Displacement of [3H]-SCH23390 from human dopamine D1 receptor expressed in LTK cell membranes after 30 mins by liquid scintillation counting,B,Homo sapiens,,J Med Chem,2018.0,Dopamine D1 receptor,Ki,nM,7.0,327.34,4.93
CHEMBL1684029,1900.0,CCCN1CCc2cccc3c2C1Cc1cccc(OCCCn2cc(CCCCN4CCN(c5ccccc5OC)CC4)nn2)c1-3,Scientific Literature,Displacement of [3H]SCH23390 from dopamine D1 receptor expressed in human HEK293 cells by liquid scintillation counter,B,,,Bioorg Med Chem,2011.0,Dopamine D1 receptor,Ki,nM,5.72,634.87,6.43
CHEMBL1684024,2007.0,CCCN1CCc2cccc3c2C1Cc1cccc(OCc2cn(CCCN4CCN(c5cccc(Cl)c5Cl)CC4)nn2)c1-3,Scientific Literature,Displacement of [3H]SCH23390 from dopamine D1 receptor expressed in human HEK293 cells by liquid scintillation counter,B,,,Bioorg Med Chem,2011.0,Dopamine D1 receptor,Ki,nM,5.7,631.65,6.91
CHEMBL4546749,368.7,Cl.Cn1c(SCCCNCC2CC2c2cc(F)ccc2OCCF)nnc1-c1ccccc1,Scientific Literature,Displacement of [3H]-SCH23390 from recombinant human D1 receptor transiently expressed in HEKT cell membranes measured after 90 mins by microbeta scintillation counting method,B,Homo sapiens,,J Med Chem,2020.0,Dopamine D1 receptor,Ki,nM,6.43,495.04,4.85
CHEMBL4467486,3631.0,CCCN(CCCCNC(=O)c1ccc(-c2ccccn2)cc1)CC1CC1c1ccc(F)cc1.Cl,Scientific Literature,Displacement of [3H]-SCH23390 from recombinant human D1 receptor transiently expressed in HEKT cell membranes measured after 90 mins by microbeta scintillation counting method,B,Homo sapiens,,J Med Chem,2020.0,Dopamine D1 receptor,Ki,nM,5.44,496.07,5.91
CHEMBL4099711,920.0,COc1ccccc1N1CCN(CCCCOc2ccn3nc(CO)cc3c2)CC1,Scientific Literature,Displacement of [3H]SCH23390 from human Dopamine D1 receptor expressed in HEK293T cell membranes after 2 hrs by scintillation counting analysis,B,Homo sapiens,,J Med Chem,2017.0,Dopamine D1 receptor,Ki,nM,6.04,410.52,2.82
CHEMBL1744079,0.58,CN1CCc2cc(Br)c(O)cc2[C@@H](c2ccccc2)C1.Cl,Scientific Literature,Inhibition of [3H]-SCH- 23390 binding to Dopamine receptor D1 from canine striatum,B,Canis lupus familiaris,,J Med Chem,1992.0,Dopamine D1 receptor,Ki,nM,9.24,368.7,3.77
CHEMBL715,52.0,Cc1cc2c(s1)Nc1ccccc1N=C2N1CCN(C)CC1,Scientific Literature,Displacement of [3H]SCH23390 from human dopamine D1 receptor by liquid scintillation counting,B,Homo sapiens,,Bioorg Med Chem Lett,2014.0,Dopamine D1 receptor,Ki,nM,7.28,312.44,3.44
CHEMBL1077189,10000.0,c1ccc2c(c1)CCN1Cc3cccc4[nH]cc(c34)C21,Scientific Literature,Displacement of [3H]SCH23390 from human recombinant dopamine D1 receptor expressed in HEK293 cells by microplate scintillation counting,B,Homo sapiens,,J Med Chem,2010.0,Dopamine D1 receptor,Ki,nM,,260.34,3.63
CHEMBL2298830,1000.0,COc1cccc(N2CCN(CCOc3ccc4[nH]c(=S)[nH]c4c3)CC2)c1,Scientific Literature,Binding affinity to dopamine D1 receptor (unknown origin),B,Homo sapiens,,Med Chem Res,2013.0,Dopamine D1 receptor,Ki,nM,,384.51,3.44
CHEMBL477206,2691.53,COc1ccccc1N1CCN(CCCCN2CCCc3ccccc3C2=O)CC1,Scientific Literature,Displacement of [3H]SCH23390 from human dopamine D1 receptor,B,Homo sapiens,,Bioorg Med Chem Lett,2009.0,Dopamine D1 receptor,Ki,nM,5.57,407.56,3.69
CHEMBL4068702,4000.0,CCCCn1cc(CCCOc2ccc(C(=O)NCCCCN3CCCN(c4ccc(O)c5[nH]c(=O)ccc45)CC3)cc2OC)nn1,Scientific Literature,Displacement of [3H]SCH23390 from human D1R expressed in HEK293T cell membranes by radioligand binding assay,B,Homo sapiens,,J Med Chem,2017.0,Dopamine D1 receptor,Ki,nM,5.4,645.8,4.37
CHEMBL1627311,5060.0,COc1ccccc1N1CCN(CC(O)CCNC(=O)c2cc3cc(F)ccc3[nH]2)CC1,Scientific Literature,Displacement of [3H]SCH23390 from D1 receptor,B,,,J Med Chem,2009.0,Dopamine D1 receptor,Ki,nM,5.3,440.52,2.62
CHEMBL381946,567.0,COc1ccc2c(c1)Cc1ccccc1CCN(C)CC2,Scientific Literature,Inhibition of D1 dopamine receptor in HEK 293 cells by intracellular calcium assay,F,Homo sapiens,,J Med Chem,2006.0,Dopamine D1 receptor,Ki,nM,6.25,281.4,3.32
CHEMBL276778,21.88,COc1ccc2c(c1)CCN(C)CCCc1ccccc1C2,Scientific Literature,Displacement of [3H]SCH23390 from human cloned dopamine D1 receptor,B,Homo sapiens,,Bioorg Med Chem Lett,2008.0,Dopamine D1 receptor,Ki,nM,7.66,295.43,3.71
CHEMBL604108,2.0,CN1CCc2cc(Cl)c(O)cc2[C@@H](c2ccc(CNc3ccccc3)cc2)C1,Scientific Literature,Binding affinity to dopamine D1 receptor,B,,,Bioorg Med Chem Lett,2010.0,Dopamine D1 receptor,Ki,nM,8.7,392.93,5.28
CHEMBL193435,154.0,CN(C)C[C@H]1CC2c3ccccc3Oc3ccc(Br)cc3[C@H]2O1,Scientific Literature,Inhibition of [3H]SCH-23390 binding to human Dopamine receptor D1,B,Homo sapiens,,J Med Chem,2005.0,Dopamine D1 receptor,Ki,nM,6.81,374.28,4.73
CHEMBL605127,0.3,CN1CCc2cc(Cl)c(O)cc2[C@H]2c3cccc(-c4ccncc4)c3CC[C@@H]21,Scientific Literature,Displacement of [3H]SCh23390 from dopamine D1 receptor expressed in mouse LTK cells by scintillation counting,B,,,Bioorg Med Chem Lett,2010.0,Dopamine D1 receptor,Ki,nM,9.52,390.91,5.04
CHEMBL253708,10000.0,CC1(c2ccc(O)cc2)C(=O)Nc2cc(Cl)cc(Cl)c2C1=O,Scientific Literature,Displacement of [3H]SCH-23390 from human cloned dopamine D1 receptor,B,Homo sapiens,,Bioorg Med Chem Lett,2008.0,Dopamine D1 receptor,Ki,nM,,336.17,3.79
CHEMBL245571,3.7,CN1CCc2cc(O)ccc2Cc2[nH]c3ccccc3c2CC1,Scientific Literature,Displacement of [3H]SCH 23390 from human cloned dopamine D1 receptor expressed in HEK 293 cells,B,Homo sapiens,,Bioorg Med Chem Lett,2007.0,Dopamine D1 receptor,Ki,nM,8.43,306.41,3.49
CHEMBL572708,134.9,O=C1CC(CN2CCC(c3noc4cc(F)ccc34)CC2)Cc2ncncc21,Scientific Literature,Displacement of [3H]SCH23390 from human dopamine D1 receptor,B,Homo sapiens,,Bioorg Med Chem Lett,2009.0,Dopamine D1 receptor,Ki,nM,6.87,380.42,3.38
CHEMBL457957,879.0,CN(CCC=C1c2ccccc2CCc2ccccc21)C(=O)Cc1ccc(OCCCN2CCCCC2)cc1,Scientific Literature,Displacement of [3H]SCH23390 from human dopamine D1 receptor expressed in HEK cells,B,Homo sapiens,,Bioorg Med Chem Lett,2009.0,Dopamine D1 receptor,Ki,nM,6.06,522.73,6.56
CHEMBL459350,305.0,CN(CCC=C1c2ccccc2CCc2ccccc21)Cc1ccc(OCCCN2CCCCC2)cc1,Scientific Literature,Displacement of [3H]SCH23390 from human dopamine D1 receptor expressed in HEK cells,B,Homo sapiens,,Bioorg Med Chem Lett,2009.0,Dopamine D1 receptor,Ki,nM,6.52,494.72,6.99
CHEMBL3671281,93.1,Cc1cc(Oc2nccc3n[nH]cc23)ccc1-c1c(C)nc[n+]([O-])c1C,BindingDB Patent Bioactivity Data,"Receptor Binding Assay: The affinity of the compounds described herein was determined by competition binding assays similar to those described in Ryman-Rasmussen et al., Differential activation of adenylate cyclase and receptor internalization by novel dopamine D1 receptor agonists, Molecular Pharmacology 68(4):1039-1048 (2005). This radioligand binding assay used [3H]-SCH23390, a radiolabeled D1 ligand, to evaluate the ability of a test compound to compete with the radioligand when binding to a D1 receptor. D1 binding assays were performed using over-expressing LTK human cell lines. To determine basic assay parameters, ligand concentrations were determined from saturation binding studies where the Kd for [3H]-SCH23390 was found to be 1.3 nM. From tissue concentration curve studies, the optimal amount of tissue was determined to be 1.75 mg/mL per 96 well plate using 0.5 nM of [3H]-SCH23390. These ligand and tissue concentrations were used in time course studies to determine linearity and equilibrium condition.",B,,,,2014.0,Dopamine D1 receptor,Ki,nM,7.03,347.38,3.37
CHEMBL476641,2511.89,COc1ccccc1N1CCN(CCCN2CCCc3ccccc3C2=O)CC1,Scientific Literature,Displacement of [3H]SCH23390 from human dopamine D1 receptor,B,Homo sapiens,,Bioorg Med Chem Lett,2009.0,Dopamine D1 receptor,Ki,nM,5.6,393.53,3.3
CHEMBL1672313,340.0,CN1CCc2cc(OCCF)cc3c2[C@H]1Cc1cccc(O)c1-3,Scientific Literature,Binding affinity to dopamine D1 receptor low binding site by radioligand displacement assay,B,,,ACS Med Chem Lett,2011.0,Dopamine D1 receptor,Ki,nM,6.47,313.37,3.49
CHEMBL520821,4.88,Br.Cc1cccc(C2CN(C)CCc3c2cc(O)c(O)c3-c2ccc3ccccc3c2)c1,Scientific Literature,Displacement of [3H]SCH23390 from human dopamine D1 receptor expressed in HEK293 cells,B,Homo sapiens,,Bioorg Med Chem,2008.0,Dopamine D1 receptor,Ki,nM,8.31,490.44,5.85
CHEMBL3799455,2800.0,COc1cc(CCNCCc2ccc(O)c3[nH]c(=O)ccc23)ccc1OCCCc1ccccc1,Scientific Literature,Displacement of [3H]SCH23390 from human D1 receptor expressed in HEK293 cells,B,Homo sapiens,,Bioorg Med Chem,2016.0,Dopamine D1 receptor,Ki,nM,5.55,472.59,4.63
CHEMBL3799427,2900.0,COc1cc(CCNC[C@@H](O)c2ccc(O)c(O)c2)ccc1OCCCc1ccccc1,Scientific Literature,Displacement of [3H]SCH23390 from human D1 receptor expressed in HEK293 cells,B,Homo sapiens,,Bioorg Med Chem,2016.0,Dopamine D1 receptor,Ki,nM,5.54,437.54,3.98
CHEMBL3321789,10000.0,OC1(c2ccc(Cl)cc2)CC2CCC(C1)N2CCCOc1ccc(F)cc1,Scientific Literature,Displacement of [3H]SCH23390 from human dopamine D1 receptor by liquid scintillation counting,B,Homo sapiens,,Bioorg Med Chem Lett,2014.0,Dopamine D1 receptor,Ki,nM,,389.9,4.76
CHEMBL4782694,55.0,CN1CCC(C2=Nc3cc(Cl)ccc3Nc3ccccc32)=CC1(C)C,Scientific Literature,Binding affinity to human dopamine D1 receptor,B,Homo sapiens,,Bioorg Med Chem Lett,2020.0,Dopamine D1 receptor,Ki,nM,7.26,351.88,5.56
CHEMBL4793813,7.9,Cc1ccc2c(c1)C(C1=C[C@H](C)N(C)CC1)=Nc1ccccc1N2,Scientific Literature,Binding affinity to human dopamine D1 receptor,B,Homo sapiens,,Bioorg Med Chem Lett,2020.0,Dopamine D1 receptor,Ki,nM,8.1,317.44,4.82
CHEMBL3325903,351.0,CN1CCc2cc(O)c(N)cc2C(c2ccccc2)C1,Scientific Literature,Displacement of [3H]SCH23390 from human dopamine D1 receptor expressed in HEK293 cell membranes by liquid scintillation counting based competition binding assay,B,Homo sapiens,,Eur J Med Chem,2014.0,Dopamine D1 receptor,Ki,nM,6.46,268.36,2.59
CHEMBL3325908,756.0,Cc1ccc(CNc2cc3c(cc2O)C(c2ccccc2)CN(C)CC3)cc1,Scientific Literature,Displacement of [3H]SCH23390 from human dopamine D1 receptor expressed in HEK293 cell membranes by liquid scintillation counting based competition binding assay,B,Homo sapiens,,Eur J Med Chem,2014.0,Dopamine D1 receptor,Ki,nM,6.12,372.51,4.93
CHEMBL386122,3.4,CN1CCN(C2=Nc3cc(Cl)ccc3N(NC(=O)c3c(Cl)cccc3Cl)c3ccccc32)CC1,Scientific Literature,Displacement of [3H]SCH 23390 from human dopamine D1 receptor expressed in CHO cells,B,Homo sapiens,,Bioorg Med Chem Lett,2006.0,Dopamine D1 receptor,Ki,nM,8.47,514.84,5.77
CHEMBL477961,1698.24,O=C1c2ccccc2CCN1CCCN1CCN(c2ccccn2)CC1,Scientific Literature,Displacement of [3H]SCH23390 from human dopamine D1 receptor,B,Homo sapiens,,Bioorg Med Chem Lett,2009.0,Dopamine D1 receptor,Ki,nM,5.77,350.47,2.29
CHEMBL485207,56.0,Br.Oc1cc2c(c(-c3ccc4ccccc4c3)c1O)CCNCC2c1ccccc1,Scientific Literature,Displacement of [3H]SCH23390 from human dopamine D1 receptor expressed in HEK293 cells,B,Homo sapiens,,Bioorg Med Chem,2008.0,Dopamine D1 receptor,Ki,nM,7.25,462.39,5.2
CHEMBL3216759,380.0,COC(=O)[C@@H](N)CSc1cc2c3c(c1)-c1c(ccc(O)c1O)C[C@H]3N(C)CC2.Cl.Cl,Scientific Literature,Displacement of [3H]SCH23390 from human D1 dopamine receptor expressed in Ltk fibroblast cells after 60 mins by liquid scintillation counter,B,Homo sapiens,,Eur J Med Chem,2011.0,Dopamine D1 receptor,Ki,nM,6.42,473.42,2.44
CHEMBL142020,1600.0,COc1ccccc1N1CCN(CCCCNC(=O)c2cc3ccccn3n2)CC1,Scientific Literature,Displacement of [3H]SCH23990 from human D1 receptor expressed in HEK293T cell membranes,B,Homo sapiens,,Bioorg Med Chem,2017.0,Dopamine D1 receptor,Ki,nM,5.8,407.52,2.68
CHEMBL2204343,162.0,O=C(CCCN1CC[Si](O)(c2ccc(Cl)cc2)CC1)c1ccc(F)cc1,Scientific Literature,Inhibition of human dopamine D1 receptor,B,Homo sapiens,,J Med Chem,2011.0,Dopamine D1 receptor,Ki,nM,6.79,391.95,
CHEMBL4637673,756.0,COc1cc2c3c(c1OC)-c1cc(NC(C)=O)ccc1CC3N(C)CC2,Scientific Literature,Binding affinity to human D1 receptor,B,Homo sapiens,,Bioorg Med Chem Lett,2020.0,Dopamine D1 receptor,Ki,nM,6.12,352.43,3.41
CHEMBL4568916,832.0,CCCN(CCCCNC(=O)c1ccc(-c2ccccn2)cc1)CC1CC1c1cccc(Cl)c1.Cl,Scientific Literature,Displacement of [3H]-SCH23390 from recombinant human D1 receptor transiently expressed in HEKT cell membranes measured after 90 mins by microbeta scintillation counting method,B,Homo sapiens,,J Med Chem,2020.0,Dopamine D1 receptor,Ki,nM,6.08,512.53,6.43
CHEMBL4091155,240.0,O=C(CCCN1CCN(c2cccc(Cl)c2Cl)CC1)Nc1ccn2nccc2c1,Scientific Literature,Displacement of [3H]SCH23390 from human Dopamine D1 receptor expressed in HEK293T cell membranes after 2 hrs by scintillation counting analysis,B,Homo sapiens,,J Med Chem,2017.0,Dopamine D1 receptor,Ki,nM,6.62,432.36,4.18
CHEMBL4079301,280.0,COc1ccccc1N1CCN(CCCCOc2ccn3nc(C#N)cc3c2)CC1,Scientific Literature,Displacement of [3H]SCH23390 from human Dopamine D1 receptor expressed in HEK293T cell membranes after 2 hrs by scintillation counting analysis,B,Homo sapiens,,J Med Chem,2017.0,Dopamine D1 receptor,Ki,nM,6.55,405.5,3.2
CHEMBL379450,10000.0,c1ccc(CCN2CCc3ccccc3Cc3[nH]c4ccccc4c3CC2)cc1,Scientific Literature,Inhibition of binding to human D1 receptor expressed in HEK 293 cells by functional calcium assay,F,Homo sapiens,,J Med Chem,2006.0,Dopamine D1 receptor,Ki,nM,,380.54,5.4
CHEMBL3335537,100000.0,c1ccc(CC[C@@H]2CN(Cc3nc4ccccc4[nH]3)CCO2)cc1,Scientific Literature,Inhibition of human dopamine D1 receptor,B,Homo sapiens,,J Med Chem,2017.0,Dopamine D1 receptor,Ki,nM,,321.42,3.4
CHEMBL1204122,6.93,Br.CN1CCc2ccccc2Cc2ccc(O)cc2CC1,Scientific Literature,Inhibition of binding to human D1 receptor expressed in HEK 293 cells by functional calcium assay,F,Homo sapiens,,J Med Chem,2006.0,Dopamine D1 receptor,Ki,nM,8.16,348.28,3.01
CHEMBL478688,426.58,COc1cccc(N2CCN(CCCCN3CCc4ccccc4C3=O)CC2)c1,Scientific Literature,Displacement of [3H]SCH23390 from human dopamine D1 receptor,B,Homo sapiens,,Bioorg Med Chem Lett,2009.0,Dopamine D1 receptor,Ki,nM,6.37,393.53,3.3
CHEMBL4100183,2300.0,O=C1COc2c(N3CCN(CCCCOc4ccn5nccc5c4)CC3)ccc(O)c2N1,Scientific Literature,Displacement of [3H]SCH23390 from human D1R expressed in HEK293T cell membranes by radioligand binding assay,B,Homo sapiens,,J Med Chem,2017.0,Dopamine D1 receptor,Ki,nM,5.64,437.5,2.35
CHEMBL184383,2920.0,O=C(NCCCCN1CCN(c2cccc(Cl)c2Cl)CC1)c1cc2cc(I)ccc2o1,Scientific Literature,Displacement of [3H]SCH23390 from D1 receptor,B,,,J Med Chem,2009.0,Dopamine D1 receptor,Ki,nM,5.54,572.27,5.68
CHEMBL1627310,10000.0,O=C(NCCC(O)CN1CCN(c2cccc(Cl)c2Cl)CC1)c1cc2cc(F)ccc2[nH]1,Scientific Literature,Displacement of [3H]SCH23390 from D1 receptor,B,,,J Med Chem,2009.0,Dopamine D1 receptor,Ki,nM,,479.38,3.92
CHEMBL3289645,2344.0,FC(F)(F)c1ccc(OCCCN2CCN(c3ccccn3)CC2)cc1,Scientific Literature,Displacement of [3H]SCH23390 from human dopamine D1 receptor by PDSP assay,B,Homo sapiens,,Bioorg Med Chem,2014.0,Dopamine D1 receptor,Ki,nM,5.63,365.4,3.69
CHEMBL596884,10000.0,C=CCc1ccc2c(c1O)-c1cccc3c1[C@@H](C2)N(C)CC3,Scientific Literature,Displacement of [3H]SCH23390 from dopamine D1 receptor expressed in HEK293 cells by liquid scintillation counting,B,,,J Med Chem,2010.0,Dopamine D1 receptor,Ki,nM,,291.39,3.87
CHEMBL608728,10000.0,C=CCOc1cccc2c1-c1cccc3c1[C@@H](C2)N(C)CC3,Scientific Literature,Displacement of [3H]SCH23390 from dopamine D1 receptor expressed in HEK293 cells by liquid scintillation counting,B,,,J Med Chem,2010.0,Dopamine D1 receptor,Ki,nM,,291.39,4.0
CHEMBL476108,162.7,O=C(CCCN1CCCN(c2ccc(Cl)cc2)CC1)c1ccc(F)cc1,Scientific Literature,Binding affinity to human cloned dopamine D1 receptor,B,Homo sapiens,,Bioorg Med Chem,2008.0,Dopamine D1 receptor,Ki,nM,6.79,374.89,4.65
CHEMBL377877,16.0,CN1CCN(C2=Nc3cc(Cl)ccc3N(NC(=O)c3ccccc3Br)c3ccccc32)CC1,Scientific Literature,Displacement of [3H]SCH 23390 from dopamine D1 receptor expressed in CHO cells,B,Homo sapiens,,Bioorg Med Chem Lett,2006.0,Dopamine D1 receptor,Ki,nM,7.8,524.85,5.22
CHEMBL379560,13.0,COc1ccccc1C(=O)NN1c2ccc(Cl)cc2N=C(N2CCN(C)CC2)c2ccccc21,Scientific Literature,Displacement of [3H]SCH 23390 from dopamine D1 receptor expressed in CHO cells,B,Homo sapiens,,Bioorg Med Chem Lett,2006.0,Dopamine D1 receptor,Ki,nM,7.89,475.98,4.47
CHEMBL201561,10000.0,CN1CCCCCc2[nH]c3ccccc3c2CC1,Scientific Literature,Inhibition of binding to human D1 receptor expressed in HEK 293 cells by functional calcium assay,F,Homo sapiens,,J Med Chem,2006.0,Dopamine D1 receptor,Ki,nM,,242.37,3.37
CHEMBL212807,11.0,COc1cccc(OC)c1C(=O)NN1c2ccc(Cl)cc2N=C(N2CCN(C)CC2)c2cc(Cl)ccc21,Scientific Literature,Displacement of [3H]SCH 23390 from dopamine D1 receptor expressed in CHO cells,B,Homo sapiens,,Bioorg Med Chem Lett,2006.0,Dopamine D1 receptor,Ki,nM,7.96,540.45,5.13
CHEMBL213472,83.0,CN1CCN(C2=Nc3ccccc3N(NC(=O)c3ccc4c(c3)OCO4)c3ccc(Cl)cc32)CC1,Scientific Literature,Displacement of [3H]SCH 23390 from dopamine D1 receptor expressed in CHO cells,B,Homo sapiens,,Bioorg Med Chem Lett,2006.0,Dopamine D1 receptor,Ki,nM,7.08,489.96,4.19
CHEMBL4566600,2137.96,Cc1c(C(=O)O)cc(-c2ccc(C3CCNCC3)cc2)c2ccc(-c3ccc(C(F)(F)F)cc3)cc12,SGC Frankfurt - Donated Chemical Probes,GPCRScan assay: inhibition of D1,B,Homo sapiens,,,2021.0,Dopamine D1 receptor,Ki,nM,5.67,489.54,7.67
CHEMBL403550,23.0,CCCCC(=O)Oc1cccc2c1-c1cccc3c1[C@@H](C2)N(CCC)CC3,Scientific Literature,Displacement of [3H]8OH-DPAT from human dopamine D1 receptor expressed in HEK293 cells,B,Homo sapiens,,Bioorg Med Chem,2008.0,Dopamine D1 receptor,Ki,nM,7.64,363.5,5.31
CHEMBL240773,63.0,CCCN1CCC[C@@H]2Cc3[nH]ncc3C[C@H]21,Scientific Literature,"Binding affinity (high) towards human dopamine receptor 2 long against radioligand [3H]spiperone, expressed in Chinese hamster ovary cells",B,Homo sapiens,,J Med Chem,2005.0,Dopamine D1 receptor,Ki,nM,7.2,219.33,2.0
CHEMBL3671280,14.1,Cc1cc(Oc2nccc3[nH]ccc23)ccc1-c1c(C)cnnc1C,BindingDB Patent Bioactivity Data,"Receptor Binding Assay: The affinity of the compounds described herein was determined by competition binding assays similar to those described in Ryman-Rasmussen et al., Differential activation of adenylate cyclase and receptor internalization by novel dopamine D1 receptor agonists, Molecular Pharmacology 68(4):1039-1048 (2005). This radioligand binding assay used [3H]-SCH23390, a radiolabeled D1 ligand, to evaluate the ability of a test compound to compete with the radioligand when binding to a D1 receptor. D1 binding assays were performed using over-expressing LTK human cell lines. To determine basic assay parameters, ligand concentrations were determined from saturation binding studies where the Kd for [3H]-SCH23390 was found to be 1.3 nM. From tissue concentration curve studies, the optimal amount of tissue was determined to be 1.75 mg/mL per 96 well plate using 0.5 nM of [3H]-SCH23390. These ligand and tissue concentrations were used in time course studies to determine linearity and equilibrium condition.",B,,,,2014.0,Dopamine D1 receptor,Ki,nM,7.85,330.39,4.74
CHEMBL585742,492.0,COc1ccccc1N1CCN(CCCn2cc(CN3CCc4cc(O)c(O)cc4C(c4cccc(C)c4)C3)nn2)CC1,Scientific Literature,Displacement of [3H]SCH23390 from dopamine D1 receptor expressed in HEK293 cells by liquid scintillation counting,B,,,Bioorg Med Chem,2009.0,Dopamine D1 receptor,Ki,nM,6.31,582.75,4.41
CHEMBL3697555,82.7,CCc1c(-c2ccc(Oc3ncccc3Cl)cc2)n(C)c(=O)[nH]c1=O,BindingDB Patent Bioactivity Data,"Competition Binding Assay: The affinity of the compounds described herein was determined by competition binding assays similar to those described in Ryman-Rasmussen et al., Differential activation of adenylate cyclase and receptor internalization by novel dopamine D1 receptor agonists, Molecular Pharmacology 68(4):1039-1048 (2005). This radioligand binding assay used [3H]-SCH23390, a radiolabeled D1 ligand, to evaluate the ability of a test compound to compete with the radioligand when binding to a D1 receptor.D1 binding assays were performed using over-expressing LTK human cell lines. To determine basic assay parameters, ligand concentrations were determined from saturation binding studies where the Kd for [3H]-SCH23390 was found to be 1.3 nM. From tissue concentration curve studies, the optimal amount of tissue was determined to be 1.75 mg/mL per 96 well plate using 0.5 nM of [3H]-SCH23390. These ligand and tissue concentrations were used in time course studies to determine linearity and equilibrium.",B,,,,2015.0,Dopamine D1 receptor,Ki,nM,7.08,357.8,3.14
CHEMBL3697556,45.9,[C-]#[N+]c1c(C)ccnc1Oc1ccc(-c2c(C)c(=O)[nH]c(=O)n2C)c(C)c1,BindingDB Patent Bioactivity Data,"Competition Binding Assay: The affinity of the compounds described herein was determined by competition binding assays similar to those described in Ryman-Rasmussen et al., Differential activation of adenylate cyclase and receptor internalization by novel dopamine D1 receptor agonists, Molecular Pharmacology 68(4):1039-1048 (2005). This radioligand binding assay used [3H]-SCH23390, a radiolabeled D1 ligand, to evaluate the ability of a test compound to compete with the radioligand when binding to a D1 receptor.D1 binding assays were performed using over-expressing LTK human cell lines. To determine basic assay parameters, ligand concentrations were determined from saturation binding studies where the Kd for [3H]-SCH23390 was found to be 1.3 nM. From tissue concentration curve studies, the optimal amount of tissue was determined to be 1.75 mg/mL per 96 well plate using 0.5 nM of [3H]-SCH23390. These ligand and tissue concentrations were used in time course studies to determine linearity and equilibrium.",B,,,,2015.0,Dopamine D1 receptor,Ki,nM,7.34,362.39,3.4
CHEMBL3697563,156.0,Cc1cc(Oc2ccccn2)ccc1-c1c(C)c(=O)[nH]c(=O)n1C,BindingDB Patent Bioactivity Data,"Competition Binding Assay: The affinity of the compounds described herein was determined by competition binding assays similar to those described in Ryman-Rasmussen et al., Differential activation of adenylate cyclase and receptor internalization by novel dopamine D1 receptor agonists, Molecular Pharmacology 68(4):1039-1048 (2005). This radioligand binding assay used [3H]-SCH23390, a radiolabeled D1 ligand, to evaluate the ability of a test compound to compete with the radioligand when binding to a D1 receptor.D1 binding assays were performed using over-expressing LTK human cell lines. To determine basic assay parameters, ligand concentrations were determined from saturation binding studies where the Kd for [3H]-SCH23390 was found to be 1.3 nM. From tissue concentration curve studies, the optimal amount of tissue was determined to be 1.75 mg/mL per 96 well plate using 0.5 nM of [3H]-SCH23390. These ligand and tissue concentrations were used in time course studies to determine linearity and equilibrium.",B,,,,2015.0,Dopamine D1 receptor,Ki,nM,6.81,323.35,2.54
CHEMBL3697565,650.0,Cc1cc(Oc2ncccc2N2CC(F)C2)ccc1-c1c(C)c(=O)[nH]c(=O)n1C,BindingDB Patent Bioactivity Data,"Competition Binding Assay: The affinity of the compounds described herein was determined by competition binding assays similar to those described in Ryman-Rasmussen et al., Differential activation of adenylate cyclase and receptor internalization by novel dopamine D1 receptor agonists, Molecular Pharmacology 68(4):1039-1048 (2005). This radioligand binding assay used [3H]-SCH23390, a radiolabeled D1 ligand, to evaluate the ability of a test compound to compete with the radioligand when binding to a D1 receptor.D1 binding assays were performed using over-expressing LTK human cell lines. To determine basic assay parameters, ligand concentrations were determined from saturation binding studies where the Kd for [3H]-SCH23390 was found to be 1.3 nM. From tissue concentration curve studies, the optimal amount of tissue was determined to be 1.75 mg/mL per 96 well plate using 0.5 nM of [3H]-SCH23390. These ligand and tissue concentrations were used in time course studies to determine linearity and equilibrium.",B,,,,2015.0,Dopamine D1 receptor,Ki,nM,6.19,396.42,2.7
CHEMBL213492,2.5,CN1CCN(C2=Nc3cc(Cl)ccc3N(NC(=O)c3c(F)cccc3C(F)(F)F)c3ccccc32)CC1,Scientific Literature,Displacement of [3H]SCH 23390 from human dopamine D1 receptor expressed in CHO cells,B,Homo sapiens,,Bioorg Med Chem Lett,2006.0,Dopamine D1 receptor,Ki,nM,8.6,531.94,5.62
CHEMBL212912,4.0,CN1CCN(C2=Nc3cc(Cl)ccc3N(NC(=O)c3ccccc3Cl)c3ccccc32)CC1,Scientific Literature,Displacement of [3H]SCH 23390 from human dopamine D1 receptor expressed in CHO cells,B,Homo sapiens,,Bioorg Med Chem Lett,2006.0,Dopamine D1 receptor,Ki,nM,8.4,480.4,5.12
CHEMBL4527244,1647.0,CCCN(CCCCNC(=O)c1ccc(-c2ccccn2)cc1)CC1CC1c1cccc(Cl)c1Cl.Cl,Scientific Literature,Displacement of [3H]-SCH23390 from recombinant human D1 receptor transiently expressed in HEKT cell membranes measured after 90 mins by microbeta scintillation counting method,B,Homo sapiens,,J Med Chem,2020.0,Dopamine D1 receptor,Ki,nM,5.78,546.97,7.08
CHEMBL3697560,36.2,Cc1cc(Oc2nccc(C)c2F)ccc1-c1c(C)c(=O)[nH]c(=O)n1C,BindingDB Patent Bioactivity Data,"Competition Binding Assay: The affinity of the compounds described herein was determined by competition binding assays similar to those described in Ryman-Rasmussen et al., Differential activation of adenylate cyclase and receptor internalization by novel dopamine D1 receptor agonists, Molecular Pharmacology 68(4):1039-1048 (2005). This radioligand binding assay used [3H]-SCH23390, a radiolabeled D1 ligand, to evaluate the ability of a test compound to compete with the radioligand when binding to a D1 receptor.D1 binding assays were performed using over-expressing LTK human cell lines. To determine basic assay parameters, ligand concentrations were determined from saturation binding studies where the Kd for [3H]-SCH23390 was found to be 1.3 nM. From tissue concentration curve studies, the optimal amount of tissue was determined to be 1.75 mg/mL per 96 well plate using 0.5 nM of [3H]-SCH23390. These ligand and tissue concentrations were used in time course studies to determine linearity and equilibrium.",B,,,,2015.0,Dopamine D1 receptor,Ki,nM,7.44,355.37,2.99
CHEMBL3697553,52.7,CCc1cccnc1Oc1ccc(-c2c(C)c(=O)[nH]c(=O)n2C)c(C)c1,BindingDB Patent Bioactivity Data,"Competition Binding Assay: The affinity of the compounds described herein was determined by competition binding assays similar to those described in Ryman-Rasmussen et al., Differential activation of adenylate cyclase and receptor internalization by novel dopamine D1 receptor agonists, Molecular Pharmacology 68(4):1039-1048 (2005). This radioligand binding assay used [3H]-SCH23390, a radiolabeled D1 ligand, to evaluate the ability of a test compound to compete with the radioligand when binding to a D1 receptor.D1 binding assays were performed using over-expressing LTK human cell lines. To determine basic assay parameters, ligand concentrations were determined from saturation binding studies where the Kd for [3H]-SCH23390 was found to be 1.3 nM. From tissue concentration curve studies, the optimal amount of tissue was determined to be 1.75 mg/mL per 96 well plate using 0.5 nM of [3H]-SCH23390. These ligand and tissue concentrations were used in time course studies to determine linearity and equilibrium.",B,,,,2015.0,Dopamine D1 receptor,Ki,nM,7.28,351.41,3.11
CHEMBL3697605,381.0,Cc1cc(Oc2ncccc2Cl)ccc1-c1c(C)ncc(=O)n1C,BindingDB Patent Bioactivity Data,"Competition Binding Assay: The affinity of the compounds described herein was determined by competition binding assays similar to those described in Ryman-Rasmussen et al., Differential activation of adenylate cyclase and receptor internalization by novel dopamine D1 receptor agonists, Molecular Pharmacology 68(4):1039-1048 (2005). This radioligand binding assay used [3H]-SCH23390, a radiolabeled D1 ligand, to evaluate the ability of a test compound to compete with the radioligand when binding to a D1 receptor.D1 binding assays were performed using over-expressing LTK human cell lines. To determine basic assay parameters, ligand concentrations were determined from saturation binding studies where the Kd for [3H]-SCH23390 was found to be 1.3 nM. From tissue concentration curve studies, the optimal amount of tissue was determined to be 1.75 mg/mL per 96 well plate using 0.5 nM of [3H]-SCH23390. These ligand and tissue concentrations were used in time course studies to determine linearity and equilibrium.",B,,,,2015.0,Dopamine D1 receptor,Ki,nM,6.42,341.8,3.9
CHEMBL3697562,489.0,Cc1cc(Oc2ncccc2F)ccc1-c1c(C)c(=O)[nH]c(=O)n1C,BindingDB Patent Bioactivity Data,"Competition Binding Assay: The affinity of the compounds described herein was determined by competition binding assays similar to those described in Ryman-Rasmussen et al., Differential activation of adenylate cyclase and receptor internalization by novel dopamine D1 receptor agonists, Molecular Pharmacology 68(4):1039-1048 (2005). This radioligand binding assay used [3H]-SCH23390, a radiolabeled D1 ligand, to evaluate the ability of a test compound to compete with the radioligand when binding to a D1 receptor.D1 binding assays were performed using over-expressing LTK human cell lines. To determine basic assay parameters, ligand concentrations were determined from saturation binding studies where the Kd for [3H]-SCH23390 was found to be 1.3 nM. From tissue concentration curve studies, the optimal amount of tissue was determined to be 1.75 mg/mL per 96 well plate using 0.5 nM of [3H]-SCH23390. These ligand and tissue concentrations were used in time course studies to determine linearity and equilibrium.",B,,,,2015.0,Dopamine D1 receptor,Ki,nM,6.31,341.34,2.68
CHEMBL3697566,224.0,Cc1cc(Oc2ncccc2OC2CC2)ccc1-c1c(C)c(=O)[nH]c(=O)n1C,BindingDB Patent Bioactivity Data,"Competition Binding Assay: The affinity of the compounds described herein was determined by competition binding assays similar to those described in Ryman-Rasmussen et al., Differential activation of adenylate cyclase and receptor internalization by novel dopamine D1 receptor agonists, Molecular Pharmacology 68(4):1039-1048 (2005). This radioligand binding assay used [3H]-SCH23390, a radiolabeled D1 ligand, to evaluate the ability of a test compound to compete with the radioligand when binding to a D1 receptor.D1 binding assays were performed using over-expressing LTK human cell lines. To determine basic assay parameters, ligand concentrations were determined from saturation binding studies where the Kd for [3H]-SCH23390 was found to be 1.3 nM. From tissue concentration curve studies, the optimal amount of tissue was determined to be 1.75 mg/mL per 96 well plate using 0.5 nM of [3H]-SCH23390. These ligand and tissue concentrations were used in time course studies to determine linearity and equilibrium.",B,,,,2015.0,Dopamine D1 receptor,Ki,nM,6.65,379.42,3.09
CHEMBL3697579,7.66,Cc1cc(Oc2ncccc2C2CC2)ccc1-c1c(C)n[nH]c(=O)c1C,BindingDB Patent Bioactivity Data,"Competition Binding Assay: The affinity of the compounds described herein was determined by competition binding assays similar to those described in Ryman-Rasmussen et al., Differential activation of adenylate cyclase and receptor internalization by novel dopamine D1 receptor agonists, Molecular Pharmacology 68(4):1039-1048 (2005). This radioligand binding assay used [3H]-SCH23390, a radiolabeled D1 ligand, to evaluate the ability of a test compound to compete with the radioligand when binding to a D1 receptor.D1 binding assays were performed using over-expressing LTK human cell lines. To determine basic assay parameters, ligand concentrations were determined from saturation binding studies where the Kd for [3H]-SCH23390 was found to be 1.3 nM. From tissue concentration curve studies, the optimal amount of tissue was determined to be 1.75 mg/mL per 96 well plate using 0.5 nM of [3H]-SCH23390. These ligand and tissue concentrations were used in time course studies to determine linearity and equilibrium.",B,,,,2015.0,Dopamine D1 receptor,Ki,nM,8.12,347.42,4.43
CHEMBL2420772,10000.0,Clc1cccc(N2CCN(Cc3cccs3)CC2)c1Cl,Scientific Literature,Displacement of [3H]SCH23390 from human dopamine D1 receptor,B,Homo sapiens,,Bioorg Med Chem Lett,2013.0,Dopamine D1 receptor,Ki,nM,,327.28,4.38
CHEMBL3289646,260.0,Cc1ccc(N2CCN(CCCOc3ccc(F)cc3)CC2)nc1,Scientific Literature,Displacement of [3H]SCH23390 from human dopamine D1 receptor by PDSP assay,B,Homo sapiens,,Bioorg Med Chem,2014.0,Dopamine D1 receptor,Ki,nM,6.58,329.42,3.12
CHEMBL2298801,1000.0,O=c1[nH]c2ccc(OCCN3CCN(c4cccc(Cl)c4)CC3)cc2[nH]1,Scientific Literature,Binding affinity to dopamine D1 receptor (unknown origin),B,Homo sapiens,,Med Chem Res,2013.0,Dopamine D1 receptor,Ki,nM,,372.86,2.71
CHEMBL2299001,1000.0,O=c1[nH]c2ccc(OCCN3CCN(c4cccc(C(F)(F)F)c4)CC3)cc2[nH]1,Scientific Literature,Binding affinity to dopamine D1 receptor (unknown origin),B,Homo sapiens,,Med Chem Res,2013.0,Dopamine D1 receptor,Ki,nM,,406.41,3.08
CHEMBL2298829,1000.0,COc1ccccc1N1CCN(CCOc2ccc3[nH]c(=S)[nH]c3c2)CC1,Scientific Literature,Binding affinity to dopamine D1 receptor (unknown origin),B,Homo sapiens,,Med Chem Res,2013.0,Dopamine D1 receptor,Ki,nM,,384.51,3.44
CHEMBL4756254,0.48,Cc1ccc2c(c1)N=C(C1=C[C@H](C)N(C)CC1)c1cc(Cl)ccc1N2,Scientific Literature,Binding affinity to human dopamine D1 receptor,B,Homo sapiens,,Bioorg Med Chem Lett,2020.0,Dopamine D1 receptor,Ki,nM,9.32,351.88,5.48
CHEMBL4740880,1.6,C[C@H]1C=C(C2=Nc3ccccc3Nc3ccc(Cl)cc32)CCN1C,Scientific Literature,Binding affinity to human dopamine D1 receptor,B,Homo sapiens,,Bioorg Med Chem Lett,2020.0,Dopamine D1 receptor,Ki,nM,8.8,337.85,5.17
CHEMBL3287397,970.0,O=Cc1cnn2ccc(OCCCCN3CCN(c4cccc(Cl)c4Cl)CC3)cc12,Scientific Literature,Displacement of [3H]SCH23390 from human dopamine D1 receptor expressed in HEK293 cells by competitive binding assay,B,Homo sapiens,,J Med Chem,2014.0,Dopamine D1 receptor,Ki,nM,6.01,447.37,4.43
CHEMBL3287405,930.0,N#Cc1cnn2ccc(OCCCCN3CCN(c4cccc(Cl)c4Cl)CC3)cc12,Scientific Literature,Displacement of [3H]SCH23390 from human dopamine D1 receptor expressed in HEK293 cells by competitive binding assay,B,Homo sapiens,,J Med Chem,2014.0,Dopamine D1 receptor,Ki,nM,6.03,444.37,4.49
CHEMBL2062860,44000.0,OC[C@H]1[C@H]2CN(Cc3ccccc3)[C@H](c3ccccc3)[C@H]2[C@@H]1N1CCCCC1,Scientific Literature,Displacement of [3H]SCH23390 from human D1 receptor expressed in HEK293 cells,B,Homo sapiens,,Eur J Med Chem,2012.0,Dopamine D1 receptor,Ki,nM,4.36,376.54,3.95
CHEMBL3344459,128.14,COc1cc2c(cc1O)[C@@H]1Cc3sc(CC(C)C)cc3CN1CC2,Scientific Literature,Displacement of [3H]SCH23390 from D1 receptor (unknown origin) transfected in HEK293T cells after 50 mins by liquid scintillation counting analysis,B,Homo sapiens,,Bioorg Med Chem,2014.0,Dopamine D1 receptor,Ki,nM,6.89,343.49,4.32
CHEMBL3325901,334.0,CN1CCc2cc(N)c(O)cc2C(c2ccccc2)C1,Scientific Literature,Displacement of [3H]SCH23390 from human dopamine D1 receptor expressed in HEK293 cell membranes by liquid scintillation counting based competition binding assay,B,Homo sapiens,,Eur J Med Chem,2014.0,Dopamine D1 receptor,Ki,nM,6.48,268.36,2.59
CHEMBL3325918,1000.0,CN1CCc2cc(O)c(CN)cc2C(c2ccccc2)C1,Scientific Literature,Displacement of [3H]SCH23390 from human dopamine D1 receptor expressed in HEK293 cell membranes by liquid scintillation counting based competition binding assay,B,Homo sapiens,,Eur J Med Chem,2014.0,Dopamine D1 receptor,Ki,nM,,282.39,2.47
CHEMBL397207,579.0,COc1cc2c(cc1OC)Cc1ccccc1CCCN(C)CC2,Scientific Literature,Displacement of [3H]SCH 23390 from human dopamine D1 receptor,B,Homo sapiens,,J Med Chem,2007.0,Dopamine D1 receptor,Ki,nM,6.24,325.45,3.72
CHEMBL389559,83.0,CN1CCCc2ccccc2Cc2ccc(O)cc2CCC1,Scientific Literature,Displacement of [3H]SCH 23390 from human dopamine D1 receptor,B,Homo sapiens,,J Med Chem,2007.0,Dopamine D1 receptor,Ki,nM,7.08,295.43,3.79
CHEMBL214503,7.0,CN1CCN(C2=Nc3ccccc3N(NC(=O)c3ccccc3I)c3ccc(Cl)cc32)CC1,Scientific Literature,Displacement of [3H]SCH 23390 from dopamine D1 receptor expressed in CHO cells,B,Homo sapiens,,Bioorg Med Chem Lett,2006.0,Dopamine D1 receptor,Ki,nM,8.15,571.85,5.07
CHEMBL378893,2568.0,O=C(NN1c2ccc(Cl)cc2N=C(N2CCN(Cc3cccc(OC(F)(F)F)c3)CC2)c2ccccc21)c1ccccc1Cl,Scientific Literature,Displacement of [3H]SCH 23390 from dopamine D1 receptor expressed in CHO cells,B,Homo sapiens,,Bioorg Med Chem Lett,2006.0,Dopamine D1 receptor,Ki,nM,5.59,640.49,7.58
CHEMBL384634,3106.0,FC1(F)Oc2cccc(CN3CCN(C4=Nc5cc(Cl)ccc5Nc5ccccc54)CC3)c2O1,Scientific Literature,Displacement of [3H]SCH 23390 from dopamine D1 receptor expressed in CHO cells,B,Homo sapiens,,Bioorg Med Chem Lett,2006.0,Dopamine D1 receptor,Ki,nM,5.51,482.92,5.61
CHEMBL213668,56.0,CN1CCN(C2=Nc3cc(Cl)ccc3N(NC(=O)c3ccc4c(c3)OCO4)c3ccccc32)CC1,Scientific Literature,Displacement of [3H]SCH 23390 from dopamine D1 receptor expressed in CHO cells,B,Homo sapiens,,Bioorg Med Chem Lett,2006.0,Dopamine D1 receptor,Ki,nM,7.25,489.96,4.19
CHEMBL213424,3.2,Cc1cccc(N)c1C(=O)NN1c2ccc(Cl)cc2N=C(N2CCN(C)CC2)c2ccccc21,Scientific Literature,Displacement of [3H]SCH 23390 from human dopamine D1 receptor expressed in CHO cells,B,Homo sapiens,,Bioorg Med Chem Lett,2006.0,Dopamine D1 receptor,Ki,nM,8.49,475.0,4.35
CHEMBL1940403,27.0,OC1(c2ccc(Cl)cc2)CCN(CCCSc2ccc(F)cc2)CC1,Scientific Literature,Displacement of [3H]SCH23390 from human dopamine D1 receptor by liquid scintillation counting,B,Homo sapiens,,Bioorg Med Chem Lett,2014.0,Dopamine D1 receptor,Ki,nM,7.57,379.93,4.94
CHEMBL380484,10000.0,CN1CCc2c([nH]c3ccccc23)CCCCC1c1ccccc1,Scientific Literature,Inhibition of binding to human D1 receptor expressed in HEK 293 cells by functional calcium assay,F,Homo sapiens,,J Med Chem,2006.0,Dopamine D1 receptor,Ki,nM,,318.46,5.11
CHEMBL4283982,680.0,COc1cc2c(cc1O)CN(CCCCNC(=O)c1ccc(Cl)cc1)CC2,Scientific Literature,Displacement of [3H]SCH23390 from human dopamine D1 receptor expressed in HEKT cell membranes,B,Homo sapiens,,ACS Med Chem Lett,2018.0,Dopamine D1 receptor,Ki,nM,6.17,388.89,3.62
CHEMBL484352,346.0,Br.Oc1cc2c(c(-c3ccccc3)c1O)CCNCC2c1ccccc1,Scientific Literature,Displacement of [3H]SCH23390 from human dopamine D1 receptor expressed in HEK293 cells,B,Homo sapiens,,Bioorg Med Chem,2008.0,Dopamine D1 receptor,Ki,nM,6.46,412.33,4.04
CHEMBL4638749,536.0,C#CCOc1c(OC)cc2c3c1-c1cc([N+](=O)[O-])ccc1CC3N(C)CC2,Scientific Literature,Binding affinity to human D1 receptor,B,Homo sapiens,,Bioorg Med Chem Lett,2020.0,Dopamine D1 receptor,Ki,nM,6.27,364.4,3.37
CHEMBL2420893,10000.0,Clc1cccc(N2CCN(Cc3ccccc3)CC2)c1Cl,Scientific Literature,Displacement of [3H]SCH23390 from human dopamine D1 receptor,B,Homo sapiens,,Bioorg Med Chem Lett,2013.0,Dopamine D1 receptor,Ki,nM,,321.25,4.32
CHEMBL2420776,10000.0,Clc1ccc(N2CCN(Cc3cccs3)CC2)cc1,Scientific Literature,Displacement of [3H]SCH23390 from human dopamine D1 receptor,B,Homo sapiens,,Bioorg Med Chem Lett,2013.0,Dopamine D1 receptor,Ki,nM,,292.84,3.72
CHEMBL4066916,6000.0,Oc1ccc(N2CCNCC2)c2c1OCCO2,Scientific Literature,Displacement of [3H]SCH23390 from human D1R expressed in HEK293T cell membranes,B,Homo sapiens,,Bioorg Med Chem,2017.0,Dopamine D1 receptor,Ki,nM,5.22,236.27,0.57
CHEMBL319707,8.7,Cc1ccc2c(c1)[C@@H]1c3cc(O)c(O)cc3CC[C@H]1NC2,Scientific Literature,Binding affinity to dopamine D1 receptor,B,,,Eur J Med Chem,2012.0,Dopamine D1 receptor,Ki,nM,8.06,281.36,2.96
CHEMBL4092462,20000.0,CCCN1CCN(c2ccc(O)c3[nH]c(=O)ccc23)CC1,Scientific Literature,Displacement of [3H]SCH23390 from human D1R expressed in HEK293T cell membranes,B,Homo sapiens,,Bioorg Med Chem,2017.0,Dopamine D1 receptor,Ki,nM,,287.36,1.77
CHEMBL4084690,20000.0,O=C1CCc2ccc(OCCCCN3CCCN(c4ccc(O)c5oc(=O)ccc45)CC3)cc2N1,Scientific Literature,Displacement of [3H]SCH23390 from human D1R expressed in HEK293T cell membranes by radioligand binding assay,B,Homo sapiens,,J Med Chem,2017.0,Dopamine D1 receptor,Ki,nM,,477.56,3.75
CHEMBL4277264,11.9,Cc1cc(Oc2nccc3occc23)ccc1-c1c(C)ncc2nccn12,Scientific Literature,Displacement of [3H]-SCH23390 from human dopamine D1 receptor expressed in LTK cell membranes after 30 mins by liquid scintillation counting,B,Homo sapiens,,J Med Chem,2018.0,Dopamine D1 receptor,Ki,nM,7.92,356.39,4.95
CHEMBL382010,8.9,CN1CCc2ccccc2Cc2cc(O)ccc2CC1,Scientific Literature,Displacement of [3H]SCH 23390 from D1 dopamine receptor,B,Homo sapiens,,J Med Chem,2006.0,Dopamine D1 receptor,Ki,nM,8.05,267.37,3.01
CHEMBL203689,64.1,CN1CCc2ccccc2Cc2c(O)cccc2CC1,Scientific Literature,Inhibition of D1 dopamine receptor in HEK 293 cells by intracellular calcium assay,F,Homo sapiens,,J Med Chem,2006.0,Dopamine D1 receptor,Ki,nM,7.19,267.37,3.01
CHEMBL378669,2.6,CN1CCN(C2=Nc3cc(Cl)ccc3N(NC(=O)c3c(N)cccc3Cl)c3ccccc32)CC1,Scientific Literature,Displacement of [3H]SCH 23390 from human dopamine D1 receptor expressed in CHO cells,B,Homo sapiens,,Bioorg Med Chem Lett,2006.0,Dopamine D1 receptor,Ki,nM,8.59,495.41,4.7
CHEMBL4286110,56.3,COc1ccc2cnccc2c1-c1ccc(Oc2nccc3occc23)cc1,Scientific Literature,Displacement of [3H]-SCH23390 from human dopamine D1 receptor expressed in LTK cell membranes after 30 mins by liquid scintillation counting,B,Homo sapiens,,J Med Chem,2018.0,Dopamine D1 receptor,Ki,nM,7.25,368.39,5.84
CHEMBL4286177,8.5,Cc1ccc2nccn2c1-c1ccc(Oc2nccc3occc23)cc1,Scientific Literature,Displacement of [3H]-SCH23390 from human dopamine D1 receptor expressed in LTK cell membranes after 30 mins by liquid scintillation counting,B,Homo sapiens,,J Med Chem,2018.0,Dopamine D1 receptor,Ki,nM,8.07,341.37,5.24
CHEMBL4277264,21.6,Cc1cc(Oc2nccc3occc23)ccc1-c1c(C)ncc2nccn12,Scientific Literature,Displacement of [3H]-SCH23390 from human dopamine D1 receptor expressed in LTK cell membranes after 30 mins by liquid scintillation counting,B,Homo sapiens,,J Med Chem,2018.0,Dopamine D1 receptor,Ki,nM,7.67,356.39,4.95
CHEMBL201575,10000.0,CCOC(=O)C(CCCBr)c1ccccc1,Scientific Literature,Inhibition of binding to human D1 receptor expressed in HEK 293 cells by functional calcium assay,F,Homo sapiens,,J Med Chem,2006.0,Dopamine D1 receptor,Ki,nM,,285.18,3.51
CHEMBL383102,10000.0,c1ccc(C2CCC3c4[nH]c5ccccc5c4CCN23)cc1,Scientific Literature,Inhibition of binding to human D1 receptor expressed in HEK 293 cells by functional calcium assay,F,Homo sapiens,,J Med Chem,2006.0,Dopamine D1 receptor,Ki,nM,,288.39,4.6
CHEMBL213444,28.0,CN1CCN(C2=Nc3cc(Cl)ccc3N(NC(=O)c3cnc4ccccc4c3)c3ccccc32)CC1,Scientific Literature,Displacement of [3H]SCH 23390 from human dopamine D1 receptor expressed in CHO cells,B,Homo sapiens,,Bioorg Med Chem Lett,2006.0,Dopamine D1 receptor,Ki,nM,7.55,497.0,5.01
CHEMBL378648,51.0,CN1CCN(C2=Nc3cc(Cl)ccc3N(NC(=O)c3ccc(C#N)cc3)c3ccc(Cl)cc32)CC1,Scientific Literature,Displacement of [3H]SCH 23390 from dopamine D1 receptor expressed in CHO cells,B,Homo sapiens,,Bioorg Med Chem Lett,2006.0,Dopamine D1 receptor,Ki,nM,7.29,505.41,4.99
CHEMBL377420,20.0,COc1cc(C(=O)NN2c3ccccc3N=C(N3CCN(C)CC3)c3cc(Cl)ccc32)cc(OC)c1OC,Scientific Literature,Displacement of [3H]SCH 23390 from dopamine D1 receptor expressed in CHO cells,B,Homo sapiens,,Bioorg Med Chem Lett,2006.0,Dopamine D1 receptor,Ki,nM,7.7,536.03,4.49
CHEMBL213193,22.0,CN1CCN(C2=Nc3ccccc3N(NC(=O)c3cc(F)ccc3C(F)(F)F)c3ccc(Cl)cc32)CC1,Scientific Literature,Displacement of [3H]SCH 23390 from dopamine D1 receptor expressed in CHO cells,B,Homo sapiens,,Bioorg Med Chem Lett,2006.0,Dopamine D1 receptor,Ki,nM,7.66,531.94,5.62
CHEMBL212334,68.0,CN1CCN(C2=Nc3cc(Cl)ccc3N(NC(=O)c3ccc(C#N)cc3)c3ccccc32)CC1,Scientific Literature,Displacement of [3H]SCH 23390 from dopamine D1 receptor expressed in CHO cells,B,Homo sapiens,,Bioorg Med Chem Lett,2006.0,Dopamine D1 receptor,Ki,nM,7.17,470.96,4.33
CHEMBL3797758,210.0,COc1ccccc1OCCNCCc1ccc(O)c(O)c1,Scientific Literature,Displacement of [3H]SCH23390 from human D1 receptor expressed in HEK293 cells,B,Homo sapiens,,Bioorg Med Chem,2016.0,Dopamine D1 receptor,Ki,nM,6.68,303.36,2.32
CHEMBL201788,10000.0,COc1cc2c(cc1OC)Cc1ccccc1CCN(CCc1ccccc1)CC2,Scientific Literature,Inhibition of binding to human D1 receptor expressed in HEK 293 cells by functional calcium assay,F,Homo sapiens,,J Med Chem,2006.0,Dopamine D1 receptor,Ki,nM,,401.55,4.94
CHEMBL4541924,1981.0,CCN(CCCCNC(=O)c1ccc2ccccc2c1)CC1CC1c1cc(Cl)ccc1OC.Cl,Scientific Literature,Displacement of [3H]-SCH23390 from recombinant human D1 receptor transiently expressed in HEKT cell membranes measured after 90 mins by microbeta scintillation counting method,B,Homo sapiens,,J Med Chem,2020.0,Dopamine D1 receptor,Ki,nM,5.7,501.5,6.14
CHEMBL4528651,10000.0,CC[C@H]1c2cc(C)ccc2OC[C@@]1(C)N,Scientific Literature,Displacement of [3H]-SCH23390 from human recombinant dopamine D1 receptor expressed in HEKT cells after 90 mins by microbeta scintillation counting method,B,Homo sapiens,,ACS Med Chem Lett,2019.0,Dopamine D1 receptor,Ki,nM,,205.3,2.6
CHEMBL4072821,410.0,CCOC(=O)c1cc2cc(OCCCCN3CCN(c4ccccc4OC)CC3)ccn2n1,Scientific Literature,Displacement of [3H]SCH23390 from human Dopamine D1 receptor expressed in HEK293T cell membranes after 2 hrs by scintillation counting analysis,B,Homo sapiens,,J Med Chem,2017.0,Dopamine D1 receptor,Ki,nM,6.39,452.56,3.5
CHEMBL4094869,3700.0,CCCN(CCCCOc1ccn2nccc2c1)[C@@H]1CCc2c(O)cccc2C1,Scientific Literature,Displacement of [3H]SCH23390 from human Dopamine D1 receptor expressed in HEK293T cell membranes after 2 hrs by scintillation counting analysis,B,Homo sapiens,,J Med Chem,2017.0,Dopamine D1 receptor,Ki,nM,5.43,393.53,4.47
CHEMBL443567,566.8,O=c1[nH]c2[nH]c(-c3ccccc3Cl)cc2c(=O)n1CCN1CCN(c2ccccc2Cl)CC1,Scientific Literature,Binding affinity to dopamine D1 receptor,B,Homo sapiens,,Bioorg Med Chem Lett,2006.0,Dopamine D1 receptor,Ki,nM,6.25,484.39,3.81
CHEMBL204065,9.4,COc1ccc2c(c1)CCN(C)CCc1cc(OC)ccc1C2,Scientific Literature,Displacement of [3H]SCH 23390 from D1 dopamine receptor,B,Homo sapiens,,J Med Chem,2006.0,Dopamine D1 receptor,Ki,nM,8.03,311.43,3.33
CHEMBL4278861,244.0,Cc1cc(Oc2nccc3occc23)ccc1-n1c(C)nc2cnccc21,Scientific Literature,Displacement of [3H]-SCH23390 from human dopamine D1 receptor expressed in LTK cell membranes after 30 mins by liquid scintillation counting,B,Homo sapiens,,J Med Chem,2018.0,Dopamine D1 receptor,Ki,nM,6.61,356.39,4.97
CHEMBL4087217,20000.0,CCCN1CCN(c2ccc(O)c3c2OCC(=O)N3)CC1,Scientific Literature,Displacement of [3H]SCH23390 from human D1R expressed in HEK293T cell membranes,B,Homo sapiens,,Bioorg Med Chem,2017.0,Dopamine D1 receptor,Ki,nM,,291.35,1.26
CHEMBL4064191,20000.0,O=c1ccc2c(N3CCNCC3)ccc(O)c2[nH]1,Scientific Literature,Displacement of [3H]SCH23390 from human D1R expressed in HEK293T cell membranes,B,Homo sapiens,,Bioorg Med Chem,2017.0,Dopamine D1 receptor,Ki,nM,,245.28,0.64
CHEMBL3779928,12.4,CCOc1ccc2c(c1OC)CN1CCc3cc(OC)c(O)cc3C1C2,Scientific Literature,Displacement of [3H]SCH2390 from human dopamine D1 receptor by PDSP assay,B,Homo sapiens,,Bioorg Med Chem,2016.0,Dopamine D1 receptor,Ki,nM,7.91,355.43,3.46
CHEMBL4590839,1105.0,CCCN(CCCCNC(=O)c1cc2ccccc2[nH]1)CC1CC1c1cccc(F)c1.Cl,Scientific Literature,Displacement of [3H]-SCH23390 from recombinant human D1 receptor transiently expressed in HEKT cell membranes measured after 90 mins by microbeta scintillation counting method,B,Homo sapiens,,J Med Chem,2020.0,Dopamine D1 receptor,Ki,nM,5.96,458.02,5.33
CHEMBL4578364,1509.0,CCN(CCCSc1nnc(-c2ccccc2)n1C)CC1CC1c1cc(Cl)ccc1OC.Cl,Scientific Literature,Displacement of [3H]-SCH23390 from recombinant human D1 receptor transiently expressed in HEKT cell membranes measured after 90 mins by microbeta scintillation counting method,B,Homo sapiens,,J Med Chem,2020.0,Dopamine D1 receptor,Ki,nM,5.82,507.53,5.75
CHEMBL245570,0.56,CN1CCc2ccccc2Cc2[nH]c3ccc(O)cc3c2CC1,Scientific Literature,Displacement of [3H]SCH 23390 from human cloned dopamine D1 receptor expressed in HEK 293 cells,B,Homo sapiens,,Bioorg Med Chem Lett,2007.0,Dopamine D1 receptor,Ki,nM,9.25,306.41,3.49
CHEMBL3289642,641.0,O=C1c2ccc(F)cc2CC1CCN1CCN(c2ccc(Cl)cc2)CC1,Scientific Literature,Displacement of [3H]SCH23390 from human dopamine D1 receptor by PDSP assay,B,Homo sapiens,,Bioorg Med Chem,2014.0,Dopamine D1 receptor,Ki,nM,6.19,372.87,4.05
CHEMBL3289643,389.05,O=C1c2ccccc2CC1CCN1CCN(c2ccc(Cl)cc2)CC1,Scientific Literature,Displacement of [3H]SCH23390 from human dopamine D1 receptor by PDSP assay,B,Homo sapiens,,Bioorg Med Chem,2014.0,Dopamine D1 receptor,Ki,nM,6.41,354.88,3.91
CHEMBL3289647,222.0,Cc1ccc(N2CCN(CCCSc3ccc(F)cc3)CC2)nc1,Scientific Literature,Displacement of [3H]SCH23390 from human dopamine D1 receptor by PDSP assay,B,Homo sapiens,,Bioorg Med Chem,2014.0,Dopamine D1 receptor,Ki,nM,6.65,345.49,3.83
CHEMBL3289649,7939.0,Clc1ccc(N2CCN(CCCCCc3nc4ccccc4o3)CC2)cc1,Scientific Literature,Displacement of [3H]SCH23390 from human dopamine D1 receptor by PDSP assay,B,Homo sapiens,,Bioorg Med Chem,2014.0,Dopamine D1 receptor,Ki,nM,5.1,383.92,5.02
CHEMBL2397385,437.0,CN1CCc2ccc(Cc3ccc(O)c4ccccc34)c3c2[C@H]1Cc1ccc(O)c(O)c1-3.Cl,Scientific Literature,Displacement of [3H]SCH23390 from human dopamine D1 receptor expressed in HEK293 cells by scintillation counting analysis,B,Homo sapiens,,Bioorg Med Chem,2013.0,Dopamine D1 receptor,Ki,nM,6.36,459.97,5.3
CHEMBL3754576,1000.0,CCOC(=O)N1CCc2ccccc2Cc2sc3ccccc3c2CC1,Scientific Literature,Displacement of [3H]SCH-23390 from human cloned D1 dopamine receptor incubated for 90 mins by radioligand binding assay,B,Homo sapiens,,Medchemcomm,2015.0,Dopamine D1 receptor,Ki,nM,,365.5,5.05
CHEMBL201170,0.4,CN1CCc2ccccc2Cc2ccc(O)cc2CC1,Scientific Literature,Displacement of [3H]SCH-23390 from human cloned D1 dopamine receptor incubated for 90 mins by radioligand binding assay,B,Homo sapiens,,Medchemcomm,2015.0,Dopamine D1 receptor,Ki,nM,9.4,267.37,3.01
CHEMBL4072785,20000.0,O=C1COc2c(N3CCCNCC3)ccc(O)c2N1,Scientific Literature,Displacement of [3H]SCH23390 from human D1R expressed in HEK293T cell membranes,B,Homo sapiens,,Bioorg Med Chem,2017.0,Dopamine D1 receptor,Ki,nM,,263.3,0.52
CHEMBL62,0.2,CN1CCc2cc(Cl)c(O)cc2[C@@H](c2ccccc2)C1,Scientific Literature,Antagonist activity at dopamine D1 receptor (unknown origin),B,Homo sapiens,,Bioorg Med Chem Lett,2020.0,Dopamine D1 receptor,Ki,nM,9.7,287.79,3.67
CHEMBL517244,203.0,CN(CCCC12CCC(c3ccccc31)c1ccccc12)Cc1ccc(OCCCN2CCCCC2)cc1,Scientific Literature,Displacement of [3H]SCH23390 from human dopamine D1 receptor expressed in HEK cells,B,Homo sapiens,,Bioorg Med Chem Lett,2009.0,Dopamine D1 receptor,Ki,nM,6.69,508.75,7.38
CHEMBL3671276,113.0,Cc1cc(Oc2nccc3n[nH]cc23)ccc1-c1c(C)ncnc1C,BindingDB Patent Bioactivity Data,"Receptor Binding Assay: The affinity of the compounds described herein was determined by competition binding assays similar to those described in Ryman-Rasmussen et al., Differential activation of adenylate cyclase and receptor internalization by novel dopamine D1 receptor agonists, Molecular Pharmacology 68(4):1039-1048 (2005). This radioligand binding assay used [3H]-SCH23390, a radiolabeled D1 ligand, to evaluate the ability of a test compound to compete with the radioligand when binding to a D1 receptor. D1 binding assays were performed using over-expressing LTK human cell lines. To determine basic assay parameters, ligand concentrations were determined from saturation binding studies where the Kd for [3H]-SCH23390 was found to be 1.3 nM. From tissue concentration curve studies, the optimal amount of tissue was determined to be 1.75 mg/mL per 96 well plate using 0.5 nM of [3H]-SCH23390. These ligand and tissue concentrations were used in time course studies to determine linearity and equilibrium condition.",B,,,,2014.0,Dopamine D1 receptor,Ki,nM,6.95,331.38,4.13
CHEMBL4279267,6.8,Cc1cc(Oc2nccc3occc23)ccc1-c1c(C)ccc2nccn12,Scientific Literature,Displacement of [3H]-SCH23390 from human dopamine D1 receptor expressed in LTK cell membranes after 30 mins by liquid scintillation counting,B,Homo sapiens,,J Med Chem,2018.0,Dopamine D1 receptor,Ki,nM,8.17,355.4,5.55
CHEMBL604314,0.6,CN1CCc2cc(Cl)c(O)cc2[C@H]2c3cccc(O)c3CC[C@@H]21,Scientific Literature,Displacement of [3H]SCh23390 from dopamine D1 receptor expressed in mouse LTK cells by scintillation counting,B,,,Bioorg Med Chem Lett,2010.0,Dopamine D1 receptor,Ki,nM,9.22,329.83,3.69
CHEMBL604732,1.6,CN1CCc2cc(Cl)c(O)cc2[C@H]2c3cccc(/C=N/O)c3CC[C@@H]21,Scientific Literature,Displacement of [3H]SCh23390 from dopamine D1 receptor expressed in mouse LTK cells by scintillation counting,B,,,Bioorg Med Chem Lett,2010.0,Dopamine D1 receptor,Ki,nM,8.8,356.85,3.79
CHEMBL599134,4.4,CO/N=C/c1cccc2c1CC[C@H]1[C@H]2c2cc(O)c(Cl)cc2CCN1C,Scientific Literature,Displacement of [3H]SCh23390 from dopamine D1 receptor expressed in mouse LTK cells by scintillation counting,B,,,Bioorg Med Chem Lett,2010.0,Dopamine D1 receptor,Ki,nM,8.36,370.88,3.96
CHEMBL598760,10000.0,C=C(C)COc1cccc2c1-c1cccc3c1[C@@H](C2)N(CCC)CC3,Scientific Literature,Displacement of [3H]SCH23390 from dopamine D1 receptor expressed in HEK293 cells by liquid scintillation counting,B,,,J Med Chem,2010.0,Dopamine D1 receptor,Ki,nM,,333.48,5.17
CHEMBL593394,1727.0,COc1ccc2c(c1)CCN(C)Cc1ccccc1CC2,Scientific Literature,Displacement of [3H]SCH23390 from human dopamine D1 receptor expressed in CHO cells by scintillation counting,B,Homo sapiens,,Bioorg Med Chem,2009.0,Dopamine D1 receptor,Ki,nM,5.76,281.4,3.47
CHEMBL594127,2349.0,COc1ccc2c(c1)CCN(C)C2Cc1ccccc1C,Scientific Literature,Displacement of [3H]SCH23390 from human dopamine D1 receptor expressed in CHO cells by scintillation counting,B,Homo sapiens,,Bioorg Med Chem,2009.0,Dopamine D1 receptor,Ki,nM,5.63,281.4,3.78
CHEMBL4569006,1457.0,CCCN(CCCCNC(=O)c1cc2ccccc2[nH]1)CC1CC1c1ccc(F)cc1.Cl,Scientific Literature,Displacement of [3H]-SCH23390 from recombinant human D1 receptor transiently expressed in HEKT cell membranes measured after 90 mins by microbeta scintillation counting method,B,Homo sapiens,,J Med Chem,2020.0,Dopamine D1 receptor,Ki,nM,5.84,458.02,5.33
CHEMBL4522558,2344.0,CCCN(CCCCNC(=O)c1ccc(-c2ccccn2)cc1)C[C@H]1C[C@@H]1c1cccc(Cl)c1Cl.Cl,Scientific Literature,Displacement of [3H]-SCH23390 from recombinant human D1 receptor transiently expressed in HEKT cell membranes measured after 90 mins by microbeta scintillation counting method,B,Homo sapiens,,J Med Chem,2020.0,Dopamine D1 receptor,Ki,nM,5.63,546.97,7.08
CHEMBL363124,5754.4,c1ccc2c(N3CCN(CCc4ccc5[nH]nnc5c4)CC3)cccc2c1,Scientific Literature,Binding affinity to dopamine D1 receptor (unknown origin),B,Homo sapiens,,Med Chem Res,2013.0,Dopamine D1 receptor,Ki,nM,5.24,357.46,3.48
CHEMBL1398,10000.0,O=C1OCCC1c1ccccc1,Scientific Literature,Inhibition of binding to human D1 receptor expressed in HEK 293 cells by functional calcium assay,F,Homo sapiens,,J Med Chem,2006.0,Dopamine D1 receptor,Ki,nM,,162.19,1.72
CHEMBL378358,10000.0,CN1CCc2c([nH]c3ccccc23)Cc2ccn(C)c2CC1,Scientific Literature,Inhibition of binding to human D1 receptor expressed in HEK 293 cells by functional calcium assay,F,Homo sapiens,,J Med Chem,2006.0,Dopamine D1 receptor,Ki,nM,,293.41,3.13
CHEMBL184770,4677.35,Cc1cccc(N2CCN(CCc3ccc4[nH]nnc4c3)CC2)c1C,Scientific Literature,Binding affinity against Dopamine receptor D1,B,,,Bioorg Med Chem Lett,2004.0,Dopamine D1 receptor,Ki,nM,5.33,335.46,2.94
CHEMBL3697620,55.1,CCn1c(-c2ccc(Oc3ncccc3C(F)F)cc2C)c(C)c(=O)[nH]c1=O,BindingDB Patent Bioactivity Data,"Competition Binding Assay: The affinity of the compounds described herein was determined by competition binding assays similar to those described in Ryman-Rasmussen et al., Differential activation of adenylate cyclase and receptor internalization by novel dopamine D1 receptor agonists, Molecular Pharmacology 68(4):1039-1048 (2005). This radioligand binding assay used [3H]-SCH23390, a radiolabeled D1 ligand, to evaluate the ability of a test compound to compete with the radioligand when binding to a D1 receptor.D1 binding assays were performed using over-expressing LTK human cell lines. To determine basic assay parameters, ligand concentrations were determined from saturation binding studies where the Kd for [3H]-SCH23390 was found to be 1.3 nM. From tissue concentration curve studies, the optimal amount of tissue was determined to be 1.75 mg/mL per 96 well plate using 0.5 nM of [3H]-SCH23390. These ligand and tissue concentrations were used in time course studies to determine linearity and equilibrium.",B,,,,2015.0,Dopamine D1 receptor,Ki,nM,7.26,387.39,3.97
CHEMBL3697599,16.9,Cc1cc(Sc2ncccc2C(F)(F)F)ccc1-c1c(C)c(=O)[nH]c(=O)n1C,BindingDB Patent Bioactivity Data,"Competition Binding Assay: The affinity of the compounds described herein was determined by competition binding assays similar to those described in Ryman-Rasmussen et al., Differential activation of adenylate cyclase and receptor internalization by novel dopamine D1 receptor agonists, Molecular Pharmacology 68(4):1039-1048 (2005). This radioligand binding assay used [3H]-SCH23390, a radiolabeled D1 ligand, to evaluate the ability of a test compound to compete with the radioligand when binding to a D1 receptor.D1 binding assays were performed using over-expressing LTK human cell lines. To determine basic assay parameters, ligand concentrations were determined from saturation binding studies where the Kd for [3H]-SCH23390 was found to be 1.3 nM. From tissue concentration curve studies, the optimal amount of tissue was determined to be 1.75 mg/mL per 96 well plate using 0.5 nM of [3H]-SCH23390. These ligand and tissue concentrations were used in time course studies to determine linearity and equilibrium.",B,,,,2015.0,Dopamine D1 receptor,Ki,nM,7.77,407.42,3.92
CHEMBL3697621,17.5,Cc1cc(Oc2ncccc2C(F)F)ccc1-c1c(C)c(=O)[nH]c(=O)n1C,BindingDB Patent Bioactivity Data,"Competition Binding Assay: The affinity of the compounds described herein was determined by competition binding assays similar to those described in Ryman-Rasmussen et al., Differential activation of adenylate cyclase and receptor internalization by novel dopamine D1 receptor agonists, Molecular Pharmacology 68(4):1039-1048 (2005). This radioligand binding assay used [3H]-SCH23390, a radiolabeled D1 ligand, to evaluate the ability of a test compound to compete with the radioligand when binding to a D1 receptor.D1 binding assays were performed using over-expressing LTK human cell lines. To determine basic assay parameters, ligand concentrations were determined from saturation binding studies where the Kd for [3H]-SCH23390 was found to be 1.3 nM. From tissue concentration curve studies, the optimal amount of tissue was determined to be 1.75 mg/mL per 96 well plate using 0.5 nM of [3H]-SCH23390. These ligand and tissue concentrations were used in time course studies to determine linearity and equilibrium.",B,,,,2015.0,Dopamine D1 receptor,Ki,nM,7.76,373.36,3.48
CHEMBL3697575,187.0,COc1cc(Oc2ccc(-c3c(C)c(=O)[nH]c(=O)n3C)c(C)c2)ncc1C,BindingDB Patent Bioactivity Data,"Competition Binding Assay: The affinity of the compounds described herein was determined by competition binding assays similar to those described in Ryman-Rasmussen et al., Differential activation of adenylate cyclase and receptor internalization by novel dopamine D1 receptor agonists, Molecular Pharmacology 68(4):1039-1048 (2005). This radioligand binding assay used [3H]-SCH23390, a radiolabeled D1 ligand, to evaluate the ability of a test compound to compete with the radioligand when binding to a D1 receptor.D1 binding assays were performed using over-expressing LTK human cell lines. To determine basic assay parameters, ligand concentrations were determined from saturation binding studies where the Kd for [3H]-SCH23390 was found to be 1.3 nM. From tissue concentration curve studies, the optimal amount of tissue was determined to be 1.75 mg/mL per 96 well plate using 0.5 nM of [3H]-SCH23390. These ligand and tissue concentrations were used in time course studies to determine linearity and equilibrium.",B,,,,2015.0,Dopamine D1 receptor,Ki,nM,6.73,367.41,2.86
CHEMBL396560,0.82,COc1ccc2[nH]c3c(c2c1)CCN(C)CCc1ccccc1C3,Scientific Literature,Displacement of [3H]SCH 23390 from human cloned dopamine D1 receptor expressed in HEK 293 cells,B,Homo sapiens,,Bioorg Med Chem Lett,2007.0,Dopamine D1 receptor,Ki,nM,9.09,320.44,3.8
CHEMBL260994,2400.0,O=C1Nc2ccccc2C1CCCCN1CCN(c2ccc(Cl)cc2)CC1,Scientific Literature,Inhibition of dopamine D1 receptor,B,,,J Med Chem,2008.0,Dopamine D1 receptor,Ki,nM,5.62,383.92,4.37
CHEMBL197408,10000.0,COc1ccc(NC(=O)N2CCN(c3ccc(-c4ccccc4)cc3)CC2)cc1N1CCN(C)CC1,Scientific Literature,Affinity towards cloned Dopamine receptor D1,B,Homo sapiens,,Bioorg Med Chem Lett,2005.0,Dopamine D1 receptor,Ki,nM,,485.63,4.47
CHEMBL503958,26.0,Br.Oc1cc2c(cc1O)[C@@H](c1ccccc1)CNCC2,Scientific Literature,Displacement of [3H]SCH23390 from human dopamine D1 receptor expressed in HEK293 cells,B,Homo sapiens,,Bioorg Med Chem,2008.0,Dopamine D1 receptor,Ki,nM,7.58,336.23,2.38
CHEMBL520610,2520.0,CN1CCc2c3c(cc4nc(N)sc24)-c2c(ccc(O)c2O)C[C@H]31,Scientific Literature,Displacement of [3H]SCH-23390 from human dopamine D1 receptor expressed in HEK293 cells,B,Homo sapiens,,Bioorg Med Chem,2008.0,Dopamine D1 receptor,Ki,nM,5.6,339.42,3.04
CHEMBL4447975,10000.0,COc1cc(OC)c2c(c1)OC[C@@]1(C)NCC[C@@H]21,Scientific Literature,Displacement of [3H]-SCH23390 from human recombinant dopamine D1 receptor expressed in HEKT cells after 90 mins by microbeta scintillation counting method,B,Homo sapiens,,ACS Med Chem Lett,2019.0,Dopamine D1 receptor,Ki,nM,,249.31,1.93
CHEMBL3216980,4200.0,CN1CCc2cc(SC[C@H](N)C(=O)O)cc3c2[C@H]1Cc1ccc(O)c(O)c1-3.Cl.Cl,Scientific Literature,Displacement of [3H]SCH23390 from human D1 dopamine receptor expressed in Ltk fibroblast cells after 60 mins by liquid scintillation counter,B,Homo sapiens,,Eur J Med Chem,2011.0,Dopamine D1 receptor,Ki,nM,5.38,459.4,2.35
CHEMBL477446,4897.79,O=C1c2ccccc2CCCN1CCCN1CCN(c2cccc(C(F)(F)F)c2)CC1,Scientific Literature,Displacement of [3H]SCH23390 from human dopamine D1 receptor,B,Homo sapiens,,Bioorg Med Chem Lett,2009.0,Dopamine D1 receptor,Ki,nM,5.31,431.5,4.31
CHEMBL3289643,1701.0,O=C1c2ccccc2CC1CCN1CCN(c2ccc(Cl)cc2)CC1,Scientific Literature,Displacement of [3H]SCH23390 from human dopamine D1 receptor by PDSP assay,B,Homo sapiens,,Bioorg Med Chem,2014.0,Dopamine D1 receptor,Ki,nM,5.77,354.88,3.91
CHEMBL1940420,180.0,Fc1ccc(OCCCN2CCN(c3ccccn3)CC2)cc1,Scientific Literature,Displacement of [3H]SCH23390 from human dopamine D1 receptor by PDSP assay,B,Homo sapiens,,Bioorg Med Chem,2014.0,Dopamine D1 receptor,Ki,nM,6.75,315.39,2.81
CHEMBL3325921,1000.0,CNc1ccc2c(c1)C(c1ccccc1)CN(C)CC2,Scientific Literature,Displacement of [3H]SCH23390 from human dopamine D1 receptor expressed in HEK293 cell membranes by liquid scintillation counting based competition binding assay,B,Homo sapiens,,Eur J Med Chem,2014.0,Dopamine D1 receptor,Ki,nM,,266.39,3.35
CHEMBL3325902,1000.0,CN1CCc2cc(O)ccc2C(c2ccccc2)C1,Scientific Literature,Displacement of [3H]SCH23390 from human dopamine D1 receptor expressed in HEK293 cell membranes by liquid scintillation counting based competition binding assay,B,Homo sapiens,,Eur J Med Chem,2014.0,Dopamine D1 receptor,Ki,nM,,253.35,3.01
CHEMBL599528,0.2,CN1CCc2cc(Cl)c(O)cc2[C@H]2c3cccc(-c4ccccc4)c3CC[C@@H]21,Scientific Literature,Displacement of [3H]SCh23390 from dopamine D1 receptor expressed in mouse LTK cells by scintillation counting,B,,,Bioorg Med Chem Lett,2010.0,Dopamine D1 receptor,Ki,nM,9.7,389.93,5.65
CHEMBL604383,2.3,CN1CCc2cc(Cl)c(O)cc2[C@H]2c3cccc(-c4cccc(OC(F)(F)F)c4)c3CC[C@H]21,Scientific Literature,Displacement of [3H]SCh23390 from dopamine D1 receptor expressed in mouse LTK cells by scintillation counting,B,,,Bioorg Med Chem Lett,2010.0,Dopamine D1 receptor,Ki,nM,8.64,473.92,6.55
CHEMBL424294,800.0,COc1ccccc1N1CCN(CCCCNC(=O)c2cc3ccccc3s2)CC1,Scientific Literature,Displacement of [3H]SCH23390 from D1 receptor,B,,,J Med Chem,2009.0,Dopamine D1 receptor,Ki,nM,6.1,423.58,4.24
CHEMBL1627307,10000.0,O=C(NCC[C@H](O)CN1CCN(c2cccc(Cl)c2Cl)CC1)c1cc2ccccc2[nH]1,Scientific Literature,Displacement of [3H]SCH23390 from D1 receptor,B,,,J Med Chem,2009.0,Dopamine D1 receptor,Ki,nM,,461.39,3.78
CHEMBL1684028,2700.0,CCCN1CCc2cccc3c2C1Cc1cccc(OCc2cn(CCCCN4CCN(c5ccccc5OC)CC4)nn2)c1-3,Scientific Literature,Displacement of [3H]SCH23390 from dopamine D1 receptor expressed in human HEK293 cells by liquid scintillation counter,B,,,Bioorg Med Chem,2011.0,Dopamine D1 receptor,Ki,nM,5.57,606.81,6.0
CHEMBL426863,570.0,O=C(NCCCCN1CCN(c2cccc(F)c2F)CC1)c1cc2ccc1CCc1ccc(cc1)CC2,Scientific Literature,Displacement of [3H]SCH 23390 from D1 receptor of porcine striatal membrane,B,Homo sapiens,,J Med Chem,2006.0,Dopamine D1 receptor,Ki,nM,6.24,503.64,5.18
CHEMBL27101,180.0,Oc1cc2c(cc1O)[C@H]1c3ccc(F)nc3CN[C@@H]1CC2,Scientific Literature,Binding affinity to Dopamine receptor D1 by using radioligand [125I]SCH-23982 in HEK cells,B,,,Bioorg Med Chem Lett,1999.0,Dopamine D1 receptor,Ki,nM,6.75,286.31,2.18
CHEMBL201010,10000.0,C[N+]12CCCC(c3ccccc3)C1c1[nH]c3ccccc3c1CC2,Scientific Literature,Inhibition of binding to human D1 receptor expressed in HEK 293 cells by functional calcium assay,F,Homo sapiens,,J Med Chem,2006.0,Dopamine D1 receptor,Ki,nM,,317.46,4.79
CHEMBL515187,18.0,CCCN1CCc2cccc3c2[C@H]1Cc1cccc(OC(=O)CC)c1-3,Scientific Literature,Displacement of [3H]8OH-DPAT from human dopamine D1 receptor expressed in HEK293 cells,B,Homo sapiens,,Bioorg Med Chem,2008.0,Dopamine D1 receptor,Ki,nM,7.75,335.45,4.53
CHEMBL213239,86.0,COc1cccc(C(=O)NN2c3ccccc3N=C(N3CCN(C)CC3)c3cc(Cl)ccc32)c1,Scientific Literature,Displacement of [3H]SCH 23390 from dopamine D1 receptor expressed in CHO cells,B,Homo sapiens,,Bioorg Med Chem Lett,2006.0,Dopamine D1 receptor,Ki,nM,7.07,475.98,4.47
CHEMBL195927,10000.0,COc1ccccc1N1CCC(C(=O)Nc2ccc(OC)c(N3CCN(C)CC3)c2)CC1,Scientific Literature,Affinity towards cloned Dopamine receptor D1,B,Homo sapiens,,Bioorg Med Chem Lett,2005.0,Dopamine D1 receptor,Ki,nM,,438.57,3.31
CHEMBL3697569,826.0,Cc1cc(Oc2ncccc2N2CC(F)(F)C2)ccc1-c1c(C)c(=O)[nH]c(=O)n1C,BindingDB Patent Bioactivity Data,"Competition Binding Assay: The affinity of the compounds described herein was determined by competition binding assays similar to those described in Ryman-Rasmussen et al., Differential activation of adenylate cyclase and receptor internalization by novel dopamine D1 receptor agonists, Molecular Pharmacology 68(4):1039-1048 (2005). This radioligand binding assay used [3H]-SCH23390, a radiolabeled D1 ligand, to evaluate the ability of a test compound to compete with the radioligand when binding to a D1 receptor.D1 binding assays were performed using over-expressing LTK human cell lines. To determine basic assay parameters, ligand concentrations were determined from saturation binding studies where the Kd for [3H]-SCH23390 was found to be 1.3 nM. From tissue concentration curve studies, the optimal amount of tissue was determined to be 1.75 mg/mL per 96 well plate using 0.5 nM of [3H]-SCH23390. These ligand and tissue concentrations were used in time course studies to determine linearity and equilibrium.",B,,,,2015.0,Dopamine D1 receptor,Ki,nM,6.08,414.41,3.0
CHEMBL381936,3.3,CN1CCc2cc(O)ccc2Cc2ccc(O)cc2CC1,Scientific Literature,Inhibition of D1 dopamine receptor in HEK 293 cells by intracellular calcium assay,F,Homo sapiens,,J Med Chem,2006.0,Dopamine D1 receptor,Ki,nM,8.48,283.37,2.72
CHEMBL383451,3.8,CN1CCc2ccccc2Cc2cc(Cl)c(O)c(Cl)c2CC1,Scientific Literature,Inhibition of D1 dopamine receptor in HEK 293 cells by intracellular calcium assay,F,Homo sapiens,,J Med Chem,2006.0,Dopamine D1 receptor,Ki,nM,8.42,336.26,4.32
CHEMBL476185,281.84,O=C1c2ccccc2CCCN1CCCCN1CCN(c2ccccn2)CC1,Scientific Literature,Displacement of [3H]SCH23390 from human dopamine D1 receptor,B,Homo sapiens,,Bioorg Med Chem Lett,2009.0,Dopamine D1 receptor,Ki,nM,6.55,378.52,3.07
CHEMBL4079375,12000.0,O=Cc1cnn2ccc(OCCCCN3CCN(c4ccc(O)c5c4OCC(=O)N5)CC3)cc12,Scientific Literature,Displacement of [3H]SCH23390 from human D1R expressed in HEK293T cell membranes,B,Homo sapiens,,Bioorg Med Chem,2017.0,Dopamine D1 receptor,Ki,nM,4.92,465.51,2.16
CHEMBL3325924,1000.0,CN1CCc2cc3c(cc2C(c2ccccc2)C1)NC(=O)CO3,Scientific Literature,Displacement of [3H]SCH23390 from human dopamine D1 receptor expressed in HEK293 cell membranes by liquid scintillation counting based competition binding assay,B,Homo sapiens,,Eur J Med Chem,2014.0,Dopamine D1 receptor,Ki,nM,,308.38,2.64
CHEMBL1940408,589.0,Fc1ccc(CCCCN2CCN(c3ccc(Cl)cc3)CC2)cc1,Scientific Literature,Displacement of [3H]SCH23390 from human dopamine D1 receptor by PDSP assay,B,Homo sapiens,,Bioorg Med Chem,2014.0,Dopamine D1 receptor,Ki,nM,6.23,346.88,4.62
CHEMBL1940409,52.0,Fc1ccc(SCCCN2CCN(c3ccc(Cl)cc3)CC2)cc1,Scientific Literature,Displacement of [3H]SCH23390 from human dopamine D1 receptor by PDSP assay,B,Homo sapiens,,Bioorg Med Chem,2014.0,Dopamine D1 receptor,Ki,nM,7.28,364.92,4.78
CHEMBL1940416,495.0,Fc1ccc(SCCCN2CCN(c3ncccn3)CC2)cc1,Scientific Literature,Displacement of [3H]SCH23390 from human dopamine D1 receptor by PDSP assay,B,Homo sapiens,,Bioorg Med Chem,2014.0,Dopamine D1 receptor,Ki,nM,6.3,332.45,2.92
CHEMBL3671300,391.0,Cc1ncnc(C)c1-c1ccc(Oc2nccc3n[nH]cc23)cc1C#N,BindingDB Patent Bioactivity Data,"Receptor Binding Assay: The affinity of the compounds described herein was determined by competition binding assays similar to those described in Ryman-Rasmussen et al., Differential activation of adenylate cyclase and receptor internalization by novel dopamine D1 receptor agonists, Molecular Pharmacology 68(4):1039-1048 (2005). This radioligand binding assay used [3H]-SCH23390, a radiolabeled D1 ligand, to evaluate the ability of a test compound to compete with the radioligand when binding to a D1 receptor. D1 binding assays were performed using over-expressing LTK human cell lines. To determine basic assay parameters, ligand concentrations were determined from saturation binding studies where the Kd for [3H]-SCH23390 was found to be 1.3 nM. From tissue concentration curve studies, the optimal amount of tissue was determined to be 1.75 mg/mL per 96 well plate using 0.5 nM of [3H]-SCH23390. These ligand and tissue concentrations were used in time course studies to determine linearity and equilibrium condition.",B,,,,2014.0,Dopamine D1 receptor,Ki,nM,6.41,342.36,3.7
CHEMBL3344458,62.19,CCCCc1cc2c(s1)C[C@H]1c3cc(O)c(OC)cc3CCN1C2,Scientific Literature,Displacement of [3H]SCH23390 from D1 receptor (unknown origin) transfected in HEK293T cells after 50 mins by liquid scintillation counting analysis,B,Homo sapiens,,Bioorg Med Chem,2014.0,Dopamine D1 receptor,Ki,nM,7.21,343.49,4.46
CHEMBL3344462,403.42,CCC(C)Cc1cc2c(s1)C[C@H]1c3cc(O)c(OC)cc3CCN1C2,Scientific Literature,Displacement of [3H]SCH23390 from D1 receptor (unknown origin) transfected in HEK293T cells after 50 mins by liquid scintillation counting analysis,B,Homo sapiens,,Bioorg Med Chem,2014.0,Dopamine D1 receptor,Ki,nM,6.39,357.52,4.71
CHEMBL336930,2000.0,COc1ccccc1N1CCN(CCCCNC(=O)c2ccc3ccnn3c2)CC1,Scientific Literature,Binding affinity for porcine Dopamine receptor D1 by [3H]-SCH- 23390 displacement.,B,,,J Med Chem,2002.0,Dopamine D1 receptor,Ki,nM,5.7,407.52,2.68
CHEMBL4225278,181.0,CCCCCCCCCN1CCC(c2cccc(O)c2)C1,Scientific Literature,Displacement of [3H]SCH23390 from human dopamine D1 receptor expressed in HEK293T cell membranes by radioligand binding assay,B,Homo sapiens,,Bioorg Med Chem Lett,2018.0,Dopamine D1 receptor,Ki,nM,6.74,289.46,4.93
CHEMBL4454380,1288.0,CCCN(CCCCNC(=O)c1ccc2ccccc2c1)C[C@@H]1C[C@H]1c1cccc(Cl)c1Cl.Cl,Scientific Literature,Displacement of [3H]-SCH23390 from recombinant human D1 receptor transiently expressed in HEKT cell membranes measured after 90 mins by microbeta scintillation counting method,B,Homo sapiens,,J Med Chem,2020.0,Dopamine D1 receptor,Ki,nM,5.89,519.94,7.17
CHEMBL4649785,830.0,C=CCOc1c(OC)cc2c3c1-c1cc(N)ccc1CC3N(C)CC2,Scientific Literature,Binding affinity to human D1 receptor,B,Homo sapiens,,Bioorg Med Chem Lett,2020.0,Dopamine D1 receptor,Ki,nM,6.08,336.44,3.59
CHEMBL4637246,301.0,COc1cc2c3c(c1O)-c1cc(N)ccc1CC3N(C)CC2,Scientific Literature,Binding affinity to human D1 receptor,B,Homo sapiens,,Bioorg Med Chem Lett,2020.0,Dopamine D1 receptor,Ki,nM,6.52,296.37,2.74
CHEMBL4590211,891.0,CCCN(CCCCNC(=O)c1ccc2ccccc2c1)CC1CC1c1cccc(Cl)c1Cl.Cl,Scientific Literature,Displacement of [3H]-SCH23390 from recombinant human D1 receptor transiently expressed in HEKT cell membranes measured after 90 mins by microbeta scintillation counting method,B,Homo sapiens,,J Med Chem,2020.0,Dopamine D1 receptor,Ki,nM,6.05,519.94,7.17
CHEMBL4093493,20000.0,O=C1COc2c(N3CCNCC3)ccc(O)c2N1,Scientific Literature,Displacement of [3H]SCH23390 from human D1R expressed in HEK293T cell membranes,B,Homo sapiens,,Bioorg Med Chem,2017.0,Dopamine D1 receptor,Ki,nM,,249.27,0.13
CHEMBL4094900,15000.0,CCCN1CCN(c2ccc(O)c3c2OCCO3)CC1,Scientific Literature,Displacement of [3H]SCH23390 from human D1R expressed in HEK293T cell membranes,B,Homo sapiens,,Bioorg Med Chem,2017.0,Dopamine D1 receptor,Ki,nM,,278.35,1.7
CHEMBL3335535,100000.0,c1ccc(CCC2CN(Cc3nc4ccccc4[nH]3)CCO2)cc1,Scientific Literature,Inhibition of human dopamine D1 receptor,B,Homo sapiens,,ACS Med Chem Lett,2014.0,Dopamine D1 receptor,Ki,nM,,321.42,3.4
CHEMBL2298826,1000.0,COc1ccc(N2CCN(CCOc3ccc4nc[nH]c4c3)CC2)cc1,Scientific Literature,Binding affinity to dopamine D1 receptor (unknown origin),B,Homo sapiens,,Med Chem Res,2013.0,Dopamine D1 receptor,Ki,nM,,352.44,2.77
CHEMBL4457754,10000.0,C[C@@]12CN(c3ccccc3)c3ccccc3[C@@H]1CCN2,Scientific Literature,Displacement of [3H]-SCH23390 from human recombinant dopamine D1 receptor expressed in HEKT cells after 90 mins by microbeta scintillation counting method,B,Homo sapiens,,ACS Med Chem Lett,2019.0,Dopamine D1 receptor,Ki,nM,,264.37,3.67
CHEMBL1949729,114.0,CN1CCc2ccccc2Cc2[nH]c3ccccc3c2C[C@H]1CO,Scientific Literature,Displacement of [3H]SCH23390 from human dopamine D1 receptor expressed in human HEK293 cells,B,Homo sapiens,,J Med Chem,2011.0,Dopamine D1 receptor,Ki,nM,6.94,320.44,3.15
CHEMBL4277264,110.0,Cc1cc(Oc2nccc3occc23)ccc1-c1c(C)ncc2nccn12,Scientific Literature,Displacement of [3H]-SCH23390 from recombinant human D1 receptor transiently expressed in HEKT cells measured after 90 mins by microbeta scintillation counting method,B,Homo sapiens,,J Med Chem,2019.0,Dopamine D1 receptor,Ki,nM,6.96,356.39,4.95
CHEMBL4060461,860.0,COc1ccccc1N1CCN(CCCCOc2ccn3ncc(/C=N/O)c3c2)CC1,Scientific Literature,Displacement of [3H]SCH23390 from human Dopamine D1 receptor expressed in HEK293T cell membranes after 2 hrs by scintillation counting analysis,B,Homo sapiens,,J Med Chem,2017.0,Dopamine D1 receptor,Ki,nM,6.07,423.52,3.13
CHEMBL4078348,800.0,CCCN(CCCCOc1ccn2nccc2c1)[C@H]1CCc2c(O)cccc2C1,Scientific Literature,Displacement of [3H]SCH23390 from human Dopamine D1 receptor expressed in HEK293T cell membranes after 2 hrs by scintillation counting analysis,B,Homo sapiens,,J Med Chem,2017.0,Dopamine D1 receptor,Ki,nM,6.1,393.53,4.47
CHEMBL1627318,10000.0,O=C(NCCC(O)CN1CCN(c2cccc(Cl)c2Cl)CC1)c1cc2cc(I)ccc2o1,Scientific Literature,Displacement of [3H]SCH23390 from D1 receptor,B,,,J Med Chem,2009.0,Dopamine D1 receptor,Ki,nM,,588.27,4.65
CHEMBL381472,10000.0,O=C(CCC(=O)c1ccccc1)NCCc1c[nH]c2ccccc12,Scientific Literature,Inhibition of binding to human D1 receptor expressed in HEK 293 cells by functional calcium assay,F,Homo sapiens,,J Med Chem,2006.0,Dopamine D1 receptor,Ki,nM,,320.39,3.49
CHEMBL379673,10000.0,CN1CCCCc2[nH]c3ccccc3c2CC1,Scientific Literature,Inhibition of binding to human D1 receptor expressed in HEK 293 cells by functional calcium assay,F,Homo sapiens,,J Med Chem,2006.0,Dopamine D1 receptor,Ki,nM,,228.34,2.98
CHEMBL386336,1097.0,Cc1ccc(CN2CCN(C3=Nc4cc(Cl)ccc4N(NC(=O)c4ccccc4Cl)c4ccccc43)CC2)c(C)c1,Scientific Literature,Displacement of [3H]SCH 23390 from dopamine D1 receptor expressed in CHO cells,B,Homo sapiens,,Bioorg Med Chem Lett,2006.0,Dopamine D1 receptor,Ki,nM,5.96,584.55,7.3
CHEMBL215669,3799.0,FC(F)(F)Oc1cccc(CN2CCN(C3=Nc4cc(Cl)ccc4Nc4ccccc43)CC2)c1,Scientific Literature,Displacement of [3H]SCH 23390 from dopamine D1 receptor expressed in CHO cells,B,Homo sapiens,,Bioorg Med Chem Lett,2006.0,Dopamine D1 receptor,Ki,nM,5.42,486.93,6.19
CHEMBL213335,26.0,CCCN1CCN(C2=Nc3cc(Cl)ccc3N(NC(=O)c3ccccc3Cl)c3ccccc32)CC1,Scientific Literature,Displacement of [3H]SCH 23390 from dopamine D1 receptor expressed in CHO cells,B,Homo sapiens,,Bioorg Med Chem Lett,2006.0,Dopamine D1 receptor,Ki,nM,7.58,508.45,5.9
CHEMBL212384,175.0,CN1CCN(C2=Nc3cc(Cl)ccc3N(C(=O)Nc3cc(Cl)cc(Cl)c3)c3ccccc32)CC1,Scientific Literature,Displacement of [3H]SCH 23390 from dopamine D1 receptor expressed in CHO cells,B,Homo sapiens,,Bioorg Med Chem Lett,2006.0,Dopamine D1 receptor,Ki,nM,6.76,514.84,6.66
CHEMBL378543,1232.0,Cc1ccccc1C(=O)N1c2ccc(Cl)cc2N=C(N2CCN(C)CC2)c2ccccc21,Scientific Literature,Displacement of [3H]SCH 23390 from dopamine D1 receptor expressed in CHO cells,B,Homo sapiens,,Bioorg Med Chem Lett,2006.0,Dopamine D1 receptor,Ki,nM,5.91,444.97,5.27
CHEMBL213145,156.0,CN1CCN(C2=Nc3ccccc3N(NC(=O)c3cc(F)c(F)c(F)c3F)c3ccc(Cl)cc32)CC1,Scientific Literature,Displacement of [3H]SCH 23390 from dopamine D1 receptor expressed in CHO cells,B,Homo sapiens,,Bioorg Med Chem Lett,2006.0,Dopamine D1 receptor,Ki,nM,6.81,517.91,5.02
CHEMBL380330,28.5,COc1ccc2c(c1)CCN(C)CCc1ccccc1C2,Scientific Literature,Displacement of [3H]SCH 23390 from D1 dopamine receptor,B,Homo sapiens,,J Med Chem,2006.0,Dopamine D1 receptor,Ki,nM,7.54,281.4,3.32
CHEMBL4278465,10000.0,OC1(c2ccc(Cl)c(C(F)(F)F)c2)CCN(CCCCN(c2ccc(F)cc2)c2ccc(F)cc2)CC1,Scientific Literature,Displacement of [3H]SCH23390 from human dopamine D1 receptor expressed in HEK293T cells by radioligand binding assay,B,Homo sapiens,,Bioorg Med Chem Lett,2018.0,Dopamine D1 receptor,Ki,nM,5.0,538.99,7.54
CHEMBL209876,970.0,COc1c(Cl)cccc1N1CCN(CCCCNC(=O)c2cc3ccc2CCc2ccc(cc2)CC3)CC1,Scientific Literature,Displacement of [3H]SCH 23390 from D1 receptor of porcine striatal membrane,B,Homo sapiens,,J Med Chem,2006.0,Dopamine D1 receptor,Ki,nM,6.01,532.13,5.56
CHEMBL4452683,986.0,CCN(CCCCNC(=O)c1ccc2ccccc2c1)CC1CC1c1cc(F)ccc1OC.Cl,Scientific Literature,Displacement of [3H]-SCH23390 from recombinant human D1 receptor transiently expressed in HEKT cell membranes measured after 90 mins by microbeta scintillation counting method,B,Homo sapiens,,J Med Chem,2020.0,Dopamine D1 receptor,Ki,nM,6.01,485.04,5.62
CHEMBL4096353,900.0,COc1ccccc1N1CCN(CCCC(=O)Nc2ccn3ncc(/C=N\O)c3c2)CC1,Scientific Literature,Displacement of [3H]SCH23390 from human Dopamine D1 receptor expressed in HEK293T cell membranes after 2 hrs by scintillation counting analysis,B,Homo sapiens,,J Med Chem,2017.0,Dopamine D1 receptor,Ki,nM,6.05,436.52,2.69
CHEMBL4280542,1600.0,COc1cc2c(cc1O)CN(CCCCNC(=O)c1ccc(I)cc1)CC2,Scientific Literature,Displacement of [3H]SCH23390 from human dopamine D1 receptor expressed in HEKT cell membranes,B,Homo sapiens,,ACS Med Chem Lett,2018.0,Dopamine D1 receptor,Ki,nM,5.8,480.35,3.57
CHEMBL2298805,1000.0,COc1ccccc1N1CCN(CCOc2ccc3nn[nH]c3c2)CC1,Scientific Literature,Binding affinity to dopamine D1 receptor (unknown origin),B,Homo sapiens,,Med Chem Res,2013.0,Dopamine D1 receptor,Ki,nM,,353.43,2.17
CHEMBL2298803,1000.0,c1ccc(N2CCN(CCOc3ccc4nn[nH]c4c3)CC2)cc1,Scientific Literature,Binding affinity to dopamine D1 receptor (unknown origin),B,Homo sapiens,,Med Chem Res,2013.0,Dopamine D1 receptor,Ki,nM,,323.4,2.16
CHEMBL320397,200.0,COc1cc2c(cc1O)CCN1Cc3c(ccc(O)c3OC)C[C@@H]21,Scientific Literature,Displacement of [3H]SCH23390 from dopamine D1 receptor (unknown origin) expressed in human HEK293 cells by liquid scintillation counter,B,Homo sapiens,,Bioorg Med Chem,2013.0,Dopamine D1 receptor,Ki,nM,6.7,327.38,2.77
CHEMBL2298806,3981.07,c1ccc2c(N3CCN(CCc4ccc5[nH]cnc5c4)CC3)cccc2c1,Scientific Literature,Binding affinity to dopamine D1 receptor (unknown origin),B,Homo sapiens,,Med Chem Res,2013.0,Dopamine D1 receptor,Ki,nM,5.4,356.47,4.08
CHEMBL2298833,1000.0,S=c1[nH]c2ccc(OCCN3CCN(c4cccc(Cl)c4)CC3)cc2[nH]1,Scientific Literature,Binding affinity to dopamine D1 receptor (unknown origin),B,Homo sapiens,,Med Chem Res,2013.0,Dopamine D1 receptor,Ki,nM,,388.92,4.08
CHEMBL2298828,1000.0,FC(F)(F)c1cccc(N2CCN(CCOc3ccc4[nH]c(=S)[nH]c4c3)CC2)c1,Scientific Literature,Binding affinity to dopamine D1 receptor (unknown origin),B,Homo sapiens,,Med Chem Res,2013.0,Dopamine D1 receptor,Ki,nM,,422.48,4.45
CHEMBL2298823,1000.0,FC(F)(F)c1cccc(N2CCN(CCOc3ccc4nc[nH]c4c3)CC2)c1,Scientific Literature,Binding affinity to dopamine D1 receptor (unknown origin),B,Homo sapiens,,Med Chem Res,2013.0,Dopamine D1 receptor,Ki,nM,,390.41,3.78
CHEMBL201288,10000.0,CCN1CCc2c([nH]c3ccccc23)Cc2ccccc2C1,Scientific Literature,Inhibition of binding to human D1 receptor expressed in HEK 293 cells by functional calcium assay,F,Homo sapiens,,J Med Chem,2006.0,Dopamine D1 receptor,Ki,nM,,290.41,4.14
CHEMBL4103639,15000.0,O=Cc1cnn2ccc(OCCCCN3CCN(c4ccc(O)c5[nH]c(=O)ccc45)CC3)cc12,Scientific Literature,Displacement of [3H]SCH23390 from human D1R expressed in HEK293T cell membranes,B,Homo sapiens,,Bioorg Med Chem,2017.0,Dopamine D1 receptor,Ki,nM,,461.52,2.68
CHEMBL203689,8.7,CN1CCc2ccccc2Cc2c(O)cccc2CC1,Scientific Literature,Displacement of [3H]SCH 23390 from D1 dopamine receptor,B,Homo sapiens,,J Med Chem,2006.0,Dopamine D1 receptor,Ki,nM,8.06,267.37,3.01
CHEMBL4091507,13000.0,O=c1ccc2c(N3CCCN(CCCCOc4ccn5nccc5c4)CC3)ccc(O)c2[nH]1,Scientific Literature,Displacement of [3H]SCH23390 from human D1R expressed in HEK293T cell membranes by radioligand binding assay,B,Homo sapiens,,J Med Chem,2017.0,Dopamine D1 receptor,Ki,nM,4.89,447.54,3.25
CHEMBL477646,1778.28,O=C1c2ccccc2CCN1CCCCN1CCN(c2cccc(Cl)c2Cl)CC1,Scientific Literature,Displacement of [3H]SCH23390 from human dopamine D1 receptor,B,Homo sapiens,,Bioorg Med Chem Lett,2009.0,Dopamine D1 receptor,Ki,nM,5.75,432.4,4.59
CHEMBL476808,977.24,COc1ccccc1N1CCN(CCCCCN2CCc3ccccc3C2=O)CC1,Scientific Literature,Displacement of [3H]SCH23390 from human dopamine D1 receptor,B,Homo sapiens,,Bioorg Med Chem Lett,2009.0,Dopamine D1 receptor,Ki,nM,6.01,407.56,3.69
CHEMBL4083727,5300.0,Oc1ccc(N2CCN(CCCCOc3ccn4nccc4c3)CC2)c2c1OCCO2,Scientific Literature,Displacement of [3H]SCH23390 from human D1R expressed in HEK293T cell membranes by radioligand binding assay,B,Homo sapiens,,J Med Chem,2017.0,Dopamine D1 receptor,Ki,nM,5.28,424.5,2.79
CHEMBL4061986,1100.0,Oc1ccc(N2CCN(CCCCOc3ccn4nccc4c3)CC2)c2cccnc12,Scientific Literature,Displacement of [3H]SCH23390 from human D1R expressed in HEK293T cell membranes by radioligand binding assay,B,Homo sapiens,,J Med Chem,2017.0,Dopamine D1 receptor,Ki,nM,5.96,417.51,3.57
CHEMBL3781035,40.0,CCCCCCOc1ccc2c(c1OC)CN1CCc3cc(OC)c(O)cc3C1C2,Scientific Literature,Displacement of [3H]SCH2390 from human dopamine D1 receptor by PDSP assay,B,Homo sapiens,,Bioorg Med Chem,2016.0,Dopamine D1 receptor,Ki,nM,7.4,411.54,5.02
CHEMBL201170,0.39,CN1CCc2ccccc2Cc2ccc(O)cc2CC1,Scientific Literature,Displacement of [3H]SCH 23390 from human cloned dopamine D1 receptor expressed in HEK 293 cells,B,Homo sapiens,,Bioorg Med Chem Lett,2007.0,Dopamine D1 receptor,Ki,nM,9.41,267.37,3.01
CHEMBL2062854,100000.0,C[C@@H]1[C@@H]2[C@H](CN1Cc1ccccc1)[C@H](CO)[C@H]2N1CCCC1,Scientific Literature,Displacement of [3H]SCH23390 from human D1 receptor expressed in HEK293 cells,B,Homo sapiens,,Eur J Med Chem,2012.0,Dopamine D1 receptor,Ki,nM,,300.45,2.21
CHEMBL4060403,210.0,O=Cc1cnn2ccc(NC(=O)CCCN3CCN(c4cccc(Cl)c4Cl)CC3)cc12,Scientific Literature,Displacement of [3H]SCH23390 from human Dopamine D1 receptor expressed in HEK293T cell membranes after 2 hrs by scintillation counting analysis,B,Homo sapiens,,J Med Chem,2017.0,Dopamine D1 receptor,Ki,nM,6.68,460.37,3.99
CHEMBL4467528,1122.0,CCOc1ccc(F)cc1C1CC1CN(C)CCCSc1nnc(-c2ccccc2)n1C.Cl,Scientific Literature,Displacement of [3H]-SCH23390 from recombinant human D1 receptor transiently expressed in HEKT cell membranes measured after 90 mins by microbeta scintillation counting method,B,Homo sapiens,,J Med Chem,2020.0,Dopamine D1 receptor,Ki,nM,5.95,491.08,5.24
CHEMBL3697612,58.0,Cc1cc(Oc2ncccc2C(F)F)ccc1-c1c(C)c(=O)[nH]c(=O)n1C1CC1,BindingDB Patent Bioactivity Data,"Competition Binding Assay: The affinity of the compounds described herein was determined by competition binding assays similar to those described in Ryman-Rasmussen et al., Differential activation of adenylate cyclase and receptor internalization by novel dopamine D1 receptor agonists, Molecular Pharmacology 68(4):1039-1048 (2005). This radioligand binding assay used [3H]-SCH23390, a radiolabeled D1 ligand, to evaluate the ability of a test compound to compete with the radioligand when binding to a D1 receptor.D1 binding assays were performed using over-expressing LTK human cell lines. To determine basic assay parameters, ligand concentrations were determined from saturation binding studies where the Kd for [3H]-SCH23390 was found to be 1.3 nM. From tissue concentration curve studies, the optimal amount of tissue was determined to be 1.75 mg/mL per 96 well plate using 0.5 nM of [3H]-SCH23390. These ligand and tissue concentrations were used in time course studies to determine linearity and equilibrium.",B,,,,2015.0,Dopamine D1 receptor,Ki,nM,7.24,399.4,4.28
CHEMBL3697609,32.3,Cc1cc(Oc2nccc(C)c2Cl)ccc1-c1c(C)cnc(=O)n1C,BindingDB Patent Bioactivity Data,"Competition Binding Assay: The affinity of the compounds described herein was determined by competition binding assays similar to those described in Ryman-Rasmussen et al., Differential activation of adenylate cyclase and receptor internalization by novel dopamine D1 receptor agonists, Molecular Pharmacology 68(4):1039-1048 (2005). This radioligand binding assay used [3H]-SCH23390, a radiolabeled D1 ligand, to evaluate the ability of a test compound to compete with the radioligand when binding to a D1 receptor.D1 binding assays were performed using over-expressing LTK human cell lines. To determine basic assay parameters, ligand concentrations were determined from saturation binding studies where the Kd for [3H]-SCH23390 was found to be 1.3 nM. From tissue concentration curve studies, the optimal amount of tissue was determined to be 1.75 mg/mL per 96 well plate using 0.5 nM of [3H]-SCH23390. These ligand and tissue concentrations were used in time course studies to determine linearity and equilibrium.",B,,,,2015.0,Dopamine D1 receptor,Ki,nM,7.49,355.83,4.21
CHEMBL3697606,87.0,Cc1cc(Oc2ncccc2OC(F)F)ccc1-c1c(C)ncc(=O)n1C,BindingDB Patent Bioactivity Data,"Competition Binding Assay: The affinity of the compounds described herein was determined by competition binding assays similar to those described in Ryman-Rasmussen et al., Differential activation of adenylate cyclase and receptor internalization by novel dopamine D1 receptor agonists, Molecular Pharmacology 68(4):1039-1048 (2005). This radioligand binding assay used [3H]-SCH23390, a radiolabeled D1 ligand, to evaluate the ability of a test compound to compete with the radioligand when binding to a D1 receptor.D1 binding assays were performed using over-expressing LTK human cell lines. To determine basic assay parameters, ligand concentrations were determined from saturation binding studies where the Kd for [3H]-SCH23390 was found to be 1.3 nM. From tissue concentration curve studies, the optimal amount of tissue was determined to be 1.75 mg/mL per 96 well plate using 0.5 nM of [3H]-SCH23390. These ligand and tissue concentrations were used in time course studies to determine linearity and equilibrium.",B,,,,2015.0,Dopamine D1 receptor,Ki,nM,7.06,373.36,3.85
CHEMBL3697558,38.5,Cc1cc(Oc2ncc(Cl)c(C)c2Cl)ccc1-c1c(C)c(=O)[nH]c(=O)n1C,BindingDB Patent Bioactivity Data,"Competition Binding Assay: The affinity of the compounds described herein was determined by competition binding assays similar to those described in Ryman-Rasmussen et al., Differential activation of adenylate cyclase and receptor internalization by novel dopamine D1 receptor agonists, Molecular Pharmacology 68(4):1039-1048 (2005). This radioligand binding assay used [3H]-SCH23390, a radiolabeled D1 ligand, to evaluate the ability of a test compound to compete with the radioligand when binding to a D1 receptor.D1 binding assays were performed using over-expressing LTK human cell lines. To determine basic assay parameters, ligand concentrations were determined from saturation binding studies where the Kd for [3H]-SCH23390 was found to be 1.3 nM. From tissue concentration curve studies, the optimal amount of tissue was determined to be 1.75 mg/mL per 96 well plate using 0.5 nM of [3H]-SCH23390. These ligand and tissue concentrations were used in time course studies to determine linearity and equilibrium.",B,,,,2015.0,Dopamine D1 receptor,Ki,nM,7.42,406.27,4.16
CHEMBL199824,7396.0,Cn1c(=O)cnn(CCCCN2CCN(c3cccc4ccc(O[11CH3])cc34)CC2)c1=O,Scientific Literature,Binding affinity to dopamine D1 receptor,B,Homo sapiens,,J Med Chem,2006.0,Dopamine D1 receptor,Ki,nM,5.13,422.52,1.71
CHEMBL2298824,1000.0,COc1ccccc1N1CCN(CCOc2ccc3nc[nH]c3c2)CC1,Scientific Literature,Binding affinity to dopamine D1 receptor (unknown origin),B,Homo sapiens,,Med Chem Res,2013.0,Dopamine D1 receptor,Ki,nM,,352.44,2.77
CHEMBL372453,10000.0,COc1ccc(NC(=O)N2CCN(c3ccc(Cl)cc3)CC2)cc1N1CCN(C)CC1,Scientific Literature,Affinity towards cloned Dopamine receptor D1,B,Homo sapiens,,Bioorg Med Chem Lett,2005.0,Dopamine D1 receptor,Ki,nM,,443.98,3.45
CHEMBL4586582,1122.0,CCCN(CCCCNC(=O)c1cc2ccccc2[nH]1)C[C@H]1C[C@@H]1c1cccc(Cl)c1Cl.Cl,Scientific Literature,Displacement of [3H]-SCH23390 from recombinant human D1 receptor transiently expressed in HEKT cell membranes measured after 90 mins by microbeta scintillation counting method,B,Homo sapiens,,J Med Chem,2020.0,Dopamine D1 receptor,Ki,nM,5.95,508.92,6.5
CHEMBL4580817,1047.0,CCCN(CCCCNC(=O)c1ccc2ccccc2c1)C[C@H]1C[C@@H]1c1cccc(Cl)c1Cl.Cl,Scientific Literature,Displacement of [3H]-SCH23390 from recombinant human D1 receptor transiently expressed in HEKT cell membranes measured after 90 mins by microbeta scintillation counting method,B,Homo sapiens,,J Med Chem,2020.0,Dopamine D1 receptor,Ki,nM,5.98,519.94,7.17
CHEMBL4584372,1918.0,CCCN(CCCSc1nnc(-c2ccccc2)n1C)CC1CC1c1cc(Cl)ccc1OC.Cl,Scientific Literature,Displacement of [3H]-SCH23390 from recombinant human D1 receptor transiently expressed in HEKT cell membranes measured after 90 mins by microbeta scintillation counting method,B,Homo sapiens,,J Med Chem,2020.0,Dopamine D1 receptor,Ki,nM,5.72,521.56,6.14
CHEMBL3289653,1408.0,Clc1ccc(N2CCN(CCCc3cc4ccccc4o3)CC2)cc1,Scientific Literature,Displacement of [3H]SCH23390 from human dopamine D1 receptor by PDSP assay,B,Homo sapiens,,Bioorg Med Chem,2014.0,Dopamine D1 receptor,Ki,nM,5.85,354.88,4.84
CHEMBL3287402,180.0,O=Cc1cc2cc(OCCCCN3CCN(c4cccc(Cl)c4Cl)CC3)ccn2n1,Scientific Literature,Displacement of [3H]SCH23390 from human dopamine D1 receptor expressed in HEK293 cells by competitive binding assay,B,Homo sapiens,,J Med Chem,2014.0,Dopamine D1 receptor,Ki,nM,6.75,447.37,4.43
CHEMBL487387,5.9,COc1cc2c(cc1O)[C@@H]1Cc3ccc(O)c(OC)c3CN1CC2,Scientific Literature,Displacement of [3H]SCH-23390 from human dopamine D1 receptor assessed as inhibition constant,B,Homo sapiens,,J Med Chem,2023.0,Dopamine D1 receptor,Ki,nM,8.23,327.38,2.77
CHEMBL5435602,6.5,CCCOc1cc2c(cc1O)[C@@H]1Cc3c(Br)cc(O)c(OCC)c3CN1CC2,Scientific Literature,Displacement of [3H]SCH-23390 from human dopamine D1 receptor assessed as inhibition constant,B,Homo sapiens,,J Med Chem,2023.0,Dopamine D1 receptor,Ki,nM,8.19,448.36,4.7
CHEMBL5423880,79.0,CCCCCOc1c(O)cc(Br)c2c1CN1CCc3cc(OCCC)c(O)cc3[C@@H]1C2,Scientific Literature,Displacement of [3H]SCH-23390 from human dopamine D1 receptor assessed as inhibition constant,B,Homo sapiens,,J Med Chem,2023.0,Dopamine D1 receptor,Ki,nM,7.1,490.44,5.87
CHEMBL8514,2.0,CC(C)(C)[C@]1(O)CCN2C[C@H]3c4ccccc4CCc4cccc(c43)[C@@H]2C1,Scientific Literature,Binding affinity to human D1 receptor,B,Homo sapiens,,Bioorg Med Chem Lett,2020.0,Dopamine D1 receptor,Ki,nM,8.7,361.53,4.84
CHEMBL2206441,6200.0,COc1ccc(F)cc1C1CCN(c2ccn3c(CC4CC4)nnc3c2Cl)CC1,Scientific Literature,Binding affinity to dopamine D1 receptor,B,,,J Med Chem,2012.0,Dopamine D1 receptor,Ki,nM,,414.91,4.87
CHEMBL481153,5900.0,O=C(OCCN1CCCC1)N1c2ccccc2Sc2ccccc21,Scientific Literature,Antagonist activity at dopamine D1 receptor (unknown origin) by PDSP assay,B,Homo sapiens,,Bioorg Med Chem Lett,2013.0,Dopamine D1 receptor,Ki,nM,5.23,340.45,4.52
CHEMBL4070604,17000.0,CCCCn1cc(CCCOc2ccc(C(=O)NCCCN3CCCN(c4ccc(O)c5[nH]c(=O)ccc45)CC3)cc2OC)nn1,Scientific Literature,Displacement of [3H]SCH23390 from human D1R expressed in HEK293T cell membranes by radioligand binding assay,B,Homo sapiens,,J Med Chem,2017.0,Dopamine D1 receptor,Ki,nM,4.77,631.78,3.98
CHEMBL3964242,32.0,CCCCCOc1c(O)cc(Br)c2c1CN1CCc3cc(OC)c(O)cc3[C@@H]1C2,Scientific Literature,Displacement of [3H]SCH23390 from human D1 receptor expressed in HEKT cell membranes after 90 mins by microbeta scintillation counting method,B,Homo sapiens,,Eur J Med Chem,2017.0,Dopamine D1 receptor,Ki,nM,7.5,462.38,5.09
CHEMBL2299002,1000.0,COc1ccccc1N1CCN(CCOc2ccc3[nH]c(=O)[nH]c3c2)CC1,Scientific Literature,Binding affinity to dopamine D1 receptor (unknown origin),B,Homo sapiens,,Med Chem Res,2013.0,Dopamine D1 receptor,Ki,nM,,368.44,2.07
CHEMBL2298831,1000.0,COc1ccc(N2CCN(CCOc3ccc4[nH]c(=S)[nH]c4c3)CC2)cc1,Scientific Literature,Binding affinity to dopamine D1 receptor (unknown origin),B,Homo sapiens,,Med Chem Res,2013.0,Dopamine D1 receptor,Ki,nM,,384.51,3.44
CHEMBL4228054,542.0,CCCCCN1CCC(c2cccc(O)c2)C1,Scientific Literature,Displacement of [3H]SCH23390 from human dopamine D1 receptor expressed in HEK293T cell membranes by radioligand binding assay,B,Homo sapiens,,Bioorg Med Chem Lett,2018.0,Dopamine D1 receptor,Ki,nM,6.27,233.35,3.37
CHEMBL4098859,1800.0,CCCN(CCCCOc1ccn2ncc(/C=N\O)c2c1)[C@H]1CCc2c(O)cccc2C1,Scientific Literature,Displacement of [3H]SCH23390 from human Dopamine D1 receptor expressed in HEK293T cell membranes after 2 hrs by scintillation counting analysis,B,Homo sapiens,,J Med Chem,2017.0,Dopamine D1 receptor,Ki,nM,5.75,436.56,4.28
CHEMBL4090208,1300.0,CCCN(CCCCOc1ccn2ncc(C=O)c2c1)[C@H]1CCc2c(O)cccc2C1,Scientific Literature,Displacement of [3H]SCH23390 from human Dopamine D1 receptor expressed in HEK293T cell membranes after 2 hrs by scintillation counting analysis,B,Homo sapiens,,J Med Chem,2017.0,Dopamine D1 receptor,Ki,nM,5.89,421.54,4.28
CHEMBL608530,620.0,CN1CCCC[C@H]1CCN1c2ccccc2Sc2ccc([S+](C)[O-])cc21,Scientific Literature,Binding affinity towards human D1 dopamine receptor was determined by using [3H]-SCH- 23390 as radioligand,B,Homo sapiens,,Bioorg Med Chem Lett,2004.0,Dopamine D1 receptor,Ki,nM,6.21,386.59,4.9
CHEMBL484356,39.0,Br.Cc1cccc(-c2c(O)c(O)cc3c2CCNCC3c2ccccc2)c1,Scientific Literature,Displacement of [3H]SCH23390 from human dopamine D1 receptor expressed in HEK293 cells,B,Homo sapiens,,Bioorg Med Chem,2008.0,Dopamine D1 receptor,Ki,nM,7.41,426.35,4.35
CHEMBL201748,10000.0,c1ccc(C2CC3c4[nH]c5ccccc5c4CCN3C2)cc1,Scientific Literature,Inhibition of binding to human D1 receptor expressed in HEK 293 cells by functional calcium assay,F,Homo sapiens,,J Med Chem,2006.0,Dopamine D1 receptor,Ki,nM,,288.39,4.25
CHEMBL201142,10000.0,C=CCN1CCc2ccccc2Cc2ccsc2CC1,Scientific Literature,Inhibition of binding to human D1 receptor expressed in HEK 293 cells by functional calcium assay,F,Homo sapiens,,J Med Chem,2006.0,Dopamine D1 receptor,Ki,nM,,283.44,3.93
CHEMBL379942,2.0,Cc1ccccc1C(=O)NN1c2ccc(Cl)cc2N=C(N2CCN(C)CC2)c2cc(Cl)ccc21,Scientific Literature,Displacement of [3H]SCH 23390 from dopamine D1 receptor expressed in CHO cells,B,Homo sapiens,,Bioorg Med Chem Lett,2006.0,Dopamine D1 receptor,Ki,nM,8.7,494.43,5.42
CHEMBL210461,2800.0,O=C(NCCCCN1CCN(c2cccc(Cl)c2Cl)CC1)c1cc2ccc1CCc1ccc(cc1)CC2,Scientific Literature,Displacement of [3H]SCH 23390 from D1 receptor of porcine striatal membrane,B,Homo sapiens,,J Med Chem,2006.0,Dopamine D1 receptor,Ki,nM,5.55,536.55,6.21
CHEMBL2298825,1000.0,COc1cccc(N2CCN(CCOc3ccc4nc[nH]c4c3)CC2)c1,Scientific Literature,Binding affinity to dopamine D1 receptor (unknown origin),B,Homo sapiens,,Med Chem Res,2013.0,Dopamine D1 receptor,Ki,nM,,352.44,2.77
CHEMBL2298818,1000.0,S=c1[nH]c2ccc(CCCN3CCN(c4ccccc4)CC3)cc2[nH]1,Scientific Literature,Binding affinity to dopamine D1 receptor (unknown origin),B,Homo sapiens,,Med Chem Res,2013.0,Dopamine D1 receptor,Ki,nM,,352.51,3.98
CHEMBL182721,3630.78,c1ccc2c(N3CCN(CCc4ccc5c(c4)NCN5)CC3)cccc2c1,Scientific Literature,Binding affinity against Dopamine receptor D1,B,,,Bioorg Med Chem Lett,2004.0,Dopamine D1 receptor,Ki,nM,5.44,358.49,4.0
CHEMBL194206,10000.0,COc1ccc(NC(=O)N2CCN(c3ccc(F)cc3)CC2)cc1N1CCN(C)CC1,Scientific Literature,Affinity towards cloned Dopamine receptor D1,B,Homo sapiens,,Bioorg Med Chem Lett,2005.0,Dopamine D1 receptor,Ki,nM,,427.52,2.94
CHEMBL2420780,10000.0,Clc1cccc(N2CCN(Cc3cccnc3)CC2)c1Cl,Scientific Literature,Displacement of [3H]SCH23390 from human dopamine D1 receptor,B,Homo sapiens,,Bioorg Med Chem Lett,2013.0,Dopamine D1 receptor,Ki,nM,,322.24,3.71
CHEMBL5286047,10000.0,Cc1ccccc1CO[C@H]1CCCN(Cc2ccc3c(cnn3C)c2)C1,Scientific Literature,Displacement of [3H]SCH23390 from D1 receptor in HEK293 cell membrane assessed as inhibition constant,B,Homo sapiens,,Eur J Med Chem,2022.0,Dopamine D1 receptor,Ki,nM,,349.48,4.06
CHEMBL1627323,931.0,O=C(NC/C=C/CN1CCN(c2cccc(Cl)c2Cl)CC1)c1cc2ccccc2[nH]1,Scientific Literature,Displacement of [3H]SCH23390 from D1 receptor,B,,,J Med Chem,2009.0,Dopamine D1 receptor,Ki,nM,6.03,443.38,4.58
CHEMBL1627319,3690.0,COc1ccccc1N1CCN(CC(O)CCNC(=O)c2cc3cc(I)ccc3o2)CC1,Scientific Literature,Displacement of [3H]SCH23390 from D1 receptor,B,,,J Med Chem,2009.0,Dopamine D1 receptor,Ki,nM,5.43,549.41,3.35
CHEMBL477055,2398.83,O=C1c2ccccc2CCCN1CCCN1CCN(c2cccc(Cl)c2Cl)CC1,Scientific Literature,Displacement of [3H]SCH23390 from human dopamine D1 receptor,B,Homo sapiens,,Bioorg Med Chem Lett,2009.0,Dopamine D1 receptor,Ki,nM,5.62,432.4,4.59
CHEMBL210016,237.0,CN1CCN(C2=Nc3cc(Cl)ccc3N(NC(=O)c3ccccc3N3CCN(C)CC3)c3ccccc32)CC1,Scientific Literature,Displacement of [3H]SCH 23390 from human dopamine D1 receptor expressed in CHO cells,B,Homo sapiens,,Bioorg Med Chem Lett,2006.0,Dopamine D1 receptor,Ki,nM,6.62,544.1,4.21
CHEMBL215950,56.0,COc1ccc(CCC(=O)NN2c3ccc(Cl)cc3N=C(N3CCN(C)CC3)c3ccccc32)cc1Cl,Scientific Literature,Displacement of [3H]SCH 23390 from human dopamine D1 receptor expressed in CHO cells,B,Homo sapiens,,Bioorg Med Chem Lett,2006.0,Dopamine D1 receptor,Ki,nM,7.25,538.48,5.44
CHEMBL425069,1.6,COc1cccc(OC)c1C(=O)NN1c2ccc(Cl)cc2N=C(N2CCN(C)CC2)c2ccccc21,Scientific Literature,Displacement of [3H]SCH 23390 from dopamine D1 receptor expressed in CHO cells,B,Homo sapiens,,Bioorg Med Chem Lett,2006.0,Dopamine D1 receptor,Ki,nM,8.8,506.01,4.48
CHEMBL476394,1737.8,O=C1c2ccccc2CCCN1CCCCN1CCN(c2cccc(Cl)c2Cl)CC1,Scientific Literature,Displacement of [3H]SCH23390 from human dopamine D1 receptor,B,Homo sapiens,,Bioorg Med Chem Lett,2009.0,Dopamine D1 receptor,Ki,nM,5.76,446.42,4.98
CHEMBL3216523,141.0,CN1CCc2cc(SC[C@@H](N)C(=O)O)cc3c2[C@H]1Cc1ccc(O)c(O)c1-3.Cl.Cl,Scientific Literature,Displacement of [3H]SCH23390 from human D1 dopamine receptor expressed in Ltk fibroblast cells after 60 mins by liquid scintillation counter,B,Homo sapiens,,Eur J Med Chem,2011.0,Dopamine D1 receptor,Ki,nM,6.85,459.4,2.35
CHEMBL479587,37.3,CC(C)(C)[C@]1(O)CCN2C[C@@H]3c4ccccc4CCc4cccc(c43)[C@H]2C1,Scientific Literature,Displacement of [3H]SCH23390 from dopamine D1 receptor,B,,,J Nat Prod,1993.0,Dopamine D1 receptor,Ki,nM,7.43,361.53,4.84
CHEMBL3104092,10000.0,CN1CCc2c(c3cccc4c3n2Cc2ccccc2C4)C1,Scientific Literature,Binding affinity to dopamine D1 receptor (unknown origin) by radioligand displacement assay,B,Homo sapiens,,Bioorg Med Chem Lett,2014.0,Dopamine D1 receptor,Ki,nM,,288.39,3.58
CHEMBL3613879,110.0,Clc1cccc(N2CCN(CCCc3cn(-c4ccn5nccc5c4)nn3)CC2)c1Cl,Scientific Literature,Displacement of [3H]SCH23990 from human dopamine D1 receptor expressed in CHO cell membranes by radioligand competition binding assay,B,Homo sapiens,,Bioorg Med Chem,2015.0,Dopamine D1 receptor,Ki,nM,6.96,456.38,3.98
CHEMBL3613874,210.0,O=Cc1cnn2ccc(-n3cc(CCCN4CCN(c5cccc(Cl)c5Cl)CC4)nn3)cc12,Scientific Literature,Displacement of [3H]SCH23990 from human dopamine D1 receptor expressed in CHO cell membranes by radioligand competition binding assay,B,Homo sapiens,,Bioorg Med Chem,2015.0,Dopamine D1 receptor,Ki,nM,6.68,484.39,3.79
CHEMBL4576555,1288.25,CN1CCN(C(=O)C(C)(C)c2ccc(C(=O)Nc3cn4cc(-c5cc(C(C)(C)C)cc(C(C)(C)C)c5)ccc4n3)cc2)CC1,SGC Frankfurt - Donated Chemical Probes,GPCRScan assay: inhibition of D1,B,Homo sapiens,,,2021.0,Dopamine D1 receptor,Ki,nM,5.89,593.82,6.9
CHEMBL213238,99.0,CN1CCN(C2=Nc3ccccc3N(NC(=O)c3cccc(C#N)c3)c3ccc(Cl)cc32)CC1,Scientific Literature,Displacement of [3H]SCH 23390 from dopamine D1 receptor expressed in CHO cells,B,Homo sapiens,,Bioorg Med Chem Lett,2006.0,Dopamine D1 receptor,Ki,nM,7.0,470.96,4.33
CHEMBL213577,583.0,Clc1ccc2c(c1)N=C(N1CCN(Cc3ccc4c(c3)OCCO4)CC1)c1ccccc1N2,Scientific Literature,Displacement of [3H]SCH 23390 from dopamine D1 receptor expressed in CHO cells,B,Homo sapiens,,Bioorg Med Chem Lett,2006.0,Dopamine D1 receptor,Ki,nM,6.23,460.97,5.06
CHEMBL216047,294.0,O=C(NN1c2ccc(Cl)cc2N=C(N2CCN(CC3CCCCC3)CC2)c2ccccc21)c1ccccc1Cl,Scientific Literature,Displacement of [3H]SCH 23390 from dopamine D1 receptor expressed in CHO cells,B,Homo sapiens,,Bioorg Med Chem Lett,2006.0,Dopamine D1 receptor,Ki,nM,6.53,562.55,7.07
CHEMBL215842,54.0,CCN1CCN(C2=Nc3cc(Cl)ccc3N(NC(=O)c3ccccc3Cl)c3ccccc32)CC1,Scientific Literature,Displacement of [3H]SCH 23390 from dopamine D1 receptor expressed in CHO cells,B,Homo sapiens,,Bioorg Med Chem Lett,2006.0,Dopamine D1 receptor,Ki,nM,7.27,494.43,5.51
CHEMBL384248,86.0,CN1CCN(C2=Nc3cc(Cl)ccc3N(NC(=O)c3ccncc3)c3ccccc32)CC1,Scientific Literature,Displacement of [3H]SCH 23390 from dopamine D1 receptor expressed in CHO cells,B,Homo sapiens,,Bioorg Med Chem Lett,2006.0,Dopamine D1 receptor,Ki,nM,7.07,446.94,3.86
CHEMBL213110,16.0,COc1cc(C(=O)NN2c3ccc(Cl)cc3N=C(N3CCN(C)CC3)c3cc(Cl)ccc32)cc(OC)c1OC,Scientific Literature,Displacement of [3H]SCH 23390 from dopamine D1 receptor expressed in CHO cells,B,Homo sapiens,,Bioorg Med Chem Lett,2006.0,Dopamine D1 receptor,Ki,nM,7.8,570.48,5.14
CHEMBL385295,48.0,Cc1ccccc1C(=O)NN1c2ccccc2N=C(N2CCN(C)CC2)c2cc(Cl)ccc21,Scientific Literature,Displacement of [3H]SCH 23390 from dopamine D1 receptor expressed in CHO cells,B,Homo sapiens,,Bioorg Med Chem Lett,2006.0,Dopamine D1 receptor,Ki,nM,7.32,459.98,4.77
CHEMBL379662,7.6,COc1cccc2c1Cc1ccccc1CCN(C)CC2,Scientific Literature,Displacement of [3H]SCH 23390 from D1 dopamine receptor,B,Homo sapiens,,J Med Chem,2006.0,Dopamine D1 receptor,Ki,nM,8.12,281.4,3.32
CHEMBL196598,10000.0,COc1ccc(NC(=O)N2CCN(c3ccc(C(F)(F)F)cc3)CC2)cc1N1CCN(C)CC1,Scientific Literature,Affinity towards cloned Dopamine receptor D1,B,Homo sapiens,,Bioorg Med Chem Lett,2005.0,Dopamine D1 receptor,Ki,nM,,477.53,3.82
CHEMBL384069,44.0,COc1cccc(C(=O)NN2c3ccc(Cl)cc3N=C(N3CCN(C)CC3)c3cc(Cl)ccc32)c1,Scientific Literature,Displacement of [3H]SCH 23390 from dopamine D1 receptor expressed in CHO cells,B,Homo sapiens,,Bioorg Med Chem Lett,2006.0,Dopamine D1 receptor,Ki,nM,7.36,510.43,5.12
CHEMBL215414,6.0,COc1cccc(OC)c1C(=O)NN1c2ccccc2N=C(N2CCN(C)CC2)c2cc(Cl)ccc21,Scientific Literature,Displacement of [3H]SCH 23390 from dopamine D1 receptor expressed in CHO cells,B,Homo sapiens,,Bioorg Med Chem Lett,2006.0,Dopamine D1 receptor,Ki,nM,8.22,506.01,4.48
CHEMBL214407,51.0,CN1CCN(C2=Nc3cc(Cl)ccc3N(NC(=O)c3ccccc3Oc3ccccc3)c3ccccc32)CC1,Scientific Literature,Displacement of [3H]SCH 23390 from human dopamine D1 receptor expressed in CHO cells,B,Homo sapiens,,Bioorg Med Chem Lett,2006.0,Dopamine D1 receptor,Ki,nM,7.29,538.05,6.25
CHEMBL213881,4.0,CN1CCN(C2=Nc3cc(Cl)ccc3N(NC(=O)c3c(Cl)cc(Cl)cc3Cl)c3ccccc32)CC1,Scientific Literature,Displacement of [3H]SCH 23390 from human dopamine D1 receptor expressed in CHO cells,B,Homo sapiens,,Bioorg Med Chem Lett,2006.0,Dopamine D1 receptor,Ki,nM,8.4,549.29,6.42
CHEMBL2323582,12513.0,CC1=CC(C)=[N+]2C1=C(c1ccc(OCCCN3CCCCC3)cc1)c1c(C)cc(C)n1[B-]2(F)F,Scientific Literature,Displacement of [3H]SCH23390 from human dopamine D1 receptor expressed in HEK cells,B,Homo sapiens,,ACS Med Chem Lett,2013.0,Dopamine D1 receptor,Ki,nM,4.9,465.4,
CHEMBL3289647,223.87,Cc1ccc(N2CCN(CCCSc3ccc(F)cc3)CC2)nc1,Scientific Literature,Displacement of [3H]SCH23390 from human dopamine D1 receptor by PDSP assay,B,Homo sapiens,,Bioorg Med Chem,2014.0,Dopamine D1 receptor,Ki,nM,6.65,345.49,3.83
CHEMBL382642,10000.0,c1ccc(C23CCCCN2CCc2c3[nH]c3ccccc23)cc1,Scientific Literature,Inhibition of binding to human D1 receptor expressed in HEK 293 cells by functional calcium assay,F,Homo sapiens,,J Med Chem,2006.0,Dopamine D1 receptor,Ki,nM,,302.42,4.45
CHEMBL437888,10000.0,c1ccc2c3c([nH]c2c1)CCCCCN(CC1CC1)CC3,Scientific Literature,Inhibition of binding to human D1 receptor expressed in HEK 293 cells by functional calcium assay,F,Homo sapiens,,J Med Chem,2006.0,Dopamine D1 receptor,Ki,nM,,282.43,4.15
CHEMBL363581,19.0,CN(C)C[C@@H]1CC2c3ccccc3Sc3ccc(F)cc3[C@H]2O1,Scientific Literature,Inhibition of [3H]SCH-23390 binding to human Dopamine receptor D1,B,Homo sapiens,,J Med Chem,2005.0,Dopamine D1 receptor,Ki,nM,7.72,329.44,4.47
CHEMBL3671275,13.0,Cc1cc(Oc2nccc3[nH]ccc23)ccc1-c1c(C)ncnc1C,BindingDB Patent Bioactivity Data,"Receptor Binding Assay: The affinity of the compounds described herein was determined by competition binding assays similar to those described in Ryman-Rasmussen et al., Differential activation of adenylate cyclase and receptor internalization by novel dopamine D1 receptor agonists, Molecular Pharmacology 68(4):1039-1048 (2005). This radioligand binding assay used [3H]-SCH23390, a radiolabeled D1 ligand, to evaluate the ability of a test compound to compete with the radioligand when binding to a D1 receptor. D1 binding assays were performed using over-expressing LTK human cell lines. To determine basic assay parameters, ligand concentrations were determined from saturation binding studies where the Kd for [3H]-SCH23390 was found to be 1.3 nM. From tissue concentration curve studies, the optimal amount of tissue was determined to be 1.75 mg/mL per 96 well plate using 0.5 nM of [3H]-SCH23390. These ligand and tissue concentrations were used in time course studies to determine linearity and equilibrium condition.",B,,,,2014.0,Dopamine D1 receptor,Ki,nM,7.89,330.39,4.74
CHEMBL3671277,4.12,Cc1n[nH]c(=O)c(C)c1-c1ccc(Oc2nccc3[nH]ccc23)cc1,BindingDB Patent Bioactivity Data,"Receptor Binding Assay: The affinity of the compounds described herein was determined by competition binding assays similar to those described in Ryman-Rasmussen et al., Differential activation of adenylate cyclase and receptor internalization by novel dopamine D1 receptor agonists, Molecular Pharmacology 68(4):1039-1048 (2005). This radioligand binding assay used [3H]-SCH23390, a radiolabeled D1 ligand, to evaluate the ability of a test compound to compete with the radioligand when binding to a D1 receptor. D1 binding assays were performed using over-expressing LTK human cell lines. To determine basic assay parameters, ligand concentrations were determined from saturation binding studies where the Kd for [3H]-SCH23390 was found to be 1.3 nM. From tissue concentration curve studies, the optimal amount of tissue was determined to be 1.75 mg/mL per 96 well plate using 0.5 nM of [3H]-SCH23390. These ligand and tissue concentrations were used in time course studies to determine linearity and equilibrium condition.",B,,,,2014.0,Dopamine D1 receptor,Ki,nM,8.38,332.36,3.72
CHEMBL3671297,287.0,Cc1cc(Oc2nccc3n[nH]cc23)ccc1-c1cc(=O)[nH]nc1C,BindingDB Patent Bioactivity Data,"Receptor Binding Assay: The affinity of the compounds described herein was determined by competition binding assays similar to those described in Ryman-Rasmussen et al., Differential activation of adenylate cyclase and receptor internalization by novel dopamine D1 receptor agonists, Molecular Pharmacology 68(4):1039-1048 (2005). This radioligand binding assay used [3H]-SCH23390, a radiolabeled D1 ligand, to evaluate the ability of a test compound to compete with the radioligand when binding to a D1 receptor. D1 binding assays were performed using over-expressing LTK human cell lines. To determine basic assay parameters, ligand concentrations were determined from saturation binding studies where the Kd for [3H]-SCH23390 was found to be 1.3 nM. From tissue concentration curve studies, the optimal amount of tissue was determined to be 1.75 mg/mL per 96 well plate using 0.5 nM of [3H]-SCH23390. These ligand and tissue concentrations were used in time course studies to determine linearity and equilibrium condition.",B,,,,2014.0,Dopamine D1 receptor,Ki,nM,6.54,333.35,3.12
CHEMBL3697578,51.0,Cc1cc(Oc2ncccc2OC(F)F)ccc1-c1c(C)c(=O)[nH]c(=O)n1C,Scientific Literature,Displacement of [3H]-SCH23390 from wild type human D1R expressed in HEK293 cell membranes incubated for 90 mins by scintillation counting based competition radioligand binding assay,B,Homo sapiens,,ACS Med Chem Lett,2019.0,Dopamine D1 receptor,Ki,nM,7.29,389.36,3.15
CHEMBL201739,10000.0,c1ccc2c(c1)CN1CCc3c([nH]c4ccccc34)C21,Scientific Literature,Inhibition of binding to human D1 receptor expressed in HEK 293 cells by functional calcium assay,F,Homo sapiens,,J Med Chem,2006.0,Dopamine D1 receptor,Ki,nM,,260.34,3.63
CHEMBL1204122,0.39,Br.CN1CCc2ccccc2Cc2ccc(O)cc2CC1,Scientific Literature,Inhibition of binding to human D1 receptor expressed in HEK 293 cells by radioligand binding assay,B,Homo sapiens,,J Med Chem,2006.0,Dopamine D1 receptor,Ki,nM,9.41,348.28,3.01
CHEMBL4640497,76.1,COc1cc2c(cc1O)C(c1c(Cl)cccc1Cl)CNCC2,Scientific Literature,Displacement of [3H]SCH23390 from dopamine D1 receptor (unknown origin),B,Homo sapiens,,Bioorg Med Chem Lett,2020.0,Dopamine D1 receptor,Ki,nM,7.12,338.23,3.99
CHEMBL377584,3.6,CN1CCN(C2=Nc3cc(Cl)ccc3N(NC(=O)c3cccc(I)c3)c3ccccc32)CC1,Scientific Literature,Displacement of [3H]SCH 23390 from human dopamine D1 receptor expressed in CHO cells,B,Homo sapiens,,Bioorg Med Chem Lett,2006.0,Dopamine D1 receptor,Ki,nM,8.44,571.85,5.07
CHEMBL215611,79.0,CN1CCN(C2=Nc3cc(Cl)ccc3N(NC(=O)CCc3ccccc3)c3ccccc32)CC1,Scientific Literature,Displacement of [3H]SCH 23390 from human dopamine D1 receptor expressed in CHO cells,B,Homo sapiens,,Bioorg Med Chem Lett,2006.0,Dopamine D1 receptor,Ki,nM,7.1,474.01,4.78
CHEMBL212597,154.0,CCCC(=O)NN1c2ccc(Cl)cc2N=C(N2CCN(C)CC2)c2ccccc21,Scientific Literature,Displacement of [3H]SCH 23390 from human dopamine D1 receptor expressed in CHO cells,B,Homo sapiens,,Bioorg Med Chem Lett,2006.0,Dopamine D1 receptor,Ki,nM,6.81,411.94,3.95
CHEMBL124444,2000.0,COc1ccccc1N1CCN(CCCCNC(=O)c2cc3ccccc3o2)CC1,Scientific Literature,Displacement of [3H]SCH23390 from D1 receptor,B,,,J Med Chem,2009.0,Dopamine D1 receptor,Ki,nM,5.7,407.51,3.77
CHEMBL320526,340.0,CCCN(CCc1ccc(N/C(S)=N/c2ccc3c(c2)C(=O)OC32c3ccc(O)cc3Oc3cc(O)ccc32)cc1)C1CCc2c(O)cccc2C1,Scientific Literature,Binding affinity against dopamine receptor D1 by using [3H]-SCH- 23390 as radioligand in caudate-putamen of monkey,B,Cercopithecidae,Caudate-putamen,J Med Chem,1991.0,Dopamine D1 receptor,Ki,nM,6.47,713.86,8.21
CHEMBL435301,83.0,CN(C)C[C@H]1CC2c3ccccc3Oc3ccc(Cl)cc3[C@H]2O1,Scientific Literature,Inhibition of [3H]SCH-23390 binding to human Dopamine receptor D1,B,Homo sapiens,,J Med Chem,2005.0,Dopamine D1 receptor,Ki,nM,7.08,329.83,4.62
CHEMBL4064974,860.0,O=C(NCCCCN1CCN(c2ccccc2OCCF)CC1)c1cc2ccccn2n1,Scientific Literature,Displacement of [3H]SCH23990 from human D1 receptor expressed in HEK293T cell membranes,B,Homo sapiens,,Bioorg Med Chem,2017.0,Dopamine D1 receptor,Ki,nM,6.07,439.54,3.01
CHEMBL1909072,16.0,NC(=O)C1CCN(CCCN2c3ccccc3Sc3ccc(Cl)cc32)CC1,DrugMatrix,DRUGMATRIX: Dopamine D1 radioligand binding (ligand: [3H] SCH-23390),B,,,,,Dopamine D1 receptor,Ki,nM,7.8,401.96,4.53
CHEMBL3577343,3900.0,C#CC1=CC[C@H](N(CCC)CCCCNC(=O)c2ccc(OCCCc3cn(CCCC)nn3)c(OC)c2)CO1,Scientific Literature,Displacement of [3H]SCH23390 from human dopamine D1 receptor transfected in HEK293 cells after 1 hr by scintillation counting analysis,B,Homo sapiens,,J Med Chem,2015.0,Dopamine D1 receptor,Ki,nM,5.41,551.73,4.63
CHEMBL201483,61.0,CN1CCc2ccccc2Cc2ccn(C)c2CC1,Scientific Literature,Inhibition of binding to human D1 receptor expressed in HEK 293 cells by radioligand binding assay,B,Homo sapiens,,J Med Chem,2006.0,Dopamine D1 receptor,Ki,nM,7.21,254.38,2.65
CHEMBL1202298,20.7,Br.CN1CCc2ccccc2Cc2cc(O)c(O)cc2CC1,Scientific Literature,Inhibition of binding to human D1 receptor expressed in HEK 293 cells by functional calcium assay,F,Homo sapiens,,J Med Chem,2006.0,Dopamine D1 receptor,Ki,nM,7.68,364.28,2.72
CHEMBL4229178,128.0,CCCCCCCCCCN1CCC(c2cccc(O)c2)C1,Scientific Literature,Displacement of [3H]SCH23390 from human dopamine D1 receptor expressed in HEK293T cell membranes by radioligand binding assay,B,Homo sapiens,,Bioorg Med Chem Lett,2018.0,Dopamine D1 receptor,Ki,nM,6.89,303.49,5.32
CHEMBL4797375,2.4,Cc1ccc2c(c1)N=C(C1=C[C@H](C)N(C)CC1)c1cc(OC(F)(F)F)ccc1N2,Scientific Literature,Binding affinity to human dopamine D1 receptor,B,Homo sapiens,,Bioorg Med Chem Lett,2020.0,Dopamine D1 receptor,Ki,nM,8.62,401.43,5.72
CHEMBL212950,81.0,CC(C)CN1CCN(C2=Nc3cc(Cl)ccc3N(NC(=O)c3ccccc3Cl)c3ccccc32)CC1,Scientific Literature,Displacement of [3H]SCH 23390 from dopamine D1 receptor expressed in CHO cells,B,Homo sapiens,,Bioorg Med Chem Lett,2006.0,Dopamine D1 receptor,Ki,nM,7.09,522.48,6.14
CHEMBL209805,65.0,Cc1ccc(S(=O)(=O)N2c3ccc(Cl)cc3N=C(N3CCN(C)CC3)c3ccccc32)cc1,Scientific Literature,Displacement of [3H]SCH 23390 from dopamine D1 receptor expressed in CHO cells,B,Homo sapiens,,Bioorg Med Chem Lett,2006.0,Dopamine D1 receptor,Ki,nM,7.19,481.02,4.81
CHEMBL4745124,2.3,Cc1ccc2c(c1)C(C1=C[C@H](C)N(C)CC1)=Nc1cc(Cl)ccc1N2,Scientific Literature,Binding affinity to human dopamine D1 receptor,B,Homo sapiens,,Bioorg Med Chem Lett,2020.0,Dopamine D1 receptor,Ki,nM,8.64,351.88,5.48
CHEMBL594798,3019.0,Cc1ccccc1CC1c2ccc(O)cc2CCN1C,Scientific Literature,Displacement of [3H]SCH23390 from human dopamine D1 receptor expressed in CHO cells by scintillation counting,B,Homo sapiens,,Bioorg Med Chem,2009.0,Dopamine D1 receptor,Ki,nM,5.52,267.37,3.47
CHEMBL1627304,678.0,COc1ccccc1N1CCN(C/C=C/CNC(=O)c2cc3ccccc3s2)CC1,Scientific Literature,Displacement of [3H]SCH23390 from D1 receptor,B,,,J Med Chem,2009.0,Dopamine D1 receptor,Ki,nM,6.17,421.57,4.02
CHEMBL1627312,10000.0,O=C(NCCC(O)CN1CCN(c2cccc(Cl)c2Cl)CC1)c1cc2cc(I)ccc2[nH]1,Scientific Literature,Displacement of [3H]SCH23390 from D1 receptor,B,,,J Med Chem,2009.0,Dopamine D1 receptor,Ki,nM,,587.29,4.38
CHEMBL15928,10000.0,COc1ccc(NC(=O)c2ccc(-c3ccc(-c4noc(C)n4)cc3C)cc2)cc1N1CCN(C)CC1,Scientific Literature,Affinity towards cloned Dopamine receptor D1,B,Homo sapiens,,Bioorg Med Chem Lett,2005.0,Dopamine D1 receptor,Ki,nM,,497.6,5.03
CHEMBL204098,20.9,CN1CCc2ccccc2Cc2cc(N)c(O)cc2CC1,Scientific Literature,Inhibition of D1 dopamine receptor in HEK 293 cells by intracellular calcium assay,F,Homo sapiens,,J Med Chem,2006.0,Dopamine D1 receptor,Ki,nM,7.68,282.39,2.6
CHEMBL270426,46.0,COc1cc2c3c(c1)-c1c(O)cccc1C[C@H]3N(C)CC2,Scientific Literature,Displacement of [3H]SCH23390 from dopamine D1 receptor expressed in HEK293 cells by liquid scintillation counting,B,,,J Med Chem,2010.0,Dopamine D1 receptor,Ki,nM,7.34,281.36,3.15
CHEMBL603901,0.5,CN1CCc2cc(Cl)c(O)cc2[C@@H](c2ccc(CN(C)S(C)(=O)=O)cc2)C1,Scientific Literature,Binding affinity to dopamine D1 receptor,B,,,Bioorg Med Chem Lett,2010.0,Dopamine D1 receptor,Ki,nM,9.3,408.95,3.06
CHEMBL543473,0.9,C=CCN1CCc2cc(Br)c(O)cc2C(c2ccccc2)C1.Cl,Scientific Literature,Inhibition of [3H]-SCH- 23390 binding to Dopamine receptor D1 from canine striatum,B,Canis lupus familiaris,,J Med Chem,1992.0,Dopamine D1 receptor,Ki,nM,9.05,394.74,4.33
CHEMBL499,5280.8,CC(C)(C)NC[C@H](O)COc1nsnc1N1CCOCC1,EUbOPEN Chemogenomic Library,"PDSP Secondary Binding target: DRD1 - Compounds are tested at 10 uM concentration, plate are incubated at room temperature in the dark for 90 minutes. Reaction are stopped by vacuum filtration onto 0.3% polyethyleneimine soaked filter mats using Filtermate harvester. Scintillation cocktail is then melted onto microwave-dried filters on a hot plate and the radio activity is counted in Microbia counter. Compounds showing a minimum of 50% inhibition at 10 uM concentration are carried forward in this secondary binding assay to determine equilibrium binding affinity.",B,Homo sapiens,,,2024.0,Dopamine D1 receptor,Ki,nM,5.28,316.43,0.5
CHEMBL426868,15.0,CN1CCN(C2=Nc3cc(Cl)ccc3N(NC(=O)c3ccco3)c3ccccc32)CC1,Scientific Literature,Displacement of [3H]SCH 23390 from human dopamine D1 receptor expressed in CHO cells,B,Homo sapiens,,Bioorg Med Chem Lett,2006.0,Dopamine D1 receptor,Ki,nM,7.82,435.92,4.06
CHEMBL212936,12.0,CN1CCN(C2=Nc3cc(Cl)ccc3N(NC(=O)c3ccccc3I)c3ccc(Cl)cc32)CC1,Scientific Literature,Displacement of [3H]SCH 23390 from dopamine D1 receptor expressed in CHO cells,B,Homo sapiens,,Bioorg Med Chem Lett,2006.0,Dopamine D1 receptor,Ki,nM,7.92,606.3,5.72
CHEMBL427230,24.0,CN1CCN(C2=Nc3cc(Cl)ccc3N(NC(=O)c3cc(Cl)cc(Cl)c3)c3ccccc32)CC1,Scientific Literature,Displacement of [3H]SCH 23390 from human dopamine D1 receptor expressed in CHO cells,B,Homo sapiens,,Bioorg Med Chem Lett,2006.0,Dopamine D1 receptor,Ki,nM,7.62,514.84,5.77
CHEMBL215885,47.0,COc1ccc(C(=O)NN2c3ccc(Cl)cc3N=C(N3CCN(C)CC3)c3ccccc32)cc1,Scientific Literature,Displacement of [3H]SCH 23390 from human dopamine D1 receptor expressed in CHO cells,B,Homo sapiens,,Bioorg Med Chem Lett,2006.0,Dopamine D1 receptor,Ki,nM,7.33,475.98,4.47
CHEMBL1256645,0.17,CN1CCc2cc(Cl)c(O)cc2[C@@H](c2ccccc2)C1.Cl,Scientific Literature,Inhibition of [3H]-SCH- 23390 binding to Dopamine receptor D1 from canine striatum,B,Canis lupus familiaris,,J Med Chem,1992.0,Dopamine D1 receptor,Ki,nM,9.77,324.25,3.67
CHEMBL476501,5000.0,COc1ccc2c(c1OC)CN1CCc3cc4c(cc3[C@H]1C2)OCO4,Scientific Literature,Displacement of [3H]SCH23390 from dopamine D1 receptor (unknown origin) expressed in human HEK293 cells by liquid scintillation counter,B,Homo sapiens,,Bioorg Med Chem,2013.0,Dopamine D1 receptor,Ki,nM,,339.39,3.09
CHEMBL2314732,60.0,COc1ccc2c(c1O)CN1CCc3cc4c(cc3[C@@H]1C2)OCO4,Scientific Literature,Displacement of [3H]SCH23390 from dopamine D1 receptor (unknown origin) expressed in human HEK293 cells by liquid scintillation counter,B,Homo sapiens,,Bioorg Med Chem,2013.0,Dopamine D1 receptor,Ki,nM,7.22,325.36,2.79
CHEMBL28338,49.0,CCCc1cc2c(s1)CN[C@@H]1CCc3cc(O)c(O)cc3[C@@H]21,Scientific Literature,Binding affinity against cloned human Dopamine receptor D1 using [125I]-SCH 23982 as radioligand transfected in HEK cells,B,,,J Med Chem,1995.0,Dopamine D1 receptor,Ki,nM,7.31,315.44,3.66
CHEMBL2335740,4.0,COc1cc2c(cc1O)[C@H]1C[C@@](O)(c3ccc(Cl)cc3)CCN1CC2,Scientific Literature,Displacement of [3H]SCH23390 from dopamine D1 receptor (unknown origin) expressed in CHO cell membranes after 60 mins,B,Homo sapiens,,Bioorg Med Chem Lett,2013.0,Dopamine D1 receptor,Ki,nM,8.4,359.85,3.64
CHEMBL1627305,4630.0,O=C(NCCC(O)CN1CCN(c2cccc(Cl)c2Cl)CC1)c1cc2ccccc2[nH]1,Scientific Literature,Displacement of [3H]SCH23390 from D1 receptor,B,,,J Med Chem,2009.0,Dopamine D1 receptor,Ki,nM,5.33,461.39,3.78
CHEMBL544118,2100.0,CN1CCc2c(Cl)c(O)c(O)c(Cl)c2C(c2ccccc2)C1.Cl,Scientific Literature,The compound was evaluated for the dissociation constant for inhibiting the binding of [3H]-SCH- 23390 at Dopamine receptor D1,B,Canis lupus familiaris,,J Med Chem,1991.0,Dopamine D1 receptor,Ki,nM,5.68,374.69,4.02
CHEMBL201287,10000.0,C=CCN1CCc2ccccc2Cc2cc(OC)c(OC)cc2CC1,Scientific Literature,Inhibition of binding to human D1 receptor expressed in HEK 293 cells by functional calcium assay,F,Homo sapiens,,J Med Chem,2006.0,Dopamine D1 receptor,Ki,nM,,337.46,3.88
CHEMBL1684131,1600.0,CCCN1CCc2cccc3c2[C@H]1Cc1cccc(OCc2cn(CCCCN4CCN(c5ccccc5OC)CC4)nn2)c1-3,Scientific Literature,Displacement of [3H]SCH23390 from dopamine D1 receptor expressed in human HEK293 cells by liquid scintillation counter,B,,,Bioorg Med Chem,2011.0,Dopamine D1 receptor,Ki,nM,5.8,606.81,6.0
CHEMBL3115577,30199.52,O=C(O)C(=O)O.Oc1ccc2c(c1)O[C@@H](CN1CCN(c3ccc(I)cc3)CC1)CC2,Scientific Literature,Displacement of [3H]SCH23390 from human dopamine D1 receptor transfected in HEK293 cells after 2 hrs by scintillation counting analysis,B,Homo sapiens,,J Med Chem,2014.0,Dopamine D1 receptor,Ki,nM,4.52,540.35,3.51
CHEMBL134807,7250.0,O=C(O)C(=O)O.Oc1ccc2c(c1)O[C@@H](CNCc1ccccc1)CC2,Scientific Literature,Displacement of [3H]SCH23390 from human dopamine D1 receptor transfected in HEK293 cells after 2 hrs by scintillation counting analysis,B,Homo sapiens,,J Med Chem,2014.0,Dopamine D1 receptor,Ki,nM,5.14,359.38,2.88
CHEMBL109897,260.0,CCCN(CCc1ccc(N/C(S)=N/c2ccc3c(c2)C(=O)OC32c3ccc(O)cc3Oc3cc(O)ccc32)cc1)[C@H]1CCc2c(O)cccc2C1,Scientific Literature,Binding affinity against dopamine receptor D1 by using [3H]-SCH- 23390 as radioligand in caudate-putamen of monkey,B,Cercopithecidae,Caudate-putamen,J Med Chem,1991.0,Dopamine D1 receptor,Ki,nM,6.58,713.86,8.21
CHEMBL3325914,912.0,Cc1ccccc1-c1cc2c(cc1O)C(c1ccccc1)CN(C)CC2,Scientific Literature,Displacement of [3H]SCH23390 from human dopamine D1 receptor expressed in HEK293 cell membranes by liquid scintillation counting based competition binding assay,B,Homo sapiens,,Eur J Med Chem,2014.0,Dopamine D1 receptor,Ki,nM,6.04,343.47,4.99
CHEMBL604176,0.7,CN1CCc2cc(Cl)c(O)cc2[C@H]2c3cccc(-c4ccc(CO)cc4)c3CC[C@@H]21,Scientific Literature,Displacement of [3H]SCh23390 from dopamine D1 receptor expressed in mouse LTK cells by scintillation counting,B,,,Bioorg Med Chem Lett,2010.0,Dopamine D1 receptor,Ki,nM,9.15,419.95,5.14
CHEMBL293828,177.83,CCCN1CCc2cc(Cl)c(O)cc2[C@@H]1c1ccccc1,Scientific Literature,Binding potency of compound for Dopamine receptor D1 by displacing [3H]SCH-23390 radioligand,B,,,J Med Chem,1989.0,Dopamine D1 receptor,Ki,nM,6.75,301.82,4.4
CHEMBL3220215,33.88,Cc1nc2c(o1)CC(CN1CCC(c3c[nH]c4cc(F)ccc34)CC1)CC2=O,Scientific Literature,Binding affinity to dopamine D1 receptor (unknown origin),B,Homo sapiens,,Medchemcomm,2011.0,Dopamine D1 receptor,Ki,nM,7.47,381.45,4.23
CHEMBL1779059,10000.0,COc1ccc(CCN2C3C4C5CC6C7C5C3C7C2(O)C64)cc1OCCc1ccccc1,Scientific Literature,Displacement of [3H]SCH233930 from human D1 receptor expressed in HEK cells,B,Homo sapiens,,Bioorg Med Chem Lett,2011.0,Dopamine D1 receptor,Ki,nM,,429.56,3.62
CHEMBL5400232,730.0,COc1ccccc1N1CCN(CCCNC(=O)Nc2ccccc2-c2ccccc2)CC1,Scientific Literature,Displacement of [3H]SCH23390 from human dopamine D1 receptor expressed in HEK293T cells assessed as inhibition constant by competition binding assay,B,Homo sapiens,,J Med Chem,2023.0,Dopamine D1 receptor,Ki,nM,6.14,444.58,4.7
CHEMBL30008,1937.0,Fc1ccc(C(c2ccc(F)cc2)N2CCN(C/C=C/c3ccccc3)CC2)cc1,DrugMatrix,DRUGMATRIX: Dopamine D1 radioligand binding (ligand: [3H] SCH-23390),B,,,,,Dopamine D1 receptor,Ki,nM,5.71,404.5,5.39
CHEMBL298406,0.9,CN1CCc2cc(Cl)c(O)cc2[C@H]2c3ccccc3CC[C@@H]21,Scientific Literature,Binding affinity to human dopamine D1 receptor,B,Homo sapiens,,Bioorg Med Chem Lett,2020.0,Dopamine D1 receptor,Ki,nM,9.05,313.83,3.98
CHEMBL2062848,42000.0,CCN(CC)[C@@H]1[C@@H](CO)[C@H]2CN(Cc3ccccc3)[C@H](c3ccccc3)[C@H]21,Scientific Literature,Displacement of [3H]SCH23390 from human D1 receptor expressed in HEK293 cells,B,Homo sapiens,,Eur J Med Chem,2012.0,Dopamine D1 receptor,Ki,nM,4.38,364.53,3.81
CHEMBL2062851,22000.0,OC[C@@H]1[C@@H]2CN(Cc3ccccc3)[C@@H](c3ccccc3)[C@@H]2[C@H]1N1CCCC1,Scientific Literature,Displacement of [3H]SCH23390 from human D1 receptor expressed in HEK293 cells,B,Homo sapiens,,Eur J Med Chem,2012.0,Dopamine D1 receptor,Ki,nM,4.66,362.52,3.56
CHEMBL2062858,100000.0,CCN(CC)[C@@H]1[C@@H](CO)[C@H]2CN(Cc3ccccc3)[C@H](c3ccccn3)[C@H]21,Scientific Literature,Displacement of [3H]SCH23390 from human D1 receptor expressed in HEK293 cells,B,Homo sapiens,,Eur J Med Chem,2012.0,Dopamine D1 receptor,Ki,nM,,365.52,3.2
CHEMBL2057443,74.51,COc1cc2c(c(OC)c1)CN1CCc3cc4c(cc3[C@@H]1C2)OCO4,Scientific Literature,Displacement of [3H]SCH23390 from human dopamine D1 receptor expressed in HEK293 cells,B,Homo sapiens,,Bioorg Med Chem,2012.0,Dopamine D1 receptor,Ki,nM,7.13,339.39,3.09
CHEMBL1672308,3700.0,CN1CCc2cc(OCCF)cc3c2[C@H]1Cc1ccc(O)c(O)c1-3,Scientific Literature,Binding affinity to dopamine D1 receptor low binding site by radioligand displacement assay,B,,,ACS Med Chem Lett,2011.0,Dopamine D1 receptor,Ki,nM,5.43,329.37,3.2
CHEMBL203637,0.46,CN1CCc2ccccc2Cc2ccc(O)c(Cl)c2CC1,Scientific Literature,Inhibition of D1 dopamine receptor in HEK 293 cells by intracellular calcium assay,F,Homo sapiens,,J Med Chem,2006.0,Dopamine D1 receptor,Ki,nM,9.34,301.82,3.67
CHEMBL4099666,20000.0,O=C1CCc2ccc(OCCCCN3CCN(c4ccc(O)c5oc(=O)ccc45)CC3)cc2N1,Scientific Literature,Displacement of [3H]SCH23390 from human D1R expressed in HEK293T cell membranes by radioligand binding assay,B,Homo sapiens,,J Med Chem,2017.0,Dopamine D1 receptor,Ki,nM,,463.53,3.36
CHEMBL5409939,683.0,CCCCCOc1c(O)ccc2c1CN1CCc3cc(OCCC)c(O)cc3[C@@H]1C2,Scientific Literature,Displacement of [3H]SCH-23390 from human dopamine D1 receptor assessed as inhibition constant,B,Homo sapiens,,J Med Chem,2023.0,Dopamine D1 receptor,Ki,nM,6.17,411.54,5.11
CHEMBL5395272,44.0,CCCOc1cc2c(cc1O)[C@@H]1Cc3ccc(O)c(OCC)c3CN1CC2,Scientific Literature,Displacement of [3H]SCH-23390 from human dopamine D1 receptor assessed as inhibition constant,B,Homo sapiens,,J Med Chem,2023.0,Dopamine D1 receptor,Ki,nM,7.36,369.46,3.94
CHEMBL5437148,465.0,CCCCCCOc1cc2c(cc1O)[C@@H]1Cc3ccc(O)c(OCCCCC)c3CN1CC2,Scientific Literature,Displacement of [3H]SCH-23390 from human dopamine D1 receptor assessed as inhibition constant,B,Homo sapiens,,J Med Chem,2023.0,Dopamine D1 receptor,Ki,nM,6.33,453.62,6.28
CHEMBL2057457,28.91,COc1cc2c(cc1O)[C@@H]1Cc3cc(C)cc(C)c3CN1CC2,Scientific Literature,Displacement of [3H]SCH23390 from human dopamine D1 receptor expressed in HEK293 cells,B,Homo sapiens,,Bioorg Med Chem,2012.0,Dopamine D1 receptor,Ki,nM,7.54,309.41,3.67
CHEMBL2057453,35.79,COc1ccc2c(c1)C[C@H]1c3cc(O)c(OC)cc3CCN1C2,Scientific Literature,Displacement of [3H]SCH23390 from human dopamine D1 receptor expressed in HEK293 cells,B,Homo sapiens,,Bioorg Med Chem,2012.0,Dopamine D1 receptor,Ki,nM,7.45,311.38,3.06
CHEMBL2057441,106.45,COc1cc2c(c(OC)c1)CN1CCc3cc(OC)c(OC)cc3[C@@H]1C2,Scientific Literature,Displacement of [3H]SCH23390 from human dopamine D1 receptor expressed in HEK293 cells,B,Homo sapiens,,Bioorg Med Chem,2012.0,Dopamine D1 receptor,Ki,nM,6.97,355.43,3.38
CHEMBL141419,380.0,COc1ccccc1N1CCN(CCCCNC(=O)c2cc3ccccc3[te]2)CC1,Scientific Literature,Binding affinity for porcine Dopamine receptor D1 by [3H]-SCH- 23390 displacement.,B,,,J Med Chem,2002.0,Dopamine D1 receptor,Ki,nM,6.42,519.12,
CHEMBL1672309,5000.0,CCCN1CCc2cc(OCCCF)cc3c2[C@H]1Cc1cccc(O)c1-3,Scientific Literature,Binding affinity to dopamine D1 receptor low binding site by radioligand displacement assay,B,,,ACS Med Chem Lett,2011.0,Dopamine D1 receptor,Ki,nM,,355.45,4.66
CHEMBL598730,2.3,COC(=O)c1cccc2c1CC[C@H]1[C@H]2c2cc(O)c(Cl)cc2CCN1C,Scientific Literature,Displacement of [3H]SCh23390 from dopamine D1 receptor expressed in mouse LTK cells by scintillation counting,B,,,Bioorg Med Chem Lett,2010.0,Dopamine D1 receptor,Ki,nM,8.64,371.86,3.77
CHEMBL599135,0.2,CN1CCc2cc(Cl)c(O)cc2[C@H]2c3cccc(/C=N/OCc4ccccc4)c3CC[C@@H]21,Scientific Literature,Displacement of [3H]SCh23390 from dopamine D1 receptor expressed in mouse LTK cells by scintillation counting,B,,,Bioorg Med Chem Lett,2010.0,Dopamine D1 receptor,Ki,nM,9.7,446.98,5.53
CHEMBL380236,148.0,CN1CCN(C2=Nc3cc(Cl)ccc3N(NC(=O)c3cccc(C(F)(F)F)c3)c3ccccc32)CC1,Scientific Literature,Displacement of [3H]SCH 23390 from dopamine D1 receptor expressed in CHO cells,B,Homo sapiens,,Bioorg Med Chem Lett,2006.0,Dopamine D1 receptor,Ki,nM,6.83,513.95,5.48
CHEMBL377452,71.0,Cc1ccccc1S(=O)(=O)N1c2ccc(Cl)cc2N=C(N2CCN(C)CC2)c2ccccc21,Scientific Literature,Displacement of [3H]SCH 23390 from dopamine D1 receptor expressed in CHO cells,B,Homo sapiens,,Bioorg Med Chem Lett,2006.0,Dopamine D1 receptor,Ki,nM,7.15,481.02,4.81
CHEMBL212186,62.0,CN1CCN(C2=Nc3cc(Cl)ccc3N(NC(=O)c3ccccc3NC3CCCCC3)c3ccccc32)CC1,Scientific Literature,Displacement of [3H]SCH 23390 from human dopamine D1 receptor expressed in CHO cells,B,Homo sapiens,,Bioorg Med Chem Lett,2006.0,Dopamine D1 receptor,Ki,nM,7.21,543.12,6.21
CHEMBL213083,47.0,CN1CCN(C2=Nc3cc(Cl)ccc3N(NC(=O)c3cccc(F)c3)c3ccccc32)CC1,Scientific Literature,Displacement of [3H]SCH 23390 from human dopamine D1 receptor expressed in CHO cells,B,Homo sapiens,,Bioorg Med Chem Lett,2006.0,Dopamine D1 receptor,Ki,nM,7.33,463.94,4.6
CHEMBL595720,10000.0,CN1CCc2cc(O)ccc2CCc2ccccc2C1,Scientific Literature,Displacement of [3H]SCH23390 from human dopamine D1 receptor expressed in CHO cells by scintillation counting,B,Homo sapiens,,Bioorg Med Chem,2009.0,Dopamine D1 receptor,Ki,nM,,267.37,3.17
CHEMBL603542,10000.0,CCCN1CCc2cccc3c2[C@H]1Cc1c(CC=C(C)C)ccc(O)c1-3,Scientific Literature,Displacement of [3H]SCH23390 from dopamine D1 receptor expressed in HEK293 cells by liquid scintillation counting,B,,,J Med Chem,2010.0,Dopamine D1 receptor,Ki,nM,,347.5,5.43
CHEMBL596865,10000.0,C=CCc1ccc2c(c1O)-c1cccc3c1[C@@H](C2)N(CCC)CC3,Scientific Literature,Displacement of [3H]SCH23390 from dopamine D1 receptor expressed in HEK293 cells by liquid scintillation counting,B,,,J Med Chem,2010.0,Dopamine D1 receptor,Ki,nM,,319.45,4.65
CHEMBL600987,1.5,CCNC(=O)Nc1ccc2c(c1)CC[C@H]1[C@H]2c2cc(O)c(Cl)cc2CCN1C,Scientific Literature,Binding affinity to dopamine D1 receptor,B,,,Bioorg Med Chem Lett,2010.0,Dopamine D1 receptor,Ki,nM,8.82,399.92,4.12
CHEMBL598915,38.0,CN1CCc2cc(Cl)c(O)cc2[C@H]2c3cccc(C(=O)O)c3CC[C@@H]21,Scientific Literature,Displacement of [3H]SCh23390 from dopamine D1 receptor expressed in mouse LTK cells by scintillation counting,B,,,Bioorg Med Chem Lett,2010.0,Dopamine D1 receptor,Ki,nM,7.42,357.84,3.68
CHEMBL597900,0.9,CN1CCc2cc(Cl)c(O)cc2[C@H]2c3cccc(-c4cccs4)c3CC[C@@H]21,Scientific Literature,Displacement of [3H]SCh23390 from dopamine D1 receptor expressed in mouse LTK cells by scintillation counting,B,,,Bioorg Med Chem Lett,2010.0,Dopamine D1 receptor,Ki,nM,9.05,395.95,5.71
CHEMBL2397381,168.0,CN1CCc2ccc(Cc3ccccc3)c3c2[C@H]1Cc1ccc(O)c(O)c1-3.Cl,Scientific Literature,Displacement of [3H]SCH23390 from human dopamine D1 receptor expressed in HEK293 cells by scintillation counting analysis,B,Homo sapiens,,Bioorg Med Chem,2013.0,Dopamine D1 receptor,Ki,nM,6.78,393.91,4.44
CHEMBL2397380,187.0,Cc1ccc2c3c1-c1c(ccc(O)c1O)C[C@H]3N(C)CC2.Cl,Scientific Literature,Displacement of [3H]SCH23390 from human dopamine D1 receptor expressed in HEK293 cells by scintillation counting analysis,B,Homo sapiens,,Bioorg Med Chem,2013.0,Dopamine D1 receptor,Ki,nM,6.73,317.82,3.16
CHEMBL597503,0.6,CN1CCc2cc(Cl)c(O)cc2[C@H]2c3cccc(-c4ccc5[nH]ccc5c4)c3CC[C@@H]21,Scientific Literature,Displacement of [3H]SCh23390 from dopamine D1 receptor expressed in mouse LTK cells by scintillation counting,B,,,Bioorg Med Chem Lett,2010.0,Dopamine D1 receptor,Ki,nM,9.22,428.96,6.13
CHEMBL564909,31.0,CCN1CCc2cc(-c3ccccc3)cc3c2[C@H]1Cc1ccc(O)c(O)c1-3.Cl,Scientific Literature,Displacement of [3H]SCH23390 from dopamine D1 receptor expressed in Ltk deficient fibroblast cells by liquid scintillation counting,B,,,Bioorg Med Chem,2009.0,Dopamine D1 receptor,Ki,nM,7.51,393.91,4.91
CHEMBL534678,48.0,C=CCN1CCc2ccc(O)cc2C(c2ccccc2)C1.Cl,Scientific Literature,Inhibition of [3H]-SCH- 23390 binding to Dopamine receptor D1 from canine striatum,B,Canis lupus familiaris,,J Med Chem,1992.0,Dopamine D1 receptor,Ki,nM,7.32,315.84,3.57
CHEMBL582945,144.0,COc1ccccc1N1CCN(CCCn2cc(CCCCN3CCc4cc(O)c(O)cc4C(c4cccc(C)c4)C3)nn2)CC1,Scientific Literature,Displacement of [3H]SCH23390 from dopamine D1 receptor expressed in HEK293 cells by liquid scintillation counting,B,,,Bioorg Med Chem,2009.0,Dopamine D1 receptor,Ki,nM,6.84,624.83,5.23
CHEMBL545000,8.8,CN1CCc2cc(O)c(O)cc2C(c2ccccc2)C1.Cl,Scientific Literature,The compound was evaluated for the dissociation constant for inhibiting the binding of [3H]-SCH- 23390 at dopamine receptor D1,B,Canis lupus familiaris,,J Med Chem,1991.0,Dopamine D1 receptor,Ki,nM,8.06,305.8,2.72
CHEMBL300647,0.3,CN(C)C1C=CC2(CC1)c1ccccc1C=Cc1ccc(Cl)cc12,Scientific Literature,Binding affinity determined in radioreceptor binding assay by using [3H]SCH-23390 radioligand against dopamine receptor D1,B,,,J Med Chem,1991.0,Dopamine D1 receptor,Ki,nM,9.52,335.88,5.39
CHEMBL64117,26.92,CN1CCc2cc(Cl)c(O)cc2[C@@H]1Cc1ccccc1,Scientific Literature,Binding potency of compound for Dopamine receptor D1 by displacing [3H]SCH-23390 radioligand,B,,,J Med Chem,1989.0,Dopamine D1 receptor,Ki,nM,7.57,287.79,3.82
CHEMBL2298813,1000.0,c1ccc(N2CCN(CCCc3ccc4nc[nH]c4c3)CC2)cc1,Scientific Literature,Binding affinity to dopamine D1 receptor (unknown origin),B,Homo sapiens,,Med Chem Res,2013.0,Dopamine D1 receptor,Ki,nM,,320.44,3.32
CHEMBL3799593,430.0,COc1ccccc1OCCNC[C@@H](O)c1ccc(O)c(O)c1,Scientific Literature,Displacement of [3H]SCH23390 from human D1 receptor expressed in HEK293 cells,B,Homo sapiens,,Bioorg Med Chem,2016.0,Dopamine D1 receptor,Ki,nM,6.37,319.36,1.81
CHEMBL3798748,4500.0,COc1cc(CCNC[C@H](O)c2ccc(O)c3c2OCC(=O)N3)ccc1OCCCc1ccccc1,Scientific Literature,Displacement of [3H]SCH23390 from human D1 receptor expressed in HEK293 cells,B,Homo sapiens,,Bioorg Med Chem,2016.0,Dopamine D1 receptor,Ki,nM,5.35,492.57,3.61
CHEMBL1794855,10000.0,CCN(C)C1CCCc2ccncc21.O=C(O)/C=C\C(=O)O.O=C(O)/C=C\C(=O)O,Scientific Literature,Affinity towards human Dopamine receptor D1,B,Homo sapiens,,Bioorg Med Chem Lett,2004.0,Dopamine D1 receptor,Ki,nM,,422.43,2.41
CHEMBL597100,0.9,CN1CCc2cc(Cl)c(O)cc2[C@H]2c3cccc(-c4cc(F)cc(F)c4)c3CC[C@@H]21,Scientific Literature,Displacement of [3H]SCh23390 from dopamine D1 receptor expressed in mouse LTK cells by scintillation counting,B,,,Bioorg Med Chem Lett,2010.0,Dopamine D1 receptor,Ki,nM,9.05,425.91,5.93
CHEMBL599116,2.0,CN1CCc2cc(Cl)c(O)cc2[C@H]2c3cccc(CO)c3CC[C@@H]21,Scientific Literature,Displacement of [3H]SCh23390 from dopamine D1 receptor expressed in mouse LTK cells by scintillation counting,B,,,Bioorg Med Chem Lett,2010.0,Dopamine D1 receptor,Ki,nM,8.7,343.85,3.47
CHEMBL291143,21.0,NC[C@@H]1O[C@H](C23CC4CC(CC(C4)C2)C3)Cc2c1ccc(O)c2O,Scientific Literature,Binding affinity against cloned human Dopamine receptor D1 using [125I]-SCH 23982 as radioligand transfected in HEK cells,B,,,J Med Chem,1995.0,Dopamine D1 receptor,Ki,nM,7.68,329.44,3.26
CHEMBL1672307,5000.0,CN1CCc2cc(OCCCF)cc3c2[C@H]1Cc1ccc(O)c(O)c1-3,Scientific Literature,Binding affinity to dopamine D1 receptor low binding site by radioligand displacement assay,B,,,ACS Med Chem Lett,2011.0,Dopamine D1 receptor,Ki,nM,,343.4,3.59
CHEMBL1802234,2200.0,CN1CCc2cc(Sc3ccccc3)cc3c2[C@H]1Cc1ccc(O)c(O)c1-3.Cl,Scientific Literature,Displacement of [3H]SCH23390 from human D1 dopamine receptor expressed in Ltk fibroblast cells after 60 mins by liquid scintillation counter,B,Homo sapiens,,Eur J Med Chem,2011.0,Dopamine D1 receptor,Ki,nM,5.66,411.95,5.0
CHEMBL2420781,10000.0,CCOc1ccccc1N1CCN(Cc2cccc3ccccc23)CC1,Scientific Literature,Displacement of [3H]SCH23390 from human dopamine D1 receptor,B,Homo sapiens,,Bioorg Med Chem Lett,2013.0,Dopamine D1 receptor,Ki,nM,,346.47,4.56
CHEMBL2420779,10000.0,CCOc1ccccc1N1CCN(Cc2cccnc2)CC1,Scientific Literature,Displacement of [3H]SCH23390 from human dopamine D1 receptor,B,Homo sapiens,,Bioorg Med Chem Lett,2013.0,Dopamine D1 receptor,Ki,nM,,297.4,2.8
CHEMBL113527,3700.0,CCCN(CCc1ccc(Nc2ccc([N+](=O)[O-])c3nonc23)cc1)[C@@H]1CCc2c(O)cccc2C1,Scientific Literature,Binding affinity against dopamine receptor D1 by using [3H]-SCH- 23390 as radioligand in caudate-putamen of monkey,B,Cercopithecidae,Caudate-putamen,J Med Chem,1991.0,Dopamine D1 receptor,Ki,nM,5.43,487.56,5.39
CHEMBL2092940,270.0,CCCN(CCc1ccc(C)cc1)[C@H]1CCc2c(O)cccc2C1,Scientific Literature,Binding affinity against dopamine receptor D1 by using [3H]-SCH- 23390 as radioligand in caudate-putamen of monkey,B,Cercopithecidae,Caudate-putamen,J Med Chem,1991.0,Dopamine D1 receptor,Ki,nM,6.57,323.48,4.51
CHEMBL543704,1.2,C=CCN1CCc2cc(Cl)c(O)cc2C(c2ccccc2)C1.Cl,Scientific Literature,Inhibition of [3H]-SCH- 23390 binding to Dopamine receptor D1 from canine striatum,B,Canis lupus familiaris,,J Med Chem,1992.0,Dopamine D1 receptor,Ki,nM,8.92,350.29,4.22
CHEMBL213336,3.0,Cc1cccc(C)c1C(=O)NN1c2ccc(Cl)cc2N=C(N2CCN(C)CC2)c2ccccc21,Scientific Literature,Displacement of [3H]SCH 23390 from dopamine D1 receptor expressed in CHO cells,B,Homo sapiens,,Bioorg Med Chem Lett,2006.0,Dopamine D1 receptor,Ki,nM,8.52,474.01,5.08
CHEMBL2057438,182.41,COc1cc(OC)c2c(c1CO)C[C@H]1c3cc4c(cc3CCN1C2)OCO4,Scientific Literature,Displacement of [3H]SCH23390 from human dopamine D1 receptor expressed in HEK293 cells,B,Homo sapiens,,Bioorg Med Chem,2012.0,Dopamine D1 receptor,Ki,nM,6.74,369.42,2.58
CHEMBL3894329,9.7,CCC(C)Oc1c(O)cc(Br)c2c1CN1CCc3cc(OC)c(O)cc3[C@@H]1C2,Scientific Literature,Displacement of [3H]SCH23390 from human D1 receptor expressed in HEKT cell membranes after 90 mins by microbeta scintillation counting method,B,Homo sapiens,,Eur J Med Chem,2017.0,Dopamine D1 receptor,Ki,nM,8.01,448.36,4.7
CHEMBL3975220,11.0,CCCCOc1c(O)ccc2c1CN1CCc3cc(OC)c(O)cc3[C@@H]1C2,Scientific Literature,Displacement of [3H]SCH23390 from human D1 receptor expressed in HEKT cell membranes after 90 mins by microbeta scintillation counting method,B,Homo sapiens,,Eur J Med Chem,2017.0,Dopamine D1 receptor,Ki,nM,7.96,369.46,3.94
CHEMBL3982215,7.7,COCCOc1c(O)ccc2c1CN1CCc3cc(OC)c(O)cc3[C@@H]1C2,Scientific Literature,Displacement of [3H]SCH23390 from human D1 receptor expressed in HEKT cell membranes after 90 mins by microbeta scintillation counting method,B,Homo sapiens,,Eur J Med Chem,2017.0,Dopamine D1 receptor,Ki,nM,8.11,371.43,2.79
CHEMBL593897,136.0,Oc1ccc2c(c1)CCN1Cc3ccccc3CC21,Scientific Literature,Displacement of [3H]SCH23390 from human dopamine D1 receptor expressed in CHO cells by scintillation counting,B,Homo sapiens,,Bioorg Med Chem,2009.0,Dopamine D1 receptor,Ki,nM,6.87,251.33,3.05
CHEMBL3409256,1000.0,NC(=O)c1ccccc1OCCCN1CCN(c2cccc3c2ccn3S(=O)(=O)c2ccccc2)CC1,Scientific Literature,Displacement of [3H]SCH23390 from human dopamine D1 receptor expressed in CHO cells,B,Homo sapiens,,Eur J Med Chem,2015.0,Dopamine D1 receptor,Ki,nM,,518.64,3.57
CHEMBL380330,28.5,COc1ccc2c(c1)CCN(C)CCc1ccccc1C2,Scientific Literature,Displacement of [3H]SCH 23390 from human cloned dopamine D1 receptor expressed in HEK 293 cells,B,Homo sapiens,,Bioorg Med Chem Lett,2007.0,Dopamine D1 receptor,Ki,nM,7.54,281.4,3.32
CHEMBL1802236,150.0,CN1CCc2cc(SCCC(=O)O)cc3c2[C@H]1Cc1ccc(O)c(O)c1-3.Cl,Scientific Literature,Displacement of [3H]SCH23390 from human D1 dopamine receptor expressed in Ltk fibroblast cells after 60 mins by liquid scintillation counter,B,Homo sapiens,,Eur J Med Chem,2011.0,Dopamine D1 receptor,Ki,nM,6.82,407.92,3.42
CHEMBL4064186,1500.0,O=C1CCc2ccc(OCCCCN3CCN(c4ccc(O)c5ncccc45)CC3)cc2N1,Scientific Literature,Displacement of [3H]SCH23390 from human D1R expressed in HEK293T cell membranes by radioligand binding assay,B,Homo sapiens,,J Med Chem,2017.0,Dopamine D1 receptor,Ki,nM,5.82,446.55,3.81
CHEMBL4064742,2700.0,O=C1CCc2ccc(OCCCCN3CCCN(c4ccc(O)c5c4OCC(=O)N5)CC3)cc2N1,Scientific Literature,Displacement of [3H]SCH23390 from human D1R expressed in HEK293T cell membranes by radioligand binding assay,B,Homo sapiens,,J Med Chem,2017.0,Dopamine D1 receptor,Ki,nM,5.57,480.57,2.98
CHEMBL4068561,20000.0,O=c1ccc2c(N3CCN(CCCCOc4ccn5ncc(/C=N/O)c5c4)CC3)ccc(O)c2[nH]1,Scientific Literature,Displacement of [3H]SCH23390 from human D1R expressed in HEK293T cell membranes,B,Homo sapiens,,Bioorg Med Chem,2017.0,Dopamine D1 receptor,Ki,nM,,476.54,2.67
CHEMBL284959,280.0,Cc1cc2c(nc1C)CN[C@@H]1CCc3cc(O)c(O)cc3[C@@H]21,Scientific Literature,Binding affinity to Dopamine receptor D1 by using radioligand [125I]SCH-23982 in HEK cells,B,,,Bioorg Med Chem Lett,1999.0,Dopamine D1 receptor,Ki,nM,6.55,296.37,2.66
CHEMBL2037431,1897.0,Clc1ccc(N2CCN(CCCCc3nc4ccccc4s3)CC2)cc1,Scientific Literature,Displacement of [3H]SCH23390 from human dopamine D1 receptor by PDSP assay,B,Homo sapiens,,Bioorg Med Chem,2014.0,Dopamine D1 receptor,Ki,nM,5.72,385.96,5.09
CHEMBL2037430,1273.0,Clc1ccc(N2CCN(CCCc3nc4ccccc4s3)CC2)cc1,Scientific Literature,Displacement of [3H]SCH23390 from human dopamine D1 receptor by PDSP assay,B,Homo sapiens,,Bioorg Med Chem,2014.0,Dopamine D1 receptor,Ki,nM,5.89,371.94,4.7
CHEMBL2062849,22000.0,CCN(CC)[C@H]1[C@H](CO)[C@@H]2CN(Cc3ccccc3)[C@@H](c3ccccc3)[C@@H]21,Scientific Literature,Displacement of [3H]SCH23390 from human D1 receptor expressed in HEK293 cells,B,Homo sapiens,,Eur J Med Chem,2012.0,Dopamine D1 receptor,Ki,nM,4.66,364.53,3.81
CHEMBL2062853,100000.0,CCN(CC)[C@H]1[C@H](CO)[C@@H]2CN(Cc3ccccc3)[C@@H](C)[C@@H]21,Scientific Literature,Displacement of [3H]SCH23390 from human D1 receptor expressed in HEK293 cells,B,Homo sapiens,,Eur J Med Chem,2012.0,Dopamine D1 receptor,Ki,nM,,302.46,2.46
CHEMBL4848380,520.0,O=CN1CCC(c2ccc(-c3cc(C(=O)O)cc4cc(-c5ccc(C(F)(F)F)cc5)ccc34)cc2)CC1,Scientific Literature,Binding affinity to D1 receptor (unknown origin),B,Homo sapiens,,J Med Chem,2021.0,Dopamine D1 receptor,Ki,nM,6.28,503.52,7.23
CHEMBL139722,1200.0,COc1ccccc1N1CCN(CCNC(=O)c2cc3ccccn3n2)CC1,Scientific Literature,Binding affinity for porcine Dopamine receptor D1 by [3H]-SCH- 23390 displacement.,B,,,J Med Chem,2002.0,Dopamine D1 receptor,Ki,nM,5.92,379.46,1.89
CHEMBL604316,2.6,CN1CCc2cc(Cl)c(O)cc2[C@H]2c3cccc(C=O)c3CC[C@@H]21,Scientific Literature,Displacement of [3H]SCh23390 from dopamine D1 receptor expressed in mouse LTK cells by scintillation counting,B,,,Bioorg Med Chem Lett,2010.0,Dopamine D1 receptor,Ki,nM,8.59,341.84,3.79
CHEMBL605354,1.0,CN1CCc2cc(Cl)c(O)cc2[C@H]2c3cccc(/C=N/Oc4ccccc4)c3CC[C@@H]21,Scientific Literature,Displacement of [3H]SCh23390 from dopamine D1 receptor expressed in mouse LTK cells by scintillation counting,B,,,Bioorg Med Chem Lett,2010.0,Dopamine D1 receptor,Ki,nM,9.0,432.95,5.39
CHEMBL598105,0.6,CN1CCc2cc(Cl)c(O)cc2[C@H]2c3cccc(-c4cccc(C#N)c4)c3CC[C@@H]21,Scientific Literature,Displacement of [3H]SCh23390 from dopamine D1 receptor expressed in mouse LTK cells by scintillation counting,B,,,Bioorg Med Chem Lett,2010.0,Dopamine D1 receptor,Ki,nM,9.22,414.94,5.52
CHEMBL146556,3000.0,c1ccc2c(c1)CC(CN1CCN(c3ccc4c(c3)OCCO4)CC1)C2,Scientific Literature,Inhibition of human dopamine D1 receptor,B,Homo sapiens,,J Med Chem,2017.0,Dopamine D1 receptor,Ki,nM,,350.46,2.99
CHEMBL4862770,10000.0,COc1ccc(Cl)cc1[C@H]1C[C@@H]1CNCCCCOc1ccc2c(c1)NC(=O)CC2,Scientific Literature,Displacement of [3H]-SCH23390 from D1 receptor (unknown origin) expressed in HEK293T cell membranes measured after 2 hrs by microbeta scintillation counting method,B,Homo sapiens,,J Med Chem,2021.0,Dopamine D1 receptor,Ki,nM,,428.96,4.79
CHEMBL441618,2.951,CN1CCc2ccccc2Cc2[nH]c3ccccc3c2CC1,Scientific Literature,Displacement of [3H]-SCH23390 from D1 receptor (unknown origin) expressed in HEK293T cell membranes measured after 2 hrs by microbeta scintillation counting method,B,Homo sapiens,,J Med Chem,2021.0,Dopamine D1 receptor,Ki,nM,8.53,290.41,3.79
CHEMBL1098230,1000.0,CC(C)(C)c1ccc(SCCc2c[nH]cn2)cc1,Scientific Literature,Inhibition of dopamine D1 receptor,B,,,J Med Chem,2010.0,Dopamine D1 receptor,Ki,nM,,260.41,4.04
CHEMBL4757297,2.0,COc1ccc2c(c1)C(C1=C[C@H](C)N(C)CC1)=Nc1cc(Cl)ccc1N2,Scientific Literature,Binding affinity to human dopamine D1 receptor,B,Homo sapiens,,Bioorg Med Chem Lett,2020.0,Dopamine D1 receptor,Ki,nM,8.7,367.88,5.18
CHEMBL3344457,61.75,CCCc1cc2c(s1)C[C@H]1c3cc(O)c(OC)cc3CCN1C2,Scientific Literature,Displacement of [3H]SCH23390 from D1 receptor (unknown origin) transfected in HEK293T cells after 50 mins by liquid scintillation counting analysis,B,Homo sapiens,,Bioorg Med Chem,2014.0,Dopamine D1 receptor,Ki,nM,7.21,329.47,4.07
CHEMBL3325907,292.0,Cc1ccccc1CNc1cc2c(cc1O)C(c1ccccc1)CN(C)CC2,Scientific Literature,Displacement of [3H]SCH23390 from human dopamine D1 receptor expressed in HEK293 cell membranes by liquid scintillation counting based competition binding assay,B,Homo sapiens,,Eur J Med Chem,2014.0,Dopamine D1 receptor,Ki,nM,6.54,372.51,4.93
CHEMBL3325920,583.0,CN1CCc2ccc(N)cc2C(c2ccccc2)C1,Scientific Literature,Displacement of [3H]SCH23390 from human dopamine D1 receptor expressed in HEK293 cell membranes by liquid scintillation counting based competition binding assay,B,Homo sapiens,,Eur J Med Chem,2014.0,Dopamine D1 receptor,Ki,nM,6.23,252.36,2.89
CHEMBL3289642,645.65,O=C1c2ccc(F)cc2CC1CCN1CCN(c2ccc(Cl)cc2)CC1,Scientific Literature,Displacement of [3H]SCH23390 from human dopamine D1 receptor by PDSP assay,B,Homo sapiens,,Bioorg Med Chem,2014.0,Dopamine D1 receptor,Ki,nM,6.19,372.87,4.05
CHEMBL3289644,837.0,Fc1ccc2c(c1)CC(CCN1CCN(c3ccc(Cl)cc3)CC1)C2,Scientific Literature,Displacement of [3H]SCH23390 from human dopamine D1 receptor by PDSP assay,B,Homo sapiens,,Bioorg Med Chem,2014.0,Dopamine D1 receptor,Ki,nM,6.08,358.89,4.41
CHEMBL381912,10000.0,c1ccc(C2CCCC3c4[nH]c5ccccc5c4CCN23)cc1,Scientific Literature,Inhibition of binding to human D1 receptor expressed in HEK 293 cells by functional calcium assay,F,Homo sapiens,,J Med Chem,2006.0,Dopamine D1 receptor,Ki,nM,,302.42,4.99
CHEMBL574595,501.0,COc1ccccc1N1CCN(CCCn2cc(CCCN3CCc4cc(O)c(O)cc4C(c4ccccc4C)C3)nn2)CC1,Scientific Literature,Displacement of [3H]SCH23390 from dopamine D1 receptor expressed in HEK293 cells by liquid scintillation counting,B,,,Bioorg Med Chem,2009.0,Dopamine D1 receptor,Ki,nM,6.3,610.8,4.84
CHEMBL4753299,780.0,C[C@@H]1C=C(C2=Nc3cc(Cl)ccc3Nc3ccccc32)CCN1C,Scientific Literature,Binding affinity to human dopamine D1 receptor,B,Homo sapiens,,Bioorg Med Chem Lett,2020.0,Dopamine D1 receptor,Ki,nM,6.11,337.85,5.17
CHEMBL3622099,250.0,CCCN(CCN1CCN(CCc2c[nH]c3ccccc23)CC1)c1ccc(Br)cc1,Scientific Literature,Displacement of [3H]SCH23390 from human dopamine D1 receptor expressed in HEK cells,B,Homo sapiens,,ACS Med Chem Lett,2015.0,Dopamine D1 receptor,Ki,nM,6.6,469.47,5.01
CHEMBL3622097,480.0,Brc1ccc(NCCN2CCN(CCc3c[nH]c4ccccc34)CC2)cc1,Scientific Literature,Displacement of [3H]SCH23390 from human dopamine D1 receptor expressed in HEK cells,B,Homo sapiens,,ACS Med Chem Lett,2015.0,Dopamine D1 receptor,Ki,nM,6.32,427.39,4.2
CHEMBL202924,509.0,COc1cc2c(cc1OC)Cc1ccccc1CCN(C)CC2,Scientific Literature,Inhibition of binding to human D1 receptor expressed in HEK 293 cells by radioligand binding assay,B,Homo sapiens,,J Med Chem,2006.0,Dopamine D1 receptor,Ki,nM,6.29,311.43,3.33
CHEMBL201584,742.0,CN1CCc2c([nH]c3ccccc23)CC(c2ccccc2)CC1,Scientific Literature,Inhibition of binding to human D1 receptor expressed in HEK 293 cells by functional calcium assay,F,Homo sapiens,,J Med Chem,2006.0,Dopamine D1 receptor,Ki,nM,6.13,304.44,4.37
CHEMBL2031737,10000.0,C[C@@H]1CCCN1CCc1cc2cc(C(=O)c3ccc([N+](=O)[O-])cc3)ccc2o1,Scientific Literature,Binding affinity to human recombinant Dopamine D1 receptor,B,Homo sapiens,,J Med Chem,2012.0,Dopamine D1 receptor,Ki,nM,,378.43,4.6
CHEMBL2062850,40800.0,OC[C@H]1[C@H]2CN(Cc3ccccc3)[C@H](c3ccccc3)[C@H]2[C@@H]1N1CCCC1,Scientific Literature,Displacement of [3H]SCH23390 from human D1 receptor expressed in HEK293 cells,B,Homo sapiens,,Eur J Med Chem,2012.0,Dopamine D1 receptor,Ki,nM,4.39,362.52,3.56
CHEMBL54,25.0,O=C(CCCN1CCC(O)(c2ccc(Cl)cc2)CC1)c1ccc(F)cc1,Scientific Literature,Displacement of [3H]SCH233930 from human D1 receptor expressed in HEK cells,B,Homo sapiens,,Bioorg Med Chem Lett,2011.0,Dopamine D1 receptor,Ki,nM,7.6,375.87,4.43
CHEMBL4216870,7600.0,NCCCCCCn1cc(CCCCN2CCC(c3ccc(-c4cc(C(=O)O)cc5cc(-c6ccc(C(F)(F)F)cc6)ccc45)cc3)CC2)nn1,Scientific Literature,Displacement of [3H]SCH23390 from human dopamine D1 receptor expressed in HEK293T cell membranes after 90 mins by scintillation counting method,B,Homo sapiens,,J Med Chem,2018.0,Dopamine D1 receptor,Ki,nM,5.12,697.85,9.2
CHEMBL3325911,1000.0,CN1CCc2cc(-n3cccc3)c(O)cc2C(c2ccccc2)C1,Scientific Literature,Displacement of [3H]SCH23390 from human dopamine D1 receptor expressed in HEK293 cell membranes by liquid scintillation counting based competition binding assay,B,Homo sapiens,,Eur J Med Chem,2014.0,Dopamine D1 receptor,Ki,nM,,318.42,3.8
CHEMBL4779001,51.0,C[C@H]1C=C(C2=Nc3cc(Cl)ccc3Nc3ccccc32)CCN1C,Scientific Literature,Binding affinity to human dopamine D1 receptor,B,Homo sapiens,,Bioorg Med Chem Lett,2020.0,Dopamine D1 receptor,Ki,nM,7.29,337.85,5.17
CHEMBL4758966,3.7,CCOc1ccc2c(c1)C(C1=C[C@H](C)N(C)CC1)=Nc1cc(Cl)ccc1N2,Scientific Literature,Binding affinity to human dopamine D1 receptor,B,Homo sapiens,,Bioorg Med Chem Lett,2020.0,Dopamine D1 receptor,Ki,nM,8.43,381.91,5.57
CHEMBL4745489,2.0,C[C@H]1C=C(C2=Nc3cc(Cl)ccc3Nc3ccc(OC(F)(F)F)cc32)CCN1C,Scientific Literature,Binding affinity to human dopamine D1 receptor,B,Homo sapiens,,Bioorg Med Chem Lett,2020.0,Dopamine D1 receptor,Ki,nM,8.7,421.85,6.07
CHEMBL4742056,1.1,C[C@H]1C=C(C2=Nc3cc(Cl)ccc3Nc3ccc(C#N)cc32)CCN1C,Scientific Literature,Binding affinity to human dopamine D1 receptor,B,Homo sapiens,,Bioorg Med Chem Lett,2020.0,Dopamine D1 receptor,Ki,nM,8.96,362.86,5.04
CHEMBL4756987,4.0,CCc1ccc2c(c1)C(C1=C[C@H](C)N(C)CC1)=Nc1ccccc1N2,Scientific Literature,Binding affinity to human dopamine D1 receptor,B,Homo sapiens,,Bioorg Med Chem Lett,2020.0,Dopamine D1 receptor,Ki,nM,8.4,331.46,5.08
CHEMBL1256876,9.257,Cl.NC[C@@H]1O[C@H](C23CC4CC(CC(C4)C2)C3)Cc2c1ccc(O)c2O,EUbOPEN Chemogenomic Library,"PDSP Secondary Binding target: DRD1 - Compounds are tested at 10 uM concentration, plate are incubated at room temperature in the dark for 90 minutes. Reaction are stopped by vacuum filtration onto 0.3% polyethyleneimine soaked filter mats using Filtermate harvester. Scintillation cocktail is then melted onto microwave-dried filters on a hot plate and the radio activity is counted in Microbia counter. Compounds showing a minimum of 50% inhibition at 10 uM concentration are carried forward in this secondary binding assay to determine equilibrium binding affinity.",B,Homo sapiens,,,2024.0,Dopamine D1 receptor,Ki,nM,8.03,365.9,3.26
CHEMBL3321790,347.0,OC1(c2ccc(Cl)cc2)CC2CCC(C1)N2CCCSc1ccc(F)cc1,Scientific Literature,Displacement of [3H]SCH23390 from human dopamine D1 receptor by liquid scintillation counting,B,Homo sapiens,,Bioorg Med Chem Lett,2014.0,Dopamine D1 receptor,Ki,nM,6.46,405.97,5.48
CHEMBL3115578,3960.0,O=C(O)C(=O)O.Oc1ccc2c(c1)O[C@@H](CNCCN1CCN(c3ccc(I)cc3)CC1)CC2,Scientific Literature,Displacement of [3H]SCH23390 from human dopamine D1 receptor transfected in HEK293 cells after 2 hrs by scintillation counting analysis,B,Homo sapiens,,J Med Chem,2014.0,Dopamine D1 receptor,Ki,nM,5.4,583.42,3.1
CHEMBL3115574,8128.31,O=C(O)C(=O)O.Oc1ccc2c(c1)O[C@@H](CNCc1ccc(I)cc1)CC2,Scientific Literature,Displacement of [3H]SCH23390 from human dopamine D1 receptor transfected in HEK293 cells after 2 hrs by scintillation counting analysis,B,Homo sapiens,,J Med Chem,2014.0,Dopamine D1 receptor,Ki,nM,5.09,485.27,3.48
CHEMBL231374,137.0,COc1ccc2c(c1)Cc1ccccc1CCCN(C)CC2,Scientific Literature,Displacement of [3H]SCH 23390 from human dopamine D1 receptor,B,Homo sapiens,,J Med Chem,2007.0,Dopamine D1 receptor,Ki,nM,6.86,295.43,3.71
CHEMBL1940411,135.0,Fc1ccc(OCCCN2CCN(c3ccc(Cl)cc3)CC2)cc1,Scientific Literature,Displacement of [3H]SCH23390 from human dopamine D1 receptor by PDSP assay,B,Homo sapiens,,Bioorg Med Chem,2014.0,Dopamine D1 receptor,Ki,nM,6.87,348.85,4.07
CHEMBL3286429,1172.0,Clc1ccc(N2CCN(CCCc3nc4ccccc4o3)CC2)cc1,Scientific Literature,Displacement of [3H]SCH23390 from human dopamine D1 receptor by PDSP assay,B,Homo sapiens,,Bioorg Med Chem,2014.0,Dopamine D1 receptor,Ki,nM,5.93,355.87,4.24
CHEMBL1235966,22.0,COc1cc2c(cc1O)[C@@H]1Cc3ccc(OC)c(O)c3CN1CC2,Scientific Literature,Displacement of [3H]SCH23390 from dopamine D1 receptor (unknown origin) expressed in human HEK293 cells by liquid scintillation counter,B,Homo sapiens,,Bioorg Med Chem,2013.0,Dopamine D1 receptor,Ki,nM,7.66,327.38,2.77
CHEMBL13668,1.2,CN1CCc2cc(Cl)c(O)cc2C(c2ccccc2)C1,Scientific Literature,Displacement of [3H]SCH23390 from dopamine D1 receptor (unknown origin) expressed in human HEK293 cells by liquid scintillation counter,B,Homo sapiens,,Bioorg Med Chem,2013.0,Dopamine D1 receptor,Ki,nM,8.92,287.79,3.67
CHEMBL531,339.0,CCCN1C[C@H](CSC)C[C@@H]2c3cccc4[nH]cc(c34)C[C@H]21,DrugMatrix,DRUGMATRIX: Dopamine D1 radioligand binding (ligand: [3H] SCH-23390),B,,,,,Dopamine D1 receptor,Ki,nM,6.47,314.5,4.27
CHEMBL186720,343.0,CN(C)CCOc1ccccc1Cc1ccccc1,Scientific Literature,Binding affinity for human recombinant dopamine receptor D1,B,Homo sapiens,,J Med Chem,2004.0,Dopamine D1 receptor,Ki,nM,6.46,255.36,3.22
CHEMBL3344470,718.74,COc1cc2c(cc1O)[C@@H]1Cc3sc(CCCCCl)cc3CN1CC2,Scientific Literature,Displacement of [3H]SCH23390 from D1 receptor (unknown origin) transfected in HEK293T cells after 50 mins by liquid scintillation counting analysis,B,Homo sapiens,,Bioorg Med Chem,2014.0,Dopamine D1 receptor,Ki,nM,6.14,377.94,4.68
CHEMBL564,1232.0,CN(C)CCCN1c2ccccc2Sc2ccccc21,DrugMatrix,DRUGMATRIX: Dopamine D1 radioligand binding (ligand: [3H] SCH-23390),B,,,,,Dopamine D1 receptor,Ki,nM,5.91,284.43,4.24
CHEMBL3356088,1000.0,CCN(CC)c1cc2c(cc1O)C(c1ccccc1)CN(C)CC2,Scientific Literature,Displacement of [3H]SCH23390 from human dopamine D1 receptor expressed in HEK293 cell membranes by liquid scintillation counting based competition binding assay,B,Homo sapiens,,Eur J Med Chem,2014.0,Dopamine D1 receptor,Ki,nM,,324.47,3.86
CHEMBL213278,23.0,CN1CCN(C2=Nc3cc(Cl)ccc3N(NC(=O)c3nccc4ccccc34)c3ccccc32)CC1,Scientific Literature,Displacement of [3H]SCH 23390 from human dopamine D1 receptor expressed in CHO cells,B,Homo sapiens,,Bioorg Med Chem Lett,2006.0,Dopamine D1 receptor,Ki,nM,7.64,497.0,5.01
CHEMBL214016,13.0,COc1cccc(C(=O)NN2c3ccc(Cl)cc3N=C(N3CCN(C)CC3)c3ccccc32)c1,Scientific Literature,Displacement of [3H]SCH 23390 from human dopamine D1 receptor expressed in CHO cells,B,Homo sapiens,,Bioorg Med Chem Lett,2006.0,Dopamine D1 receptor,Ki,nM,7.89,475.98,4.47
CHEMBL211915,637.0,Clc1ccc2c(c1)N=C(N1CCN(Cc3cccc4c3OCO4)CC1)c1ccccc1N2,Scientific Literature,Displacement of [3H]SCH 23390 from dopamine D1 receptor expressed in CHO cells,B,Homo sapiens,,Bioorg Med Chem Lett,2006.0,Dopamine D1 receptor,Ki,nM,6.2,446.94,5.02
CHEMBL396950,291.0,Oc1ccc2c(c1)CCCNCCc1ccccc1C2,Scientific Literature,Displacement of [3H]SCH 23390 from human dopamine D1 receptor,B,Homo sapiens,,J Med Chem,2007.0,Dopamine D1 receptor,Ki,nM,6.54,267.37,3.06
CHEMBL212438,32.0,CN1CCN(C2=Nc3cc(Cl)ccc3N(NC(=O)c3cc(F)c(F)c(F)c3F)c3ccccc32)CC1,Scientific Literature,Displacement of [3H]SCH 23390 from dopamine D1 receptor expressed in CHO cells,B,Homo sapiens,,Bioorg Med Chem Lett,2006.0,Dopamine D1 receptor,Ki,nM,7.5,517.91,5.02
CHEMBL211910,60.0,COc1ccccc1CNN1c2ccc(Cl)cc2N=C(N2CCN(C)CC2)c2ccccc21,Scientific Literature,Displacement of [3H]SCH 23390 from dopamine D1 receptor expressed in CHO cells,B,Homo sapiens,,Bioorg Med Chem Lett,2006.0,Dopamine D1 receptor,Ki,nM,7.22,462.0,4.83
CHEMBL4065797,8800.0,CCCN1CCCN(c2ccc(O)c3c2OCC(=O)N3)CC1,Scientific Literature,Displacement of [3H]SCH23390 from human D1R expressed in HEK293T cell membranes,B,Homo sapiens,,Bioorg Med Chem,2017.0,Dopamine D1 receptor,Ki,nM,5.06,305.38,1.65
CHEMBL3344468,77.0,COc1cc2c(cc1O)[C@@H]1Cc3sc(CCCCl)cc3CN1CC2,Scientific Literature,Displacement of [3H]SCH23390 from D1 receptor (unknown origin) transfected in HEK293T cells after 50 mins by liquid scintillation counting analysis,B,Homo sapiens,,Bioorg Med Chem,2014.0,Dopamine D1 receptor,Ki,nM,7.11,363.91,4.29
CHEMBL3325904,665.0,CN1CCc2cc(NCc3ccccc3)c(O)cc2C(c2ccccc2)C1,Scientific Literature,Displacement of [3H]SCH23390 from human dopamine D1 receptor expressed in HEK293 cell membranes by liquid scintillation counting based competition binding assay,B,Homo sapiens,,Eur J Med Chem,2014.0,Dopamine D1 receptor,Ki,nM,6.18,358.49,4.62
CHEMBL3325905,277.0,CN1CCc2cc(NCc3cccc(Cl)c3)c(O)cc2C(c2ccccc2)C1,Scientific Literature,Displacement of [3H]SCH23390 from human dopamine D1 receptor expressed in HEK293 cell membranes by liquid scintillation counting based competition binding assay,B,Homo sapiens,,Eur J Med Chem,2014.0,Dopamine D1 receptor,Ki,nM,6.56,392.93,5.28
CHEMBL3325915,1000.0,CN1CCc2cc(-c3ccc4ccccc4c3)c(O)cc2C(c2ccccc2)C1,Scientific Literature,Displacement of [3H]SCH23390 from human dopamine D1 receptor expressed in HEK293 cell membranes by liquid scintillation counting based competition binding assay,B,Homo sapiens,,Eur J Med Chem,2014.0,Dopamine D1 receptor,Ki,nM,,379.5,5.83
CHEMBL3325919,1000.0,CN1CCc2cc(N)ccc2C(c2ccccc2)C1,Scientific Literature,Displacement of [3H]SCH23390 from human dopamine D1 receptor expressed in HEK293 cell membranes by liquid scintillation counting based competition binding assay,B,Homo sapiens,,Eur J Med Chem,2014.0,Dopamine D1 receptor,Ki,nM,,252.36,2.89
CHEMBL3325925,1000.0,CN1CCc2cc3ocnc3cc2C(c2ccccc2)C1,Scientific Literature,Displacement of [3H]SCH23390 from human dopamine D1 receptor expressed in HEK293 cell membranes by liquid scintillation counting based competition binding assay,B,Homo sapiens,,Eur J Med Chem,2014.0,Dopamine D1 receptor,Ki,nM,,278.36,3.45
CHEMBL611973,10000.0,CCCN1CCc2cccc3c2[C@H]1Cc1ccc2c(c1-3)OC(C)(C)C2,Scientific Literature,Displacement of [3H]SCH23390 from dopamine D1 receptor expressed in HEK293 cells by liquid scintillation counting,B,,,J Med Chem,2010.0,Dopamine D1 receptor,Ki,nM,,333.48,4.93
CHEMBL4636589,709.0,C#CCOc1c(OC)cc2c3c1-c1cc(N)ccc1CC3N(C)CC2,Scientific Literature,Binding affinity to human D1 receptor,B,Homo sapiens,,Bioorg Med Chem Lett,2020.0,Dopamine D1 receptor,Ki,nM,6.15,334.42,3.04
CHEMBL2397383,40.0,CN1CCc2ccc(Cc3ccc(O)cc3)c3c2[C@H]1Cc1ccc(O)c(O)c1-3.Cl,Scientific Literature,Displacement of [3H]SCH23390 from human dopamine D1 receptor expressed in HEK293 cells by scintillation counting analysis,B,Homo sapiens,,Bioorg Med Chem,2013.0,Dopamine D1 receptor,Ki,nM,7.4,409.91,4.15
CHEMBL1087301,28.5,CN1CCc2ccccc2Cc2c([nH]c3ccccc23)CC1,Scientific Literature,Displacement of [3H]SCH23390 from human recombinant dopamine D1 receptor expressed in HEK293 cells by microplate scintillation counting,B,Homo sapiens,,J Med Chem,2010.0,Dopamine D1 receptor,Ki,nM,7.54,290.41,3.79
CHEMBL612083,1200.0,CCCN(CCc1ccccc1)[C@H]1CCc2c(O)cccc2C1,Scientific Literature,Affinity towards Dopamine receptor D1,B,Cercopithecidae,,J Med Chem,1998.0,Dopamine D1 receptor,Ki,nM,5.92,309.45,4.2
CHEMBL285802,84.0,CN(C)CCOC1=Cc2ccccc2Sc2ccc(Cl)cc21,Scientific Literature,Binding affinity towards human Dopamine receptor D1,B,,,J Med Chem,2004.0,Dopamine D1 receptor,Ki,nM,7.08,331.87,4.88
CHEMBL3671302,118.0,Cc1cc(Oc2nccc3n[nH]cc23)c(F)cc1-c1c(C)ncnc1C,BindingDB Patent Bioactivity Data,"Receptor Binding Assay: The affinity of the compounds described herein was determined by competition binding assays similar to those described in Ryman-Rasmussen et al., Differential activation of adenylate cyclase and receptor internalization by novel dopamine D1 receptor agonists, Molecular Pharmacology 68(4):1039-1048 (2005). This radioligand binding assay used [3H]-SCH23390, a radiolabeled D1 ligand, to evaluate the ability of a test compound to compete with the radioligand when binding to a D1 receptor. D1 binding assays were performed using over-expressing LTK human cell lines. To determine basic assay parameters, ligand concentrations were determined from saturation binding studies where the Kd for [3H]-SCH23390 was found to be 1.3 nM. From tissue concentration curve studies, the optimal amount of tissue was determined to be 1.75 mg/mL per 96 well plate using 0.5 nM of [3H]-SCH23390. These ligand and tissue concentrations were used in time course studies to determine linearity and equilibrium condition.",B,,,,2014.0,Dopamine D1 receptor,Ki,nM,6.93,349.37,4.27
CHEMBL3671307,123.0,Cc1cc(Oc2nccc3n[nH]cc23)ccc1-c1cn[nH]c(=O)c1C,BindingDB Patent Bioactivity Data,"Receptor Binding Assay: The affinity of the compounds described herein was determined by competition binding assays similar to those described in Ryman-Rasmussen et al., Differential activation of adenylate cyclase and receptor internalization by novel dopamine D1 receptor agonists, Molecular Pharmacology 68(4):1039-1048 (2005). This radioligand binding assay used [3H]-SCH23390, a radiolabeled D1 ligand, to evaluate the ability of a test compound to compete with the radioligand when binding to a D1 receptor. D1 binding assays were performed using over-expressing LTK human cell lines. To determine basic assay parameters, ligand concentrations were determined from saturation binding studies where the Kd for [3H]-SCH23390 was found to be 1.3 nM. From tissue concentration curve studies, the optimal amount of tissue was determined to be 1.75 mg/mL per 96 well plate using 0.5 nM of [3H]-SCH23390. These ligand and tissue concentrations were used in time course studies to determine linearity and equilibrium condition.",B,,,,2014.0,Dopamine D1 receptor,Ki,nM,6.91,333.35,3.12
CHEMBL4876260,91.0,O=C(NCc1ccccc1CN1CCc2cc(O)c(O)cc2C1)c1cccc(Br)c1,Scientific Literature,Displacement of [3H]SCH23390 from dopamine D1 receptor (unknown origin),B,Homo sapiens,,Bioorg Med Chem Lett,2021.0,Dopamine D1 receptor,Ki,nM,7.04,467.36,4.35
CHEMBL187420,10000.0,c1ccc(Cc2ccccc2NCCN2CCCC2)cc1,Scientific Literature,Binding affinity for human recombinant dopamine receptor D1,B,Homo sapiens,,J Med Chem,2004.0,Dopamine D1 receptor,Ki,nM,,280.42,3.79
CHEMBL2057452,1440.62,COc1cc2c(cc1OC)C1Cc3cc(C)cc(C)c3CN1CC2,Scientific Literature,Displacement of [3H]SCH23390 from human dopamine D1 receptor expressed in HEK293 cells,B,Homo sapiens,,Bioorg Med Chem,2012.0,Dopamine D1 receptor,Ki,nM,5.84,323.44,3.98
CHEMBL2057445,7.97,COc1cc2c(c(OC)c1)CN1CCc3cc(OC)cc(OC)c3[C@@H]1C2,Scientific Literature,Displacement of [3H]SCH23390 from human dopamine D1 receptor expressed in HEK293 cells,B,Homo sapiens,,Bioorg Med Chem,2012.0,Dopamine D1 receptor,Ki,nM,8.1,355.43,3.38
CHEMBL4472703,10000.0,CC[C@H]1c2cc(OC)ccc2CC[C@@]1(C)N,Scientific Literature,Displacement of [3H]-SCH23390 from human recombinant dopamine D1 receptor expressed in HEKT cells after 90 mins by microbeta scintillation counting method,B,Homo sapiens,,ACS Med Chem Lett,2019.0,Dopamine D1 receptor,Ki,nM,,219.33,2.85
CHEMBL3800468,6800.0,COc1cc(CCNC[C@@H](O)c2ccc(O)c3[nH]c(=O)ccc23)ccc1OCCCc1ccccc1,Scientific Literature,Displacement of [3H]SCH23390 from human D1 receptor expressed in HEK293 cells,B,Homo sapiens,,Bioorg Med Chem,2016.0,Dopamine D1 receptor,Ki,nM,5.17,488.58,4.12
CHEMBL287513,560.0,Oc1cc2c(cc1O)[C@H]1c3cc4c(nc3CN[C@@H]1CC2)CCCC4,Scientific Literature,Binding affinity to Dopamine receptor D1 by using radioligand [125I]SCH-23982 in HEK cells,B,,,Bioorg Med Chem Lett,1999.0,Dopamine D1 receptor,Ki,nM,6.25,322.41,2.92
CHEMBL4091933,4500.0,O=C1CCc2ccc(OCCCCN3CCN(c4ccc(O)c5c4OCCO5)CC3)cc2N1,Scientific Literature,Displacement of [3H]SCH23390 from human D1R expressed in HEK293T cell membranes by radioligand binding assay,B,Homo sapiens,,J Med Chem,2017.0,Dopamine D1 receptor,Ki,nM,5.35,453.54,3.03
CHEMBL27117,140.0,Cc1ccc2c(n1)CN[C@@H]1CCc3cc(O)c(O)cc3[C@@H]21,Scientific Literature,Binding affinity to Dopamine receptor D1 by using radioligand [125I]SCH-23982 in HEK cells,B,,,Bioorg Med Chem Lett,1999.0,Dopamine D1 receptor,Ki,nM,6.85,282.34,2.35
CHEMBL5288298,10000.0,Cc1cc(NC(=O)CN2CCC3(CCCN3Cc3ccc(F)c(F)c3)C2)ccc1F,Scientific Literature,Displacement of [3H]SCH23390 from D1 receptor in HEK293 cell membrane assessed as inhibition constant,B,Homo sapiens,,Eur J Med Chem,2022.0,Dopamine D1 receptor,Ki,nM,,417.48,4.09
CHEMBL183776,812.83,COc1ccccc1N1CCN(CCc2ccc3[nH]nnc3c2)CC1,Scientific Literature,Binding affinity against Dopamine receptor D1,B,,,Bioorg Med Chem Lett,2004.0,Dopamine D1 receptor,Ki,nM,6.09,337.43,2.33
CHEMBL1108,546.0,O=C(CCCN1CC=C(n2c(=O)[nH]c3ccccc32)CC1)c1ccc(F)cc1,DrugMatrix,DRUGMATRIX: Dopamine D1 radioligand binding (ligand: [3H] SCH-23390),B,,,,,Dopamine D1 receptor,Ki,nM,6.26,379.44,3.68
CHEMBL4466483,130.0,FC(F)(F)c1cc(Oc2nccc3ccsc23)ccc1-c1cccc2nccn12,Scientific Literature,Displacement of [3H]-SCH23390 from recombinant human D1 receptor transiently expressed in HEKT cells measured after 90 mins by microbeta scintillation counting method,B,Homo sapiens,,J Med Chem,2019.0,Dopamine D1 receptor,Ki,nM,6.89,411.41,6.42
CHEMBL3633757,900.0,COc1cc2c3c(c1OCc1ccc(Br)cc1)-c1cc4c(cc1CC3N(C)CC2)OCO4,Scientific Literature,Displacement of [3H]-SCH233930 from recombinant human dopamine D1 receptor after 1.5 hrs by Microbeta scintillation counting analysis,B,Homo sapiens,,Bioorg Med Chem Lett,2015.0,Dopamine D1 receptor,Ki,nM,,494.39,5.52
CHEMBL4580220,634.31,CCc1ccccc1C(=O)Nc1n[nH]c2c(C)c(F)c(C3C(C#N)=C(C)N(C)C(C)=C3C#N)cc12,EUbOPEN Chemogenomic Library Literature Data,Selectivity interaction (GPCR panel (PDSP screen)) EUB0000311b DRD1,B,Homo sapiens,,,2024.0,Dopamine D1 receptor,Ki,nM,6.2,468.54,5.45
CHEMBL3671278,1.83,Cc1cc(Oc2nccc3n[nH]cc23)ccc1-c1c(C)c(=O)[nH]c(=O)n1C,BindingDB Patent Bioactivity Data,"Receptor Binding Assay: The affinity of the compounds described herein was determined by competition binding assays similar to those described in Ryman-Rasmussen et al., Differential activation of adenylate cyclase and receptor internalization by novel dopamine D1 receptor agonists, Molecular Pharmacology 68(4):1039-1048 (2005). This radioligand binding assay used [3H]-SCH23390, a radiolabeled D1 ligand, to evaluate the ability of a test compound to compete with the radioligand when binding to a D1 receptor. D1 binding assays were performed using over-expressing LTK human cell lines. To determine basic assay parameters, ligand concentrations were determined from saturation binding studies where the Kd for [3H]-SCH23390 was found to be 1.3 nM. From tissue concentration curve studies, the optimal amount of tissue was determined to be 1.75 mg/mL per 96 well plate using 0.5 nM of [3H]-SCH23390. These ligand and tissue concentrations were used in time course studies to determine linearity and equilibrium condition.",B,,,,2014.0,Dopamine D1 receptor,Ki,nM,8.74,363.38,2.42
CHEMBL3671306,40.9,Cc1n[nH]c(=O)c(C)c1-c1ccc(Oc2nccc3n[nH]cc23)cc1,BindingDB Patent Bioactivity Data,"Receptor Binding Assay: The affinity of the compounds described herein was determined by competition binding assays similar to those described in Ryman-Rasmussen et al., Differential activation of adenylate cyclase and receptor internalization by novel dopamine D1 receptor agonists, Molecular Pharmacology 68(4):1039-1048 (2005). This radioligand binding assay used [3H]-SCH23390, a radiolabeled D1 ligand, to evaluate the ability of a test compound to compete with the radioligand when binding to a D1 receptor. D1 binding assays were performed using over-expressing LTK human cell lines. To determine basic assay parameters, ligand concentrations were determined from saturation binding studies where the Kd for [3H]-SCH23390 was found to be 1.3 nM. From tissue concentration curve studies, the optimal amount of tissue was determined to be 1.75 mg/mL per 96 well plate using 0.5 nM of [3H]-SCH23390. These ligand and tissue concentrations were used in time course studies to determine linearity and equilibrium condition.",B,,,,2014.0,Dopamine D1 receptor,Ki,nM,7.39,333.35,3.12
CHEMBL3671308,17.5,Cc1c(-c2ccc(Oc3nccc4n[nH]cc34)cc2)n(C)c(=O)[nH]c1=O,BindingDB Patent Bioactivity Data,"Receptor Binding Assay: The affinity of the compounds described herein was determined by competition binding assays similar to those described in Ryman-Rasmussen et al., Differential activation of adenylate cyclase and receptor internalization by novel dopamine D1 receptor agonists, Molecular Pharmacology 68(4):1039-1048 (2005). This radioligand binding assay used [3H]-SCH23390, a radiolabeled D1 ligand, to evaluate the ability of a test compound to compete with the radioligand when binding to a D1 receptor. D1 binding assays were performed using over-expressing LTK human cell lines. To determine basic assay parameters, ligand concentrations were determined from saturation binding studies where the Kd for [3H]-SCH23390 was found to be 1.3 nM. From tissue concentration curve studies, the optimal amount of tissue was determined to be 1.75 mg/mL per 96 well plate using 0.5 nM of [3H]-SCH23390. These ligand and tissue concentrations were used in time course studies to determine linearity and equilibrium condition.",B,,,,2014.0,Dopamine D1 receptor,Ki,nM,7.76,349.35,2.11
CHEMBL3671271,695.0,COc1cnc(Oc2ccc(-c3c(C)n[nH]c(=O)c3C)cc2)c2c[nH]nc12,BindingDB Patent Bioactivity Data,"Receptor Binding Assay: The affinity of the compounds described herein was determined by competition binding assays similar to those described in Ryman-Rasmussen et al., Differential activation of adenylate cyclase and receptor internalization by novel dopamine D1 receptor agonists, Molecular Pharmacology 68(4):1039-1048 (2005). This radioligand binding assay used [3H]-SCH23390, a radiolabeled D1 ligand, to evaluate the ability of a test compound to compete with the radioligand when binding to a D1 receptor. D1 binding assays were performed using over-expressing LTK human cell lines. To determine basic assay parameters, ligand concentrations were determined from saturation binding studies where the Kd for [3H]-SCH23390 was found to be 1.3 nM. From tissue concentration curve studies, the optimal amount of tissue was determined to be 1.75 mg/mL per 96 well plate using 0.5 nM of [3H]-SCH23390. These ligand and tissue concentrations were used in time course studies to determine linearity and equilibrium condition.",B,,,,2014.0,Dopamine D1 receptor,Ki,nM,6.16,363.38,3.13
CHEMBL267777,330.14,Cc1nc2sccn2c(=O)c1CCN1CCC(=C(c2ccc(F)cc2)c2ccc(F)cc2)CC1,EUbOPEN Chemogenomic Library,"PDSP Secondary Binding target: DRD1 - Compounds are tested at 10 uM concentration, plate are incubated at room temperature in the dark for 90 minutes. Reaction are stopped by vacuum filtration onto 0.3% polyethyleneimine soaked filter mats using Filtermate harvester. Scintillation cocktail is then melted onto microwave-dried filters on a hot plate and the radio activity is counted in Microbia counter. Compounds showing a minimum of 50% inhibition at 10 uM concentration are carried forward in this secondary binding assay to determine equilibrium binding affinity.",B,Homo sapiens,,,2024.0,Dopamine D1 receptor,Ki,nM,6.48,477.58,5.48
CHEMBL4437341,10000.0,N#Cc1cccc(N2CCN(CCCCNC(=O)c3ccc(-c4ccsc4)cc3)CC2)c1,Scientific Literature,"Displacement of 2,3-dimethoxy-5-[125I]-iodo-N-[9-benzyl-9-azabicyclo[3.3.1]nonan-3beta-yl]benzamide from dopamine D1 receptor (unknown origin) expressed in HEK293 cells measured after 60 mins by gamma counting analysis",B,Homo sapiens,,Bioorg Med Chem Lett,2019.0,Dopamine D1 receptor,Ki,nM,,444.6,4.62
CHEMBL25856,1200.0,Oc1cc2c(cc1O)[C@H]1c3ccccc3CN[C@@H]1CC2,Scientific Literature,Affinity towards Dopamine receptor D1,B,Cercopithecidae,,J Med Chem,1998.0,Dopamine D1 receptor,Ki,nM,5.92,267.33,2.65
CHEMBL1381098,13788.0,S=C=Nc1cccc2ccccc12,DrugMatrix,DRUGMATRIX: Dopamine D1 radioligand binding (ligand: [3H] SCH-23390),B,,,,,Dopamine D1 receptor,Ki,nM,4.86,185.25,3.57
CHEMBL184770,4677.35,Cc1cccc(N2CCN(CCc3ccc4[nH]nnc4c3)CC2)c1C,Scientific Literature,Binding affinity to dopamine D1 receptor (unknown origin),B,Homo sapiens,,Med Chem Res,2013.0,Dopamine D1 receptor,Ki,nM,5.33,335.46,2.94
CHEMBL4083239,5400.0,O=C1CCc2ccc(OCCCCN3CCN(c4ccc(O)c5[nH]c(=O)ccc45)CC3)cc2N1,Scientific Literature,Displacement of [3H]SCH23390 from human D1R expressed in HEK293T cell membranes by radioligand binding assay,B,Homo sapiens,,J Med Chem,2017.0,Dopamine D1 receptor,Ki,nM,5.27,462.55,3.1
CHEMBL1112,310.0,O=C1CCc2ccc(OCCCCN3CCN(c4cccc(Cl)c4Cl)CC3)cc2N1,Scientific Literature,Displacement of [3H]SCH23390 from human D1R expressed in HEK293T cell membranes by radioligand binding assay,B,Homo sapiens,,J Med Chem,2017.0,Dopamine D1 receptor,Ki,nM,6.51,448.39,4.86
CHEMBL4643426,16.0,COc1cc2c(cc1O)C(c1ccccc1Br)CN(C)CC2,Scientific Literature,Displacement of [3H]SCH23390 from dopamine D1 receptor (unknown origin),B,Homo sapiens,,Bioorg Med Chem Lett,2020.0,Dopamine D1 receptor,Ki,nM,7.8,362.27,3.78
CHEMBL4572614,140.0,Cc1ncc2nccn2c1-c1ccc(Oc2nccc3occc23)cc1C(F)(F)F,Scientific Literature,Displacement of [3H]-SCH23390 from recombinant human D1 receptor transiently expressed in HEKT cells measured after 90 mins by microbeta scintillation counting method,B,Homo sapiens,,J Med Chem,2019.0,Dopamine D1 receptor,Ki,nM,6.85,410.36,5.66
CHEMBL5410716,42.0,CCCCCCOc1cc2c(cc1O)[C@@H]1Cc3ccc(O)c(OC)c3CN1CC2,Scientific Literature,Displacement of [3H]SCH-23390 from human dopamine D1 receptor assessed as inhibition constant,B,Homo sapiens,,J Med Chem,2023.0,Dopamine D1 receptor,Ki,nM,7.38,397.52,4.72
CHEMBL5423775,447.0,CCCCCCOc1cc2c(cc1O)[C@@H]1Cc3c(Br)cc(O)c(OCCCCC)c3CN1CC2,Scientific Literature,Displacement of [3H]SCH-23390 from human dopamine D1 receptor assessed as inhibition constant,B,Homo sapiens,,J Med Chem,2023.0,Dopamine D1 receptor,Ki,nM,6.35,532.52,7.04
CHEMBL5439212,11.0,CCCCCCOc1cc2c(cc1O)[C@@H]1Cc3ccc(O)c(OCC)c3CN1CC2,Scientific Literature,Displacement of [3H]SCH-23390 from human dopamine D1 receptor assessed as inhibition constant,B,Homo sapiens,,J Med Chem,2023.0,Dopamine D1 receptor,Ki,nM,7.96,411.54,5.11
CHEMBL4643886,48.3,C=CCN1CCc2cc(OC)c(O)cc2C(c2ccccc2Cl)C1,Scientific Literature,Displacement of [3H]SCH23390 from dopamine D1 receptor (unknown origin),B,Homo sapiens,,Bioorg Med Chem Lett,2020.0,Dopamine D1 receptor,Ki,nM,7.32,343.85,4.23
CHEMBL304535,0.4,Cc1cccc([C@H]2CN(C)CCc3cc(Cl)c(O)cc32)c1,Scientific Literature,Binding affinity to displace [3H]- SCH 23390 against Dopamine receptor D1,B,,,J Med Chem,1990.0,Dopamine D1 receptor,Ki,nM,9.4,301.82,3.97
CHEMBL448891,107.0,COc1cc2c(cc1OC)[C@@H]1Cc3ccc(O)c(OC)c3CN1CC2,Scientific Literature,Displacement of [3H]SCH23390 from human dopamine D1 receptor after 1 hr,B,Homo sapiens,,Bioorg Med Chem Lett,2017.0,Dopamine D1 receptor,Ki,nM,6.97,341.41,3.07
CHEMBL3344356,86.98,COc1cc2c(cc1O)[C@@H]1Cc3sccc3CN1CC2,Scientific Literature,Displacement of [3H]SCH23390 from D1 receptor (unknown origin) transfected in HEK293T cells after 50 mins by liquid scintillation counting analysis,B,Homo sapiens,,Bioorg Med Chem,2014.0,Dopamine D1 receptor,Ki,nM,7.06,287.38,3.12
CHEMBL3344469,45.82,COc1cc2c(cc1O)[C@@H]1Cc3sc(CC(C)Cl)cc3CN1CC2,Scientific Literature,Displacement of [3H]SCH23390 from D1 receptor (unknown origin) transfected in HEK293T cells after 50 mins by liquid scintillation counting analysis,B,Homo sapiens,,Bioorg Med Chem,2014.0,Dopamine D1 receptor,Ki,nM,7.34,363.91,4.29
CHEMBL3287395,150.0,CCOC(=O)c1cc2cc(OCCCCN3CCN(c4cccc(Cl)c4Cl)CC3)ccn2n1,Scientific Literature,Displacement of [3H]SCH23390 from human dopamine D1 receptor expressed in HEK293 cells by competitive binding assay,B,Homo sapiens,,J Med Chem,2014.0,Dopamine D1 receptor,Ki,nM,6.82,491.42,4.8
CHEMBL708,130.0,O=C1Cc2cc(CCN3CCN(c4nsc5ccccc45)CC3)c(Cl)cc2N1,Scientific Literature,Binding affinity to human cloned dopamine D1 receptor,B,Homo sapiens,,Bioorg Med Chem,2008.0,Dopamine D1 receptor,Ki,nM,6.89,412.95,3.81
CHEMBL225230,1510.0,CCCN1CCc2cccc3c2[C@H]1Cc1ccc(O)c(O)c1-3,Scientific Literature,Affinity towards Dopamine receptor D1,B,Cercopithecidae,,J Med Chem,1998.0,Dopamine D1 receptor,Ki,nM,5.82,295.38,3.63
CHEMBL323356,10000.0,Cc1cc(NC(=O)Nc2ccc3c(ccn3C)c2)sn1,Scientific Literature,The binding affinity (pKi) measured against Dopamine receptor D1 using [3H]-SCH- 23390 as radioligand,B,,,J Med Chem,1995.0,Dopamine D1 receptor,Ki,nM,,286.36,3.59
CHEMBL380330,28.5,COc1ccc2c(c1)CCN(C)CCc1ccccc1C2,Scientific Literature,Displacement of [3H]SCH23390 from human dopamine D1 receptor expressed in CHO cells by scintillation counting,B,Homo sapiens,,Bioorg Med Chem,2009.0,Dopamine D1 receptor,Ki,nM,7.54,281.4,3.32
CHEMBL3613876,160.0,O=Cc1cnn2ccc(-n3cc(CCN4CCN(c5cccc(Cl)c5Cl)CC4)nn3)cc12,Scientific Literature,Displacement of [3H]SCH23990 from human dopamine D1 receptor expressed in CHO cell membranes by radioligand competition binding assay,B,Homo sapiens,,Bioorg Med Chem,2015.0,Dopamine D1 receptor,Ki,nM,6.8,470.36,3.4
CHEMBL53,72.0,CN1CCc2cccc3c2[C@H]1Cc1ccc(O)c(O)c1-3,Scientific Literature,Displacement of [3H]SCH23390 from dopamine D1 receptor expressed in Ltk deficient fibroblast cells by liquid scintillation counting,B,,,Bioorg Med Chem,2009.0,Dopamine D1 receptor,Ki,nM,7.14,267.33,2.85
CHEMBL3290012,3.3,O=S(=O)(NCCCCN1CCC(c2noc3cc(F)ccc23)CC1)c1cc2ccccc2s1,Scientific Literature,Displacement of [3H]SCH23390 from human recombinant D1 receptor expressed in CHO cells,B,Homo sapiens,,J Med Chem,2014.0,Dopamine D1 receptor,Ki,nM,8.48,487.62,5.12
CHEMBL3217984,25.12,CN1CCC2C(C1)c1cccc3c1N2c1ccccc1CS3,Scientific Literature,Binding affinity to dopamine D1 receptor (unknown origin) by PDSP assay,B,Homo sapiens,,Medchemcomm,2012.0,Dopamine D1 receptor,Ki,nM,7.6,308.45,4.23
CHEMBL1209157,1000.0,COc1ccc(OC)c(C2CCN(Cc3cnn(-c4ccccc4F)c3C)C2)c1,Scientific Literature,Binding affinity to dopamine D1 receptor,B,,,Bioorg Med Chem Lett,2010.0,Dopamine D1 receptor,Ki,nM,,395.48,4.33
CHEMBL3590084,2200.0,CCCN(CCNC(=O)/C=C/c1ccc(F)cc1)C1Cc2ccccc2C1,Scientific Literature,Displacement of [3H]SCH23390 from human dopamine D1 receptor expressed in HEK293 cell membranes,B,Homo sapiens,,Bioorg Med Chem,2015.0,Dopamine D1 receptor,Ki,nM,5.66,366.48,3.83
CHEMBL2420774,10000.0,Oc1ccccc1N1CCN(Cc2cccs2)CC1,Scientific Literature,Displacement of [3H]SCH23390 from human dopamine D1 receptor,B,Homo sapiens,,Bioorg Med Chem Lett,2013.0,Dopamine D1 receptor,Ki,nM,,274.39,2.78
CHEMBL370128,10000.0,COc1ccc(NC(=O)N2CCN(c3ccccc3Cl)CC2)cc1N1CCN(C)CC1,Scientific Literature,Affinity towards cloned Dopamine receptor D1,B,Homo sapiens,,Bioorg Med Chem Lett,2005.0,Dopamine D1 receptor,Ki,nM,,443.98,3.45
CHEMBL199876,544.4,O=c1[nH]c2[nH]c(-c3ccc(Cl)cc3)cc2c(=O)n1CCN1CCN(c2ccccc2Cl)CC1,Scientific Literature,Binding affinity to dopamine D1 receptor,B,Homo sapiens,,Bioorg Med Chem Lett,2006.0,Dopamine D1 receptor,Ki,nM,6.26,484.39,3.81
CHEMBL2314733,5000.0,COc1ccc2c(c1O)CN1CCc3cc4c(cc3[C@H]1C2)OCO4,Scientific Literature,Displacement of [3H]SCH23390 from dopamine D1 receptor (unknown origin) expressed in human HEK293 cells by liquid scintillation counter,B,Homo sapiens,,Bioorg Med Chem,2013.0,Dopamine D1 receptor,Ki,nM,,325.36,2.79
CHEMBL522746,443.0,COc1cc2c(cc1OC)[C@@H]1Cc3ccc(OC)c(O)c3CN1CC2,Scientific Literature,Displacement of [3H]SCH23390 from dopamine D1 receptor (unknown origin) expressed in human HEK293 cells by liquid scintillation counter,B,Homo sapiens,,Bioorg Med Chem,2013.0,Dopamine D1 receptor,Ki,nM,6.35,341.41,3.07
CHEMBL2057457,28.9,COc1cc2c(cc1O)[C@@H]1Cc3cc(C)cc(C)c3CN1CC2,Scientific Literature,Displacement of [3H]SCH23390 from dopamine D1 receptor (unknown origin) expressed in human HEK293 cells by liquid scintillation counter,B,Homo sapiens,,Bioorg Med Chem,2013.0,Dopamine D1 receptor,Ki,nM,7.54,309.41,3.67
CHEMBL42,53.0,CN1CCN(C2=Nc3cc(Cl)ccc3Nc3ccccc32)CC1,DrugMatrix,DRUGMATRIX: Dopamine D1 radioligand binding (ligand: [3H] SCH-23390),B,,,,,Dopamine D1 receptor,Ki,nM,7.28,326.83,3.72
CHEMBL4064759,7700.0,CN1CCN(c2ccc(O)c3c2OCCO3)CC1,Scientific Literature,Displacement of [3H]SCH23390 from human D1R expressed in HEK293T cell membranes,B,Homo sapiens,,Bioorg Med Chem,2017.0,Dopamine D1 receptor,Ki,nM,5.11,250.3,0.92
CHEMBL4084712,20000.0,CN1CCCN(c2ccc(O)c3c2OCC(=O)N3)CC1,Scientific Literature,Displacement of [3H]SCH23390 from human D1R expressed in HEK293T cell membranes,B,Homo sapiens,,Bioorg Med Chem,2017.0,Dopamine D1 receptor,Ki,nM,,277.32,0.86
CHEMBL4068561,20000.0,O=c1ccc2c(N3CCN(CCCCOc4ccn5ncc(/C=N/O)c5c4)CC3)ccc(O)c2[nH]1,Scientific Literature,Displacement of [3H]SCH23390 from human D1R expressed in HEK293T cell membranes,B,Homo sapiens,,Bioorg Med Chem,2017.0,Dopamine D1 receptor,Ki,nM,,476.54,2.67
CHEMBL4095881,11000.0,O=Cc1cnn2ccc(OCCCCN3CCN(c4ccc(O)c5c4OCCO5)CC3)cc12,Scientific Literature,Displacement of [3H]SCH23390 from human D1R expressed in HEK293T cell membranes,B,Homo sapiens,,Bioorg Med Chem,2017.0,Dopamine D1 receptor,Ki,nM,4.96,452.51,2.6
CHEMBL2298804,1000.0,FC(F)(F)c1cccc(N2CCN(CCOc3ccc4nn[nH]c4c3)CC2)c1,Scientific Literature,Binding affinity to dopamine D1 receptor (unknown origin),B,Homo sapiens,,Med Chem Res,2013.0,Dopamine D1 receptor,Ki,nM,,391.4,3.18
CHEMBL2299000,1000.0,O=c1[nH]c2ccc(OCCN3CCN(c4ccccc4)CC3)cc2[nH]1,Scientific Literature,Binding affinity to dopamine D1 receptor (unknown origin),B,Homo sapiens,,Med Chem Res,2013.0,Dopamine D1 receptor,Ki,nM,,338.41,2.06
CHEMBL201093,10.7,CN1CCc2ccccc2Cc2ccsc2CC1,Scientific Literature,Inhibition of binding to human D1 receptor expressed in HEK 293 cells by radioligand binding assay,B,Homo sapiens,,J Med Chem,2006.0,Dopamine D1 receptor,Ki,nM,7.97,257.4,3.37
CHEMBL4087187,470.0,COc1ccccc1N1CCN(CCCCOc2ccn3nc(C=O)cc3c2)CC1,Scientific Literature,Displacement of [3H]SCH23390 from human Dopamine D1 receptor expressed in HEK293T cell membranes after 2 hrs by scintillation counting analysis,B,Homo sapiens,,J Med Chem,2017.0,Dopamine D1 receptor,Ki,nM,6.33,408.5,3.14
CHEMBL62,0.11,CN1CCc2cc(Cl)c(O)cc2[C@@H](c2ccccc2)C1,Scientific Literature,Displacement of [3H]SCH23390 from human dopamine D1 receptor,B,Homo sapiens,,J Med Chem,2011.0,Dopamine D1 receptor,Ki,nM,9.96,287.79,3.67
CHEMBL3792731,10000.0,Clc1ccc(CN2CCO[C@H](CSc3ccccc3)C2)cc1,Scientific Literature,Displacement of [3H]-SCH-23390 from human recombinant dopamine D1 receptor expressed in CHO cells,B,Homo sapiens,,Bioorg Med Chem Lett,2016.0,Dopamine D1 receptor,Ki,nM,,333.88,4.33
CHEMBL245570,0.5623,CN1CCc2ccccc2Cc2[nH]c3ccc(O)cc3c2CC1,Scientific Literature,Displacement of [3H]SCH23390 from human cloned dopamine D1 receptor,B,Homo sapiens,,Bioorg Med Chem Lett,2008.0,Dopamine D1 receptor,Ki,nM,9.25,306.41,3.49
CHEMBL467094,895.0,COc1cc2c3c(c1OC)-c1cc4c(cc1CC3N(C)CC2)OCO4,Scientific Literature,Displacement of [3H]SCH233930 from human dopamine D1 receptor,B,Homo sapiens,,Bioorg Med Chem Lett,2010.0,Dopamine D1 receptor,Ki,nM,6.05,339.39,3.18
CHEMBL4092441,4700.0,O=c1ccc2c(N3CCN(CCCCOc4ccn5nccc5c4)CC3)ccc(O)c2[nH]1,Scientific Literature,Displacement of [3H]SCH23390 from human D1R expressed in HEK293T cell membranes by radioligand binding assay,B,Homo sapiens,,J Med Chem,2017.0,Dopamine D1 receptor,Ki,nM,5.33,433.51,2.86
CHEMBL2335739,3340.0,COc1ccc2c(c1)CCN1CC[C@@](O)(c3ccc(Cl)cc3)C[C@H]21,Scientific Literature,Displacement of [3H]SCH23390 from dopamine D1 receptor (unknown origin) expressed in CHO cell membranes after 60 mins,B,Homo sapiens,,Bioorg Med Chem Lett,2013.0,Dopamine D1 receptor,Ki,nM,5.48,343.85,3.93
CHEMBL213372,22.0,CN1CCN(C2=Nc3cc(Cl)ccc3N(NC(=O)c3ccon3)c3ccccc32)CC1,Scientific Literature,Displacement of [3H]SCH 23390 from human dopamine D1 receptor expressed in CHO cells,B,Homo sapiens,,Bioorg Med Chem Lett,2006.0,Dopamine D1 receptor,Ki,nM,7.66,436.9,3.45
CHEMBL376928,150.0,CN1CCN(C2=Nc3cc(Cl)ccc3N(NC(=O)C3CCC3)c3ccccc32)CC1,Scientific Literature,Displacement of [3H]SCH 23390 from human dopamine D1 receptor expressed in CHO cells,B,Homo sapiens,,Bioorg Med Chem Lett,2006.0,Dopamine D1 receptor,Ki,nM,6.82,423.95,3.95
CHEMBL212486,86.0,CN1CCN(C2=Nc3cc(Cl)ccc3N(NC(=O)C(F)(F)F)c3ccccc32)CC1,Scientific Literature,Displacement of [3H]SCH 23390 from human dopamine D1 receptor expressed in CHO cells,B,Homo sapiens,,Bioorg Med Chem Lett,2006.0,Dopamine D1 receptor,Ki,nM,7.07,437.85,3.71
CHEMBL216439,163.5,CN1CCCc2c([nH]c3ccccc23)Cc2ccccc2CC1,Scientific Literature,Displacement of [3H]SCH 23390 from human D1 dopamine receptor expressed in HEK293 cells,B,Homo sapiens,,J Med Chem,2006.0,Dopamine D1 receptor,Ki,nM,6.79,304.44,4.18
CHEMBL1086789,2101.0,c1ccc2c(c1)CCN1CCc3[nH]c4ccccc4c3C21,Scientific Literature,Displacement of [3H]SCH23390 from human recombinant dopamine D1 receptor expressed in HEK293 cells by microplate scintillation counting,B,Homo sapiens,,J Med Chem,2010.0,Dopamine D1 receptor,Ki,nM,5.68,274.37,3.67
CHEMBL1087300,4.2,CN1CCc2ccccc2Cc2c[nH]c3cccc(c23)CC1,Scientific Literature,Displacement of [3H]SCH23390 from human recombinant dopamine D1 receptor expressed in HEK293 cells by microplate scintillation counting,B,Homo sapiens,,J Med Chem,2010.0,Dopamine D1 receptor,Ki,nM,8.38,290.41,3.79
CHEMBL4208744,610.0,O=C(NCCN1CCN(c2ccc(Cl)c(Cl)c2)CC1)c1ccccn1,Scientific Literature,Displacement of [3H]SCH-23390 from human recombinant dopamine D1 receptor expressed in CHO cells,B,Homo sapiens,,Bioorg Med Chem,2017.0,Dopamine D1 receptor,Ki,nM,6.21,379.29,2.94
CHEMBL1940418,238.0,Fc1ccc(CCCCN2CCN(c3ccccn3)CC2)cc1,Scientific Literature,Displacement of [3H]SCH23390 from human dopamine D1 receptor by PDSP assay,B,Homo sapiens,,Bioorg Med Chem,2014.0,Dopamine D1 receptor,Ki,nM,6.62,313.42,3.37
CHEMBL83,4251.0,CC/C(=C(\c1ccccc1)c1ccc(OCCN(C)C)cc1)c1ccccc1,DrugMatrix,DRUGMATRIX: Dopamine D1 radioligand binding (ligand: [3H] SCH-23390),B,,,,,Dopamine D1 receptor,Ki,nM,5.37,371.52,6.0
CHEMBL4226226,10000.0,CN(C)c1ccc(C(=O)NCCCCN2CCC(c3cccc(O)c3)C2)cc1,Scientific Literature,Displacement of [3H]SCH23390 from human dopamine D1 receptor expressed in HEK293T cell membranes by radioligand binding assay,B,Homo sapiens,,Bioorg Med Chem Lett,2018.0,Dopamine D1 receptor,Ki,nM,,381.52,3.46
CHEMBL216258,2.042,CN1CCCc2ccccc2Cc2[nH]c3ccccc3c2CC1,Scientific Literature,Displacement of [3H]SCH23390 from human cloned dopamine D1 receptor,B,Homo sapiens,,Bioorg Med Chem Lett,2008.0,Dopamine D1 receptor,Ki,nM,8.69,304.44,4.18
CHEMBL3697607,354.0,Cc1cc(Oc2ncc(Cl)c(C)c2Cl)ccc1-c1c(C)cnc(=O)n1C,BindingDB Patent Bioactivity Data,"Competition Binding Assay: The affinity of the compounds described herein was determined by competition binding assays similar to those described in Ryman-Rasmussen et al., Differential activation of adenylate cyclase and receptor internalization by novel dopamine D1 receptor agonists, Molecular Pharmacology 68(4):1039-1048 (2005). This radioligand binding assay used [3H]-SCH23390, a radiolabeled D1 ligand, to evaluate the ability of a test compound to compete with the radioligand when binding to a D1 receptor.D1 binding assays were performed using over-expressing LTK human cell lines. To determine basic assay parameters, ligand concentrations were determined from saturation binding studies where the Kd for [3H]-SCH23390 was found to be 1.3 nM. From tissue concentration curve studies, the optimal amount of tissue was determined to be 1.75 mg/mL per 96 well plate using 0.5 nM of [3H]-SCH23390. These ligand and tissue concentrations were used in time course studies to determine linearity and equilibrium.",B,,,,2015.0,Dopamine D1 receptor,Ki,nM,6.45,390.27,4.87
CHEMBL3697608,337.0,Cc1cc(Oc2ncccc2C(F)(F)F)ccc1-c1c(C)cnc(=O)n1C,BindingDB Patent Bioactivity Data,"Competition Binding Assay: The affinity of the compounds described herein was determined by competition binding assays similar to those described in Ryman-Rasmussen et al., Differential activation of adenylate cyclase and receptor internalization by novel dopamine D1 receptor agonists, Molecular Pharmacology 68(4):1039-1048 (2005). This radioligand binding assay used [3H]-SCH23390, a radiolabeled D1 ligand, to evaluate the ability of a test compound to compete with the radioligand when binding to a D1 receptor.D1 binding assays were performed using over-expressing LTK human cell lines. To determine basic assay parameters, ligand concentrations were determined from saturation binding studies where the Kd for [3H]-SCH23390 was found to be 1.3 nM. From tissue concentration curve studies, the optimal amount of tissue was determined to be 1.75 mg/mL per 96 well plate using 0.5 nM of [3H]-SCH23390. These ligand and tissue concentrations were used in time course studies to determine linearity and equilibrium.",B,,,,2015.0,Dopamine D1 receptor,Ki,nM,6.47,375.35,4.27
CHEMBL3697610,109.0,Cc1cc(Oc2ncccc2C2CC2)ccc1-c1c(C)cnc(=O)n1C,BindingDB Patent Bioactivity Data,"Competition Binding Assay: The affinity of the compounds described herein was determined by competition binding assays similar to those described in Ryman-Rasmussen et al., Differential activation of adenylate cyclase and receptor internalization by novel dopamine D1 receptor agonists, Molecular Pharmacology 68(4):1039-1048 (2005). This radioligand binding assay used [3H]-SCH23390, a radiolabeled D1 ligand, to evaluate the ability of a test compound to compete with the radioligand when binding to a D1 receptor.D1 binding assays were performed using over-expressing LTK human cell lines. To determine basic assay parameters, ligand concentrations were determined from saturation binding studies where the Kd for [3H]-SCH23390 was found to be 1.3 nM. From tissue concentration curve studies, the optimal amount of tissue was determined to be 1.75 mg/mL per 96 well plate using 0.5 nM of [3H]-SCH23390. These ligand and tissue concentrations were used in time course studies to determine linearity and equilibrium.",B,,,,2015.0,Dopamine D1 receptor,Ki,nM,6.96,347.42,4.13
CHEMBL2299004,1000.0,COc1ccc(N2CCN(CCOc3ccc4[nH]c(=O)[nH]c4c3)CC2)cc1,Scientific Literature,Binding affinity to dopamine D1 receptor (unknown origin),B,Homo sapiens,,Med Chem Res,2013.0,Dopamine D1 receptor,Ki,nM,,368.44,2.07
CHEMBL2299003,1000.0,COc1cccc(N2CCN(CCOc3ccc4[nH]c(=O)[nH]c4c3)CC2)c1,Scientific Literature,Binding affinity to dopamine D1 receptor (unknown origin),B,Homo sapiens,,Med Chem Res,2013.0,Dopamine D1 receptor,Ki,nM,,368.44,2.07
CHEMBL2298815,1000.0,Clc1ccc(N2CCN(CCCc3ccc4nc[nH]c4c3)CC2)cc1,Scientific Literature,Binding affinity to dopamine D1 receptor (unknown origin),B,Homo sapiens,,Med Chem Res,2013.0,Dopamine D1 receptor,Ki,nM,,354.88,3.97
CHEMBL4520788,717.65,CNCc1ccccc1-c1csc([C@H](C)Nc2nc(C)nc3cc(OC)c(OC)cc23)c1,SGC Frankfurt - Donated Chemical Probes,GPCRScan assay: inhibition of D1,B,Homo sapiens,,,2021.0,Dopamine D1 receptor,Ki,nM,6.14,448.59,5.58
CHEMBL24077,73.0,Oc1cc2c(cc1O)[C@@H](c1ccccc1)CNCC2,Scientific Literature,Agonist activity at dopamine D1 receptor (unknown origin),B,Homo sapiens,,ACS Med Chem Lett,2014.0,Dopamine D1 receptor,Ki,nM,7.14,255.32,2.38
CHEMBL508112,595.0,c1ccc2sc(SSc3nc4ccccc4s3)nc2c1,DrugMatrix,DRUGMATRIX: Dopamine D1 radioligand binding (ligand: [3H] SCH-23390),B,,,,,Dopamine D1 receptor,Ki,nM,6.22,332.5,5.71
CHEMBL4646927,726.0,COc1cc2c3c(c1OC)-c1cc([N+](=O)[O-])ccc1CC3N(C)CC2,Scientific Literature,Binding affinity to human D1 receptor,B,Homo sapiens,,Bioorg Med Chem Lett,2020.0,Dopamine D1 receptor,Ki,nM,6.14,340.38,3.36
CHEMBL441618,1.9,CN1CCc2ccccc2Cc2[nH]c3ccccc3c2CC1,Scientific Literature,Displacement of [3H]SCH-23390 from human cloned D1 dopamine receptor incubated for 90 mins by radioligand binding assay,B,Homo sapiens,,Medchemcomm,2015.0,Dopamine D1 receptor,Ki,nM,8.72,290.41,3.79
CHEMBL479,97.0,CSc1ccc2c(c1)N(CCC1CCCCN1C)c1ccccc1S2,DrugMatrix,DRUGMATRIX: Dopamine D1 radioligand binding (ligand: [3H] SCH-23390),B,,,,,Dopamine D1 receptor,Ki,nM,7.01,370.59,5.89
CHEMBL5403404,690.0,CCCN1CCN(c2ccc3c(c2)C(N(C)C(=O)OCc2ccccc2)CCC3)CC1,Scientific Literature,Binding affinity to human dopamine D1 receptor assessed as inhibition constant,B,Homo sapiens,,Eur J Med Chem,2022.0,Dopamine D1 receptor,Ki,nM,6.16,421.59,4.86
CHEMBL5399166,53.0,CCCCOc1cc2c(cc1O)[C@@H]1Cc3ccc(O)c(OC)c3CN1CC2,Scientific Literature,Displacement of [3H]SCH-23390 from human dopamine D1 receptor assessed as inhibition constant,B,Homo sapiens,,J Med Chem,2023.0,Dopamine D1 receptor,Ki,nM,7.28,369.46,3.94
CHEMBL3986624,25.25,COc1ccc(OC)c2c1C[C@H]1c3cc4c(cc3CCN1C2)OCCO4,BindingDB Patent Bioactivity Data,"Reception Binding Assay: Different concentrations (10^â5 M-10^â11 M) of the compound of the invention and corresponding isotope receptor ligand as well as receptor protein were loaded into the reaction tube and incubated in 30Â° C. water bath for 60 minutes. The reaction was terminated in a refrigerator. The reaction mixture was put in a Millipore filter (millipore) cell sample collector, filtered through suction filtration using GF/C glass fiber filter paper, and dried. The resulting sample was placed into 0.5 mL tube. 500 Î¼L liquid scintillation fluid was added and intensity of radioactivity was determined by counting. For dopamine D1 receptor: isotope receptor ligands [3H] SCH23390 (85.0 Ci/mmol) (D1-selective, purchased from Amersham Corporation), D1 receptor protein expressed in HEK-293 cells; For D2 dopamine receptor: isotope receptor ligands [3H] Spiperone (77.0 Ci/mmol) (D2-selective, purchased from Amersham Corporation); D2 receptor protein expressed in HEK-293 cells; For 5-HT1A receptor: isotope receptor ligands [3H] 8-OH-DPAT; 5-HT1A receptor protein expressed in HEK-293 cells; For 5-HT2A receptor: isotope receptor ligands [3H]-Ketanserin; 5-HT2A receptor protein expressed in HEK-293 cells.",B,,,,2016.0,Dopamine D1 receptor,Ki,nM,7.6,353.42,3.13
CHEMBL2057441,64.12,COc1cc2c(c(OC)c1)CN1CCc3cc(OC)c(OC)cc3[C@@H]1C2,BindingDB Patent Bioactivity Data,"Reception Binding Assay: Different concentrations (10^â5 M-10^â11 M) of the compound of the invention and corresponding isotope receptor ligand as well as receptor protein were loaded into the reaction tube and incubated in 30Â° C. water bath for 60 minutes. The reaction was terminated in a refrigerator. The reaction mixture was put in a Millipore filter (millipore) cell sample collector, filtered through suction filtration using GF/C glass fiber filter paper, and dried. The resulting sample was placed into 0.5 mL tube. 500 Î¼L liquid scintillation fluid was added and intensity of radioactivity was determined by counting. For dopamine D1 receptor: isotope receptor ligands [3H] SCH23390 (85.0 Ci/mmol) (D1-selective, purchased from Amersham Corporation), D1 receptor protein expressed in HEK-293 cells; For D2 dopamine receptor: isotope receptor ligands [3H] Spiperone (77.0 Ci/mmol) (D2-selective, purchased from Amersham Corporation); D2 receptor protein expressed in HEK-293 cells; For 5-HT1A receptor: isotope receptor ligands [3H] 8-OH-DPAT; 5-HT1A receptor protein expressed in HEK-293 cells; For 5-HT2A receptor: isotope receptor ligands [3H]-Ketanserin; 5-HT2A receptor protein expressed in HEK-293 cells.",B,,,,2016.0,Dopamine D1 receptor,Ki,nM,7.19,355.43,3.38
CHEMBL3897805,23.65,COc1ccc(OC)c2c1C[C@H]1c3cc4c(cc3CCN1C2)OCO4,BindingDB Patent Bioactivity Data,"Radioligand Binding Assay: The affinity of compounds to D1 and D2 dopamine receptors were determined by competition binding assays. Membrane homogenates of HEK293T cells were stably transfected with D1, or D2 receptors. Duplicated tubes were incubated at 30Â° C. for 50 mins (for D1, and D2) with increasing concentrations of respective compound and with [3H]SCH23390 (for D1 dopamine receptors), or [3H]Spiperone (for dopamine D2 receptor) in a final volume of 200 Î¼L binding buffer containing 50 mM Tris, 4 mM MgCl2, pH 7.4. Nonspecific binding was determined by parallel incubations with either 10 Î¼M SCH23390 for D1, or Spiperone for D2 receptors respectively. The reaction was started by addition of membranes (15 ng/tube) and stopped by rapid filtration through Whatman GF/B glassfiber filter and subsequently washed with cold buffer (50 mM Tris, 5 mM EDTA, pH 7.4) using a Brandel 24-well cell harvester. Scintillation cocktail was added and the radioactivity was determined in a MicroBeta liquid scintillation counter.",B,,,,2016.0,Dopamine D1 receptor,Ki,nM,7.63,339.39,3.09
CHEMBL155596,3.0,CCCN(CCC)[C@H]1CCc2c(ccc(O)c2O)C1,Scientific Literature,Agonist activity at dopamine D1 receptor (unknown origin),F,Homo sapiens,,Eur J Med Chem,2022.0,Dopamine D1 receptor,Ki,nM,8.52,263.38,3.08
CHEMBL305660,596.5,CC(C)(C)c1ccc(C(=O)CCCN2CCC(OC(c3ccccc3)c3ccccc3)CC2)cc1,DrugMatrix,DRUGMATRIX: Dopamine D1 radioligand binding (ligand: [3H] SCH-23390),B,,,,,Dopamine D1 receptor,Ki,nM,6.22,469.67,7.22
CHEMBL4442408,1758.0,CCCN(CCCCNC(=O)c1ccc(-c2ccccn2)cc1)CC1CC1c1cc(F)ccc1OC.Cl,Scientific Literature,Displacement of [3H]-SCH23390 from recombinant human D1 receptor transiently expressed in HEKT cell membranes measured after 90 mins by microbeta scintillation counting method,B,Homo sapiens,,J Med Chem,2020.0,Dopamine D1 receptor,Ki,nM,5.75,526.1,5.92
CHEMBL4448853,584.3,CCN(CCCSc1nnc(-c2ccccc2)n1C)CC1CC1c1cc(F)ccc1OCCF.Cl,Scientific Literature,Displacement of [3H]-SCH23390 from recombinant human D1 receptor transiently expressed in HEKT cell membranes measured after 90 mins by microbeta scintillation counting method,B,Homo sapiens,,J Med Chem,2020.0,Dopamine D1 receptor,Ki,nM,6.23,523.09,5.58
CHEMBL59,192.0,NCCc1ccc(O)c(O)c1,Scientific Literature,Binding affinity to displace [3H]- SCH 23390 against Dopamine receptor D1,B,,,J Med Chem,1990.0,Dopamine D1 receptor,Ki,nM,6.72,153.18,0.6
CHEMBL1112,1000.0,O=C1CCc2ccc(OCCCCN3CCN(c4cccc(Cl)c4Cl)CC3)cc2N1,Scientific Literature,Binding affinity to dopamine D1 receptor (unknown origin) by PDSP assay,B,Homo sapiens,,Medchemcomm,2012.0,Dopamine D1 receptor,Ki,nM,6.0,448.39,4.86
CHEMBL3896617,1003.72,COc1ccc2c(c1)CCN1Cc3c(cc(OC)c(OC)c3OC)CC21,BindingDB Patent Bioactivity Data,"Reception Binding Assay: Different concentrations (10^â5 M-10^â11 M) of the compound of the invention and corresponding isotope receptor ligand as well as receptor protein were loaded into the reaction tube and incubated in 30Â° C. water bath for 60 minutes. The reaction was terminated in a refrigerator. The reaction mixture was put in a Millipore filter (millipore) cell sample collector, filtered through suction filtration using GF/C glass fiber filter paper, and dried. The resulting sample was placed into 0.5 mL tube. 500 Î¼L liquid scintillation fluid was added and intensity of radioactivity was determined by counting. For dopamine D1 receptor: isotope receptor ligands [3H] SCH23390 (85.0 Ci/mmol) (D1-selective, purchased from Amersham Corporation), D1 receptor protein expressed in HEK-293 cells; For D2 dopamine receptor: isotope receptor ligands [3H] Spiperone (77.0 Ci/mmol) (D2-selective, purchased from Amersham Corporation); D2 receptor protein expressed in HEK-293 cells; For 5-HT1A receptor: isotope receptor ligands [3H] 8-OH-DPAT; 5-HT1A receptor protein expressed in HEK-293 cells; For 5-HT2A receptor: isotope receptor ligands [3H]-Ketanserin; 5-HT2A receptor protein expressed in HEK-293 cells.",B,,,,2016.0,Dopamine D1 receptor,Ki,nM,6.0,355.43,3.38
CHEMBL487387,12.29,COc1cc2c(cc1O)[C@@H]1Cc3ccc(O)c(OC)c3CN1CC2,Scientific Literature,Displacement of [3H]SCH23390 from D1 receptor (unknown origin) transfected in HEK293T cells after 50 mins by liquid scintillation counting analysis,B,Homo sapiens,,Bioorg Med Chem,2014.0,Dopamine D1 receptor,Ki,nM,7.91,327.38,2.77
CHEMBL460402,1000.0,CN(CCC=C1c2ccccc2CCc2ccccc21)C(=O)c1ccc(OCCCN2CCCCC2)cc1,Scientific Literature,Displacement of [3H]SCH23390 from human dopamine D1 receptor expressed in HEK cells,B,Homo sapiens,,Bioorg Med Chem Lett,2009.0,Dopamine D1 receptor,Ki,nM,,508.71,6.63
CHEMBL270299,2206.0,CC(C)(C)c1ccc(S(=O)(=O)/C=C/C#N)cc1,DrugMatrix,DRUGMATRIX: Dopamine D1 radioligand binding (ligand: [3H] SCH-23390),B,,,,,Dopamine D1 receptor,Ki,nM,5.66,249.34,2.8
CHEMBL389357,28.18,COc1ccc2c(c1)CCCN(C)CCc1ccccc1C2,Scientific Literature,Displacement of [3H]SCH23390 from human cloned dopamine D1 receptor,B,Homo sapiens,,Bioorg Med Chem Lett,2008.0,Dopamine D1 receptor,Ki,nM,7.55,295.43,3.71
CHEMBL303993,6.607,CN1CCc2cc(Cl)c(O)cc2[C@@H]1c1ccccc1,Scientific Literature,Binding potency of compound for Dopamine receptor D1 by displacing [3H]SCH-23390 radioligand,B,,,J Med Chem,1989.0,Dopamine D1 receptor,Ki,nM,8.18,273.76,3.62
CHEMBL4060461,710.0,COc1ccccc1N1CCN(CCCCOc2ccn3ncc(/C=N/O)c3c2)CC1,Scientific Literature,Displacement of [3H]SCH23390 from human Dopamine D1 receptor expressed in HEK293T cell membranes after 2 hrs by scintillation counting analysis,B,Homo sapiens,,J Med Chem,2017.0,Dopamine D1 receptor,Ki,nM,6.15,423.52,3.13
CHEMBL3137331,10000.0,CNC(=O)c1ccc(Nc2ncc(C(F)(F)F)c(NCc3nccnc3N(C)S(C)(=O)=O)n2)cc1,SGC Frankfurt - Donated Chemical Probes,GPCRScan assay: inhibition of D1,B,Homo sapiens,,,2021.0,Dopamine D1 receptor,Ki,nM,5.0,510.5,2.4
CHEMBL301265,10000.0,CCCN[C@H]1CCc2nc(N)sc2C1,Scientific Literature,Displacement of [3H]-SCH23390 from recombinant human D1 receptor transiently expressed in HEKT cell membranes measured after 90 mins by microbeta scintillation counting method,A,Homo sapiens,,J Med Chem,2020.0,Dopamine D1 receptor,Ki,nM,,211.33,1.58
CHEMBL62,1.4,CN1CCc2cc(Cl)c(O)cc2[C@@H](c2ccccc2)C1,Scientific Literature,Binding affinity to dopamine D1 receptor,B,,,Bioorg Med Chem Lett,2010.0,Dopamine D1 receptor,Ki,nM,8.85,287.79,3.67
CHEMBL201525,3.467,CN1CCc2ccccc2Cc2ccccc2CC1,Scientific Literature,Displacement of [3H]SCH23390 from human cloned dopamine D1 receptor,B,Homo sapiens,,Bioorg Med Chem Lett,2008.0,Dopamine D1 receptor,Ki,nM,8.46,251.37,3.31
CHEMBL5428803,34.0,COc1c(O)ccc2c1CN1CCc3cc(OCCF)c(O)cc3[C@@H]1C2,Scientific Literature,Displacement of [3H]SCH-23390 from human dopamine D1 receptor assessed as inhibition constant,B,Homo sapiens,,J Med Chem,2023.0,Dopamine D1 receptor,Ki,nM,7.47,359.4,3.11
CHEMBL3963862,68.0,CCCCCCOc1c(O)cc(Br)c2c1CN1CCc3cc(OC)c(O)cc3[C@@H]1C2,Scientific Literature,Displacement of [3H]SCH23390 from human D1 receptor expressed in HEKT cell membranes after 90 mins by microbeta scintillation counting method,B,Homo sapiens,,Eur J Med Chem,2017.0,Dopamine D1 receptor,Ki,nM,7.17,476.41,5.48
CHEMBL3961827,5.3,CCOc1c(O)ccc2c1CN1CCc3cc(OC)c(O)cc3[C@@H]1C2,Scientific Literature,Displacement of [3H]SCH23390 from human D1 receptor expressed in HEKT cell membranes after 90 mins by microbeta scintillation counting method,B,Homo sapiens,,Eur J Med Chem,2017.0,Dopamine D1 receptor,Ki,nM,8.28,341.41,3.16
CHEMBL3945856,31.0,CCCCCOc1c(O)ccc2c1CN1CCc3cc(OC)c(O)cc3[C@@H]1C2,Scientific Literature,Displacement of [3H]SCH23390 from human D1 receptor expressed in HEKT cell membranes after 90 mins by microbeta scintillation counting method,B,Homo sapiens,,Eur J Med Chem,2017.0,Dopamine D1 receptor,Ki,nM,7.51,383.49,4.33
CHEMBL59,18200.0,NCCc1ccc(O)c(O)c1,Scientific Literature,Affinity towards Dopamine receptor D1,B,Cercopithecidae,,J Med Chem,1998.0,Dopamine D1 receptor,Ki,nM,4.74,153.18,0.6
CHEMBL1457510,6.3,COc1c(O)ccc2c1CN1CCc3cc4c(cc3[C@@H]1C2)OCO4,Scientific Literature,Displacement of [3H]SCH23390 from dopamine D1 receptor (unknown origin) expressed in human HEK293 cells by liquid scintillation counter,B,Homo sapiens,,Bioorg Med Chem,2013.0,Dopamine D1 receptor,Ki,nM,8.2,325.36,2.79
CHEMBL2057453,35.8,COc1ccc2c(c1)C[C@H]1c3cc(O)c(OC)cc3CCN1C2,Scientific Literature,Displacement of [3H]SCH23390 from dopamine D1 receptor (unknown origin) expressed in human HEK293 cells by liquid scintillation counter,B,Homo sapiens,,Bioorg Med Chem,2013.0,Dopamine D1 receptor,Ki,nM,7.45,311.38,3.06
CHEMBL908,18.0,CN(C)CC/C=C1/c2ccccc2Sc2ccc(Cl)cc21,Scientific Literature,Displacement of [3H]SCH23390 from human dopamine D1 receptor expressed in HEK cells,B,Homo sapiens,,Bioorg Med Chem Lett,2009.0,Dopamine D1 receptor,Ki,nM,7.75,315.87,5.19
CHEMBL5431103,4600.0,COCCC(=O)N[C@H]1CC[C@H](CCN2CCN(c3cccc(Cl)c3Cl)CC2)CC1,Scientific Literature,Displacement of [3H]-SCH23390 from D1 receptor in HEK293 cell membranes by scintillation counting method,B,Homo sapiens,,J Med Chem,2023.0,Dopamine D1 receptor,Ki,nM,5.34,442.43,4.22
CHEMBL611207,103.0,CN1CCCC[C@@H]1CCN1c2ccccc2Sc2ccc([S+](C)[O-])cc21,Scientific Literature,Binding affinity towards human D1 dopamine receptor was determined by using [3H]-SCH- 23390 as radioligand,B,Homo sapiens,,Bioorg Med Chem Lett,2004.0,Dopamine D1 receptor,Ki,nM,6.99,386.59,4.9
CHEMBL2057443,64.12,COc1cc2c(c(OC)c1)CN1CCc3cc4c(cc3[C@@H]1C2)OCO4,BindingDB Patent Bioactivity Data,"Radioligand Binding Assay: The affinity of compounds to D1 and D2 dopamine receptors were determined by competition binding assays. Membrane homogenates of HEK293T cells were stably transfected with D1, or D2 receptors. Duplicated tubes were incubated at 30Â° C. for 50 mins (for D1, and D2) with increasing concentrations of respective compound and with [3H]SCH23390 (for D1 dopamine receptors), or [3H]Spiperone (for dopamine D2 receptor) in a final volume of 200 Î¼L binding buffer containing 50 mM Tris, 4 mM MgCl2, pH 7.4. Nonspecific binding was determined by parallel incubations with either 10 Î¼M SCH23390 for D1, or Spiperone for D2 receptors respectively. The reaction was started by addition of membranes (15 ng/tube) and stopped by rapid filtration through Whatman GF/B glassfiber filter and subsequently washed with cold buffer (50 mM Tris, 5 mM EDTA, pH 7.4) using a Brandel 24-well cell harvester. Scintillation cocktail was added and the radioactivity was determined in a MicroBeta liquid scintillation counter.",B,,,,2016.0,Dopamine D1 receptor,Ki,nM,7.19,339.39,3.09
CHEMBL3671305,28.1,Cc1cc(Oc2nccc3n[nH]cc23)ccc1-c1c(C)ncc(=O)n1C,BindingDB Patent Bioactivity Data,"Receptor Binding Assay: The affinity of the compounds described herein was determined by competition binding assays similar to those described in Ryman-Rasmussen et al., Differential activation of adenylate cyclase and receptor internalization by novel dopamine D1 receptor agonists, Molecular Pharmacology 68(4):1039-1048 (2005). This radioligand binding assay used [3H]-SCH23390, a radiolabeled D1 ligand, to evaluate the ability of a test compound to compete with the radioligand when binding to a D1 receptor. D1 binding assays were performed using over-expressing LTK human cell lines. To determine basic assay parameters, ligand concentrations were determined from saturation binding studies where the Kd for [3H]-SCH23390 was found to be 1.3 nM. From tissue concentration curve studies, the optimal amount of tissue was determined to be 1.75 mg/mL per 96 well plate using 0.5 nM of [3H]-SCH23390. These ligand and tissue concentrations were used in time course studies to determine linearity and equilibrium condition.",B,,,,2014.0,Dopamine D1 receptor,Ki,nM,7.55,347.38,3.13
CHEMBL4285528,1680.0,CC(C)(C)n1nccc1-c1ccc(Oc2nccc3occc23)cc1,Scientific Literature,Displacement of [3H]-SCH23390 from human dopamine D1 receptor expressed in LTK cell membranes after 30 mins by liquid scintillation counting,B,Homo sapiens,,J Med Chem,2018.0,Dopamine D1 receptor,Ki,nM,5.78,333.39,5.24
CHEMBL1112,310.0,O=C1CCc2ccc(OCCCCN3CCN(c4cccc(Cl)c4Cl)CC3)cc2N1,Scientific Literature,Displacement of [3H]SCH23390 from human D1R expressed in HEK293T cell membranes,B,Homo sapiens,,Bioorg Med Chem,2017.0,Dopamine D1 receptor,Ki,nM,6.51,448.39,4.86
CHEMBL62,0.8,CN1CCc2cc(Cl)c(O)cc2[C@@H](c2ccccc2)C1,Scientific Literature,Displacement of [3H]SCH-23390 from human dopamine D1 receptor expressed in HEK293 cells,B,Homo sapiens,,Bioorg Med Chem,2008.0,Dopamine D1 receptor,Ki,nM,9.1,287.79,3.67
CHEMBL441618,1.862,CN1CCc2ccccc2Cc2[nH]c3ccccc3c2CC1,Scientific Literature,Displacement of [3H]SCH23390 from human cloned dopamine D1 receptor,B,Homo sapiens,,Bioorg Med Chem Lett,2008.0,Dopamine D1 receptor,Ki,nM,8.73,290.41,3.79
CHEMBL3671272,30.3,Cc1ncnc(C)c1-c1ccc(Oc2nccc3[nH]ccc23)cc1F,BindingDB Patent Bioactivity Data,"Receptor Binding Assay: The affinity of the compounds described herein was determined by competition binding assays similar to those described in Ryman-Rasmussen et al., Differential activation of adenylate cyclase and receptor internalization by novel dopamine D1 receptor agonists, Molecular Pharmacology 68(4):1039-1048 (2005). This radioligand binding assay used [3H]-SCH23390, a radiolabeled D1 ligand, to evaluate the ability of a test compound to compete with the radioligand when binding to a D1 receptor. D1 binding assays were performed using over-expressing LTK human cell lines. To determine basic assay parameters, ligand concentrations were determined from saturation binding studies where the Kd for [3H]-SCH23390 was found to be 1.3 nM. From tissue concentration curve studies, the optimal amount of tissue was determined to be 1.75 mg/mL per 96 well plate using 0.5 nM of [3H]-SCH23390. These ligand and tissue concentrations were used in time course studies to determine linearity and equilibrium condition.",B,,,,2014.0,Dopamine D1 receptor,Ki,nM,7.52,334.35,4.57
CHEMBL1242923,1000.0,O=C(Cc1ccccc1)NC1CCN(CCCN2C(=O)COc3ccccc32)CC1,Scientific Literature,Binding affinity to human dopamine D1 receptor by radioligand displacement assay,B,Homo sapiens,,J Med Chem,2010.0,Dopamine D1 receptor,Ki,nM,,407.51,2.63
CHEMBL3697598,345.0,Cc1ccnc(Oc2ccc(-c3c(C)n[nH]c(=O)c3C)cc2)c1,BindingDB Patent Bioactivity Data,"Competition Binding Assay: The affinity of the compounds described herein was determined by competition binding assays similar to those described in Ryman-Rasmussen et al., Differential activation of adenylate cyclase and receptor internalization by novel dopamine D1 receptor agonists, Molecular Pharmacology 68(4):1039-1048 (2005). This radioligand binding assay used [3H]-SCH23390, a radiolabeled D1 ligand, to evaluate the ability of a test compound to compete with the radioligand when binding to a D1 receptor.D1 binding assays were performed using over-expressing LTK human cell lines. To determine basic assay parameters, ligand concentrations were determined from saturation binding studies where the Kd for [3H]-SCH23390 was found to be 1.3 nM. From tissue concentration curve studies, the optimal amount of tissue was determined to be 1.75 mg/mL per 96 well plate using 0.5 nM of [3H]-SCH23390. These ligand and tissue concentrations were used in time course studies to determine linearity and equilibrium.",B,,,,2015.0,Dopamine D1 receptor,Ki,nM,6.46,307.35,3.55
CHEMBL3697601,138.0,Cc1cc(Oc2ncc(F)cc2C)ccc1-c1c(C)n[nH]c(=O)c1C,BindingDB Patent Bioactivity Data,"Competition Binding Assay: The affinity of the compounds described herein was determined by competition binding assays similar to those described in Ryman-Rasmussen et al., Differential activation of adenylate cyclase and receptor internalization by novel dopamine D1 receptor agonists, Molecular Pharmacology 68(4):1039-1048 (2005). This radioligand binding assay used [3H]-SCH23390, a radiolabeled D1 ligand, to evaluate the ability of a test compound to compete with the radioligand when binding to a D1 receptor.D1 binding assays were performed using over-expressing LTK human cell lines. To determine basic assay parameters, ligand concentrations were determined from saturation binding studies where the Kd for [3H]-SCH23390 was found to be 1.3 nM. From tissue concentration curve studies, the optimal amount of tissue was determined to be 1.75 mg/mL per 96 well plate using 0.5 nM of [3H]-SCH23390. These ligand and tissue concentrations were used in time course studies to determine linearity and equilibrium.",B,,,,2015.0,Dopamine D1 receptor,Ki,nM,6.86,339.37,4.0
CHEMBL3697581,0.571,Cc1cc(Oc2ncccc2I)ccc1-c1c(C)n[nH]c(=O)c1C,BindingDB Patent Bioactivity Data,"Competition Binding Assay: The affinity of the compounds described herein was determined by competition binding assays similar to those described in Ryman-Rasmussen et al., Differential activation of adenylate cyclase and receptor internalization by novel dopamine D1 receptor agonists, Molecular Pharmacology 68(4):1039-1048 (2005). This radioligand binding assay used [3H]-SCH23390, a radiolabeled D1 ligand, to evaluate the ability of a test compound to compete with the radioligand when binding to a D1 receptor.D1 binding assays were performed using over-expressing LTK human cell lines. To determine basic assay parameters, ligand concentrations were determined from saturation binding studies where the Kd for [3H]-SCH23390 was found to be 1.3 nM. From tissue concentration curve studies, the optimal amount of tissue was determined to be 1.75 mg/mL per 96 well plate using 0.5 nM of [3H]-SCH23390. These ligand and tissue concentrations were used in time course studies to determine linearity and equilibrium.",B,,,,2015.0,Dopamine D1 receptor,Ki,nM,9.24,433.25,4.15
CHEMBL3697586,109.0,Cc1c(-c2ccc(Oc3ncccc3OC(F)F)cc2)n(C)c(=O)[nH]c1=O,BindingDB Patent Bioactivity Data,"Competition Binding Assay: The affinity of the compounds described herein was determined by competition binding assays similar to those described in Ryman-Rasmussen et al., Differential activation of adenylate cyclase and receptor internalization by novel dopamine D1 receptor agonists, Molecular Pharmacology 68(4):1039-1048 (2005). This radioligand binding assay used [3H]-SCH23390, a radiolabeled D1 ligand, to evaluate the ability of a test compound to compete with the radioligand when binding to a D1 receptor.D1 binding assays were performed using over-expressing LTK human cell lines. To determine basic assay parameters, ligand concentrations were determined from saturation binding studies where the Kd for [3H]-SCH23390 was found to be 1.3 nM. From tissue concentration curve studies, the optimal amount of tissue was determined to be 1.75 mg/mL per 96 well plate using 0.5 nM of [3H]-SCH23390. These ligand and tissue concentrations were used in time course studies to determine linearity and equilibrium.",B,,,,2015.0,Dopamine D1 receptor,Ki,nM,6.96,375.33,2.84
CHEMBL3697589,30.5,Cc1cc(Oc2ncccc2Cl)ccc1-c1c(C)n[nH]c(=O)c1C,BindingDB Patent Bioactivity Data,"Competition Binding Assay: The affinity of the compounds described herein was determined by competition binding assays similar to those described in Ryman-Rasmussen et al., Differential activation of adenylate cyclase and receptor internalization by novel dopamine D1 receptor agonists, Molecular Pharmacology 68(4):1039-1048 (2005). This radioligand binding assay used [3H]-SCH23390, a radiolabeled D1 ligand, to evaluate the ability of a test compound to compete with the radioligand when binding to a D1 receptor.D1 binding assays were performed using over-expressing LTK human cell lines. To determine basic assay parameters, ligand concentrations were determined from saturation binding studies where the Kd for [3H]-SCH23390 was found to be 1.3 nM. From tissue concentration curve studies, the optimal amount of tissue was determined to be 1.75 mg/mL per 96 well plate using 0.5 nM of [3H]-SCH23390. These ligand and tissue concentrations were used in time course studies to determine linearity and equilibrium.",B,,,,2015.0,Dopamine D1 receptor,Ki,nM,7.52,341.8,4.2
CHEMBL5399422,87.0,CCCCCCOc1cc2c(cc1O)[C@@H]1Cc3ccc(O)c(OCCC)c3CN1CC2,Scientific Literature,Displacement of [3H]SCH-23390 from human dopamine D1 receptor assessed as inhibition constant,B,Homo sapiens,,J Med Chem,2023.0,Dopamine D1 receptor,Ki,nM,7.06,425.57,5.5
CHEMBL85,580.0,Cc1nc2n(c(=O)c1CCN1CCC(c3noc4cc(F)ccc34)CC1)CCCC2,Scientific Literature,Binding affinity to human cloned dopamine D1 receptor,B,Homo sapiens,,Bioorg Med Chem,2008.0,Dopamine D1 receptor,Ki,nM,6.24,410.49,3.59
CHEMBL4225278,174.0,CCCCCCCCCN1CCC(c2cccc(O)c2)C1,Scientific Literature,Displacement of [3H]SCH23390 from human dopamine D1 receptor expressed in HEK293T cell membranes by radioligand binding assay,B,Homo sapiens,,Bioorg Med Chem Lett,2018.0,Dopamine D1 receptor,Ki,nM,6.76,289.46,4.93
CHEMBL3735756,1682.0,COc1ccc(CCN(CCCc2ccccc2)CCc2ccc3c(c2)OCO3)cc1OC,Scientific Literature,Displacement of [3H]SCH23390 from human recombinant dopamine D1 receptor expressed in HEKT cell membrane after 90 mins by scintillation counting method,B,Homo sapiens,,Medchemcomm,2015.0,Dopamine D1 receptor,Ki,nM,5.77,447.58,5.15
CHEMBL716,1300.0,OCCOCCN1CCN(C2=Nc3ccccc3Sc3ccccc32)CC1,Scientific Literature,Binding affinity to human cloned dopamine D1 receptor,B,Homo sapiens,,Bioorg Med Chem,2008.0,Dopamine D1 receptor,Ki,nM,5.89,383.52,2.86
CHEMBL487387,5.9,COc1cc2c(cc1O)[C@@H]1Cc3ccc(O)c(OC)c3CN1CC2,Scientific Literature,Displacement of [3H]SCH23390 from human D1 receptor expressed in HEKT cell membranes after 90 mins by microbeta scintillation counting method,B,Homo sapiens,,Eur J Med Chem,2017.0,Dopamine D1 receptor,Ki,nM,8.23,327.38,2.77
CHEMBL3697617,8.54,Cc1cc(Oc2ncccc2C(F)(F)F)ccc1-c1c(C)c(=O)[nH]c(=O)n1C,Scientific Literature,Partial agonist activity at human D1R,B,Homo sapiens,,J Med Chem,2019.0,Dopamine D1 receptor,Ki,nM,8.07,391.35,3.56
CHEMBL493,1444.0,CC(C)C[C@H]1C(=O)N2CCC[C@H]2[C@]2(O)O[C@](NC(=O)[C@@H]3C=C4c5cccc6[nH]c(Br)c(c56)C[C@H]4N(C)C3)(C(C)C)C(=O)N12,DrugMatrix,DRUGMATRIX: Dopamine D1 radioligand binding (ligand: [3H] SCH-23390),B,,,,,Dopamine D1 receptor,Ki,nM,5.84,654.61,3.19
CHEMBL3966718,77.0,CCCCCCOc1c(O)ccc2c1CN1CCc3cc(OC)c(O)cc3[C@@H]1C2,Scientific Literature,Displacement of [3H]SCH23390 from human D1 receptor expressed in HEKT cell membranes after 90 mins by microbeta scintillation counting method,B,Homo sapiens,,Eur J Med Chem,2017.0,Dopamine D1 receptor,Ki,nM,7.11,397.52,4.72
CHEMBL3936976,65.0,CCC(C)Oc1c(O)ccc2c1CN1CCc3cc(OC)c(O)cc3[C@@H]1C2,Scientific Literature,Displacement of [3H]SCH23390 from human D1 receptor expressed in HEKT cell membranes after 90 mins by microbeta scintillation counting method,B,Homo sapiens,,Eur J Med Chem,2017.0,Dopamine D1 receptor,Ki,nM,7.19,369.46,3.94
CHEMBL3325906,370.0,Cc1cccc(CNc2cc3c(cc2O)C(c2ccccc2)CN(C)CC3)c1,Scientific Literature,Displacement of [3H]SCH23390 from human dopamine D1 receptor expressed in HEK293 cell membranes by liquid scintillation counting based competition binding assay,B,Homo sapiens,,Eur J Med Chem,2014.0,Dopamine D1 receptor,Ki,nM,6.43,372.51,4.93
CHEMBL4544086,360.0,COc1ccccc1N1CCN(CCCNC(=O)NN(Cc2ccc(F)cc2)c2ccccc2)CC1,Scientific Literature,Displacement of [3H] SCH23390 from D1 receptor (unknown origin),B,Homo sapiens,,J Med Chem,2019.0,Dopamine D1 receptor,Ki,nM,6.44,491.61,4.27
CHEMBL629,178.0,CN(C)CCC=C1c2ccccc2CCc2ccccc21,DrugMatrix,DRUGMATRIX: Dopamine D1 radioligand binding (ligand: [3H] SCH-23390),B,,,,,Dopamine D1 receptor,Ki,nM,6.75,277.41,4.17
CHEMBL201093,207.0,CN1CCc2ccccc2Cc2ccsc2CC1,Scientific Literature,Inhibition of binding to human D1 receptor expressed in HEK 293 cells by functional calcium assay,F,Homo sapiens,,J Med Chem,2006.0,Dopamine D1 receptor,Ki,nM,6.68,257.4,3.37
CHEMBL62,1.24,CN1CCc2cc(Cl)c(O)cc2[C@@H](c2ccccc2)C1,Scientific Literature,Displacement of [3H]SCH23390 from human dopamine D1 receptor expressed in HEK293 cells,B,Homo sapiens,,Bioorg Med Chem,2012.0,Dopamine D1 receptor,Ki,nM,8.91,287.79,3.67
CHEMBL441618,60.4,CN1CCc2ccccc2Cc2[nH]c3ccccc3c2CC1,Scientific Literature,Inhibition of D1 dopamine receptor in HEK 293 cells by intracellular calcium assay,F,Homo sapiens,,J Med Chem,2006.0,Dopamine D1 receptor,Ki,nM,7.22,290.41,3.79
CHEMBL4550187,992.0,CCCN(CCCCNC(=O)c1ccc2ccccc2c1)CC1CC1c1ccc(F)cc1.Cl,Scientific Literature,Displacement of [3H]-SCH23390 from recombinant human D1 receptor transiently expressed in HEKT cell membranes measured after 90 mins by microbeta scintillation counting method,B,Homo sapiens,,J Med Chem,2020.0,Dopamine D1 receptor,Ki,nM,6.0,469.04,6.0
CHEMBL4440698,1078.0,COc1ccc(F)cc1C1CC1CN(CCCSc1nnc(-c2ccccc2)n1C)CC1CC1.Cl,Scientific Literature,Displacement of [3H]-SCH23390 from recombinant human D1 receptor transiently expressed in HEKT cell membranes measured after 90 mins by microbeta scintillation counting method,B,Homo sapiens,,J Med Chem,2020.0,Dopamine D1 receptor,Ki,nM,5.97,517.11,5.63
CHEMBL62,0.3,CN1CCc2cc(Cl)c(O)cc2[C@@H](c2ccccc2)C1,Scientific Literature,Binding affinity to displace [3H]- SCH 23390 against Dopamine receptor D1,B,,,J Med Chem,1990.0,Dopamine D1 receptor,Ki,nM,9.52,287.79,3.67
CHEMBL53294,5000.0,CCCN1CCc2cc(OC)cc3c2[C@H]1Cc1ccc(O)c(O)c1-3,Scientific Literature,Binding affinity to dopamine D1 receptor low binding site by radioligand displacement assay,B,,,ACS Med Chem Lett,2011.0,Dopamine D1 receptor,Ki,nM,,325.41,3.64
CHEMBL24077,1.0,Oc1cc2c(cc1O)[C@@H](c1ccccc1)CNCC2,Scientific Literature,Agonist activity at dopamine D1 receptor (unknown origin),B,Homo sapiens,,Bioorg Med Chem Lett,2020.0,Dopamine D1 receptor,Ki,nM,9.0,255.32,2.38
CHEMBL4085752,20000.0,O/N=C/c1cnn2ccc(OCCCCN3CCN(c4ccc(O)c5c4OCCO5)CC3)cc12,Scientific Literature,Displacement of [3H]SCH23390 from human D1R expressed in HEK293T cell membranes,B,Homo sapiens,,Bioorg Med Chem,2017.0,Dopamine D1 receptor,Ki,nM,,467.53,2.6
CHEMBL42,44.0,CN1CCN(C2=Nc3cc(Cl)ccc3Nc3ccccc32)CC1,Scientific Literature,Antagonist activity at human D1 receptor expressed in CHO cells assessed as inhibition of dopamine-induced calcium accumulation,F,Homo sapiens,,Bioorg Med Chem Lett,2021.0,Dopamine D1 receptor,Ki,nM,7.36,326.83,3.72
CHEMBL24077,320.0,Oc1cc2c(cc1O)[C@@H](c1ccccc1)CNCC2,Scientific Literature,Affinity towards Dopamine receptor D1,B,Cercopithecidae,,J Med Chem,1998.0,Dopamine D1 receptor,Ki,nM,6.5,255.32,2.38
CHEMBL540612,1132.0,COc1ccccc1N1CCN(CCCCNC(=O)c2ccc3ccccc3c2)CC1.Cl,Scientific Literature,Displacement of [3H]-SCH23390 from recombinant human D1 receptor transiently expressed in HEKT cell membranes measured after 90 mins by microbeta scintillation counting method,B,Homo sapiens,,J Med Chem,2020.0,Dopamine D1 receptor,Ki,nM,5.95,454.01,4.18
CHEMBL441618,10.0,CN1CCc2ccccc2Cc2[nH]c3ccccc3c2CC1,Scientific Literature,Antagonist activity at dopamine D1 receptor (unknown origin),B,Homo sapiens,,ACS Med Chem Lett,2014.0,Dopamine D1 receptor,Ki,nM,,290.41,3.79
CHEMBL3797876,890.0,COc1ccccc1OCCNC[C@H](O)c1ccc(O)c(O)c1,Scientific Literature,Displacement of [3H]SCH23390 from human D1 receptor expressed in HEK293 cells,B,Homo sapiens,,Bioorg Med Chem,2016.0,Dopamine D1 receptor,Ki,nM,6.05,319.36,1.81
CHEMBL4862890,10000.0,COc1ccc(F)cc1[C@H]1C[C@@H]1CNCCCCOc1ccc2ccc(=O)[nH]c2c1,Scientific Literature,Displacement of [3H]-SCH23390 from D1 receptor (unknown origin) expressed in HEK293T cell membranes measured after 2 hrs by microbeta scintillation counting method,B,Homo sapiens,,J Med Chem,2021.0,Dopamine D1 receptor,Ki,nM,,410.49,4.23
CHEMBL4633772,58.0,C#CCOc1c(OC)cc2c3c1-c1cc(NC(C)=O)ccc1CC3N(C)CC2,Scientific Literature,Binding affinity to human D1 receptor,B,Homo sapiens,,Bioorg Med Chem Lett,2020.0,Dopamine D1 receptor,Ki,nM,7.24,376.46,3.42
CHEMBL1628227,344.0,CN(C)CCC=C1c2ccccc2COc2ccccc21,DrugMatrix,DRUGMATRIX: Dopamine D1 radioligand binding (ligand: [3H] SCH-23390),B,,,,,Dopamine D1 receptor,Ki,nM,6.46,279.38,3.96
CHEMBL298406,1.2,CN1CCc2cc(Cl)c(O)cc2[C@H]2c3ccccc3CC[C@@H]21,Scientific Literature,Binding affinity to dopamine D1 receptor,B,,,Bioorg Med Chem Lett,2010.0,Dopamine D1 receptor,Ki,nM,8.92,313.83,3.98
CHEMBL286080,190.0,Oc1cc2c(cc1O)C(c1ccccc1)CNCC2,Scientific Literature,Agonist activity at dopamine D1 receptor,F,,,Bioorg Med Chem,2009.0,Dopamine D1 receptor,Ki,nM,6.72,255.32,2.38
CHEMBL4439544,1380.0,CCCN(CCCCNC(=O)c1cc2ccccc2[nH]1)C[C@@H]1C[C@H]1c1cccc(Cl)c1Cl.Cl,Scientific Literature,Displacement of [3H]-SCH23390 from recombinant human D1 receptor transiently expressed in HEKT cell membranes measured after 90 mins by microbeta scintillation counting method,B,Homo sapiens,,J Med Chem,2020.0,Dopamine D1 receptor,Ki,nM,5.86,508.92,6.5
CHEMBL4593394,1071.0,CCCN(CCCCNC(=O)c1ccc(-c2ccccn2)cc1)C[C@H]1C[C@@H]1c1cc(F)ccc1OC.Cl,Scientific Literature,Displacement of [3H]-SCH23390 from recombinant human D1 receptor transiently expressed in HEKT cell membranes measured after 90 mins by microbeta scintillation counting method,B,Homo sapiens,,J Med Chem,2020.0,Dopamine D1 receptor,Ki,nM,5.97,526.1,5.92
CHEMBL4543870,1308.0,CCCN(CCCCNC(=O)c1ccc(-c2ccccn2)cc1)CC1CC1c1ccc(Cl)cc1.Cl,Scientific Literature,Displacement of [3H]-SCH23390 from recombinant human D1 receptor transiently expressed in HEKT cell membranes measured after 90 mins by microbeta scintillation counting method,B,Homo sapiens,,J Med Chem,2020.0,Dopamine D1 receptor,Ki,nM,5.88,512.53,6.43
CHEMBL4525624,940.0,CCCN(CCCCNC(=O)c1ccc2ccccc2c1)CC1CC1c1cccc(Cl)c1.Cl,Scientific Literature,Displacement of [3H]-SCH23390 from recombinant human D1 receptor transiently expressed in HEKT cell membranes measured after 90 mins by microbeta scintillation counting method,B,Homo sapiens,,J Med Chem,2020.0,Dopamine D1 receptor,Ki,nM,6.03,485.5,6.52
CHEMBL4577162,818.0,CCCN(CCCCNC(=O)c1cc2ccccc2[nH]1)CC1CC1c1cc(Cl)ccc1OC.Cl,Scientific Literature,Displacement of [3H]-SCH23390 from recombinant human D1 receptor transiently expressed in HEKT cell membranes measured after 90 mins by microbeta scintillation counting method,B,Homo sapiens,,J Med Chem,2020.0,Dopamine D1 receptor,Ki,nM,6.09,504.5,5.86
CHEMBL4454872,967.0,CCCN(CCCCNC(=O)c1ccc2ccccc2c1)CC1CC1c1cc(F)ccc1OC.Cl,Scientific Literature,Displacement of [3H]-SCH23390 from recombinant human D1 receptor transiently expressed in HEKT cell membranes measured after 90 mins by microbeta scintillation counting method,B,Homo sapiens,,J Med Chem,2020.0,Dopamine D1 receptor,Ki,nM,6.01,499.07,6.01
CHEMBL4590966,1724.6,CCN(CCCSc1nnc(-c2ccccc2)n1C)CC1CC1c1cc(F)ccc1OC.Cl,Scientific Literature,Displacement of [3H]-SCH23390 from recombinant human D1 receptor transiently expressed in HEKT cell membranes measured after 90 mins by microbeta scintillation counting method,B,Homo sapiens,,J Med Chem,2020.0,Dopamine D1 receptor,Ki,nM,5.76,491.08,5.24
CHEMBL4585289,1467.8,CN(CCCSc1nnc(-c2ccccc2)n1C)CC1CC1c1cc(F)ccc1OCCF.Cl,Scientific Literature,Displacement of [3H]-SCH23390 from recombinant human D1 receptor transiently expressed in HEKT cell membranes measured after 90 mins by microbeta scintillation counting method,B,Homo sapiens,,J Med Chem,2020.0,Dopamine D1 receptor,Ki,nM,5.83,509.07,5.19
CHEMBL19215,37.0,CN1C[C@H](CNC(=O)OCc2ccccc2)C[C@@H]2c3cccc4c3c(cn4C)C[C@H]21,DrugMatrix,DRUGMATRIX: Dopamine D1 radioligand binding (ligand: [3H] SCH-23390),B,,,,,Dopamine D1 receptor,Ki,nM,7.43,403.53,4.06
CHEMBL42,21.38,CN1CCN(C2=Nc3cc(Cl)ccc3Nc3ccccc32)CC1,Scientific Literature,Displacement of [3H]SCH23390 from human dopamine D1 receptor,B,Homo sapiens,,Bioorg Med Chem Lett,2009.0,Dopamine D1 receptor,Ki,nM,7.67,326.83,3.72
CHEMBL4764883,100000.0,C[C@H]1CO[C@@H](c2ccc(N)nc2)CN1CC(O)CCNC(=O)c1cc2ccccc2[nH]1,Scientific Literature,Displacement of [3H]-SCH23390 from human D1 receptor expressed in HEK293 cells after 60 mins by microbeta counting based assay,B,Homo sapiens,,ACS Med Chem Lett,2020.0,Dopamine D1 receptor,Ki,nM,,423.52,2.09
CHEMBL97424,100000.0,CCCN1CCO[C@H]2c3cc(O)ccc3OC[C@@H]21,Scientific Literature,Displacement of [3H]-SCH23390 from human D1 receptor expressed in HEK293 cells after 60 mins by microbeta counting based assay,B,Homo sapiens,,ACS Med Chem Lett,2020.0,Dopamine D1 receptor,Ki,nM,,249.31,1.94
CHEMBL432579,10000.0,Cc1sc(C)c2c1CCCc1c[nH]nc1-2,Scientific Literature,Binding affinity towards Dopamine receptor D1 was determined,B,,,Bioorg Med Chem Lett,2003.0,Dopamine D1 receptor,Ki,nM,,218.32,3.24
CHEMBL5399393,147.0,CCCCCCOc1cc2c(cc1O)[C@@H]1Cc3c(Br)cc(O)c(OCCC)c3CN1CC2,Scientific Literature,Displacement of [3H]SCH-23390 from human dopamine D1 receptor assessed as inhibition constant,B,Homo sapiens,,J Med Chem,2023.0,Dopamine D1 receptor,Ki,nM,6.83,504.47,6.26
CHEMBL5436253,19.0,CCCCCCOc1cc2c(cc1O)[C@@H]1Cc3c(Br)cc(O)c(OCC)c3CN1CC2,Scientific Literature,Displacement of [3H]SCH-23390 from human dopamine D1 receptor assessed as inhibition constant,B,Homo sapiens,,J Med Chem,2023.0,Dopamine D1 receptor,Ki,nM,7.72,490.44,5.87
CHEMBL231070,3.2,CN1CCCc2ccccc2Cc2ccc(O)cc2CC1,Scientific Literature,Displacement of [3H]SCH 23390 from human dopamine D1 receptor,B,Homo sapiens,,J Med Chem,2007.0,Dopamine D1 receptor,Ki,nM,8.49,281.4,3.4
CHEMBL212608,157.0,CN1CCN(C2=Nc3cc(Cl)ccc3N(NC(=O)c3ccccc3)c3ccccc32)CC1,Scientific Literature,Displacement of [3H]SCH 23390 from human dopamine D1 receptor expressed in CHO cells,B,Homo sapiens,,Bioorg Med Chem Lett,2006.0,Dopamine D1 receptor,Ki,nM,6.8,445.95,4.46
CHEMBL212608,157.0,CN1CCN(C2=Nc3cc(Cl)ccc3N(NC(=O)c3ccccc3)c3ccccc32)CC1,Scientific Literature,Displacement of [3H]SCH 23390 from dopamine D1 receptor expressed in CHO cells,B,Homo sapiens,,Bioorg Med Chem Lett,2006.0,Dopamine D1 receptor,Ki,nM,6.8,445.95,4.46
CHEMBL3216146,135.0,CN(C)c1ccc(Cc2ccc3c4c2-c2c(ccc(O)c2O)C[C@H]4N(C)CC3)cc1.Cl.Cl,Scientific Literature,Displacement of [3H]SCH23390 from human dopamine D1 receptor expressed in HEK293 cells by scintillation counting analysis,B,Homo sapiens,,Bioorg Med Chem,2013.0,Dopamine D1 receptor,Ki,nM,6.87,473.44,4.51
CHEMBL5189986,10000.0,Cc1ccc(CN2CCC[C@H](OCc3ccc(F)c(C)c3)C2)cc1,Scientific Literature,Displacement of [3H]SCH23390 from D1 receptor in HEK293 cell membrane assessed as inhibition constant,B,Homo sapiens,,Eur J Med Chem,2022.0,Dopamine D1 receptor,Ki,nM,,327.44,4.62
CHEMBL1644978,798.0,OC1(c2ccc(Cl)c(C(F)(F)F)c2)CCN(CCCCC(c2ccc(F)cc2)c2ccc(F)cc2)CC1,Scientific Literature,Displacement of [3H]SCH23390 from human dopamine D1 receptor expressed in HEK293T cells by radioligand binding assay,B,Homo sapiens,,Bioorg Med Chem Lett,2018.0,Dopamine D1 receptor,Ki,nM,6.1,538.0,7.92
CHEMBL4293356,254.0,Cc1cc(Oc2nccc3occc23)ccc1-c1ccnn1C,Scientific Literature,Displacement of [3H]-SCH23390 from human dopamine D1 receptor expressed in LTK cell membranes after 30 mins by liquid scintillation counting,B,Homo sapiens,,J Med Chem,2018.0,Dopamine D1 receptor,Ki,nM,6.59,305.34,4.33
CHEMBL4283176,563.0,Cc1cc(Oc2nccc3occc23)ccc1-c1ccnn1C(C)(C)C,Scientific Literature,Displacement of [3H]-SCH23390 from human dopamine D1 receptor expressed in LTK cell membranes after 30 mins by liquid scintillation counting,B,Homo sapiens,,J Med Chem,2018.0,Dopamine D1 receptor,Ki,nM,6.25,347.42,5.55
CHEMBL4642805,126.4,COc1cc2c(cc1O)C(c1ccccc1)CNCC2,Scientific Literature,Displacement of [3H]SCH23390 from dopamine D1 receptor (unknown origin),B,Homo sapiens,,Bioorg Med Chem Lett,2020.0,Dopamine D1 receptor,Ki,nM,6.9,269.34,2.68
CHEMBL4637938,132.9,C=CCN1CCc2cc(O)c(O)cc2C(c2ccccc2Br)C1,Scientific Literature,Displacement of [3H]SCH23390 from dopamine D1 receptor (unknown origin),B,Homo sapiens,,Bioorg Med Chem Lett,2020.0,Dopamine D1 receptor,Ki,nM,6.88,374.28,4.04
CHEMBL190461,2700.0,C=C(C)[C@@H]1CCC(C)=C[C@H]1c1c(O)cc(CCCCC)cc1O,Scientific Literature,Inhibition of D1 dopamine receptor (unknown origin),B,Homo sapiens,,J Med Chem,2020.0,Dopamine D1 receptor,Ki,nM,5.57,314.47,5.85
CHEMBL2436555,10000.0,Cl.NC1=Nc2ccc(Cl)cc2CN1,Scientific Literature,Displacement of [3H]SCH23390 from human recombinant dopamine D1 receptor expressed in HEK cells after 90 mins by scintillation counting analysis,B,Homo sapiens,,Bioorg Med Chem Lett,2013.0,Dopamine D1 receptor,Ki,nM,,218.09,1.39
CHEMBL285802,29.0,CN(C)CCOC1=Cc2ccccc2Sc2ccc(Cl)cc21,Scientific Literature,Binding affinity against dopamine receptor D1,B,,,J Med Chem,2001.0,Dopamine D1 receptor,Ki,nM,7.54,331.87,4.88
CHEMBL478671,12.0,CCCC(=O)Oc1cccc2c1-c1cccc3c1[C@@H](C2)N(CCC)CC3,Scientific Literature,Displacement of [3H]8OH-DPAT from human dopamine D1 receptor expressed in HEK293 cells,B,Homo sapiens,,Bioorg Med Chem,2008.0,Dopamine D1 receptor,Ki,nM,7.92,349.47,4.92
CHEMBL240773,524810.0,CCCN1CCC[C@@H]2Cc3[nH]ncc3C[C@H]21,Scientific Literature,Affinity towards Dopamine receptor D1,B,Cercopithecidae,,J Med Chem,1998.0,Dopamine D1 receptor,Ki,nM,,219.33,2.0
CHEMBL4576555,1496.83,CN1CCN(C(=O)C(C)(C)c2ccc(C(=O)Nc3cn4cc(-c5cc(C(C)(C)C)cc(C(C)(C)C)c5)ccc4n3)cc2)CC1,SGC Frankfurt - Donated Chemical Probes,GPCRScan assay: inhibition of D1,B,Homo sapiens,,,2021.0,Dopamine D1 receptor,Ki,nM,5.83,593.82,6.9
CHEMBL554009,1.2,Br.CN1CCc2c(cc(O)c(O)c2Br)C(c2ccccc2)C1,Scientific Literature,The compound was evaluated for the dissociation constant for inhibiting the binding of [3H]-SCH- 23390 at dopamine receptor D1,B,Canis lupus familiaris,,J Med Chem,1991.0,Dopamine D1 receptor,Ki,nM,8.92,429.15,3.48
CHEMBL1160787,30.0,Oc1cc2c(c(Cl)c1O)CCNC[C@@H]2c1ccccc1,Scientific Literature,Affinity towards Dopamine receptor D1,B,Cercopithecidae,,J Med Chem,1998.0,Dopamine D1 receptor,Ki,nM,7.52,289.76,3.03
CHEMBL298406,1.2,CN1CCc2cc(Cl)c(O)cc2[C@H]2c3ccccc3CC[C@@H]21,Scientific Literature,Displacement of [3H]SCh23390 from dopamine D1 receptor expressed in mouse LTK cells by scintillation counting,B,,,Bioorg Med Chem Lett,2010.0,Dopamine D1 receptor,Ki,nM,8.92,313.83,3.98
CHEMBL27559,10000.0,CCCN1CCc2cccc3c2[C@H]1Cc1cccc(O)c1-3,Scientific Literature,Displacement of [3H]SCH23390 from dopamine D1 receptor expressed in HEK293 cells by liquid scintillation counting,B,,,J Med Chem,2010.0,Dopamine D1 receptor,Ki,nM,,279.38,3.92
CHEMBL2165126,825.0,O=C1CCc2ccc(OCCCCN3CCCN(c4cccc(Cl)c4Cl)CC3)cc2N1,BindingDB Patent Bioactivity Data,"Radioligand Binding Assay: Membranes prepared as above were resuspended to 1 ug protein/ul (measured by Bradford assay using BSA as standard), and 50 ul were added to each well of a polypropylene 96-well plate containing (per well): 50 ul of buffer (20 mM HEPES, 10 mM MgCl2, 1 mM EDTA, 1 mM EGTA, 100 mM N-methyl-D-gluconate, pH 7.4), 50 ul of 1.5 nM [3H]N-methylspiperone (final concentration 0.3 nM) and reference or D2 test ligand at various concentrations ranging from 50 uM to 50 uM (final concentrations ranging from 10 uM to 10 uM, triplicate determinations for each concentration of D2 test ligand). After a 1.5-hr incubation in the dark at room temperature, the reactions were harvested onto 0.3% PEI-soaked Filtermax GF/A filters (Wallac) and washed three times with ice-cold 50 mM Tris, pH 7.4 using a Perkin-Elmer Filtermate 96-well harvester. The filters were subsequently dried, placed on a hot plate (100Â° C.), and Melitilex-A (Wallac) scintillant was applied.",B,,,,2015.0,Dopamine D1 receptor,Ki,nM,6.08,462.42,5.25
CHEMBL3917753,6.72,COc1ccc(OC)c2c1C[C@H]1c3cc(O)c(O)cc3CCN1C2,BindingDB Patent Bioactivity Data,"Reception Binding Assay: Different concentrations (10^â5 M-10^â11 M) of the compound of the invention and corresponding isotope receptor ligand as well as receptor protein were loaded into the reaction tube and incubated in 30Â° C. water bath for 60 minutes. The reaction was terminated in a refrigerator. The reaction mixture was put in a Millipore filter (millipore) cell sample collector, filtered through suction filtration using GF/C glass fiber filter paper, and dried. The resulting sample was placed into 0.5 mL tube. 500 Î¼L liquid scintillation fluid was added and intensity of radioactivity was determined by counting. For dopamine D1 receptor: isotope receptor ligands [3H] SCH23390 (85.0 Ci/mmol) (D1-selective, purchased from Amersham Corporation), D1 receptor protein expressed in HEK-293 cells; For D2 dopamine receptor: isotope receptor ligands [3H] Spiperone (77.0 Ci/mmol) (D2-selective, purchased from Amersham Corporation); D2 receptor protein expressed in HEK-293 cells; For 5-HT1A receptor: isotope receptor ligands [3H] 8-OH-DPAT; 5-HT1A receptor protein expressed in HEK-293 cells; For 5-HT2A receptor: isotope receptor ligands [3H]-Ketanserin; 5-HT2A receptor protein expressed in HEK-293 cells.",B,,,,2016.0,Dopamine D1 receptor,Ki,nM,8.17,327.38,2.77
CHEMBL3697618,82.3,Cc1cnc(Oc2ccc(-c3c(C)c(=O)[nH]c(=O)n3C)c(C)c2)c(Cl)c1,BindingDB Patent Bioactivity Data,"Competition Binding Assay: The affinity of the compounds described herein was determined by competition binding assays similar to those described in Ryman-Rasmussen et al., Differential activation of adenylate cyclase and receptor internalization by novel dopamine D1 receptor agonists, Molecular Pharmacology 68(4):1039-1048 (2005). This radioligand binding assay used [3H]-SCH23390, a radiolabeled D1 ligand, to evaluate the ability of a test compound to compete with the radioligand when binding to a D1 receptor.D1 binding assays were performed using over-expressing LTK human cell lines. To determine basic assay parameters, ligand concentrations were determined from saturation binding studies where the Kd for [3H]-SCH23390 was found to be 1.3 nM. From tissue concentration curve studies, the optimal amount of tissue was determined to be 1.75 mg/mL per 96 well plate using 0.5 nM of [3H]-SCH23390. These ligand and tissue concentrations were used in time course studies to determine linearity and equilibrium.",B,,,,2015.0,Dopamine D1 receptor,Ki,nM,7.08,371.82,3.51
CHEMBL3697583,10.1,Cc1cc(Oc2nccc(C)c2OC(F)F)ccc1-c1c(C)c(=O)[nH]c(=O)n1C,BindingDB Patent Bioactivity Data,"Competition Binding Assay: The affinity of the compounds described herein was determined by competition binding assays similar to those described in Ryman-Rasmussen et al., Differential activation of adenylate cyclase and receptor internalization by novel dopamine D1 receptor agonists, Molecular Pharmacology 68(4):1039-1048 (2005). This radioligand binding assay used [3H]-SCH23390, a radiolabeled D1 ligand, to evaluate the ability of a test compound to compete with the radioligand when binding to a D1 receptor.D1 binding assays were performed using over-expressing LTK human cell lines. To determine basic assay parameters, ligand concentrations were determined from saturation binding studies where the Kd for [3H]-SCH23390 was found to be 1.3 nM. From tissue concentration curve studies, the optimal amount of tissue was determined to be 1.75 mg/mL per 96 well plate using 0.5 nM of [3H]-SCH23390. These ligand and tissue concentrations were used in time course studies to determine linearity and equilibrium.",B,,,,2015.0,Dopamine D1 receptor,Ki,nM,8.0,403.39,3.45
CHEMBL246484,38.9,O=C1CC(CN2CCC(c3noc4cc(F)ccc34)CC2)Cc2[nH]ncc21,Scientific Literature,Binding affinity to dopamine D1 receptor (unknown origin),B,Homo sapiens,,Medchemcomm,2011.0,Dopamine D1 receptor,Ki,nM,7.41,368.41,3.31
CHEMBL597094,10000.0,C[C@@H]1Cc2ccc3c(c2O1)-c1cccc2c1[C@@H](C3)N(C)CC2,Scientific Literature,Displacement of [3H]SCH23390 from dopamine D1 receptor expressed in HEK293 cells by liquid scintillation counting,B,,,J Med Chem,2010.0,Dopamine D1 receptor,Ki,nM,,291.39,3.76
CHEMBL609611,10000.0,C[C@H]1Cc2ccc3c(c2O1)-c1cccc2c1[C@@H](C3)N(C)CC2,Scientific Literature,Displacement of [3H]SCH23390 from dopamine D1 receptor expressed in HEK293 cells by liquid scintillation counting,B,,,J Med Chem,2010.0,Dopamine D1 receptor,Ki,nM,,291.39,3.76
CHEMBL633,4571.0,CCCCc1oc2ccccc2c1C(=O)c1cc(I)c(OCCN(CC)CC)c(I)c1,DrugMatrix,DRUGMATRIX: Dopamine D1 radioligand binding (ligand: [3H] SCH-23390),B,,,,,Dopamine D1 receptor,Ki,nM,5.34,645.32,6.94
CHEMBL240773,8700.0,CCCN1CCC[C@@H]2Cc3[nH]ncc3C[C@H]21,Scientific Literature,Displacement of [3H]SCH23390 from human dopamine D1 receptor transfected in HEK293 cells after 1 hr by scintillation counting analysis,B,Homo sapiens,,J Med Chem,2015.0,Dopamine D1 receptor,Ki,nM,5.06,219.33,2.0
CHEMBL5403268,10000.0,COCCC(=O)N[C@H]1CC[C@H](CCN2CCN(c3cccc(OC)c3F)CC2)CC1,Scientific Literature,Displacement of [3H]-SCH23390 from D1 receptor in HEK293 cell membranes by scintillation counting method,B,Homo sapiens,,J Med Chem,2023.0,Dopamine D1 receptor,Ki,nM,,421.56,3.06
CHEMBL5436641,3160.0,O=C(N[C@H]1CC[C@H](CCN2CCN(c3cccc(C(F)(F)F)n3)CC2)CC1)c1ccnc2ccccc12,Scientific Literature,Displacement of [3H]-SCH23390 from D1 receptor in HEK293 cell membranes by scintillation counting method,B,Homo sapiens,,J Med Chem,2023.0,Dopamine D1 receptor,Ki,nM,,511.59,5.15
CHEMBL240773,10000.0,CCCN1CCC[C@@H]2Cc3[nH]ncc3C[C@H]21,Scientific Literature,Displacement of [3H]SCH-23390 from human dopamine D1 receptor expressed in LHD1 cells,B,Homo sapiens,,J Med Chem,2012.0,Dopamine D1 receptor,Ki,nM,,219.33,2.0
CHEMBL716,1000.0,OCCOCCN1CCN(C2=Nc3ccccc3Sc3ccccc32)CC1,Scientific Literature,Binding affinity to dopamine D1 receptor (unknown origin) by PDSP assay,B,Homo sapiens,,Medchemcomm,2012.0,Dopamine D1 receptor,Ki,nM,6.0,383.52,2.86
CHEMBL2057443,74.5,COc1cc2c(c(OC)c1)CN1CCc3cc4c(cc3[C@@H]1C2)OCO4,BindingDB Patent Bioactivity Data,"Reception Binding Assay: Different concentrations (10^â5 M-10^â11 M) of the compound of the invention and corresponding isotope receptor ligand as well as receptor protein were loaded into the reaction tube and incubated in 30Â° C. water bath for 60 minutes. The reaction was terminated in a refrigerator. The reaction mixture was put in a Millipore filter (millipore) cell sample collector, filtered through suction filtration using GF/C glass fiber filter paper, and dried. The resulting sample was placed into 0.5 mL tube. 500 Î¼L liquid scintillation fluid was added and intensity of radioactivity was determined by counting. For dopamine D1 receptor: isotope receptor ligands [3H] SCH23390 (85.0 Ci/mmol) (D1-selective, purchased from Amersham Corporation), D1 receptor protein expressed in HEK-293 cells; For D2 dopamine receptor: isotope receptor ligands [3H] Spiperone (77.0 Ci/mmol) (D2-selective, purchased from Amersham Corporation); D2 receptor protein expressed in HEK-293 cells; For 5-HT1A receptor: isotope receptor ligands [3H] 8-OH-DPAT; 5-HT1A receptor protein expressed in HEK-293 cells; For 5-HT2A receptor: isotope receptor ligands [3H]-Ketanserin; 5-HT2A receptor protein expressed in HEK-293 cells.",B,,,,2016.0,Dopamine D1 receptor,Ki,nM,7.13,339.39,3.09
CHEMBL2335738,252.0,COc1ccc2c(c1)CCN1CC[C@](O)(c3ccc(Cl)cc3)C[C@H]21,Scientific Literature,Displacement of [3H]SCH23390 from dopamine D1 receptor (unknown origin) expressed in CHO cell membranes after 60 mins,B,Homo sapiens,,Bioorg Med Chem Lett,2013.0,Dopamine D1 receptor,Ki,nM,6.6,343.85,3.93
CHEMBL1940402,130.0,OC1(c2ccc(Cl)cc2)CCN(CCCCc2ccc(F)cc2)CC1,Scientific Literature,Displacement of [3H]SCH23390 from human dopamine D1 receptor by liquid scintillation counting,B,Homo sapiens,,Bioorg Med Chem Lett,2014.0,Dopamine D1 receptor,Ki,nM,6.89,361.89,4.79
CHEMBL1940419,265.0,Fc1ccc(SCCCN2CCN(c3ccccn3)CC2)cc1,Scientific Literature,Displacement of [3H]SCH23390 from human dopamine D1 receptor by PDSP assay,B,Homo sapiens,,Bioorg Med Chem,2014.0,Dopamine D1 receptor,Ki,nM,6.58,331.46,3.53
CHEMBL574558,1.18,Cc1cccc(C2CN(C)CCc3c2cc(O)c(O)c3Cl)c1,Scientific Literature,Agonist activity at dopamine D1 receptor,F,,,Bioorg Med Chem,2009.0,Dopamine D1 receptor,Ki,nM,8.93,317.82,3.68
CHEMBL2158640,921.0,Br.CCCN1C[C@H](c2ccc(O)cc2)C[C@@H]2c3cc(O)c(O)cc3CC[C@H]21,Scientific Literature,Displacement of [3H]-SCH-23390 from human dopamine D1 receptor expressed in HEK293 cells after 30 mins by scintillation counting,B,Homo sapiens,,Bioorg Med Chem,2012.0,Dopamine D1 receptor,Ki,nM,6.04,434.37,4.1
CHEMBL3955446,320.11,COc1cc2c(cc1OC)[C@@H]1Cc3cc(OC)c(OC)c(OC)c3CN1CC2,BindingDB Patent Bioactivity Data,"Reception Binding Assay: Different concentrations (10^â5 M-10^â11 M) of the compound of the invention and corresponding isotope receptor ligand as well as receptor protein were loaded into the reaction tube and incubated in 30Â° C. water bath for 60 minutes. The reaction was terminated in a refrigerator. The reaction mixture was put in a Millipore filter (millipore) cell sample collector, filtered through suction filtration using GF/C glass fiber filter paper, and dried. The resulting sample was placed into 0.5 mL tube. 500 Î¼L liquid scintillation fluid was added and intensity of radioactivity was determined by counting. For dopamine D1 receptor: isotope receptor ligands [3H] SCH23390 (85.0 Ci/mmol) (D1-selective, purchased from Amersham Corporation), D1 receptor protein expressed in HEK-293 cells; For D2 dopamine receptor: isotope receptor ligands [3H] Spiperone (77.0 Ci/mmol) (D2-selective, purchased from Amersham Corporation); D2 receptor protein expressed in HEK-293 cells; For 5-HT1A receptor: isotope receptor ligands [3H] 8-OH-DPAT; 5-HT1A receptor protein expressed in HEK-293 cells; For 5-HT2A receptor: isotope receptor ligands [3H]-Ketanserin; 5-HT2A receptor protein expressed in HEK-293 cells.",B,,,,2016.0,Dopamine D1 receptor,Ki,nM,6.5,385.46,3.39
CHEMBL2334893,4.2,COc1cc2c(cc1O)[C@@H]1Cc3cc4c(cc3CN1CC2)OCO4,BindingDB Patent Bioactivity Data,"Reception Binding Assay: Different concentrations (10^â5 M-10^â11 M) of the compound of the invention and corresponding isotope receptor ligand as well as receptor protein were loaded into the reaction tube and incubated in 30Â° C. water bath for 60 minutes. The reaction was terminated in a refrigerator. The reaction mixture was put in a Millipore filter (millipore) cell sample collector, filtered through suction filtration using GF/C glass fiber filter paper, and dried. The resulting sample was placed into 0.5 mL tube. 500 Î¼L liquid scintillation fluid was added and intensity of radioactivity was determined by counting. For dopamine D1 receptor: isotope receptor ligands [3H] SCH23390 (85.0 Ci/mmol) (D1-selective, purchased from Amersham Corporation), D1 receptor protein expressed in HEK-293 cells; For D2 dopamine receptor: isotope receptor ligands [3H] Spiperone (77.0 Ci/mmol) (D2-selective, purchased from Amersham Corporation); D2 receptor protein expressed in HEK-293 cells; For 5-HT1A receptor: isotope receptor ligands [3H] 8-OH-DPAT; 5-HT1A receptor protein expressed in HEK-293 cells; For 5-HT2A receptor: isotope receptor ligands [3H]-Ketanserin; 5-HT2A receptor protein expressed in HEK-293 cells.",B,,,,2016.0,Dopamine D1 receptor,Ki,nM,8.38,325.36,2.79
CHEMBL726,11.0,OCCN1CCN(CCCN2c3ccccc3Sc3ccc(C(F)(F)F)cc32)CC1,DrugMatrix,DRUGMATRIX: Dopamine D1 radioligand binding (ligand: [3H] SCH-23390),B,,,,,Dopamine D1 receptor,Ki,nM,7.96,437.53,4.31
CHEMBL455051,2920.0,CN1CCc2cc(N)cc3c2[C@H]1Cc1cccc(N)c1-3,Scientific Literature,Displacement of [3H]SCH-23390 from human dopamine D1 receptor expressed in HEK293 cells,B,Homo sapiens,,Bioorg Med Chem,2008.0,Dopamine D1 receptor,Ki,nM,5.54,265.36,2.6
CHEMBL42,132.0,CN1CCN(C2=Nc3cc(Cl)ccc3Nc3ccccc32)CC1,Scientific Literature,Displacement of [3H]SCH 23390 from human dopamine D1 receptor expressed in CHO cells,B,Homo sapiens,,Bioorg Med Chem Lett,2006.0,Dopamine D1 receptor,Ki,nM,6.88,326.83,3.72
CHEMBL4649012,41.0,C=CCN1CCc2cc(OC)c(O)cc2C(c2ccccc2Br)C1,Scientific Literature,Displacement of [3H]SCH23390 from dopamine D1 receptor (unknown origin),B,Homo sapiens,,Bioorg Med Chem Lett,2020.0,Dopamine D1 receptor,Ki,nM,7.39,388.31,4.34
CHEMBL3697611,349.0,Cc1cc(Oc2ncccc2Cl)ccc1-c1c(C)cnc(=O)n1C,BindingDB Patent Bioactivity Data,"Competition Binding Assay: The affinity of the compounds described herein was determined by competition binding assays similar to those described in Ryman-Rasmussen et al., Differential activation of adenylate cyclase and receptor internalization by novel dopamine D1 receptor agonists, Molecular Pharmacology 68(4):1039-1048 (2005). This radioligand binding assay used [3H]-SCH23390, a radiolabeled D1 ligand, to evaluate the ability of a test compound to compete with the radioligand when binding to a D1 receptor.D1 binding assays were performed using over-expressing LTK human cell lines. To determine basic assay parameters, ligand concentrations were determined from saturation binding studies where the Kd for [3H]-SCH23390 was found to be 1.3 nM. From tissue concentration curve studies, the optimal amount of tissue was determined to be 1.75 mg/mL per 96 well plate using 0.5 nM of [3H]-SCH23390. These ligand and tissue concentrations were used in time course studies to determine linearity and equilibrium.",B,,,,2015.0,Dopamine D1 receptor,Ki,nM,6.46,341.8,3.9
CHEMBL3697592,767.0,COC(=O)c1cccnc1Oc1ccc(-c2c(C)n[nH]c(=O)c2C)c(C)c1,BindingDB Patent Bioactivity Data,"Competition Binding Assay: The affinity of the compounds described herein was determined by competition binding assays similar to those described in Ryman-Rasmussen et al., Differential activation of adenylate cyclase and receptor internalization by novel dopamine D1 receptor agonists, Molecular Pharmacology 68(4):1039-1048 (2005). This radioligand binding assay used [3H]-SCH23390, a radiolabeled D1 ligand, to evaluate the ability of a test compound to compete with the radioligand when binding to a D1 receptor.D1 binding assays were performed using over-expressing LTK human cell lines. To determine basic assay parameters, ligand concentrations were determined from saturation binding studies where the Kd for [3H]-SCH23390 was found to be 1.3 nM. From tissue concentration curve studies, the optimal amount of tissue was determined to be 1.75 mg/mL per 96 well plate using 0.5 nM of [3H]-SCH23390. These ligand and tissue concentrations were used in time course studies to determine linearity and equilibrium.",B,,,,2015.0,Dopamine D1 receptor,Ki,nM,6.12,365.39,3.34
CHEMBL3590080,1300.0,CCCN(CCCCNC(=O)/C=C/c1ccc(F)cc1)C1Cc2ccccc2C1,Scientific Literature,Displacement of [3H]SCH23390 from human dopamine D1 receptor expressed in HEK293 cell membranes,B,Homo sapiens,,Bioorg Med Chem,2015.0,Dopamine D1 receptor,Ki,nM,5.89,394.53,4.61
CHEMBL723,749.0,COc1ccccc1OCCNCC(O)COc1cccc2[nH]c3ccccc3c12,DrugMatrix,DRUGMATRIX: Dopamine D1 radioligand binding (ligand: [3H] SCH-23390),B,,,,,Dopamine D1 receptor,Ki,nM,6.13,406.48,3.74
CHEMBL3577342,2600.0,C#CC1=CC[C@@H](N(CCC)CCCCNC(=O)c2ccc(OCCCc3cn(CCCC)nn3)c(OC)c2)CO1,Scientific Literature,Displacement of [3H]SCH23390 from human dopamine D1 receptor transfected in HEK293 cells after 1 hr by scintillation counting analysis,B,Homo sapiens,,J Med Chem,2015.0,Dopamine D1 receptor,Ki,nM,5.58,551.73,4.63
CHEMBL2396663,13000.0,C#CC1=CC[C@@H](N(CCC)CCCCNC(=O)c2ccc(-c3ccccc3)cc2)CC1,Scientific Literature,Displacement of [3H]SCH23390 from human dopamine D1 receptor transfected in HEK293 cells after 1 hr by scintillation counting analysis,B,Homo sapiens,,J Med Chem,2015.0,Dopamine D1 receptor,Ki,nM,4.89,414.59,5.69
CHEMBL3577345,23000.0,CCCCn1cc(CCCOc2ccc(C(=O)NCCCCN(CCC)[C@@H]3CCc4c(O)cccc4C3)cc2OC)nn1,Scientific Literature,Displacement of [3H]SCH23390 from human dopamine D1 receptor transfected in HEK293 cells after 1 hr by scintillation counting analysis,B,Homo sapiens,,J Med Chem,2015.0,Dopamine D1 receptor,Ki,nM,4.64,591.8,5.58
CHEMBL4293307,10000.0,COc1ccc(N(CCCCN2CCC(O)(c3ccc(Cl)c(C(F)(F)F)c3)CC2)c2ccc(OC)cc2)cc1,Scientific Literature,Displacement of [3H]SCH23390 from human dopamine D1 receptor expressed in HEK293T cells by radioligand binding assay,B,Homo sapiens,,Bioorg Med Chem Lett,2018.0,Dopamine D1 receptor,Ki,nM,5.0,563.06,7.28
CHEMBL157138,77.0,CCN(CC)C(=O)N[C@H]1C=C2c3cccc4[nH]cc(c34)C[C@H]2N(C)C1,Scientific Literature,Affinity towards Dopamine receptor D1,B,Cercopithecidae,,J Med Chem,1998.0,Dopamine D1 receptor,Ki,nM,7.11,338.46,2.84
CHEMBL3780812,10000.0,CCN(CCc1ccc(O)c(OC)c1)Cc1cccc(O)c1OC,Scientific Literature,Displacement of [3H]SCH2390 from human dopamine D1 receptor by PDSP assay,B,Homo sapiens,,Bioorg Med Chem,2016.0,Dopamine D1 receptor,Ki,nM,,331.41,3.18
CHEMBL3780975,833.0,COc1cc2c(cc1O)C(C)N(Cc1cccc(O)c1OC)CC2,Scientific Literature,Displacement of [3H]SCH2390 from human dopamine D1 receptor by PDSP assay,B,Homo sapiens,,Bioorg Med Chem,2016.0,Dopamine D1 receptor,Ki,nM,6.08,329.4,3.23
CHEMBL3781840,11.0,CCCCOc1ccc2c(c1OC)CN1CCc3cc(OC)c(O)cc3C1C2,Scientific Literature,Displacement of [3H]SCH2390 from human dopamine D1 receptor by PDSP assay,B,Homo sapiens,,Bioorg Med Chem,2016.0,Dopamine D1 receptor,Ki,nM,7.96,383.49,4.24
CHEMBL487387,6.23,COc1cc2c(cc1O)[C@@H]1Cc3ccc(O)c(OC)c3CN1CC2,Scientific Literature,Displacement of [3H]SCH23390 from human dopamine D1 receptor expressed in HEK293 cells,B,Homo sapiens,,Bioorg Med Chem,2012.0,Dopamine D1 receptor,Ki,nM,8.21,327.38,2.77
CHEMBL3671303,52.3,Cc1ncnc(C)c1-c1ccc(Oc2nccc3n[nH]cc23)cc1Cl,BindingDB Patent Bioactivity Data,"Receptor Binding Assay: The affinity of the compounds described herein was determined by competition binding assays similar to those described in Ryman-Rasmussen et al., Differential activation of adenylate cyclase and receptor internalization by novel dopamine D1 receptor agonists, Molecular Pharmacology 68(4):1039-1048 (2005). This radioligand binding assay used [3H]-SCH23390, a radiolabeled D1 ligand, to evaluate the ability of a test compound to compete with the radioligand when binding to a D1 receptor. D1 binding assays were performed using over-expressing LTK human cell lines. To determine basic assay parameters, ligand concentrations were determined from saturation binding studies where the Kd for [3H]-SCH23390 was found to be 1.3 nM. From tissue concentration curve studies, the optimal amount of tissue was determined to be 1.75 mg/mL per 96 well plate using 0.5 nM of [3H]-SCH23390. These ligand and tissue concentrations were used in time course studies to determine linearity and equilibrium condition.",B,,,,2014.0,Dopamine D1 receptor,Ki,nM,7.28,351.8,4.48
CHEMBL1065,472.0,CC[C@@H](CO)NC(=O)[C@@H]1C=C2c3cccc4c3c(cn4C)C[C@H]2N(C)C1,DrugMatrix,DRUGMATRIX: Dopamine D1 radioligand binding (ligand: [3H] SCH-23390),B,,,,,Dopamine D1 receptor,Ki,nM,6.33,353.47,1.94
CHEMBL7002,9893.0,CC1(COc2ccc(CC3SC(=O)NC3=O)cc2)CCCCC1,DrugMatrix,DRUGMATRIX: Dopamine D1 radioligand binding (ligand: [3H] SCH-23390),B,,,,,Dopamine D1 receptor,Ki,nM,5.0,333.45,3.93
CHEMBL419505,10000.0,O=C(NCCCCN1CCN(c2cccc(Cl)c2Cl)CC1)c1ccc2c(c1)-c1ccccc1-2,Scientific Literature,Compound was evaluated for binding affinity against Dopamine receptor D1 transfected in CHO cell membranes,B,,,Bioorg Med Chem Lett,1998.0,Dopamine D1 receptor,Ki,nM,,480.44,5.97
CHEMBL1479,10225.0,C#C[C@]1(O)CC[C@H]2[C@@H]3CCC4=Cc5oncc5C[C@]4(C)[C@H]3CC[C@@]21C,DrugMatrix,DRUGMATRIX: Dopamine D1 radioligand binding (ligand: [3H] SCH-23390),B,,,,,Dopamine D1 receptor,Ki,nM,4.99,337.46,4.22
CHEMBL4287471,800.0,COc1cc2c(cc1O)CN(CCCCNC(=O)c1ccc(-c3ccccc3)cc1)CC2,Scientific Literature,Displacement of [3H]SCH23390 from human dopamine D1 receptor expressed in HEKT cell membranes,B,Homo sapiens,,ACS Med Chem Lett,2018.0,Dopamine D1 receptor,Ki,nM,6.1,430.55,4.64
CHEMBL2028019,2100.0,CN(C)C(=O)N[C@H]1CC[C@H](CCN2CCN(c3cccc(Cl)c3Cl)CC2)CC1,Scientific Literature,Displacement of [3H]SCH23390 from human dopamine D1 receptor expressed in HEK293 cells by competitive binding assay,B,Homo sapiens,,J Med Chem,2014.0,Dopamine D1 receptor,Ki,nM,5.68,427.42,4.34
CHEMBL3613878,120.0,Clc1cccc(N2CCN(CCc3cn(-c4ccn5nccc5c4)nn3)CC2)c1Cl,Scientific Literature,Displacement of [3H]SCH23990 from human dopamine D1 receptor expressed in CHO cell membranes by radioligand competition binding assay,B,Homo sapiens,,Bioorg Med Chem,2015.0,Dopamine D1 receptor,Ki,nM,6.92,442.35,3.59
CHEMBL3921278,1.3,CCOc1c(O)cc(Br)c2c1CN1CCc3cc(OC)c(O)cc3[C@@H]1C2,Scientific Literature,Displacement of [3H]SCH23390 from human D1 receptor expressed in HEKT cell membranes after 90 mins by microbeta scintillation counting method,B,Homo sapiens,,Eur J Med Chem,2017.0,Dopamine D1 receptor,Ki,nM,8.89,420.3,3.92
CHEMBL3954556,12.0,CCCOc1c(O)ccc2c1CN1CCc3cc(OC)c(O)cc3[C@@H]1C2,Scientific Literature,Displacement of [3H]SCH23390 from human D1 receptor expressed in HEKT cell membranes after 90 mins by microbeta scintillation counting method,B,Homo sapiens,,Eur J Med Chem,2017.0,Dopamine D1 receptor,Ki,nM,7.92,355.43,3.55
CHEMBL298406,1.9,CN1CCc2cc(Cl)c(O)cc2[C@H]2c3ccccc3CC[C@@H]21,Scientific Literature,Compound was tested for the displacement of [3H]-SCH- 23390 from dopamine receptor D1,B,,,J Med Chem,1992.0,Dopamine D1 receptor,Ki,nM,8.72,313.83,3.98
CHEMBL357684,1200.0,COc1ccccc1N1CCN(CCCNC(=O)c2cc3ccccn3n2)CC1,Scientific Literature,Binding affinity for porcine Dopamine receptor D1 by [3H]-SCH- 23390 displacement.,B,,,J Med Chem,2002.0,Dopamine D1 receptor,Ki,nM,5.92,393.49,2.29
CHEMBL27559,45.0,CCCN1CCc2cccc3c2[C@H]1Cc1cccc(O)c1-3,Scientific Literature,Displacement of [3H]8OH-DPAT from human dopamine D1 receptor expressed in HEK293 cells,B,Homo sapiens,,Bioorg Med Chem,2008.0,Dopamine D1 receptor,Ki,nM,7.35,279.38,3.92
CHEMBL2062852,100000.0,CCN(CC)[C@@H]1[C@@H](CO)[C@H]2CN(Cc3ccccc3)[C@H](C)[C@H]21,Scientific Literature,Displacement of [3H]SCH23390 from human D1 receptor expressed in HEK293 cells,B,Homo sapiens,,Eur J Med Chem,2012.0,Dopamine D1 receptor,Ki,nM,,302.46,2.46
CHEMBL2062855,100000.0,C[C@H]1[C@H]2[C@@H](CN1Cc1ccccc1)[C@@H](CO)[C@@H]2N1CCCC1,Scientific Literature,Displacement of [3H]SCH23390 from human D1 receptor expressed in HEK293 cells,B,Homo sapiens,,Eur J Med Chem,2012.0,Dopamine D1 receptor,Ki,nM,,300.45,2.21
CHEMBL2062861,49000.0,OC[C@@H]1[C@@H]2CN(Cc3ccccc3)[C@@H](c3ccccc3)[C@@H]2[C@H]1N1CCCCC1,Scientific Literature,Displacement of [3H]SCH23390 from human D1 receptor expressed in HEK293 cells,B,Homo sapiens,,Eur J Med Chem,2012.0,Dopamine D1 receptor,Ki,nM,4.31,376.54,3.95
CHEMBL715,52.0,Cc1cc2c(s1)Nc1ccccc1N=C2N1CCN(C)CC1,Scientific Literature,Binding affinity to human cloned dopamine D1 receptor,B,Homo sapiens,,Bioorg Med Chem,2008.0,Dopamine D1 receptor,Ki,nM,7.28,312.44,3.44
CHEMBL3752512,60.0,CN1CCc2ccccc2Cc2sccc2CC1,Scientific Literature,Displacement of [3H]SCH-23390 from human cloned D1 dopamine receptor incubated for 90 mins by radioligand binding assay,B,Homo sapiens,,Medchemcomm,2015.0,Dopamine D1 receptor,Ki,nM,7.22,257.4,3.37
CHEMBL3753266,40.0,CN1CCc2ccccc2Cc2sc3ccccc3c2CC1,Scientific Literature,Displacement of [3H]SCH-23390 from human cloned D1 dopamine receptor incubated for 90 mins by radioligand binding assay,B,Homo sapiens,,Medchemcomm,2015.0,Dopamine D1 receptor,Ki,nM,7.4,307.46,4.52
CHEMBL3800303,430.0,COc1cc(CCNC[C@H](O)c2ccc(O)c(O)c2)ccc1OCCCc1ccccc1,Scientific Literature,Displacement of [3H]SCH23390 from human D1 receptor expressed in HEK293 cells,B,Homo sapiens,,Bioorg Med Chem,2016.0,Dopamine D1 receptor,Ki,nM,6.37,437.54,3.98
CHEMBL3800341,960.0,COc1cc(CCNCCc2ccc(O)c3c2OCC(=O)N3)ccc1OCCCc1ccccc1,Scientific Literature,Displacement of [3H]SCH23390 from human D1 receptor expressed in HEK293 cells,B,Homo sapiens,,Bioorg Med Chem,2016.0,Dopamine D1 receptor,Ki,nM,6.02,476.57,4.12
CHEMBL708,9.5,O=C1Cc2cc(CCN3CCN(c4nsc5ccccc45)CC3)c(Cl)cc2N1,Scientific Literature,Binding affinity against dopamine receptor D1,B,,,J Med Chem,2001.0,Dopamine D1 receptor,Ki,nM,8.02,412.95,3.81
CHEMBL5201074,2187.76,C[C@@H](NC(=O)/N=C(\N)NCCCc1ncn[nH]1)c1ccccc1.Cl.Cl,Scientific Literature,Displacement of [3H]SCH23390 from human D1 receptor stably expressed in HEK293T cells co-expressing luciferase and CEK incubated for 60 mins by scintillation counting analysis,B,Homo sapiens,,J Med Chem,2021.0,Dopamine D1 receptor,Ki,nM,5.66,388.3,1.11
CHEMBL808,4612.0,Clc1ccc(COC(Cn2ccnc2)c2ccc(Cl)cc2Cl)cc1,DrugMatrix,DRUGMATRIX: Dopamine D1 radioligand binding (ligand: [3H] SCH-23390),B,,,,,Dopamine D1 receptor,Ki,nM,5.34,381.69,5.8
CHEMBL3697616,33.1,CCc1c(-c2ccc(Oc3ncccc3Cl)cc2C)n(C)c(=O)[nH]c1=O,BindingDB Patent Bioactivity Data,"Competition Binding Assay: The affinity of the compounds described herein was determined by competition binding assays similar to those described in Ryman-Rasmussen et al., Differential activation of adenylate cyclase and receptor internalization by novel dopamine D1 receptor agonists, Molecular Pharmacology 68(4):1039-1048 (2005). This radioligand binding assay used [3H]-SCH23390, a radiolabeled D1 ligand, to evaluate the ability of a test compound to compete with the radioligand when binding to a D1 receptor.D1 binding assays were performed using over-expressing LTK human cell lines. To determine basic assay parameters, ligand concentrations were determined from saturation binding studies where the Kd for [3H]-SCH23390 was found to be 1.3 nM. From tissue concentration curve studies, the optimal amount of tissue was determined to be 1.75 mg/mL per 96 well plate using 0.5 nM of [3H]-SCH23390. These ligand and tissue concentrations were used in time course studies to determine linearity and equilibrium.",B,,,,2015.0,Dopamine D1 receptor,Ki,nM,7.48,371.82,3.45
CHEMBL715,10.0,Cc1cc2c(s1)Nc1ccccc1N=C2N1CCN(C)CC1,Scientific Literature,Binding affinity against dopamine receptor D1,B,,,J Med Chem,2001.0,Dopamine D1 receptor,Ki,nM,8.0,312.44,3.44
CHEMBL59725,8800.0,O=C(NCCCCN1CCN(c2cccc(Cl)c2Cl)CC1)c1cc2ccccc2s1,Scientific Literature,Binding affinity for porcine Dopamine receptor D1 by [3H]-SCH- 23390 displacement.,B,,,J Med Chem,2002.0,Dopamine D1 receptor,Ki,nM,5.06,462.45,5.54
CHEMBL175734,1730.0,O=C(NC/C=C/CN1CCN(c2cccc(Cl)c2Cl)CC1)c1cc2ccccc2s1,Scientific Literature,Displacement of [3H]SCH23390 from D1 receptor,B,,,J Med Chem,2009.0,Dopamine D1 receptor,Ki,nM,5.76,460.43,5.32
CHEMBL3780184,12.0,COc1cc2c(cc1O)C1Cc3ccc(OCC4CC4)c(OC)c3CN1CC2,Scientific Literature,Displacement of [3H]SCH2390 from human dopamine D1 receptor by PDSP assay,B,Homo sapiens,,Bioorg Med Chem,2016.0,Dopamine D1 receptor,Ki,nM,7.92,381.47,3.85
CHEMBL1633,299.47,CN1CCC(=C2c3ccccc3CC(=O)c3sccc32)CC1.O=C(O)/C=C/C(=O)O,EUbOPEN Chemogenomic Library,"PDSP Secondary Binding target: DRD1 - Compounds are tested at 10 uM concentration, plate are incubated at room temperature in the dark for 90 minutes. Reaction are stopped by vacuum filtration onto 0.3% polyethyleneimine soaked filter mats using Filtermate harvester. Scintillation cocktail is then melted onto microwave-dried filters on a hot plate and the radio activity is counted in Microbia counter. Compounds showing a minimum of 50% inhibition at 10 uM concentration are carried forward in this secondary binding assay to determine equilibrium binding affinity.",B,Homo sapiens,,,2024.0,Dopamine D1 receptor,Ki,nM,6.52,425.51,4.01
CHEMBL201483,1000.0,CN1CCc2ccccc2Cc2ccn(C)c2CC1,Scientific Literature,Inhibition of binding to human D1 receptor expressed in HEK 293 cells by functional calcium assay,F,Homo sapiens,,J Med Chem,2006.0,Dopamine D1 receptor,Ki,nM,6.0,254.38,2.65
CHEMBL4063235,210.0,COc1ccccc1N1CCN(CCCCOc2ccn3ncc(C#N)c3c2)CC1,Scientific Literature,Displacement of [3H]SCH23390 from human Dopamine D1 receptor expressed in HEK293T cell membranes after 2 hrs by scintillation counting analysis,B,Homo sapiens,,J Med Chem,2017.0,Dopamine D1 receptor,Ki,nM,6.68,405.5,3.2
CHEMBL4795230,0.9,C[C@H]1C=C(C2=Nc3cc(Cl)ccc3Nc3ccc(Cl)cc32)CCN1C,Scientific Literature,Binding affinity to human dopamine D1 receptor,B,Homo sapiens,,Bioorg Med Chem Lett,2020.0,Dopamine D1 receptor,Ki,nM,9.05,372.3,5.82
CHEMBL3671293,4.56,Cc1cc(Oc2nccc3[nH]ccc23)ccc1-c1c(C)ncc(=O)n1C,BindingDB Patent Bioactivity Data,"Receptor Binding Assay: The affinity of the compounds described herein was determined by competition binding assays similar to those described in Ryman-Rasmussen et al., Differential activation of adenylate cyclase and receptor internalization by novel dopamine D1 receptor agonists, Molecular Pharmacology 68(4):1039-1048 (2005). This radioligand binding assay used [3H]-SCH23390, a radiolabeled D1 ligand, to evaluate the ability of a test compound to compete with the radioligand when binding to a D1 receptor. D1 binding assays were performed using over-expressing LTK human cell lines. To determine basic assay parameters, ligand concentrations were determined from saturation binding studies where the Kd for [3H]-SCH23390 was found to be 1.3 nM. From tissue concentration curve studies, the optimal amount of tissue was determined to be 1.75 mg/mL per 96 well plate using 0.5 nM of [3H]-SCH23390. These ligand and tissue concentrations were used in time course studies to determine linearity and equilibrium condition.",B,,,,2014.0,Dopamine D1 receptor,Ki,nM,8.34,346.39,3.73
CHEMBL716,4240.0,OCCOCCN1CCN(C2=Nc3ccccc3Sc3ccccc32)CC1,Scientific Literature,Binding affinity towards human Dopamine receptor D1,B,,,J Med Chem,2004.0,Dopamine D1 receptor,Ki,nM,5.37,383.52,2.86
CHEMBL4291172,500.0,COc1cc2c(cc1O)CN(CCCCNC(=O)c1ccc(Br)cc1)CC2,Scientific Literature,Displacement of [3H]SCH23390 from human dopamine D1 receptor expressed in HEKT cell membranes,B,Homo sapiens,,ACS Med Chem Lett,2018.0,Dopamine D1 receptor,Ki,nM,6.3,433.35,3.73
CHEMBL4287062,800.0,COc1cc2c(cc1O)CN(CCCCNC(=O)c1ccc3ccccc3c1)CC2,Scientific Literature,Displacement of [3H]SCH23390 from human dopamine D1 receptor expressed in HEKT cell membranes,B,Homo sapiens,,ACS Med Chem Lett,2018.0,Dopamine D1 receptor,Ki,nM,6.1,404.51,4.12
CHEMBL1200492,711.62,CCc1nn(CCCN2CCN(c3cccc(Cl)c3)CC2)c(=O)n1CCOc1ccccc1.Cl,EUbOPEN Chemogenomic Library,"PDSP Secondary Binding target: DRD1 - Compounds are tested at 10 uM concentration, plate are incubated at room temperature in the dark for 90 minutes. Reaction are stopped by vacuum filtration onto 0.3% polyethyleneimine soaked filter mats using Filtermate harvester. Scintillation cocktail is then melted onto microwave-dried filters on a hot plate and the radio activity is counted in Microbia counter. Compounds showing a minimum of 50% inhibition at 10 uM concentration are carried forward in this secondary binding assay to determine equilibrium binding affinity.",B,Homo sapiens,,,2024.0,Dopamine D1 receptor,Ki,nM,6.15,506.48,3.55
CHEMBL1814790,0.1,CN1CCc2cc(Cl)c(O)cc2[C@@H](c2ccccc2)C1.O=C(O)/C=C\C(=O)O,Scientific Literature,Displacement of [3H]SCH23390 from human dopamine D1 receptor expressed in CHO cells,B,Homo sapiens,,Eur J Med Chem,2015.0,Dopamine D1 receptor,Ki,nM,10.0,403.86,3.67
CHEMBL609317,10000.0,CC1Cc2ccc3c(c2O1)-c1cccc2c1[C@@H](C3)N(C)CC2,Scientific Literature,Displacement of [3H]SCH23390 from dopamine D1 receptor expressed in HEK293 cells by liquid scintillation counting,B,,,J Med Chem,2010.0,Dopamine D1 receptor,Ki,nM,,291.39,3.76
CHEMBL3899169,592.0,Cc1ccc2c(c1)Oc1sc(Cl)cc1C(N1CCN(CC(C)(C)C(=O)O)CC1)=N2,BindingDB Patent Bioactivity Data,"Binding Assay or Functional Activity Assay: Further, the compounds of the invention may be tested in binding assays and functional activity assays by well known methods for other physiologically important receptors such as, but not limited to, the hERG channel, other serotonin receptors (specifically 5-HT1B, 5-HT1D, receptors, lack of agonist activity at 5-HT2B receptors, 5-HT2C, 5-HT5, 5-HT6, and 5-HT7 receptors), dopaminergic receptors (specifically D1, D2, and D3), GABAA receptors, adrenergic receptors and monoamine transporters.",B,,,,2016.0,Dopamine D1 receptor,Ki,nM,6.23,433.96,4.62
CHEMBL445102,1077.96,OC1(c2ccc(Cl)cc2)CCN(Cc2c[nH]c3ccccc23)CC1,EUbOPEN Chemogenomic Library,"PDSP Secondary Binding target: DRD1 - Compounds are tested at 10 uM concentration, plate are incubated at room temperature in the dark for 90 minutes. Reaction are stopped by vacuum filtration onto 0.3% polyethyleneimine soaked filter mats using Filtermate harvester. Scintillation cocktail is then melted onto microwave-dried filters on a hot plate and the radio activity is counted in Microbia counter. Compounds showing a minimum of 50% inhibition at 10 uM concentration are carried forward in this secondary binding assay to determine equilibrium binding affinity.",B,Homo sapiens,,,2024.0,Dopamine D1 receptor,Ki,nM,5.97,340.85,4.3
CHEMBL5172055,10000.0,Cc1cc(NC(=O)CN2CCC(OCc3ccc(F)c(F)c3)CC2)ccc1F,Scientific Literature,Displacement of [3H]SCH23390 from D1 receptor in HEK293 cell membrane assessed as inhibition constant,B,Homo sapiens,,Eur J Med Chem,2022.0,Dopamine D1 receptor,Ki,nM,,392.42,4.03
CHEMBL3987156,74.51,COc1cc2c(cc1OC)C1Cc3c(c(OC)cc(OC)c3OC)CN1CC2,BindingDB Patent Bioactivity Data,"Radioligand Binding Assay: The affinity of compounds to D1 and D2 dopamine receptors were determined by competition binding assays. Membrane homogenates of HEK293T cells were stably transfected with D1, or D2 receptors. Duplicated tubes were incubated at 30Â° C. for 50 mins (for D1, and D2) with increasing concentrations of respective compound and with [3H]SCH23390 (for D1 dopamine receptors), or [3H]Spiperone (for dopamine D2 receptor) in a final volume of 200 Î¼L binding buffer containing 50 mM Tris, 4 mM MgCl2, pH 7.4. Nonspecific binding was determined by parallel incubations with either 10 Î¼M SCH23390 for D1, or Spiperone for D2 receptors respectively. The reaction was started by addition of membranes (15 ng/tube) and stopped by rapid filtration through Whatman GF/B glassfiber filter and subsequently washed with cold buffer (50 mM Tris, 5 mM EDTA, pH 7.4) using a Brandel 24-well cell harvester. Scintillation cocktail was added and the radioactivity was determined in a MicroBeta liquid scintillation counter.",B,,,,2016.0,Dopamine D1 receptor,Ki,nM,7.13,385.46,3.39
CHEMBL382850,170.0,CCN1CCc2ccccc2Cc2[nH]c3ccccc3c2CC1,Scientific Literature,Inhibition of binding to human D1 receptor expressed in HEK 293 cells by functional calcium assay,F,Homo sapiens,,J Med Chem,2006.0,Dopamine D1 receptor,Ki,nM,6.77,304.44,4.18
CHEMBL3671298,72.3,Cc1ncnc(C)c1-c1ccc(Oc2nccc3n[nH]cc23)cc1F,BindingDB Patent Bioactivity Data,"Receptor Binding Assay: The affinity of the compounds described herein was determined by competition binding assays similar to those described in Ryman-Rasmussen et al., Differential activation of adenylate cyclase and receptor internalization by novel dopamine D1 receptor agonists, Molecular Pharmacology 68(4):1039-1048 (2005). This radioligand binding assay used [3H]-SCH23390, a radiolabeled D1 ligand, to evaluate the ability of a test compound to compete with the radioligand when binding to a D1 receptor. D1 binding assays were performed using over-expressing LTK human cell lines. To determine basic assay parameters, ligand concentrations were determined from saturation binding studies where the Kd for [3H]-SCH23390 was found to be 1.3 nM. From tissue concentration curve studies, the optimal amount of tissue was determined to be 1.75 mg/mL per 96 well plate using 0.5 nM of [3H]-SCH23390. These ligand and tissue concentrations were used in time course studies to determine linearity and equilibrium condition.",B,,,,2014.0,Dopamine D1 receptor,Ki,nM,7.14,335.34,3.96
CHEMBL3671304,129.0,Cc1ncnc(C)c1-c1ccc(Oc2nccc3n[nH]cc23)cc1,BindingDB Patent Bioactivity Data,"Receptor Binding Assay: The affinity of the compounds described herein was determined by competition binding assays similar to those described in Ryman-Rasmussen et al., Differential activation of adenylate cyclase and receptor internalization by novel dopamine D1 receptor agonists, Molecular Pharmacology 68(4):1039-1048 (2005). This radioligand binding assay used [3H]-SCH23390, a radiolabeled D1 ligand, to evaluate the ability of a test compound to compete with the radioligand when binding to a D1 receptor. D1 binding assays were performed using over-expressing LTK human cell lines. To determine basic assay parameters, ligand concentrations were determined from saturation binding studies where the Kd for [3H]-SCH23390 was found to be 1.3 nM. From tissue concentration curve studies, the optimal amount of tissue was determined to be 1.75 mg/mL per 96 well plate using 0.5 nM of [3H]-SCH23390. These ligand and tissue concentrations were used in time course studies to determine linearity and equilibrium condition.",B,,,,2014.0,Dopamine D1 receptor,Ki,nM,6.89,317.35,3.82
CHEMBL3671273,34.8,Cc1cc(Oc2nccc3[nH]ccc23)ccc1-c1c(C)cnn1C,BindingDB Patent Bioactivity Data,"Receptor Binding Assay: The affinity of the compounds described herein was determined by competition binding assays similar to those described in Ryman-Rasmussen et al., Differential activation of adenylate cyclase and receptor internalization by novel dopamine D1 receptor agonists, Molecular Pharmacology 68(4):1039-1048 (2005). This radioligand binding assay used [3H]-SCH23390, a radiolabeled D1 ligand, to evaluate the ability of a test compound to compete with the radioligand when binding to a D1 receptor. D1 binding assays were performed using over-expressing LTK human cell lines. To determine basic assay parameters, ligand concentrations were determined from saturation binding studies where the Kd for [3H]-SCH23390 was found to be 1.3 nM. From tissue concentration curve studies, the optimal amount of tissue was determined to be 1.75 mg/mL per 96 well plate using 0.5 nM of [3H]-SCH23390. These ligand and tissue concentrations were used in time course studies to determine linearity and equilibrium condition.",B,,,,2014.0,Dopamine D1 receptor,Ki,nM,7.46,318.38,4.37
CHEMBL3671274,10.4,Cc1cc(Oc2nccc3n[nH]cc23)ccc1-c1c(C)n[nH]c(=O)c1C,BindingDB Patent Bioactivity Data,"Receptor Binding Assay: The affinity of the compounds described herein was determined by competition binding assays similar to those described in Ryman-Rasmussen et al., Differential activation of adenylate cyclase and receptor internalization by novel dopamine D1 receptor agonists, Molecular Pharmacology 68(4):1039-1048 (2005). This radioligand binding assay used [3H]-SCH23390, a radiolabeled D1 ligand, to evaluate the ability of a test compound to compete with the radioligand when binding to a D1 receptor. D1 binding assays were performed using over-expressing LTK human cell lines. To determine basic assay parameters, ligand concentrations were determined from saturation binding studies where the Kd for [3H]-SCH23390 was found to be 1.3 nM. From tissue concentration curve studies, the optimal amount of tissue was determined to be 1.75 mg/mL per 96 well plate using 0.5 nM of [3H]-SCH23390. These ligand and tissue concentrations were used in time course studies to determine linearity and equilibrium condition.",B,,,,2014.0,Dopamine D1 receptor,Ki,nM,7.98,347.38,3.43
CHEMBL3671279,5.04,Cc1cc(Oc2nccc3[nH]ccc23)ccc1-c1c(C)n[nH]c(=O)c1C,BindingDB Patent Bioactivity Data,"Receptor Binding Assay: The affinity of the compounds described herein was determined by competition binding assays similar to those described in Ryman-Rasmussen et al., Differential activation of adenylate cyclase and receptor internalization by novel dopamine D1 receptor agonists, Molecular Pharmacology 68(4):1039-1048 (2005). This radioligand binding assay used [3H]-SCH23390, a radiolabeled D1 ligand, to evaluate the ability of a test compound to compete with the radioligand when binding to a D1 receptor. D1 binding assays were performed using over-expressing LTK human cell lines. To determine basic assay parameters, ligand concentrations were determined from saturation binding studies where the Kd for [3H]-SCH23390 was found to be 1.3 nM. From tissue concentration curve studies, the optimal amount of tissue was determined to be 1.75 mg/mL per 96 well plate using 0.5 nM of [3H]-SCH23390. These ligand and tissue concentrations were used in time course studies to determine linearity and equilibrium condition.",B,,,,2014.0,Dopamine D1 receptor,Ki,nM,8.3,346.39,4.03
CHEMBL3671283,97.5,Cc1cc(Oc2nccc3[nH]ccc23)ccc1-c1cncc2nccn12,BindingDB Patent Bioactivity Data,"Receptor Binding Assay: The affinity of the compounds described herein was determined by competition binding assays similar to those described in Ryman-Rasmussen et al., Differential activation of adenylate cyclase and receptor internalization by novel dopamine D1 receptor agonists, Molecular Pharmacology 68(4):1039-1048 (2005). This radioligand binding assay used [3H]-SCH23390, a radiolabeled D1 ligand, to evaluate the ability of a test compound to compete with the radioligand when binding to a D1 receptor. D1 binding assays were performed using over-expressing LTK human cell lines. To determine basic assay parameters, ligand concentrations were determined from saturation binding studies where the Kd for [3H]-SCH23390 was found to be 1.3 nM. From tissue concentration curve studies, the optimal amount of tissue was determined to be 1.75 mg/mL per 96 well plate using 0.5 nM of [3H]-SCH23390. These ligand and tissue concentrations were used in time course studies to determine linearity and equilibrium condition.",B,,,,2014.0,Dopamine D1 receptor,Ki,nM,7.01,341.37,4.37
CHEMBL3671285,39.2,Cc1cc(Oc2nccc3[nH]ccc23)ccc1-c1c(C)ncnc1C#N,BindingDB Patent Bioactivity Data,"Receptor Binding Assay: The affinity of the compounds described herein was determined by competition binding assays similar to those described in Ryman-Rasmussen et al., Differential activation of adenylate cyclase and receptor internalization by novel dopamine D1 receptor agonists, Molecular Pharmacology 68(4):1039-1048 (2005). This radioligand binding assay used [3H]-SCH23390, a radiolabeled D1 ligand, to evaluate the ability of a test compound to compete with the radioligand when binding to a D1 receptor. D1 binding assays were performed using over-expressing LTK human cell lines. To determine basic assay parameters, ligand concentrations were determined from saturation binding studies where the Kd for [3H]-SCH23390 was found to be 1.3 nM. From tissue concentration curve studies, the optimal amount of tissue was determined to be 1.75 mg/mL per 96 well plate using 0.5 nM of [3H]-SCH23390. These ligand and tissue concentrations were used in time course studies to determine linearity and equilibrium condition.",B,,,,2014.0,Dopamine D1 receptor,Ki,nM,7.41,341.37,4.3
CHEMBL201525,4.5,CN1CCc2ccccc2Cc2ccccc2CC1,Scientific Literature,Displacement of [3H]SCH-23390 from human cloned D1 dopamine receptor incubated for 90 mins by radioligand binding assay,B,Homo sapiens,,Medchemcomm,2015.0,Dopamine D1 receptor,Ki,nM,8.35,251.37,3.31
CHEMBL8514,4.3,CC(C)(C)[C@]1(O)CCN2C[C@H]3c4ccccc4CCc4cccc(c43)[C@@H]2C1,Scientific Literature,Displacement of [3H]-SCH23390 from human dopamine D1 receptor expressed in HEKT cells incubated for 90 mins by microbeta counting method,B,Homo sapiens,,Bioorg Med Chem,2020.0,Dopamine D1 receptor,Ki,nM,8.37,361.53,4.84
CHEMBL54,120.0,O=C(CCCN1CCC(O)(c2ccc(Cl)cc2)CC1)c1ccc(F)cc1,Scientific Literature,Binding affinity to human cloned dopamine D1 receptor,B,Homo sapiens,,Bioorg Med Chem,2008.0,Dopamine D1 receptor,Ki,nM,6.92,375.87,4.43
CHEMBL238916,5000.0,O=C1c2ccccc2S(=O)(=O)N1CCCCN1CCN(c2cccc(C(F)(F)F)c2)CC1,Scientific Literature,Binding affinity to human D1R,B,Homo sapiens,,Bioorg Med Chem Lett,2021.0,Dopamine D1 receptor,Ki,nM,,467.51,3.45
CHEMBL726,179.0,OCCN1CCN(CCCN2c3ccccc3Sc3ccc(C(F)(F)F)cc32)CC1,Scientific Literature,Displacement of [3H]SCH23390 from human dopamine D1 receptor expressed in HEK cells,B,Homo sapiens,,Bioorg Med Chem Lett,2009.0,Dopamine D1 receptor,Ki,nM,6.75,437.53,4.31
CHEMBL3697617,8.54,Cc1cc(Oc2ncccc2C(F)(F)F)ccc1-c1c(C)c(=O)[nH]c(=O)n1C,BindingDB Patent Bioactivity Data,"Competition Binding Assay: The affinity of the compounds described herein was determined by competition binding assays similar to those described in Ryman-Rasmussen et al., Differential activation of adenylate cyclase and receptor internalization by novel dopamine D1 receptor agonists, Molecular Pharmacology 68(4):1039-1048 (2005). This radioligand binding assay used [3H]-SCH23390, a radiolabeled D1 ligand, to evaluate the ability of a test compound to compete with the radioligand when binding to a D1 receptor.D1 binding assays were performed using over-expressing LTK human cell lines. To determine basic assay parameters, ligand concentrations were determined from saturation binding studies where the Kd for [3H]-SCH23390 was found to be 1.3 nM. From tissue concentration curve studies, the optimal amount of tissue was determined to be 1.75 mg/mL per 96 well plate using 0.5 nM of [3H]-SCH23390. These ligand and tissue concentrations were used in time course studies to determine linearity and equilibrium.",B,,,,2015.0,Dopamine D1 receptor,Ki,nM,8.07,391.35,3.56
CHEMBL3697623,35.7,Cc1cc(Sc2ncccc2Cl)ccc1-c1c(C)c(=O)[nH]c(=O)n1C,BindingDB Patent Bioactivity Data,"Competition Binding Assay: The affinity of the compounds described herein was determined by competition binding assays similar to those described in Ryman-Rasmussen et al., Differential activation of adenylate cyclase and receptor internalization by novel dopamine D1 receptor agonists, Molecular Pharmacology 68(4):1039-1048 (2005). This radioligand binding assay used [3H]-SCH23390, a radiolabeled D1 ligand, to evaluate the ability of a test compound to compete with the radioligand when binding to a D1 receptor.D1 binding assays were performed using over-expressing LTK human cell lines. To determine basic assay parameters, ligand concentrations were determined from saturation binding studies where the Kd for [3H]-SCH23390 was found to be 1.3 nM. From tissue concentration curve studies, the optimal amount of tissue was determined to be 1.75 mg/mL per 96 well plate using 0.5 nM of [3H]-SCH23390. These ligand and tissue concentrations were used in time course studies to determine linearity and equilibrium.",B,,,,2015.0,Dopamine D1 receptor,Ki,nM,7.45,373.87,3.56
CHEMBL3697561,88.9,Cc1cc(Oc2ncc(Cl)cc2Cl)ccc1-c1c(C)c(=O)[nH]c(=O)n1C,BindingDB Patent Bioactivity Data,"Competition Binding Assay: The affinity of the compounds described herein was determined by competition binding assays similar to those described in Ryman-Rasmussen et al., Differential activation of adenylate cyclase and receptor internalization by novel dopamine D1 receptor agonists, Molecular Pharmacology 68(4):1039-1048 (2005). This radioligand binding assay used [3H]-SCH23390, a radiolabeled D1 ligand, to evaluate the ability of a test compound to compete with the radioligand when binding to a D1 receptor.D1 binding assays were performed using over-expressing LTK human cell lines. To determine basic assay parameters, ligand concentrations were determined from saturation binding studies where the Kd for [3H]-SCH23390 was found to be 1.3 nM. From tissue concentration curve studies, the optimal amount of tissue was determined to be 1.75 mg/mL per 96 well plate using 0.5 nM of [3H]-SCH23390. These ligand and tissue concentrations were used in time course studies to determine linearity and equilibrium.",B,,,,2015.0,Dopamine D1 receptor,Ki,nM,7.05,392.24,3.85
CHEMBL3697564,3.61,Cc1cc(Oc2nccc(C)c2Cl)ccc1-c1c(C)c(=O)[nH]c(=O)n1C,BindingDB Patent Bioactivity Data,"Competition Binding Assay: The affinity of the compounds described herein was determined by competition binding assays similar to those described in Ryman-Rasmussen et al., Differential activation of adenylate cyclase and receptor internalization by novel dopamine D1 receptor agonists, Molecular Pharmacology 68(4):1039-1048 (2005). This radioligand binding assay used [3H]-SCH23390, a radiolabeled D1 ligand, to evaluate the ability of a test compound to compete with the radioligand when binding to a D1 receptor.D1 binding assays were performed using over-expressing LTK human cell lines. To determine basic assay parameters, ligand concentrations were determined from saturation binding studies where the Kd for [3H]-SCH23390 was found to be 1.3 nM. From tissue concentration curve studies, the optimal amount of tissue was determined to be 1.75 mg/mL per 96 well plate using 0.5 nM of [3H]-SCH23390. These ligand and tissue concentrations were used in time course studies to determine linearity and equilibrium.",B,,,,2015.0,Dopamine D1 receptor,Ki,nM,8.44,371.82,3.51
CHEMBL3697572,15.0,Cc1cc(Oc2cc(C3CC3)ccn2)ccc1-c1c(C)c(=O)[nH]c(=O)n1C,BindingDB Patent Bioactivity Data,"Competition Binding Assay: The affinity of the compounds described herein was determined by competition binding assays similar to those described in Ryman-Rasmussen et al., Differential activation of adenylate cyclase and receptor internalization by novel dopamine D1 receptor agonists, Molecular Pharmacology 68(4):1039-1048 (2005). This radioligand binding assay used [3H]-SCH23390, a radiolabeled D1 ligand, to evaluate the ability of a test compound to compete with the radioligand when binding to a D1 receptor.D1 binding assays were performed using over-expressing LTK human cell lines. To determine basic assay parameters, ligand concentrations were determined from saturation binding studies where the Kd for [3H]-SCH23390 was found to be 1.3 nM. From tissue concentration curve studies, the optimal amount of tissue was determined to be 1.75 mg/mL per 96 well plate using 0.5 nM of [3H]-SCH23390. These ligand and tissue concentrations were used in time course studies to determine linearity and equilibrium.",B,,,,2015.0,Dopamine D1 receptor,Ki,nM,7.82,363.42,3.42
CHEMBL3697576,9.65,Cc1cc(Oc2ncccc2Br)ccc1-c1c(C)n[nH]c(=O)c1C,BindingDB Patent Bioactivity Data,"Competition Binding Assay: The affinity of the compounds described herein was determined by competition binding assays similar to those described in Ryman-Rasmussen et al., Differential activation of adenylate cyclase and receptor internalization by novel dopamine D1 receptor agonists, Molecular Pharmacology 68(4):1039-1048 (2005). This radioligand binding assay used [3H]-SCH23390, a radiolabeled D1 ligand, to evaluate the ability of a test compound to compete with the radioligand when binding to a D1 receptor.D1 binding assays were performed using over-expressing LTK human cell lines. To determine basic assay parameters, ligand concentrations were determined from saturation binding studies where the Kd for [3H]-SCH23390 was found to be 1.3 nM. From tissue concentration curve studies, the optimal amount of tissue was determined to be 1.75 mg/mL per 96 well plate using 0.5 nM of [3H]-SCH23390. These ligand and tissue concentrations were used in time course studies to determine linearity and equilibrium.",B,,,,2015.0,Dopamine D1 receptor,Ki,nM,8.02,386.25,4.31
CHEMBL550180,278.0,CCCN1CCc2cc(C)cc3c2[C@H]1Cc1ccc(O)c(O)c1-3.Cl,Scientific Literature,Displacement of [3H]SCH23390 from dopamine D1 receptor expressed in Ltk deficient fibroblast cells by liquid scintillation counting,B,,,Bioorg Med Chem,2009.0,Dopamine D1 receptor,Ki,nM,6.56,345.87,3.94
CHEMBL240773,87000.0,CCCN1CCC[C@@H]2Cc3[nH]ncc3C[C@H]21,Scientific Literature,Displacement of [3H]SCH23390 from human dopamine D1 receptor expressed in HEK293 cells by competitive binding assay,B,Homo sapiens,,J Med Chem,2014.0,Dopamine D1 receptor,Ki,nM,4.06,219.33,2.0
CHEMBL1125,203.0,Cc1cc2c(s1)Nc1ccccc1N=C2N1CCNCC1,Scientific Literature,In vitro binding affinity of compound against dopamine neuronal Dopamine receptor D1,B,,,Bioorg Med Chem Lett,1997.0,Dopamine D1 receptor,Ki,nM,6.69,298.42,3.1
CHEMBL4635423,147.4,COc1cc2c(cc1O)C(c1ccccc1Cl)CNCC2,Scientific Literature,Displacement of [3H]SCH23390 from dopamine D1 receptor (unknown origin),B,Homo sapiens,,Bioorg Med Chem Lett,2020.0,Dopamine D1 receptor,Ki,nM,6.83,303.79,3.33
CHEMBL4645139,1044.0,C=CCN1CCc2cc(OC)c(O)cc2C(c2c(Cl)cccc2Cl)C1,Scientific Literature,Displacement of [3H]SCH23390 from dopamine D1 receptor (unknown origin),B,Homo sapiens,,Bioorg Med Chem Lett,2020.0,Dopamine D1 receptor,Ki,nM,5.98,378.3,4.88
CHEMBL5429826,3160.0,O=C(N[C@H]1CC[C@H](CCN2CCN(c3cccc(Cl)c3Cl)CC2)CC1)c1ccnc2ccccc12,Scientific Literature,Displacement of [3H]-SCH23390 from D1 receptor in HEK293 cell membranes by scintillation counting method,B,Homo sapiens,,J Med Chem,2023.0,Dopamine D1 receptor,Ki,nM,,511.5,6.04
CHEMBL5408223,6800.0,CCc1cccc(N2CCN(CC[C@H]3CC[C@H](NC(=O)COC)CC3)CC2)c1Cl,Scientific Literature,Displacement of [3H]-SCH23390 from D1 receptor in HEK293 cell membranes by scintillation counting method,B,Homo sapiens,,J Med Chem,2023.0,Dopamine D1 receptor,Ki,nM,5.17,422.01,3.74
CHEMBL5437660,8000.0,CCc1cc(Cl)c(OC)c(N2CCN(CC[C@H]3CC[C@H](NC(=O)NC)CC3)CC2)c1,Scientific Literature,Displacement of [3H]-SCH23390 from D1 receptor in HEK293 cell membranes by scintillation counting method,B,Homo sapiens,,J Med Chem,2023.0,Dopamine D1 receptor,Ki,nM,5.1,437.03,3.91
CHEMBL216439,304.0,CN1CCCc2c([nH]c3ccccc23)Cc2ccccc2CC1,Scientific Literature,Activity at human D1 dopamine receptor expressed in HEK293 cells by calcium fluorescence assay,F,Homo sapiens,,J Med Chem,2006.0,Dopamine D1 receptor,Ki,nM,6.52,304.44,4.18
CHEMBL25236,760.0,COc1ccccc1N1CCN(CCCCNC(=O)c2ccc3ccccc3c2)CC1,Scientific Literature,Displacement of [3H]SCH 23390 from D1 receptor of porcine striatal membrane,B,Homo sapiens,,J Med Chem,2006.0,Dopamine D1 receptor,Ki,nM,6.12,417.55,4.18
CHEMBL342060,1500.0,COc1ccccc1N1CCN(CCCCNC(=O)c2ccn3nccc3c2)CC1,Scientific Literature,Binding affinity for porcine Dopamine receptor D1 by [3H]-SCH- 23390 displacement.,B,,,J Med Chem,2002.0,Dopamine D1 receptor,Ki,nM,5.82,407.52,2.68
CHEMBL596622,0.9,CN1CCc2cc(Cl)c(O)cc2[C@@H](c2ccc(CNC3CCC3)cc2)C1,Scientific Literature,Binding affinity to dopamine D1 receptor,B,,,Bioorg Med Chem Lett,2010.0,Dopamine D1 receptor,Ki,nM,9.05,370.92,4.31
CHEMBL603485,1.4,CCOC(=O)Nc1ccc2c(c1)CC[C@H]1[C@H]2c2cc(O)c(Cl)cc2CCN1C,Scientific Literature,Binding affinity to dopamine D1 receptor,B,,,Bioorg Med Chem Lett,2010.0,Dopamine D1 receptor,Ki,nM,8.85,400.91,4.55
CHEMBL604135,4.7,CN1CCc2cc(Cl)c(O)cc2[C@H]2c3cccc(NS(C)(=O)=O)c3CC[C@@H]21,Scientific Literature,Binding affinity to dopamine D1 receptor,B,,,Bioorg Med Chem Lett,2010.0,Dopamine D1 receptor,Ki,nM,8.33,406.94,3.35
CHEMBL109684,804.0,CCCN(CCc1ccccc1)C1CCc2c(O)cccc2C1,Scientific Literature,Binding affinity against dopamine receptor D1 by using [3H]-SCH- 23390 as radioligand in caudate-putamen of monkey,B,Cercopithecidae,Caudate-putamen,J Med Chem,1991.0,Dopamine D1 receptor,Ki,nM,6.09,309.45,4.2
CHEMBL4776090,5.5,Cc1ccc2c(c1)N=C(C1=C[C@H](C)N(C)CC1)c1cc(F)ccc1N2,Scientific Literature,Binding affinity to human dopamine D1 receptor,B,Homo sapiens,,Bioorg Med Chem Lett,2020.0,Dopamine D1 receptor,Ki,nM,8.26,335.43,4.96
CHEMBL4294397,38.1,Cc1cc(Oc2nccc3occc23)ccc1-c1cccc2nccn12,Scientific Literature,Displacement of [3H]-SCH23390 from human dopamine D1 receptor expressed in LTK cell membranes after 30 mins by liquid scintillation counting,B,Homo sapiens,,J Med Chem,2018.0,Dopamine D1 receptor,Ki,nM,7.42,341.37,5.24
CHEMBL487182,153.0,COc1cc2c(cc1OC)[C@@H]1Cc3ccc(OC)c(OC)c3CN1CC2,Scientific Literature,Displacement of [3H]SCH23390 from human 3HA-tagged dopamine D1 receptor expressed in HEK293 cells after 1 hr,B,Homo sapiens,,Bioorg Med Chem Lett,2017.0,Dopamine D1 receptor,Ki,nM,6.82,355.43,3.38
CHEMBL54,120.0,O=C(CCCN1CCC(O)(c2ccc(Cl)cc2)CC1)c1ccc(F)cc1,Scientific Literature,Displacement of [3H]SCH23390 from human dopamine D1 receptor by liquid scintillation counting,B,Homo sapiens,,Bioorg Med Chem Lett,2014.0,Dopamine D1 receptor,Ki,nM,6.92,375.87,4.43
CHEMBL4564312,10000.0,O=C(NCc1ncc(C(F)(F)F)cc1Cl)c1ccc2c(c1)C1(CCS(=O)(=O)CC1)[C@@H](C1CC1)N2S(=O)(=O)c1ccc(F)cc1,EUbOPEN Chemogenomic Library Literature Data,Selectivity interaction (GPCR panel (PDSP screen)) EUB0000335a DRD1,B,Homo sapiens,,,2023.0,Dopamine D1 receptor,Ki,nM,,672.12,5.26
CHEMBL4878587,58.0,COc1cc2c(cc1OC)CN(Cc1ccccc1CNC(=O)c1ccc(C#N)cc1)CC2,Scientific Literature,Displacement of [3H]SCH23390 from dopamine D1 receptor (unknown origin),B,Homo sapiens,,Bioorg Med Chem Lett,2021.0,Dopamine D1 receptor,Ki,nM,7.24,441.53,4.06
CHEMBL5394229,16.0,COc1ccccc1N1CCN(CCCNC(=O)Nc2ccccc2-c2ccc(-c3ccccc3)cc2)CC1,Scientific Literature,Displacement of [3H]SCH23390 from human dopamine D1 receptor expressed in HEK293T cells assessed as inhibition constant by competition binding assay,B,Homo sapiens,,J Med Chem,2023.0,Dopamine D1 receptor,Ki,nM,7.8,520.68,6.36
CHEMBL5403204,280.0,COc1ccc(-c2ccccc2)c(CNC(=O)NCCCN2CCN(c3ccccc3OC)CC2)c1,Scientific Literature,Displacement of [3H]SCH23390 from human dopamine D1 receptor expressed in HEK293T cells assessed as inhibition constant by competition binding assay,B,Homo sapiens,,J Med Chem,2023.0,Dopamine D1 receptor,Ki,nM,6.55,488.63,4.38
CHEMBL2334887,530.0,COc1cc2c(cc1O)CCN1Cc3c(ccc(OC)c3O)C[C@@H]21,Scientific Literature,Displacement of [3H]SCH23390 from dopamine D1 receptor (unknown origin) expressed in human HEK293 cells by liquid scintillation counter,B,Homo sapiens,,Bioorg Med Chem,2013.0,Dopamine D1 receptor,Ki,nM,6.28,327.38,2.77
CHEMBL2334885,310.0,COc1cc2c(cc1O)CCN1Cc3c(ccc(OC)c3OC)C[C@@H]21,Scientific Literature,Displacement of [3H]SCH23390 from dopamine D1 receptor (unknown origin) expressed in human HEK293 cells by liquid scintillation counter,B,Homo sapiens,,Bioorg Med Chem,2013.0,Dopamine D1 receptor,Ki,nM,6.51,341.41,3.07
CHEMBL2334886,1189.0,COc1cc2c(cc1O)CCN1Cc3c(ccc(OC)c3OC)C[C@H]21,Scientific Literature,Displacement of [3H]SCH23390 from dopamine D1 receptor (unknown origin) expressed in human HEK293 cells by liquid scintillation counter,B,Homo sapiens,,Bioorg Med Chem,2013.0,Dopamine D1 receptor,Ki,nM,5.92,341.41,3.07
CHEMBL2334880,565.0,COc1c(O)ccc2c1CN1CCc3cc4c(cc3[C@H]1C2)OCO4,Scientific Literature,Displacement of [3H]SCH23390 from dopamine D1 receptor (unknown origin) expressed in human HEK293 cells by liquid scintillation counter,B,Homo sapiens,,Bioorg Med Chem,2013.0,Dopamine D1 receptor,Ki,nM,6.25,325.36,2.79
CHEMBL2334892,6.6,COc1cc2c(cc1O)[C@H]1Cc3ccc(OC)c(OC)c3CN1CC2,Scientific Literature,Displacement of [3H]SCH23390 from dopamine D1 receptor (unknown origin) expressed in human HEK293 cells by liquid scintillation counter,B,Homo sapiens,,Bioorg Med Chem,2013.0,Dopamine D1 receptor,Ki,nM,8.18,341.41,3.07
CHEMBL2057455,2.53,COc1cc2c(c(OC)c1)CN1CCc3cc(OC)c(O)cc3[C@@H]1C2,BindingDB Patent Bioactivity Data,"Radioligand Binding Assay: The affinity of compounds to D1 and D2 dopamine receptors were determined by competition binding assays. Membrane homogenates of HEK293T cells were stably transfected with D1, or D2 receptors. Duplicated tubes were incubated at 30Â° C. for 50 mins (for D1, and D2) with increasing concentrations of respective compound and with [3H]SCH23390 (for D1 dopamine receptors), or [3H]Spiperone (for dopamine D2 receptor) in a final volume of 200 Î¼L binding buffer containing 50 mM Tris, 4 mM MgCl2, pH 7.4. Nonspecific binding was determined by parallel incubations with either 10 Î¼M SCH23390 for D1, or Spiperone for D2 receptors respectively. The reaction was started by addition of membranes (15 ng/tube) and stopped by rapid filtration through Whatman GF/B glassfiber filter and subsequently washed with cold buffer (50 mM Tris, 5 mM EDTA, pH 7.4) using a Brandel 24-well cell harvester. Scintillation cocktail was added and the radioactivity was determined in a MicroBeta liquid scintillation counter.",B,,,,2016.0,Dopamine D1 receptor,Ki,nM,8.6,341.41,3.07
CHEMBL2057457,28.91,COc1cc2c(cc1O)[C@@H]1Cc3cc(C)cc(C)c3CN1CC2,BindingDB Patent Bioactivity Data,"Radioligand Binding Assay: The affinity of compounds to D1 and D2 dopamine receptors were determined by competition binding assays. Membrane homogenates of HEK293T cells were stably transfected with D1, or D2 receptors. Duplicated tubes were incubated at 30Â° C. for 50 mins (for D1, and D2) with increasing concentrations of respective compound and with [3H]SCH23390 (for D1 dopamine receptors), or [3H]Spiperone (for dopamine D2 receptor) in a final volume of 200 Î¼L binding buffer containing 50 mM Tris, 4 mM MgCl2, pH 7.4. Nonspecific binding was determined by parallel incubations with either 10 Î¼M SCH23390 for D1, or Spiperone for D2 receptors respectively. The reaction was started by addition of membranes (15 ng/tube) and stopped by rapid filtration through Whatman GF/B glassfiber filter and subsequently washed with cold buffer (50 mM Tris, 5 mM EDTA, pH 7.4) using a Brandel 24-well cell harvester. Scintillation cocktail was added and the radioactivity was determined in a MicroBeta liquid scintillation counter.",B,,,,2016.0,Dopamine D1 receptor,Ki,nM,7.54,309.41,3.67
CHEMBL5433001,17.0,CCOc1cc2c(cc1O)[C@@H]1Cc3ccc(O)c(OC)c3CN1CC2,Scientific Literature,Displacement of [3H]SCH-23390 from human dopamine D1 receptor assessed as inhibition constant,B,Homo sapiens,,J Med Chem,2023.0,Dopamine D1 receptor,Ki,nM,7.77,341.41,3.16
CHEMBL5394838,85.0,CCCCCCOc1cc2c(cc1O)[C@@H]1Cc3c(Br)cc(O)c(OCCOCC)c3CN1CC2,Scientific Literature,Displacement of [3H]SCH-23390 from human dopamine D1 receptor assessed as inhibition constant,B,Homo sapiens,,J Med Chem,2023.0,Dopamine D1 receptor,Ki,nM,7.07,534.49,5.89
CHEMBL5439661,664.0,CCCCCCOc1cc2c(cc1O)[C@@H]1Cc3c(Br)cc(O)c(OCCCCCC)c3CN1CC2,Scientific Literature,Displacement of [3H]SCH-23390 from human dopamine D1 receptor assessed as inhibition constant,B,Homo sapiens,,J Med Chem,2023.0,Dopamine D1 receptor,Ki,nM,6.18,546.55,7.43
CHEMBL8514,2.3,CC(C)(C)[C@]1(O)CCN2C[C@H]3c4ccccc4CCc4cccc(c43)[C@@H]2C1,Scientific Literature,Displacement of [3H]SCH-23390 from human dopamine D1 receptor assessed as inhibition constant,B,Homo sapiens,,J Med Chem,2023.0,Dopamine D1 receptor,Ki,nM,8.64,361.53,4.84
CHEMBL4572167,10000.0,CC[C@H]1c2ccccc2N(c2ccccc2)C[C@@]1(C)N,Scientific Literature,Displacement of [3H]-SCH23390 from human recombinant dopamine D1 receptor expressed in HEKT cells after 90 mins by microbeta scintillation counting method,B,Homo sapiens,,ACS Med Chem Lett,2019.0,Dopamine D1 receptor,Ki,nM,,266.39,4.05
CHEMBL3697557,92.1,Cc1cc(Oc2ncc(Cl)cc2C)ccc1-c1c(C)c(=O)[nH]c(=O)n1C,BindingDB Patent Bioactivity Data,"Competition Binding Assay: The affinity of the compounds described herein was determined by competition binding assays similar to those described in Ryman-Rasmussen et al., Differential activation of adenylate cyclase and receptor internalization by novel dopamine D1 receptor agonists, Molecular Pharmacology 68(4):1039-1048 (2005). This radioligand binding assay used [3H]-SCH23390, a radiolabeled D1 ligand, to evaluate the ability of a test compound to compete with the radioligand when binding to a D1 receptor.D1 binding assays were performed using over-expressing LTK human cell lines. To determine basic assay parameters, ligand concentrations were determined from saturation binding studies where the Kd for [3H]-SCH23390 was found to be 1.3 nM. From tissue concentration curve studies, the optimal amount of tissue was determined to be 1.75 mg/mL per 96 well plate using 0.5 nM of [3H]-SCH23390. These ligand and tissue concentrations were used in time course studies to determine linearity and equilibrium.",B,,,,2015.0,Dopamine D1 receptor,Ki,nM,7.04,371.82,3.51
CHEMBL3697574,5.41,Cc1cc(Oc2nccc(C)c2Cl)ccc1-c1c(C)n[nH]c(=O)c1C,BindingDB Patent Bioactivity Data,"Competition Binding Assay: The affinity of the compounds described herein was determined by competition binding assays similar to those described in Ryman-Rasmussen et al., Differential activation of adenylate cyclase and receptor internalization by novel dopamine D1 receptor agonists, Molecular Pharmacology 68(4):1039-1048 (2005). This radioligand binding assay used [3H]-SCH23390, a radiolabeled D1 ligand, to evaluate the ability of a test compound to compete with the radioligand when binding to a D1 receptor.D1 binding assays were performed using over-expressing LTK human cell lines. To determine basic assay parameters, ligand concentrations were determined from saturation binding studies where the Kd for [3H]-SCH23390 was found to be 1.3 nM. From tissue concentration curve studies, the optimal amount of tissue was determined to be 1.75 mg/mL per 96 well plate using 0.5 nM of [3H]-SCH23390. These ligand and tissue concentrations were used in time course studies to determine linearity and equilibrium.",B,,,,2015.0,Dopamine D1 receptor,Ki,nM,8.27,355.83,4.51
CHEMBL3697587,24.2,Cc1cc(Oc2ncccc2Cl)ccc1-c1c(C)c(=O)[nH]c(=O)n1C,BindingDB Patent Bioactivity Data,"Competition Binding Assay: The affinity of the compounds described herein was determined by competition binding assays similar to those described in Ryman-Rasmussen et al., Differential activation of adenylate cyclase and receptor internalization by novel dopamine D1 receptor agonists, Molecular Pharmacology 68(4):1039-1048 (2005). This radioligand binding assay used [3H]-SCH23390, a radiolabeled D1 ligand, to evaluate the ability of a test compound to compete with the radioligand when binding to a D1 receptor.D1 binding assays were performed using over-expressing LTK human cell lines. To determine basic assay parameters, ligand concentrations were determined from saturation binding studies where the Kd for [3H]-SCH23390 was found to be 1.3 nM. From tissue concentration curve studies, the optimal amount of tissue was determined to be 1.75 mg/mL per 96 well plate using 0.5 nM of [3H]-SCH23390. These ligand and tissue concentrations were used in time course studies to determine linearity and equilibrium.",B,,,,2015.0,Dopamine D1 receptor,Ki,nM,7.62,357.8,3.2
CHEMBL3671295,67.9,Cc1cc(Oc2nccc3[nH]ccc23)ccc1-c1cc(=O)[nH]nc1C,BindingDB Patent Bioactivity Data,"Receptor Binding Assay: The affinity of the compounds described herein was determined by competition binding assays similar to those described in Ryman-Rasmussen et al., Differential activation of adenylate cyclase and receptor internalization by novel dopamine D1 receptor agonists, Molecular Pharmacology 68(4):1039-1048 (2005). This radioligand binding assay used [3H]-SCH23390, a radiolabeled D1 ligand, to evaluate the ability of a test compound to compete with the radioligand when binding to a D1 receptor. D1 binding assays were performed using over-expressing LTK human cell lines. To determine basic assay parameters, ligand concentrations were determined from saturation binding studies where the Kd for [3H]-SCH23390 was found to be 1.3 nM. From tissue concentration curve studies, the optimal amount of tissue was determined to be 1.75 mg/mL per 96 well plate using 0.5 nM of [3H]-SCH23390. These ligand and tissue concentrations were used in time course studies to determine linearity and equilibrium condition.",B,,,,2014.0,Dopamine D1 receptor,Ki,nM,7.17,332.36,3.72
CHEMBL3671299,124.0,COc1cc(Oc2nccc3n[nH]cc23)ccc1-c1c(C)ncnc1C,BindingDB Patent Bioactivity Data,"Receptor Binding Assay: The affinity of the compounds described herein was determined by competition binding assays similar to those described in Ryman-Rasmussen et al., Differential activation of adenylate cyclase and receptor internalization by novel dopamine D1 receptor agonists, Molecular Pharmacology 68(4):1039-1048 (2005). This radioligand binding assay used [3H]-SCH23390, a radiolabeled D1 ligand, to evaluate the ability of a test compound to compete with the radioligand when binding to a D1 receptor. D1 binding assays were performed using over-expressing LTK human cell lines. To determine basic assay parameters, ligand concentrations were determined from saturation binding studies where the Kd for [3H]-SCH23390 was found to be 1.3 nM. From tissue concentration curve studies, the optimal amount of tissue was determined to be 1.75 mg/mL per 96 well plate using 0.5 nM of [3H]-SCH23390. These ligand and tissue concentrations were used in time course studies to determine linearity and equilibrium condition.",B,,,,2014.0,Dopamine D1 receptor,Ki,nM,6.91,347.38,3.83
CHEMBL3671301,69.6,Cc1ncnc(C#N)c1-c1ccc(Oc2nccc3n[nH]cc23)cc1F,BindingDB Patent Bioactivity Data,"Receptor Binding Assay: The affinity of the compounds described herein was determined by competition binding assays similar to those described in Ryman-Rasmussen et al., Differential activation of adenylate cyclase and receptor internalization by novel dopamine D1 receptor agonists, Molecular Pharmacology 68(4):1039-1048 (2005). This radioligand binding assay used [3H]-SCH23390, a radiolabeled D1 ligand, to evaluate the ability of a test compound to compete with the radioligand when binding to a D1 receptor. D1 binding assays were performed using over-expressing LTK human cell lines. To determine basic assay parameters, ligand concentrations were determined from saturation binding studies where the Kd for [3H]-SCH23390 was found to be 1.3 nM. From tissue concentration curve studies, the optimal amount of tissue was determined to be 1.75 mg/mL per 96 well plate using 0.5 nM of [3H]-SCH23390. These ligand and tissue concentrations were used in time course studies to determine linearity and equilibrium condition.",B,,,,2014.0,Dopamine D1 receptor,Ki,nM,7.16,346.33,3.53
CHEMBL5424897,10000.0,CCc1cc(Cl)c(OC)c(N2CCN(CC[C@H]3CC[C@H](NC(=O)CCOC)CC3)CC2)c1,Scientific Literature,Displacement of [3H]-SCH23390 from D1 receptor in HEK293 cell membranes by scintillation counting method,B,Homo sapiens,,J Med Chem,2023.0,Dopamine D1 receptor,Ki,nM,,466.07,4.13
CHEMBL1201356,539.0,CC[C@@H](CO)NC(=O)[C@@H]1C=C2c3cccc4[nH]cc(c34)C[C@H]2N(C)C1,DrugMatrix,DRUGMATRIX: Dopamine D1 radioligand binding (ligand: [3H] SCH-23390),B,,,,,Dopamine D1 receptor,Ki,nM,6.27,339.44,1.92
CHEMBL104571,29.0,CCc1ccc2c(c1)[C@@H]1c3cc(O)c(O)cc3CC[C@H]1NC2,Scientific Literature,Binding affinity to dopamine D1 receptor,B,,,Eur J Med Chem,2012.0,Dopamine D1 receptor,Ki,nM,7.54,295.38,3.21
CHEMBL5427695,10000.0,COc1cccc(N2CCN(CC[C@H]3CC[C@H](NC(=O)N(C)C)CC3)CC2)c1F,Scientific Literature,Displacement of [3H]-SCH23390 from D1 receptor in HEK293 cell membranes by scintillation counting method,B,Homo sapiens,,J Med Chem,2023.0,Dopamine D1 receptor,Ki,nM,,406.55,3.18
CHEMBL5434229,10000.0,COCCC(=O)N[C@H]1CC[C@H](CCN2CCN(c3cccc(C(F)(F)F)n3)CC2)CC1,Scientific Literature,Displacement of [3H]-SCH23390 from D1 receptor in HEK293 cell membranes by scintillation counting method,B,Homo sapiens,,J Med Chem,2023.0,Dopamine D1 receptor,Ki,nM,,442.53,3.32
CHEMBL42,53.0,CN1CCN(C2=Nc3cc(Cl)ccc3Nc3ccccc32)CC1,Scientific Literature,Binding affinity against dopamine receptor D1,B,,,J Med Chem,2001.0,Dopamine D1 receptor,Ki,nM,7.28,326.83,3.72
CHEMBL2334891,4.5,COc1cc2c(cc1O)[C@@H]1Cc3ccc(OC)c(OC)c3CN1CC2,Scientific Literature,Displacement of [3H]SCH23390 from dopamine D1 receptor (unknown origin) expressed in human HEK293 cells by liquid scintillation counter,B,Homo sapiens,,Bioorg Med Chem,2013.0,Dopamine D1 receptor,Ki,nM,8.35,341.41,3.07
CHEMBL1200809,577.17,CN1CCCC(n2nc(Cc3ccc(Cl)cc3)c3ccccc3c2=O)CC1.Cl,EUbOPEN Chemogenomic Library,"PDSP Secondary Binding target: DRD1 - Compounds are tested at 10 uM concentration, plate are incubated at room temperature in the dark for 90 minutes. Reaction are stopped by vacuum filtration onto 0.3% polyethyleneimine soaked filter mats using Filtermate harvester. Scintillation cocktail is then melted onto microwave-dried filters on a hot plate and the radio activity is counted in Microbia counter. Compounds showing a minimum of 50% inhibition at 10 uM concentration are carried forward in this secondary binding assay to determine equilibrium binding affinity.",B,Homo sapiens,,,2024.0,Dopamine D1 receptor,Ki,nM,6.24,418.37,4.3
CHEMBL42,189.0,CN1CCN(C2=Nc3cc(Cl)ccc3Nc3ccccc32)CC1,Scientific Literature,Displacement of [3H]SCH-23390 from human cloned D1 dopamine receptor expressed in HEKT cells incubated for 90 mins by scintillation counting based radioligand binding assay,B,Homo sapiens,,Medchemcomm,2015.0,Dopamine D1 receptor,Ki,nM,6.72,326.83,3.72
CHEMBL715,70.0,Cc1cc2c(s1)Nc1ccccc1N=C2N1CCN(C)CC1,Scientific Literature,Displacement of [3H]SCH-23390 from human cloned D1 dopamine receptor expressed in HEKT cells incubated for 90 mins by scintillation counting based radioligand binding assay,B,Homo sapiens,,Medchemcomm,2015.0,Dopamine D1 receptor,Ki,nM,7.16,312.44,3.44
CHEMBL210567,660.0,COc1ccccc1N1CCN(CCCCNC(=O)c2cc3ccc2CCc2ccc(cc2)CC3)CC1,Scientific Literature,Displacement of [3H]SCH 23390 from D1 receptor of porcine striatal membrane,B,Homo sapiens,,J Med Chem,2006.0,Dopamine D1 receptor,Ki,nM,6.18,497.68,4.91
CHEMBL3697622,59.1,Cc1cc(Oc2ncccc2C(F)F)ccc1-c1c(C)n[nH]c(=O)c1C,BindingDB Patent Bioactivity Data,"Competition Binding Assay: The affinity of the compounds described herein was determined by competition binding assays similar to those described in Ryman-Rasmussen et al., Differential activation of adenylate cyclase and receptor internalization by novel dopamine D1 receptor agonists, Molecular Pharmacology 68(4):1039-1048 (2005). This radioligand binding assay used [3H]-SCH23390, a radiolabeled D1 ligand, to evaluate the ability of a test compound to compete with the radioligand when binding to a D1 receptor.D1 binding assays were performed using over-expressing LTK human cell lines. To determine basic assay parameters, ligand concentrations were determined from saturation binding studies where the Kd for [3H]-SCH23390 was found to be 1.3 nM. From tissue concentration curve studies, the optimal amount of tissue was determined to be 1.75 mg/mL per 96 well plate using 0.5 nM of [3H]-SCH23390. These ligand and tissue concentrations were used in time course studies to determine linearity and equilibrium.",B,,,,2015.0,Dopamine D1 receptor,Ki,nM,7.23,357.36,4.49
CHEMBL3697577,87.3,Cc1c(-c2ccc(Oc3ncccc3Cl)cc2)n(C)c(=O)[nH]c1=O,BindingDB Patent Bioactivity Data,"Competition Binding Assay: The affinity of the compounds described herein was determined by competition binding assays similar to those described in Ryman-Rasmussen et al., Differential activation of adenylate cyclase and receptor internalization by novel dopamine D1 receptor agonists, Molecular Pharmacology 68(4):1039-1048 (2005). This radioligand binding assay used [3H]-SCH23390, a radiolabeled D1 ligand, to evaluate the ability of a test compound to compete with the radioligand when binding to a D1 receptor.D1 binding assays were performed using over-expressing LTK human cell lines. To determine basic assay parameters, ligand concentrations were determined from saturation binding studies where the Kd for [3H]-SCH23390 was found to be 1.3 nM. From tissue concentration curve studies, the optimal amount of tissue was determined to be 1.75 mg/mL per 96 well plate using 0.5 nM of [3H]-SCH23390. These ligand and tissue concentrations were used in time course studies to determine linearity and equilibrium.",B,,,,2015.0,Dopamine D1 receptor,Ki,nM,7.06,343.77,2.89
CHEMBL3697585,63.1,Cc1cc(Oc2ncccc2OC(F)(F)F)ccc1-c1c(C)c(=O)[nH]c(=O)n1C,BindingDB Patent Bioactivity Data,"Competition Binding Assay: The affinity of the compounds described herein was determined by competition binding assays similar to those described in Ryman-Rasmussen et al., Differential activation of adenylate cyclase and receptor internalization by novel dopamine D1 receptor agonists, Molecular Pharmacology 68(4):1039-1048 (2005). This radioligand binding assay used [3H]-SCH23390, a radiolabeled D1 ligand, to evaluate the ability of a test compound to compete with the radioligand when binding to a D1 receptor.D1 binding assays were performed using over-expressing LTK human cell lines. To determine basic assay parameters, ligand concentrations were determined from saturation binding studies where the Kd for [3H]-SCH23390 was found to be 1.3 nM. From tissue concentration curve studies, the optimal amount of tissue was determined to be 1.75 mg/mL per 96 well plate using 0.5 nM of [3H]-SCH23390. These ligand and tissue concentrations were used in time course studies to determine linearity and equilibrium.",B,,,,2015.0,Dopamine D1 receptor,Ki,nM,7.2,407.35,3.44
CHEMBL3671288,44.3,Cc1ncnc(C)c1-c1ccc(Oc2nccc3[nH]ccc23)cc1,BindingDB Patent Bioactivity Data,"Receptor Binding Assay: The affinity of the compounds described herein was determined by competition binding assays similar to those described in Ryman-Rasmussen et al., Differential activation of adenylate cyclase and receptor internalization by novel dopamine D1 receptor agonists, Molecular Pharmacology 68(4):1039-1048 (2005). This radioligand binding assay used [3H]-SCH23390, a radiolabeled D1 ligand, to evaluate the ability of a test compound to compete with the radioligand when binding to a D1 receptor. D1 binding assays were performed using over-expressing LTK human cell lines. To determine basic assay parameters, ligand concentrations were determined from saturation binding studies where the Kd for [3H]-SCH23390 was found to be 1.3 nM. From tissue concentration curve studies, the optimal amount of tissue was determined to be 1.75 mg/mL per 96 well plate using 0.5 nM of [3H]-SCH23390. These ligand and tissue concentrations were used in time course studies to determine linearity and equilibrium condition.",B,,,,2014.0,Dopamine D1 receptor,Ki,nM,7.35,316.36,4.43
CHEMBL100454,66.0,CN1CCN(C2=Nc3ccccc3Nc3sc(CO)cc32)CC1,Scientific Literature,In vitro binding affinity of compound against dopamine neuronal Dopamine receptor D1,B,,,Bioorg Med Chem Lett,1997.0,Dopamine D1 receptor,Ki,nM,7.18,328.44,2.62
CHEMBL298406,1.9,CN1CCc2cc(Cl)c(O)cc2[C@H]2c3ccccc3CC[C@@H]21,Scientific Literature,Binding affinity to displace [3H]-SCH- 23390 against Dopamine receptor D1,B,,,J Med Chem,1990.0,Dopamine D1 receptor,Ki,nM,8.72,313.83,3.98
CHEMBL5188139,10000.0,Cc1ccc(CO[C@H]2CCCN(Cc3cccc(F)c3)C2)cc1,Scientific Literature,Displacement of [3H]SCH23390 from D1 receptor in HEK293 cell membrane assessed as inhibition constant,B,Homo sapiens,,Eur J Med Chem,2022.0,Dopamine D1 receptor,Ki,nM,,313.42,4.32
CHEMBL2334881,7.51,COc1c(O)ccc2c1CN1CCc3cc4c(cc3[C@@H]1C2)OCCO4,BindingDB Patent Bioactivity Data,"Reception Binding Assay: Different concentrations (10^â5 M-10^â11 M) of the compound of the invention and corresponding isotope receptor ligand as well as receptor protein were loaded into the reaction tube and incubated in 30Â° C. water bath for 60 minutes. The reaction was terminated in a refrigerator. The reaction mixture was put in a Millipore filter (millipore) cell sample collector, filtered through suction filtration using GF/C glass fiber filter paper, and dried. The resulting sample was placed into 0.5 mL tube. 500 Î¼L liquid scintillation fluid was added and intensity of radioactivity was determined by counting. For dopamine D1 receptor: isotope receptor ligands [3H] SCH23390 (85.0 Ci/mmol) (D1-selective, purchased from Amersham Corporation), D1 receptor protein expressed in HEK-293 cells; For D2 dopamine receptor: isotope receptor ligands [3H] Spiperone (77.0 Ci/mmol) (D2-selective, purchased from Amersham Corporation); D2 receptor protein expressed in HEK-293 cells; For 5-HT1A receptor: isotope receptor ligands [3H] 8-OH-DPAT; 5-HT1A receptor protein expressed in HEK-293 cells; For 5-HT2A receptor: isotope receptor ligands [3H]-Ketanserin; 5-HT2A receptor protein expressed in HEK-293 cells.",B,,,,2016.0,Dopamine D1 receptor,Ki,nM,8.12,339.39,2.83
CHEMBL1489369,2.92,Br.CN1CCc2cc(Br)c(O)cc2C(c2ccccc2)C1,EUbOPEN Chemogenomic Library,"PDSP Secondary Binding target: DRD1 - Compounds are tested at 10 uM concentration, plate are incubated at room temperature in the dark for 90 minutes. Reaction are stopped by vacuum filtration onto 0.3% polyethyleneimine soaked filter mats using Filtermate harvester. Scintillation cocktail is then melted onto microwave-dried filters on a hot plate and the radio activity is counted in Microbia counter. Compounds showing a minimum of 50% inhibition at 10 uM concentration are carried forward in this secondary binding assay to determine equilibrium binding affinity.",B,Homo sapiens,,,2024.0,Dopamine D1 receptor,Ki,nM,8.54,413.15,3.77
CHEMBL3697570,8.42,C=C(C)c1cccnc1Oc1ccc(-c2c(C)c(=O)[nH]c(=O)n2C)c(C)c1,BindingDB Patent Bioactivity Data,"Competition Binding Assay: The affinity of the compounds described herein was determined by competition binding assays similar to those described in Ryman-Rasmussen et al., Differential activation of adenylate cyclase and receptor internalization by novel dopamine D1 receptor agonists, Molecular Pharmacology 68(4):1039-1048 (2005). This radioligand binding assay used [3H]-SCH23390, a radiolabeled D1 ligand, to evaluate the ability of a test compound to compete with the radioligand when binding to a D1 receptor.D1 binding assays were performed using over-expressing LTK human cell lines. To determine basic assay parameters, ligand concentrations were determined from saturation binding studies where the Kd for [3H]-SCH23390 was found to be 1.3 nM. From tissue concentration curve studies, the optimal amount of tissue was determined to be 1.75 mg/mL per 96 well plate using 0.5 nM of [3H]-SCH23390. These ligand and tissue concentrations were used in time course studies to determine linearity and equilibrium.",B,,,,2015.0,Dopamine D1 receptor,Ki,nM,8.07,363.42,3.58
CHEMBL59,12000.0,NCCc1ccc(O)c(O)c1,Scientific Literature,Displacement of [3H]SCH23390 from human dopamine D1 receptor expressed in HEK293 cells by scintillation counting analysis,B,Homo sapiens,,Bioorg Med Chem,2013.0,Dopamine D1 receptor,Ki,nM,4.92,153.18,0.6
CHEMBL53,492.0,CN1CCc2cccc3c2[C@H]1Cc1ccc(O)c(O)c1-3,Scientific Literature,Displacement of [3H]SCH23390 from human dopamine D1 receptor expressed in HEK293 cells by scintillation counting analysis,B,Homo sapiens,,Bioorg Med Chem,2013.0,Dopamine D1 receptor,Ki,nM,6.31,267.33,2.85
CHEMBL3764557,100000.0,Cc1ncoc1-c1nnc(SCCCN2CCOC(c3ccc(C(F)(F)F)cc3)C2)n1C,Scientific Literature,Binding affinity to dopamine D1 receptor (unknown origin),B,Homo sapiens,,Bioorg Med Chem Lett,2016.0,Dopamine D1 receptor,Ki,nM,,467.52,4.35
CHEMBL4085920,7500.0,CC(C)(C)c1nc(N2CCN(CCCCNC(=O)c3cc4ccccn4n3)CC2)cc(C(F)(F)F)n1,Scientific Literature,Displacement of [3H]SCH23990 from human D1 receptor expressed in HEK293T cell membranes,B,Homo sapiens,,Bioorg Med Chem,2017.0,Dopamine D1 receptor,Ki,nM,5.12,503.57,3.77
CHEMBL4060837,5700.0,Cc1ccc(S(=O)(=O)[O-])cc1.O=C(NCCCCN1CC[N+]2(CCOc3ccccc32)CC1)c1cc2ccccn2n1,Scientific Literature,Displacement of [3H]SCH23990 from human D1 receptor expressed in HEK293T cell membranes,B,Homo sapiens,,Bioorg Med Chem,2017.0,Dopamine D1 receptor,Ki,nM,5.24,591.73,2.56
CHEMBL3780438,3111.0,COc1cc(CCN(C)Cc2cccc(O)c2OC)ccc1O,Scientific Literature,Displacement of [3H]SCH2390 from human dopamine D1 receptor by PDSP assay,B,Homo sapiens,,Bioorg Med Chem,2016.0,Dopamine D1 receptor,Ki,nM,5.51,317.39,2.79
CHEMBL612083,230.0,CCCN(CCc1ccccc1)[C@H]1CCc2c(O)cccc2C1,Scientific Literature,Binding affinity against dopamine receptor D1 by using [3H]-SCH- 23390 as radioligand in caudate-putamen of monkey,B,Cercopithecidae,Caudate-putamen,J Med Chem,1991.0,Dopamine D1 receptor,Ki,nM,6.64,309.45,4.2
CHEMBL59,243.0,NCCc1ccc(O)c(O)c1,Scientific Literature,Displacement of [3H]-SCH23390 from human dopamine D1 receptor expressed in LTK cell membranes after 30 mins by liquid scintillation counting,B,Homo sapiens,,J Med Chem,2018.0,Dopamine D1 receptor,Ki,nM,6.61,153.18,0.6
CHEMBL5400876,2736.0,c1ccc(N2CCN(CCCc3nc4ccccc4s3)CC2)nc1,Scientific Literature,Binding affinity to D1 receptor (unknown origin) assessed as inhibition constant,B,Homo sapiens,,J Med Chem,2023.0,Dopamine D1 receptor,Ki,nM,5.56,338.48,3.45
CHEMBL3897805,23.65,COc1ccc(OC)c2c1C[C@H]1c3cc4c(cc3CCN1C2)OCO4,BindingDB Patent Bioactivity Data,"Reception Binding Assay: Different concentrations (10^â5 M-10^â11 M) of the compound of the invention and corresponding isotope receptor ligand as well as receptor protein were loaded into the reaction tube and incubated in 30Â° C. water bath for 60 minutes. The reaction was terminated in a refrigerator. The reaction mixture was put in a Millipore filter (millipore) cell sample collector, filtered through suction filtration using GF/C glass fiber filter paper, and dried. The resulting sample was placed into 0.5 mL tube. 500 Î¼L liquid scintillation fluid was added and intensity of radioactivity was determined by counting. For dopamine D1 receptor: isotope receptor ligands [3H] SCH23390 (85.0 Ci/mmol) (D1-selective, purchased from Amersham Corporation), D1 receptor protein expressed in HEK-293 cells; For D2 dopamine receptor: isotope receptor ligands [3H] Spiperone (77.0 Ci/mmol) (D2-selective, purchased from Amersham Corporation); D2 receptor protein expressed in HEK-293 cells; For 5-HT1A receptor: isotope receptor ligands [3H] 8-OH-DPAT; 5-HT1A receptor protein expressed in HEK-293 cells; For 5-HT2A receptor: isotope receptor ligands [3H]-Ketanserin; 5-HT2A receptor protein expressed in HEK-293 cells.",B,,,,2016.0,Dopamine D1 receptor,Ki,nM,7.63,339.39,3.09
CHEMBL5426242,190.55,COc1cccc2c3c(oc12)CN(CCCCOc1ccc2ccc(=O)[nH]c2c1)CC3,Scientific Literature,Displacement of [3H]-SCH23390 from Dopamine D1 receptor (unknown origin) expressed in HEK293T cell membrane incubated for 2 hrs by radioligand competitive binding based MicroBeta TriLux reader method,B,Homo sapiens,,J Med Chem,2023.0,Dopamine D1 receptor,Ki,nM,6.72,418.49,4.5
CHEMBL490533,48.6,COc1ccc2c(c1OC)CN1CCc3cc4c(cc3[C@@H]1C2)OCO4,Scientific Literature,Displacement of [3H]SCH23390 from human dopamine D1 receptor after 1 hr,B,Homo sapiens,,Bioorg Med Chem Lett,2017.0,Dopamine D1 receptor,Ki,nM,7.31,339.39,3.09
CHEMBL3697613,15.3,Cc1cc(Oc2ncccc2C2CC2)ccc1-c1c(C)c(=O)[nH]c(=O)n1C,BindingDB Patent Bioactivity Data,"Competition Binding Assay: The affinity of the compounds described herein was determined by competition binding assays similar to those described in Ryman-Rasmussen et al., Differential activation of adenylate cyclase and receptor internalization by novel dopamine D1 receptor agonists, Molecular Pharmacology 68(4):1039-1048 (2005). This radioligand binding assay used [3H]-SCH23390, a radiolabeled D1 ligand, to evaluate the ability of a test compound to compete with the radioligand when binding to a D1 receptor.D1 binding assays were performed using over-expressing LTK human cell lines. To determine basic assay parameters, ligand concentrations were determined from saturation binding studies where the Kd for [3H]-SCH23390 was found to be 1.3 nM. From tissue concentration curve studies, the optimal amount of tissue was determined to be 1.75 mg/mL per 96 well plate using 0.5 nM of [3H]-SCH23390. These ligand and tissue concentrations were used in time course studies to determine linearity and equilibrium.",B,,,,2015.0,Dopamine D1 receptor,Ki,nM,7.82,363.42,3.42
CHEMBL3697622,44.3,Cc1cc(Oc2ncccc2C(F)F)ccc1-c1c(C)n[nH]c(=O)c1C,BindingDB Patent Bioactivity Data,"Competition Binding Assay: The affinity of the compounds described herein was determined by competition binding assays similar to those described in Ryman-Rasmussen et al., Differential activation of adenylate cyclase and receptor internalization by novel dopamine D1 receptor agonists, Molecular Pharmacology 68(4):1039-1048 (2005). This radioligand binding assay used [3H]-SCH23390, a radiolabeled D1 ligand, to evaluate the ability of a test compound to compete with the radioligand when binding to a D1 receptor.D1 binding assays were performed using over-expressing LTK human cell lines. To determine basic assay parameters, ligand concentrations were determined from saturation binding studies where the Kd for [3H]-SCH23390 was found to be 1.3 nM. From tissue concentration curve studies, the optimal amount of tissue was determined to be 1.75 mg/mL per 96 well plate using 0.5 nM of [3H]-SCH23390. These ligand and tissue concentrations were used in time course studies to determine linearity and equilibrium.",B,,,,2015.0,Dopamine D1 receptor,Ki,nM,7.35,357.36,4.49
CHEMBL225230,1.0,CCCN1CCc2cccc3c2[C@H]1Cc1ccc(O)c(O)c1-3,Scientific Literature,Binding affinity to dopamine D1 receptor high binding site by radioligand displacement assay,B,,,ACS Med Chem Lett,2011.0,Dopamine D1 receptor,Ki,nM,9.0,295.38,3.63
CHEMBL584,6467.0,Cc1c(O)cccc1C(=O)N[C@@H](CSc1ccccc1)[C@H](O)CN1C[C@H]2CCCC[C@H]2C[C@H]1C(=O)NC(C)(C)C,DrugMatrix,DRUGMATRIX: Dopamine D1 radioligand binding (ligand: [3H] SCH-23390),B,,,,,Dopamine D1 receptor,Ki,nM,5.19,567.8,4.75
CHEMBL24077,130.0,Oc1cc2c(cc1O)[C@@H](c1ccccc1)CNCC2,Scientific Literature,Binding affinity against dopamine receptor D1 by using [3H]-SCH- 23390 as radioligand in caudate-putamen of monkey,B,Cercopithecidae,Caudate-putamen,J Med Chem,1991.0,Dopamine D1 receptor,Ki,nM,6.89,255.32,2.38
CHEMBL25856,35.7,Oc1cc2c(cc1O)[C@H]1c3ccccc3CN[C@@H]1CC2,Scientific Literature,Displacement of [3H]SCH23390 from human dopamine D1 receptor expressed in CHO cells by scintillation counting,B,Homo sapiens,,Bioorg Med Chem,2009.0,Dopamine D1 receptor,Ki,nM,7.45,267.33,2.65
CHEMBL3344463,633.79,COc1cc2c(cc1O)[C@@H]1Cc3sc(CC(C)(C)C)cc3CN1CC2,Scientific Literature,Displacement of [3H]SCH23390 from D1 receptor (unknown origin) transfected in HEK293T cells after 50 mins by liquid scintillation counting analysis,B,Homo sapiens,,Bioorg Med Chem,2014.0,Dopamine D1 receptor,Ki,nM,6.2,357.52,4.71
CHEMBL2334891,6.2,COc1cc2c(cc1O)[C@@H]1Cc3ccc(OC)c(OC)c3CN1CC2,Scientific Literature,Displacement of [3H]SCH23390 from human 3HA-tagged dopamine D1 receptor expressed in HEK293 cells after 1 hr,B,Homo sapiens,,Bioorg Med Chem Lett,2017.0,Dopamine D1 receptor,Ki,nM,8.21,341.41,3.07
CHEMBL10085,5000.0,CC(C)Oc1ccccc1N1CCN(Cc2cccc(C(=O)N3CCCCC3)c2)CC1,Scientific Literature,Binding affinity towards dopamine receptor D1 (human clone),B,Homo sapiens,,J Med Chem,1994.0,Dopamine D1 receptor,Ki,nM,,421.59,4.42
CHEMBL464099,373.0,COc1cc2c(cc1O)C[C@H]1c3c(cc(OC)c(OC)c3-2)CCN1C,Scientific Literature,Displacement of [3H]SCH23390 from human recombinant dopamine D1 receptor expressed in HEKT cell membranes by radioligand binding assay,B,Homo sapiens,,J Nat Prod,2015.0,Dopamine D1 receptor,Ki,nM,6.43,341.41,3.17
CHEMBL8514,2.3,CC(C)(C)[C@]1(O)CCN2C[C@H]3c4ccccc4CCc4cccc(c43)[C@@H]2C1,Scientific Literature,Displacement of [3H]SCH2390 from human dopamine D1 receptor by PDSP assay,B,Homo sapiens,,Bioorg Med Chem,2016.0,Dopamine D1 receptor,Ki,nM,8.64,361.53,4.84
CHEMBL441618,1.9,CN1CCc2ccccc2Cc2[nH]c3ccccc3c2CC1,Scientific Literature,Displacement of [3H]SCH 23390 from human D1 dopamine receptor expressed in HEK293 cells,B,Homo sapiens,,J Med Chem,2006.0,Dopamine D1 receptor,Ki,nM,8.72,290.41,3.79
CHEMBL307790,7.0,CN1CCc2cc(Cl)c(O)cc2[C@H]2c3ccccc3C[C@@H]21,Scientific Literature,Binding affinity to displace [3H]- SCH 23390 against Dopamine receptor D1,B,,,J Med Chem,1990.0,Dopamine D1 receptor,Ki,nM,8.15,299.8,3.59
CHEMBL1457510,6.5,COc1c(O)ccc2c1CN1CCc3cc4c(cc3[C@@H]1C2)OCO4,Scientific Literature,Displacement of [3H]SCH23390 from human dopamine D1 receptor after 1 hr,B,Homo sapiens,,Bioorg Med Chem Lett,2017.0,Dopamine D1 receptor,Ki,nM,8.19,325.36,2.79
CHEMBL201093,4.0,CN1CCc2ccccc2Cc2ccsc2CC1,Scientific Literature,Displacement of [3H]SCH-23390 from human cloned D1 dopamine receptor incubated for 90 mins by radioligand binding assay,B,Homo sapiens,,Medchemcomm,2015.0,Dopamine D1 receptor,Ki,nM,8.4,257.4,3.37
CHEMBL441618,2.93,CN1CCc2ccccc2Cc2[nH]c3ccccc3c2CC1,Scientific Literature,Displacement of [3H]-SCH23390 from D1 receptor (unknown origin) expressed in HEK293T cell membranes measured after 2 hrs by microbeta scintillation counting method,B,Homo sapiens,,J Med Chem,2021.0,Dopamine D1 receptor,Ki,nM,8.53,290.41,3.79
CHEMBL4225278,10000.0,CCCCCCCCCN1CCC(c2cccc(O)c2)C1,Scientific Literature,Displacement of [3H]SCH23390 from human dopamine D1 receptor expressed in HEK293T cell membranes by radioligand binding assay,B,Homo sapiens,,Bioorg Med Chem Lett,2018.0,Dopamine D1 receptor,Ki,nM,,289.46,4.93
CHEMBL3896731,208.21,Cc1ccc(C)c2c1C[C@H]1c3cc4c(cc3CCN1C2)OCO4,BindingDB Patent Bioactivity Data,"Reception Binding Assay: Different concentrations (10^â5 M-10^â11 M) of the compound of the invention and corresponding isotope receptor ligand as well as receptor protein were loaded into the reaction tube and incubated in 30Â° C. water bath for 60 minutes. The reaction was terminated in a refrigerator. The reaction mixture was put in a Millipore filter (millipore) cell sample collector, filtered through suction filtration using GF/C glass fiber filter paper, and dried. The resulting sample was placed into 0.5 mL tube. 500 Î¼L liquid scintillation fluid was added and intensity of radioactivity was determined by counting. For dopamine D1 receptor: isotope receptor ligands [3H] SCH23390 (85.0 Ci/mmol) (D1-selective, purchased from Amersham Corporation), D1 receptor protein expressed in HEK-293 cells; For D2 dopamine receptor: isotope receptor ligands [3H] Spiperone (77.0 Ci/mmol) (D2-selective, purchased from Amersham Corporation); D2 receptor protein expressed in HEK-293 cells; For 5-HT1A receptor: isotope receptor ligands [3H] 8-OH-DPAT; 5-HT1A receptor protein expressed in HEK-293 cells; For 5-HT2A receptor: isotope receptor ligands [3H]-Ketanserin; 5-HT2A receptor protein expressed in HEK-293 cells.",B,,,,2016.0,Dopamine D1 receptor,Ki,nM,6.68,307.39,3.69
CHEMBL294649,100000.0,Cn1cc(C(=O)C(=O)N[C@H]2CN3CCC2CC3)c2ccccc21,Scientific Literature,Binding affinity against Dopamine D1 receptor,B,Homo sapiens,,Bioorg Med Chem Lett,1995.0,Dopamine D1 receptor,Ki,nM,,311.38,1.57
CHEMBL380330,24.1,COc1ccc2c(c1)CCN(C)CCc1ccccc1C2,Scientific Literature,Inhibition of D1 dopamine receptor in HEK 293 cells by intracellular calcium assay,F,Homo sapiens,,J Med Chem,2006.0,Dopamine D1 receptor,Ki,nM,7.62,281.4,3.32
CHEMBL431298,120.0,COc1ccc(NS(=O)(=O)c2sc3ccc(Cl)cc3c2C)cc1N1CCNCC1,Scientific Literature,Displacement of [3H]SCH-23390 from human cloned dopamine D1 receptor,B,Homo sapiens,,Bioorg Med Chem Lett,2008.0,Dopamine D1 receptor,Ki,nM,6.92,452.0,4.08
CHEMBL3912178,497.87,COc1cc2c(cc1OC)C1Cc3cc(O)c(O)cc3CN1CC2,BindingDB Patent Bioactivity Data,"Reception Binding Assay: Different concentrations (10^â5 M-10^â11 M) of the compound of the invention and corresponding isotope receptor ligand as well as receptor protein were loaded into the reaction tube and incubated in 30Â° C. water bath for 60 minutes. The reaction was terminated in a refrigerator. The reaction mixture was put in a Millipore filter (millipore) cell sample collector, filtered through suction filtration using GF/C glass fiber filter paper, and dried. The resulting sample was placed into 0.5 mL tube. 500 Î¼L liquid scintillation fluid was added and intensity of radioactivity was determined by counting. For dopamine D1 receptor: isotope receptor ligands [3H] SCH23390 (85.0 Ci/mmol) (D1-selective, purchased from Amersham Corporation), D1 receptor protein expressed in HEK-293 cells; For D2 dopamine receptor: isotope receptor ligands [3H] Spiperone (77.0 Ci/mmol) (D2-selective, purchased from Amersham Corporation); D2 receptor protein expressed in HEK-293 cells; For 5-HT1A receptor: isotope receptor ligands [3H] 8-OH-DPAT; 5-HT1A receptor protein expressed in HEK-293 cells; For 5-HT2A receptor: isotope receptor ligands [3H]-Ketanserin; 5-HT2A receptor protein expressed in HEK-293 cells.",B,,,,2016.0,Dopamine D1 receptor,Ki,nM,6.3,327.38,2.77
CHEMBL3912606,522.03,COc1cc2c(c(OC)c1OC)CN1CCc3cc(O)c(O)cc3C1C2,BindingDB Patent Bioactivity Data,"Reception Binding Assay: Different concentrations (10^â5 M-10^â11 M) of the compound of the invention and corresponding isotope receptor ligand as well as receptor protein were loaded into the reaction tube and incubated in 30Â° C. water bath for 60 minutes. The reaction was terminated in a refrigerator. The reaction mixture was put in a Millipore filter (millipore) cell sample collector, filtered through suction filtration using GF/C glass fiber filter paper, and dried. The resulting sample was placed into 0.5 mL tube. 500 Î¼L liquid scintillation fluid was added and intensity of radioactivity was determined by counting. For dopamine D1 receptor: isotope receptor ligands [3H] SCH23390 (85.0 Ci/mmol) (D1-selective, purchased from Amersham Corporation), D1 receptor protein expressed in HEK-293 cells; For D2 dopamine receptor: isotope receptor ligands [3H] Spiperone (77.0 Ci/mmol) (D2-selective, purchased from Amersham Corporation); D2 receptor protein expressed in HEK-293 cells; For 5-HT1A receptor: isotope receptor ligands [3H] 8-OH-DPAT; 5-HT1A receptor protein expressed in HEK-293 cells; For 5-HT2A receptor: isotope receptor ligands [3H]-Ketanserin; 5-HT2A receptor protein expressed in HEK-293 cells.",B,,,,2016.0,Dopamine D1 receptor,Ki,nM,6.28,357.41,2.78
CHEMBL4443039,1349.0,CCCN(CCCCNC(=O)c1ccc(-c2ccccn2)cc1)C[C@@H]1C[C@H]1c1cccc(Cl)c1Cl.Cl,Scientific Literature,Displacement of [3H]-SCH23390 from recombinant human D1 receptor transiently expressed in HEKT cell membranes measured after 90 mins by microbeta scintillation counting method,B,Homo sapiens,,J Med Chem,2020.0,Dopamine D1 receptor,Ki,nM,5.87,546.97,7.08
CHEMBL4452329,2906.0,CCCN(CCCCNC(=O)c1ccc(-c2ccccn2)cc1)CC1CC1c1cccc(F)c1.Cl,Scientific Literature,Displacement of [3H]-SCH23390 from recombinant human D1 receptor transiently expressed in HEKT cell membranes measured after 90 mins by microbeta scintillation counting method,B,Homo sapiens,,J Med Chem,2020.0,Dopamine D1 receptor,Ki,nM,5.54,496.07,5.91
CHEMBL4442936,1668.0,CCCN(CCCSc1nnc(-c2ccccc2)n1C)CC1CC1c1cc(F)ccc1OC.Cl,Scientific Literature,Displacement of [3H]-SCH23390 from recombinant human D1 receptor transiently expressed in HEKT cell membranes measured after 90 mins by microbeta scintillation counting method,B,Homo sapiens,,J Med Chem,2020.0,Dopamine D1 receptor,Ki,nM,5.78,505.1,5.63
CHEMBL4590356,295.1,CCOc1ccc(F)cc1C1CC1CNCCCSc1nnc(-c2ccccc2)n1C.Cl,Scientific Literature,Displacement of [3H]-SCH23390 from recombinant human D1 receptor transiently expressed in HEKT cell membranes measured after 90 mins by microbeta scintillation counting method,B,Homo sapiens,,J Med Chem,2020.0,Dopamine D1 receptor,Ki,nM,6.53,477.05,4.9
CHEMBL4552554,10000.0,O=C(c1ccc(F)cc1)N1CC(COc2ccc(Br)cc2)(C(=O)O)C1,EUbOPEN Chemogenomic Library Literature Data,Selectivity interaction (GPCR panel (PDSP screen)) EUB0000342a DRD1,B,Homo sapiens,,,2023.0,Dopamine D1 receptor,Ki,nM,,408.22,3.19
CHEMBL5409419,35.5,COc1cccc2c3c(oc12)CN(CCCCOc1ccc2c(c1)NC(=O)CC2)CC3,Scientific Literature,Displacement of [3H]-SCH23390 from Dopamine D1 receptor (unknown origin) expressed in HEK293T cell membrane incubated for 2 hrs by radioligand competitive binding based MicroBeta TriLux reader method,B,Homo sapiens,,J Med Chem,2023.0,Dopamine D1 receptor,Ki,nM,7.45,420.51,4.54
CHEMBL4442460,200.0,COc1ccccc1N1CCN(CCCNC(=O)NN(Cc2ccccc2)c2ccccc2)CC1,Scientific Literature,Displacement of [3H] SCH23390 from D1 receptor (unknown origin),B,Homo sapiens,,J Med Chem,2019.0,Dopamine D1 receptor,Ki,nM,6.7,473.62,4.13
CHEMBL300780,10000.0,O=C(NCCCCN1CCN(c2cccc(Cl)c2Cl)CC1)c1ccc2c(c1)Cc1ccccc1-2,Scientific Literature,Compound was evaluated for binding affinity against Dopamine receptor D1 transfected in CHO cell membranes,B,,,Bioorg Med Chem Lett,1998.0,Dopamine D1 receptor,Ki,nM,,494.47,5.9
CHEMBL716,214.6,OCCOCCN1CCN(C2=Nc3ccccc3Sc3ccccc32)CC1,DrugMatrix,DRUGMATRIX: Dopamine D1 radioligand binding (ligand: [3H] SCH-23390),B,,,,,Dopamine D1 receptor,Ki,nM,6.67,383.52,2.86
CHEMBL25236,760.0,COc1ccccc1N1CCN(CCCCNC(=O)c2ccc3ccccc3c2)CC1,Scientific Literature,Binding affinity for porcine Dopamine receptor D1 by [3H]-SCH- 23390 displacement.,B,,,J Med Chem,2002.0,Dopamine D1 receptor,Ki,nM,6.12,417.55,4.18
CHEMBL1306,12740.0,CC(C)N1CCN(c2ccc(OC[C@H]3CO[C@](Cn4cncn4)(c4ccc(Cl)cc4Cl)O3)cc2)CC1,DrugMatrix,DRUGMATRIX: Dopamine D1 radioligand binding (ligand: [3H] SCH-23390),B,,,,,Dopamine D1 receptor,Ki,nM,4.89,532.47,4.46
CHEMBL3945691,4.2,COCCOc1c(O)cc(Br)c2c1CN1CCc3cc(OC)c(O)cc3[C@@H]1C2,Scientific Literature,Displacement of [3H]SCH23390 from human D1 receptor expressed in HEKT cell membranes after 90 mins by microbeta scintillation counting method,B,Homo sapiens,,Eur J Med Chem,2017.0,Dopamine D1 receptor,Ki,nM,8.38,450.33,3.55
CHEMBL3697596,4.17,COc1ccnc(Oc2ccc(-c3c(C)n[nH]c(=O)c3C)c(C)c2)c1C(F)(F)F,BindingDB Patent Bioactivity Data,"Competition Binding Assay: The affinity of the compounds described herein was determined by competition binding assays similar to those described in Ryman-Rasmussen et al., Differential activation of adenylate cyclase and receptor internalization by novel dopamine D1 receptor agonists, Molecular Pharmacology 68(4):1039-1048 (2005). This radioligand binding assay used [3H]-SCH23390, a radiolabeled D1 ligand, to evaluate the ability of a test compound to compete with the radioligand when binding to a D1 receptor.D1 binding assays were performed using over-expressing LTK human cell lines. To determine basic assay parameters, ligand concentrations were determined from saturation binding studies where the Kd for [3H]-SCH23390 was found to be 1.3 nM. From tissue concentration curve studies, the optimal amount of tissue was determined to be 1.75 mg/mL per 96 well plate using 0.5 nM of [3H]-SCH23390. These ligand and tissue concentrations were used in time course studies to determine linearity and equilibrium.",B,,,,2015.0,Dopamine D1 receptor,Ki,nM,8.38,405.38,4.58
CHEMBL3697597,34.4,Cc1cc(Oc2ncccc2C(F)(F)F)ccc1-c1c(C)n[nH]c(=O)c1C,BindingDB Patent Bioactivity Data,"Competition Binding Assay: The affinity of the compounds described herein was determined by competition binding assays similar to those described in Ryman-Rasmussen et al., Differential activation of adenylate cyclase and receptor internalization by novel dopamine D1 receptor agonists, Molecular Pharmacology 68(4):1039-1048 (2005). This radioligand binding assay used [3H]-SCH23390, a radiolabeled D1 ligand, to evaluate the ability of a test compound to compete with the radioligand when binding to a D1 receptor.D1 binding assays were performed using over-expressing LTK human cell lines. To determine basic assay parameters, ligand concentrations were determined from saturation binding studies where the Kd for [3H]-SCH23390 was found to be 1.3 nM. From tissue concentration curve studies, the optimal amount of tissue was determined to be 1.75 mg/mL per 96 well plate using 0.5 nM of [3H]-SCH23390. These ligand and tissue concentrations were used in time course studies to determine linearity and equilibrium.",B,,,,2015.0,Dopamine D1 receptor,Ki,nM,7.46,375.35,4.57
CHEMBL3697604,43.4,Cc1cc(Oc2nccc(C)c2Cl)ccc1-c1c(C)ncc(=O)n1C,BindingDB Patent Bioactivity Data,"Competition Binding Assay: The affinity of the compounds described herein was determined by competition binding assays similar to those described in Ryman-Rasmussen et al., Differential activation of adenylate cyclase and receptor internalization by novel dopamine D1 receptor agonists, Molecular Pharmacology 68(4):1039-1048 (2005). This radioligand binding assay used [3H]-SCH23390, a radiolabeled D1 ligand, to evaluate the ability of a test compound to compete with the radioligand when binding to a D1 receptor.D1 binding assays were performed using over-expressing LTK human cell lines. To determine basic assay parameters, ligand concentrations were determined from saturation binding studies where the Kd for [3H]-SCH23390 was found to be 1.3 nM. From tissue concentration curve studies, the optimal amount of tissue was determined to be 1.75 mg/mL per 96 well plate using 0.5 nM of [3H]-SCH23390. These ligand and tissue concentrations were used in time course studies to determine linearity and equilibrium.",B,,,,2015.0,Dopamine D1 receptor,Ki,nM,7.36,355.83,4.21
CHEMBL708,330.0,O=C1Cc2cc(CCN3CCN(c4nsc5ccccc45)CC3)c(Cl)cc2N1,Scientific Literature,Binding affinity towards human Dopamine receptor D1,B,,,J Med Chem,2004.0,Dopamine D1 receptor,Ki,nM,6.48,412.95,3.81
CHEMBL1800685,10000.0,O=C(O)c1cc(-c2ccc(C3CCNCC3)cc2)c2ccc(-c3ccc(C(F)(F)F)cc3)cc2c1,SGC Frankfurt - Donated Chemical Probes,GPCRScan assay: inhibition of D1,B,Homo sapiens,,,2021.0,Dopamine D1 receptor,Ki,nM,5.0,475.51,7.36
CHEMBL201170,0.3548,CN1CCc2ccccc2Cc2ccc(O)cc2CC1,Scientific Literature,Displacement of [3H]SCH23390 from human cloned dopamine D1 receptor,B,Homo sapiens,,Bioorg Med Chem Lett,2008.0,Dopamine D1 receptor,Ki,nM,9.45,267.37,3.01
CHEMBL2057456,17.29,COc1cc2c(cc1O)[C@@H]1Cc3c(CO)c(OC)cc(OC)c3CN1CC2,Scientific Literature,Displacement of [3H]SCH23390 from human dopamine D1 receptor expressed in HEK293 cells,B,Homo sapiens,,Bioorg Med Chem,2012.0,Dopamine D1 receptor,Ki,nM,7.76,371.43,2.57
CHEMBL5076314,4543.6,CN1CCN(c2ccc(Nc3c4ccccc4nc4ccccc34)cc2)CC1.Cl.Cl.O,EUbOPEN Chemogenomic Library,"PDSP Secondary Binding target: DRD1 - Compounds are tested at 10 uM concentration, plate are incubated at room temperature in the dark for 90 minutes. Reaction are stopped by vacuum filtration onto 0.3% polyethyleneimine soaked filter mats using Filtermate harvester. Scintillation cocktail is then melted onto microwave-dried filters on a hot plate and the radio activity is counted in Microbia counter. Compounds showing a minimum of 50% inhibition at 10 uM concentration are carried forward in this secondary binding assay to determine equilibrium binding affinity.",B,Homo sapiens,,,2024.0,Dopamine D1 receptor,Ki,nM,5.34,459.42,4.88
CHEMBL4163428,1804.0,CN1CCN(c2ccc3c(c2)CN(C(=O)OCc2ccccc2)C3)CC1,Scientific Literature,Displacement of [3H]-SCH23390 from human dopamine D1 receptor expressed in HEKT cells after 90 mins by microbeta scintillation counting method,B,Homo sapiens,,Eur J Med Chem,2018.0,Dopamine D1 receptor,Ki,nM,5.74,351.45,3.09
CHEMBL1644980,135.0,OC1(c2ccc(Cl)c(C(F)(F)F)c2)CCN(CCCC(c2ccccc2)c2ccccc2)CC1,Scientific Literature,Displacement of [3H]SCH23390 from human dopamine D1 receptor expressed in HEK293T cells by radioligand binding assay,B,Homo sapiens,,Bioorg Med Chem Lett,2018.0,Dopamine D1 receptor,Ki,nM,6.87,487.99,7.25
CHEMBL59,4470.0,NCCc1ccc(O)c(O)c1,Scientific Literature,Displacement of [3H]SCH-23390 from human dopamine D1 receptor expressed in LHD1 cells,B,Homo sapiens,,J Med Chem,2012.0,Dopamine D1 receptor,Ki,nM,5.35,153.18,0.6
CHEMBL487182,231.0,COc1cc2c(cc1OC)[C@@H]1Cc3ccc(OC)c(OC)c3CN1CC2,Scientific Literature,Displacement of [3H]SCH23390 from dopamine D1 receptor (unknown origin) expressed in human HEK293 cells by liquid scintillation counter,B,Homo sapiens,,Bioorg Med Chem,2013.0,Dopamine D1 receptor,Ki,nM,6.64,355.43,3.38
CHEMBL329566,63.0,CN(C)C[C@H]1C[C@@H]2c3ccccc3Cc3ccccc3[C@H]2O1,Scientific Literature,Inhibition of [3H]SCH-23390 binding to human Dopamine receptor D1,B,Homo sapiens,,J Med Chem,2005.0,Dopamine D1 receptor,Ki,nM,7.2,293.41,3.77
CHEMBL441618,60.4,CN1CCc2ccccc2Cc2[nH]c3ccccc3c2CC1,Scientific Literature,Activity at human D1 dopamine receptor expressed in HEK293 cells by calcium fluorescence assay,F,Homo sapiens,,J Med Chem,2006.0,Dopamine D1 receptor,Ki,nM,7.22,290.41,3.79
CHEMBL64894,1551.0,CN(C)c1ccc(C(=C2C=CC(=[N+](C)C)C=C2)c2ccc(N(C)C)cc2)cc1.[Cl-],DrugMatrix,DRUGMATRIX: Dopamine D1 radioligand binding (ligand: [3H] SCH-23390),B,,,,,Dopamine D1 receptor,Ki,nM,5.81,407.99,4.46
CHEMBL3697593,23.8,COc1ccnc(Oc2ccc(-c3c(C)n[nH]c(=O)c3C)c(C)c2)c1C,BindingDB Patent Bioactivity Data,"Competition Binding Assay: The affinity of the compounds described herein was determined by competition binding assays similar to those described in Ryman-Rasmussen et al., Differential activation of adenylate cyclase and receptor internalization by novel dopamine D1 receptor agonists, Molecular Pharmacology 68(4):1039-1048 (2005). This radioligand binding assay used [3H]-SCH23390, a radiolabeled D1 ligand, to evaluate the ability of a test compound to compete with the radioligand when binding to a D1 receptor.D1 binding assays were performed using over-expressing LTK human cell lines. To determine basic assay parameters, ligand concentrations were determined from saturation binding studies where the Kd for [3H]-SCH23390 was found to be 1.3 nM. From tissue concentration curve studies, the optimal amount of tissue was determined to be 1.75 mg/mL per 96 well plate using 0.5 nM of [3H]-SCH23390. These ligand and tissue concentrations were used in time course studies to determine linearity and equilibrium.",B,,,,2015.0,Dopamine D1 receptor,Ki,nM,7.62,351.41,3.87
CHEMBL3697602,216.0,Cc1cc(Oc2ncccc2C2CC2)ccc1-c1c(C)ncc(=O)n1C,BindingDB Patent Bioactivity Data,"Competition Binding Assay: The affinity of the compounds described herein was determined by competition binding assays similar to those described in Ryman-Rasmussen et al., Differential activation of adenylate cyclase and receptor internalization by novel dopamine D1 receptor agonists, Molecular Pharmacology 68(4):1039-1048 (2005). This radioligand binding assay used [3H]-SCH23390, a radiolabeled D1 ligand, to evaluate the ability of a test compound to compete with the radioligand when binding to a D1 receptor.D1 binding assays were performed using over-expressing LTK human cell lines. To determine basic assay parameters, ligand concentrations were determined from saturation binding studies where the Kd for [3H]-SCH23390 was found to be 1.3 nM. From tissue concentration curve studies, the optimal amount of tissue was determined to be 1.75 mg/mL per 96 well plate using 0.5 nM of [3H]-SCH23390. These ligand and tissue concentrations were used in time course studies to determine linearity and equilibrium.",B,,,,2015.0,Dopamine D1 receptor,Ki,nM,6.67,347.42,4.13
CHEMBL3697554,314.2,CCn1c(-c2ccc(Oc3ncccc3Cl)cc2)c(C)c(=O)[nH]c1=O,BindingDB Patent Bioactivity Data,"Competition Binding Assay: The affinity of the compounds described herein was determined by competition binding assays similar to those described in Ryman-Rasmussen et al., Differential activation of adenylate cyclase and receptor internalization by novel dopamine D1 receptor agonists, Molecular Pharmacology 68(4):1039-1048 (2005). This radioligand binding assay used [3H]-SCH23390, a radiolabeled D1 ligand, to evaluate the ability of a test compound to compete with the radioligand when binding to a D1 receptor.D1 binding assays were performed using over-expressing LTK human cell lines. To determine basic assay parameters, ligand concentrations were determined from saturation binding studies where the Kd for [3H]-SCH23390 was found to be 1.3 nM. From tissue concentration curve studies, the optimal amount of tissue was determined to be 1.75 mg/mL per 96 well plate using 0.5 nM of [3H]-SCH23390. These ligand and tissue concentrations were used in time course studies to determine linearity and equilibrium.",B,,,,2015.0,Dopamine D1 receptor,Ki,nM,6.5,357.8,3.37
CHEMBL54,55.0,O=C(CCCN1CCC(O)(c2ccc(Cl)cc2)CC1)c1ccc(F)cc1,DrugMatrix,DRUGMATRIX: Dopamine D1 radioligand binding (ligand: [3H] SCH-23390),B,,,,,Dopamine D1 receptor,Ki,nM,7.26,375.87,4.43
CHEMBL53,72.0,CN1CCc2cccc3c2[C@H]1Cc1ccc(O)c(O)c1-3,Scientific Literature,Displacement of [3H]SCH23390 from human D1 dopamine receptor expressed in Ltk fibroblast cells after 60 mins by liquid scintillation counter,B,Homo sapiens,,Eur J Med Chem,2011.0,Dopamine D1 receptor,Ki,nM,7.14,267.33,2.85
CHEMBL2334893,4.2,COc1cc2c(cc1O)[C@@H]1Cc3cc4c(cc3CN1CC2)OCO4,Scientific Literature,Displacement of [3H]SCH23390 from dopamine D1 receptor (unknown origin) expressed in human HEK293 cells by liquid scintillation counter,B,Homo sapiens,,Bioorg Med Chem,2013.0,Dopamine D1 receptor,Ki,nM,8.38,325.36,2.79
CHEMBL54,107.0,O=C(CCCN1CCC(O)(c2ccc(Cl)cc2)CC1)c1ccc(F)cc1,Scientific Literature,Inhibition of human dopamine D1 receptor,B,Homo sapiens,,J Med Chem,2011.0,Dopamine D1 receptor,Ki,nM,6.97,375.87,4.43
CHEMBL3697603,227.0,Cc1cc(Oc2ncc(Cl)c(C)c2Cl)ccc1-c1c(C)ncc(=O)n1C,BindingDB Patent Bioactivity Data,"Competition Binding Assay: The affinity of the compounds described herein was determined by competition binding assays similar to those described in Ryman-Rasmussen et al., Differential activation of adenylate cyclase and receptor internalization by novel dopamine D1 receptor agonists, Molecular Pharmacology 68(4):1039-1048 (2005). This radioligand binding assay used [3H]-SCH23390, a radiolabeled D1 ligand, to evaluate the ability of a test compound to compete with the radioligand when binding to a D1 receptor.D1 binding assays were performed using over-expressing LTK human cell lines. To determine basic assay parameters, ligand concentrations were determined from saturation binding studies where the Kd for [3H]-SCH23390 was found to be 1.3 nM. From tissue concentration curve studies, the optimal amount of tissue was determined to be 1.75 mg/mL per 96 well plate using 0.5 nM of [3H]-SCH23390. These ligand and tissue concentrations were used in time course studies to determine linearity and equilibrium.",B,,,,2015.0,Dopamine D1 receptor,Ki,nM,6.64,390.27,4.87
CHEMBL3335537,100000.0,c1ccc(CC[C@@H]2CN(Cc3nc4ccccc4[nH]3)CCO2)cc1,Scientific Literature,Inhibition of human dopamine D1 receptor,B,Homo sapiens,,ACS Med Chem Lett,2014.0,Dopamine D1 receptor,Ki,nM,,321.42,3.4
CHEMBL3321788,10000.0,OC1(c2ccc(Cl)cc2)CC2CCC(C1)N2CCCCc1ccc(F)cc1,Scientific Literature,Displacement of [3H]SCH23390 from human dopamine D1 receptor by liquid scintillation counting,B,Homo sapiens,,Bioorg Med Chem Lett,2014.0,Dopamine D1 receptor,Ki,nM,,387.93,5.32
CHEMBL183776,812.83,COc1ccccc1N1CCN(CCc2ccc3[nH]nnc3c2)CC1,Scientific Literature,Binding affinity to dopamine D1 receptor (unknown origin),B,Homo sapiens,,Med Chem Res,2013.0,Dopamine D1 receptor,Ki,nM,6.09,337.43,2.33
CHEMBL3697600,38.3,Cc1c(-c2ccc(Oc3ncccc3C3CC3)cc2)n(C)c(=O)[nH]c1=O,BindingDB Patent Bioactivity Data,"Competition Binding Assay: The affinity of the compounds described herein was determined by competition binding assays similar to those described in Ryman-Rasmussen et al., Differential activation of adenylate cyclase and receptor internalization by novel dopamine D1 receptor agonists, Molecular Pharmacology 68(4):1039-1048 (2005). This radioligand binding assay used [3H]-SCH23390, a radiolabeled D1 ligand, to evaluate the ability of a test compound to compete with the radioligand when binding to a D1 receptor.D1 binding assays were performed using over-expressing LTK human cell lines. To determine basic assay parameters, ligand concentrations were determined from saturation binding studies where the Kd for [3H]-SCH23390 was found to be 1.3 nM. From tissue concentration curve studies, the optimal amount of tissue was determined to be 1.75 mg/mL per 96 well plate using 0.5 nM of [3H]-SCH23390. These ligand and tissue concentrations were used in time course studies to determine linearity and equilibrium.",B,,,,2015.0,Dopamine D1 receptor,Ki,nM,7.42,349.39,3.11
CHEMBL300647,3.1,CN(C)C1C=CC2(CC1)c1ccccc1C=Cc1ccc(Cl)cc12,Scientific Literature,The compound was tested for binding affinity against Dopamine receptor D1 using SCH-23390 as radioligand,B,,,J Med Chem,1991.0,Dopamine D1 receptor,Ki,nM,8.51,335.88,5.39
CHEMBL69759,8378.0,NS(=O)(=O)c1ccc(N2CCN(CC[C@@H]3OCCc4ccccc43)CC2)cc1,Scientific Literature,Inhibition of human dopamine D1 receptor,B,Homo sapiens,,J Med Chem,2017.0,Dopamine D1 receptor,Ki,nM,,401.53,2.16
CHEMBL3215298,3060.0,CC[C@H](C)[C@H]1O[C@]2(C=C[C@@H]1C)C[C@@H]1C[C@@H](C/C=C(\C)[C@@H](O[C@H]3C[C@H](OC)[C@@H](O[C@H]4C[C@H](OC)[C@@H](O)[C@H](C)O4)[C@H](C)O3)[C@@H](C)/C=C/C=C3\CO[C@@H]4[C@H](O)C(C)=C[C@@H](C(=O)O1)[C@]34O)O2.CO[C@H]1C[C@H](O[C@H]2[C@H](C)O[C@@H](O[C@@H]3/C(C)=C/C[C@@H]4C[C@@H](C[C@]5(C=C[C@H](C)[C@@H](C(C)C)O5)O4)OC(=O)[C@@H]4C=C(C)[C@@H](O)[C@H]5OC/C(=C\C=C\[C@@H]3C)[C@]54O)C[C@@H]2OC)O[C@@H](C)[C@@H]1O,DrugMatrix,DRUGMATRIX: Dopamine D1 radioligand binding (ligand: [3H] SCH-23390),B,,,,,Dopamine D1 receptor,Ki,nM,5.51,1732.15,
CHEMBL589,32500.0,CCCN(CCC)CCc1cccc2c1CC(=O)N2,Scientific Literature,Binding affinity to human dopamine D1 receptor,B,Homo sapiens,,Medchemcomm,2014.0,Dopamine D1 receptor,Ki,nM,4.49,260.38,2.85
CHEMBL3921127,376.83,COc1cc2c(c(OC)c1OC)CN1CCc3cc4c(cc3[C@@H]1C2)OCO4,BindingDB Patent Bioactivity Data,"Reception Binding Assay: Different concentrations (10^â5 M-10^â11 M) of the compound of the invention and corresponding isotope receptor ligand as well as receptor protein were loaded into the reaction tube and incubated in 30Â° C. water bath for 60 minutes. The reaction was terminated in a refrigerator. The reaction mixture was put in a Millipore filter (millipore) cell sample collector, filtered through suction filtration using GF/C glass fiber filter paper, and dried. The resulting sample was placed into 0.5 mL tube. 500 Î¼L liquid scintillation fluid was added and intensity of radioactivity was determined by counting. For dopamine D1 receptor: isotope receptor ligands [3H] SCH23390 (85.0 Ci/mmol) (D1-selective, purchased from Amersham Corporation), D1 receptor protein expressed in HEK-293 cells; For D2 dopamine receptor: isotope receptor ligands [3H] Spiperone (77.0 Ci/mmol) (D2-selective, purchased from Amersham Corporation); D2 receptor protein expressed in HEK-293 cells; For 5-HT1A receptor: isotope receptor ligands [3H] 8-OH-DPAT; 5-HT1A receptor protein expressed in HEK-293 cells; For 5-HT2A receptor: isotope receptor ligands [3H]-Ketanserin; 5-HT2A receptor protein expressed in HEK-293 cells.",B,,,,2016.0,Dopamine D1 receptor,Ki,nM,6.42,369.42,3.1
CHEMBL2057451,337.78,COc1cc2c(cc1OC)[C@@H]1Cc3cc(C)cc(C)c3CN1CC2,BindingDB Patent Bioactivity Data,"Reception Binding Assay: Different concentrations (10^â5 M-10^â11 M) of the compound of the invention and corresponding isotope receptor ligand as well as receptor protein were loaded into the reaction tube and incubated in 30Â° C. water bath for 60 minutes. The reaction was terminated in a refrigerator. The reaction mixture was put in a Millipore filter (millipore) cell sample collector, filtered through suction filtration using GF/C glass fiber filter paper, and dried. The resulting sample was placed into 0.5 mL tube. 500 Î¼L liquid scintillation fluid was added and intensity of radioactivity was determined by counting. For dopamine D1 receptor: isotope receptor ligands [3H] SCH23390 (85.0 Ci/mmol) (D1-selective, purchased from Amersham Corporation), D1 receptor protein expressed in HEK-293 cells; For D2 dopamine receptor: isotope receptor ligands [3H] Spiperone (77.0 Ci/mmol) (D2-selective, purchased from Amersham Corporation); D2 receptor protein expressed in HEK-293 cells; For 5-HT1A receptor: isotope receptor ligands [3H] 8-OH-DPAT; 5-HT1A receptor protein expressed in HEK-293 cells; For 5-HT2A receptor: isotope receptor ligands [3H]-Ketanserin; 5-HT2A receptor protein expressed in HEK-293 cells.",B,,,,2016.0,Dopamine D1 receptor,Ki,nM,6.47,323.44,3.98
CHEMBL3897805,248.04,COc1ccc(OC)c2c1C[C@H]1c3cc4c(cc3CCN1C2)OCO4,BindingDB Patent Bioactivity Data,"Reception Binding Assay: Different concentrations (10^â5 M-10^â11 M) of the compound of the invention and corresponding isotope receptor ligand as well as receptor protein were loaded into the reaction tube and incubated in 30Â° C. water bath for 60 minutes. The reaction was terminated in a refrigerator. The reaction mixture was put in a Millipore filter (millipore) cell sample collector, filtered through suction filtration using GF/C glass fiber filter paper, and dried. The resulting sample was placed into 0.5 mL tube. 500 Î¼L liquid scintillation fluid was added and intensity of radioactivity was determined by counting. For dopamine D1 receptor: isotope receptor ligands [3H] SCH23390 (85.0 Ci/mmol) (D1-selective, purchased from Amersham Corporation), D1 receptor protein expressed in HEK-293 cells; For D2 dopamine receptor: isotope receptor ligands [3H] Spiperone (77.0 Ci/mmol) (D2-selective, purchased from Amersham Corporation); D2 receptor protein expressed in HEK-293 cells; For 5-HT1A receptor: isotope receptor ligands [3H] 8-OH-DPAT; 5-HT1A receptor protein expressed in HEK-293 cells; For 5-HT2A receptor: isotope receptor ligands [3H]-Ketanserin; 5-HT2A receptor protein expressed in HEK-293 cells.",B,,,,2016.0,Dopamine D1 receptor,Ki,nM,6.61,339.39,3.09
CHEMBL2057455,5.18,COc1cc2c(c(OC)c1)CN1CCc3cc(OC)c(O)cc3[C@@H]1C2,BindingDB Patent Bioactivity Data,"Reception Binding Assay: Different concentrations (10^â5 M-10^â11 M) of the compound of the invention and corresponding isotope receptor ligand as well as receptor protein were loaded into the reaction tube and incubated in 30Â° C. water bath for 60 minutes. The reaction was terminated in a refrigerator. The reaction mixture was put in a Millipore filter (millipore) cell sample collector, filtered through suction filtration using GF/C glass fiber filter paper, and dried. The resulting sample was placed into 0.5 mL tube. 500 Î¼L liquid scintillation fluid was added and intensity of radioactivity was determined by counting. For dopamine D1 receptor: isotope receptor ligands [3H] SCH23390 (85.0 Ci/mmol) (D1-selective, purchased from Amersham Corporation), D1 receptor protein expressed in HEK-293 cells; For D2 dopamine receptor: isotope receptor ligands [3H] Spiperone (77.0 Ci/mmol) (D2-selective, purchased from Amersham Corporation); D2 receptor protein expressed in HEK-293 cells; For 5-HT1A receptor: isotope receptor ligands [3H] 8-OH-DPAT; 5-HT1A receptor protein expressed in HEK-293 cells; For 5-HT2A receptor: isotope receptor ligands [3H]-Ketanserin; 5-HT2A receptor protein expressed in HEK-293 cells.",B,,,,2016.0,Dopamine D1 receptor,Ki,nM,8.29,341.41,3.07
CHEMBL5426242,188.5,COc1cccc2c3c(oc12)CN(CCCCOc1ccc2ccc(=O)[nH]c2c1)CC3,Scientific Literature,Displacement of [3H]-SCH23390 from Dopamine D1 receptor (unknown origin) expressed in HEK293T cell membrane incubated for 2 hrs by radioligand competitive binding based MicroBeta TriLux reader method,B,Homo sapiens,,J Med Chem,2023.0,Dopamine D1 receptor,Ki,nM,6.72,418.49,4.5
CHEMBL3697618,120.0,Cc1cnc(Oc2ccc(-c3c(C)c(=O)[nH]c(=O)n3C)c(C)c2)c(Cl)c1,BindingDB Patent Bioactivity Data,"Competition Binding Assay: The affinity of the compounds described herein was determined by competition binding assays similar to those described in Ryman-Rasmussen et al., Differential activation of adenylate cyclase and receptor internalization by novel dopamine D1 receptor agonists, Molecular Pharmacology 68(4):1039-1048 (2005). This radioligand binding assay used [3H]-SCH23390, a radiolabeled D1 ligand, to evaluate the ability of a test compound to compete with the radioligand when binding to a D1 receptor.D1 binding assays were performed using over-expressing LTK human cell lines. To determine basic assay parameters, ligand concentrations were determined from saturation binding studies where the Kd for [3H]-SCH23390 was found to be 1.3 nM. From tissue concentration curve studies, the optimal amount of tissue was determined to be 1.75 mg/mL per 96 well plate using 0.5 nM of [3H]-SCH23390. These ligand and tissue concentrations were used in time course studies to determine linearity and equilibrium.",B,,,,2015.0,Dopamine D1 receptor,Ki,nM,6.92,371.82,3.51
CHEMBL3697559,117.0,Cc1cc(Oc2ncc(Cl)cc2C(F)F)ccc1-c1c(C)c(=O)[nH]c(=O)n1C,BindingDB Patent Bioactivity Data,"Competition Binding Assay: The affinity of the compounds described herein was determined by competition binding assays similar to those described in Ryman-Rasmussen et al., Differential activation of adenylate cyclase and receptor internalization by novel dopamine D1 receptor agonists, Molecular Pharmacology 68(4):1039-1048 (2005). This radioligand binding assay used [3H]-SCH23390, a radiolabeled D1 ligand, to evaluate the ability of a test compound to compete with the radioligand when binding to a D1 receptor.D1 binding assays were performed using over-expressing LTK human cell lines. To determine basic assay parameters, ligand concentrations were determined from saturation binding studies where the Kd for [3H]-SCH23390 was found to be 1.3 nM. From tissue concentration curve studies, the optimal amount of tissue was determined to be 1.75 mg/mL per 96 well plate using 0.5 nM of [3H]-SCH23390. These ligand and tissue concentrations were used in time course studies to determine linearity and equilibrium.",B,,,,2015.0,Dopamine D1 receptor,Ki,nM,6.93,407.8,4.14
CHEMBL3697568,246.0,Cc1cc(Oc2ncccc2N2CCC2)ccc1-c1c(C)c(=O)[nH]c(=O)n1C,BindingDB Patent Bioactivity Data,"Competition Binding Assay: The affinity of the compounds described herein was determined by competition binding assays similar to those described in Ryman-Rasmussen et al., Differential activation of adenylate cyclase and receptor internalization by novel dopamine D1 receptor agonists, Molecular Pharmacology 68(4):1039-1048 (2005). This radioligand binding assay used [3H]-SCH23390, a radiolabeled D1 ligand, to evaluate the ability of a test compound to compete with the radioligand when binding to a D1 receptor.D1 binding assays were performed using over-expressing LTK human cell lines. To determine basic assay parameters, ligand concentrations were determined from saturation binding studies where the Kd for [3H]-SCH23390 was found to be 1.3 nM. From tissue concentration curve studies, the optimal amount of tissue was determined to be 1.75 mg/mL per 96 well plate using 0.5 nM of [3H]-SCH23390. These ligand and tissue concentrations were used in time course studies to determine linearity and equilibrium.",B,,,,2015.0,Dopamine D1 receptor,Ki,nM,6.61,378.43,2.75
CHEMBL3697614,40.6,Cc1cc(Oc2ncc(F)cc2Cl)ccc1-c1c(C)c(=O)[nH]c(=O)n1C,BindingDB Patent Bioactivity Data,"Competition Binding Assay: The affinity of the compounds described herein was determined by competition binding assays similar to those described in Ryman-Rasmussen et al., Differential activation of adenylate cyclase and receptor internalization by novel dopamine D1 receptor agonists, Molecular Pharmacology 68(4):1039-1048 (2005). This radioligand binding assay used [3H]-SCH23390, a radiolabeled D1 ligand, to evaluate the ability of a test compound to compete with the radioligand when binding to a D1 receptor.D1 binding assays were performed using over-expressing LTK human cell lines. To determine basic assay parameters, ligand concentrations were determined from saturation binding studies where the Kd for [3H]-SCH23390 was found to be 1.3 nM. From tissue concentration curve studies, the optimal amount of tissue was determined to be 1.75 mg/mL per 96 well plate using 0.5 nM of [3H]-SCH23390. These ligand and tissue concentrations were used in time course studies to determine linearity and equilibrium.",B,,,,2015.0,Dopamine D1 receptor,Ki,nM,7.39,375.79,3.34
CHEMBL3697614,118.0,Cc1cc(Oc2ncc(F)cc2Cl)ccc1-c1c(C)c(=O)[nH]c(=O)n1C,BindingDB Patent Bioactivity Data,"Competition Binding Assay: The affinity of the compounds described herein was determined by competition binding assays similar to those described in Ryman-Rasmussen et al., Differential activation of adenylate cyclase and receptor internalization by novel dopamine D1 receptor agonists, Molecular Pharmacology 68(4):1039-1048 (2005). This radioligand binding assay used [3H]-SCH23390, a radiolabeled D1 ligand, to evaluate the ability of a test compound to compete with the radioligand when binding to a D1 receptor.D1 binding assays were performed using over-expressing LTK human cell lines. To determine basic assay parameters, ligand concentrations were determined from saturation binding studies where the Kd for [3H]-SCH23390 was found to be 1.3 nM. From tissue concentration curve studies, the optimal amount of tissue was determined to be 1.75 mg/mL per 96 well plate using 0.5 nM of [3H]-SCH23390. These ligand and tissue concentrations were used in time course studies to determine linearity and equilibrium.",B,,,,2015.0,Dopamine D1 receptor,Ki,nM,6.93,375.79,3.34
CHEMBL3697619,10.9,Cc1ccnc(Oc2ccc(-c3c(C)c(=O)[nH]c(=O)n3C)cc2)c1Cl,BindingDB Patent Bioactivity Data,"Competition Binding Assay: The affinity of the compounds described herein was determined by competition binding assays similar to those described in Ryman-Rasmussen et al., Differential activation of adenylate cyclase and receptor internalization by novel dopamine D1 receptor agonists, Molecular Pharmacology 68(4):1039-1048 (2005). This radioligand binding assay used [3H]-SCH23390, a radiolabeled D1 ligand, to evaluate the ability of a test compound to compete with the radioligand when binding to a D1 receptor.D1 binding assays were performed using over-expressing LTK human cell lines. To determine basic assay parameters, ligand concentrations were determined from saturation binding studies where the Kd for [3H]-SCH23390 was found to be 1.3 nM. From tissue concentration curve studies, the optimal amount of tissue was determined to be 1.75 mg/mL per 96 well plate using 0.5 nM of [3H]-SCH23390. These ligand and tissue concentrations were used in time course studies to determine linearity and equilibrium.",B,,,,2015.0,Dopamine D1 receptor,Ki,nM,7.96,357.8,3.2
CHEMBL3697587,9.33,Cc1cc(Oc2ncccc2Cl)ccc1-c1c(C)c(=O)[nH]c(=O)n1C,BindingDB Patent Bioactivity Data,"Competition Binding Assay: The affinity of the compounds described herein was determined by competition binding assays similar to those described in Ryman-Rasmussen et al., Differential activation of adenylate cyclase and receptor internalization by novel dopamine D1 receptor agonists, Molecular Pharmacology 68(4):1039-1048 (2005). This radioligand binding assay used [3H]-SCH23390, a radiolabeled D1 ligand, to evaluate the ability of a test compound to compete with the radioligand when binding to a D1 receptor.D1 binding assays were performed using over-expressing LTK human cell lines. To determine basic assay parameters, ligand concentrations were determined from saturation binding studies where the Kd for [3H]-SCH23390 was found to be 1.3 nM. From tissue concentration curve studies, the optimal amount of tissue was determined to be 1.75 mg/mL per 96 well plate using 0.5 nM of [3H]-SCH23390. These ligand and tissue concentrations were used in time course studies to determine linearity and equilibrium.",B,,,,2015.0,Dopamine D1 receptor,Ki,nM,8.03,357.8,3.2
CHEMBL3697588,428.0,Cc1c(-c2ccc(Oc3ncccc3C(F)F)cc2C#N)n(C)c(=O)[nH]c1=O,BindingDB Patent Bioactivity Data,"Competition Binding Assay: The affinity of the compounds described herein was determined by competition binding assays similar to those described in Ryman-Rasmussen et al., Differential activation of adenylate cyclase and receptor internalization by novel dopamine D1 receptor agonists, Molecular Pharmacology 68(4):1039-1048 (2005). This radioligand binding assay used [3H]-SCH23390, a radiolabeled D1 ligand, to evaluate the ability of a test compound to compete with the radioligand when binding to a D1 receptor.D1 binding assays were performed using over-expressing LTK human cell lines. To determine basic assay parameters, ligand concentrations were determined from saturation binding studies where the Kd for [3H]-SCH23390 was found to be 1.3 nM. From tissue concentration curve studies, the optimal amount of tissue was determined to be 1.75 mg/mL per 96 well plate using 0.5 nM of [3H]-SCH23390. These ligand and tissue concentrations were used in time course studies to determine linearity and equilibrium.",B,,,,2015.0,Dopamine D1 receptor,Ki,nM,6.37,384.34,3.05
CHEMBL3697591,1220.0,Cc1cc(Oc2ncccc2C(N)=O)ccc1-c1c(C)n[nH]c(=O)c1C,BindingDB Patent Bioactivity Data,"Competition Binding Assay: The affinity of the compounds described herein was determined by competition binding assays similar to those described in Ryman-Rasmussen et al., Differential activation of adenylate cyclase and receptor internalization by novel dopamine D1 receptor agonists, Molecular Pharmacology 68(4):1039-1048 (2005). This radioligand binding assay used [3H]-SCH23390, a radiolabeled D1 ligand, to evaluate the ability of a test compound to compete with the radioligand when binding to a D1 receptor.D1 binding assays were performed using over-expressing LTK human cell lines. To determine basic assay parameters, ligand concentrations were determined from saturation binding studies where the Kd for [3H]-SCH23390 was found to be 1.3 nM. From tissue concentration curve studies, the optimal amount of tissue was determined to be 1.75 mg/mL per 96 well plate using 0.5 nM of [3H]-SCH23390. These ligand and tissue concentrations were used in time course studies to determine linearity and equilibrium.",B,,,,2015.0,Dopamine D1 receptor,Ki,nM,5.91,350.38,2.65
CHEMBL366904,1460.0,O=C(NC/C=C/CN1CCN(c2cccc(Cl)c2Cl)CC1)c1cc2ccccc2o1,Scientific Literature,Displacement of [3H]SCH23390 from D1 receptor,B,,,J Med Chem,2009.0,Dopamine D1 receptor,Ki,nM,5.84,444.36,4.85
CHEMBL5174753,10000.0,Cc1ccc(CO[C@H]2CCCN(Cc3ccc(C#N)cc3)C2)cc1,Scientific Literature,Displacement of [3H]SCH23390 from D1 receptor in HEK293 cell membrane assessed as inhibition constant,B,Homo sapiens,,Eur J Med Chem,2022.0,Dopamine D1 receptor,Ki,nM,,320.44,4.05
CHEMBL62,0.38,CN1CCc2cc(Cl)c(O)cc2[C@@H](c2ccccc2)C1,Scientific Literature,Displacement of radiolabeled SCH 23390 from human dopamine D1 receptor,B,Homo sapiens,,J Med Chem,2008.0,Dopamine D1 receptor,Ki,nM,9.42,287.79,3.67
CHEMBL267930,323.0,O=C(CCCN1CCC2(CC1)C(=O)NCN2c1ccccc1)c1ccc(F)cc1,Scientific Literature,Binding affinity against dopamine receptor D1 by using [3H]-SCH- 23390 as radioligand in caudate-putamen of monkey,B,Cercopithecidae,Caudate-putamen,J Med Chem,1991.0,Dopamine D1 receptor,Ki,nM,6.49,395.48,3.22
CHEMBL2334882,17.29,COc1c(O)ccc2c1CN1CCc3cc4c(cc3[C@@H]1C2)OCC4,BindingDB Patent Bioactivity Data,"Radioligand Binding Assay: The affinity of compounds to D1 and D2 dopamine receptors were determined by competition binding assays. Membrane homogenates of HEK293T cells were stably transfected with D1, or D2 receptors. Duplicated tubes were incubated at 30Â° C. for 50 mins (for D1, and D2) with increasing concentrations of respective compound and with [3H]SCH23390 (for D1 dopamine receptors), or [3H]Spiperone (for dopamine D2 receptor) in a final volume of 200 Î¼L binding buffer containing 50 mM Tris, 4 mM MgCl2, pH 7.4. Nonspecific binding was determined by parallel incubations with either 10 Î¼M SCH23390 for D1, or Spiperone for D2 receptors respectively. The reaction was started by addition of membranes (15 ng/tube) and stopped by rapid filtration through Whatman GF/B glassfiber filter and subsequently washed with cold buffer (50 mM Tris, 5 mM EDTA, pH 7.4) using a Brandel 24-well cell harvester. Scintillation cocktail was added and the radioactivity was determined in a MicroBeta liquid scintillation counter.",B,,,,2016.0,Dopamine D1 receptor,Ki,nM,7.76,323.39,2.99
CHEMBL3936289,10000.0,CN1CC[C@H]2CC(=O)[C@H](Cc3ccccc3)[C@H]3CCC[C@@H]1[C@H]23,Scientific Literature,Displacement of [3H]SCH23390 from human D1 receptor expressed in HEK-T cells measured after 90 mins by microbeta scintillation counting method,B,Homo sapiens,,Bioorg Med Chem Lett,2016.0,Dopamine D1 receptor,Ki,nM,,297.44,3.55
CHEMBL445,269.0,CNCCC=C1c2ccccc2CCc2ccccc21,DrugMatrix,DRUGMATRIX: Dopamine D1 radioligand binding (ligand: [3H] SCH-23390),B,,,,,Dopamine D1 receptor,Ki,nM,6.57,263.38,3.83
CHEMBL104,4508.0,Clc1ccccc1C(c1ccccc1)(c1ccccc1)n1ccnc1,DrugMatrix,DRUGMATRIX: Dopamine D1 radioligand binding (ligand: [3H] SCH-23390),B,,,,,Dopamine D1 receptor,Ki,nM,5.35,344.85,5.38
CHEMBL118,13997.0,Cc1ccc(-c2cc(C(F)(F)F)nn2-c2ccc(S(N)(=O)=O)cc2)cc1,DrugMatrix,DRUGMATRIX: Dopamine D1 radioligand binding (ligand: [3H] SCH-23390),B,,,,,Dopamine D1 receptor,Ki,nM,4.85,381.38,3.51
CHEMBL3697573,82.7,Cc1cc(Oc2ncccc2O)ccc1-c1c(C)c(=O)[nH]c(=O)n1C,BindingDB Patent Bioactivity Data,"Competition Binding Assay: The affinity of the compounds described herein was determined by competition binding assays similar to those described in Ryman-Rasmussen et al., Differential activation of adenylate cyclase and receptor internalization by novel dopamine D1 receptor agonists, Molecular Pharmacology 68(4):1039-1048 (2005). This radioligand binding assay used [3H]-SCH23390, a radiolabeled D1 ligand, to evaluate the ability of a test compound to compete with the radioligand when binding to a D1 receptor.D1 binding assays were performed using over-expressing LTK human cell lines. To determine basic assay parameters, ligand concentrations were determined from saturation binding studies where the Kd for [3H]-SCH23390 was found to be 1.3 nM. From tissue concentration curve studies, the optimal amount of tissue was determined to be 1.75 mg/mL per 96 well plate using 0.5 nM of [3H]-SCH23390. These ligand and tissue concentrations were used in time course studies to determine linearity and equilibrium.",B,,,,2015.0,Dopamine D1 receptor,Ki,nM,7.08,339.35,2.25
CHEMBL3697594,12.1,Cc1cc(Oc2nccc(C)c2C(F)(F)F)ccc1-c1c(C)n[nH]c(=O)c1C,BindingDB Patent Bioactivity Data,"Competition Binding Assay: The affinity of the compounds described herein was determined by competition binding assays similar to those described in Ryman-Rasmussen et al., Differential activation of adenylate cyclase and receptor internalization by novel dopamine D1 receptor agonists, Molecular Pharmacology 68(4):1039-1048 (2005). This radioligand binding assay used [3H]-SCH23390, a radiolabeled D1 ligand, to evaluate the ability of a test compound to compete with the radioligand when binding to a D1 receptor.D1 binding assays were performed using over-expressing LTK human cell lines. To determine basic assay parameters, ligand concentrations were determined from saturation binding studies where the Kd for [3H]-SCH23390 was found to be 1.3 nM. From tissue concentration curve studies, the optimal amount of tissue was determined to be 1.75 mg/mL per 96 well plate using 0.5 nM of [3H]-SCH23390. These ligand and tissue concentrations were used in time course studies to determine linearity and equilibrium.",B,,,,2015.0,Dopamine D1 receptor,Ki,nM,7.92,389.38,4.88
CHEMBL2413154,10000.0,COc1ccccc1N1CCN(CCCCn2ncc(=O)n(C)c2=O)CC1,Scientific Literature,Binding affinity to dopamine 1 receptor (unknown origin),B,Homo sapiens,,Bioorg Med Chem,2013.0,Dopamine D1 receptor,Ki,nM,,373.46,0.55
CHEMBL516,79.0,CN1CCC(=C2c3ccccc3C=Cc3ccccc32)CC1,DrugMatrix,DRUGMATRIX: Dopamine D1 radioligand binding (ligand: [3H] SCH-23390),B,,,,,Dopamine D1 receptor,Ki,nM,7.1,287.41,4.7
CHEMBL5170381,10000.0,Fc1ccc(COC2CCN(Cc3ccc4[nH]cnc4c3)CC2)cc1F,Scientific Literature,Displacement of [3H]SCH23390 from D1 receptor in HEK293 cell membrane assessed as inhibition constant,B,Homo sapiens,,Eur J Med Chem,2022.0,Dopamine D1 receptor,Ki,nM,,357.4,4.02
CHEMBL5272689,10000.0,Cc1cc(NC(=O)CN2CCC3(CCCN(Cc4ccc(F)c(F)c4)C3)C2)ccc1F,Scientific Literature,Displacement of [3H]SCH23390 from D1 receptor in HEK293 cell membrane assessed as inhibition constant,B,Homo sapiens,,Eur J Med Chem,2022.0,Dopamine D1 receptor,Ki,nM,,431.5,4.34
CHEMBL62,0.4266,CN1CCc2cc(Cl)c(O)cc2[C@@H](c2ccccc2)C1,Scientific Literature,Binding potency of compound for Dopamine receptor D1 by displacing [3H]SCH-23390 radioligand,B,,,J Med Chem,1989.0,Dopamine D1 receptor,Ki,nM,9.37,287.79,3.67
CHEMBL3289648,521.0,Cc1ccc(N2CCN(CCCCc3ccc(F)cc3)CC2)nc1,Scientific Literature,Displacement of [3H]SCH23390 from human dopamine D1 receptor by PDSP assay,B,Homo sapiens,,Bioorg Med Chem,2014.0,Dopamine D1 receptor,Ki,nM,6.28,327.45,3.67
CHEMBL4096543,2830.0,CC(C)Oc1cccnc1N(C)C1CCN(Cc2ccc(I)cc2)CC1,Scientific Literature,Inhibition of human dopamine D1 receptor,B,Homo sapiens,,J Med Chem,2017.0,Dopamine D1 receptor,Ki,nM,5.55,465.38,4.57
CHEMBL5182191,10000.0,COc1ccc(CN2CCC[C@H](OCc3ccc(F)c(C)c3)C2)cc1F,Scientific Literature,Displacement of [3H]SCH23390 from D1 receptor in HEK293 cell membrane assessed as inhibition constant,B,Homo sapiens,,Eur J Med Chem,2022.0,Dopamine D1 receptor,Ki,nM,,361.43,4.46
CHEMBL1255588,2.84,CC(C)(C)[C@@]1(O)CCN2C[C@@H]3c4ccccc4CCc4cccc(c43)[C@H]2C1,Scientific Literature,Displacement of [3H]SCH23390 from dopamine D1 receptor (unknown origin),B,Homo sapiens,,Bioorg Med Chem Lett,2021.0,Dopamine D1 receptor,Ki,nM,8.55,361.53,4.84
CHEMBL5420387,91.0,CCCOc1cc2c(cc1O)[C@@H]1Cc3c(Br)cc(O)c(OCCOCC)c3CN1CC2,Scientific Literature,Displacement of [3H]SCH-23390 from human dopamine D1 receptor assessed as inhibition constant,B,Homo sapiens,,J Med Chem,2023.0,Dopamine D1 receptor,Ki,nM,7.04,492.41,4.72
CHEMBL201525,4.5,CN1CCc2ccccc2Cc2ccccc2CC1,Scientific Literature,Inhibition of binding to human D1 receptor expressed in HEK 293 cells by radioligand binding assay,B,Homo sapiens,,J Med Chem,2006.0,Dopamine D1 receptor,Ki,nM,8.35,251.37,3.31
CHEMBL2165126,340.0,O=C1CCc2ccc(OCCCCN3CCCN(c4cccc(Cl)c4Cl)CC3)cc2N1,Scientific Literature,Displacement of [3H]SCH23390 from human D1R expressed in HEK293T cell membranes by radioligand binding assay,B,Homo sapiens,,J Med Chem,2017.0,Dopamine D1 receptor,Ki,nM,6.47,462.42,5.25
CHEMBL53,660.0,CN1CCc2cccc3c2[C@H]1Cc1ccc(O)c(O)c1-3,Scientific Literature,Displacement of [3H]SCH23390 from human D1 receptor expressed in HEK293 cells,B,Homo sapiens,,Eur J Med Chem,2012.0,Dopamine D1 receptor,Ki,nM,6.18,267.33,2.85
CHEMBL574558,1.93,Cc1cccc(C2CN(C)CCc3c2cc(O)c(O)c3Cl)c1,Scientific Literature,Displacement of [3H]SCH23390 from dopamine D1 receptor expressed in HEK293 cells by liquid scintillation counting,B,,,Bioorg Med Chem,2009.0,Dopamine D1 receptor,Ki,nM,8.71,317.82,3.68
CHEMBL145584,48000.0,NCCc1cccc(O)c1,Scientific Literature,Affinity towards Dopamine receptor D1,B,Cercopithecidae,,J Med Chem,1998.0,Dopamine D1 receptor,Ki,nM,4.32,137.18,0.89
CHEMBL4583609,10000.0,O=C(NCCCCN1CCN(c2cc(Cl)cc(Cl)c2)CC1)c1ccc(-c2ccsc2)cc1,Scientific Literature,"Displacement of 2,3-dimethoxy-5-[125I]-iodo-N-[9-benzyl-9-azabicyclo[3.3.1]nonan-3beta-yl]benzamide from dopamine D1 receptor (unknown origin) expressed in HEK293 cells measured after 60 mins by gamma counting analysis",B,Homo sapiens,,Bioorg Med Chem Lett,2019.0,Dopamine D1 receptor,Ki,nM,,488.48,6.05
CHEMBL3697580,82.3,CCc1c(-c2ccc(Oc3ncccc3C(F)F)cc2C)n(C)c(=O)[nH]c1=O,BindingDB Patent Bioactivity Data,"Competition Binding Assay: The affinity of the compounds described herein was determined by competition binding assays similar to those described in Ryman-Rasmussen et al., Differential activation of adenylate cyclase and receptor internalization by novel dopamine D1 receptor agonists, Molecular Pharmacology 68(4):1039-1048 (2005). This radioligand binding assay used [3H]-SCH23390, a radiolabeled D1 ligand, to evaluate the ability of a test compound to compete with the radioligand when binding to a D1 receptor.D1 binding assays were performed using over-expressing LTK human cell lines. To determine basic assay parameters, ligand concentrations were determined from saturation binding studies where the Kd for [3H]-SCH23390 was found to be 1.3 nM. From tissue concentration curve studies, the optimal amount of tissue was determined to be 1.75 mg/mL per 96 well plate using 0.5 nM of [3H]-SCH23390. These ligand and tissue concentrations were used in time course studies to determine linearity and equilibrium.",B,,,,2015.0,Dopamine D1 receptor,Ki,nM,7.08,387.39,3.74
CHEMBL3697590,86.2,Cc1cc(Oc2ncccc2OC(F)F)ccc1-c1c(C)n[nH]c(=O)c1C,BindingDB Patent Bioactivity Data,"Competition Binding Assay: The affinity of the compounds described herein was determined by competition binding assays similar to those described in Ryman-Rasmussen et al., Differential activation of adenylate cyclase and receptor internalization by novel dopamine D1 receptor agonists, Molecular Pharmacology 68(4):1039-1048 (2005). This radioligand binding assay used [3H]-SCH23390, a radiolabeled D1 ligand, to evaluate the ability of a test compound to compete with the radioligand when binding to a D1 receptor.D1 binding assays were performed using over-expressing LTK human cell lines. To determine basic assay parameters, ligand concentrations were determined from saturation binding studies where the Kd for [3H]-SCH23390 was found to be 1.3 nM. From tissue concentration curve studies, the optimal amount of tissue was determined to be 1.75 mg/mL per 96 well plate using 0.5 nM of [3H]-SCH23390. These ligand and tissue concentrations were used in time course studies to determine linearity and equilibrium.",B,,,,2015.0,Dopamine D1 receptor,Ki,nM,7.06,373.36,4.15
CHEMBL3671276,113.0,Cc1cc(Oc2nccc3n[nH]cc23)ccc1-c1c(C)ncnc1C,Scientific Literature,Partial agonist activity at human D1R,B,Homo sapiens,,J Med Chem,2019.0,Dopamine D1 receptor,Ki,nM,6.95,331.38,4.13
CHEMBL193639,3.0,CN(C)C[C@H]1CC2c3ccccc3Sc3ccc(F)cc3[C@H]2O1,Scientific Literature,Inhibition of [3H]SCH-23390 binding to human Dopamine receptor D1,B,Homo sapiens,,J Med Chem,2005.0,Dopamine D1 receptor,Ki,nM,8.52,329.44,4.47
CHEMBL445102,722.0,OC1(c2ccc(Cl)cc2)CCN(Cc2c[nH]c3ccccc23)CC1,Scientific Literature,Displacement of [3H]SCH23390 from dopamine D1 receptor,B,,,J Med Chem,2008.0,Dopamine D1 receptor,Ki,nM,6.14,340.85,4.3
CHEMBL42,290.0,CN1CCN(C2=Nc3cc(Cl)ccc3Nc3ccccc32)CC1,Scientific Literature,Binding affinity to human cloned dopamine D1 receptor,B,Homo sapiens,,Bioorg Med Chem,2008.0,Dopamine D1 receptor,Ki,nM,6.54,326.83,3.72
CHEMBL1732,1197.0,CN1C[C@H](C(=O)N[C@]2(C)O[C@@]3(O)[C@@H]4CCCN4C(=O)[C@H](Cc4ccccc4)N3C2=O)C[C@@H]2c3cccc4[nH]cc(c34)C[C@H]21,DrugMatrix,DRUGMATRIX: Dopamine D1 radioligand binding (ligand: [3H] SCH-23390),B,,,,,Dopamine D1 receptor,Ki,nM,5.92,583.69,2.08
CHEMBL629,89.0,CN(C)CCC=C1c2ccccc2CCc2ccccc21,Scientific Literature,Displacement of [3H]SCH23390 from human dopamine D1 receptor expressed in HEK cells,B,Homo sapiens,,Bioorg Med Chem Lett,2009.0,Dopamine D1 receptor,Ki,nM,7.05,277.41,4.17
CHEMBL3321792,4093.0,OC1(c2ccc(Cl)cc2)CC2CCC(C1)N2CCCSc1ccccc1F,Scientific Literature,Displacement of [3H]SCH23390 from human dopamine D1 receptor by liquid scintillation counting,B,Homo sapiens,,Bioorg Med Chem Lett,2014.0,Dopamine D1 receptor,Ki,nM,5.39,405.97,5.48
CHEMBL2057457,28.91,COc1cc2c(cc1O)[C@@H]1Cc3cc(C)cc(C)c3CN1CC2,BindingDB Patent Bioactivity Data,"Reception Binding Assay: Different concentrations (10^â5 M-10^â11 M) of the compound of the invention and corresponding isotope receptor ligand as well as receptor protein were loaded into the reaction tube and incubated in 30Â° C. water bath for 60 minutes. The reaction was terminated in a refrigerator. The reaction mixture was put in a Millipore filter (millipore) cell sample collector, filtered through suction filtration using GF/C glass fiber filter paper, and dried. The resulting sample was placed into 0.5 mL tube. 500 Î¼L liquid scintillation fluid was added and intensity of radioactivity was determined by counting. For dopamine D1 receptor: isotope receptor ligands [3H] SCH23390 (85.0 Ci/mmol) (D1-selective, purchased from Amersham Corporation), D1 receptor protein expressed in HEK-293 cells; For D2 dopamine receptor: isotope receptor ligands [3H] Spiperone (77.0 Ci/mmol) (D2-selective, purchased from Amersham Corporation); D2 receptor protein expressed in HEK-293 cells; For 5-HT1A receptor: isotope receptor ligands [3H] 8-OH-DPAT; 5-HT1A receptor protein expressed in HEK-293 cells; For 5-HT2A receptor: isotope receptor ligands [3H]-Ketanserin; 5-HT2A receptor protein expressed in HEK-293 cells.",B,,,,2016.0,Dopamine D1 receptor,Ki,nM,7.54,309.41,3.67
CHEMBL3697613,3.11,Cc1cc(Oc2ncccc2C2CC2)ccc1-c1c(C)c(=O)[nH]c(=O)n1C,BindingDB Patent Bioactivity Data,"Competition Binding Assay: The affinity of the compounds described herein was determined by competition binding assays similar to those described in Ryman-Rasmussen et al., Differential activation of adenylate cyclase and receptor internalization by novel dopamine D1 receptor agonists, Molecular Pharmacology 68(4):1039-1048 (2005). This radioligand binding assay used [3H]-SCH23390, a radiolabeled D1 ligand, to evaluate the ability of a test compound to compete with the radioligand when binding to a D1 receptor.D1 binding assays were performed using over-expressing LTK human cell lines. To determine basic assay parameters, ligand concentrations were determined from saturation binding studies where the Kd for [3H]-SCH23390 was found to be 1.3 nM. From tissue concentration curve studies, the optimal amount of tissue was determined to be 1.75 mg/mL per 96 well plate using 0.5 nM of [3H]-SCH23390. These ligand and tissue concentrations were used in time course studies to determine linearity and equilibrium.",B,,,,2015.0,Dopamine D1 receptor,Ki,nM,8.51,363.42,3.42
CHEMBL3697615,58.0,CCn1c(-c2ccc(Oc3ncccc3Cl)cc2C)c(C)c(=O)[nH]c1=O,BindingDB Patent Bioactivity Data,"Competition Binding Assay: The affinity of the compounds described herein was determined by competition binding assays similar to those described in Ryman-Rasmussen et al., Differential activation of adenylate cyclase and receptor internalization by novel dopamine D1 receptor agonists, Molecular Pharmacology 68(4):1039-1048 (2005). This radioligand binding assay used [3H]-SCH23390, a radiolabeled D1 ligand, to evaluate the ability of a test compound to compete with the radioligand when binding to a D1 receptor.D1 binding assays were performed using over-expressing LTK human cell lines. To determine basic assay parameters, ligand concentrations were determined from saturation binding studies where the Kd for [3H]-SCH23390 was found to be 1.3 nM. From tissue concentration curve studies, the optimal amount of tissue was determined to be 1.75 mg/mL per 96 well plate using 0.5 nM of [3H]-SCH23390. These ligand and tissue concentrations were used in time course studies to determine linearity and equilibrium.",B,,,,2015.0,Dopamine D1 receptor,Ki,nM,7.24,371.82,3.68
CHEMBL3697621,54.7,Cc1cc(Oc2ncccc2C(F)F)ccc1-c1c(C)c(=O)[nH]c(=O)n1C,BindingDB Patent Bioactivity Data,"Competition Binding Assay: The affinity of the compounds described herein was determined by competition binding assays similar to those described in Ryman-Rasmussen et al., Differential activation of adenylate cyclase and receptor internalization by novel dopamine D1 receptor agonists, Molecular Pharmacology 68(4):1039-1048 (2005). This radioligand binding assay used [3H]-SCH23390, a radiolabeled D1 ligand, to evaluate the ability of a test compound to compete with the radioligand when binding to a D1 receptor.D1 binding assays were performed using over-expressing LTK human cell lines. To determine basic assay parameters, ligand concentrations were determined from saturation binding studies where the Kd for [3H]-SCH23390 was found to be 1.3 nM. From tissue concentration curve studies, the optimal amount of tissue was determined to be 1.75 mg/mL per 96 well plate using 0.5 nM of [3H]-SCH23390. These ligand and tissue concentrations were used in time course studies to determine linearity and equilibrium.",B,,,,2015.0,Dopamine D1 receptor,Ki,nM,7.26,373.36,3.48
CHEMBL286080,393.0,Oc1cc2c(cc1O)C(c1ccccc1)CNCC2,Scientific Literature,Displacement of [3H]SCH23390 from dopamine D1 receptor expressed in HEK293 cells by liquid scintillation counting,B,,,Bioorg Med Chem,2009.0,Dopamine D1 receptor,Ki,nM,6.41,255.32,2.38
CHEMBL1255837,589.0,CC(C)[C@@]1(NC(=O)[C@@H]2C[C@@H]3c4cccc5[nH]cc(c45)C[C@H]3N(C)C2)O[C@@]2(O)[C@@H]3CCCN3C(=O)[C@H](Cc3ccccc3)N2C1=O.CS(=O)(=O)O,DrugMatrix,DRUGMATRIX: Dopamine D1 radioligand binding (ligand: [3H] SCH-23390),B,,,,,Dopamine D1 receptor,Ki,nM,6.23,707.85,2.72
CHEMBL5079653,1400.0,O=C(O)c1cc(-c2ccc([C@H]3C[C@H]4C[C@@H]3NC4=O)cc2)c2ccc(-c3ccc(C(F)(F)F)cc3)cc2c1,Scientific Literature,Inhibition of dopamine D1 receptor (unknown origin) assessed as binding constant,B,Homo sapiens,,J Med Chem,2022.0,Dopamine D1 receptor,Ki,nM,5.85,501.5,6.88
CHEMBL3927835,246.86,COc1cc2c(cc1OC)C1Cc3c(OC)ccc(OC)c3CN1CC2,BindingDB Patent Bioactivity Data,"Reception Binding Assay: Different concentrations (10^â5 M-10^â11 M) of the compound of the invention and corresponding isotope receptor ligand as well as receptor protein were loaded into the reaction tube and incubated in 30Â° C. water bath for 60 minutes. The reaction was terminated in a refrigerator. The reaction mixture was put in a Millipore filter (millipore) cell sample collector, filtered through suction filtration using GF/C glass fiber filter paper, and dried. The resulting sample was placed into 0.5 mL tube. 500 Î¼L liquid scintillation fluid was added and intensity of radioactivity was determined by counting. For dopamine D1 receptor: isotope receptor ligands [3H] SCH23390 (85.0 Ci/mmol) (D1-selective, purchased from Amersham Corporation), D1 receptor protein expressed in HEK-293 cells; For D2 dopamine receptor: isotope receptor ligands [3H] Spiperone (77.0 Ci/mmol) (D2-selective, purchased from Amersham Corporation); D2 receptor protein expressed in HEK-293 cells; For 5-HT1A receptor: isotope receptor ligands [3H] 8-OH-DPAT; 5-HT1A receptor protein expressed in HEK-293 cells; For 5-HT2A receptor: isotope receptor ligands [3H]-Ketanserin; 5-HT2A receptor protein expressed in HEK-293 cells.",B,,,,2016.0,Dopamine D1 receptor,Ki,nM,6.61,355.43,3.38
CHEMBL3903297,147.91,c1c2c(cc3c1OCO3)CN1CCc3cc4c(cc3[C@@H]1C2)OCO4,BindingDB Patent Bioactivity Data,"Reception Binding Assay: Different concentrations (10^â5 M-10^â11 M) of the compound of the invention and corresponding isotope receptor ligand as well as receptor protein were loaded into the reaction tube and incubated in 30Â° C. water bath for 60 minutes. The reaction was terminated in a refrigerator. The reaction mixture was put in a Millipore filter (millipore) cell sample collector, filtered through suction filtration using GF/C glass fiber filter paper, and dried. The resulting sample was placed into 0.5 mL tube. 500 Î¼L liquid scintillation fluid was added and intensity of radioactivity was determined by counting. For dopamine D1 receptor: isotope receptor ligands [3H] SCH23390 (85.0 Ci/mmol) (D1-selective, purchased from Amersham Corporation), D1 receptor protein expressed in HEK-293 cells; For D2 dopamine receptor: isotope receptor ligands [3H] Spiperone (77.0 Ci/mmol) (D2-selective, purchased from Amersham Corporation); D2 receptor protein expressed in HEK-293 cells; For 5-HT1A receptor: isotope receptor ligands [3H] 8-OH-DPAT; 5-HT1A receptor protein expressed in HEK-293 cells; For 5-HT2A receptor: isotope receptor ligands [3H]-Ketanserin; 5-HT2A receptor protein expressed in HEK-293 cells.",B,,,,2016.0,Dopamine D1 receptor,Ki,nM,6.83,323.35,2.8
CHEMBL2057452,1440.62,COc1cc2c(cc1OC)C1Cc3cc(C)cc(C)c3CN1CC2,BindingDB Patent Bioactivity Data,"Reception Binding Assay: Different concentrations (10^â5 M-10^â11 M) of the compound of the invention and corresponding isotope receptor ligand as well as receptor protein were loaded into the reaction tube and incubated in 30Â° C. water bath for 60 minutes. The reaction was terminated in a refrigerator. The reaction mixture was put in a Millipore filter (millipore) cell sample collector, filtered through suction filtration using GF/C glass fiber filter paper, and dried. The resulting sample was placed into 0.5 mL tube. 500 Î¼L liquid scintillation fluid was added and intensity of radioactivity was determined by counting. For dopamine D1 receptor: isotope receptor ligands [3H] SCH23390 (85.0 Ci/mmol) (D1-selective, purchased from Amersham Corporation), D1 receptor protein expressed in HEK-293 cells; For D2 dopamine receptor: isotope receptor ligands [3H] Spiperone (77.0 Ci/mmol) (D2-selective, purchased from Amersham Corporation); D2 receptor protein expressed in HEK-293 cells; For 5-HT1A receptor: isotope receptor ligands [3H] 8-OH-DPAT; 5-HT1A receptor protein expressed in HEK-293 cells; For 5-HT2A receptor: isotope receptor ligands [3H]-Ketanserin; 5-HT2A receptor protein expressed in HEK-293 cells.",B,,,,2016.0,Dopamine D1 receptor,Ki,nM,5.84,323.44,3.98
CHEMBL3906676,740.67,COc1cc2c(cc1OC)CN1CCc3cc(O)c(O)cc3C1C2,BindingDB Patent Bioactivity Data,"Reception Binding Assay: Different concentrations (10^â5 M-10^â11 M) of the compound of the invention and corresponding isotope receptor ligand as well as receptor protein were loaded into the reaction tube and incubated in 30Â° C. water bath for 60 minutes. The reaction was terminated in a refrigerator. The reaction mixture was put in a Millipore filter (millipore) cell sample collector, filtered through suction filtration using GF/C glass fiber filter paper, and dried. The resulting sample was placed into 0.5 mL tube. 500 Î¼L liquid scintillation fluid was added and intensity of radioactivity was determined by counting. For dopamine D1 receptor: isotope receptor ligands [3H] SCH23390 (85.0 Ci/mmol) (D1-selective, purchased from Amersham Corporation), D1 receptor protein expressed in HEK-293 cells; For D2 dopamine receptor: isotope receptor ligands [3H] Spiperone (77.0 Ci/mmol) (D2-selective, purchased from Amersham Corporation); D2 receptor protein expressed in HEK-293 cells; For 5-HT1A receptor: isotope receptor ligands [3H] 8-OH-DPAT; 5-HT1A receptor protein expressed in HEK-293 cells; For 5-HT2A receptor: isotope receptor ligands [3H]-Ketanserin; 5-HT2A receptor protein expressed in HEK-293 cells.",B,,,,2016.0,Dopamine D1 receptor,Ki,nM,6.13,327.38,2.77
CHEMBL5409419,36.31,COc1cccc2c3c(oc12)CN(CCCCOc1ccc2c(c1)NC(=O)CC2)CC3,Scientific Literature,Displacement of [3H]-SCH23390 from Dopamine D1 receptor (unknown origin) expressed in HEK293T cell membrane incubated for 2 hrs by radioligand competitive binding based MicroBeta TriLux reader method,B,Homo sapiens,,J Med Chem,2023.0,Dopamine D1 receptor,Ki,nM,7.44,420.51,4.54
CHEMBL141845,1200.0,COc1ccccc1N1CCN(CCNC(=O)c2cnn3ccccc23)CC1,Scientific Literature,Binding affinity for porcine Dopamine receptor D1 by [3H]-SCH- 23390 displacement.,B,,,J Med Chem,2002.0,Dopamine D1 receptor,Ki,nM,5.92,379.46,1.89
CHEMBL42,1000.0,CN1CCN(C2=Nc3cc(Cl)ccc3Nc3ccccc32)CC1,Scientific Literature,Binding affinity to dopamine D1 receptor (unknown origin) by PDSP assay,B,Homo sapiens,,Medchemcomm,2012.0,Dopamine D1 receptor,Ki,nM,6.0,326.83,3.72
CHEMBL1334465,1780.0,Cc1cc(NC(=O)Nc2ccc(N(C)C)cc2)c2cc(F)cc(F)c2n1,Scientific Literature,Binding affinity to dopamine D1 receptor (unknown origin),B,Homo sapiens,,Bioorg Med Chem Lett,2013.0,Dopamine D1 receptor,Ki,nM,5.75,356.38,4.53
CHEMBL25856,6.2,Oc1cc2c(cc1O)[C@H]1c3ccccc3CN[C@@H]1CC2,Scientific Literature,Binding affinity to dopamine D1 receptor,B,,,Eur J Med Chem,2012.0,Dopamine D1 receptor,Ki,nM,8.21,267.33,2.65
CHEMBL42,132.0,CN1CCN(C2=Nc3cc(Cl)ccc3Nc3ccccc32)CC1,Scientific Literature,Displacement of [3H]SCH 23390 from dopamine D1 receptor expressed in CHO cells,B,Homo sapiens,,Bioorg Med Chem Lett,2006.0,Dopamine D1 receptor,Ki,nM,6.88,326.83,3.72
CHEMBL216258,2.2,CN1CCCc2ccccc2Cc2[nH]c3ccccc3c2CC1,Scientific Literature,Displacement of [3H]SCH 23390 from human D1 dopamine receptor expressed in HEK293 cells,B,Homo sapiens,,J Med Chem,2006.0,Dopamine D1 receptor,Ki,nM,8.66,304.44,4.18
CHEMBL59,12000.0,NCCc1ccc(O)c(O)c1,Scientific Literature,Displacement of [3H]SCH23390 from human D1 receptor expressed in HEK293 cells,B,Homo sapiens,,Eur J Med Chem,2012.0,Dopamine D1 receptor,Ki,nM,4.92,153.18,0.6
CHEMBL2105760,37.46,O=c1ccc2ccc(OCCCCN3CCN(c4cccc5sccc45)CC3)cc2[nH]1,EUbOPEN Chemogenomic Library,"PDSP Secondary Binding target: DRD1 - Compounds are tested at 10 uM concentration, plate are incubated at room temperature in the dark for 90 minutes. Reaction are stopped by vacuum filtration onto 0.3% polyethyleneimine soaked filter mats using Filtermate harvester. Scintillation cocktail is then melted onto microwave-dried filters on a hot plate and the radio activity is counted in Microbia counter. Compounds showing a minimum of 50% inhibition at 10 uM concentration are carried forward in this secondary binding assay to determine equilibrium binding affinity.",B,Homo sapiens,,,2024.0,Dopamine D1 receptor,Ki,nM,7.43,433.58,4.72
CHEMBL42,89.0,CN1CCN(C2=Nc3cc(Cl)ccc3Nc3ccccc32)CC1,Scientific Literature,Displacement of [3H]SCH23390 from human dopamine D1 receptor expressed in HEK cells,B,Homo sapiens,,Bioorg Med Chem Lett,2009.0,Dopamine D1 receptor,Ki,nM,7.05,326.83,3.72
CHEMBL15928,10000.0,COc1ccc(NC(=O)c2ccc(-c3ccc(-c4noc(C)n4)cc3C)cc2)cc1N1CCN(C)CC1,Scientific Literature,Binding affinity against dopamine receptor D1,B,,,J Med Chem,1994.0,Dopamine D1 receptor,Ki,nM,,497.6,5.03
CHEMBL12713,210.0,O=C1NCCN1CCN1CCC(c2cn(-c3ccc(F)cc3)c3ccc(Cl)cc23)CC1,Scientific Literature,Binding affinity towards human Dopamine receptor D1,B,,,J Med Chem,2004.0,Dopamine D1 receptor,Ki,nM,6.68,440.95,4.63
CHEMBL1940404,22.0,OC1(c2ccc(Cl)cc2)CCN(CCCOc2ccc(F)cc2)CC1,Scientific Literature,Displacement of [3H]SCH23390 from human dopamine D1 receptor by liquid scintillation counting,B,Homo sapiens,,Bioorg Med Chem Lett,2014.0,Dopamine D1 receptor,Ki,nM,7.66,363.86,4.23
CHEMBL1800685,10000.0,O=C(O)c1cc(-c2ccc(C3CCNCC3)cc2)c2ccc(-c3ccc(C(F)(F)F)cc3)cc2c1,SGC Frankfurt - Donated Chemical Probes,GPCRScan assay: inhibition of D1,B,Homo sapiens,,,2021.0,Dopamine D1 receptor,Ki,nM,5.0,475.51,7.36
CHEMBL442,864.0,CN1C[C@H](C(=O)N[C@]2(C)O[C@@]3(O)[C@@H]4CCCN4C(=O)[C@H](Cc4ccccc4)N3C2=O)C=C2c3cccc4[nH]cc(c34)C[C@H]21,DrugMatrix,DRUGMATRIX: Dopamine D1 radioligand binding (ligand: [3H] SCH-23390),B,,,,,Dopamine D1 receptor,Ki,nM,6.06,581.67,1.99
CHEMBL715,36.0,Cc1cc2c(s1)Nc1ccccc1N=C2N1CCN(C)CC1,DrugMatrix,DRUGMATRIX: Dopamine D1 radioligand binding (ligand: [3H] SCH-23390),B,,,,,Dopamine D1 receptor,Ki,nM,7.44,312.44,3.44
CHEMBL4551160,5630.0,C[C@H]1CO[C@@H](c2ccc(N)nc2)CN1C[C@H]1C[C@@H]1CCNC(=O)c1cc2ccccc2[nH]1,Scientific Literature,Displacement of [3H]-SCH23390 from human D1 receptor expressed in HEK293 cells after 60 mins by microbeta counting based assay,B,Homo sapiens,,ACS Med Chem Lett,2020.0,Dopamine D1 receptor,Ki,nM,5.25,433.56,3.36
CHEMBL3104093,10000.0,CN1CCc2c(c3cccc4c3n2CCc2ccccc2-4)C1,Scientific Literature,Binding affinity to dopamine D1 receptor (unknown origin) by radioligand displacement assay,B,Homo sapiens,,Bioorg Med Chem Lett,2014.0,Dopamine D1 receptor,Ki,nM,,288.39,3.85
CHEMBL4291048,300.0,OC1(c2ccc(Cl)c(C(F)(F)F)c2)CCN(CCCN(c2ccc(F)cc2)c2ccc(F)cc2)CC1,Scientific Literature,Displacement of [3H]SCH23390 from human dopamine D1 receptor expressed in HEK293T cells by radioligand binding assay,B,Homo sapiens,,Bioorg Med Chem Lett,2018.0,Dopamine D1 receptor,Ki,nM,6.52,524.96,7.15
CHEMBL716,390.0,OCCOCCN1CCN(C2=Nc3ccccc3Sc3ccccc32)CC1,Scientific Literature,Binding affinity against dopamine receptor D1,B,,,J Med Chem,2001.0,Dopamine D1 receptor,Ki,nM,6.41,383.52,2.86
CHEMBL2028019,2920.0,CN(C)C(=O)N[C@H]1CC[C@H](CCN2CCN(c3cccc(Cl)c3Cl)CC2)CC1,Scientific Literature,Displacement of [3H]-SCH23390 from D1 receptor in HEK293 cell membranes by scintillation counting method,B,Homo sapiens,,J Med Chem,2023.0,Dopamine D1 receptor,Ki,nM,5.54,427.42,4.34
CHEMBL728,78.0,CN1CCN(CCCN2c3ccccc3Sc3ccc(Cl)cc32)CC1,DrugMatrix,DRUGMATRIX: Dopamine D1 radioligand binding (ligand: [3H] SCH-23390),B,,,,,Dopamine D1 receptor,Ki,nM,7.11,373.95,4.58
CHEMBL2057455,2.53,COc1cc2c(c(OC)c1)CN1CCc3cc(OC)c(O)cc3[C@@H]1C2,Scientific Literature,Displacement of [3H]SCH23390 from human dopamine D1 receptor expressed in HEK293 cells,B,Homo sapiens,,Bioorg Med Chem,2012.0,Dopamine D1 receptor,Ki,nM,8.6,341.41,3.07
CHEMBL1940417,259.0,Fc1ccc(OCCCN2CCN(c3ncccn3)CC2)cc1,Scientific Literature,Displacement of [3H]SCH23390 from human dopamine D1 receptor by PDSP assay,B,Homo sapiens,,Bioorg Med Chem,2014.0,Dopamine D1 receptor,Ki,nM,6.59,316.38,2.21
CHEMBL1940415,134.0,Fc1ccc(CCCCN2CCN(c3ncccn3)CC2)cc1,Scientific Literature,Displacement of [3H]SCH23390 from human dopamine D1 receptor by PDSP assay,B,Homo sapiens,,Bioorg Med Chem,2014.0,Dopamine D1 receptor,Ki,nM,6.87,314.41,2.76
CHEMBL286080,393.0,Oc1cc2c(cc1O)C(c1ccccc1)CNCC2,Scientific Literature,Displacement of [3H]SCH23390 from human dopamine D1 receptor expressed in HEK293 cell membranes by liquid scintillation counting based competition binding assay,B,Homo sapiens,,Eur J Med Chem,2014.0,Dopamine D1 receptor,Ki,nM,6.41,255.32,2.38
CHEMBL139926,2900.0,O=C(NCCCCN1CCN(c2cccc(Cl)c2Cl)CC1)c1cc2ccccc2o1,Scientific Literature,Binding affinity for porcine Dopamine receptor D1 by [3H]-SCH- 23390 displacement.,B,,,J Med Chem,2002.0,Dopamine D1 receptor,Ki,nM,5.54,446.38,5.07
CHEMBL448891,50.0,COc1cc2c(cc1OC)[C@@H]1Cc3ccc(O)c(OC)c3CN1CC2,Scientific Literature,Displacement of [3H]SCH23390 from dopamine D1 receptor (unknown origin) expressed in human HEK293 cells by liquid scintillation counter,B,Homo sapiens,,Bioorg Med Chem,2013.0,Dopamine D1 receptor,Ki,nM,7.3,341.41,3.07
CHEMBL157138,86.0,CCN(CC)C(=O)N[C@H]1C=C2c3cccc4[nH]cc(c34)C[C@H]2N(C)C1,DrugMatrix,DRUGMATRIX: Dopamine D1 radioligand binding (ligand: [3H] SCH-23390),B,,,,,Dopamine D1 receptor,Ki,nM,7.07,338.46,2.84
CHEMBL296419,2005.0,COc1ccc(CCN2CCC(Nc3nc4ccccc4n3Cc3ccc(F)cc3)CC2)cc1,DrugMatrix,DRUGMATRIX: Dopamine D1 radioligand binding (ligand: [3H] SCH-23390),B,,,,,Dopamine D1 receptor,Ki,nM,5.7,458.58,5.35
CHEMBL540612,412.0,COc1ccccc1N1CCN(CCCCNC(=O)c2ccc3ccccc3c2)CC1.Cl,EUbOPEN Chemogenomic Library,"PDSP Secondary Binding target: DRD1 - Compounds are tested at 10 uM concentration, plate are incubated at room temperature in the dark for 90 minutes. Reaction are stopped by vacuum filtration onto 0.3% polyethyleneimine soaked filter mats using Filtermate harvester. Scintillation cocktail is then melted onto microwave-dried filters on a hot plate and the radio activity is counted in Microbia counter. Compounds showing a minimum of 50% inhibition at 10 uM concentration are carried forward in this secondary binding assay to determine equilibrium binding affinity.",B,Homo sapiens,,,2024.0,Dopamine D1 receptor,Ki,nM,6.38,454.01,4.18
CHEMBL3697597,26.9,Cc1cc(Oc2ncccc2C(F)(F)F)ccc1-c1c(C)n[nH]c(=O)c1C,BindingDB Patent Bioactivity Data,"Competition Binding Assay: The affinity of the compounds described herein was determined by competition binding assays similar to those described in Ryman-Rasmussen et al., Differential activation of adenylate cyclase and receptor internalization by novel dopamine D1 receptor agonists, Molecular Pharmacology 68(4):1039-1048 (2005). This radioligand binding assay used [3H]-SCH23390, a radiolabeled D1 ligand, to evaluate the ability of a test compound to compete with the radioligand when binding to a D1 receptor.D1 binding assays were performed using over-expressing LTK human cell lines. To determine basic assay parameters, ligand concentrations were determined from saturation binding studies where the Kd for [3H]-SCH23390 was found to be 1.3 nM. From tissue concentration curve studies, the optimal amount of tissue was determined to be 1.75 mg/mL per 96 well plate using 0.5 nM of [3H]-SCH23390. These ligand and tissue concentrations were used in time course studies to determine linearity and equilibrium.",B,,,,2015.0,Dopamine D1 receptor,Ki,nM,7.57,375.35,4.57
CHEMBL85,147.91,Cc1nc2n(c(=O)c1CCN1CCC(c3noc4cc(F)ccc34)CC1)CCCC2,Scientific Literature,Displacement of [3H]SCH23390 from human dopamine D1 receptor,B,Homo sapiens,,Bioorg Med Chem Lett,2009.0,Dopamine D1 receptor,Ki,nM,6.83,410.49,3.59
CHEMBL4748915,380.0,CN1CC=C(C2=Nc3cc(Cl)ccc3Nc3ccccc32)CC1,Scientific Literature,Binding affinity to human dopamine D1 receptor,B,Homo sapiens,,Bioorg Med Chem Lett,2020.0,Dopamine D1 receptor,Ki,nM,6.42,323.83,4.78
CHEMBL59725,1195.0,O=C(NCCCCN1CCN(c2cccc(Cl)c2Cl)CC1)c1cc2ccccc2s1,Scientific Literature,Displacement of [3H]SCH23390 from D1 receptor,B,,,J Med Chem,2009.0,Dopamine D1 receptor,Ki,nM,5.92,462.45,5.54
CHEMBL5191141,0.56,[2H]c1c([2H])c([2H])c([C@@H]2C[C@@H](N3CCN(C([2H])([2H])[2H])C(C)(C)C3)c3cc(Cl)ccc32)c([2H])c1[2H],Scientific Literature,Displacement of [3H]SCH 23390 from recombinant human D1 receptor measured after 60 mins by scintillation counting analysis,B,Homo sapiens,,Bioorg Med Chem Lett,2022.0,Dopamine D1 receptor,Ki,nM,9.25,362.97,4.94
CHEMBL643,1372.0,CC(CN1c2ccccc2Sc2ccccc21)N(C)C,DrugMatrix,DRUGMATRIX: Dopamine D1 radioligand binding (ligand: [3H] SCH-23390),B,,,,,Dopamine D1 receptor,Ki,nM,5.86,284.43,4.24
CHEMBL4226226,4589.0,CN(C)c1ccc(C(=O)NCCCCN2CCC(c3cccc(O)c3)C2)cc1,Scientific Literature,Displacement of [3H]SCH23390 from human dopamine D1 receptor expressed in HEK293T cell membranes by radioligand binding assay,B,Homo sapiens,,Bioorg Med Chem Lett,2018.0,Dopamine D1 receptor,Ki,nM,5.34,381.52,3.46
CHEMBL25856,33.0,Oc1cc2c(cc1O)[C@H]1c3ccccc3CN[C@@H]1CC2,Scientific Literature,Binding affinity against cloned human Dopamine receptor D1 using [125I]-SCH 23982 as radioligand transfected in HEK cells,B,,,J Med Chem,1995.0,Dopamine D1 receptor,Ki,nM,7.48,267.33,2.65
CHEMBL1403281,202.0,CC(C)C[C@H]1C(=O)N2CCC[C@H]2[C@]2(O)O[C@](NC(=O)[C@@H]3C=C4c5cccc6[nH]cc(c56)C[C@H]4N(C)C3)(C(C)C)C(=O)N12,DrugMatrix,DRUGMATRIX: Dopamine D1 radioligand binding (ligand: [3H] SCH-23390),B,,,,,Dopamine D1 receptor,Ki,nM,6.7,575.71,2.43
CHEMBL8514,4.04,CC(C)(C)[C@]1(O)CCN2C[C@H]3c4ccccc4CCc4cccc(c43)[C@@H]2C1,Scientific Literature,Displacement of [3H]SCH23390 from dopamine D1 receptor (unknown origin),B,Homo sapiens,,Bioorg Med Chem Lett,2020.0,Dopamine D1 receptor,Ki,nM,8.39,361.53,4.84
CHEMBL1262,2068.0,Clc1ccc(CO/N=C(\Cn2ccnc2)c2ccc(Cl)cc2Cl)c(Cl)c1,DrugMatrix,DRUGMATRIX: Dopamine D1 radioligand binding (ligand: [3H] SCH-23390),B,,,,,Dopamine D1 receptor,Ki,nM,5.68,429.13,6.12
CHEMBL85,1000.0,Cc1nc2n(c(=O)c1CCN1CCC(c3noc4cc(F)ccc34)CC1)CCCC2,Scientific Literature,Binding affinity to dopamine D1 receptor (unknown origin) by PDSP assay,B,Homo sapiens,,Medchemcomm,2012.0,Dopamine D1 receptor,Ki,nM,6.0,410.49,3.59
CHEMBL520992,1.18,Br.Cc1cccc(C2CN(C)CCc3c2cc(O)c(O)c3Cl)c1,Scientific Literature,Displacement of [3H]SCH23390 from human dopamine D1 receptor expressed in HEK293 cells,B,Homo sapiens,,Bioorg Med Chem,2008.0,Dopamine D1 receptor,Ki,nM,8.93,398.73,3.68
CHEMBL53,4.6,CN1CCc2cccc3c2[C@H]1Cc1ccc(O)c(O)c1-3,Scientific Literature,Binding affinity to dopamine D1 receptor high binding site by radioligand displacement assay,B,,,ACS Med Chem Lett,2011.0,Dopamine D1 receptor,Ki,nM,8.34,267.33,2.85
CHEMBL203637,0.8128,CN1CCc2ccccc2Cc2ccc(O)c(Cl)c2CC1,Scientific Literature,Displacement of [3H]SCH23390 from human cloned dopamine D1 receptor,B,Homo sapiens,,Bioorg Med Chem Lett,2008.0,Dopamine D1 receptor,Ki,nM,9.09,301.82,3.67
CHEMBL54,6.166,O=C(CCCN1CCC(O)(c2ccc(Cl)cc2)CC1)c1ccc(F)cc1,Scientific Literature,Displacement of [3H]SCH23390 from human dopamine D1 receptor,B,Homo sapiens,,Bioorg Med Chem Lett,2009.0,Dopamine D1 receptor,Ki,nM,8.21,375.87,4.43
CHEMBL534,436.0,CN1CCC(=C2c3ccccc3CC(=O)c3sccc32)CC1,DrugMatrix,DRUGMATRIX: Dopamine D1 radioligand binding (ligand: [3H] SCH-23390),B,,,,,Dopamine D1 receptor,Ki,nM,6.36,309.43,4.01
CHEMBL434,50000.0,CC(C)NCC(O)c1ccc(O)c(O)c1,Scientific Literature,Displacement of [3H]SCH23390 from human D1 receptor expressed in HEK293 cells,B,Homo sapiens,,Bioorg Med Chem,2016.0,Dopamine D1 receptor,Ki,nM,,211.26,1.13
CHEMBL1112,310.0,O=C1CCc2ccc(OCCCCN3CCN(c4cccc(Cl)c4Cl)CC3)cc2N1,Scientific Literature,Displacement of [3H]SCH23390 from human dopamine D1 receptor expressed in HEK293 cells by competitive binding assay,B,Homo sapiens,,J Med Chem,2014.0,Dopamine D1 receptor,Ki,nM,6.51,448.39,4.86
CHEMBL3287403,4300.0,O/N=C/c1cnn2ccc(OCCCCN3CCN(c4cccc(Cl)c4Cl)CC3)cc12,Scientific Literature,Displacement of [3H]SCH23390 from human dopamine D1 receptor expressed in HEK293 cells by competitive binding assay,B,Homo sapiens,,J Med Chem,2014.0,Dopamine D1 receptor,Ki,nM,5.37,462.38,4.43
CHEMBL3287403,670.0,O/N=C/c1cnn2ccc(OCCCCN3CCN(c4cccc(Cl)c4Cl)CC3)cc12,Scientific Literature,Displacement of [3H]SCH23390 from human dopamine D1 receptor expressed in HEK293 cells by competitive binding assay,B,Homo sapiens,,J Med Chem,2014.0,Dopamine D1 receptor,Ki,nM,6.17,462.38,4.43
CHEMBL4642292,10000.0,Cc1nccc2c1C(C)(C)Nc1cc(Br)ccc1-2,Scientific Literature,Binding affinity to dopamine D1 receptor (unknown origin),B,Homo sapiens,,J Nat Prod,2020.0,Dopamine D1 receptor,Ki,nM,,303.2,4.48
CHEMBL1202298,341.0,Br.CN1CCc2ccccc2Cc2cc(O)c(O)cc2CC1,Scientific Literature,Inhibition of binding to human D1 receptor expressed in HEK 293 cells by radioligand binding assay,B,Homo sapiens,,J Med Chem,2006.0,Dopamine D1 receptor,Ki,nM,6.47,364.28,2.72
CHEMBL415,557.0,CN(C)CCCN1c2ccccc2CCc2ccc(Cl)cc21,DrugMatrix,DRUGMATRIX: Dopamine D1 radioligand binding (ligand: [3H] SCH-23390),B,,,,,Dopamine D1 receptor,Ki,nM,6.25,314.86,4.53
CHEMBL201432,767.0,c1ccc2c(c1)CCN(CC1CC1)CCc1c([nH]c3ccccc13)C2,Scientific Literature,Inhibition of binding to human D1 receptor expressed in HEK 293 cells by radioligand binding assay,B,Homo sapiens,,J Med Chem,2006.0,Dopamine D1 receptor,Ki,nM,6.12,330.48,4.57
CHEMBL201525,40.4,CN1CCc2ccccc2Cc2ccccc2CC1,Scientific Literature,Inhibition of binding to human D1 receptor expressed in HEK 293 cells by functional calcium assay,F,Homo sapiens,,J Med Chem,2006.0,Dopamine D1 receptor,Ki,nM,7.39,251.37,3.31
CHEMBL441618,1.9,CN1CCc2ccccc2Cc2[nH]c3ccccc3c2CC1,Scientific Literature,Displacement of [3H]SCH 23390 from D1 dopamine receptor,B,Homo sapiens,,J Med Chem,2006.0,Dopamine D1 receptor,Ki,nM,8.72,290.41,3.79
CHEMBL21731,187.0,CNCCCC12CCC(c3ccccc31)c1ccccc12,DrugMatrix,DRUGMATRIX: Dopamine D1 radioligand binding (ligand: [3H] SCH-23390),B,,,,,Dopamine D1 receptor,Ki,nM,6.73,277.41,4.21
CHEMBL1112,895.0,O=C1CCc2ccc(OCCCCN3CCN(c4cccc(Cl)c4Cl)CC3)cc2N1,BindingDB Patent Bioactivity Data,"Radioligand Binding Assay: Membranes prepared as above were resuspended to 1 ug protein/ul (measured by Bradford assay using BSA as standard), and 50 ul were added to each well of a polypropylene 96-well plate containing (per well): 50 ul of buffer (20 mM HEPES, 10 mM MgCl2, 1 mM EDTA, 1 mM EGTA, 100 mM N-methyl-D-gluconate, pH 7.4), 50 ul of 1.5 nM [3H]N-methylspiperone (final concentration 0.3 nM) and reference or D2 test ligand at various concentrations ranging from 50 uM to 50 uM (final concentrations ranging from 10 uM to 10 uM, triplicate determinations for each concentration of D2 test ligand). After a 1.5-hr incubation in the dark at room temperature, the reactions were harvested onto 0.3% PEI-soaked Filtermax GF/A filters (Wallac) and washed three times with ice-cold 50 mM Tris, pH 7.4 using a Perkin-Elmer Filtermate 96-well harvester. The filters were subsequently dried, placed on a hot plate (100Â° C.), and Melitilex-A (Wallac) scintillant was applied.",B,,,,2015.0,Dopamine D1 receptor,Ki,nM,6.05,448.39,4.86
CHEMBL2165119,1040.0,O=C1CCc2ccc(OCCCCN3CCCN(c4cccc(Cl)c4Cl)CC3)nc2N1,BindingDB Patent Bioactivity Data,"Radioligand Binding Assay: Membranes prepared as above were resuspended to 1 ug protein/ul (measured by Bradford assay using BSA as standard), and 50 ul were added to each well of a polypropylene 96-well plate containing (per well): 50 ul of buffer (20 mM HEPES, 10 mM MgCl2, 1 mM EDTA, 1 mM EGTA, 100 mM N-methyl-D-gluconate, pH 7.4), 50 ul of 1.5 nM [3H]N-methylspiperone (final concentration 0.3 nM) and reference or D2 test ligand at various concentrations ranging from 50 uM to 50 uM (final concentrations ranging from 10 uM to 10 uM, triplicate determinations for each concentration of D2 test ligand). After a 1.5-hr incubation in the dark at room temperature, the reactions were harvested onto 0.3% PEI-soaked Filtermax GF/A filters (Wallac) and washed three times with ice-cold 50 mM Tris, pH 7.4 using a Perkin-Elmer Filtermate 96-well harvester. The filters were subsequently dried, placed on a hot plate (100Â° C.), and Melitilex-A (Wallac) scintillant was applied.",B,,,,2015.0,Dopamine D1 receptor,Ki,nM,5.98,463.41,4.64
CHEMBL1289,282.0,Clc1cc(Cl)c(OCC#CI)cc1Cl,DrugMatrix,DRUGMATRIX: Dopamine D1 radioligand binding (ligand: [3H] SCH-23390),B,,,,,Dopamine D1 receptor,Ki,nM,6.55,361.39,4.42
CHEMBL2057455,2.5,COc1cc2c(c(OC)c1)CN1CCc3cc(OC)c(O)cc3[C@@H]1C2,Scientific Literature,Displacement of [3H]SCH23390 from dopamine D1 receptor (unknown origin) expressed in human HEK293 cells by liquid scintillation counter,B,Homo sapiens,,Bioorg Med Chem,2013.0,Dopamine D1 receptor,Ki,nM,8.6,341.41,3.07
CHEMBL42,540.0,CN1CCN(C2=Nc3cc(Cl)ccc3Nc3ccccc32)CC1,Scientific Literature,Binding affinity towards human Dopamine receptor D1,B,,,J Med Chem,2004.0,Dopamine D1 receptor,Ki,nM,6.27,326.83,3.72
CHEMBL610449,10000.0,CN1CCCc2cc3c(cc2-c2ccccc2CC1)OCO3,Scientific Literature,Displacement of [3H]SCH23390 from human dopamine D1 receptor expressed in CHO cells by scintillation counting,B,Homo sapiens,,Bioorg Med Chem,2009.0,Dopamine D1 receptor,Ki,nM,,295.38,3.5
CHEMBL5290749,10000.0,Cc1c(Cl)cccc1NC(=O)CN1CCC2(CCCN2Cc2ccc(F)c(F)c2)CC1,Scientific Literature,Displacement of [3H]SCH23390 from D1 receptor in HEK293 cell membrane assessed as inhibition constant,B,Homo sapiens,,Eur J Med Chem,2022.0,Dopamine D1 receptor,Ki,nM,,447.96,5.0
CHEMBL210567,490.0,COc1ccccc1N1CCN(CCCCNC(=O)c2cc3ccc2CCc2ccc(cc2)CC3)CC1,Scientific Literature,Displacement of [3H]SCH 23390 from D1 receptor of porcine striatal membrane,B,Homo sapiens,,J Med Chem,2006.0,Dopamine D1 receptor,Ki,nM,6.31,497.68,4.91
CHEMBL5420515,820.0,CCCCCCOc1c(O)ccc2c1CN1CCc3cc(OCCC)c(O)cc3[C@@H]1C2,Scientific Literature,Displacement of [3H]SCH-23390 from human dopamine D1 receptor assessed as inhibition constant,B,Homo sapiens,,J Med Chem,2023.0,Dopamine D1 receptor,Ki,nM,6.09,425.57,5.5
CHEMBL5412881,108.0,CCCCCCOc1cc2c(cc1O)[C@@H]1Cc3c(Br)cc(O)c(OCCCC)c3CN1CC2,Scientific Literature,Displacement of [3H]SCH-23390 from human dopamine D1 receptor assessed as inhibition constant,B,Homo sapiens,,J Med Chem,2023.0,Dopamine D1 receptor,Ki,nM,6.97,518.49,6.65
CHEMBL542700,1.1,Cl.Oc1cc2c(cc1O)C(c1ccccc1)CNCC2,Scientific Literature,The compound was evaluated for the dissociation constant for inhibiting the binding of [3H]-SCH- 23390 at Dopamine receptor D1,B,Canis lupus familiaris,,J Med Chem,1991.0,Dopamine D1 receptor,Ki,nM,8.96,291.78,2.38
CHEMBL553503,7.0,Br.Oc1cc2c(c(Cl)c1O)CCNCC2c1ccccc1,Scientific Literature,The compound was evaluated for the dissociation constant for inhibiting the binding of [3H]-SCH- 23390 at dopamine receptor D1,B,Canis lupus familiaris,,J Med Chem,1991.0,Dopamine D1 receptor,Ki,nM,8.15,370.67,3.03
CHEMBL4535474,1258.93,CNCc1ccccc1-c1csc([C@@H](C)Nc2nc(C)nc3cc(OC)c(OC)cc23)c1,SGC Frankfurt - Donated Chemical Probes,GPCRScan assay: inhibition of D1,B,Homo sapiens,,,2021.0,Dopamine D1 receptor,Ki,nM,5.9,448.59,5.58
CHEMBL2028019,3414.0,CN(C)C(=O)N[C@H]1CC[C@H](CCN2CCN(c3cccc(Cl)c3Cl)CC2)CC1,Scientific Literature,Displacement of [3H]-SCH23390 from D1 receptor (unknown origin) expressed in HEK293T cell membranes measured after 2 hrs by microbeta scintillation counting method,B,Homo sapiens,,J Med Chem,2021.0,Dopamine D1 receptor,Ki,nM,5.47,427.42,4.34
CHEMBL24077,5.1,Oc1cc2c(cc1O)[C@@H](c1ccccc1)CNCC2,Scientific Literature,Binding affinity against Dopamine receptor D1 in rat radioligand,B,,,J Med Chem,1990.0,Dopamine D1 receptor,Ki,nM,8.29,255.32,2.38
CHEMBL542700,25.0,Cl.Oc1cc2c(cc1O)C(c1ccccc1)CNCC2,Scientific Literature,The compound was evaluated for the dissociation constant for inhibiting the binding of [3H]-SCH- 23390 at Dopamine receptor D1,B,Canis lupus familiaris,,J Med Chem,1991.0,Dopamine D1 receptor,Ki,nM,7.6,291.78,2.38
CHEMBL59,130.0,NCCc1ccc(O)c(O)c1,Scientific Literature,Binding affinity against cloned human Dopamine receptor D1 using [125I]-SCH 23982 as radioligand transfected in HEK cells,B,,,J Med Chem,1995.0,Dopamine D1 receptor,Ki,nM,6.89,153.18,0.6
CHEMBL544115,5.5,Br.C=CCN1CCc2c(cc(O)c(O)c2Cl)C(c2ccccc2)C1,Scientific Literature,The compound was evaluated for the dissociation constant for inhibiting the binding of [3H]-SCH- 23390 at Dopamine receptor D1,B,Canis lupus familiaris,,J Med Chem,1991.0,Dopamine D1 receptor,Ki,nM,8.26,410.74,3.93
CHEMBL715,47.0,Cc1cc2c(s1)Nc1ccccc1N=C2N1CCN(C)CC1,Scientific Literature,Binding affinity to human dopamine D1 receptor,B,Homo sapiens,,Bioorg Med Chem Lett,2020.0,Dopamine D1 receptor,Ki,nM,7.33,312.44,3.44
CHEMBL2334885,199.0,COc1cc2c(cc1O)CCN1Cc3c(ccc(OC)c3OC)C[C@@H]21,Scientific Literature,Displacement of [3H]SCH23390 from human dopamine D1 receptor after 1 hr,B,Homo sapiens,,Bioorg Med Chem Lett,2017.0,Dopamine D1 receptor,Ki,nM,6.7,341.41,3.07
CHEMBL353335,15.0,Oc1cc2c(c(Cl)c1O)CCNCC2c1ccccc1,Scientific Literature,Displacement of [3H]-SCH23390 from wild type human D1R expressed in HEK293 cell membranes incubated for 90 mins by scintillation counting based competition radioligand binding assay,B,Homo sapiens,,ACS Med Chem Lett,2019.0,Dopamine D1 receptor,Ki,nM,7.82,289.76,3.03
CHEMBL62,0.15,CN1CCc2cc(Cl)c(O)cc2[C@@H](c2ccccc2)C1,Scientific Literature,Ability to inhibit [3H]-SCH- 23390 binding to Dopamine receptor D1 of canine striatal membranes,B,Canis lupus familiaris,,J Med Chem,1990.0,Dopamine D1 receptor,Ki,nM,9.82,287.79,3.67
CHEMBL3137331,10000.0,CNC(=O)c1ccc(Nc2ncc(C(F)(F)F)c(NCc3nccnc3N(C)S(C)(=O)=O)n2)cc1,SGC Frankfurt - Donated Chemical Probes,GPCRScan assay: inhibition of D1,B,Homo sapiens,,,2021.0,Dopamine D1 receptor,Ki,nM,5.0,510.5,2.4
CHEMBL3480577,3162.28,Cc1ccc2nc(CNCCCOc3ccccc3)cc(O)c2c1,SGC Frankfurt - Donated Chemical Probes,GPCRScan assay: inhibition of D1,B,Homo sapiens,,,2021.0,Dopamine D1 receptor,Ki,nM,5.5,322.41,3.81
CHEMBL85,21.0,Cc1nc2n(c(=O)c1CCN1CCC(c3noc4cc(F)ccc34)CC1)CCCC2,Scientific Literature,Binding affinity against dopamine receptor D1,B,,,J Med Chem,2001.0,Dopamine D1 receptor,Ki,nM,7.68,410.49,3.59
CHEMBL1200633,2257.4,CC[C@H](C)[C@H]1O[C@]2(CC[C@@H]1C)C[C@@H]1C[C@@H](C/C=C(\C)[C@@H](O[C@H]3C[C@H](OC)[C@@H](O[C@H]4C[C@H](OC)[C@@H](O)[C@H](C)O4)[C@H](C)O3)[C@@H](C)/C=C/C=C3\CO[C@@H]4[C@H](O)C(C)=C[C@@H](C(=O)O1)[C@]34O)O2.CO[C@H]1C[C@H](O[C@H]2[C@H](C)O[C@@H](O[C@@H]3/C(C)=C/C[C@@H]4C[C@@H](C[C@]5(CC[C@H](C)[C@@H](C(C)C)O5)O4)OC(=O)[C@@H]4C=C(C)[C@@H](O)[C@H]5OC/C(=C\C=C\[C@@H]3C)[C@]54O)C[C@@H]2OC)O[C@@H](C)[C@@H]1O,DrugMatrix,DRUGMATRIX: Dopamine D1 radioligand binding (ligand: [3H] SCH-23390),B,,,,,Dopamine D1 receptor,Ki,nM,5.65,1736.18,
CHEMBL62,0.7,CN1CCc2cc(Cl)c(O)cc2[C@@H](c2ccccc2)C1,Scientific Literature,Displacement of [3H]SCH23390 from human recombinant dopamine D1 receptor expressed in CHO cells after 2 hrs,B,Homo sapiens,,Bioorg Med Chem Lett,2013.0,Dopamine D1 receptor,Ki,nM,9.15,287.79,3.67
CHEMBL382850,16.4,CCN1CCc2ccccc2Cc2[nH]c3ccccc3c2CC1,Scientific Literature,Inhibition of binding to human D1 receptor expressed in HEK 293 cells by radioligand binding assay,B,Homo sapiens,,J Med Chem,2006.0,Dopamine D1 receptor,Ki,nM,7.79,304.44,4.18
CHEMBL53,650.0,CN1CCc2cccc3c2[C@H]1Cc1ccc(O)c(O)c1-3,Scientific Literature,Binding affinity to dopamine D1 receptor low binding site by radioligand displacement assay,B,,,ACS Med Chem Lett,2011.0,Dopamine D1 receptor,Ki,nM,6.19,267.33,2.85
CHEMBL3913343,3.7,COc1cc2c(cc1O)[C@@H]1Cc3c(OC)ccc(OC)c3CN1CC2,BindingDB Patent Bioactivity Data,"Reception Binding Assay: Different concentrations (10^â5 M-10^â11 M) of the compound of the invention and corresponding isotope receptor ligand as well as receptor protein were loaded into the reaction tube and incubated in 30Â° C. water bath for 60 minutes. The reaction was terminated in a refrigerator. The reaction mixture was put in a Millipore filter (millipore) cell sample collector, filtered through suction filtration using GF/C glass fiber filter paper, and dried. The resulting sample was placed into 0.5 mL tube. 500 Î¼L liquid scintillation fluid was added and intensity of radioactivity was determined by counting. For dopamine D1 receptor: isotope receptor ligands [3H] SCH23390 (85.0 Ci/mmol) (D1-selective, purchased from Amersham Corporation), D1 receptor protein expressed in HEK-293 cells; For D2 dopamine receptor: isotope receptor ligands [3H] Spiperone (77.0 Ci/mmol) (D2-selective, purchased from Amersham Corporation); D2 receptor protein expressed in HEK-293 cells; For 5-HT1A receptor: isotope receptor ligands [3H] 8-OH-DPAT; 5-HT1A receptor protein expressed in HEK-293 cells; For 5-HT2A receptor: isotope receptor ligands [3H]-Ketanserin; 5-HT2A receptor protein expressed in HEK-293 cells.",B,,,,2016.0,Dopamine D1 receptor,Ki,nM,8.43,341.41,3.07
CHEMBL2057438,182.41,COc1cc(OC)c2c(c1CO)C[C@H]1c3cc4c(cc3CCN1C2)OCO4,BindingDB Patent Bioactivity Data,"Reception Binding Assay: Different concentrations (10^â5 M-10^â11 M) of the compound of the invention and corresponding isotope receptor ligand as well as receptor protein were loaded into the reaction tube and incubated in 30Â° C. water bath for 60 minutes. The reaction was terminated in a refrigerator. The reaction mixture was put in a Millipore filter (millipore) cell sample collector, filtered through suction filtration using GF/C glass fiber filter paper, and dried. The resulting sample was placed into 0.5 mL tube. 500 Î¼L liquid scintillation fluid was added and intensity of radioactivity was determined by counting. For dopamine D1 receptor: isotope receptor ligands [3H] SCH23390 (85.0 Ci/mmol) (D1-selective, purchased from Amersham Corporation), D1 receptor protein expressed in HEK-293 cells; For D2 dopamine receptor: isotope receptor ligands [3H] Spiperone (77.0 Ci/mmol) (D2-selective, purchased from Amersham Corporation); D2 receptor protein expressed in HEK-293 cells; For 5-HT1A receptor: isotope receptor ligands [3H] 8-OH-DPAT; 5-HT1A receptor protein expressed in HEK-293 cells; For 5-HT2A receptor: isotope receptor ligands [3H]-Ketanserin; 5-HT2A receptor protein expressed in HEK-293 cells.",B,,,,2016.0,Dopamine D1 receptor,Ki,nM,6.74,369.42,2.58
CHEMBL34095,3.0,C=CCN1CCc2c(cc(O)c(O)c2Br)[C@@H](c2ccccc2)C1,Scientific Literature,Affinity towards Dopamine receptor D1,B,Cercopithecidae,,J Med Chem,1998.0,Dopamine D1 receptor,Ki,nM,8.52,374.28,4.04
CHEMBL5288366,10000.0,Cc1c(Cl)cccc1NC(=O)CN1CCC2(CCCN2Cc2ccc(F)c(F)c2)C1,Scientific Literature,Displacement of [3H]SCH23390 from D1 receptor in HEK293 cell membrane assessed as inhibition constant,B,Homo sapiens,,Eur J Med Chem,2022.0,Dopamine D1 receptor,Ki,nM,,433.93,4.61
CHEMBL4552554,10000.0,O=C(c1ccc(F)cc1)N1CC(COc2ccc(Br)cc2)(C(=O)O)C1,SGC Frankfurt - Donated Chemical Probes,GPCRScan assay: inhibition of D1,B,Homo sapiens,,,2021.0,Dopamine D1 receptor,Ki,nM,5.0,408.22,3.19
CHEMBL11608,390000.0,NCCc1ccc(O)cc1,Scientific Literature,Affinity towards Dopamine receptor D1,B,Cercopithecidae,,J Med Chem,1998.0,Dopamine D1 receptor,Ki,nM,,137.18,0.89
CHEMBL54,82.0,O=C(CCCN1CCC(O)(c2ccc(Cl)cc2)CC1)c1ccc(F)cc1,Scientific Literature,Binding affinity for human recombinant dopamine receptor D1,B,Homo sapiens,,J Med Chem,2004.0,Dopamine D1 receptor,Ki,nM,7.09,375.87,4.43
CHEMBL54,49.0,O=C(CCCN1CCC(O)(c2ccc(Cl)cc2)CC1)c1ccc(F)cc1,Scientific Literature,Compound was tested for the binding affinity against human cloned Dopamine receptor D1 by radioligand ([3H]SCH-23390) binding assay,B,,,J Med Chem,1996.0,Dopamine D1 receptor,Ki,nM,7.31,375.87,4.43
CHEMBL4580220,634.31,CCc1ccccc1C(=O)Nc1n[nH]c2c(C)c(F)c(C3C(C#N)=C(C)N(C)C(C)=C3C#N)cc12,SGC Frankfurt - Donated Chemical Probes,GPCRScan assay: inhibition of D1,B,Homo sapiens,,,2021.0,Dopamine D1 receptor,Ki,nM,6.2,468.54,5.45
CHEMBL21731,402.0,CNCCCC12CCC(c3ccccc31)c1ccccc12,Scientific Literature,Displacement of [3H]SCH23390 from human dopamine D1 receptor expressed in HEK cells,B,Homo sapiens,,Bioorg Med Chem Lett,2009.0,Dopamine D1 receptor,Ki,nM,6.4,277.41,4.21
CHEMBL611207,317.0,CN1CCCC[C@@H]1CCN1c2ccccc2Sc2ccc([S+](C)[O-])cc21,Scientific Literature,Binding affinity towards human D1 dopamine receptor was determined by using [3H]-SCH- 23390 as radioligand,B,Homo sapiens,,Bioorg Med Chem Lett,2004.0,Dopamine D1 receptor,Ki,nM,6.5,386.59,4.9
CHEMBL2028019,3388.44,CN(C)C(=O)N[C@H]1CC[C@H](CCN2CCN(c3cccc(Cl)c3Cl)CC2)CC1,Scientific Literature,Displacement of [3H]-SCH23390 from D1 receptor (unknown origin) expressed in HEK293T cell membranes measured after 2 hrs by microbeta scintillation counting method,B,Homo sapiens,,J Med Chem,2021.0,Dopamine D1 receptor,Ki,nM,5.47,427.42,4.34
CHEMBL5425252,480.0,COc1ccccc1N1CCN(CCCNC(=O)NCc2ccccc2-c2ccccc2)CC1,Scientific Literature,Displacement of [3H]SCH23390 from human dopamine D1 receptor expressed in HEK293T cells assessed as inhibition constant by competition binding assay,B,Homo sapiens,,J Med Chem,2023.0,Dopamine D1 receptor,Ki,nM,6.32,458.61,4.37
CHEMBL4063145,4800.0,O=C1COc2c(N3CCN(CCCCOc4ccn5ncc(/C=N/O)c5c4)CC3)ccc(O)c2N1,Scientific Literature,Displacement of [3H]SCH23390 from human D1R expressed in HEK293T cell membranes,B,Homo sapiens,,Bioorg Med Chem,2017.0,Dopamine D1 receptor,Ki,nM,5.32,480.53,2.16
CHEMBL4564312,10000.0,O=C(NCc1ncc(C(F)(F)F)cc1Cl)c1ccc2c(c1)C1(CCS(=O)(=O)CC1)[C@@H](C1CC1)N2S(=O)(=O)c1ccc(F)cc1,SGC Frankfurt - Donated Chemical Probes,GPCRScan assay: inhibition of D1,B,Homo sapiens,,,2021.0,Dopamine D1 receptor,Ki,nM,5.0,672.12,5.26
CHEMBL531,2020.0,CCCN1C[C@H](CSC)C[C@@H]2c3cccc4[nH]cc(c34)C[C@H]21,Scientific Literature,Affinity towards Dopamine receptor D1,B,Cercopithecidae,,J Med Chem,1998.0,Dopamine D1 receptor,Ki,nM,5.7,314.5,4.27
CHEMBL1113,196.0,Clc1ccc2c(c1)C(N1CCNCC1)=Nc1ccccc1O2,DrugMatrix,DRUGMATRIX: Dopamine D1 radioligand binding (ligand: [3H] SCH-23390),B,,,,,Dopamine D1 receptor,Ki,nM,6.71,313.79,3.43
CHEMBL5269586,10000.0,Fc1ccc(CN2CCCC23CCN(Cc2cn4ccccc4n2)C3)cc1F,Scientific Literature,Displacement of [3H]SCH23390 from D1 receptor in HEK293 cell membrane assessed as inhibition constant,B,Homo sapiens,,Eur J Med Chem,2022.0,Dopamine D1 receptor,Ki,nM,,382.46,3.85
CHEMBL5184607,10000.0,COc1ccc(CN2CCC[C@@H](OCc3ccc(F)c(C)c3)C2)cc1F,Scientific Literature,Displacement of [3H]SCH23390 from D1 receptor in HEK293 cell membrane assessed as inhibition constant,B,Homo sapiens,,Eur J Med Chem,2022.0,Dopamine D1 receptor,Ki,nM,,361.43,4.46
CHEMBL42,44.0,CN1CCN(C2=Nc3cc(Cl)ccc3Nc3ccccc32)CC1,Scientific Literature,Binding affinity to human dopamine D1 receptor,B,Homo sapiens,,Bioorg Med Chem Lett,2020.0,Dopamine D1 receptor,Ki,nM,7.36,326.83,3.72
CHEMBL3039528,0.13,CN1CCN([C@@H]2C[C@@H](c3ccccc3)c3ccc(Cl)cc32)CC1(C)C,Scientific Literature,Binding affinity to human dopamine D1 receptor,B,Homo sapiens,,Bioorg Med Chem Lett,2020.0,Dopamine D1 receptor,Ki,nM,9.89,354.93,4.94
CHEMBL30713,10000.0,CC(N)Cc1c[nH]c2ccccc12,Scientific Literature,Displacement of [3H]SCH233930 from human recombinant dopamine D1 receptor expressed in HEK293 cells after 1 to 1.5 hrs by scintillation counting analysis,B,Homo sapiens,,Bioorg Med Chem Lett,2013.0,Dopamine D1 receptor,Ki,nM,,174.25,2.06
CHEMBL4282096,2242.0,Cn1nccc1-c1ccc(Oc2nccc3occc23)cc1,Scientific Literature,Displacement of [3H]-SCH23390 from human dopamine D1 receptor expressed in LTK cell membranes after 30 mins by liquid scintillation counting,B,Homo sapiens,,J Med Chem,2018.0,Dopamine D1 receptor,Ki,nM,5.65,291.31,4.02
CHEMBL63321,192.0,CN1CCc2cc(Cl)c(O)cc2[C@H](c2ccccc2)C1,Scientific Literature,Compound was tested for the displacement of [3H]-SCH- 23390 from dopamine receptor D1,B,,,J Med Chem,1992.0,Dopamine D1 receptor,Ki,nM,6.72,287.79,3.67
CHEMBL3917753,6.72,COc1ccc(OC)c2c1C[C@H]1c3cc(O)c(O)cc3CCN1C2,BindingDB Patent Bioactivity Data,"Radioligand Binding Assay: The affinity of compounds to D1 and D2 dopamine receptors were determined by competition binding assays. Membrane homogenates of HEK293T cells were stably transfected with D1, or D2 receptors. Duplicated tubes were incubated at 30Â° C. for 50 mins (for D1, and D2) with increasing concentrations of respective compound and with [3H]SCH23390 (for D1 dopamine receptors), or [3H]Spiperone (for dopamine D2 receptor) in a final volume of 200 Î¼L binding buffer containing 50 mM Tris, 4 mM MgCl2, pH 7.4. Nonspecific binding was determined by parallel incubations with either 10 Î¼M SCH23390 for D1, or Spiperone for D2 receptors respectively. The reaction was started by addition of membranes (15 ng/tube) and stopped by rapid filtration through Whatman GF/B glassfiber filter and subsequently washed with cold buffer (50 mM Tris, 5 mM EDTA, pH 7.4) using a Brandel 24-well cell harvester. Scintillation cocktail was added and the radioactivity was determined in a MicroBeta liquid scintillation counter.",B,,,,2016.0,Dopamine D1 receptor,Ki,nM,8.17,327.38,2.77
CHEMBL715,119.0,Cc1cc2c(s1)Nc1ccccc1N=C2N1CCN(C)CC1,Scientific Literature,In vitro binding affinity of compound against dopamine neuronal Dopamine receptor D1,B,,,Bioorg Med Chem Lett,1997.0,Dopamine D1 receptor,Ki,nM,6.92,312.44,3.44
CHEMBL85,240.0,Cc1nc2n(c(=O)c1CCN1CCC(c3noc4cc(F)ccc34)CC1)CCCC2,DrugMatrix,DRUGMATRIX: Dopamine D1 radioligand binding (ligand: [3H] SCH-23390),B,,,,,Dopamine D1 receptor,Ki,nM,6.62,410.49,3.59
CHEMBL65397,141.25,Oc1cc2c(cc1Cl)CCN[C@H]2c1ccccc1,Scientific Literature,Binding potency of compound for Dopamine receptor D1 by displacing [3H]SCH-23390 radioligand,B,,,J Med Chem,1989.0,Dopamine D1 receptor,Ki,nM,6.85,259.74,3.28
CHEMBL42,7.5,CN1CCN(C2=Nc3cc(Cl)ccc3Nc3ccccc32)CC1,Scientific Literature,Binding affinity to dopamine D1 receptor (unknown origin),B,Homo sapiens,,Med Chem Res,2013.0,Dopamine D1 receptor,Ki,nM,8.12,326.83,3.72
CHEMBL3480577,3415.0,Cc1ccc2nc(CNCCCOc3ccccc3)cc(O)c2c1,SGC Frankfurt - Donated Chemical Probes,GPCRScan assay: inhibition of D1,B,Homo sapiens,,,2021.0,Dopamine D1 receptor,Ki,nM,5.47,322.41,3.81
CHEMBL4857492,1100.0,O=C(O)c1ccc(C#Cc2ccc3c(c2)C=C([N+](=O)[O-])C(C(F)(F)F)O3)cc1,Scientific Literature,Inhibition of dopamine D1 receptor (unknown origin),B,Homo sapiens,,Bioorg Med Chem Lett,2021.0,Dopamine D1 receptor,Ki,nM,5.96,389.29,3.73
CHEMBL3697578,6.91,Cc1cc(Oc2ncccc2OC(F)F)ccc1-c1c(C)c(=O)[nH]c(=O)n1C,BindingDB Patent Bioactivity Data,"Competition Binding Assay: The affinity of the compounds described herein was determined by competition binding assays similar to those described in Ryman-Rasmussen et al., Differential activation of adenylate cyclase and receptor internalization by novel dopamine D1 receptor agonists, Molecular Pharmacology 68(4):1039-1048 (2005). This radioligand binding assay used [3H]-SCH23390, a radiolabeled D1 ligand, to evaluate the ability of a test compound to compete with the radioligand when binding to a D1 receptor.D1 binding assays were performed using over-expressing LTK human cell lines. To determine basic assay parameters, ligand concentrations were determined from saturation binding studies where the Kd for [3H]-SCH23390 was found to be 1.3 nM. From tissue concentration curve studies, the optimal amount of tissue was determined to be 1.75 mg/mL per 96 well plate using 0.5 nM of [3H]-SCH23390. These ligand and tissue concentrations were used in time course studies to determine linearity and equilibrium.",B,,,,2015.0,Dopamine D1 receptor,Ki,nM,8.16,389.36,3.15
CHEMBL2180640,10000.0,CCCCN(CCc1ccccc1)CCc1cccc(O)c1,Scientific Literature,Displacement of [3H]SCH-23390 from human dopamine D1 receptor expressed in LHD1 cells,B,Homo sapiens,,J Med Chem,2012.0,Dopamine D1 receptor,Ki,nM,,297.44,4.28
CHEMBL4802048,9549.93,CC[C@H](Nc1c(C#N)c(-c2ccc(-c3cccc(C)c3F)cc2)nc2cnccc12)C(=O)O,SGC Frankfurt - Donated Chemical Probes,GPCRScan assay: inhibition of D1,B,Homo sapiens,,,2021.0,Dopamine D1 receptor,Ki,nM,5.02,440.48,5.56
CHEMBL490533,66.0,COc1ccc2c(c1OC)CN1CCc3cc4c(cc3[C@@H]1C2)OCO4,Scientific Literature,Displacement of [3H]SCH23390 from dopamine D1 receptor (unknown origin) expressed in human HEK293 cells by liquid scintillation counter,B,Homo sapiens,,Bioorg Med Chem,2013.0,Dopamine D1 receptor,Ki,nM,7.18,339.39,3.09
CHEMBL5204764,10000.0,Cc1c(Cl)cccc1NC(=O)CN1CCC(OCc2ccc(F)c(F)c2)CC1,Scientific Literature,Displacement of [3H]SCH23390 from D1 receptor in HEK293 cell membrane assessed as inhibition constant,B,Homo sapiens,,Eur J Med Chem,2022.0,Dopamine D1 receptor,Ki,nM,,408.88,4.55
CHEMBL4576555,1497.0,CN1CCN(C(=O)C(C)(C)c2ccc(C(=O)Nc3cn4cc(-c5cc(C(C)(C)C)cc(C(C)(C)C)c5)ccc4n3)cc2)CC1,EUbOPEN Chemogenomic Library Literature Data,Selectivity interaction (GPCR panel (PDSP screen)) EUB0000705a DRD1,B,Homo sapiens,,,2023.0,Dopamine D1 receptor,Ki,nM,5.83,593.82,6.9
CHEMBL4564312,10000.0,O=C(NCc1ncc(C(F)(F)F)cc1Cl)c1ccc2c(c1)C1(CCS(=O)(=O)CC1)[C@@H](C1CC1)N2S(=O)(=O)c1ccc(F)cc1,SGC Frankfurt - Donated Chemical Probes,GPCRScan assay: inhibition of D1,B,Homo sapiens,,,2021.0,Dopamine D1 receptor,Ki,nM,5.0,672.12,5.26
CHEMBL1423,588.0,O=c1[nH]c2ccccc2n1C1CCN(CCCC(c2ccc(F)cc2)c2ccc(F)cc2)CC1,Scientific Literature,Binding affinity to dopamine D1 receptor (unknown origin) assessed as inhibition constant,B,Homo sapiens,,Eur J Med Chem,2022.0,Dopamine D1 receptor,Ki,nM,6.23,461.56,5.86
CHEMBL47050,147.0,OC1(c2ccc(Cl)c(C(F)(F)F)c2)CCN(CCCC(c2ccc(F)cc2)c2ccc(F)cc2)CC1,Scientific Literature,Displacement of [3H]SCH23390 from human dopamine D1 receptor expressed in HEK293T cells by radioligand binding assay,B,Homo sapiens,,Bioorg Med Chem Lett,2018.0,Dopamine D1 receptor,Ki,nM,6.83,523.97,7.53
CHEMBL310843,5500.0,Clc1ccc(N2CCN(Cc3cc4ccccn4n3)CC2)cc1,Scientific Literature,Inhibition of human dopamine D1 receptor,B,Homo sapiens,,J Med Chem,2017.0,Dopamine D1 receptor,Ki,nM,5.26,326.83,3.31
CHEMBL119443,2950.0,C[C@@H](CO)NC(=O)[C@@H]1C=C2c3cccc4[nH]cc(c34)C[C@H]2N(C)C1,DrugMatrix,DRUGMATRIX: Dopamine D1 radioligand binding (ligand: [3H] SCH-23390),B,,,,,Dopamine D1 receptor,Ki,nM,5.53,325.41,1.53
CHEMBL1112,1148.15,O=C1CCc2ccc(OCCCCN3CCN(c4cccc(Cl)c4Cl)CC3)cc2N1,Scientific Literature,Displacement of [3H]-SCH23390 from D1 receptor (unknown origin) expressed in HEK293T cell membranes measured after 2 hrs by microbeta scintillation counting method,B,Homo sapiens,,J Med Chem,2021.0,Dopamine D1 receptor,Ki,nM,5.94,448.39,4.86
CHEMBL2334882,7.5,COc1c(O)ccc2c1CN1CCc3cc4c(cc3[C@@H]1C2)OCC4,Scientific Literature,Displacement of [3H]SCH23390 from dopamine D1 receptor (unknown origin) expressed in human HEK293 cells by liquid scintillation counter,B,Homo sapiens,,Bioorg Med Chem,2013.0,Dopamine D1 receptor,Ki,nM,8.12,323.39,2.99
CHEMBL53,372.0,CN1CCc2cccc3c2[C@H]1Cc1ccc(O)c(O)c1-3,Scientific Literature,Displacement of [3H]SCH23390 from human D1 receptor expressed in L cells incubated for 60 mins by radio ligand binding assay,B,Homo sapiens,,Bioorg Med Chem Lett,2020.0,Dopamine D1 receptor,Ki,nM,6.43,267.33,2.85
CHEMBL1385840,147.0,CC(C)[C@H]1C(=O)N2CCC[C@H]2[C@]2(O)O[C@](NC(=O)[C@@H]3C=C4c5cccc6[nH]cc(c56)C[C@H]4N(C)C3)(C(C)C)C(=O)N12,DrugMatrix,DRUGMATRIX: Dopamine D1 radioligand binding (ligand: [3H] SCH-23390),B,,,,,Dopamine D1 receptor,Ki,nM,6.83,561.68,2.04
CHEMBL4535474,1266.19,CNCc1ccccc1-c1csc([C@@H](C)Nc2nc(C)nc3cc(OC)c(OC)cc23)c1,SGC Frankfurt - Donated Chemical Probes,GPCRScan assay: inhibition of D1,B,Homo sapiens,,,2021.0,Dopamine D1 receptor,Ki,nM,5.9,448.59,5.58
CHEMBL1112,310.0,O=C1CCc2ccc(OCCCCN3CCN(c4cccc(Cl)c4Cl)CC3)cc2N1,Scientific Literature,Displacement of [3H]SCH23390 from human Dopamine D1 receptor expressed in HEK293T cell membranes after 2 hrs by scintillation counting analysis,B,Homo sapiens,,J Med Chem,2017.0,Dopamine D1 receptor,Ki,nM,6.51,448.39,4.86
CHEMBL4277264,8.9,Cc1cc(Oc2nccc3occc23)ccc1-c1c(C)ncc2nccn12,Scientific Literature,Displacement of [3H]-SCH23390 from human dopamine D1 receptor expressed in LTK cell membranes after 30 mins by liquid scintillation counting,B,Homo sapiens,,J Med Chem,2018.0,Dopamine D1 receptor,Ki,nM,8.05,356.39,4.95
CHEMBL3697578,18.6,Cc1cc(Oc2ncccc2OC(F)F)ccc1-c1c(C)c(=O)[nH]c(=O)n1C,BindingDB Patent Bioactivity Data,"Competition Binding Assay: The affinity of the compounds described herein was determined by competition binding assays similar to those described in Ryman-Rasmussen et al., Differential activation of adenylate cyclase and receptor internalization by novel dopamine D1 receptor agonists, Molecular Pharmacology 68(4):1039-1048 (2005). This radioligand binding assay used [3H]-SCH23390, a radiolabeled D1 ligand, to evaluate the ability of a test compound to compete with the radioligand when binding to a D1 receptor.D1 binding assays were performed using over-expressing LTK human cell lines. To determine basic assay parameters, ligand concentrations were determined from saturation binding studies where the Kd for [3H]-SCH23390 was found to be 1.3 nM. From tissue concentration curve studies, the optimal amount of tissue was determined to be 1.75 mg/mL per 96 well plate using 0.5 nM of [3H]-SCH23390. These ligand and tissue concentrations were used in time course studies to determine linearity and equilibrium.",B,,,,2015.0,Dopamine D1 receptor,Ki,nM,7.73,389.36,3.15
CHEMBL127257,8000.0,Cc1ccc(N2CCN(Cc3nc4ccccc4[nH]3)CC2)cc1C,Scientific Literature,Inhibition of human dopamine D1 receptor,B,Homo sapiens,,J Med Chem,2017.0,Dopamine D1 receptor,Ki,nM,,320.44,3.5
CHEMBL2391541,10000.0,C=CCN(CC=C)CCc1c[nH]c2ccc(OC)cc12,Scientific Literature,Displacement of [3H]SCH233930 from human recombinant dopamine D1 receptor expressed in HEK293 cells after 1 to 1.5 hrs by scintillation counting analysis,B,Homo sapiens,,Bioorg Med Chem Lett,2013.0,Dopamine D1 receptor,Ki,nM,,270.38,3.39
CHEMBL5182602,10000.0,FC(F)(F)c1cccc(COC2CCN(Cc3ccc4[nH]cnc4c3)CC2)c1,Scientific Literature,Displacement of [3H]SCH23390 from D1 receptor in HEK293 cell membrane assessed as inhibition constant,B,Homo sapiens,,Eur J Med Chem,2022.0,Dopamine D1 receptor,Ki,nM,,389.42,4.76
CHEMBL103769,1717.71,S=C(NCCCc1c[nH]cn1)NCCCN(Cc1ccc(Cl)c(Cl)c1)c1ccc(Br)cn1,EUbOPEN Chemogenomic Library,"PDSP Secondary Binding target: DRD1 - Compounds are tested at 10 uM concentration, plate are incubated at room temperature in the dark for 90 minutes. Reaction are stopped by vacuum filtration onto 0.3% polyethyleneimine soaked filter mats using Filtermate harvester. Scintillation cocktail is then melted onto microwave-dried filters on a hot plate and the radio activity is counted in Microbia counter. Compounds showing a minimum of 50% inhibition at 10 uM concentration are carried forward in this secondary binding assay to determine equilibrium binding affinity.",B,Homo sapiens,,,2024.0,Dopamine D1 receptor,Ki,nM,5.76,556.36,5.37
CHEMBL4552554,10000.0,O=C(c1ccc(F)cc1)N1CC(COc2ccc(Br)cc2)(C(=O)O)C1,SGC Frankfurt - Donated Chemical Probes,GPCRScan assay: inhibition of D1,B,Homo sapiens,,,2021.0,Dopamine D1 receptor,Ki,nM,5.0,408.22,3.19
CHEMBL3137331,10000.0,CNC(=O)c1ccc(Nc2ncc(C(F)(F)F)c(NCc3nccnc3N(C)S(C)(=O)=O)n2)cc1,EUbOPEN Chemogenomic Library Literature Data,Selectivity interaction (GPCR panel (PDSP screen)) EUB0000138c DRD1,B,Homo sapiens,,,2023.0,Dopamine D1 receptor,Ki,nM,,510.5,2.4
CHEMBL267014,10000.0,Clc1ccc(N2CCN(Cc3c[nH]c4ncccc34)CC2)cc1,Scientific Literature,Inhibition of human dopamine D1 receptor,B,Homo sapiens,,J Med Chem,2017.0,Dopamine D1 receptor,Ki,nM,,326.83,3.54
CHEMBL715,250.0,Cc1cc2c(s1)Nc1ccccc1N=C2N1CCN(C)CC1,Scientific Literature,Binding affinity towards human Dopamine receptor D1,B,,,J Med Chem,2004.0,Dopamine D1 receptor,Ki,nM,6.6,312.44,3.44
CHEMBL4469983,51.0,Cc1n[nH]c(=O)c(C)c1-c1ccc(Oc2nccc3occc23)cc1F,Scientific Literature,Displacement of [3H]-SCH23390 from wild type human D1R expressed in HEK293 cell membranes incubated for 90 mins by scintillation counting based competition radioligand binding assay,B,Homo sapiens,,ACS Med Chem Lett,2019.0,Dopamine D1 receptor,Ki,nM,7.29,351.34,4.13
CHEMBL4802048,9479.82,CC[C@H](Nc1c(C#N)c(-c2ccc(-c3cccc(C)c3F)cc2)nc2cnccc12)C(=O)O,SGC Frankfurt - Donated Chemical Probes,GPCRScan assay: inhibition of D1,B,Homo sapiens,,,2021.0,Dopamine D1 receptor,Ki,nM,5.02,440.48,5.56
CHEMBL487387,3.4,COc1cc2c(cc1O)[C@@H]1Cc3ccc(O)c(OC)c3CN1CC2,Scientific Literature,Displacement of [3H]SCH23390 from dopamine D1 receptor (unknown origin) expressed in human HEK293 cells by liquid scintillation counter,B,Homo sapiens,,Bioorg Med Chem,2013.0,Dopamine D1 receptor,Ki,nM,8.47,327.38,2.77
CHEMBL1112,1146.0,O=C1CCc2ccc(OCCCCN3CCN(c4cccc(Cl)c4Cl)CC3)cc2N1,Scientific Literature,Displacement of [3H]-SCH23390 from D1 receptor (unknown origin) expressed in HEK293T cell membranes measured after 2 hrs by microbeta scintillation counting method,B,Homo sapiens,,J Med Chem,2021.0,Dopamine D1 receptor,Ki,nM,5.94,448.39,4.86
CHEMBL5193761,1192.3,FC(F)(F)c1cccc(COC2CCN(Cc3cc4ccc(Cl)cc4[nH]3)CC2)c1,Scientific Literature,Displacement of [3H]-SCH23390 from human D1 receptor expressed in HEK293 cell membrane by competitive inhibition based analysis,B,Homo sapiens,,Bioorg Med Chem Lett,2022.0,Dopamine D1 receptor,Ki,nM,5.92,422.88,6.02
CHEMBL1201087,1.4,C=CCN1C[C@H](C(=O)N(CCCN(C)C)C(=O)NCC)C[C@@H]2c3cccc4[nH]cc(c34)C[C@H]21,Scientific Literature,Binding affinity to dopamine D1 receptor (unknown origin) assessed as inhibition constant,B,Homo sapiens,,RSC Med Chem,2024.0,Dopamine D1 receptor,Ki,nM,8.85,451.62,3.19
CHEMBL4580220,630.96,CCc1ccccc1C(=O)Nc1n[nH]c2c(C)c(F)c(C3C(C#N)=C(C)N(C)C(C)=C3C#N)cc12,SGC Frankfurt - Donated Chemical Probes,GPCRScan assay: inhibition of D1,B,Homo sapiens,,,2021.0,Dopamine D1 receptor,Ki,nM,6.2,468.54,5.45
CHEMBL4520788,562.34,CNCc1ccccc1-c1csc([C@H](C)Nc2nc(C)nc3cc(OC)c(OC)cc23)c1,SGC Frankfurt - Donated Chemical Probes,GPCRScan assay: inhibition of D1,B,Homo sapiens,,,2021.0,Dopamine D1 receptor,Ki,nM,6.25,448.59,5.58
CHEMBL81330,411.0,Fc1ccc(N2CCN(CCC3OCCc4ccccc43)CC2)cc1,Scientific Literature,Inhibition of human dopamine D1 receptor,B,Homo sapiens,,J Med Chem,2017.0,Dopamine D1 receptor,Ki,nM,6.39,340.44,3.65
CHEMBL5087121,1400.0,CN(C)C(=O)COC(=O)c1cc(-c2ccc([C@H]3C[C@H]4C[C@@H]3CN4)cc2)c2ccc(-c3ccc(C(F)(F)F)cc3)cc2c1,Scientific Literature,Inhibition of dopamine D1 receptor (unknown origin) assessed as binding constant,B,Homo sapiens,,J Med Chem,2022.0,Dopamine D1 receptor,Ki,nM,5.85,572.63,6.9
