Molecule ChEMBL ID,Standard Value,Smiles,Source Description,Assay Description,Assay Type,Assay Organism,Assay Tissue Name,Document Journal,Document Year,Target Name,Standard Type,Standard Units,pChEMBL Value,Molecular Weight,AlogP
CHEMBL303824,1000.0,CN1CCCC1CCNc1c2c(nc3ccccc13)CCCCC2,Scientific Literature,Compound was tested for its binding affinity towards human H1 receptor,B,,,Bioorg Med Chem Lett,2003.0,Histamine H1 receptor,Ki,nM,6.0,323.48,4.4
CHEMBL90,15848931924611.11,NCCc1c[nH]cn1,Scientific Literature,Inhibitory activity against human Histamine H1 receptor,B,,,J Med Chem,2003.0,Histamine H1 receptor,Ki,nM,,111.15,-0.09
CHEMBL105385,354.81,CCOC(=O)N1CCN(CCCOc2ccc(-c3ccc(Cl)cc3)cc2)CC1,Scientific Literature,Binding affinity at human cortical Histamine 1 receptor,B,Homo sapiens,,Bioorg Med Chem Lett,2002.0,Histamine H1 receptor,Ki,nM,6.45,402.92,4.55
CHEMBL150161,1467.0,O=C(CCCN1CCC(O)(c2ccc(Cl)cc2)C1)c1ccc(F)cc1,Scientific Literature,Binding affinity to human cloned histamine H1 receptor,B,Homo sapiens,,Bioorg Med Chem,2008.0,Histamine H1 receptor,Ki,nM,5.83,361.84,4.04
CHEMBL92667,0.7,CN(C)CC1C[C@@H]2c3ccccc3Cc3ccccc3[C@H]2O1,Scientific Literature,Ability to displace [3H]pyrilamine from human cloned histamine H1 receptor expressed in CHO cells,B,,,Bioorg Med Chem Lett,2004.0,Histamine H1 receptor,Ki,nM,9.15,293.41,3.77
CHEMBL2037531,52.0,O=C(CCCCN1CCC(c2ccccc2)CC1)c1nc2ccccc2s1,Scientific Literature,Displacement of [3H]Pyrilamine from human H1 histamine receptor by liquid scintillation assay,B,Homo sapiens,,Eur J Med Chem,2012.0,Histamine H1 receptor,Ki,nM,7.28,378.54,5.53
CHEMBL726,40.0,OCCN1CCN(CCCN2c3ccccc3Sc3ccc(C(F)(F)F)cc32)CC1,Scientific Literature,Displacement of [3H]pyrilamine from human histamine H1 receptor expressed in CHO cells,B,Homo sapiens,,Bioorg Med Chem Lett,2009.0,Histamine H1 receptor,Ki,nM,7.4,437.53,4.31
CHEMBL92337,3.7,OCCN1CCN(CC2C[C@@H]3c4ccccc4Cc4ccccc4[C@H]3O2)CC1,Scientific Literature,Ability to displace [3H]pyrilamine from human cloned histamine H1 receptor expressed in CHO cells,B,,,Bioorg Med Chem Lett,2004.0,Histamine H1 receptor,Ki,nM,8.43,378.52,2.81
CHEMBL180233,9.55,CC(C)OC(=O)N(O)CCC#Cc1ccc(OCCCCN2CCN(C(c3ccc(F)cc3)c3ccc(F)cc3)CC2)cc1,Scientific Literature,Binding affinity for human Histamine H1 receptor in CHO K1 cells,B,Homo sapiens,,Bioorg Med Chem Lett,2005.0,Histamine H1 receptor,Ki,nM,8.02,605.73,6.51
CHEMBL323517,37000.0,O=C(N[C@H]1CCN(CCCOc2ccc(C(=O)C3CC3)cc2)C1)c1csc(-c2cccnc2)n1,Scientific Literature,Binding affinity to the human Histamine H1 receptor,B,,,Bioorg Med Chem Lett,2002.0,Histamine H1 receptor,Ki,nM,4.43,476.6,4.07
CHEMBL28997,10000.0,Fc1ccc(N2CCN(Cc3c[nH]c4ncccc34)CC2)cc1,Scientific Literature,Binding affinity to cloned Histamine H1 receptor,B,,,Bioorg Med Chem Lett,2001.0,Histamine H1 receptor,Ki,nM,,310.38,3.02
CHEMBL1093294,2.9,COc1ncccc1[C@@H](C)c1c(CCN(C)C)sc2ccccc12,Scientific Literature,Displacement of [3H]pyrilamine from human histamine H1 receptor expressed in CHO Flp-In cells after 90 mins by scintillation counting,B,Homo sapiens,,Bioorg Med Chem Lett,2010.0,Histamine H1 receptor,Ki,nM,8.54,340.49,4.56
CHEMBL360202,50.0,NC(=O)N(O)CCC#Cc1ccc(OCCCCN2CCC(=C3c4ccc(Cl)cc4CCc4cccnc43)CC2)cc1,Scientific Literature,Binding affinity towards human histamine H1 receptor expressed in CHO-K1 cells,B,Homo sapiens,,Bioorg Med Chem Lett,2004.0,Histamine H1 receptor,Ki,nM,7.3,585.15,6.1
CHEMBL255806,1258.93,Cc1ccc2c(-c3nnc(SCCCN4CCc5cc6nc(C)oc6c(Br)c5CC4)n3C)cccc2n1,Scientific Literature,Antagonist activity at histamine H1 receptor by FLIPR assay,F,,,Bioorg Med Chem Lett,2008.0,Histamine H1 receptor,Ki,nM,,577.55,6.13
CHEMBL63036,416.87,CCCCCC(=O)c1ccc(OCCCN2CCN(C(=O)c3ccccn3)CC2)cc1,Scientific Literature,Binding affinity for the human Histamine H1 Receptor,B,,,Bioorg Med Chem Lett,2002.0,Histamine H1 receptor,Ki,nM,6.38,423.56,4.07
CHEMBL556449,1.3,Fc1ccc(Cn2c(N3CCC(n4ccnc4)CC3)nc3ccccc32)cc1,Scientific Literature,Displacement of [3H]pyrilamine from human histamine H1 receptor expressed in CHO Flp-In cells by liquid scintillation assay,B,Homo sapiens,,Bioorg Med Chem Lett,2009.0,Histamine H1 receptor,Ki,nM,8.89,375.45,4.26
CHEMBL550818,3.9,CN(CC1CCOCC1)C1CCN(c2nc3ccccc3n2Cc2ccc(F)cc2)CC1,Scientific Literature,Displacement of [3H]pyrilamine from human histamine H1 receptor expressed in CHO Flp-In cells by liquid scintillation assay,B,Homo sapiens,,Bioorg Med Chem Lett,2009.0,Histamine H1 receptor,Ki,nM,8.41,436.58,4.55
CHEMBL434684,28.84,CC(C1=C(CN(C)C)Cc2ccccc21)c1ccccn1,Scientific Literature,Compound was evaluated for binding affinity towards cloned human histamine H1 receptors stably expressed in CHO-K1 cells using [3H]mepyramine,B,,,J Med Chem,2003.0,Histamine H1 receptor,Ki,nM,7.54,278.4,3.76
CHEMBL1000,31.62,O=C(O)COCCN1CCN(C(c2ccccc2)c2ccc(Cl)cc2)CC1,Scientific Literature,Displacement of [3H]mepyramine from human histamine H1 receptor S3.36T mutant expressed in COS-7 cells by liquid scintillation counting,B,Homo sapiens,,Nat Chem Biol,2005.0,Histamine H1 receptor,Ki,nM,7.5,388.9,3.15
CHEMBL1000,63.1,O=C(O)COCCN1CCN(C(c2ccccc2)c2ccc(Cl)cc2)CC1,Scientific Literature,Displacement of [3H]mepyramine from human histamine H1 receptor N7.45S mutant expressed in COS-7 cells by liquid scintillation counting,B,Homo sapiens,,Nat Chem Biol,2005.0,Histamine H1 receptor,Ki,nM,7.2,388.9,3.15
CHEMBL1085672,1995.26,O=C1N(CC2CCCCN2)CCN1c1cccc(Cl)c1,Scientific Literature,Activity at histamine H1 receptor,B,,,Bioorg Med Chem Lett,2010.0,Histamine H1 receptor,Ki,nM,5.7,293.8,2.72
CHEMBL445,5.862,CNCCC=C1c2ccccc2CCc2ccccc21,DrugMatrix,"DRUGMATRIX: Histamine H1, Central radioligand binding (ligand: [3H] Pyrilamine)",B,,,,,Histamine H1 receptor,Ki,nM,8.23,263.38,3.83
CHEMBL569270,10000.0,CNc1cc(-c2csc(N(C)C(=O)c3ccc(F)cc3)n2)ncn1,Scientific Literature,Binding affinity to human histamine H1 receptor by PDSP assay,B,Homo sapiens,,J Med Chem,2013.0,Histamine H1 receptor,Ki,nM,,343.39,3.06
CHEMBL255826,3162.28,Cc1ccc2c(-c3nnc(SCCCN4CCc5cc6nc(N7CCCCC7)oc6cc5CC4)n3C)cccc2n1,Scientific Literature,Antagonist activity at histamine H1 receptor by FLIPR assay,F,,,Bioorg Med Chem Lett,2008.0,Histamine H1 receptor,Ki,nM,,567.76,6.05
CHEMBL258090,3162.28,Cc1ccc2c(-c3nnc(SCCCN4CCc5cc6nc(CC(F)(F)F)oc6cc5CC4)n3C)cccc2n1,Scientific Literature,Antagonist activity at histamine H1 receptor by FLIPR assay,F,,,Bioorg Med Chem Lett,2008.0,Histamine H1 receptor,Ki,nM,,566.65,6.17
CHEMBL271631,1995.26,CCc1nc2cc3c(cc2s1)CCN(CCCSc1nnc(-c2cccc4nc(C)ccc24)n1C)CC3,Scientific Literature,Antagonist activity at histamine H1 receptor by FLIPR assay,F,,,Bioorg Med Chem Lett,2008.0,Histamine H1 receptor,Ki,nM,,528.75,6.09
CHEMBL1643902,10000.0,CN(CCc1cccc(F)c1)[C@H]1C2C3CC4C5C3CC2C5C41,Scientific Literature,Inhibition of histamine H1 receptor (unknown origin) by PDSP assay,B,Homo sapiens,,Bioorg Med Chem,2013.0,Histamine H1 receptor,Ki,nM,,297.42,3.45
CHEMBL2432052,10000.0,CN(CCc1cccc(F)c1)[C@H]1C2C3CC4C2C(=O)C2C4C3C21,Scientific Literature,Inhibition of histamine H1 receptor (unknown origin) by PDSP assay,B,Homo sapiens,,Bioorg Med Chem,2013.0,Histamine H1 receptor,Ki,nM,,311.4,2.63
CHEMBL2432039,4736.0,C1C2C3CC4C2C2C1C3[C@H](NCC13C5C6C7C5C1C7C63)C42,Scientific Literature,Inhibition of histamine H1 receptor (unknown origin) by PDSP assay,B,Homo sapiens,,Bioorg Med Chem,2013.0,Histamine H1 receptor,Ki,nM,5.33,277.41,2.09
CHEMBL255618,501.19,Cc1ccc2c(-c3nnc(SCCC(C)N4CCc5cc6nc(C(F)(F)F)oc6c(Br)c5CC4)n3C)cccc2n1,Scientific Literature,Antagonist activity at histamine H1 receptor by FLIPR assay,F,,,Bioorg Med Chem Lett,2008.0,Histamine H1 receptor,Ki,nM,,645.55,7.23
CHEMBL3094216,1995.26,c1cc2c(cc1OCCCN1CCCCC1)CCN(CC1CCCO1)CC2,Scientific Literature,Antagonist activity at human recombinant histamine H1 receptor expressed in CHO cells assessed as inhibition of histamine-induced effect by FLIPR assay,B,Homo sapiens,,Bioorg Med Chem Lett,2013.0,Histamine H1 receptor,Ki,nM,5.7,372.55,3.52
CHEMBL1940419,212.0,Fc1ccc(SCCCN2CCN(c3ccccn3)CC2)cc1,Scientific Literature,Displacement of [3H]pyrilamine from human H1 receptor by liquid scintillation counting,B,Homo sapiens,,Bioorg Med Chem,2012.0,Histamine H1 receptor,Ki,nM,6.67,331.46,3.53
CHEMBL1946254,61.0,Clc1ccc(N2CCCN(CCCCc3nc4ccccc4s3)CC2)cc1,Scientific Literature,Displacement of [3H]-Pyrilamine from human histamine H1 receptor by liquid scintillation counter,B,Homo sapiens,,Bioorg Med Chem,2012.0,Histamine H1 receptor,Ki,nM,7.21,399.99,5.48
CHEMBL154047,79432823472428.22,NCCCCCCCCCCc1ccccn1,Scientific Literature,Inhibitory activity against human Histamine H1 receptor,B,,,J Med Chem,2003.0,Histamine H1 receptor,Ki,nM,,234.39,3.7
CHEMBL5438846,5600.0,O=C(O)c1cc(-c2ccc(C3=CC4(CNC4)C3)cc2)c2ccc(-c3ccc(C(F)(F)F)cc3)cc2c1,Scientific Literature,Displacement of [3H]-Pyrilamine from human histamine H1 receptor assessed as inhibition constant by radioligand displacement assay,B,Homo sapiens,,J Med Chem,2023.0,Histamine H1 receptor,Ki,nM,5.25,485.51,7.27
CHEMBL3321792,1009.0,OC1(c2ccc(Cl)cc2)CC2CCC(C1)N2CCCSc1ccccc1F,Scientific Literature,Displacement of [3H]Pyrilamine from human histamine H1 receptor by liquid scintillation counting,B,Homo sapiens,,Bioorg Med Chem Lett,2014.0,Histamine H1 receptor,Ki,nM,6.0,405.97,5.48
CHEMBL1493369,69.18,C[C@@H](C1=C(CCN(C)C)Cc2ccccc21)c1ccccn1,Scientific Literature,Compound was evaluated for binding affinity towards cloned human histamine H1 receptors stably expressed in CHO-K1 cells using [3H]mepyramine,B,,,J Med Chem,2003.0,Histamine H1 receptor,Ki,nM,7.16,292.43,4.15
CHEMBL59798,457.09,CCCCCC(=O)c1ccc(OCCCN2CCN(CC(C)C)CC2)cc1,Scientific Literature,Binding affinity for the human Histamine H1 Receptor,B,,,Bioorg Med Chem Lett,2002.0,Histamine H1 receptor,Ki,nM,6.34,374.57,4.49
CHEMBL423666,21877.62,O=C1C[C@H](N2CCN(CCCOc3ccc(C(=O)C4CC4)cc3)CC2)N1,Scientific Literature,Binding affinity towards Histamine H1 receptor of human membranes.,B,,,Bioorg Med Chem Lett,2002.0,Histamine H1 receptor,Ki,nM,4.66,357.45,1.51
CHEMBL167223,0.8128,CC(C1=C(CCN(C)C)Cc2cc(Cl)ccc21)c1ccccn1,Scientific Literature,Compound was evaluated for binding affinity towards cloned human histamine H1 receptors stably expressed in CHO-K1 cells using [3H]mepyramine,B,,,J Med Chem,2003.0,Histamine H1 receptor,Ki,nM,9.09,326.87,4.8
CHEMBL476839,439.0,COc1c(OCCF)cccc1C(O)C1CCN(CCc2ccc(C)cc2)CC1,Scientific Literature,Inhibition of human cloned histamine H1 receptor by competitive binding experiment,B,Homo sapiens,,Bioorg Med Chem,2009.0,Histamine H1 receptor,Ki,nM,6.36,401.52,4.34
CHEMBL5175594,1174.9,C[C@H](NC(=O)[C@H](C)NC(=O)[C@H](Cc1ccc(O)cc1)NC(=O)CCN1CCC(Oc2ccccc2Cc2ccccc2)CC1)C(=O)N[C@H](Cc1ccccc1)C(N)=O,Scientific Literature,Displacement of fluorophore-labeled mepyramine from Nluc-tagged human H1R expressed in HEK293T cells incubated for 2 hrs by NanoBRET competition binding assay,B,Homo sapiens,,J Med Chem,2022.0,Histamine H1 receptor,Ki,nM,5.93,790.96,3.17
CHEMBL5193095,89.13,CC(C)[C@H](NC(=O)CCN1CCC(Oc2ccccc2Cc2ccccc2)CC1)C(=O)N[C@@H](CO)C(=O)N[C@@H](CC(N)=O)C(=O)N[C@@H](Cc1ccccc1)C(N)=O,Scientific Literature,Displacement of fluorophore-labeled mepyramine from Nluc-tagged human H1R expressed in HEK293T cells incubated for 2 hrs by NanoBRET competition binding assay,B,Homo sapiens,,J Med Chem,2022.0,Histamine H1 receptor,Ki,nM,7.05,785.94,0.7
CHEMBL328662,1.9,O=C(c1ccc(F)cc1)C1CCN(CC2C[C@@H]3c4ccccc4Cc4ccccc4[C@H]3O2)CC1,Scientific Literature,Ability to displace [3H]pyrilamine from human cloned histamine H1 receptor expressed in CHO cells,B,,,Bioorg Med Chem Lett,2004.0,Histamine H1 receptor,Ki,nM,8.72,455.57,5.94
CHEMBL329268,0.63,CN(C)C[C@@H]1C[C@@H]2c3ccccc3Cc3ccccc3[C@H]2O1,Scientific Literature,Ability to displace [3H]pyrilamine from human cloned histamine H1 receptor expressed in CHO cells,B,,,Bioorg Med Chem Lett,2004.0,Histamine H1 receptor,Ki,nM,9.2,293.41,3.77
CHEMBL62660,46773.51,CCCCCC(=O)c1ccc(OCCCN2CCN(C(=O)[C@H](N)CO)CC2)cc1,Scientific Literature,Binding affinity towards Histamine H1 receptor of human membranes.,B,,,Bioorg Med Chem Lett,2002.0,Histamine H1 receptor,Ki,nM,4.33,405.54,1.68
CHEMBL187264,9.0,NC(=O)N(O)CCC#Cc1ccc(OCCCN2CCN([C@H](c3ccccc3)c3ccc(Cl)cc3)CC2)cc1,Scientific Literature,Binding affinity towards human histamine H1 receptor expressed in CHO-K1 cells,B,Homo sapiens,,Bioorg Med Chem Lett,2004.0,Histamine H1 receptor,Ki,nM,8.05,547.1,5.03
CHEMBL107162,4400.0,COc1ccc(S(=O)(=O)N[C@H]2CCN(CCCOc3ccc(C(=O)C4CC4)cc3)C2)cc1,Scientific Literature,Binding affinity to the human Histamine H1 receptor,B,,,Bioorg Med Chem Lett,2002.0,Histamine H1 receptor,Ki,nM,5.36,458.58,3.11
CHEMBL156131,31622776601683.79,NCCc1csc(-c2ccccc2)n1,Scientific Literature,Inhibitory activity against human Histamine H1 receptor,B,,,J Med Chem,2003.0,Histamine H1 receptor,Ki,nM,,204.3,2.31
CHEMBL3890153,822.0,Br.c1ccc2c(c1)CCN(CCCc1nc3ccccc3s1)C2,Scientific Literature,Displacement of [3H]-pyrilamine from human histamine H1 receptor by liquid scintillation counting method,A,Homo sapiens,,Bioorg Med Chem,2016.0,Histamine H1 receptor,Ki,nM,6.08,389.36,4.29
CHEMBL3908870,3867.0,CC1(C)CC(=O)N(CCCCN2Cc3ccccc3C2)C(=O)C1,Scientific Literature,Displacement of [3H]-pyrilamine from human histamine H1 receptor by liquid scintillation counting method,A,Homo sapiens,,Bioorg Med Chem,2016.0,Histamine H1 receptor,Ki,nM,5.41,314.43,2.96
CHEMBL10602,5172.0,CN(C)CC(c1ccccc1)c1ccccc1,Scientific Literature,Displacement of [3H]chlorphniramine from human histamine H1 receptor expressed in cells,B,Homo sapiens,,Bioorg Med Chem,2009.0,Histamine H1 receptor,Ki,nM,5.29,225.34,3.38
CHEMBL608689,70.0,CN(C)CCCC(c1ccccc1)c1ccccc1,Scientific Literature,Displacement of [3H]chlorphniramine from human histamine H1 receptor expressed in cells,B,Homo sapiens,,Bioorg Med Chem,2009.0,Histamine H1 receptor,Ki,nM,7.16,253.39,4.16
CHEMBL64247,562.34,CCOC(=O)N1CCN(CCCOc2ccc(C(=O)c3ccc(C(C)(C)C)cc3)cc2)CC1,Scientific Literature,Binding affinity for the human Histamine H1 Receptor,B,,,Bioorg Med Chem Lett,2002.0,Histamine H1 receptor,Ki,nM,6.25,452.6,4.76
CHEMBL440864,208.93,CCOC(=O)N1CCN(CCCOc2ccc(C(=O)c3ccc(F)cc3)cc2)CC1,Scientific Literature,Binding affinity for the human Histamine H1 Receptor,B,,,Bioorg Med Chem Lett,2002.0,Histamine H1 receptor,Ki,nM,6.68,414.48,3.6
CHEMBL42,1.1,CN1CCN(C2=Nc3cc(Cl)ccc3Nc3ccccc32)CC1,Scientific Literature,Inhibition of [3H]pyrilamine binding to human Histamine H1 receptor ,B,Homo sapiens,,J Med Chem,2005.0,Histamine H1 receptor,Ki,nM,8.96,326.83,3.72
CHEMBL60143,5495.41,CC(C)(C)OC(=O)N[C@H](Cc1ccccc1)C(=O)N1CCN(CCCOc2ccc(C(=O)C3CC3)cc2)CC1,Scientific Literature,Binding affinity towards Histamine H1 receptor of human membranes.,B,,,Bioorg Med Chem Lett,2002.0,Histamine H1 receptor,Ki,nM,5.26,535.69,4.33
CHEMBL304027,1023.29,CCOC(=O)N1CCN(CCCOc2ccc(C(=O)c3cccc(F)c3F)cc2)CC1,Scientific Literature,Binding affinity for the human Histamine H1 Receptor,B,,,Bioorg Med Chem Lett,2002.0,Histamine H1 receptor,Ki,nM,5.99,432.47,3.74
CHEMBL127508,659.0,OC(c1ccccc1)(c1ccccc1)C1CCNCC1,Scientific Literature,Displacement of [3H]pyrilamine from human recombinant histamine H1 receptor expressed in CHO cell by Betaplate scintillation counting,B,Homo sapiens,,Bioorg Med Chem Lett,2009.0,Histamine H1 receptor,Ki,nM,6.18,267.37,2.92
CHEMBL74688,180.0,NC(=O)N(O)CCC#C[C@H]1CC[C@H](CN2CCN([C@H](c3ccccc3)c3ccc(Cl)cc3)CC2)O1,Scientific Literature,In vitro binding affinity towards histamine H1 receptor expressed in CHO-K1 cells,B,,,Bioorg Med Chem Lett,2004.0,Histamine H1 receptor,Ki,nM,6.75,497.04,3.76
CHEMBL62312,398.11,CCCCCC(=O)c1ccc(OCCCN2CCN(C(=O)c3ccco3)CC2)cc1,Scientific Literature,Binding affinity for the human Histamine H1 Receptor,B,,,Bioorg Med Chem Lett,2002.0,Histamine H1 receptor,Ki,nM,6.4,412.53,4.27
CHEMBL64317,575.44,CCCCCC(=O)c1ccc(OCCCN2CCN(C(=O)OCCCC)CC2)cc1,Scientific Literature,Binding affinity for the human Histamine H1 Receptor,B,,,Bioorg Med Chem Lett,2002.0,Histamine H1 receptor,Ki,nM,6.24,418.58,4.77
CHEMBL559251,4.0,CN(C)CCC1=C(Cc2cnccn2)c2ccccc2C1,Scientific Literature,Displacement of [3H]pyrilamine from human histamine H1 receptor expressed in CHO Flp-In cells by liquid scintillation counting,B,Homo sapiens,,J Med Chem,2009.0,Histamine H1 receptor,Ki,nM,8.4,279.39,2.98
CHEMBL551340,75.0,CN(C)CCc1sc2ccccc2c1Cc1cnccn1,Scientific Literature,Displacement of [3H]pyrilamine from human histamine H1 receptor expressed in CHO Flp-In cells by liquid scintillation counting,B,Homo sapiens,,J Med Chem,2009.0,Histamine H1 receptor,Ki,nM,7.12,297.43,3.39
CHEMBL1278112,63.1,O=C(O)C1CN(C2CC[C@]3(Cc4ccccc4Cc4ccccc43)C2)CCO1,Scientific Literature,Antagonist activity against human histamine H1 receptor expressed in CHO cells by FLIPR assay,F,Homo sapiens,,J Med Chem,2010.0,Histamine H1 receptor,Ki,nM,7.2,377.48,3.41
CHEMBL104809,5900.0,O=C(c1ccc(OCCCN2CC[C@H](NS(=O)(=O)c3cccc(F)c3)C2)cc1)C1CC1,Scientific Literature,Binding affinity to the human Histamine H1 receptor,B,,,Bioorg Med Chem Lett,2002.0,Histamine H1 receptor,Ki,nM,5.23,446.54,3.24
CHEMBL444083,26.0,NC(=O)N(O)CCC#Cc1ccc(OCCCCN2CCN(C(c3ccc(F)cc3)c3ccc(F)cc3)CC2)cc1,Scientific Literature,Binding affinity towards human histamine H1 receptor expressed in CHO-K1 cells,B,Homo sapiens,,Bioorg Med Chem Lett,2004.0,Histamine H1 receptor,Ki,nM,7.58,562.66,5.04
CHEMBL372453,10000.0,COc1ccc(NC(=O)N2CCN(c3ccc(Cl)cc3)CC2)cc1N1CCN(C)CC1,Scientific Literature,Affinity towards cloned Histamine H1 receptor,B,Homo sapiens,,Bioorg Med Chem Lett,2005.0,Histamine H1 receptor,Ki,nM,,443.98,3.45
CHEMBL17157,58.0,CC(C)(C)c1ccc(C(O)CCCN2CCC(C(O)(c3ccccc3)c3ccccc3)CC2)cc1,Scientific Literature,Binding affinity towards histamine H1 receptor,B,,,J Med Chem,2003.0,Histamine H1 receptor,Ki,nM,7.24,471.69,6.45
CHEMBL296419,3.0,COc1ccc(CCN2CCC(Nc3nc4ccccc4n3Cc3ccc(F)cc3)CC2)cc1,Scientific Literature,Binding affinity towards histamine H1 receptor,B,,,J Med Chem,2003.0,Histamine H1 receptor,Ki,nM,8.52,458.58,5.35
CHEMBL1935436,1.0,OCCN1CCCC(c2nc3ccccc3n2Cc2ccc(F)cc2)C1,Scientific Literature,Antagonist activity at histamine H1 receptor,F,,,Bioorg Med Chem Lett,2012.0,Histamine H1 receptor,Ki,nM,9.0,353.44,3.4
CHEMBL274768,630957344480194.2,NCCc1c[nH]c(CCCC(c2ccccc2)c2ccccc2)n1,Scientific Literature,Inhibitory activity against human Histamine H1 receptor,B,,,J Med Chem,2003.0,Histamine H1 receptor,Ki,nM,,319.45,4.07
CHEMBL1923522,61.66,CN1CCN(c2nc(N3CCCC3)c3cnn(C)c3n2)CC1,Scientific Literature,Displacement of [3H]mepyramine from human histamine H1 receptor expressed in HEK293 cells after 1 to 1.5 hrs by scintillation counting,B,Homo sapiens,,J Med Chem,2011.0,Histamine H1 receptor,Ki,nM,7.21,301.4,0.72
CHEMBL1935439,4.9,CN(C)C(=O)CN1CCCC(c2nc3ccccc3n2CCOc2ccccc2)C1,Scientific Literature,Antagonist activity at histamine H1 receptor,F,,,Bioorg Med Chem Lett,2012.0,Histamine H1 receptor,Ki,nM,8.31,406.53,3.38
CHEMBL1935443,365.0,Cc1ccc(Cn2c(C3CNCCO3)nc3ccccc32)cc1C,Scientific Literature,Antagonist activity at histamine H1 receptor,F,,,Bioorg Med Chem Lett,2012.0,Histamine H1 receptor,Ki,nM,6.44,321.42,3.36
CHEMBL1935447,1.4,COc1ccc(Cn2c([C@H]3CNCCS3)nc3ccccc32)cc1,Scientific Literature,Antagonist activity at histamine H1 receptor,F,,,Bioorg Med Chem Lett,2012.0,Histamine H1 receptor,Ki,nM,8.85,339.46,3.47
CHEMBL1935571,7373.0,CN1CCN(c2nc(N)nc3cc(-c4ccoc4)ccc23)CC1,Scientific Literature,Displacement of [3H]histamine from human H1 receptor expressed in HEK cell membranes,B,Homo sapiens,,Bioorg Med Chem Lett,2012.0,Histamine H1 receptor,Ki,nM,5.13,309.37,2.22
CHEMBL2037608,10000.0,COCn1ncc(-c2ccc(OCCCN3CCC[C@H]3C)cc2)cc1=O,Scientific Literature,Binding affinity to human histamine H1 receptor,B,Homo sapiens,,Bioorg Med Chem,2012.0,Histamine H1 receptor,Ki,nM,,357.45,2.77
CHEMBL482496,189.0,[3H]C([3H])([3H])Oc1cc(I)c(OC)cc1CCNCc1ccccc1OC([3H])([3H])[3H],Scientific Literature,Binding affinity to histamine H1 receptor,B,,,Bioorg Med Chem,2008.0,Histamine H1 receptor,Ki,nM,6.72,439.33,3.65
CHEMBL30713,10000.0,CC(N)Cc1c[nH]c2ccccc12,Scientific Literature,Displacement of [3H]Pyrilamine from human recombinant histamine H1 receptor expressed in HEK293 cells after 1 to 1.5 hrs by scintillation counting analysis,B,Homo sapiens,,Bioorg Med Chem Lett,2013.0,Histamine H1 receptor,Ki,nM,,174.25,2.06
CHEMBL105567,758.58,CCOC(=O)N1CCN(CCCOc2ccc(-c3ccsc3)cc2)CC1,Scientific Literature,Binding affinity of human cortical histamine H1 receptor,B,,,Bioorg Med Chem Lett,2002.0,Histamine H1 receptor,Ki,nM,6.12,374.51,3.96
CHEMBL319000,1905.46,CN(C)[C@@H]1CCN(CCCOc2ccc(-c3ccc(C#N)cc3)cc2)C1,Scientific Literature,Binding affinity of human cortical histamine H1 receptor,B,,,Bioorg Med Chem Lett,2002.0,Histamine H1 receptor,Ki,nM,5.72,349.48,3.63
CHEMBL25688,5011.87,N#Cc1ccc(-c2ccc(OCCCN3CCCC3)cc2)cc1,Scientific Literature,Binding affinity at human cortical Histamine 1 receptor,B,Homo sapiens,,Bioorg Med Chem Lett,2002.0,Histamine H1 receptor,Ki,nM,5.3,306.41,4.09
CHEMBL460402,686.0,CN(CCC=C1c2ccccc2CCc2ccccc21)C(=O)c1ccc(OCCCN2CCCCC2)cc1,Scientific Literature,Displacement of [3H]pyrilamine from human histamine H1 receptor expressed in CHO cells,B,Homo sapiens,,Bioorg Med Chem Lett,2009.0,Histamine H1 receptor,Ki,nM,6.16,508.71,6.63
CHEMBL517244,40.0,CN(CCCC12CCC(c3ccccc31)c1ccccc12)Cc1ccc(OCCCN2CCCCC2)cc1,Scientific Literature,Displacement of [3H]pyrilamine from human histamine H1 receptor expressed in CHO cells,B,Homo sapiens,,Bioorg Med Chem Lett,2009.0,Histamine H1 receptor,Ki,nM,7.4,508.75,7.38
CHEMBL4159188,10000.0,Cc1ccc(-c2cc(C(=O)NCCCCN3CCOCC3)n[nH]2)s1,Scientific Literature,Displacement of [3H]pyrilamine from human HRH1 expressed in HEK cell membranes after 90 mins by scintillation counting method,B,Homo sapiens,,J Med Chem,2018.0,Histamine H1 receptor,Ki,nM,,348.47,2.29
CHEMBL4164849,10000.0,Cc1oc(-c2ccco2)nc1CN(C)C[C@@H]1Cc2ccccc2O1,Scientific Literature,Displacement of [3H]pyrilamine from human HRH1 expressed in HEK cell membranes after 90 mins by scintillation counting method,B,Homo sapiens,,J Med Chem,2018.0,Histamine H1 receptor,Ki,nM,,324.38,3.68
CHEMBL4164695,10000.0,COc1ccc(-c2nc(CN(C)C[C@@H]3Cc4ccccc4O3)c(C)o2)cc1C,Scientific Literature,Displacement of [3H]pyrilamine from human HRH1 expressed in HEK cell membranes after 90 mins by scintillation counting method,B,Homo sapiens,,J Med Chem,2018.0,Histamine H1 receptor,Ki,nM,,378.47,4.4
CHEMBL1090176,2.7,COc1nccnc1[C@H](C)C1=C(CCN(C)C)Cc2cc(C)ccc21,Scientific Literature,Inhibition of histamine H1 receptor,B,,,Bioorg Med Chem Lett,2010.0,Histamine H1 receptor,Ki,nM,8.57,337.47,3.86
CHEMBL1090526,0.7,COc1nccnc1[C@H](C)C1=C(CCN(C)C)Cc2cc(F)ccc21,Scientific Literature,Inhibition of histamine H1 receptor,B,,,Bioorg Med Chem Lett,2010.0,Histamine H1 receptor,Ki,nM,9.15,341.43,3.69
CHEMBL3805437,10000.0,CN/C(=N\C#N)NC[C@@H]1CC[C@@H](c2c[nH]cn2)C1,Scientific Literature,Displacement of [3H]mepyramine from human histamine H1 receptor expressed in sf9 cell membrane co-expressing RGS4 incubated for 60 mins by liquid scintillation counting method,B,Homo sapiens,,J Med Chem,2016.0,Histamine H1 receptor,Ki,nM,,246.32,0.94
CHEMBL3806079,3050.0,N#C/N=C(/NCCSc1ccccc1)NC[C@@H]1CC[C@H](c2c[nH]cn2)C1,Scientific Literature,Displacement of [3H]mepyramine from human histamine H1 receptor expressed in sf9 cell membrane co-expressing RGS4 incubated for 60 mins by liquid scintillation counting method,B,Homo sapiens,,J Med Chem,2016.0,Histamine H1 receptor,Ki,nM,5.52,368.51,3.1
CHEMBL511,0.95,COc1ccc(CN(CCN(C)C)c2ccccn2)cc1,Scientific Literature,Binding affinity to human histamine H1 receptor by radioligand displacement assay,B,Homo sapiens,,Eur J Med Chem,2013.0,Histamine H1 receptor,Ki,nM,9.02,285.39,2.66
CHEMBL1091782,4.6,C[C@@H](c1cscn1)c1c(CCN(C)C)sc2ccccc12,Scientific Literature,Displacement of [3H]pyrilamine from human histamine H1 receptor expressed in CHO Flp-In cells after 90 mins by scintillation counting,B,Homo sapiens,,Bioorg Med Chem Lett,2010.0,Histamine H1 receptor,Ki,nM,8.34,316.49,4.61
CHEMBL5186770,8912.51,CCCCCCNC(=O)/N=C(\N)NCCCc1nnc(N)o1.O=C(O)C(F)(F)F.O=C(O)C(F)(F)F,Scientific Literature,Displacement of [3H] mepyramine from human histamine H1 receptor stably expressed in baculovirus infected Sf9 cell membrane co-expressing RGS4 incubated for 60 mins by scintillation counting analysis,B,Homo sapiens,,J Med Chem,2021.0,Histamine H1 receptor,Ki,nM,5.05,539.43,0.78
CHEMBL1078642,25703.96,N#C/N=C(/NCCCCc1c[nH]cn1)NCCSc1ccccc1,Scientific Literature,Displacement of [3H]mepyramine from human histamine H1 receptor expressed in Sf9 cells,B,Homo sapiens,,J Med Chem,2009.0,Histamine H1 receptor,Ki,nM,4.59,342.47,2.54
CHEMBL540982,11.0,CN(C)CCc1sc2ccccc2c1Cc1ccc(F)cc1,Scientific Literature,Displacement of [3H]pyrilamine from human histamine H1 receptor expressed in CHO Flp-In cells by liquid scintillation counting,B,Homo sapiens,,J Med Chem,2009.0,Histamine H1 receptor,Ki,nM,7.96,313.44,4.74
CHEMBL1090197,7.7,CN(C)CCC1=C(Cc2cccnn2)c2ccccc2C1,Scientific Literature,Binding affinity at histamine H1 receptor,B,,,Bioorg Med Chem Lett,2010.0,Histamine H1 receptor,Ki,nM,8.11,279.39,2.98
CHEMBL101748,8900.0,N#Cc1cccc(S(=O)(=O)N[C@H]2CCN(CCCOc3ccc(C(=O)C4CC4)cc3)C2)c1,Scientific Literature,Binding affinity to the human Histamine H1 receptor,B,,,Bioorg Med Chem Lett,2002.0,Histamine H1 receptor,Ki,nM,5.05,453.56,2.97
CHEMBL101634,11000.0,CC(=O)c1ccc(OCCCN2CC[C@H](NC(=O)c3csc(-c4cccnc4)n3)C2)cc1,Scientific Literature,Binding affinity to the human Histamine H1 receptor,B,,,Bioorg Med Chem Lett,2002.0,Histamine H1 receptor,Ki,nM,4.96,450.56,3.68
CHEMBL1935434,16.6,O=C(CN1CCCC(c2nc3ccccc3n2Cc2ccc(F)cc2)C1)N1CCOCC1,Scientific Literature,Antagonist activity at histamine H1 receptor,F,,,Bioorg Med Chem Lett,2012.0,Histamine H1 receptor,Ki,nM,7.78,436.53,3.26
CHEMBL152221,501187233627271.44,c1nc(CCCCCCCCCCCCN2CCCC2)c[nH]1,Scientific Literature,Inhibitory activity against human Histamine H1 receptor,B,,,J Med Chem,2003.0,Histamine H1 receptor,Ki,nM,,305.51,4.95
CHEMBL1669405,7.2,CCN(C)CCC1=C(Cc2cnccn2)c2ccccc2C1,Scientific Literature,Binding affinity to histamine H1 receptor,B,,,Bioorg Med Chem Lett,2011.0,Histamine H1 receptor,Ki,nM,8.14,293.41,3.37
CHEMBL1935425,10000.0,O=S1(=O)CCC(Oc2ccc3c(c2)CCC2(CCN(C4CCC4)CC2)O3)CC1,Scientific Literature,Binding affinity to human histamine H1 receptor,B,Homo sapiens,,Bioorg Med Chem Lett,2012.0,Histamine H1 receptor,Ki,nM,,405.56,3.35
CHEMBL715,2.0,Cc1cc2c(s1)Nc1ccccc1N=C2N1CCN(C)CC1,BindingDB Patent Bioactivity Data,"Binding Assay: Binding assay using 5-HT2A, Dopamine D2, SERT, Î±A1, 5-HT2C and H1 Receptors.",B,Homo sapiens,,,2013.0,Histamine H1 receptor,Ki,nM,8.7,312.44,3.44
CHEMBL1201190,50.0,Cl.Cl.O=C(O)COCCN1CCN([C@H](c2ccccc2)c2ccc(Cl)cc2)CC1,Scientific Literature,Binding affinity for H1 histamine receptor expressed in CHO cells,B,,,J Med Chem,2005.0,Histamine H1 receptor,Ki,nM,7.3,461.82,3.15
CHEMBL539843,19.0,Cl.Cl.NC(=O)c1cnc2n1CCc1ccccc1C21CCNCC1,Scientific Literature,Binding affinity for H1 histamine receptor expressed in CHO cells,B,,,J Med Chem,2005.0,Histamine H1 receptor,Ki,nM,7.72,369.3,1.21
CHEMBL639,1.259,CN1CCCC(n2nc(Cc3ccc(Cl)cc3)c3ccccc3c2=O)CC1,Scientific Literature,Antagonist activity against recombinant human H1 receptor expressed in CHO cells incubated for 30 mins by FLIPR analysis,B,Homo sapiens,,ACS Med Chem Lett,2017.0,Histamine H1 receptor,Ki,nM,8.9,381.91,4.3
CHEMBL1125,22.0,Cc1cc2c(s1)Nc1ccccc1N=C2N1CCNCC1,Scientific Literature,In vitro binding affinity of compound against histamine H1 neuronal receptor,B,,,Bioorg Med Chem Lett,1997.0,Histamine H1 receptor,Ki,nM,7.66,298.42,3.1
CHEMBL152126,251188643150958.25,c1nc(CCCCCCCCN2CCCC2)c[nH]1,Scientific Literature,Inhibitory activity against human Histamine H1 receptor,B,,,J Med Chem,2003.0,Histamine H1 receptor,Ki,nM,,249.4,3.39
CHEMBL241329,270.0,CCOc1cc(CN2CCC(NC(=O)c3cncc(C)c3)CC2)ccc1Cl,Scientific Literature,Binding affinity to human histamine H1 receptor,B,Homo sapiens,,J Med Chem,2007.0,Histamine H1 receptor,Ki,nM,6.57,387.91,3.84
CHEMBL3104091,50.0,CN1CCc2c(c3cccc4c3n2-c2ccccc2CC4)C1,Scientific Literature,Displacement of [3H]Pyrilamine from histamine H1 receptor (unknown origin),B,Homo sapiens,,Bioorg Med Chem Lett,2014.0,Histamine H1 receptor,Ki,nM,7.3,288.39,3.72
CHEMBL476108,188.6,O=C(CCCN1CCCN(c2ccc(Cl)cc2)CC1)c1ccc(F)cc1,Scientific Literature,Binding affinity to human cloned histamine H1 receptor,B,Homo sapiens,,Bioorg Med Chem,2008.0,Histamine H1 receptor,Ki,nM,6.72,374.89,4.65
CHEMBL282829,10000.0,CCc1ccc(N2CCN(Cc3c[nH]c4ncccc34)CC2)cc1,Scientific Literature,Binding affinity to cloned Histamine H1 receptor,B,,,Bioorg Med Chem Lett,2001.0,Histamine H1 receptor,Ki,nM,,320.44,3.45
CHEMBL264761,977.24,C=C(C)C(=O)c1ccc(OCCCN2CCN(C(=O)OCC)CC2)cc1,Scientific Literature,Binding affinity for the human Histamine H1 Receptor,B,,,Bioorg Med Chem Lett,2002.0,Histamine H1 receptor,Ki,nM,6.01,360.45,2.99
CHEMBL270177,1100.0,CC1NC(N)=Nc2cccc(Cl)c21,Scientific Literature,Binding affinity to histamine H1 receptor,B,,,Bioorg Med Chem Lett,2008.0,Histamine H1 receptor,Ki,nM,5.96,195.65,1.95
CHEMBL3818805,255.0,O=c1[nH]c2cc(Cl)ccc2n1C1CCN(CCCCc2c[nH]c3ccccc23)CC1,Scientific Literature,Displacement of [3H]Pyrilamine from human recombinant histamine H1 receptor incubated for 1.5 hrs by microbeta scintillation counting method,A,Homo sapiens,,Bioorg Med Chem,2016.0,Histamine H1 receptor,Ki,nM,6.59,422.96,5.12
CHEMBL172233,7.244,CC(C1=C(CCN(C)CCF)Cc2ccccc21)c1ccccn1,Scientific Literature,Compound was evaluated for binding affinity towards cloned human histamine H1 receptors stably expressed in CHO-K1 cells using [3H]mepyramine,B,,,J Med Chem,2003.0,Histamine H1 receptor,Ki,nM,8.14,324.44,4.49
CHEMBL4786308,4236.0,c1ccc(Cc2ccc(OCCCN3CCN(c4ccncc4)CC3)cc2)cc1,Scientific Literature,Displacement of [3H]mepyramine from human H1R expressed in Sf9 cell membranes co-expressing RGS4 measured after 60 mins by scintillation counting analysis,B,Homo sapiens,,Eur J Med Chem,2021.0,Histamine H1 receptor,Ki,nM,5.37,387.53,4.26
CHEMBL102984,3467.37,CC1CCCCN1CCCOc1ccc(-c2ccc(C#N)cc2)cc1,Scientific Literature,Binding affinity of human cortical histamine H1 receptor,B,,,Bioorg Med Chem Lett,2002.0,Histamine H1 receptor,Ki,nM,5.46,334.46,4.87
CHEMBL294502,1905.46,CCCCCC(=O)c1ccc(OCCCN2CCN(C(=O)CC)CC2)cc1,Scientific Literature,Binding affinity for the human Histamine H1 Receptor,B,,,Bioorg Med Chem Lett,2002.0,Histamine H1 receptor,Ki,nM,5.72,374.53,3.77
CHEMBL257946,100.0,Cc1ccc2c(-c3nnc(SCCCN4CCc5cc6onc(C)c6cc5CC4)n3C)cccc2n1,Scientific Literature,Antagonist activity at histamine H1 receptor by FLIPR assay,F,,,Bioorg Med Chem Lett,2008.0,Histamine H1 receptor,Ki,nM,7.0,498.66,5.37
CHEMBL240567,2511.89,O=C(c1cc(F)cc(F)c1)N1CCN(c2ccc(OC3CCN(C4CCCC4)CC3)cc2)C(=O)C1.O=CO,Scientific Literature,Antagonist activity at human recombinant histamine H1 receptor expressed in CHO cells assessed as inhibition of histamine-induced cellular calcium mobilization,F,Homo sapiens,,J Med Chem,2007.0,Histamine H1 receptor,Ki,nM,,529.58,4.24
CHEMBL239964,2511.89,N#Cc1ccc(C(=O)N2CCN(c3ccc(OC4CCN(C5CCCC5)CC4)cc3)C(=O)C2)cc1.O=CO,Scientific Literature,Antagonist activity at human recombinant histamine H1 receptor expressed in CHO cells assessed as inhibition of histamine-induced cellular calcium mobilization,F,Homo sapiens,,J Med Chem,2007.0,Histamine H1 receptor,Ki,nM,,518.61,3.83
CHEMBL400612,2511.89,N#Cc1ccc(C(=O)N2CCN(c3ccc(OCCCN4CCCCCC4)cc3)C(=O)C2)cc1.O=CO,Scientific Literature,Antagonist activity at human recombinant histamine H1 receptor expressed in CHO cells assessed as inhibition of histamine-induced cellular calcium mobilization,F,Homo sapiens,,J Med Chem,2007.0,Histamine H1 receptor,Ki,nM,,506.6,3.69
CHEMBL3806206,10000.0,CN/C(=N\C#N)NC[C@@H]1CC[C@H](c2c[nH]cn2)C1,Scientific Literature,Displacement of [3H]mepyramine from human histamine H1 receptor expressed in sf9 cell membrane co-expressing RGS4 incubated for 60 mins by liquid scintillation counting method,B,Homo sapiens,,J Med Chem,2016.0,Histamine H1 receptor,Ki,nM,,246.32,0.94
CHEMBL1946126,509.0,Fc1ccc(OCCCN2CCCN(c3ccc(Cl)cc3)CC2)cc1,Scientific Literature,Displacement of [3H]-Pyrilamine from human histamine H1 receptor by liquid scintillation counter,B,Homo sapiens,,Bioorg Med Chem,2012.0,Histamine H1 receptor,Ki,nM,6.29,362.88,4.46
CHEMBL1767168,25.12,O=c1c2ccccc2c(Cc2ccc(Cl)cc2)nn1C[C@@H]1CCCN1CCCCc1ccc(OCCCN2CCCCCC2)cc1,Scientific Literature,Antagonist activity at human recombinant histamine H1 receptor expressed in intact CHO cells assessed as inhibition of histamine-induced cellular calcium mobilization by FLIPR assay,F,Homo sapiens,,J Med Chem,2011.0,Histamine H1 receptor,Ki,nM,7.6,641.3,7.77
CHEMBL1767158,2.512,CN1CCCCC(n2nc(Cc3ccc(Cl)cc3)c3ccccc3c2=O)C1,Scientific Literature,Antagonist activity at human recombinant histamine H1 receptor expressed in intact CHO cells assessed as inhibition of histamine-induced cellular calcium mobilization by FLIPR assay,F,Homo sapiens,,J Med Chem,2011.0,Histamine H1 receptor,Ki,nM,8.6,381.91,4.3
CHEMBL1767147,1.995,COc1cccc(Cc2nn(C[C@H]3CCCN3C)c(=O)c3ccccc23)c1,Scientific Literature,Antagonist activity at human recombinant histamine H1 receptor expressed in intact CHO cells assessed as inhibition of histamine-induced cellular calcium mobilization by FLIPR assay,F,Homo sapiens,,J Med Chem,2011.0,Histamine H1 receptor,Ki,nM,8.7,363.46,3.09
CHEMBL1767148,0.7943,Cc1cccc(Cc2nn(C[C@H]3CCCN3C)c(=O)c3ccccc23)c1,Scientific Literature,Antagonist activity at human recombinant histamine H1 receptor expressed in intact CHO cells assessed as inhibition of histamine-induced cellular calcium mobilization by FLIPR assay,F,Homo sapiens,,J Med Chem,2011.0,Histamine H1 receptor,Ki,nM,9.1,347.46,3.39
CHEMBL328573,0.64,CN(C)C[C@@H]1C[C@@H]2c3ccccc3Cc3ccccc3N2O1,Scientific Literature,Ability to displace [3H]pyrilamine from human cloned histamine H1 receptor expressed in CHO cells,B,,,Bioorg Med Chem Lett,2004.0,Histamine H1 receptor,Ki,nM,9.19,294.4,3.4
CHEMBL3337895,19.0,COc1cccc(CNC(=O)c2nc3scc(CN(C)Cc4ccccc4)c3c(=O)[nH]2)c1,EUbOPEN Chemogenomic Library Literature Data,Selectivity interaction (GPCR panel (PDSP screen)) EUB0000726a HRH1,B,Homo sapiens,,,2023.0,Histamine H1 receptor,Ki,nM,7.72,448.55,3.56
CHEMBL106545,3715.35,CN[C@@H]1CCN(CCCOc2ccc(-c3ccc(C#N)cc3)cc2)C1,Scientific Literature,Binding affinity of human cortical histamine H1 receptor,B,,,Bioorg Med Chem Lett,2002.0,Histamine H1 receptor,Ki,nM,5.43,335.45,3.29
CHEMBL322873,275.42,CC1CCCN(CCCOc2ccc(-c3ccc(C#N)cc3)cc2)C1,Scientific Literature,Binding affinity of human cortical histamine H1 receptor,B,,,Bioorg Med Chem Lett,2002.0,Histamine H1 receptor,Ki,nM,6.56,334.46,4.73
CHEMBL1767162,39.81,O=c1c2ccccc2c(Cc2ccc(Cl)cc2)nn1CCNCCCCc1ccc(OCCCN2CCCCCC2)cc1,Scientific Literature,Antagonist activity at human recombinant histamine H1 receptor expressed in intact CHO cells assessed as inhibition of histamine-induced cellular calcium mobilization by FLIPR assay,F,Homo sapiens,,J Med Chem,2011.0,Histamine H1 receptor,Ki,nM,7.4,601.24,6.9
CHEMBL1767139,5.012,CCOc1ccc(Cc2nn(C[C@H]3CCCN3C)c(=O)c3ccccc23)cc1,Scientific Literature,Antagonist activity at human recombinant histamine H1 receptor expressed in intact CHO cells assessed as inhibition of histamine-induced cellular calcium mobilization by FLIPR assay,F,Homo sapiens,,J Med Chem,2011.0,Histamine H1 receptor,Ki,nM,8.3,377.49,3.48
CHEMBL305144,12589.25,O=C(c1ccc(OCCCN2CCN(C(=O)[C@H]3CCN3)CC2)cc1)C1CC1,Scientific Literature,Binding affinity towards Histamine H1 receptor of human membranes.,B,,,Bioorg Med Chem Lett,2002.0,Histamine H1 receptor,Ki,nM,4.9,371.48,1.55
CHEMBL155188,1000000000000000.0,NCCCCCCCCCCCCc1c[nH]cn1,Scientific Literature,Inhibitory activity against human Histamine H1 receptor,B,,,J Med Chem,2003.0,Histamine H1 receptor,Ki,nM,,251.42,3.81
CHEMBL60435,95499.26,O=C(c1ccc(OCCCN2CCN(C(=O)C[C@H]3CCCN3)CC2)cc1)C1CC1,Scientific Literature,Binding affinity towards Histamine H1 receptor of human membranes.,B,,,Bioorg Med Chem Lett,2002.0,Histamine H1 receptor,Ki,nM,4.02,399.54,2.33
CHEMBL157264,100000000000000.0,NCCc1c[nH]c(CCC(c2ccccc2)C2CCCCC2)n1,Scientific Literature,Inhibitory activity against human Histamine H1 receptor,B,,,J Med Chem,2003.0,Histamine H1 receptor,Ki,nM,,311.47,4.21
CHEMBL129198,977.24,CN1CCN(C(=O)c2cc3cc(Cl)ccc3[nH]2)CC1,Scientific Literature,Binding affinity to human histamine H1 receptor,B,Homo sapiens,,J Med Chem,2008.0,Histamine H1 receptor,Ki,nM,6.01,277.76,2.21
CHEMBL4784373,2143.0,CC(=O)Nc1ccc(OCCCN2CCC(c3noc4cc(F)ccc34)CC2)cc1,Scientific Literature,Binding affinity to H1 receptor (unknown origin),A,Homo sapiens,,Bioorg Med Chem Lett,2020.0,Histamine H1 receptor,Ki,nM,5.67,411.48,4.57
CHEMBL63125,6760.83,CCCCCC(=O)c1ccc(OCCCN2CCN(C(=O)[C@@H](C)NC(=O)OC(C)(C)C)CC2)cc1,Scientific Literature,Binding affinity towards Histamine H1 receptor of human membranes.,B,,,Bioorg Med Chem Lett,2002.0,Histamine H1 receptor,Ki,nM,5.17,489.66,4.28
CHEMBL60837,16982.44,CCCCCC(=O)c1ccc(OCCCN2CCN(C(=O)[C@@H](CO)NC(=O)OC(C)(C)C)CC2)cc1,Scientific Literature,Binding affinity towards Histamine H1 receptor of human membranes.,B,,,Bioorg Med Chem Lett,2002.0,Histamine H1 receptor,Ki,nM,4.77,505.66,3.25
CHEMBL102390,80000.0,CC(=O)c1ccc(OCCCN2CC[C@H](NC(=O)[C@@H](CO)NC(=O)OC(C)(C)C)C2)cc1,Scientific Literature,Binding affinity to the human Histamine H1 receptor,B,,,Bioorg Med Chem Lett,2002.0,Histamine H1 receptor,Ki,nM,4.1,449.55,1.73
CHEMBL157273,251188643150958.25,NCCCCCCCCCCCCc1ccncc1,Scientific Literature,Inhibitory activity against human Histamine H1 receptor,B,,,J Med Chem,2003.0,Histamine H1 receptor,Ki,nM,,262.44,4.48
CHEMBL22108,0.6918,CC(C1=C(CCN(C)C)Cc2ccccc21)c1ccccn1,Scientific Literature,Compound was evaluated for binding affinity towards cloned human histamine H1 receptors stably expressed in CHO-K1 cells using [3H]mepyramine,B,,,J Med Chem,2003.0,Histamine H1 receptor,Ki,nM,9.16,292.43,4.15
CHEMBL2207670,251.19,CS(=O)(=O)c1ccc2c(C(=O)NC[C@@H](O)CN3CCC(Oc4ccc(C#N)c(Cl)c4)CC3)c[nH]c(=O)c2c1,Scientific Literature,Displacement of [3H]-pyrilamine from human recombinant H1 histamine receptor expressed in CHOK1 cells after 1 hr,B,Homo sapiens,,Bioorg Med Chem Lett,2012.0,Histamine H1 receptor,Ki,nM,6.6,559.04,2.09
CHEMBL4163428,483.0,CN1CCN(c2ccc3c(c2)CN(C(=O)OCc2ccccc2)C3)CC1,Scientific Literature,Displacement of [3H]-Pyrilamine from human histamine H1 receptor expressed in stable HEK cells after 90 mins by microbeta scintillation counting method,B,Homo sapiens,,Eur J Med Chem,2018.0,Histamine H1 receptor,Ki,nM,6.32,351.45,3.09
CHEMBL2208424,0.3162,N#Cc1cccc(OC[C@@H](O)CCN2CCC(Oc3ccc(Cl)c(Cl)c3)CC2)c1,Scientific Literature,Displacement of [3H]-pyrilamine from human histamine H1 receptor expressed in recombinant CHOK1 cells after 1 hr,B,Homo sapiens,,Bioorg Med Chem Lett,2012.0,Histamine H1 receptor,Ki,nM,9.5,435.35,4.54
CHEMBL66388,4085.0,c1ccc2c(NCCCN3CCCC3)c3c(nc2c1)CCCCC3,Scientific Literature,Compound was tested for its binding affinity towards human H1 receptor,B,,,Bioorg Med Chem Lett,2003.0,Histamine H1 receptor,Ki,nM,5.39,323.48,4.4
CHEMBL1824778,10000.0,Cl.OC12CC3CC(CC(C3)N1Cc1cccc(F)c1)C2,Scientific Literature,Inhibition of H1 receptor by NIMH PDSP,B,,,Bioorg Med Chem Lett,2011.0,Histamine H1 receptor,Ki,nM,,297.8,2.91
CHEMBL1824777,10000.0,Cl.OC12CC3CC(CC(C3)N1Cc1ccccc1)C2,Scientific Literature,Inhibition of H1 receptor by NIMH PDSP,B,,,Bioorg Med Chem Lett,2011.0,Histamine H1 receptor,Ki,nM,,279.81,2.77
CHEMBL467094,10000.0,COc1cc2c3c(c1OC)-c1cc4c(cc1CC3N(C)CC2)OCO4,Scientific Literature,Displacement of [3H]Pyrilamine from human histamine H1 receptor,B,Homo sapiens,,Bioorg Med Chem Lett,2010.0,Histamine H1 receptor,Ki,nM,,339.39,3.18
CHEMBL1091792,59.0,COc1cccc(C(C)c2c(CCN(C)C)sc3ccccc23)n1,Scientific Literature,Displacement of [3H]pyrilamine from human histamine H1 receptor expressed in CHO Flp-In cells after 90 mins by scintillation counting,B,Homo sapiens,,Bioorg Med Chem Lett,2010.0,Histamine H1 receptor,Ki,nM,7.23,340.49,4.56
CHEMBL1092765,1.7,C[C@H](c1cccnc1F)c1c(CCN(C)C)sc2ccccc12,Scientific Literature,Displacement of [3H]pyrilamine from human histamine H1 receptor expressed in CHO Flp-In cells after 90 mins by scintillation counting,B,Homo sapiens,,Bioorg Med Chem Lett,2010.0,Histamine H1 receptor,Ki,nM,8.77,328.46,4.69
CHEMBL1093607,122.0,CC(c1c(CCN(C)C)sc2ccccc12)n1ccnc1,Scientific Literature,Displacement of [3H]pyrilamine from human histamine H1 receptor expressed in CHO Flp-In cells after 90 mins by scintillation counting,B,Homo sapiens,,Bioorg Med Chem Lett,2010.0,Histamine H1 receptor,Ki,nM,6.91,299.44,3.81
CHEMBL343755,2500.0,C[C@H]1C[C@H](C)N1C(=O)[C@@H]1C=C2c3cccc4[nH]cc(c34)CC2N(C)C1,Scientific Literature,Binding affinity towards Histamine H1 receptor,B,,,J Med Chem,2002.0,Histamine H1 receptor,Ki,nM,5.6,335.45,3.05
CHEMBL5207281,6456.54,CCCCCNC(=O)/N=C(\N)NCCCc1nnc(N)s1.O=C(O)C(F)(F)F.O=C(O)C(F)(F)F,Scientific Literature,Displacement of [3H] mepyramine from human histamine H1 receptor stably expressed in baculovirus infected Sf9 cell membrane co-expressing RGS4 incubated for 60 mins by scintillation counting analysis,B,Homo sapiens,,J Med Chem,2021.0,Histamine H1 receptor,Ki,nM,5.19,541.48,0.86
CHEMBL96471,29.7,c1ccc(C2CCN(CC3C[C@@H]4c5ccccc5Cc5ccccc5[C@H]4O3)CC2)cc1,Scientific Literature,Ability to displace [3H]pyrilamine from human cloned histamine H1 receptor expressed in CHO cells,B,,,Bioorg Med Chem Lett,2004.0,Histamine H1 receptor,Ki,nM,7.53,409.57,6.08
CHEMBL4161837,280.0,Cc1ccn(CCN2CCC(Cc3ccccc3F)CC2)n1,Scientific Literature,Displacement of [3H]pyrilamine from human HRH1 expressed in HEK cell membranes after 90 mins by scintillation counting method,B,Homo sapiens,,J Med Chem,2018.0,Histamine H1 receptor,Ki,nM,6.55,301.41,3.29
CHEMBL4160967,1866.0,Cc1oc(-c2ccc3ccccc3c2)nc1CN1CCO[C@H](CCN)C1,Scientific Literature,Displacement of [3H]pyrilamine from human HRH1 expressed in HEK cell membranes after 90 mins by scintillation counting method,B,Homo sapiens,,J Med Chem,2018.0,Histamine H1 receptor,Ki,nM,5.73,351.45,3.35
CHEMBL4166021,10000.0,CCN1CCN(CCCNC(=O)c2ccc(F)cc2Cl)CC1,Scientific Literature,Displacement of [3H]pyrilamine from human HRH1 expressed in HEK cell membranes after 90 mins by scintillation counting method,B,Homo sapiens,,J Med Chem,2018.0,Histamine H1 receptor,Ki,nM,,327.83,2.24
CHEMBL4867978,968.3,Fc1ccc2c(C3CCN(CCCOc4ccc(CCN5CCOCC5)cc4)CC3)noc2c1,Scientific Literature,Binding affinity to histamine H1 receptor (unknown origin),A,Homo sapiens,,Bioorg Med Chem Lett,2021.0,Histamine H1 receptor,Ki,nM,6.01,467.59,4.49
CHEMBL3818478,273.0,O=C1NCN(c2ccccc2)C12CCN(CCCCc1c[nH]c3ccccc13)CC2,Scientific Literature,Displacement of [3H]Pyrilamine from human recombinant histamine H1 receptor incubated for 1.5 hrs by microbeta scintillation counting method,A,Homo sapiens,,Bioorg Med Chem,2016.0,Histamine H1 receptor,Ki,nM,6.56,402.54,3.92
CHEMBL408868,26.0,COc1cc(Cl)ccc1O[C@H](c1ccccc1)[C@H]1CNCCO1,Scientific Literature,Inhibition of histamine H1 receptor,B,,,Bioorg Med Chem Lett,2008.0,Histamine H1 receptor,Ki,nM,7.58,333.82,3.46
CHEMBL1923532,4570.88,CC(C)NCc1ccc(-c2ccccc2)o1,Scientific Literature,Displacement of [3H]mepyramine from human histamine H1 receptor expressed in HEK293 cells after 1 to 1.5 hrs by scintillation counting,B,Homo sapiens,,J Med Chem,2011.0,Histamine H1 receptor,Ki,nM,5.34,215.3,3.44
CHEMBL5076314,402.9,CN1CCN(c2ccc(Nc3c4ccccc4nc4ccccc34)cc2)CC1.Cl.Cl.O,EUbOPEN Chemogenomic Library,"PDSP Secondary Binding target: HRH1 - Compounds are tested at 10 uM concentration, plate are incubated at room temperature in the dark for 90 minutes. Reaction are stopped by vacuum filtration onto 0.3% polyethyleneimine soaked filter mats using Filtermate harvester. Scintillation cocktail is then melted onto microwave-dried filters on a hot plate and the radio activity is counted in Microbia counter. Compounds showing a minimum of 50% inhibition at 10 uM concentration are carried forward in this secondary binding assay to determine equilibrium binding affinity.",B,Homo sapiens,,,2024.0,Histamine H1 receptor,Ki,nM,6.39,459.42,4.88
CHEMBL5175558,10715.19,Cc1nnc(CCCN/C(N)=N/C(=O)NCc2ccccc2)s1.O=C(O)C(F)(F)F,Scientific Literature,Displacement of [3H] mepyramine from human histamine H1 receptor stably expressed in baculovirus infected Sf9 cell membrane co-expressing RGS4 incubated for 60 mins by scintillation counting analysis,B,Homo sapiens,,J Med Chem,2021.0,Histamine H1 receptor,Ki,nM,4.97,446.46,1.59
CHEMBL5180504,1348.96,Cc1ccc(CC(C)CNC(=O)/N=C(\N)NCCCc2nnc(N)s2)cc1.O=C(O)C(F)(F)F.O=C(O)C(F)(F)F,Scientific Literature,Displacement of [3H] mepyramine from human histamine H1 receptor stably expressed in baculovirus infected Sf9 cell membrane co-expressing RGS4 incubated for 60 mins by scintillation counting analysis,B,Homo sapiens,,J Med Chem,2021.0,Histamine H1 receptor,Ki,nM,5.87,617.57,1.85
CHEMBL3819434,186.21,Cl.OC1(c2ccc(Cl)cc2)CC2CCC(C1)N2CCCCc1nc2ccccc2s1,Scientific Literature,Displacement of [3H]Pyrilamine from human recombinant histamine H1 receptor incubated for 1.5 hrs by microbeta scintillation counting method,A,Homo sapiens,,Bioorg Med Chem,2016.0,Histamine H1 receptor,Ki,nM,6.73,463.47,5.79
CHEMBL3959919,327.0,COc1cc2c(cc1OC)CN(CCCCc1nc3cc(Cl)ccc3s1)CC2.Cl,Scientific Literature,Displacement of [3H]-pyrilamine from human histamine H1 receptor by liquid scintillation counting method,A,Homo sapiens,,Bioorg Med Chem,2016.0,Histamine H1 receptor,Ki,nM,6.49,453.44,5.35
CHEMBL3924565,3224.0,Cl.O=C(CCCN1CCCc2ccccc2C1)c1ccc(Cl)cc1,Scientific Literature,Displacement of [3H]-pyrilamine from human histamine H1 receptor by liquid scintillation counting method,A,Homo sapiens,,Bioorg Med Chem,2016.0,Histamine H1 receptor,Ki,nM,5.49,364.32,4.75
CHEMBL3905009,2.512,CN1CCC(Oc2ccccc2Cc2ccc(Cl)cc2)CC1.O=C(O)/C=C/C(=O)O,Scientific Literature,Displacement of [3H]mepyramine from human wild type N-terminal hemagglutinin-tagged histamine H1 receptor expressed in HEK293T cells after 4 hrs by microbeta liquid scintillation counting analysis,B,Homo sapiens,,J Med Chem,2016.0,Histamine H1 receptor,Ki,nM,8.6,431.92,4.4
CHEMBL4576555,1901.2,CN1CCN(C(=O)C(C)(C)c2ccc(C(=O)Nc3cn4cc(-c5cc(C(C)(C)C)cc(C(C)(C)C)c5)ccc4n3)cc2)CC1,SGC Frankfurt - Donated Chemical Probes,GPCRScan assay: inhibition of H1,B,Homo sapiens,,,2021.0,Histamine H1 receptor,Ki,nM,5.72,593.82,6.9
CHEMBL3753318,10000.0,C=CCN(CC=C)CCc1c[nH]c2ccc(C)cc12,Scientific Literature,Binding affinity to histamine H1 receptor (unknown origin) by competition binding assay,B,Homo sapiens,,Bioorg Med Chem Lett,2016.0,Histamine H1 receptor,Ki,nM,,254.38,3.69
CHEMBL4875600,7762.47,Cc1nc(N)sc1CCCN/C(N)=N/C(=O)NC(C)c1cccc(F)c1,Scientific Literature,Displacement of [3H]mepyramine from human histamine H1 receptor expressed in sf9 insect cell membranes co-expressing RGS4 incubated for 60 mins by microbeta scintillation counting method,B,Homo sapiens,,Eur J Med Chem,2021.0,Histamine H1 receptor,Ki,nM,5.11,378.48,2.48
CHEMBL4863347,4466.84,Cc1nc(N)sc1CCCN/C(N)=N/C(=O)NC(C)c1ccc(Cl)cc1,Scientific Literature,Displacement of [3H]mepyramine from human histamine H1 receptor expressed in sf9 insect cell membranes co-expressing RGS4 incubated for 60 mins by microbeta scintillation counting method,B,Homo sapiens,,Eur J Med Chem,2021.0,Histamine H1 receptor,Ki,nM,5.35,394.93,2.99
CHEMBL154566,31622776601683.79,NCCCCCCCCCc1ccccn1,Scientific Literature,Inhibitory activity against human Histamine H1 receptor,B,,,J Med Chem,2003.0,Histamine H1 receptor,Ki,nM,,220.36,3.31
CHEMBL1643901,10000.0,CN(Cc1cccc(F)c1)[C@H]1C2C3CC4C5C3CC2C5C41,Scientific Literature,Inhibition of histamine H1 receptor (unknown origin) by PDSP assay,B,Homo sapiens,,Bioorg Med Chem,2013.0,Histamine H1 receptor,Ki,nM,,283.39,3.4
CHEMBL255220,2511.89,Cc1nc2ccc3c(c2s1)CCN(CCCSc1nnc(-c2ocnc2C)n1C)CC3,Scientific Literature,Antagonist activity at histamine H1 receptor by FLIPR assay,F,,,Bioorg Med Chem Lett,2008.0,Histamine H1 receptor,Ki,nM,,454.63,4.28
CHEMBL291847,9772.37,CCCCCC(=O)c1ccc(OCCCN2CCN(C(=O)[C@@H](N)CC(C)C)CC2)cc1,Scientific Literature,Binding affinity towards Histamine H1 receptor of human membranes.,B,,,Bioorg Med Chem Lett,2002.0,Histamine H1 receptor,Ki,nM,5.01,431.62,3.74
CHEMBL478617,635.4,O=C(CCCN1C2CCC1CC(O)(c1ccccc1)C2)c1ccc(F)cc1,Scientific Literature,Binding affinity to human cloned histamine H1 receptor,B,Homo sapiens,,Bioorg Med Chem,2008.0,Histamine H1 receptor,Ki,nM,6.2,367.46,4.3
CHEMBL62726,74.13,CCCCCC(=O)c1ccc(OCCCN2CCN(C(=O)c3cccs3)CC2)cc1,Scientific Literature,Binding affinity for the human Histamine H1 Receptor,B,,,Bioorg Med Chem Lett,2002.0,Histamine H1 receptor,Ki,nM,7.13,428.6,4.74
CHEMBL4177497,298.0,C=C(C)CN1CCN(c2ccc3c(c2)CN(C(=O)OCc2ccccc2)C3)CC1,Scientific Literature,Displacement of [3H]-Pyrilamine from human histamine H1 receptor expressed in stable HEK cells after 90 mins by microbeta scintillation counting method,B,Homo sapiens,,Eur J Med Chem,2018.0,Histamine H1 receptor,Ki,nM,6.53,391.52,4.04
CHEMBL4174189,1061.0,CCOC(=O)CCN1CCN(c2ccc3c(c2)CN(C(=O)OCc2ccccc2)C3)CC1,Scientific Literature,Displacement of [3H]-Pyrilamine from human histamine H1 receptor expressed in stable HEK cells after 90 mins by microbeta scintillation counting method,B,Homo sapiens,,Eur J Med Chem,2018.0,Histamine H1 receptor,Ki,nM,5.97,437.54,3.41
CHEMBL63632,13489.63,CCCCCC(=O)c1ccc(OCCCN2CCN(S(=O)(=O)c3ccc(C#N)cc3)CC2)cc1,Scientific Literature,Binding affinity for the human Histamine H1 Receptor,B,,,Bioorg Med Chem Lett,2002.0,Histamine H1 receptor,Ki,nM,4.87,483.63,4.1
CHEMBL64100,354.81,CCCCCC(=O)c1ccc(OCCCN2CCN(C(=O)C3CCC3)CC2)cc1,Scientific Literature,Binding affinity for the human Histamine H1 Receptor,B,,,Bioorg Med Chem Lett,2002.0,Histamine H1 receptor,Ki,nM,6.45,400.56,4.16
CHEMBL61231,933.25,CCOC(=O)N1CCN(CCCOc2ccc(C(=O)CC(C)C)cc2)CC1,Scientific Literature,Binding affinity for the human Histamine H1 Receptor,B,,,Bioorg Med Chem Lett,2002.0,Histamine H1 receptor,Ki,nM,6.03,376.5,3.46
CHEMBL64253,2238.72,CCCCCC(=O)c1ccc(OCCCN2CCN(CC3CC3)CC2)cc1,Scientific Literature,Binding affinity for the human Histamine H1 Receptor,B,,,Bioorg Med Chem Lett,2002.0,Histamine H1 receptor,Ki,nM,5.65,372.55,4.25
CHEMBL4544251,170.0,O=C(O)c1cc(-c2ccc(C3CCNCC3)cc2)cc(-n2cc(-c3ccc(Cl)s3)nn2)c1,Scientific Literature,Binding affinity to human H1 histamine receptor expressed in HEK cells by PDSP assay,B,Homo sapiens,,J Med Chem,2016.0,Histamine H1 receptor,Ki,nM,6.77,464.98,5.48
CHEMBL28607,10000.0,COc1ccc(N2CCN(Cc3c[nH]c4ncccc34)CC2)cc1,Scientific Literature,Binding affinity to cloned Histamine H1 receptor,B,,,Bioorg Med Chem Lett,2001.0,Histamine H1 receptor,Ki,nM,,322.41,2.89
CHEMBL293033,16218.1,CC(C)(C)OC[C@@H](N)C(=O)N1CCN(CCCOc2ccc(C(=O)C3CC3)cc2)CC1,Scientific Literature,Binding affinity towards Histamine H1 receptor of human membranes.,B,,,Bioorg Med Chem Lett,2002.0,Histamine H1 receptor,Ki,nM,4.79,431.58,2.33
CHEMBL1092118,5.2,C[C@@H](c1cncs1)c1c(CCN(C)C)sc2ccccc12,Scientific Literature,Displacement of [3H]pyrilamine from human histamine H1 receptor expressed in CHO Flp-In cells after 90 mins by scintillation counting,B,Homo sapiens,,Bioorg Med Chem Lett,2010.0,Histamine H1 receptor,Ki,nM,8.28,316.49,4.61
CHEMBL62266,9332.54,CCCCCC(=O)c1ccc(OCCCN2CCN(C(=O)[C@H](Cc3ccncc3)NC(=O)OC(C)(C)C)CC2)cc1,Scientific Literature,Binding affinity towards Histamine H1 receptor of human membranes.,B,,,Bioorg Med Chem Lett,2002.0,Histamine H1 receptor,Ki,nM,5.03,566.74,4.89
CHEMBL302829,70794.58,CC[C@@H](N)C(=O)N1CCN(CCCOc2ccc(C(=O)C3CC3)cc2)CC1,Scientific Literature,Binding affinity towards Histamine H1 receptor of human membranes.,B,,,Bioorg Med Chem Lett,2002.0,Histamine H1 receptor,Ki,nM,4.15,373.5,1.93
CHEMBL255620,3162.28,Cc1ccc2c(-c3nnc(SCCCN4CCc5cc6nc(N(C)C)oc6cc5CC4)n3C)cccc2n1,Scientific Literature,Antagonist activity at histamine H1 receptor by FLIPR assay,F,,,Bioorg Med Chem Lett,2008.0,Histamine H1 receptor,Ki,nM,,527.7,5.13
CHEMBL271844,2511.89,Cc1ccc2c(-c3nnc(SCCCN4CCc5cc6ncoc6cc5CC4)n3C)cccc2n1,Scientific Literature,Antagonist activity at histamine H1 receptor by FLIPR assay,F,,,Bioorg Med Chem Lett,2008.0,Histamine H1 receptor,Ki,nM,5.6,484.63,5.06
CHEMBL394144,1995.26,C[C@@H]1CCCN1CCCOc1ccc(N2CCN(C(=O)c3ccc(F)cc3)CC2=O)cc1.O=CO,Scientific Literature,Antagonist activity at human recombinant histamine H1 receptor expressed in CHO cells assessed as inhibition of histamine-induced cellular calcium mobilization,F,Homo sapiens,,J Med Chem,2007.0,Histamine H1 receptor,Ki,nM,,485.56,3.57
CHEMBL269995,3981.07,Cc1nc2cc3c(cc2o1)CCN(CCCSc1nnc(-c2ccc(F)c(F)c2)n1C)CC3,Scientific Literature,Antagonist activity at histamine H1 receptor by FLIPR assay,F,,,Bioorg Med Chem Lett,2008.0,Histamine H1 receptor,Ki,nM,,469.56,4.79
CHEMBL256653,3981.07,Cc1nc2cc3c(cc2o1)CCN(CCCSc1nnc(-c2cccnc2)n1C)CC3,Scientific Literature,Antagonist activity at histamine H1 receptor by FLIPR assay,F,,,Bioorg Med Chem Lett,2008.0,Histamine H1 receptor,Ki,nM,,434.57,3.91
CHEMBL256016,3162.28,Cc1ncoc1-c1nnc(SCCCN2CCc3cc4nc(C(C)C)oc4cc3CC2)n1C,Scientific Literature,Antagonist activity at histamine H1 receptor by FLIPR assay,F,,,Bioorg Med Chem Lett,2008.0,Histamine H1 receptor,Ki,nM,,466.61,4.63
CHEMBL1243394,280.0,FC(F)(F)c1ccc(SC[C@H](c2c[nH]cn2)C2CCNCC2)cc1,Scientific Literature,Binding affinity to human histamine H1 receptor,B,Homo sapiens,,J Med Chem,2010.0,Histamine H1 receptor,Ki,nM,6.55,355.43,4.3
CHEMBL1090527,0.3,C[C@H](C1=C(CCN(C)C)Cc2cc(F)ccc21)c1nccs1,Scientific Literature,Binding affinity at histamine H1 receptor,B,,,Bioorg Med Chem Lett,2010.0,Histamine H1 receptor,Ki,nM,9.52,316.44,4.35
CHEMBL571389,39.0,Cc1ccc(CCCCN2CCC(C(O)(c3ccccc3)c3ccccc3)CC2)cc1,Scientific Literature,Displacement of [3H]pyrilamine from human recombinant histamine H1 receptor expressed in CHO cell by Betaplate scintillation counting,B,Homo sapiens,,Bioorg Med Chem Lett,2009.0,Histamine H1 receptor,Ki,nM,7.41,413.61,5.97
CHEMBL137781,500.0,C[C@@H]1C[C@H](C)N1C(=O)[C@@H]1C=C2c3cccc4[nH]cc(c34)CC2N(C)C1,Scientific Literature,Binding affinity against Histamine H1 receptor,B,,,J Med Chem,2002.0,Histamine H1 receptor,Ki,nM,6.3,335.45,3.05
CHEMBL402143,374.0,COc1c(OCCF)cccc1C(O)C1CCN(CCc2ccc(F)cc2)CC1,Scientific Literature,Inhibition of human cloned histamine H1 receptor by competitive binding experiment,B,Homo sapiens,,Bioorg Med Chem,2009.0,Histamine H1 receptor,Ki,nM,6.43,405.49,4.17
CHEMBL516088,944.0,COc1c(OCCF)cccc1C(=O)C1CCN(CCc2ccc(F)cc2)CC1,Scientific Literature,Inhibition of human cloned histamine H1 receptor by competitive binding experiment,B,Homo sapiens,,Bioorg Med Chem,2009.0,Histamine H1 receptor,Ki,nM,6.03,403.47,4.32
CHEMBL2158789,199.53,Cc1c(OC2CCN(CC3CCN([C@@](C)(Cc4ccccc4)C(=O)O)CC3)CC2)ccc(Cl)c1Cl,Scientific Literature,Binding affinity to histamine H1 receptor,B,,,Bioorg Med Chem Lett,2012.0,Histamine H1 receptor,Ki,nM,6.7,519.51,5.94
CHEMBL2158770,25.12,N#Cc1cccc(C[C@@H](C(=O)O)N2CCC(CN3CCC(Oc4ccc(Cl)c(Cl)c4)CC3)CC2)c1,Scientific Literature,Binding affinity to histamine H1 receptor,B,,,Bioorg Med Chem Lett,2012.0,Histamine H1 receptor,Ki,nM,7.6,516.47,5.12
CHEMBL4876267,2884.03,Cc1nc(N)sc1CCCN/C(N)=N/C(=O)NC(C)c1ccc(Br)cc1,Scientific Literature,Displacement of [3H]mepyramine from human histamine H1 receptor expressed in sf9 insect cell membranes co-expressing RGS4 incubated for 60 mins by microbeta scintillation counting method,B,Homo sapiens,,Eur J Med Chem,2021.0,Histamine H1 receptor,Ki,nM,5.54,439.38,3.1
CHEMBL4878215,1202.26,N/C(=N\C(=O)NCc1ccccc1)NC1CCc2nc(N)sc2C1,Scientific Literature,Displacement of [3H]mepyramine from human histamine H1 receptor expressed in sf9 insect cell membranes co-expressing RGS4 incubated for 60 mins by microbeta scintillation counting method,B,Homo sapiens,,Eur J Med Chem,2021.0,Histamine H1 receptor,Ki,nM,5.92,344.44,1.4
CHEMBL505,0.92,CN(C)CCC(c1ccc(Cl)cc1)c1ccccn1,Scientific Literature,Displacement of [3H]Pyrilamine from histamine H1 receptor (unknown origin),B,Homo sapiens,,Bioorg Med Chem Lett,2014.0,Histamine H1 receptor,Ki,nM,9.04,274.8,3.82
CHEMBL2436555,10000.0,Cl.NC1=Nc2ccc(Cl)cc2CN1,Scientific Literature,Displacement of [3H]Pyrilamine from human recombinant histamine H1 receptor expressed in HEK cells after 90 mins by scintillation counting analysis,B,Homo sapiens,,Bioorg Med Chem Lett,2013.0,Histamine H1 receptor,Ki,nM,,218.09,1.39
CHEMBL419912,3715.35,CCOC(=O)N1CCN(CCCOc2ccc(-c3ccncc3)cc2)CC1,Scientific Literature,Binding affinity of human cortical histamine H1 receptor,B,,,Bioorg Med Chem Lett,2002.0,Histamine H1 receptor,Ki,nM,5.43,369.47,3.29
CHEMBL4293999,630.3,O=C(CCCCN1CCC(c2noc3cc(F)ccc23)CC1)c1cc2c3c(c1)CCN3C(=O)CC2,Scientific Literature,Binding affinity to H1 receptor (unknown origin),B,Homo sapiens,,Eur J Med Chem,2020.0,Histamine H1 receptor,Ki,nM,6.2,475.56,5.03
CHEMBL101691,9100.0,O=C(c1ccc(OCCCN2CC[C@H](NS(=O)(=O)c3ccccc3)C2)cc1)C1CC1,Scientific Literature,Binding affinity to the human Histamine H1 receptor,B,,,Bioorg Med Chem Lett,2002.0,Histamine H1 receptor,Ki,nM,5.04,428.55,3.1
CHEMBL420108,6200.0,N#Cc1ccccc1S(=O)(=O)N[C@H]1CCN(CCCOc2ccc(C(=O)C3CC3)cc2)C1,Scientific Literature,Binding affinity to the human Histamine H1 receptor,B,,,Bioorg Med Chem Lett,2002.0,Histamine H1 receptor,Ki,nM,5.21,453.56,2.97
CHEMBL1222692,125.89,O=C(O)C1CCC(N2CCN(C3=Cc4ccccc4Cn4ccnc43)CC2)CC1,Scientific Literature,Antagonist activity at human recombinant histamine H1 receptor expressed in CHO cells by FLPR assay,F,Homo sapiens,,Bioorg Med Chem Lett,2010.0,Histamine H1 receptor,Ki,nM,6.9,392.5,3.0
CHEMBL3806255,8750.0,CC(C)CN/C(=N/C#N)NC[C@H]1CC[C@H](c2c[nH]cn2)C1,Scientific Literature,Displacement of [3H]mepyramine from human histamine H1 receptor expressed in sf9 cell membrane co-expressing RGS4 incubated for 60 mins by liquid scintillation counting method,B,Homo sapiens,,J Med Chem,2016.0,Histamine H1 receptor,Ki,nM,5.06,288.4,1.97
CHEMBL3805361,6080.0,N#C/N=C(/NCCSc1ccccc1)NC[C@H]1CC[C@H](c2c[nH]cn2)C1,Scientific Literature,Displacement of [3H]mepyramine from human histamine H1 receptor expressed in sf9 cell membrane co-expressing RGS4 incubated for 60 mins by liquid scintillation counting method,B,Homo sapiens,,J Med Chem,2016.0,Histamine H1 receptor,Ki,nM,5.22,368.51,3.1
CHEMBL3805178,10000.0,N#C/N=C(/NCCNc1ccccc1)NC[C@@H]1CC[C@H](c2c[nH]cn2)C1,Scientific Literature,Displacement of [3H]mepyramine from human histamine H1 receptor expressed in sf9 cell membrane co-expressing RGS4 incubated for 60 mins by liquid scintillation counting method,B,Homo sapiens,,J Med Chem,2016.0,Histamine H1 receptor,Ki,nM,,351.46,2.42
CHEMBL4744110,7419.0,c1ccc2cc(OCCCN3CCN(c4ccncc4)CC3)ccc2c1,Scientific Literature,Displacement of [3H]mepyramine from human H1R expressed in Sf9 cell membranes co-expressing RGS4 measured after 60 mins by scintillation counting analysis,B,Homo sapiens,,Eur J Med Chem,2021.0,Histamine H1 receptor,Ki,nM,5.13,347.46,3.83
CHEMBL106602,446.68,CCOC(=O)N1CCN(CCCOc2ccc(-c3cccs3)cc2)CC1,Scientific Literature,Binding affinity of human cortical histamine H1 receptor,B,,,Bioorg Med Chem Lett,2002.0,Histamine H1 receptor,Ki,nM,6.35,374.51,3.96
CHEMBL4293307,7031.0,COc1ccc(N(CCCCN2CCC(O)(c3ccc(Cl)c(C(F)(F)F)c3)CC2)c2ccc(OC)cc2)cc1,Scientific Literature,Displacement of [3H]Pyrilamine from human H1 receptor expressed in HEK cells by radioligand binding assay,B,Homo sapiens,,Bioorg Med Chem Lett,2018.0,Histamine H1 receptor,Ki,nM,5.15,563.06,7.28
CHEMBL3819494,831.76,c1ccc2c(c1)CCN(CCCCc1c[nH]c3ccccc13)C2,Scientific Literature,Displacement of [3H]Pyrilamine from human H1 receptor expressed in cell membranes after 1 hr by liquid scintillation counting,B,Homo sapiens,,Bioorg Med Chem,2016.0,Histamine H1 receptor,Ki,nM,6.08,304.44,4.55
CHEMBL154068,50118723362727.15,NCCc1c[nH]c(-c2ccc(Cl)c(Cl)c2)n1,Scientific Literature,Inhibitory activity against human Histamine H1 receptor,B,,,J Med Chem,2003.0,Histamine H1 receptor,Ki,nM,,256.14,2.88
CHEMBL104618,9400.0,O=C(c1ccc(OCCCN2CC[C@H](NS(=O)(=O)c3ccccc3F)C2)cc1)C1CC1,Scientific Literature,Binding affinity to the human Histamine H1 receptor,B,,,Bioorg Med Chem Lett,2002.0,Histamine H1 receptor,Ki,nM,5.03,446.54,3.24
CHEMBL103027,6600.0,Cc1cccc(S(=O)(=O)N[C@H]2CCN(CCCOc3ccc(C(=O)C4CC4)cc3)C2)c1,Scientific Literature,Binding affinity to the human Histamine H1 receptor,B,,,Bioorg Med Chem Lett,2002.0,Histamine H1 receptor,Ki,nM,5.18,442.58,3.41
CHEMBL157217,251188643150958.25,c1nc(CCCCCCCCCCN2CCCC2)c[nH]1,Scientific Literature,Inhibitory activity against human Histamine H1 receptor,B,,,J Med Chem,2003.0,Histamine H1 receptor,Ki,nM,,277.46,4.17
CHEMBL96158,14.0,CN(C)CC1C[C@@H]2c3ccccc3Oc3ccccc3[C@H]2O1,Scientific Literature,Ability to displace [3H]pyrilamine from human cloned histamine H1 receptor expressed in CHO cells,B,,,Bioorg Med Chem Lett,2004.0,Histamine H1 receptor,Ki,nM,7.85,295.38,3.97
CHEMBL64408,1071.52,CCCCCC(=O)c1ccc(OCCCN2CCN(C(=O)OC)CC2)cc1,Scientific Literature,Binding affinity for the human Histamine H1 Receptor,B,,,Bioorg Med Chem Lett,2002.0,Histamine H1 receptor,Ki,nM,5.97,376.5,3.6
CHEMBL64799,933.25,CCOC(=O)N1CCN(CCCOc2ccc(C(=O)Cc3ccccc3)cc2)CC1,Scientific Literature,Binding affinity for the human Histamine H1 Receptor,B,,,Bioorg Med Chem Lett,2002.0,Histamine H1 receptor,Ki,nM,6.03,410.51,3.66
CHEMBL1082036,38400.0,CCOc1cc(CN2CCC(Nc3nc4cc(S(=O)(=O)CC)ccc4o3)CC2)cc(OC2CCOCC2)c1,Scientific Literature,Binding affinity to human histamine H1 receptor,B,Homo sapiens,,Bioorg Med Chem Lett,2009.0,Histamine H1 receptor,Ki,nM,4.42,543.69,4.65
CHEMBL1091793,38.0,CC(c1cccc(F)n1)c1c(CCN(C)C)sc2ccccc12,Scientific Literature,Displacement of [3H]pyrilamine from human histamine H1 receptor expressed in CHO Flp-In cells after 90 mins by scintillation counting,B,Homo sapiens,,Bioorg Med Chem Lett,2010.0,Histamine H1 receptor,Ki,nM,7.42,328.46,4.69
CHEMBL1092496,69.0,Cc1ccc(C(C)c2c(CCN(C)C)sc3ccccc23)cn1,Scientific Literature,Displacement of [3H]pyrilamine from human histamine H1 receptor expressed in CHO Flp-In cells after 90 mins by scintillation counting,B,Homo sapiens,,Bioorg Med Chem Lett,2010.0,Histamine H1 receptor,Ki,nM,7.16,324.49,4.86
CHEMBL1092812,120.0,COc1ccc(C(C)c2c(CCN(C)C)sc3ccccc23)cn1,Scientific Literature,Displacement of [3H]pyrilamine from human histamine H1 receptor expressed in CHO Flp-In cells after 90 mins by scintillation counting,B,Homo sapiens,,Bioorg Med Chem Lett,2010.0,Histamine H1 receptor,Ki,nM,6.92,340.49,4.56
CHEMBL272545,1258.93,CCc1nc2cc3c(cc2o1)CCN(CCCSc1nnc(-c2cccc4nc(C)ccc24)n1C)CC3,Scientific Literature,Antagonist activity at histamine H1 receptor by FLIPR assay,F,,,Bioorg Med Chem Lett,2008.0,Histamine H1 receptor,Ki,nM,,512.68,5.63
CHEMBL73307,189.0,CNCC1c2ccccc2Cc2ccccc21,Scientific Literature,Displacement of [3H]chlorphniramine from human histamine H1 receptor expressed in cells,B,Homo sapiens,,Bioorg Med Chem,2009.0,Histamine H1 receptor,Ki,nM,6.72,223.32,2.94
CHEMBL160933,25.0,CN(C)CC1c2ccccc2Cc2ccccc21,Scientific Literature,Displacement of [3H]chlorphniramine from human histamine H1 receptor expressed in cells,B,Homo sapiens,,Bioorg Med Chem,2009.0,Histamine H1 receptor,Ki,nM,7.6,237.35,3.28
CHEMBL160893,137.0,NCCC1c2ccccc2Cc2ccccc21,Scientific Literature,Displacement of [3H]chlorphniramine from human histamine H1 receptor expressed in cells,B,Homo sapiens,,Bioorg Med Chem,2009.0,Histamine H1 receptor,Ki,nM,6.86,223.32,3.07
CHEMBL609579,2758.0,NCCC(c1ccccc1)c1ccccc1,Scientific Literature,Displacement of [3H]chlorphniramine from human histamine H1 receptor expressed in cells,B,Homo sapiens,,Bioorg Med Chem,2009.0,Histamine H1 receptor,Ki,nM,5.56,211.31,3.17
CHEMBL593103,1000.0,CN1CCN(c2cc(NCc3ccc(F)cc3)nc(N)n2)CC1,Scientific Literature,Displacement of [3H]pyrilamine from human histamine H1 receptor expressed in Sf9 cells co-expressing RGS4,B,Homo sapiens,,Bioorg Med Chem,2009.0,Histamine H1 receptor,Ki,nM,,316.38,1.56
CHEMBL302468,4570.88,N[C@@H](C(=O)N1CCN(CCCOc2ccc(C(=O)C3CC3)cc2)CC1)c1ccccc1,Scientific Literature,Binding affinity towards Histamine H1 receptor of human membranes.,B,,,Bioorg Med Chem Lett,2002.0,Histamine H1 receptor,Ki,nM,5.34,421.54,2.89
CHEMBL62115,2041.74,CCCCCC(=O)c1ccc(OCCCN2CCN(C(=O)c3cnccn3)CC2)cc1,Scientific Literature,Binding affinity for the human Histamine H1 Receptor,B,,,Bioorg Med Chem Lett,2002.0,Histamine H1 receptor,Ki,nM,5.69,424.55,3.47
CHEMBL64120,46773.51,CC(C)(C)OC(=O)N1CCC[C@@H]1C(=O)N1CCN(CCCOc2ccc(C(=O)C3CC3)cc2)CC1,Scientific Literature,Binding affinity towards Histamine H1 receptor of human membranes.,B,,,Bioorg Med Chem Lett,2002.0,Histamine H1 receptor,Ki,nM,4.33,485.63,3.59
CHEMBL305338,56.23,CCCCCC(=O)c1ccc(OCCCN2CCN(C(=O)Cc3ccccc3)CC2)cc1,Scientific Literature,Binding affinity for the human Histamine H1 Receptor,B,,,Bioorg Med Chem Lett,2002.0,Histamine H1 receptor,Ki,nM,7.25,436.6,4.61
CHEMBL3908870,3890.45,CC1(C)CC(=O)N(CCCCN2Cc3ccccc3C2)C(=O)C1,Scientific Literature,Displacement of [3H]-pyrilamine from human histamine H1 receptor by liquid scintillation counting method,A,Homo sapiens,,Bioorg Med Chem,2016.0,Histamine H1 receptor,Ki,nM,5.41,314.43,2.96
CHEMBL558933,2.8,CN(C1CCCCC1)C1CCN(c2nc3ccccc3n2Cc2ccc(F)cc2)CC1,Scientific Literature,Displacement of [3H]pyrilamine from human histamine H1 receptor expressed in CHO Flp-In cells by liquid scintillation assay,B,Homo sapiens,,Bioorg Med Chem Lett,2009.0,Histamine H1 receptor,Ki,nM,8.55,420.58,5.46
CHEMBL93321,9.6,CN(C)CC1C[C@@H]2c3ccccc3OCc3ccccc3[C@H]2O1,Scientific Literature,Ability to displace [3H]pyrilamine from human cloned histamine H1 receptor expressed in CHO cells,B,,,Bioorg Med Chem Lett,2004.0,Histamine H1 receptor,Ki,nM,8.02,309.41,3.75
CHEMBL239099,2511.89,N#Cc1ccc(C(=O)N2CCN(c3ccc(OC4CCN(C5CCC5)CC4)cc3)C(=O)C2)cc1.O=CO,Scientific Literature,Antagonist activity at human recombinant histamine H1 receptor expressed in CHO cells assessed as inhibition of histamine-induced cellular calcium mobilization,F,Homo sapiens,,J Med Chem,2007.0,Histamine H1 receptor,Ki,nM,,504.59,3.44
CHEMBL238456,3162.28,CC(C)N1CCC(Oc2ccc(N3CCN(C(=O)c4ccc(C#N)cc4)CC3=O)cc2)CC1.O=CO,Scientific Literature,Antagonist activity at human recombinant histamine H1 receptor expressed in CHO cells assessed as inhibition of histamine-induced cellular calcium mobilization,F,Homo sapiens,,J Med Chem,2007.0,Histamine H1 receptor,Ki,nM,,492.58,3.3
CHEMBL539093,3162.28,CC(C)N1CCC(Oc2ccc(N3CCN(C(=O)c4ccc(Cl)cc4)CC3=O)cc2)CC1.Cl,Scientific Literature,Antagonist activity at human recombinant histamine H1 receptor expressed in CHO cells assessed as inhibition of histamine-induced cellular calcium mobilization,F,Homo sapiens,,J Med Chem,2007.0,Histamine H1 receptor,Ki,nM,,492.45,4.08
CHEMBL238870,2511.89,O=C(c1ccc(F)cc1)N1CCN(c2ccc(OCCCN3CCCCCC3)cc2)C(=O)C1.O=CO,Scientific Literature,Antagonist activity at human recombinant histamine H1 receptor expressed in CHO cells assessed as inhibition of histamine-induced cellular calcium mobilization,F,Homo sapiens,,J Med Chem,2007.0,Histamine H1 receptor,Ki,nM,,499.58,3.96
CHEMBL240352,1995.26,O=C(c1ccc(F)cc1F)N1CCN(c2ccc(OCCCN3CCCC3)cc2)C(=O)C1,Scientific Literature,Antagonist activity at human recombinant histamine H1 receptor expressed in CHO cells assessed as inhibition of histamine-induced cellular calcium mobilization,F,Homo sapiens,,J Med Chem,2007.0,Histamine H1 receptor,Ki,nM,5.7,443.49,3.32
CHEMBL534737,2511.89,Cl.O=C(C1CC1)N1CCN(c2ccc(OCCCN3CCCCC3)cc2)C(=O)C1,Scientific Literature,Antagonist activity at human recombinant histamine H1 receptor expressed in CHO cells assessed as inhibition of histamine-induced cellular calcium mobilization,F,Homo sapiens,,J Med Chem,2007.0,Histamine H1 receptor,Ki,nM,,421.97,2.53
CHEMBL238503,2511.89,O=C(c1ccncc1)N1CCN(c2ccc(OCCCN3CCCCC3)cc2)C(=O)C1.O=CO,Scientific Literature,Antagonist activity at human recombinant histamine H1 receptor expressed in CHO cells assessed as inhibition of histamine-induced cellular calcium mobilization,F,Homo sapiens,,J Med Chem,2007.0,Histamine H1 receptor,Ki,nM,,468.55,2.83
CHEMBL79834,308.32,O=C1NCN(c2ccccc2)C12CCN(CCCOc1ccc(F)cc1)CC2,EUbOPEN Chemogenomic Library,"PDSP Secondary Binding target: HRH1 - Compounds are tested at 10 uM concentration, plate are incubated at room temperature in the dark for 90 minutes. Reaction are stopped by vacuum filtration onto 0.3% polyethyleneimine soaked filter mats using Filtermate harvester. Scintillation cocktail is then melted onto microwave-dried filters on a hot plate and the radio activity is counted in Microbia counter. Compounds showing a minimum of 50% inhibition at 10 uM concentration are carried forward in this secondary binding assay to determine equilibrium binding affinity.",B,Homo sapiens,,,2024.0,Histamine H1 receptor,Ki,nM,6.51,383.47,3.02
CHEMBL431172,26302.68,CCCCCC(=O)c1ccc(OCCCN2CCN(S(C)(=O)=O)CC2)cc1,Scientific Literature,Binding affinity for the human Histamine H1 Receptor,B,,,Bioorg Med Chem Lett,2002.0,Histamine H1 receptor,Ki,nM,4.58,396.55,2.8
CHEMBL559206,1258.93,Cl.O=C(c1ccccc1)N1CCN(c2ccc(OCCCN3CCCCC3)cc2)C(=O)C1,Scientific Literature,Antagonist activity at human recombinant histamine H1 receptor expressed in CHO cells assessed as inhibition of histamine-induced cellular calcium mobilization,F,Homo sapiens,,J Med Chem,2007.0,Histamine H1 receptor,Ki,nM,5.9,458.0,3.43
CHEMBL4161436,19.0,c1ccc(-c2nc(CN3CCCN(c4nccs4)CC3)co2)cc1,Scientific Literature,Displacement of [3H]pyrilamine from human HRH1 expressed in HEK cell membranes after 90 mins by scintillation counting method,B,Homo sapiens,,J Med Chem,2018.0,Histamine H1 receptor,Ki,nM,7.72,340.45,3.51
CHEMBL1712377,0.8,O=C(CCN1CCN(Cc2ccccc2)CC1)Nc1nccs1,Scientific Literature,Displacement of [3H]pyrilamine from human HRH1 expressed in HEK cell membranes after 90 mins by scintillation counting method,B,Homo sapiens,,J Med Chem,2018.0,Histamine H1 receptor,Ki,nM,9.1,330.46,2.29
CHEMBL4800672,4574.0,c1ccc(Oc2ccc(OCCCN3CCN(c4ccncc4)CC3)cc2)cc1,Scientific Literature,Displacement of [3H]mepyramine from human H1R expressed in Sf9 cell membranes co-expressing RGS4 measured after 60 mins by scintillation counting analysis,B,Homo sapiens,,Eur J Med Chem,2021.0,Histamine H1 receptor,Ki,nM,5.34,389.5,4.47
CHEMBL256477,630.96,CCc1nn(C)c2cc3c(cc12)CCN(CCCSc1nnc(-c2cccc4nc(C)ccc24)n1C)CC3,Scientific Literature,Antagonist activity at histamine H1 receptor by FLIPR assay,F,,,Bioorg Med Chem Lett,2008.0,Histamine H1 receptor,Ki,nM,6.2,525.73,5.37
CHEMBL188021,14.0,NC(=O)N(O)CCC#Cc1ccc(OCCCN2CCC(=C3c4ccc(Cl)cc4CCc4cccnc43)CC2)cc1,Scientific Literature,Binding affinity towards human histamine H1 receptor expressed in CHO-K1 cells,B,Homo sapiens,,Bioorg Med Chem Lett,2004.0,Histamine H1 receptor,Ki,nM,7.85,571.12,5.71
CHEMBL1669417,10.5,FC1CCN(CCC2=C(Cc3cnccn3)c3ccccc3C2)C1,Scientific Literature,Binding affinity to histamine H1 receptor,B,,,Bioorg Med Chem Lett,2011.0,Histamine H1 receptor,Ki,nM,7.98,323.42,3.46
CHEMBL1669418,8.1,C[C@H](C1=C(CCN(C)Cc2ccco2)Cc2ccccc21)c1cnccn1,Scientific Literature,Binding affinity to histamine H1 receptor,B,,,Bioorg Med Chem Lett,2011.0,Histamine H1 receptor,Ki,nM,8.09,359.47,4.71
CHEMBL4173095,869.0,C=C(C)CN1CCN(c2ccc3c(c2)CN(C(=O)OCc2ccccc2)CC3)CC1,Scientific Literature,Displacement of [3H]-Pyrilamine from human histamine H1 receptor expressed in stable HEK cells after 90 mins by microbeta scintillation counting method,B,Homo sapiens,,Eur J Med Chem,2018.0,Histamine H1 receptor,Ki,nM,6.06,405.54,4.08
CHEMBL1259173,3.6,CC(=O)NCc1ccc2c(c1)[C@H](N1CCN(C)CC1)Cc1ccccc1S2,Scientific Literature,Displacement of [3H]prozosin from human cloned histamine H1 receptor expressed in CHO cells,B,Homo sapiens,,J Med Chem,2010.0,Histamine H1 receptor,Ki,nM,8.44,381.55,3.32
CHEMBL552026,6.6,O=C1CCCCN1C1CCN(c2nc3ccccc3n2Cc2ccc(F)cc2)CC1,Scientific Literature,Displacement of [3H]pyrilamine from human histamine H1 receptor expressed in CHO Flp-In cells by liquid scintillation assay,B,Homo sapiens,,Bioorg Med Chem Lett,2009.0,Histamine H1 receptor,Ki,nM,8.18,406.51,4.21
CHEMBL400224,2511.89,O=C(c1ccc(C(=O)N2CCN(c3ccc(OC4CCN(C5CCC5)CC4)cc3)C(=O)C2)cc1)N1CCC1.O=CO,Scientific Literature,Antagonist activity at human recombinant histamine H1 receptor expressed in CHO cells assessed as inhibition of histamine-induced cellular calcium mobilization,F,Homo sapiens,,J Med Chem,2007.0,Histamine H1 receptor,Ki,nM,,562.67,3.42
CHEMBL239101,1584.89,O=C(c1cc(F)cc(F)c1)N1CCN(c2ccc(OC3CCN(C4CCC4)CC3)cc2)C(=O)C1.O=CO,Scientific Literature,Antagonist activity at human recombinant histamine H1 receptor expressed in CHO cells assessed as inhibition of histamine-induced cellular calcium mobilization,F,Homo sapiens,,J Med Chem,2007.0,Histamine H1 receptor,Ki,nM,,515.56,3.85
CHEMBL394015,1995.26,O=C(c1cc(F)cc(F)c1)N1CCN(c2ccc(OCCCN3CCCC3)cc2)C(=O)C1,Scientific Literature,Antagonist activity at human recombinant histamine H1 receptor expressed in CHO cells assessed as inhibition of histamine-induced cellular calcium mobilization,F,Homo sapiens,,J Med Chem,2007.0,Histamine H1 receptor,Ki,nM,,443.49,3.32
CHEMBL398812,1995.26,O=C(c1ccc(F)cc1F)N1CCN(c2ccc(OCCCN3CCCCC3)cc2)C(=O)C1.O=CO,Scientific Literature,Antagonist activity at human recombinant histamine H1 receptor expressed in CHO cells assessed as inhibition of histamine-induced cellular calcium mobilization,F,Homo sapiens,,J Med Chem,2007.0,Histamine H1 receptor,Ki,nM,5.7,503.55,3.71
CHEMBL534512,1995.26,Cl.O=C(c1ccc(Cl)cc1)N1CCN(c2ccc(OCCCN3CCCCC3)cc2)C(=O)C1,Scientific Literature,Antagonist activity at human recombinant histamine H1 receptor expressed in CHO cells assessed as inhibition of histamine-induced cellular calcium mobilization,F,Homo sapiens,,J Med Chem,2007.0,Histamine H1 receptor,Ki,nM,5.7,492.45,4.08
CHEMBL105762,562.34,C[C@@H]1CC[C@@H](C)N1CCCOc1ccc(-c2ccc(C#N)cc2)cc1,Scientific Literature,Binding affinity of human cortical histamine H1 receptor,B,,,Bioorg Med Chem Lett,2002.0,Histamine H1 receptor,Ki,nM,6.25,334.46,4.87
CHEMBL3819567,1.175,O=C1NCN(c2ccccc2)C12CCN(CCCCc1nc3ccccc3s1)CC2,Scientific Literature,Displacement of [3H]Pyrilamine from human recombinant histamine H1 receptor incubated for 1.5 hrs by microbeta scintillation counting method,A,Homo sapiens,,Bioorg Med Chem,2016.0,Histamine H1 receptor,Ki,nM,8.93,420.58,4.05
CHEMBL3818935,537.03,O=C1NCN(c2ccccc2)C12CCN(CCCCc1nc3ccccc3o1)CC2,Scientific Literature,Displacement of [3H]Pyrilamine from human recombinant histamine H1 receptor incubated for 1.5 hrs by microbeta scintillation counting method,A,Homo sapiens,,Bioorg Med Chem,2016.0,Histamine H1 receptor,Ki,nM,6.27,404.51,3.58
CHEMBL3898250,553.0,Cl.O=C1c2ccc(Cl)cc2CC1CCN1CCc2ccccc2C1,Scientific Literature,Displacement of [3H]-pyrilamine from human histamine H1 receptor by liquid scintillation counting method,A,Homo sapiens,,Bioorg Med Chem,2016.0,Histamine H1 receptor,Ki,nM,6.26,362.3,4.14
CHEMBL256694,2.6,C[C@@H]1NC(NCC(F)F)=Nc2ccc(Cl)c(Cl)c21,Scientific Literature,Binding affinity to histamine H1 receptor,B,,,Bioorg Med Chem Lett,2008.0,Histamine H1 receptor,Ki,nM,8.59,294.13,3.5
CHEMBL402215,1995.26,Cc1ncoc1-c1nnc(SCCCN2CCc3ccc4oc(C(F)(F)C(F)(F)F)nc4c3CC2)n1C,Scientific Literature,Antagonist activity at histamine H1 receptor by FLIPR assay,F,,,Bioorg Med Chem Lett,2008.0,Histamine H1 receptor,Ki,nM,,542.53,5.16
CHEMBL3944629,25.12,C[N+]1(C)CCC(Oc2ccccc2Cc2ccccc2)CC1.[I-],Scientific Literature,Displacement of [3H]mepyramine from human wild type N-terminal hemagglutinin-tagged histamine H1 receptor expressed in HEK293T cells after 4 hrs by microbeta liquid scintillation counting analysis,B,Homo sapiens,,J Med Chem,2016.0,Histamine H1 receptor,Ki,nM,7.6,423.34,3.9
CHEMBL3913361,1584.89,O=C(O)/C=C/C(=O)O.c1ccc(Cc2cccc(OC3CCNCC3)c2)cc1,Scientific Literature,Displacement of [3H]mepyramine from human wild type N-terminal hemagglutinin-tagged histamine H1 receptor expressed in HEK293T cells after 4 hrs by microbeta liquid scintillation counting analysis,B,Homo sapiens,,J Med Chem,2016.0,Histamine H1 receptor,Ki,nM,5.8,383.44,3.41
CHEMBL4159893,322.0,CC(C)c1nc(CN2CC[C@H](c3ccccc3)C2)cs1,Scientific Literature,Displacement of [3H]pyrilamine from human HRH1 expressed in HEK cell membranes after 90 mins by scintillation counting method,B,Homo sapiens,,J Med Chem,2018.0,Histamine H1 receptor,Ki,nM,6.49,286.44,4.26
CHEMBL4169603,2683.0,Cc1cc(C)n(C2CN(CCCc3nc(-c4ccccc4)no3)C2)n1,Scientific Literature,Displacement of [3H]pyrilamine from human HRH1 expressed in HEK cell membranes after 90 mins by scintillation counting method,B,Homo sapiens,,J Med Chem,2018.0,Histamine H1 receptor,Ki,nM,5.57,337.43,3.04
CHEMBL4173442,1110.0,COC[C@@H](C)N1CCN(c2cccc(F)c2C#N)CC1,Scientific Literature,Displacement of [3H]pyrilamine from human HRH1 expressed in HEK cell membranes after 90 mins by scintillation counting method,B,Homo sapiens,,J Med Chem,2018.0,Histamine H1 receptor,Ki,nM,5.96,277.34,1.85
CHEMBL1000,14.0,O=C(O)COCCN1CCN(C(c2ccccc2)c2ccc(Cl)cc2)CC1,Scientific Literature,In vitro binding affinity towards histamine H1 receptor expressed in CHO-K1 cells,B,,,Bioorg Med Chem Lett,2004.0,Histamine H1 receptor,Ki,nM,7.85,388.9,3.15
CHEMBL481153,29.0,O=C(OCCN1CCCC1)N1c2ccccc2Sc2ccccc21,Scientific Literature,Antagonist activity at histamine H1 receptor (unknown origin) by PDSP assay,B,Homo sapiens,,Bioorg Med Chem Lett,2013.0,Histamine H1 receptor,Ki,nM,7.54,340.45,4.52
CHEMBL60360,60.26,CCCCCC(=O)c1ccc(OCCCN2CCN(Cc3nccs3)CC2)cc1,Scientific Literature,Binding affinity for the human Histamine H1 Receptor,B,,,Bioorg Med Chem Lett,2002.0,Histamine H1 receptor,Ki,nM,7.22,415.6,4.49
CHEMBL64124,45708.82,N#CC[C@@H](N)C(=O)N1CCN(CCCOc2ccc(C(=O)C3CC3)cc2)CC1,Scientific Literature,Binding affinity towards Histamine H1 receptor of human membranes.,B,,,Bioorg Med Chem Lett,2002.0,Histamine H1 receptor,Ki,nM,4.34,384.48,1.43
CHEMBL3753621,8128.31,CN1CCN(c2nc(NCCc3ccccc3)c3c(n2)-c2ccccc2CC3)CC1,Scientific Literature,Displacement of [3H]mepyramine from human histamine 1 receptor expressed in Sf9 cell membranes by liquid scintillation counting,B,Homo sapiens,,Bioorg Med Chem Lett,2016.0,Histamine H1 receptor,Ki,nM,5.09,399.54,3.65
CHEMBL288768,63.0,CC1=C(C(=O)NCCCN2CCC(C#N)(c3ccc(F)cc3)CC2)[C@@H](c2ccc(F)c(F)c2)CC(=O)N1,Scientific Literature,Selectivity screen against human Histamine H1 receptor,B,Homo sapiens,,Bioorg Med Chem Lett,2000.0,Histamine H1 receptor,Ki,nM,7.2,510.56,4.05
CHEMBL3818124,275.42,O=C1NCN(c2ccccc2)C12CCN(CCCCc1nc3cc(Cl)ccc3s1)CC2,Scientific Literature,Displacement of [3H]Pyrilamine from human recombinant histamine H1 receptor incubated for 1.5 hrs by microbeta scintillation counting method,A,Homo sapiens,,Bioorg Med Chem,2016.0,Histamine H1 receptor,Ki,nM,6.56,455.03,4.7
CHEMBL3941795,268.0,Cl.Clc1ccc2sc(CCCCN3CCC4CCCCC4C3)nc2c1,Scientific Literature,Displacement of [3H]-pyrilamine from human histamine H1 receptor by liquid scintillation counting method,A,Homo sapiens,,Bioorg Med Chem,2016.0,Histamine H1 receptor,Ki,nM,6.57,399.43,5.78
CHEMBL257901,2511.89,Cc1ccc2c(-c3nnc(SCCN4CCc5cc6nc(C)oc6c(C)c5CC4)n3C)cccc2n1,Scientific Literature,Antagonist activity at histamine H1 receptor by FLIPR assay,F,,,Bioorg Med Chem Lett,2008.0,Histamine H1 receptor,Ki,nM,,498.66,5.29
CHEMBL43491,58.0,CC1=C(C(=O)NCCCN2CCC(c3ccc(F)cc3C#N)CC2)[C@@H](c2ccc(F)c(F)c2)CC(=O)N1,Scientific Literature,Selectivity screen against human Histamine H1 receptor,B,Homo sapiens,,Bioorg Med Chem Lett,2000.0,Histamine H1 receptor,Ki,nM,7.24,510.56,4.24
CHEMBL3357042,289.0,CC(C)CC(=O)N1CCC(=C2c3ccc(Cl)cc3CCc3cccnc32)CC1,Scientific Literature,Displacement of [3H]mepyramine from human histamine H1 receptor expressed in Sf9 cells by scintillation counting method,B,Homo sapiens,,J Med Chem,2014.0,Histamine H1 receptor,Ki,nM,6.54,394.95,5.3
CHEMBL3357049,4647.0,CC(C)C[C@@H](N)C(=O)N1CCC(=C2c3ccc(Cl)cc3CCc3cccnc32)CC1,Scientific Literature,Displacement of [3H]mepyramine from human histamine H1 receptor expressed in Sf9 cells by scintillation counting method,B,Homo sapiens,,J Med Chem,2014.0,Histamine H1 receptor,Ki,nM,5.33,423.99,4.63
CHEMBL73135,150.0,NC(=O)N(O)CCC#Cc1ccc(CN2CCN([C@H](c3ccccc3)c3ccc(Cl)cc3)CC2)o1,Scientific Literature,In vitro binding affinity towards histamine H1 receptor expressed in CHO-K1 cells,B,,,Bioorg Med Chem Lett,2004.0,Histamine H1 receptor,Ki,nM,6.82,493.01,4.35
CHEMBL62421,35481.34,CCCCCC(=O)c1ccc(OCCCN2CCN(C(=O)[C@@H](C)N)CC2)cc1,Scientific Literature,Binding affinity towards Histamine H1 receptor of human membranes.,B,,,Bioorg Med Chem Lett,2002.0,Histamine H1 receptor,Ki,nM,4.45,389.54,2.71
CHEMBL64461,37153.52,O=C(c1ccc(OCCCN2CCN(C(=O)[C@H]3CCCN3)CC2)cc1)C1CC1,Scientific Literature,Binding affinity towards Histamine H1 receptor of human membranes.,B,,,Bioorg Med Chem Lett,2002.0,Histamine H1 receptor,Ki,nM,4.43,385.51,1.94
CHEMBL60383,97.72,CCCCCC(=O)c1ccc(OCCCN2CCN(C(=O)c3ccc(C)s3)CC2)cc1,Scientific Literature,Binding affinity for the human Histamine H1 Receptor,B,,,Bioorg Med Chem Lett,2002.0,Histamine H1 receptor,Ki,nM,7.01,442.63,5.05
CHEMBL452847,19.95,CN1CCN(c2nc(NCc3cccs3)c3cc(Cl)ccc3n2)CC1,Scientific Literature,Displacement of [3H]mepyramine from human histamine H1 receptor expressed in NIH3T3 cells,B,Homo sapiens,,J Med Chem,2008.0,Histamine H1 receptor,Ki,nM,7.7,373.91,3.71
CHEMBL272511,794.33,Cc1ccc2c(-c3nnc(SCCCN4CCc5ccc6oc(C)nc6c5CC4)n3C)cccc2n1,Scientific Literature,Antagonist activity at histamine H1 receptor by FLIPR assay,F,,,Bioorg Med Chem Lett,2008.0,Histamine H1 receptor,Ki,nM,,498.66,5.37
CHEMBL244946,794.33,Cc1ccc2c(-c3nnc(SCCCN4CCc5ccc(-c6cc(C)nn6C)cc5CC4)n3C)cccc2n1,Scientific Literature,Antagonist activity at histamine H1 receptor by FLIPR assay,F,,,Bioorg Med Chem Lett,2008.0,Histamine H1 receptor,Ki,nM,6.1,537.74,5.63
CHEMBL317900,181.97,CCOC(=O)N1CCN(CCCOc2ccc(-c3ccc(Br)cc3)cc2)CC1,Scientific Literature,Binding affinity of human cortical histamine H1 receptor,B,,,Bioorg Med Chem Lett,2002.0,Histamine H1 receptor,Ki,nM,6.74,447.37,4.66
CHEMBL401777,2511.89,CCc1nc2cc3c(c(C)c2o1)CCN(CCSc1nnc(-c2cccc4nc(C)ccc24)n1C)CC3,Scientific Literature,Antagonist activity at histamine H1 receptor by FLIPR assay,F,,,Bioorg Med Chem Lett,2008.0,Histamine H1 receptor,Ki,nM,,512.68,5.54
CHEMBL256481,2511.89,Cc1ccc2c(-c3nnc(SCCCCN4CCc5cc6nc(C)oc6c(C)c5CC4)n3C)cccc2n1,Scientific Literature,Antagonist activity at histamine H1 receptor by FLIPR assay,F,,,Bioorg Med Chem Lett,2008.0,Histamine H1 receptor,Ki,nM,,526.71,6.07
CHEMBL402087,1584.89,Cc1ccc2c(-c3nnc(SCCCN4CCc5cc6nc(C(C)(C)C)oc6c(C)c5CC4)n3C)cccc2n1,Scientific Literature,Antagonist activity at histamine H1 receptor by FLIPR assay,F,,,Bioorg Med Chem Lett,2008.0,Histamine H1 receptor,Ki,nM,5.8,554.76,6.67
CHEMBL271632,1000.0,Cc1ccc2c(-c3nnc(SCCCN4CCc5cc6nc(C)sc6cc5CC4)n3C)cccc2n1,Scientific Literature,Antagonist activity at histamine H1 receptor by FLIPR assay,F,,,Bioorg Med Chem Lett,2008.0,Histamine H1 receptor,Ki,nM,6.0,514.72,5.84
CHEMBL446885,436.52,CCOC(=O)N1CCN(CCCOc2ccc(-c3ccc(OC(F)(F)F)cc3)cc2)CC1,Scientific Literature,Binding affinity of human cortical histamine H1 receptor,B,,,Bioorg Med Chem Lett,2002.0,Histamine H1 receptor,Ki,nM,6.36,452.47,4.8
CHEMBL104669,4466.84,N#Cc1ccc(-c2ccc(OCCCN3CC[C@@H](O)C3)cc2)cc1,Scientific Literature,Binding affinity at human cortical Histamine 1 receptor,B,Homo sapiens,,Bioorg Med Chem Lett,2002.0,Histamine H1 receptor,Ki,nM,5.35,322.41,3.06
CHEMBL273165,1000.0,Cc1ccc2c(-c3nnc(SCCC(C)N4CCc5cc6nc(C)oc6c(Br)c5CC4)n3C)cccc2n1,Scientific Literature,Antagonist activity at histamine H1 receptor by FLIPR assay,F,,,Bioorg Med Chem Lett,2008.0,Histamine H1 receptor,Ki,nM,6.0,591.58,6.52
CHEMBL257536,1995.26,Cc1ncoc1-c1nnc(SCCCN2CCc3cc4c(cc3CC2)OCC(=O)N4)n1C,Scientific Literature,Antagonist activity at histamine H1 receptor by FLIPR assay,F,,,Bioorg Med Chem Lett,2008.0,Histamine H1 receptor,Ki,nM,5.7,454.56,2.69
CHEMBL328356,6.0,CN(C)CC1C[C@@H]2c3ccccc3N(C)c3ccccc3[C@H]2O1,Scientific Literature,Ability to displace [3H]pyrilamine from human cloned histamine H1 receptor expressed in CHO cells,B,,,Bioorg Med Chem Lett,2004.0,Histamine H1 receptor,Ki,nM,8.22,308.42,3.94
CHEMBL318320,81.28,CCOC(=O)N1CCN(CCCOc2ccc(-c3ccc([N+](=O)[O-])cc3)cc2)CC1,Scientific Literature,Binding affinity at human cortical Histamine 1 receptor,B,Homo sapiens,,Bioorg Med Chem Lett,2002.0,Histamine H1 receptor,Ki,nM,7.09,413.47,3.8
CHEMBL270209,3162.28,Cc1nc2cc3c(cc2o1)CCN(CCCSc1nnc(C2CCOCC2)n1C)CC3,Scientific Literature,Antagonist activity at histamine H1 receptor by FLIPR assay,F,,,Bioorg Med Chem Lett,2008.0,Histamine H1 receptor,Ki,nM,,441.6,3.74
CHEMBL256015,3162.28,Cc1ccc2c(-c3nnc(SCCCN4CCc5cc6nc(C(C)C)oc6cc5CC4)n3C)cccc2n1,Scientific Literature,Antagonist activity at histamine H1 receptor by FLIPR assay,F,,,Bioorg Med Chem Lett,2008.0,Histamine H1 receptor,Ki,nM,,526.71,6.19
CHEMBL272546,3162.28,CCc1nc2cc3c(cc2o1)CCN(CCCSc1nnc(-c2ocnc2C)n1C)CC3,Scientific Literature,Antagonist activity at histamine H1 receptor by FLIPR assay,F,,,Bioorg Med Chem Lett,2008.0,Histamine H1 receptor,Ki,nM,,452.58,4.07
CHEMBL62050,13489.63,CN[C@H](Cc1ccccc1)C(=O)N1CCN(CCCOc2ccc(C(=O)C3CC3)cc2)CC1,Scientific Literature,Binding affinity towards Histamine H1 receptor of human membranes.,B,,,Bioorg Med Chem Lett,2002.0,Histamine H1 receptor,Ki,nM,4.87,449.6,3.02
CHEMBL272300,2511.89,Cc1ccc2c(-c3nnc(SCCC(C)N4CCc5cc6c(cc5CC4)C(=O)N(C)C6)n3C)cccc2n1,Scientific Literature,Antagonist activity at histamine H1 receptor by FLIPR assay,F,,,Bioorg Med Chem Lett,2008.0,Histamine H1 receptor,Ki,nM,,526.71,4.9
CHEMBL270852,2511.89,Cc1ccc2c(-c3nnc(SCCCCN4CCc5cc6c(cc5CC4)C(=O)N(C(C)C)C6)n3C)cccc2n1,Scientific Literature,Antagonist activity at histamine H1 receptor by FLIPR assay,F,,,Bioorg Med Chem Lett,2008.0,Histamine H1 receptor,Ki,nM,,554.76,5.68
CHEMBL411293,794.33,Cc1ccc2c(-c3nnc(SCCCN4CCc5nc6cc(C(F)(F)F)ccn6c5CC4)n3C)cccc2n1,Scientific Literature,Antagonist activity at histamine H1 receptor by FLIPR assay,F,,,Bioorg Med Chem Lett,2008.0,Histamine H1 receptor,Ki,nM,6.1,551.64,5.59
CHEMBL257716,1000.0,Cc1ccc2c(-c3nnc(SCCCN4CCc5nc6ccc(Cl)cn6c5CC4)n3C)cccc2n1,Scientific Literature,Antagonist activity at histamine H1 receptor by FLIPR assay,F,,,Bioorg Med Chem Lett,2008.0,Histamine H1 receptor,Ki,nM,6.0,518.09,5.22
CHEMBL271702,2511.89,Cc1cnc(-c2nnc(SCCCN3CCc4ccc5c(C)noc5c4CC3)n2C)cn1,Scientific Literature,Antagonist activity at histamine H1 receptor by FLIPR assay,F,,,Bioorg Med Chem Lett,2008.0,Histamine H1 receptor,Ki,nM,5.6,449.58,3.61
CHEMBL256488,1584.89,Cc1ccc2c(-c3nnc(SCCCN4CCc5ccc6nc(C(C)(F)F)oc6c5CC4)n3C)cccc2n1,Scientific Literature,Antagonist activity at histamine H1 receptor by FLIPR assay,F,,,Bioorg Med Chem Lett,2008.0,Histamine H1 receptor,Ki,nM,5.8,548.66,6.17
CHEMBL3818989,63.1,O=C(CCCN1CCc2ccccc2C1)c1ccccc1,Scientific Literature,Displacement of [3H]Pyrilamine from human H1 receptor expressed in cell membranes after 1 hr by liquid scintillation counting,B,Homo sapiens,,Bioorg Med Chem,2016.0,Histamine H1 receptor,Ki,nM,7.2,279.38,3.71
CHEMBL3818047,602.56,O=C(CCCN1CCc2ccccc2C1)c1ccc(Cl)cc1,Scientific Literature,Displacement of [3H]Pyrilamine from human H1 receptor expressed in cell membranes after 1 hr by liquid scintillation counting,B,Homo sapiens,,Bioorg Med Chem,2016.0,Histamine H1 receptor,Ki,nM,6.22,313.83,4.36
CHEMBL3818047,597.0,O=C(CCCN1CCc2ccccc2C1)c1ccc(Cl)cc1,Scientific Literature,Displacement of [3H]Pyrilamine from human H1 receptor expressed in cell membranes after 1 hr by liquid scintillation counting,B,Homo sapiens,,Bioorg Med Chem,2016.0,Histamine H1 receptor,Ki,nM,6.22,313.83,4.36
CHEMBL3753849,2511.89,CN1CCN(c2nc(NCc3ccccc3)cc(-c3ccccc3)n2)CC1,Scientific Literature,Displacement of [3H]mepyramine from human histamine 1 receptor expressed in Sf9 cell membranes by liquid scintillation counting,B,Homo sapiens,,Bioorg Med Chem Lett,2016.0,Histamine H1 receptor,Ki,nM,5.6,359.48,3.51
CHEMBL3752225,5754.4,COc1ccc(CNc2nc3c(c(N4CCN(C)CC4)n2)CCc2ccccc2-3)cc1,Scientific Literature,Displacement of [3H]mepyramine from human histamine 1 receptor expressed in Sf9 cell membranes by liquid scintillation counting,B,Homo sapiens,,Bioorg Med Chem Lett,2016.0,Histamine H1 receptor,Ki,nM,5.24,415.54,3.61
CHEMBL64021,380.19,CCOC(=O)N1CCN(CCCOc2ccc(C(=O)c3cccc(C)c3)cc2)CC1,Scientific Literature,Binding affinity for the human Histamine H1 Receptor,B,,,Bioorg Med Chem Lett,2002.0,Histamine H1 receptor,Ki,nM,6.42,410.51,3.77
CHEMBL418691,812.83,CCOC(=O)N1CCN(CCCOc2ccc(C(=O)c3ccc(OC)cc3)cc2)CC1,Scientific Literature,Binding affinity for the human Histamine H1 Receptor,B,,,Bioorg Med Chem Lett,2002.0,Histamine H1 receptor,Ki,nM,6.09,426.51,3.47
CHEMBL3752383,3311.31,CN1CCN(c2cc(-c3ccccc3)nc(NCCc3ccccc3)n2)CC1,Scientific Literature,Displacement of [3H]mepyramine from human histamine 1 receptor expressed in Sf9 cell membranes by liquid scintillation counting,B,Homo sapiens,,Bioorg Med Chem Lett,2016.0,Histamine H1 receptor,Ki,nM,5.48,373.5,3.55
CHEMBL3752885,891.25,CN1CCN(c2nc(NCc3ccccc3)c3c(n2)-c2ccccc2CC3)CC1,Scientific Literature,Displacement of [3H]mepyramine from human histamine 1 receptor expressed in Sf9 cell membranes by liquid scintillation counting,B,Homo sapiens,,Bioorg Med Chem Lett,2016.0,Histamine H1 receptor,Ki,nM,6.05,385.52,3.61
CHEMBL305662,50.0,NC(=O)N(O)CCC#C[C@@H]1CC[C@@H](CN2CCN([C@H](c3ccccc3)c3ccc(Cl)cc3)CC2)O1,Scientific Literature,In vitro binding affinity towards histamine H1 receptor expressed in CHO-K1 cells,B,,,Bioorg Med Chem Lett,2004.0,Histamine H1 receptor,Ki,nM,7.3,497.04,3.76
CHEMBL62527,3981.07,CCCCCC(=O)c1ccc(OCCCN2CCN(C(=O)C(C)C)CC2)cc1,Scientific Literature,Binding affinity for the human Histamine H1 Receptor,B,,,Bioorg Med Chem Lett,2002.0,Histamine H1 receptor,Ki,nM,5.4,388.55,4.02
CHEMBL62949,501.19,CCCCCCCCC(=O)c1ccc(OCCCN2CCN(C(=O)OCC)CC2)cc1,Scientific Literature,Binding affinity for the human Histamine H1 Receptor,B,,,Bioorg Med Chem Lett,2002.0,Histamine H1 receptor,Ki,nM,6.3,432.61,5.16
CHEMBL435949,10000.0,COc1ccccc1N1CCN(Cc2c[nH]c3ncccc23)CC1,Scientific Literature,Binding affinity to cloned Histamine H1 receptor,B,,,Bioorg Med Chem Lett,2001.0,Histamine H1 receptor,Ki,nM,,322.41,2.89
CHEMBL42335,91.0,CC1=C(C(=O)NCCCN2CCC(C#N)(c3ccc(F)cc3C#N)CC2)[C@@H](c2ccc(F)c(F)c2)CC(=O)N1,Scientific Literature,Selectivity screen against human Histamine H1 receptor,B,Homo sapiens,,Bioorg Med Chem Lett,2000.0,Histamine H1 receptor,Ki,nM,7.04,535.57,3.92
CHEMBL153919,31622776601683.79,NCCc1csc(Cc2cccc(Cl)c2)n1,Scientific Literature,Inhibitory activity against human Histamine H1 receptor,B,,,J Med Chem,2003.0,Histamine H1 receptor,Ki,nM,,252.77,2.89
CHEMBL307609,4.0,NC(=O)N(O)Cc1ccc(CN2CCN([C@H](c3ccccc3)c3ccc(Cl)cc3)CC2)o1,Scientific Literature,In vitro binding affinity towards histamine H1 receptor expressed in CHO-K1 cells,B,,,Bioorg Med Chem Lett,2004.0,Histamine H1 receptor,Ki,nM,8.4,454.96,4.11
CHEMBL59715,524.81,CCCCCC(=O)c1ccc(OCCCN2CCN(C(=O)c3c[nH]cn3)CC2)cc1,Scientific Literature,Binding affinity for the human Histamine H1 Receptor,B,,,Bioorg Med Chem Lett,2002.0,Histamine H1 receptor,Ki,nM,6.28,412.53,3.4
CHEMBL4173260,10000.0,CN1CCN(CCCCNC(=O)c2cn3ccccc3n2)CC1,Scientific Literature,Displacement of [3H]pyrilamine from human HRH1 expressed in HEK cell membranes after 90 mins by scintillation counting method,B,Homo sapiens,,J Med Chem,2018.0,Histamine H1 receptor,Ki,nM,,315.42,1.09
CHEMBL3805663,9350.0,N#C/N=C(/NCCCc1ccccc1)NC[C@@H]1CC[C@H](c2c[nH]cn2)C1,Scientific Literature,Displacement of [3H]mepyramine from human histamine H1 receptor expressed in sf9 cell membrane co-expressing RGS4 incubated for 60 mins by liquid scintillation counting method,B,Homo sapiens,,J Med Chem,2016.0,Histamine H1 receptor,Ki,nM,5.03,350.47,2.94
CHEMBL3806162,10000.0,CN/C(=N\C#N)NC[C@H]1CC[C@@H](c2c[nH]cn2)C1,Scientific Literature,Displacement of [3H]mepyramine from human histamine H1 receptor expressed in sf9 cell membrane co-expressing RGS4 incubated for 60 mins by liquid scintillation counting method,B,Homo sapiens,,J Med Chem,2016.0,Histamine H1 receptor,Ki,nM,,246.32,0.94
CHEMBL272480,3162.28,Cc1ccc2c(-c3nnc(SCCCN4CCc5cc6c(cc5CC4)C(=O)N(C)C6)n3C)cccc2n1,Scientific Literature,Antagonist activity at histamine H1 receptor by FLIPR assay,F,,,Bioorg Med Chem Lett,2008.0,Histamine H1 receptor,Ki,nM,5.5,512.68,4.51
CHEMBL257524,2511.89,CCc1nc2cc3c(c(C)c2o1)CCN(C(C)CCSc1nnc(-c2cccc4nc(C)ccc24)n1C)CC3,Scientific Literature,Antagonist activity at histamine H1 receptor by FLIPR assay,F,,,Bioorg Med Chem Lett,2008.0,Histamine H1 receptor,Ki,nM,,540.74,6.32
CHEMBL427836,3162.28,CCc1nc2c3c(ccc2o1)CCN(CCCSc1nnc(-c2ocnc2C)n1C)CC3,Scientific Literature,Antagonist activity at histamine H1 receptor by FLIPR assay,F,,,Bioorg Med Chem Lett,2008.0,Histamine H1 receptor,Ki,nM,,452.58,4.07
CHEMBL255827,2511.89,Cc1nc2cc3c(cc2o1)CCN(CCCSc1nnc(-c2ocnc2C)n1C)CC3,Scientific Literature,Antagonist activity at histamine H1 receptor by FLIPR assay,F,,,Bioorg Med Chem Lett,2008.0,Histamine H1 receptor,Ki,nM,5.6,438.56,3.81
CHEMBL403181,125.89,CCc1noc2cc3c(cc12)CCN(CCCSc1nnc(-c2cccc4nc(C)ccc24)n1C)CC3,Scientific Literature,Antagonist activity at histamine H1 receptor by FLIPR assay,F,,,Bioorg Med Chem Lett,2008.0,Histamine H1 receptor,Ki,nM,6.9,512.68,5.63
CHEMBL2207283,63.1,Cc1c(Cl)ccc(OC2CCN(C[C@H](O)CNC(=O)c3c[nH]c(=O)c4ccc(S(C)(=O)=O)cc34)CC2)c1Cl,Scientific Literature,Displacement of [3H]-pyrilamine from human recombinant H1 histamine receptor expressed in CHOK1 cells after 1 hr,B,Homo sapiens,,Bioorg Med Chem Lett,2012.0,Histamine H1 receptor,Ki,nM,7.2,582.51,3.18
CHEMBL2207669,125.89,N#Cc1ccc(OC2CCN(C[C@H](O)CNC(=O)c3c[nH]c(=O)c4ccccc34)CC2)cc1Cl,Scientific Literature,Displacement of [3H]-pyrilamine from human recombinant H1 histamine receptor expressed in CHOK1 cells after 1 hr,B,Homo sapiens,,Bioorg Med Chem Lett,2012.0,Histamine H1 receptor,Ki,nM,6.9,480.95,2.69
CHEMBL4442502,3.162,Clc1ccc2c(c1)CCc1cccnc1C2=C1CCN(Cc2ncccn2)CC1,Scientific Literature,Displacement of [3H]mepyramine from N-terminal HA-tagged H1R (unknown origin) expressed in HEK293T cells measured after 4 hrs by microbeta scintillation counting method,B,Homo sapiens,,J Med Chem,2019.0,Histamine H1 receptor,Ki,nM,8.5,402.93,4.72
CHEMBL111612,10000.0,CCCCN(CCCC)C(=O)CN1C[C@H](c2cc(OC)c3c(c2)OCO3)[C@@H](C(=O)O)[C@@H]1CC(C)(C)CCC,SGC Frankfurt - Donated Chemical Probes,GPCRScan assay: inhibition of H1,B,Homo sapiens,,,2021.0,Histamine H1 receptor,Ki,nM,5.0,532.72,5.54
CHEMBL111612,10000.0,CCCCN(CCCC)C(=O)CN1C[C@H](c2cc(OC)c3c(c2)OCO3)[C@@H](C(=O)O)[C@@H]1CC(C)(C)CCC,SGC Frankfurt - Donated Chemical Probes,GPCRScan assay: inhibition of H1,B,Homo sapiens,,,2021.0,Histamine H1 receptor,Ki,nM,5.0,532.72,5.54
CHEMBL568892,20.0,COC(=O)c1ccc(CCCCN2CCC(C(O)(c3ccccc3)c3ccccc3)CC2)cc1,Scientific Literature,Displacement of [3H]pyrilamine from human recombinant histamine H1 receptor expressed in CHO cell by Betaplate scintillation counting,B,Homo sapiens,,Bioorg Med Chem Lett,2009.0,Histamine H1 receptor,Ki,nM,7.7,457.61,5.44
CHEMBL570695,155.0,Cc1ccc(CCCN2CCC(C(O)(c3ccccc3)c3ccccc3)CC2)cc1,Scientific Literature,Displacement of [3H]pyrilamine from human recombinant histamine H1 receptor expressed in CHO cell by Betaplate scintillation counting,B,Homo sapiens,,Bioorg Med Chem Lett,2009.0,Histamine H1 receptor,Ki,nM,6.81,399.58,5.58
CHEMBL558468,2.4,COc1ccc(Cn2c(N3CCC(N(C)C)CC3)nc3ccccc32)cc1,Scientific Literature,Displacement of [3H]pyrilamine from human histamine H1 receptor expressed in CHO Flp-In cells by liquid scintillation assay,B,Homo sapiens,,Bioorg Med Chem Lett,2009.0,Histamine H1 receptor,Ki,nM,8.62,364.49,3.62
CHEMBL558467,1.8,CN(C)C1CCN(c2nc3ccccc3n2Cc2ccc(F)cc2)CC1,Scientific Literature,Displacement of [3H]pyrilamine from human histamine H1 receptor expressed in CHO Flp-In cells by liquid scintillation assay,B,Homo sapiens,,Bioorg Med Chem Lett,2009.0,Histamine H1 receptor,Ki,nM,8.74,352.46,3.75
CHEMBL556450,6.9,Cc1cnn(C2CCN(c3nc4ccccc4n3Cc3ccc(F)cc3)CC2)c1,Scientific Literature,Displacement of [3H]pyrilamine from human histamine H1 receptor expressed in CHO Flp-In cells by liquid scintillation assay,B,Homo sapiens,,Bioorg Med Chem Lett,2009.0,Histamine H1 receptor,Ki,nM,8.16,389.48,4.57
CHEMBL3805431,6780.0,N#C/N=C(/NCCSc1ccccc1)NC[C@H]1CC[C@@H](c2c[nH]cn2)C1,Scientific Literature,Displacement of [3H]mepyramine from human histamine H1 receptor expressed in sf9 cell membrane co-expressing RGS4 incubated for 60 mins by liquid scintillation counting method,B,Homo sapiens,,J Med Chem,2016.0,Histamine H1 receptor,Ki,nM,5.17,368.51,3.1
CHEMBL3910939,6.31,Clc1ccc(Cc2ccccc2OC2CCNCC2)cc1.O=C(O)/C=C/C(=O)O,Scientific Literature,Displacement of [3H]mepyramine from human wild type N-terminal hemagglutinin-tagged histamine H1 receptor expressed in HEK293T cells after 4 hrs by microbeta liquid scintillation counting analysis,B,Homo sapiens,,J Med Chem,2016.0,Histamine H1 receptor,Ki,nM,8.2,417.89,4.06
CHEMBL3916710,1584.89,NCCOc1ccccc1Cc1ccccc1.NCCOc1ccccc1Cc1ccccc1.O=C(O)/C=C/C(=O)O,Scientific Literature,Displacement of [3H]mepyramine from human wild type N-terminal hemagglutinin-tagged histamine H1 receptor expressed in HEK293T cells after 4 hrs by microbeta liquid scintillation counting analysis,B,Homo sapiens,,J Med Chem,2016.0,Histamine H1 receptor,Ki,nM,5.8,570.69,2.61
CHEMBL364565,25.12,c1ccc(Cc2ccccc2OCCN2CCCCC2)cc1,Scientific Literature,Displacement of [3H]mepyramine from human wild type N-terminal hemagglutinin-tagged histamine H1 receptor expressed in HEK293T cells after 4 hrs by microbeta liquid scintillation counting analysis,B,Homo sapiens,,J Med Chem,2016.0,Histamine H1 receptor,Ki,nM,7.6,295.43,4.14
CHEMBL3955589,3.162,CN(C)CCCOc1ccccc1Cc1ccccc1.O=C(O)/C=C/C(=O)O,Scientific Literature,Displacement of [3H]mepyramine from human wild type N-terminal hemagglutinin-tagged histamine H1 receptor expressed in HEK293T cells after 4 hrs by microbeta liquid scintillation counting analysis,B,Homo sapiens,,J Med Chem,2016.0,Histamine H1 receptor,Ki,nM,8.5,385.46,3.61
CHEMBL312082,190.0,CC(C#Cc1ccc(CN2CCN([C@H](c3ccccc3)c3ccc(Cl)cc3)CC2)o1)N(O)C(N)=O,Scientific Literature,In vitro binding affinity towards histamine H1 receptor expressed in CHO-K1 cells,B,,,Bioorg Med Chem Lett,2004.0,Histamine H1 receptor,Ki,nM,6.72,493.01,4.35
CHEMBL291394,478.63,CCCCCC(=O)c1ccc(OCCCN2CCN(C(=O)c3ccncc3)CC2)cc1,Scientific Literature,Binding affinity for the human Histamine H1 Receptor,B,,,Bioorg Med Chem Lett,2002.0,Histamine H1 receptor,Ki,nM,6.32,423.56,4.07
CHEMBL292275,616.6,CCOC(=O)N1CCN(CCCOc2ccc(C(=O)/C=C/c3ccc(OC)cc3)cc2)CC1,Scientific Literature,Binding affinity for the human Histamine H1 Receptor,B,,,Bioorg Med Chem Lett,2002.0,Histamine H1 receptor,Ki,nM,6.21,452.55,4.13
CHEMBL304714,741.31,CCCC(=O)c1ccc(OCCCN2CCN(C(=O)OCC)CC2)cc1,Scientific Literature,Binding affinity for the human Histamine H1 Receptor,B,,,Bioorg Med Chem Lett,2002.0,Histamine H1 receptor,Ki,nM,6.13,362.47,3.21
CHEMBL1455766,1000.0,Cc1ccc(S(=O)(=O)NCc2ccc(C(=O)NCCN(Cc3ccccc3)C(C)C)cc2)cc1,Scientific Literature,Binding affinity to histamine H1 receptor (unknown origin),B,Homo sapiens,,Bioorg Med Chem Lett,2014.0,Histamine H1 receptor,Ki,nM,,479.65,4.11
CHEMBL3233067,6165.95,O=C1NC(c2ccccc2)(c2ccccc2)C(=O)N1CCCN1CCCCC1,Scientific Literature,Displacement of [3H]pyrilamine from human H1 receptor expressed in CHO cell membrane after 120 mins by liquid scintillation counting analysis,B,Homo sapiens,,Eur J Med Chem,2014.0,Histamine H1 receptor,Ki,nM,5.21,377.49,3.36
CHEMBL2376800,33884.42,CCc1cnc2c(N3CC(NC)C3)nc(N)nc2c1,Scientific Literature,Displacement of [3H]histamine from human histamine H1 receptor expressed in HEK cells,B,Homo sapiens,,Bioorg Med Chem Lett,2013.0,Histamine H1 receptor,Ki,nM,4.47,258.33,0.58
CHEMBL1259172,64.0,NCc1ccc2c(c1)c(C1CCN(CCN3CCNC3=O)CC1)cn2-c1ccc(F)cc1,Scientific Literature,Displacement of [3H]prozosin from human cloned histamine H1 receptor expressed in CHO cells,B,Homo sapiens,,J Med Chem,2010.0,Histamine H1 receptor,Ki,nM,7.19,435.55,3.43
CHEMBL3752900,10000.0,C=CCN(CC=C)CCc1c[nH]c2ccc(Cl)cc12,Scientific Literature,Binding affinity to histamine H1 receptor (unknown origin) by competition binding assay,B,Homo sapiens,,Bioorg Med Chem Lett,2016.0,Histamine H1 receptor,Ki,nM,,274.8,4.04
CHEMBL4450560,5.012,Clc1ccc2c(c1)CCc1cccnc1C2=C1CCN(Cc2ccncn2)CC1,Scientific Literature,Displacement of [3H]mepyramine from N-terminal HA-tagged H1R (unknown origin) expressed in HEK293T cells measured after 4 hrs by microbeta scintillation counting method,B,Homo sapiens,,J Med Chem,2019.0,Histamine H1 receptor,Ki,nM,8.3,402.93,4.72
CHEMBL2207656,2.512,O=C(NC[C@@H](O)CN1CCC(Oc2ccc(Cl)c(Cl)c2)CC1)c1c[nH]c(=O)c2c(F)cccc12,Scientific Literature,Displacement of [3H]-pyrilamine from human recombinant H1 histamine receptor expressed in CHOK1 cells after 1 hr,B,Homo sapiens,,Bioorg Med Chem Lett,2012.0,Histamine H1 receptor,Ki,nM,8.6,508.38,3.61
CHEMBL2207277,63.1,Cc1cc(Cl)ccc1OC1CCN(C[C@H](O)CNC(=O)c2c[nH]c(=O)c3ccc(S(C)(=O)=O)cc23)CC1,Scientific Literature,Displacement of [3H]-pyrilamine from human recombinant H1 histamine receptor expressed in CHOK1 cells after 1 hr,B,Homo sapiens,,Bioorg Med Chem Lett,2012.0,Histamine H1 receptor,Ki,nM,7.2,548.06,2.53
CHEMBL2205811,8858.0,COc1cccc(CCN2C3C4C5CC6C7C5C3C7C2(O)C64)c1,Scientific Literature,Binding affinity to Histamine H1 receptor,B,,,Bioorg Med Chem Lett,2012.0,Histamine H1 receptor,Ki,nM,5.05,309.41,2.0
CHEMBL4176474,594.0,O=C(OCc1ccccc1)N1Cc2ccc(N3CCN(C4CCCC4)CC3)cc2C1,Scientific Literature,Displacement of [3H]-Pyrilamine from human histamine H1 receptor expressed in stable HEK cells after 90 mins by microbeta scintillation counting method,B,Homo sapiens,,Eur J Med Chem,2018.0,Histamine H1 receptor,Ki,nM,6.23,405.54,4.4
CHEMBL2158817,19.95,O=C(O)C(c1ccccc1)N1CCO[C@@H](CN2CCC(Oc3ccc(Cl)c(Cl)c3)CC2)C1,Scientific Literature,Binding affinity to histamine H1 receptor,B,,,Bioorg Med Chem Lett,2012.0,Histamine H1 receptor,Ki,nM,7.7,479.4,4.36
CHEMBL4594433,3557.0,N=c1c2c(-c3ccccc3)c(-c3ccccc3)n(Cc3ccccc3)c2ncn1[C@H]1CC[C@H](O)CC1,Scientific Literature,Binding affinity to H1 receptor (unknown origin) by radioligand displacement assay,B,Homo sapiens,,J Med Chem,2022.0,Histamine H1 receptor,Ki,nM,5.45,474.61,6.18
CHEMBL5175594,1175.0,C[C@H](NC(=O)[C@H](C)NC(=O)[C@H](Cc1ccc(O)cc1)NC(=O)CCN1CCC(Oc2ccccc2Cc2ccccc2)CC1)C(=O)N[C@H](Cc1ccccc1)C(N)=O,Scientific Literature,Displacement of fluorophore-labeled mepyramine from Nluc-tagged human H1R expressed in HEK293T cells incubated for 2 hrs by NanoBRET competition binding assay,B,Homo sapiens,,J Med Chem,2022.0,Histamine H1 receptor,Ki,nM,5.93,790.96,3.17
CHEMBL5207888,933.0,C[C@H](NC(=O)[C@H](C)NC(=O)[C@H](Cc1cnc[nH]1)NC(=O)CCN1CCC(Oc2ccccc2Cc2ccccc2)CC1)C(=O)N[C@H](Cc1ccccc1)C(N)=O,Scientific Literature,Displacement of fluorophore-labeled mepyramine from Nluc-tagged human H1R expressed in HEK293T cells incubated for 2 hrs by NanoBRET competition binding assay,B,Homo sapiens,,J Med Chem,2022.0,Histamine H1 receptor,Ki,nM,6.03,764.93,2.18
CHEMBL322695,10000.0,CC(=O)c1ccc(OCCCN2CC[C@H](NC(=O)c3cnccn3)C2)cc1,Scientific Literature,Binding affinity to the human Histamine H1 receptor,B,,,Bioorg Med Chem Lett,2002.0,Histamine H1 receptor,Ki,nM,5.0,368.44,1.95
CHEMBL418666,4677.35,CC[C@H](N)C(=O)N1CCN(CCCOc2ccc(C(=O)C3CC3)cc2)CC1,Scientific Literature,Binding affinity towards Histamine H1 receptor of human membranes.,B,,,Bioorg Med Chem Lett,2002.0,Histamine H1 receptor,Ki,nM,5.33,373.5,1.93
CHEMBL316068,1.2,CN1CCN(CC2C[C@@H]3c4ccccc4Sc4ccccc4[C@H]3O2)CC1,Scientific Literature,Ability to displace [3H]pyrilamine from human cloned histamine H1 receptor expressed in CHO cells,B,,,Bioorg Med Chem Lett,2004.0,Histamine H1 receptor,Ki,nM,8.92,366.53,4.01
CHEMBL2178580,47.0,Cc1ccc(C(=O)N2CCC(=CC(=O)N[C@@H]3CCN(Cc4ccc5cc(F)ccc5c4)C3)CC2)nn1,Scientific Literature,Antagonist activity at histamine H1 receptor expressed in human PC3 cells inhibition of histamine-induced calcium influx by cell based assay,F,Homo sapiens,,J Med Chem,2012.0,Histamine H1 receptor,Ki,nM,7.33,487.58,3.63
CHEMBL328209,20.6,CN(C)CC1C[C@@H]2c3ccccc3COc3ccccc3[C@H]2O1,Scientific Literature,Ability to displace [3H]pyrilamine from human cloned histamine H1 receptor expressed in CHO cells,B,,,Bioorg Med Chem Lett,2004.0,Histamine H1 receptor,Ki,nM,7.69,309.41,3.75
CHEMBL318659,3.0,CN1CCN(CC2C[C@@H]3c4ccccc4Cc4ccccc4[C@H]3O2)CC1,Scientific Literature,Ability to displace [3H]pyrilamine from human cloned histamine H1 receptor expressed in CHO cells,B,,,Bioorg Med Chem Lett,2004.0,Histamine H1 receptor,Ki,nM,8.52,348.49,3.45
CHEMBL610739,75.0,CN(C)CCC(c1ccccc1)c1ccccc1,Scientific Literature,Displacement of [3H]chlorphniramine from human histamine H1 receptor expressed in cells,B,Homo sapiens,,Bioorg Med Chem,2009.0,Histamine H1 receptor,Ki,nM,7.12,239.36,3.77
CHEMBL64479,870.96,CCCCCC(=O)c1ccc(OCCCN2CCN(C(=O)CCC)CC2)cc1,Scientific Literature,Binding affinity for the human Histamine H1 Receptor,B,,,Bioorg Med Chem Lett,2002.0,Histamine H1 receptor,Ki,nM,6.06,388.55,4.16
CHEMBL64334,660.69,CCCCCC(=O)c1ccc(OCCCN2CCN(CCCC)CC2)cc1,Scientific Literature,Binding affinity for the human Histamine H1 Receptor,B,,,Bioorg Med Chem Lett,2002.0,Histamine H1 receptor,Ki,nM,6.18,374.57,4.64
CHEMBL302445,6025.6,CCCCCC(=O)c1ccc(OCCCN2CCNCC2)cc1,Scientific Literature,Binding affinity for the human Histamine H1 Receptor,B,,,Bioorg Med Chem Lett,2002.0,Histamine H1 receptor,Ki,nM,5.22,318.46,3.12
CHEMBL4858849,24547.09,Cc1nc(N)sc1CCCN/C(N)=N/C(=O)NC(c1ccccc1)C(C)C,Scientific Literature,Displacement of [3H]mepyramine from human histamine H1 receptor expressed in sf9 insect cell membranes co-expressing RGS4 incubated for 60 mins by microbeta scintillation counting method,B,Homo sapiens,,Eur J Med Chem,2021.0,Histamine H1 receptor,Ki,nM,4.61,388.54,2.98
CHEMBL294519,288.4,CCCCCC(=O)c1ccc(OCCCN2CCN(C(=O)c3ccccc3)CC2)cc1,Scientific Literature,Binding affinity for the human Histamine H1 Receptor,B,,,Bioorg Med Chem Lett,2002.0,Histamine H1 receptor,Ki,nM,6.54,422.57,4.68
CHEMBL213912,8.318,CN1CCN(C2=Nc3ccc(Cl)cc3Oc3ccccc32)CC1,Scientific Literature,Displacement of [3H]mepyramine from human histamine 1 receptor expressed in Sf9 cell membranes by liquid scintillation counting,B,Homo sapiens,,Bioorg Med Chem Lett,2016.0,Histamine H1 receptor,Ki,nM,8.08,327.82,3.77
CHEMBL3805003,8350.0,CC(C)CN/C(=N/C#N)NC[C@@H]1CC[C@H](c2c[nH]cn2)C1,Scientific Literature,Displacement of [3H]mepyramine from human histamine H1 receptor expressed in sf9 cell membrane co-expressing RGS4 incubated for 60 mins by liquid scintillation counting method,B,Homo sapiens,,J Med Chem,2016.0,Histamine H1 receptor,Ki,nM,5.08,288.4,1.97
CHEMBL3805813,10000.0,NC[C@H]1CC[C@H](c2c[nH]cn2)C1,Scientific Literature,Displacement of [3H]mepyramine from human histamine H1 receptor expressed in sf9 cell membrane co-expressing RGS4 incubated for 60 mins by liquid scintillation counting method,B,Homo sapiens,,J Med Chem,2016.0,Histamine H1 receptor,Ki,nM,,165.24,1.25
CHEMBL1910383,223.87,O=C(c1cc2ccccc2[nH]1)N1CCN(CCOC(c2ccccc2)c2ccccc2)CC1,Scientific Literature,Displacement of [3H]mepyramine from human H1R expressed in Sf9 cells co-expressing RGS4 after 90 mins by liquid scintillation counting,B,Homo sapiens,,Bioorg Med Chem Lett,2011.0,Histamine H1 receptor,Ki,nM,6.65,439.56,4.73
CHEMBL1910382,100.0,COc1ccc(CN(CCN(C)CCN2CCN(C(=O)c3cc4cc(Cl)ccc4[nH]3)CC2)c2ccccn2)cc1,Scientific Literature,Displacement of [3H]mepyramine from human H1R expressed in Sf9 cells co-expressing RGS4 after 90 mins by liquid scintillation counting,B,Homo sapiens,,Bioorg Med Chem Lett,2011.0,Histamine H1 receptor,Ki,nM,7.0,561.13,4.62
CHEMBL2207659,25.12,Cc1cc(Cl)ccc1OC1CCN(C[C@H](O)CNC(=O)c2c[nH]nc2C(F)(F)F)CC1,Scientific Literature,Displacement of [3H]-pyrilamine from human recombinant H1 histamine receptor expressed in CHOK1 cells after 1 hr,B,Homo sapiens,,Bioorg Med Chem Lett,2012.0,Histamine H1 receptor,Ki,nM,7.6,460.88,3.02
CHEMBL2207284,25.12,CNS(=O)(=O)c1ccc2c(C(=O)NC[C@@H](O)CN3CCC(Oc4ccc(Cl)c(Cl)c4)CC3)c[nH]c(=O)c2c1,Scientific Literature,Displacement of [3H]-pyrilamine from human recombinant H1 histamine receptor expressed in CHOK1 cells after 1 hr,B,Homo sapiens,,Bioorg Med Chem Lett,2012.0,Histamine H1 receptor,Ki,nM,7.6,583.49,2.38
CHEMBL403815,1584.89,Cc1ccc2c(-c3nnc(SCCCN4CCc5c(Cl)cc6oc(C)nc6c5CC4)n3C)cccc2n1,Scientific Literature,Antagonist activity at histamine H1 receptor by FLIPR assay,F,,,Bioorg Med Chem Lett,2008.0,Histamine H1 receptor,Ki,nM,,533.1,6.02
CHEMBL271729,3162.28,Cc1ccc2c(-c3nnc(SCCCN4CCc5nc6ccc(C(F)(F)F)cn6c5CC4)n3C)cccc2n1,Scientific Literature,Antagonist activity at histamine H1 receptor by FLIPR assay,F,,,Bioorg Med Chem Lett,2008.0,Histamine H1 receptor,Ki,nM,,551.64,5.59
CHEMBL5207206,5248.07,CCCCCNC(=O)/N=C(\N)NCC1CCc2nc(N)sc2C1.O=C(O)C(F)(F)F.O=C(O)C(F)(F)F,Scientific Literature,Displacement of [3H] mepyramine from human histamine H1 receptor stably expressed in baculovirus infected Sf9 cell membrane co-expressing RGS4 incubated for 60 mins by scintillation counting analysis,B,Homo sapiens,,J Med Chem,2021.0,Histamine H1 receptor,Ki,nM,5.28,566.53,1.63
CHEMBL2146806,0.3981,CCCCN1CCC[C@@H]1Cn1nc(Cc2ccc(Cl)cc2)c2cnccc2c1=O,Scientific Literature,Antagonist activity at human H1 receptor expressed in CHO cells assessed as inhibition of calcium mobilization by FLIPR assay,F,Homo sapiens,,Bioorg Med Chem,2012.0,Histamine H1 receptor,Ki,nM,9.4,410.95,4.3
CHEMBL2158777,158.49,O=C(O)[C@H](Cc1cccc(C(F)(F)F)c1)N1CCC(CN2CCC(Oc3ccc(Cl)c(Cl)c3)CC2)CC1,Scientific Literature,Binding affinity to histamine H1 receptor,B,,,Bioorg Med Chem Lett,2012.0,Histamine H1 receptor,Ki,nM,6.8,559.46,6.26
CHEMBL621,42.0,O=c1n(CCCN2CCN(c3cccc(Cl)c3)CC2)nc2ccccn12,DrugMatrix,"DRUGMATRIX: Histamine H1, Central radioligand binding (ligand: [3H] Pyrilamine)",B,,,,,Histamine H1 receptor,Ki,nM,7.38,371.87,2.36
CHEMBL4788140,312.3,C[C@H]1CN(CC[C@H]2CC[C@H](N3C(=O)[C@@H]4[C@H](C3=O)[C@@H]3C=C[C@H]4C3)CC2)CCc2ccc(Cl)cc21,Scientific Literature,Displacement of [3H]-pyrilamine from human H1 histamine receptor expressed in human HEK293 cells,B,Homo sapiens,,Bioorg Med Chem Lett,2021.0,Histamine H1 receptor,Ki,nM,6.5,467.05,5.06
CHEMBL4744893,290.0,CN(C)CCN1C(=O)c2ccccc2CCc2ccccc21,Scientific Literature,Binding affinity to H1 receptor (unknown origin),B,Homo sapiens,,Bioorg Med Chem Lett,2020.0,Histamine H1 receptor,Ki,nM,6.54,294.4,2.99
CHEMBL402826,2511.89,CCCc1nc2cc3c(cc2o1)CCN(CCCSc1nnc(-c2cccc4nc(C)ccc24)n1C)CC3,Scientific Literature,Antagonist activity at histamine H1 receptor by FLIPR assay,F,,,Bioorg Med Chem Lett,2008.0,Histamine H1 receptor,Ki,nM,,526.71,6.02
CHEMBL255621,5011.87,Cc1ncoc1-c1nnc(SCCCN2CCc3cc4ncoc4cc3CC2)n1C,Scientific Literature,Antagonist activity at histamine H1 receptor by FLIPR assay,F,,,Bioorg Med Chem Lett,2008.0,Histamine H1 receptor,Ki,nM,,424.53,3.5
CHEMBL269959,1995.26,Cc1ccc2c(-c3nnc(SCCCN4CCc5cc6nc(C)oc6cc5CC4)n3C)cccc2n1,Scientific Literature,Antagonist activity at histamine H1 receptor by FLIPR assay,F,,,Bioorg Med Chem Lett,2008.0,Histamine H1 receptor,Ki,nM,,498.66,5.37
CHEMBL408208,2511.89,Cc1ccc2c(-c3nnc(SCCN4CCc5cc6nc(C(F)(F)F)oc6c(Br)c5CC4)n3C)cccc2n1,Scientific Literature,Antagonist activity at histamine H1 receptor by FLIPR assay,F,,,Bioorg Med Chem Lett,2008.0,Histamine H1 receptor,Ki,nM,,617.5,6.45
CHEMBL269994,2511.89,CCc1nc2cc3c(c(C)c2o1)CCN(CCCCSc1nnc(-c2cccc4nc(C)ccc24)n1C)CC3,Scientific Literature,Antagonist activity at histamine H1 receptor by FLIPR assay,F,,,Bioorg Med Chem Lett,2008.0,Histamine H1 receptor,Ki,nM,,540.74,6.32
CHEMBL256652,251.19,Cc1ccc2c(-c3nnc(SCCCN4CCc5cc6c(cc5CC4)N(C)C(=O)CO6)n3C)cccc2n1,Scientific Literature,Antagonist activity at histamine H1 receptor by FLIPR assay,F,,,Bioorg Med Chem Lett,2008.0,Histamine H1 receptor,Ki,nM,6.6,528.68,4.28
CHEMBL594721,1000.0,CN1CCN(c2cc(NCc3ccccc3Cl)nc(N)n2)CC1,Scientific Literature,Displacement of [3H]pyrilamine from human histamine H1 receptor expressed in Sf9 cells co-expressing RGS4,B,Homo sapiens,,Bioorg Med Chem,2009.0,Histamine H1 receptor,Ki,nM,,332.84,2.08
CHEMBL593988,6.0,CN(C)CCC1c2ccccc2Cc2ccccc21,Scientific Literature,Displacement of [3H]chlorphniramine from human histamine H1 receptor expressed in cells,B,Homo sapiens,,Bioorg Med Chem,2009.0,Histamine H1 receptor,Ki,nM,8.22,251.37,3.67
CHEMBL305371,9772.37,N[C@H](Cc1ccc(O)cc1)C(=O)N1CCN(CCCOc2ccc(C(=O)C3CC3)cc2)CC1,Scientific Literature,Binding affinity towards Histamine H1 receptor of human membranes.,B,,,Bioorg Med Chem Lett,2002.0,Histamine H1 receptor,Ki,nM,5.01,451.57,2.47
CHEMBL2208417,501.19,N#Cc1ccc(OC[C@@H](O)CNC2CCN(Cc3ccc(Cl)c(Cl)c3)CC2)cc1,Scientific Literature,Displacement of [3H]-pyrilamine from human histamine H1 receptor expressed in recombinant CHOK1 cells after 1 hr,B,Homo sapiens,,Bioorg Med Chem Lett,2012.0,Histamine H1 receptor,Ki,nM,6.3,434.37,3.86
CHEMBL94249,199526231496888.28,NCCCCCCCCCCc1c[nH]cn1,Scientific Literature,Inhibitory activity against human Histamine H1 receptor,B,,,J Med Chem,2003.0,Histamine H1 receptor,Ki,nM,,223.36,3.03
CHEMBL350878,10000000000000.0,NCCc1c[nH]c(CCCCc2ccccc2)n1,Scientific Literature,Inhibitory activity against human Histamine H1 receptor,B,,,J Med Chem,2003.0,Histamine H1 receptor,Ki,nM,,243.35,2.48
CHEMBL3754166,10000.0,C=CCN(CC=C)CCc1c[nH]c2ccc(Br)cc12,Scientific Literature,Binding affinity to histamine H1 receptor (unknown origin) by competition binding assay,B,Homo sapiens,,Bioorg Med Chem Lett,2016.0,Histamine H1 receptor,Ki,nM,,319.25,4.15
CHEMBL63631,11220.18,CCCCCC(=O)c1ccc(OCCCN2CCN(S(=O)(=O)C(C)C)CC2)cc1,Scientific Literature,Binding affinity for the human Histamine H1 Receptor,B,,,Bioorg Med Chem Lett,2002.0,Histamine H1 receptor,Ki,nM,4.95,424.61,3.57
CHEMBL1000,14.0,O=C(O)COCCN1CCN(C(c2ccccc2)c2ccc(Cl)cc2)CC1,Scientific Literature,Binding affinity towards human histamine H1 receptor expressed in CHO-K1 cells,B,Homo sapiens,,Bioorg Med Chem Lett,2004.0,Histamine H1 receptor,Ki,nM,7.85,388.9,3.15
CHEMBL4876025,15848.93,Cc1nc(N)sc1CCCN/C(N)=N/C(=O)NC(c1ccccc1)c1ccccc1,Scientific Literature,Displacement of [3H]mepyramine from human histamine H1 receptor expressed in sf9 insect cell membranes co-expressing RGS4 incubated for 60 mins by microbeta scintillation counting method,B,Homo sapiens,,Eur J Med Chem,2021.0,Histamine H1 receptor,Ki,nM,4.8,422.56,3.37
CHEMBL4863523,21877.62,Cc1nc(N)sc1CCCN/C(N)=N/C(=O)NC(C)c1ccc(OC(F)(F)F)cc1,Scientific Literature,Displacement of [3H]mepyramine from human histamine H1 receptor expressed in sf9 insect cell membranes co-expressing RGS4 incubated for 60 mins by microbeta scintillation counting method,B,Homo sapiens,,Eur J Med Chem,2021.0,Histamine H1 receptor,Ki,nM,4.66,444.48,3.24
CHEMBL4848815,7943.28,CCC(CNC(=O)/N=C(\N)NCCCc1sc(N)nc1C)c1ccccc1,Scientific Literature,Displacement of [3H]mepyramine from human histamine H1 receptor expressed in sf9 insect cell membranes co-expressing RGS4 incubated for 60 mins by microbeta scintillation counting method,B,Homo sapiens,,Eur J Med Chem,2021.0,Histamine H1 receptor,Ki,nM,5.1,388.54,2.77
CHEMBL4856572,5888.44,Cc1nc(N)sc1CCCN/C(N)=N/C(=O)NCC(c1ccccc1)C(C)C,Scientific Literature,Displacement of [3H]mepyramine from human histamine H1 receptor expressed in sf9 insect cell membranes co-expressing RGS4 incubated for 60 mins by microbeta scintillation counting method,B,Homo sapiens,,Eur J Med Chem,2021.0,Histamine H1 receptor,Ki,nM,5.23,402.57,3.02
CHEMBL4853772,109647.82,Cc1nc(N)sc1CCCN/C(N)=N/C(=S)N[C@H](C)c1ccccc1,Scientific Literature,Displacement of [3H]mepyramine from human histamine H1 receptor expressed in sf9 insect cell membranes co-expressing RGS4 incubated for 60 mins by microbeta scintillation counting method,B,Homo sapiens,,Eur J Med Chem,2021.0,Histamine H1 receptor,Ki,nM,,376.56,2.51
CHEMBL2171045,39.81,O=C(NS(=O)(=O)c1cccc(C(F)(F)F)c1)N1CCC(N2CCC(Oc3ccc(Cl)c(Cl)c3)CC2)CC1,Scientific Literature,Displacement of [3H]pyrilamine from human H1 receptor expressed in CHOK1 cells,B,Homo sapiens,,Bioorg Med Chem Lett,2012.0,Histamine H1 receptor,Ki,nM,7.4,580.46,5.42
CHEMBL2158814,31.62,Cc1ccc(S(=O)(=O)NC(=O)N2CCC(N3CCC(Oc4ccc(Cl)c(Cl)c4)CC3)CC2)cc1,Scientific Literature,Displacement of [3H]pyrilamine from human H1 receptor expressed in CHOK1 cells,B,Homo sapiens,,Bioorg Med Chem Lett,2012.0,Histamine H1 receptor,Ki,nM,7.5,526.49,4.71
CHEMBL270239,2511.89,Cc1ccc2c(-c3nnc(SCCC(C)N4CCc5cc6nc(C)oc6c(C)c5CC4)n3C)cccc2n1,Scientific Literature,Antagonist activity at histamine H1 receptor by FLIPR assay,F,,,Bioorg Med Chem Lett,2008.0,Histamine H1 receptor,Ki,nM,,526.71,6.07
CHEMBL1910379,776.25,COc1ccc(CN(CCN2CCN(C(=O)c3cc4cc(Cl)ccc4[nH]3)CC2)c2ccccn2)cc1,Scientific Literature,Displacement of [3H]mepyramine from human H1R expressed in Sf9 cells co-expressing RGS4 after 90 mins by liquid scintillation counting,B,Homo sapiens,,Bioorg Med Chem Lett,2011.0,Histamine H1 receptor,Ki,nM,6.11,504.03,4.69
CHEMBL318235,74.0,COc1cc2c(cc1OC)C1=NO[C@@H](CN3CCN(C/C(C)=C/c4ccc(F)cc4)CC3)[C@@H]1CO2,Scientific Literature,Displacement of [3H]pyrilamine from human cloned histamine H1 receptor,B,Homo sapiens,,Bioorg Med Chem,2007.0,Histamine H1 receptor,Ki,nM,7.13,481.57,3.68
CHEMBL517407,295.0,CN(CC/C=C1\c2ccccc2Sc2ccc(Cl)cc21)Cc1ccc(OCCCN2CCCCC2)cc1,Scientific Literature,Displacement of [3H]pyrilamine from human histamine H1 receptor expressed in CHO cells,B,Homo sapiens,,Bioorg Med Chem Lett,2009.0,Histamine H1 receptor,Ki,nM,6.53,533.18,8.01
CHEMBL320178,158.49,CCOC(=O)N1CCN(CCCOc2ccc(-c3ccc(C#N)cc3)cc2)CC1,Scientific Literature,Binding affinity of human cortical histamine H1 receptor,B,,,Bioorg Med Chem Lett,2002.0,Histamine H1 receptor,Ki,nM,6.8,393.49,3.77
CHEMBL421026,2884.03,N#Cc1ccc(-c2ccc(OCCCN3CC4CNCC4C3)cc2)cc1,Scientific Literature,Binding affinity of human cortical histamine H1 receptor,B,,,Bioorg Med Chem Lett,2002.0,Histamine H1 receptor,Ki,nM,5.54,347.46,3.15
CHEMBL2146805,0.3467,CN1CCC[C@@H]1Cn1nc(Cc2ccc(Cl)cc2)c2cnccc2c1=O,Scientific Literature,Antagonist activity at human H1 receptor expressed in CHO cells assessed as inhibition of calcium mobilization by FLIPR assay,F,Homo sapiens,,Bioorg Med Chem,2012.0,Histamine H1 receptor,Ki,nM,9.46,368.87,3.13
CHEMBL2146810,0.631,CCCCN1CCC[C@@H]1Cn1nc(Cc2ccc(Cl)cc2)c2ncccc2c1=O,Scientific Literature,Antagonist activity at human H1 receptor expressed in CHO cells assessed as inhibition of calcium mobilization by FLIPR assay,F,Homo sapiens,,Bioorg Med Chem,2012.0,Histamine H1 receptor,Ki,nM,9.2,410.95,4.3
CHEMBL2151155,2511.89,CS(=O)(=O)c1ccc(C(=O)N2CCN(c3ccc(OC4CCN(C5CCC5)CC4)cc3)CC2)cc1,Scientific Literature,Binding affinity to human histamine H1 receptor,B,Homo sapiens,,J Med Chem,2011.0,Histamine H1 receptor,Ki,nM,5.6,497.66,3.45
CHEMBL107293,5500.0,Cc1ccc(S(=O)(=O)N[C@H]2CCN(CCCOc3ccc(C(=O)C4CC4)cc3)C2)cc1,Scientific Literature,Binding affinity to the human Histamine H1 receptor,B,,,Bioorg Med Chem Lett,2002.0,Histamine H1 receptor,Ki,nM,5.26,442.58,3.41
CHEMBL2158784,31.62,Cc1c(OC2CCN(CC3CCN([C@@H](Cc4ccc(F)cc4)C(=O)O)CC3)CC2)ccc(Cl)c1Cl,Scientific Literature,Binding affinity to histamine H1 receptor,B,,,Bioorg Med Chem Lett,2012.0,Histamine H1 receptor,Ki,nM,7.5,523.48,5.69
CHEMBL430502,13000.0,CC(=O)c1ccc(OCCCN2CC[C@H](NC(=O)c3ccc(C#N)cc3)C2)cc1,Scientific Literature,Binding affinity to the human Histamine H1 receptor,B,,,Bioorg Med Chem Lett,2002.0,Histamine H1 receptor,Ki,nM,4.89,391.47,3.03
CHEMBL157843,1000000000000000.0,NCCCCCCCCCCCCc1ccccn1,Scientific Literature,Inhibitory activity against human Histamine H1 receptor,B,,,J Med Chem,2003.0,Histamine H1 receptor,Ki,nM,,262.44,4.48
CHEMBL440512,87.0,Cc1cc2c(s1)Nc1ccccc1N=C2N1CC[N+](C)([O-])CC1,Scientific Literature,In vitro binding affinity of compound against histamine H1 neuronal receptor,B,,,Bioorg Med Chem Lett,1997.0,Histamine H1 receptor,Ki,nM,7.06,328.44,3.45
CHEMBL2171050,1000.0,Cc1ccc(S(=O)(=O)NC(=O)N2CCC(N3CCC(Oc4ccc(F)c(F)c4)CC3)CC2)cc1,Scientific Literature,Displacement of [3H]pyrilamine from human H1 receptor expressed in CHOK1 cells,B,Homo sapiens,,Bioorg Med Chem Lett,2012.0,Histamine H1 receptor,Ki,nM,6.0,493.58,3.68
CHEMBL61792,95499.26,N[C@H](Cc1c[nH]cn1)C(=O)N1CCN(CCCOc2ccc(C(=O)C3CC3)cc2)CC1,Scientific Literature,Binding affinity towards Histamine H1 receptor of human membranes.,B,,,Bioorg Med Chem Lett,2002.0,Histamine H1 receptor,Ki,nM,4.02,425.53,1.49
CHEMBL294087,34673.69,CN[C@@H](C(=O)N1CCN(CCCOc2ccc(C(=O)C3CC3)cc2)CC1)C(C)C,Scientific Literature,Binding affinity towards Histamine H1 receptor of human membranes.,B,,,Bioorg Med Chem Lett,2002.0,Histamine H1 receptor,Ki,nM,4.46,401.55,2.44
CHEMBL3557423,1778.28,c1cnc2c(c1)cc([C@@H]1CCCO1)n2CCN1CCCCC1,Scientific Literature,Displacement of [3H]mepyramine from human histamine H1 receptor expressed in HEK293 cells after 1 to 1.5 hrs by scintillation counting,B,Homo sapiens,,J Med Chem,2011.0,Histamine H1 receptor,Ki,nM,5.75,299.42,3.37
CHEMBL3962094,6.31,O=C(O)/C=C/C(=O)O.c1ccc(Cc2ccccc2OCCN2CCC2)cc1,Scientific Literature,Displacement of [3H]mepyramine from human wild type N-terminal hemagglutinin-tagged histamine H1 receptor expressed in HEK293T cells after 4 hrs by microbeta liquid scintillation counting analysis,B,Homo sapiens,,J Med Chem,2016.0,Histamine H1 receptor,Ki,nM,8.2,383.44,3.36
CHEMBL3943575,63.1,c1ccc(Cc2ccccc2OCCN2CCCCCC2)cc1,Scientific Literature,Displacement of [3H]mepyramine from human wild type N-terminal hemagglutinin-tagged histamine H1 receptor expressed in HEK293T cells after 4 hrs by microbeta liquid scintillation counting analysis,B,Homo sapiens,,J Med Chem,2016.0,Histamine H1 receptor,Ki,nM,7.2,309.45,4.53
CHEMBL3984221,7.943,O=C(O)/C=C/C(=O)O.c1ccc(Cc2ccccc2OCCCN2CCC2)cc1,Scientific Literature,Displacement of [3H]mepyramine from human wild type N-terminal hemagglutinin-tagged histamine H1 receptor expressed in HEK293T cells after 4 hrs by microbeta liquid scintillation counting analysis,B,Homo sapiens,,J Med Chem,2016.0,Histamine H1 receptor,Ki,nM,8.1,397.47,3.75
CHEMBL187367,10.0,c1ccc(Cc2ccccc2OCCCN2CCCC2)cc1,Scientific Literature,Displacement of [3H]mepyramine from human wild type N-terminal hemagglutinin-tagged histamine H1 receptor expressed in HEK293T cells after 4 hrs by microbeta liquid scintillation counting analysis,B,Homo sapiens,,J Med Chem,2016.0,Histamine H1 receptor,Ki,nM,8.0,295.43,4.14
CHEMBL3977546,15.85,O=C(O)/C=C/C(=O)O.c1ccc(Cc2ccccc2OC2CCNCC2)cc1,Scientific Literature,Displacement of [3H]mepyramine from human wild type N-terminal hemagglutinin-tagged histamine H1 receptor expressed in HEK293T cells after 4 hrs by microbeta liquid scintillation counting analysis,B,Homo sapiens,,J Med Chem,2016.0,Histamine H1 receptor,Ki,nM,7.8,383.44,3.41
CHEMBL1278113,100.0,O=C(O)C1CN(C2CC[C@]3(Cc4ccccc4Cc4ccccc43)C2)CCN1,Scientific Literature,Antagonist activity against human histamine H1 receptor expressed in CHO cells by FLIPR assay,F,Homo sapiens,,J Med Chem,2010.0,Histamine H1 receptor,Ki,nM,7.0,376.5,2.98
CHEMBL1277401,1000.0,O=C(O)C1CCN(C2CCC3(C2)C(=O)c2cc(Cl)ccc2Oc2ccccc23)CC1,Scientific Literature,Antagonist activity against human histamine H1 receptor expressed in CHO cells by FLIPR assay,F,Homo sapiens,,J Med Chem,2010.0,Histamine H1 receptor,Ki,nM,6.0,425.91,4.92
CHEMBL1910380,602.56,COc1ccc(CN(CCN2CCN(C(=O)c3nc4ccccc4[nH]3)CC2)c2ccccn2)cc1,Scientific Literature,Displacement of [3H]mepyramine from human H1R expressed in Sf9 cells co-expressing RGS4 after 90 mins by liquid scintillation counting,B,Homo sapiens,,Bioorg Med Chem Lett,2011.0,Histamine H1 receptor,Ki,nM,6.22,470.58,3.43
CHEMBL1259190,5.0,CC(C)C(=O)NCc1ccc2c(c1)[C@@H](N1CCN(C)CC1)Cc1ccccc1S2,Scientific Literature,Displacement of [3H]prozosin from human cloned histamine H1 receptor expressed in CHO cells,B,Homo sapiens,,J Med Chem,2010.0,Histamine H1 receptor,Ki,nM,8.3,409.6,3.95
CHEMBL2413153,512.0,Cn1c(=O)cnn(CCCCN2CCN(c3ccccc3OCCF)CC2)c1=O,Scientific Literature,Binding affinity to histamine H1 receptor (unknown origin),B,Homo sapiens,,Bioorg Med Chem,2013.0,Histamine H1 receptor,Ki,nM,6.29,405.47,0.89
CHEMBL60620,1584.89,CCCCCC(=O)c1ccc(OCCCN2CCN(C(=O)NCC)CC2)cc1,Scientific Literature,Binding affinity for the human Histamine H1 Receptor,B,,,Bioorg Med Chem Lett,2002.0,Histamine H1 receptor,Ki,nM,5.8,389.54,3.57
CHEMBL3819494,836.0,c1ccc2c(c1)CCN(CCCCc1c[nH]c3ccccc13)C2,Scientific Literature,Displacement of [3H]Pyrilamine from human H1 receptor expressed in cell membranes after 1 hr by liquid scintillation counting,B,Homo sapiens,,Bioorg Med Chem,2016.0,Histamine H1 receptor,Ki,nM,6.08,304.44,4.55
CHEMBL3818994,86.3,O=C(CCCN1CCc2ccccc2C1)c1ccc(F)cc1,Scientific Literature,Displacement of [3H]Pyrilamine from human H1 receptor expressed in cell membranes after 1 hr by liquid scintillation counting,B,Homo sapiens,,Bioorg Med Chem,2016.0,Histamine H1 receptor,Ki,nM,7.06,297.37,3.85
CHEMBL2441619,399.0,Cc1ccc2nc(C(F)(F)F)cc(N3CCNCC3)c2c1,Scientific Literature,Binding affinity to histamine H1 receptor (unknown origin),B,Homo sapiens,,ACS Med Chem Lett,2013.0,Histamine H1 receptor,Ki,nM,6.4,295.31,2.97
CHEMBL2158793,79.43,Cc1cc(F)ccc1OC1CCN(CC2CCN([C@@](C)(Cc3ccc(F)cc3)C(=O)O)CC2)CC1,Scientific Literature,Binding affinity to histamine H1 receptor,B,,,Bioorg Med Chem Lett,2012.0,Histamine H1 receptor,Ki,nM,7.1,486.6,4.91
CHEMBL2158791,158.49,Cc1cc(Cl)ccc1OC1CCN(CC2CCN([C@@](C)(Cc3ccc(F)cc3)C(=O)O)CC2)CC1,Scientific Literature,Binding affinity to histamine H1 receptor,B,,,Bioorg Med Chem Lett,2012.0,Histamine H1 receptor,Ki,nM,6.8,503.06,5.43
CHEMBL2158790,31.62,Cc1c(OC2CCN(CC3CCN([C@@](C)(Cc4ccc(F)cc4)C(=O)O)CC3)CC2)ccc(Cl)c1Cl,Scientific Literature,Binding affinity to histamine H1 receptor,B,,,Bioorg Med Chem Lett,2012.0,Histamine H1 receptor,Ki,nM,7.5,537.5,6.08
CHEMBL2158788,63.1,Cc1c(OC2CCN(CC3CCN([C@@H](Cc4ccccc4)C(=O)O)CC3)CC2)ccc(Cl)c1Cl,Scientific Literature,Binding affinity to histamine H1 receptor,B,,,Bioorg Med Chem Lett,2012.0,Histamine H1 receptor,Ki,nM,7.2,505.49,5.55
CHEMBL2158787,79.43,C[C@](Cc1ccc(F)cc1)(C(=O)O)N1CCC(CN2CCC(Oc3ccc(Cl)c(Cl)c3)CC2)CC1,Scientific Literature,Binding affinity to histamine H1 receptor,B,,,Bioorg Med Chem Lett,2012.0,Histamine H1 receptor,Ki,nM,7.1,523.48,5.77
CHEMBL2158782,100.0,Cc1cc(OC2CCN(CC3CCN([C@@H](Cc4ccc(F)cc4)C(=O)O)CC3)CC2)ccc1Cl,Scientific Literature,Binding affinity to histamine H1 receptor,B,,,Bioorg Med Chem Lett,2012.0,Histamine H1 receptor,Ki,nM,7.0,489.03,5.04
CHEMBL2158778,398.11,O=C(O)[C@H](Cc1ccc(F)cc1)N1CCC(CN2CCC(Oc3ccc(Cl)cc3)CC2)CC1,Scientific Literature,Binding affinity to histamine H1 receptor,B,,,Bioorg Med Chem Lett,2012.0,Histamine H1 receptor,Ki,nM,6.4,475.0,4.73
CHEMBL2158775,63.1,COc1ccccc1C[C@@H](C(=O)O)N1CCC(CN2CCC(Oc3ccc(Cl)c(Cl)c3)CC2)CC1,Scientific Literature,Binding affinity to histamine H1 receptor,B,,,Bioorg Med Chem Lett,2012.0,Histamine H1 receptor,Ki,nM,7.2,521.49,5.25
CHEMBL2158840,125.89,O=C(O)[C@H](Cc1cccc(F)c1)N1CCC(CN2CCC(Oc3ccc(Cl)c(Cl)c3)CC2)CC1,Scientific Literature,Binding affinity to histamine H1 receptor,B,,,Bioorg Med Chem Lett,2012.0,Histamine H1 receptor,Ki,nM,6.9,509.45,5.38
CHEMBL2158832,50.12,O=C(O)c1cccc(CN2CCC(CN3CCC(Oc4ccc(Cl)c(Cl)c4)CC3)CC2)c1,Scientific Literature,Binding affinity to histamine H1 receptor,B,,,Bioorg Med Chem Lett,2012.0,Histamine H1 receptor,Ki,nM,7.3,477.43,5.45
CHEMBL2158828,15.85,O=C(O)COc1ccccc1N1CCC(CN2CCC(Oc3ccc(Cl)c(Cl)c3)CC2)CC1,Scientific Literature,Binding affinity to histamine H1 receptor,B,,,Bioorg Med Chem Lett,2012.0,Histamine H1 receptor,Ki,nM,7.8,493.43,5.22
CHEMBL2158826,5.012,O=C(O)Cc1cccc(N2CCC(CN3CCC(Oc4ccc(Cl)c(Cl)c4)CC3)CC2)c1,Scientific Literature,Binding affinity to histamine H1 receptor,B,,,Bioorg Med Chem Lett,2012.0,Histamine H1 receptor,Ki,nM,8.3,477.43,5.38
CHEMBL2158814,31.62,Cc1ccc(S(=O)(=O)NC(=O)N2CCC(N3CCC(Oc4ccc(Cl)c(Cl)c4)CC3)CC2)cc1,Scientific Literature,Binding affinity to histamine H1 receptor,B,,,Bioorg Med Chem Lett,2012.0,Histamine H1 receptor,Ki,nM,7.5,526.49,4.71
CHEMBL571390,16.0,Cc1ccc(CN2CCC(C(O)(c3ccccc3)c3ccccc3)CC2)cc1,Scientific Literature,Displacement of [3H]pyrilamine from human recombinant histamine H1 receptor expressed in CHO cell by Betaplate scintillation counting,B,Homo sapiens,,Bioorg Med Chem Lett,2009.0,Histamine H1 receptor,Ki,nM,7.8,371.52,5.14
CHEMBL519240,3548.13,Nc1nc2c(c(N3CCNCC3)n1)CCC1=C2[C@@H]2CCCC[C@@H]2O1,Scientific Literature,Binding affinity to human histamine H1 receptor,B,Homo sapiens,,J Med Chem,2008.0,Histamine H1 receptor,Ki,nM,5.45,327.43,1.71
CHEMBL321320,3600.0,O=C(c1ccc(OCCCN2CC[C@H](NS(=O)(=O)c3cccc(Cl)c3)C2)cc1)C1CC1,Scientific Literature,Binding affinity to the human Histamine H1 receptor,B,,,Bioorg Med Chem Lett,2002.0,Histamine H1 receptor,Ki,nM,5.44,463.0,3.75
CHEMBL104808,9200.0,O=C(c1ccc(OCCCN2CC[C@H](NS(=O)(=O)c3ccc(F)cc3)C2)cc1)C1CC1,Scientific Literature,Binding affinity to the human Histamine H1 receptor,B,,,Bioorg Med Chem Lett,2002.0,Histamine H1 receptor,Ki,nM,5.04,446.54,3.24
CHEMBL330713,32.6,CN(C)CC1C[C@H]2c3ccccc3Oc3ccccc3[C@H]2O1,Scientific Literature,Ability to displace [3H]pyrilamine from human cloned histamine H1 receptor expressed in CHO cells,B,,,Bioorg Med Chem Lett,2004.0,Histamine H1 receptor,Ki,nM,7.49,295.38,3.97
CHEMBL106483,3235.94,N#Cc1ccc(-c2ccc(OCCCN3CCOCC3)cc2)cc1,Scientific Literature,Binding affinity of human cortical histamine H1 receptor,B,,,Bioorg Med Chem Lett,2002.0,Histamine H1 receptor,Ki,nM,5.49,322.41,3.33
CHEMBL3819153,510.0,O=c1[nH]c2cc(Cl)ccc2n1C1CCN(CCCCc2nc3ccccc3o2)CC1,Scientific Literature,Displacement of [3H]Pyrilamine from human recombinant histamine H1 receptor incubated for 1.5 hrs by microbeta scintillation counting method,A,Homo sapiens,,Bioorg Med Chem,2016.0,Histamine H1 receptor,Ki,nM,6.29,424.93,4.78
CHEMBL3959209,290.0,Cl.Cl.c1ccc2c(c1)CCN(CCCc1nc3ccccc3[nH]1)C2,Scientific Literature,Displacement of [3H]-pyrilamine from human histamine H1 receptor by liquid scintillation counting method,A,Homo sapiens,,Bioorg Med Chem,2016.0,Histamine H1 receptor,Ki,nM,6.54,364.32,3.55
CHEMBL3897499,10000.0,CCCN1CC[C@H]2c3cc4ccc(C(F)(F)F)cc4nc3[C@H](CC)[C@H]3CCC[C@@H]1[C@@H]32,Scientific Literature,Displacement of [3H]Pyrilamine from human H1 receptor expressed in HEK cells measured after 90 mins by microbeta scintillation counting method,B,Homo sapiens,,Bioorg Med Chem Lett,2016.0,Histamine H1 receptor,Ki,nM,,416.53,6.75
CHEMBL105952,162.18,CCOC(=O)N1CCN(CCCOc2ccc(-c3ccccc3[N+](=O)[O-])cc2)CC1,Scientific Literature,Binding affinity at human cortical Histamine 1 receptor,B,Homo sapiens,,Bioorg Med Chem Lett,2002.0,Histamine H1 receptor,Ki,nM,6.79,413.47,3.8
CHEMBL105594,8912.51,N#Cc1ccc(-c2ccc(OCCCN3CCNCC3)cc2)cc1,Scientific Literature,Binding affinity of human cortical histamine H1 receptor,B,,,Bioorg Med Chem Lett,2002.0,Histamine H1 receptor,Ki,nM,5.05,321.42,2.9
CHEMBL64608,1513.56,C[C@@H](CN)C(=O)N1CCN(CCCOc2ccc(C(=O)C3CC3)cc2)CC1,Scientific Literature,Binding affinity towards Histamine H1 receptor of human membranes.,B,,,Bioorg Med Chem Lett,2002.0,Histamine H1 receptor,Ki,nM,5.82,373.5,1.79
CHEMBL1923523,426.58,NC1=NC(c2ccccc2)n2c(nc3ccccc32)N1,Scientific Literature,Displacement of [3H]mepyramine from human histamine H1 receptor expressed in HEK293 cells after 1 to 1.5 hrs by scintillation counting,B,Homo sapiens,,J Med Chem,2011.0,Histamine H1 receptor,Ki,nM,6.37,263.3,2.32
CHEMBL1923524,537.03,Cc1cccc2c(CCN)cn(Cc3ccccc3)c12,Scientific Literature,Displacement of [3H]mepyramine from human histamine H1 receptor expressed in HEK293 cells after 1 to 1.5 hrs by scintillation counting,B,Homo sapiens,,J Med Chem,2011.0,Histamine H1 receptor,Ki,nM,6.27,264.37,3.5
CHEMBL1627,4.2,CNC(=O)C(CCN1CCC(O)(c2ccc(Cl)cc2)CC1)(c1ccccc1)c1ccccc1,Scientific Literature,Displacement of [3H]pyrilamine from human histamine H1 receptor,B,Homo sapiens,,J Med Chem,2008.0,Histamine H1 receptor,Ki,nM,8.38,463.02,4.75
CHEMBL2207668,501.19,N#Cc1ccc(OC2CCN(C[C@H](O)CNC(=O)c3c[nH]c(=O)c4ccccc34)CC2)cc1,Scientific Literature,Displacement of [3H]-pyrilamine from human recombinant H1 histamine receptor expressed in CHOK1 cells after 1 hr,B,Homo sapiens,,Bioorg Med Chem Lett,2012.0,Histamine H1 receptor,Ki,nM,6.3,446.51,2.03
CHEMBL559251,4.0,CN(C)CCC1=C(Cc2cnccn2)c2ccccc2C1,Scientific Literature,Binding affinity at histamine H1 receptor,B,,,Bioorg Med Chem Lett,2010.0,Histamine H1 receptor,Ki,nM,8.4,279.39,2.98
CHEMBL3357043,147.0,CCCCC(=O)N1CCC(=C2c3ccc(Cl)cc3CCc3cccnc32)CC1,Scientific Literature,Displacement of [3H]mepyramine from human histamine H1 receptor expressed in Sf9 cells by scintillation counting method,B,Homo sapiens,,J Med Chem,2014.0,Histamine H1 receptor,Ki,nM,6.83,394.95,5.45
CHEMBL1092663,4.2,Cc1ccc2c(c1)CC(CCN(C)C)=C2[C@@H](C)c1cnccn1,Scientific Literature,Binding affinity at histamine H1 receptor,B,,,Bioorg Med Chem Lett,2010.0,Histamine H1 receptor,Ki,nM,8.38,307.44,3.85
CHEMBL1092651,0.8,COc1nccnc1CC1=C(CCN(C)C)Cc2cc(F)ccc21,Scientific Literature,Binding affinity at histamine H1 receptor,B,,,Bioorg Med Chem Lett,2010.0,Histamine H1 receptor,Ki,nM,9.1,327.4,3.13
CHEMBL4165863,336.0,O=C(OCc1ccccc1)N1CCc2ccc(N3CCN(C4CCCC4)CC3)cc2C1,Scientific Literature,Displacement of [3H]-Pyrilamine from human histamine H1 receptor expressed in stable HEK cells after 90 mins by microbeta scintillation counting method,B,Homo sapiens,,Eur J Med Chem,2018.0,Histamine H1 receptor,Ki,nM,6.47,419.57,4.45
CHEMBL181085,7.59,CC(C)COC(=O)N(O)CCC#Cc1ccc(OCCCCN2CCN(C(c3ccc(F)cc3)c3ccc(F)cc3)CC2)cc1,Scientific Literature,Binding affinity for human Histamine H1 receptor in CHO K1 cells,B,Homo sapiens,,Bioorg Med Chem Lett,2005.0,Histamine H1 receptor,Ki,nM,8.12,619.75,6.76
CHEMBL360666,17.8,O=C(OCc1ccccc1)N(O)CCC#Cc1ccc(OCCCCN2CCN(C(c3ccc(F)cc3)c3ccc(F)cc3)CC2)cc1,Scientific Literature,Binding affinity for human Histamine H1 receptor in CHO K1 cells,B,Homo sapiens,,Bioorg Med Chem Lett,2005.0,Histamine H1 receptor,Ki,nM,7.75,653.77,7.3
CHEMBL1092377,2.7,C[C@@H](c1ncccc1F)c1c(CCN(C)C)sc2ccccc12,Scientific Literature,Displacement of [3H]pyrilamine from human histamine H1 receptor expressed in CHO Flp-In cells after 90 mins by scintillation counting,B,Homo sapiens,,Bioorg Med Chem Lett,2010.0,Histamine H1 receptor,Ki,nM,8.57,328.46,4.69
CHEMBL1092494,8.0,C[C@@H](c1ncccc1Cl)c1c(CCN(C)C)sc2ccccc12,Scientific Literature,Displacement of [3H]pyrilamine from human histamine H1 receptor expressed in CHO Flp-In cells after 90 mins by scintillation counting,B,Homo sapiens,,Bioorg Med Chem Lett,2010.0,Histamine H1 receptor,Ki,nM,8.1,344.91,5.21
CHEMBL1092495,13.0,C[C@@H](c1ccc(F)cn1)c1c(CCN(C)C)sc2ccccc12,Scientific Literature,Displacement of [3H]pyrilamine from human histamine H1 receptor expressed in CHO Flp-In cells after 90 mins by scintillation counting,B,Homo sapiens,,Bioorg Med Chem Lett,2010.0,Histamine H1 receptor,Ki,nM,7.89,328.46,4.69
CHEMBL96732,27.0,CN(C)CC1C[C@H]2c3ccccc3Cc3ccccc3[C@H]2O1,Scientific Literature,Ability to displace [3H]pyrilamine from human cloned histamine H1 receptor expressed in CHO cells,B,,,Bioorg Med Chem Lett,2004.0,Histamine H1 receptor,Ki,nM,7.57,293.41,3.77
CHEMBL11603,10000000000000.0,NCCc1c[nH]c(C(c2ccccc2)c2ccccc2)n1,Scientific Literature,Inhibitory activity against human Histamine H1 receptor,B,,,J Med Chem,2003.0,Histamine H1 receptor,Ki,nM,,277.37,3.09
CHEMBL5273244,1.259,COCC(=O)NCCN1CCC[C@@H]1Cn1nc(Cc2ccc(Cl)cc2)c2ccccc2c1=O.O=C(O)C(F)(F)F,Scientific Literature,Antagonist activity against recombinant human H1 receptor expressed in CHO cells incubated for 30 mins by FLIPR analysis,B,Homo sapiens,,ACS Med Chem Lett,2017.0,Histamine H1 receptor,Ki,nM,8.9,583.01,2.87
CHEMBL1915535,10000.0,CN1CCN(c2cc(NCCC(C)(C)C)ncn2)CC1,Scientific Literature,Antagonist activity at histamine H1 receptor,F,,,Bioorg Med Chem Lett,2011.0,Histamine H1 receptor,Ki,nM,,277.42,2.08
CHEMBL1276859,31.62,O=C(O)CC1CCN(C2CC[C@]3(Cc4ccccc4Cc4ccccc43)C2)C1,Scientific Literature,Antagonist activity against human histamine H1 receptor expressed in CHO cells by FLIPR assay,F,Homo sapiens,,J Med Chem,2010.0,Histamine H1 receptor,Ki,nM,7.5,375.51,4.42
CHEMBL270376,1000.0,Cc1nc(C)c(-c2nnc(SCCCN3CCc4ccc5oc(C(F)(F)F)nc5c4CC3)n2C)s1,Scientific Literature,Antagonist activity at histamine H1 receptor by FLIPR assay,F,,,Bioorg Med Chem Lett,2008.0,Histamine H1 receptor,Ki,nM,6.0,522.62,5.3
CHEMBL258930,10.0,c1ccc([C@@H](Oc2cccc3c2OCC3)[C@H]2CNCCO2)cc1,Scientific Literature,Inhibition of histamine H1 receptor,B,,,Bioorg Med Chem Lett,2008.0,Histamine H1 receptor,Ki,nM,8.0,311.38,2.73
CHEMBL1923528,2290.87,CNCC(O)CN1c2ccccc2C2CCCCC21,Scientific Literature,Displacement of [3H]mepyramine from human histamine H1 receptor expressed in HEK293 cells after 1 to 1.5 hrs by scintillation counting,B,Homo sapiens,,J Med Chem,2011.0,Histamine H1 receptor,Ki,nM,5.64,260.38,2.11
CHEMBL434785,10715.19,N[C@@H](C(=O)O)C1Cc2ccccc2C1,Scientific Literature,Binding affinity towards Histamine H1 receptor of human membranes.,B,,,Bioorg Med Chem Lett,2002.0,Histamine H1 receptor,Ki,nM,4.97,191.23,0.81
CHEMBL2207286,12.59,CN(C)S(=O)(=O)c1ccc2c(C(=O)NC[C@@H](O)CN3CCC(Oc4ccc(Cl)c(Cl)c4)CC3)c[nH]c(=O)c2c1,Scientific Literature,Displacement of [3H]-pyrilamine from human recombinant H1 histamine receptor expressed in CHOK1 cells after 1 hr,B,Homo sapiens,,Bioorg Med Chem Lett,2012.0,Histamine H1 receptor,Ki,nM,7.9,597.52,2.72
CHEMBL2207666,3.981,O=C(NC[C@@H](O)CN1CCC(Oc2ccc(Cl)c(Cl)c2)CC1)c1c[nH]c(=O)c2ccccc12,Scientific Literature,Displacement of [3H]-pyrilamine from human recombinant H1 histamine receptor expressed in CHOK1 cells after 1 hr,B,Homo sapiens,,Bioorg Med Chem Lett,2012.0,Histamine H1 receptor,Ki,nM,8.4,490.39,3.47
CHEMBL418658,724.44,CCCCCC(=O)c1ccc(OCCCN2CCN(C(=O)c3cccnc3)CC2)cc1,Scientific Literature,Binding affinity for the human Histamine H1 Receptor,B,,,Bioorg Med Chem Lett,2002.0,Histamine H1 receptor,Ki,nM,6.14,423.56,4.07
CHEMBL4513786,10000.0,CCCCN(CCCC)C(=O)CN1C[C@@H](c2cc(OC)c3c(c2)OCO3)[C@H](C(=O)O)[C@H]1CC(C)(C)CCC,EUbOPEN Chemogenomic Library Literature Data,Selectivity interaction (GPCR panel (PDSP screen)) EUB0000289c HRH1,B,Homo sapiens,,,2023.0,Histamine H1 receptor,Ki,nM,,532.72,5.54
CHEMBL62840,2238.72,CCOC(=O)N1CCN(CCCOc2ccc(C(C)=O)cc2)CC1,Scientific Literature,Binding affinity for the human Histamine H1 Receptor,B,,,Bioorg Med Chem Lett,2002.0,Histamine H1 receptor,Ki,nM,5.65,334.42,2.43
CHEMBL2031876,10000.0,C[C@@H]1CCCN1C(=O)c1ccc(-c2ccc3c(c2)CCN(CCN2CCCC2)C3=O)cc1,Scientific Literature,Binding affinity to H1 receptor,B,,,J Med Chem,2012.0,Histamine H1 receptor,Ki,nM,,431.58,4.07
CHEMBL2031737,7055.0,C[C@@H]1CCCN1CCc1cc2cc(C(=O)c3ccc([N+](=O)[O-])cc3)ccc2o1,Scientific Literature,Binding affinity to human recombinant H1 receptor,B,Homo sapiens,,J Med Chem,2012.0,Histamine H1 receptor,Ki,nM,5.15,378.43,4.6
CHEMBL3898250,549.54,Cl.O=C1c2ccc(Cl)cc2CC1CCN1CCc2ccccc2C1,Scientific Literature,Displacement of [3H]-pyrilamine from human histamine H1 receptor by liquid scintillation counting method,A,Homo sapiens,,Bioorg Med Chem,2016.0,Histamine H1 receptor,Ki,nM,6.26,362.3,4.14
CHEMBL2207665,5.012,Cn1cc(C(=O)NC[C@@H](O)CN2CCC(Oc3ccc(Cl)c(Cl)c3)CC2)c(C(F)(F)F)cc1=O,Scientific Literature,Displacement of [3H]-pyrilamine from human recombinant H1 histamine receptor expressed in CHOK1 cells after 1 hr,B,Homo sapiens,,Bioorg Med Chem Lett,2012.0,Histamine H1 receptor,Ki,nM,8.3,522.35,3.35
CHEMBL2207662,3.981,O=C(NC[C@@H](O)CN1CCC(Oc2ccc(Cl)c(Cl)c2)CC1)c1c[nH]c(=O)cc1C(F)(F)F,Scientific Literature,Displacement of [3H]-pyrilamine from human recombinant H1 histamine receptor expressed in CHOK1 cells after 1 hr,B,Homo sapiens,,Bioorg Med Chem Lett,2012.0,Histamine H1 receptor,Ki,nM,8.4,508.32,3.33
CHEMBL346574,10000000000000.0,NCCc1c[nH]c(CCCCCc2ccccc2)n1,Scientific Literature,Inhibitory activity against human Histamine H1 receptor,B,,,J Med Chem,2003.0,Histamine H1 receptor,Ki,nM,,257.38,2.87
CHEMBL156071,2511886431509582.0,NCCCCCCCCCCCCCc1c[nH]cn1,Scientific Literature,Inhibitory activity against human Histamine H1 receptor,B,,,J Med Chem,2003.0,Histamine H1 receptor,Ki,nM,,265.44,4.2
CHEMBL1172775,1000.0,COc1ccc(N2CCC(Cc3c[nH]cn3)CC2)cc1,Scientific Literature,Displacement of [3H]rilamine from human histamine H1 receptor expressed in CHO cells after 1 hr by liquid scintillation counting,B,Homo sapiens,,Bioorg Med Chem,2010.0,Histamine H1 receptor,Ki,nM,,271.36,2.88
CHEMBL259765,10.0,COc1cc(F)ccc1O[C@H](c1ccccc1)[C@H]1CNCCO1,Scientific Literature,Inhibition of histamine H1 receptor,B,,,Bioorg Med Chem Lett,2008.0,Histamine H1 receptor,Ki,nM,8.0,317.36,2.94
CHEMBL270227,2511.89,Cc1ccc2c(-c3nnc(SCCCN4CCc5cc6nc(C(F)(F)C(F)(F)F)oc6cc5CC4)n3C)cccc2n1,Scientific Literature,Antagonist activity at histamine H1 receptor by FLIPR assay,F,,,Bioorg Med Chem Lett,2008.0,Histamine H1 receptor,Ki,nM,,602.63,6.72
CHEMBL328187,1500.0,Cn1cc(-c2ccc3c(c2)c(C2CCN(CCN4CCNC4=O)CC2)cn3-c2ccc(F)cc2)nn1,Scientific Literature,Displacement of [3H]prozosin from human cloned histamine H1 receptor expressed in CHO cells,B,Homo sapiens,,J Med Chem,2010.0,Histamine H1 receptor,Ki,nM,5.82,487.58,3.77
CHEMBL257525,1995.26,Cc1ccc2c(-c3nnc(SCCC(C)N4CCc5cc6nc(C(F)(F)F)oc6c(C)c5CC4)n3C)cccc2n1,Scientific Literature,Antagonist activity at histamine H1 receptor by FLIPR assay,F,,,Bioorg Med Chem Lett,2008.0,Histamine H1 receptor,Ki,nM,,580.68,6.78
CHEMBL256650,3162.28,Cc1ccc2c(-c3nnc(SCCN4CCc5cc6nc(C)oc6cc5CC4)n3C)cccc2n1,Scientific Literature,Antagonist activity at histamine H1 receptor by FLIPR assay,F,,,Bioorg Med Chem Lett,2008.0,Histamine H1 receptor,Ki,nM,,484.63,4.98
CHEMBL100454,6.0,CN1CCN(C2=Nc3ccccc3Nc3sc(CO)cc32)CC1,Scientific Literature,In vitro binding affinity of compound against histamine H1 neuronal receptor,B,,,Bioorg Med Chem Lett,1997.0,Histamine H1 receptor,Ki,nM,8.22,328.44,2.62
CHEMBL11584,125892541179416.62,NCCc1c[nH]c(CC(c2ccccc2)c2ccccc2)n1,Scientific Literature,Inhibitory activity against human Histamine H1 receptor,B,,,J Med Chem,2003.0,Histamine H1 receptor,Ki,nM,,291.4,3.29
CHEMBL1923522,62.0,CN1CCN(c2nc(N3CCCC3)c3cnn(C)c3n2)CC1,Scientific Literature,Displacement of [3H]mepyramine from human histamine H1 receptor expressed in HEK293 cells after 1 to 1.5 hrs by scintillation counting,B,Homo sapiens,,J Med Chem,2011.0,Histamine H1 receptor,Ki,nM,7.21,301.4,0.72
CHEMBL2158779,100.0,O=C(O)[C@H](Cc1ccc(F)cc1)N1CCC(CN2CCC(Oc3ccc(Cl)cc3Cl)CC2)CC1,Scientific Literature,Binding affinity to histamine H1 receptor,B,,,Bioorg Med Chem Lett,2012.0,Histamine H1 receptor,Ki,nM,7.0,509.45,5.38
CHEMBL2158816,63.1,O=C(O)C(c1ccccc1)N1CCCC(CN2CCC(Oc3ccc(Cl)c(Cl)c3)CC2)C1,Scientific Literature,Binding affinity to histamine H1 receptor,B,,,Bioorg Med Chem Lett,2012.0,Histamine H1 receptor,Ki,nM,7.2,477.43,5.37
CHEMBL62804,53703.18,C[C@H](N)C(=O)N1CCN(CCCOc2ccc(C(=O)C3CC3)cc2)CC1,Scientific Literature,Binding affinity towards Histamine H1 receptor of human membranes.,B,,,Bioorg Med Chem Lett,2002.0,Histamine H1 receptor,Ki,nM,4.27,359.47,1.54
CHEMBL185825,109.0,NC(=O)N(O)CCC#Cc1ccc(OCCCN2CCN(C(c3ccc(F)cc3)c3ccc(F)cc3)CC2)cc1,Scientific Literature,Binding affinity towards human histamine H1 receptor expressed in CHO-K1 cells,B,Homo sapiens,,Bioorg Med Chem Lett,2004.0,Histamine H1 receptor,Ki,nM,6.96,548.63,4.65
CHEMBL429136,18.3,CC1NC(NCC(F)F)=Nc2ccc(Cl)c(Cl)c21,Scientific Literature,Binding affinity to histamine H1 receptor,B,,,Bioorg Med Chem Lett,2008.0,Histamine H1 receptor,Ki,nM,7.74,294.13,3.5
CHEMBL1940404,698.6,OC1(c2ccc(Cl)cc2)CCN(CCCOc2ccc(F)cc2)CC1,Scientific Literature,Displacement of [3H]Pyrilamine from human histamine H1 receptor by liquid scintillation counting,B,Homo sapiens,,Bioorg Med Chem Lett,2014.0,Histamine H1 receptor,Ki,nM,6.16,363.86,4.23
CHEMBL5209546,95.5,CC(C)[C@H](NC(=O)CCN1CCC(Oc2ccccc2Cc2ccccc2)CC1)C(=O)N[C@@H](CO)C(=O)N[C@@H](CC(N)=O)C(=O)N[C@H](Cc1ccccc1)C(N)=O,Scientific Literature,Displacement of fluorophore-labeled mepyramine from Nluc-tagged human H1R expressed in HEK293T cells incubated for 2 hrs by NanoBRET competition binding assay,B,Homo sapiens,,J Med Chem,2022.0,Histamine H1 receptor,Ki,nM,7.02,785.94,0.7
CHEMBL5192678,173.78,CC(C)[C@H](NC(=O)CCN1CCC(Oc2ccccc2Cc2ccccc2)CC1)C(=O)N[C@@H](CO)C(=O)N[C@@H](CC(=O)O)C(=O)N[C@H](Cc1ccccc1)C(N)=O,Scientific Literature,Displacement of fluorophore-labeled mepyramine from Nluc-tagged human H1R expressed in HEK293T cells incubated for 2 hrs by NanoBRET competition binding assay,B,Homo sapiens,,J Med Chem,2022.0,Histamine H1 receptor,Ki,nM,6.76,786.93,1.3
CHEMBL5179303,912.0,C[C@H](NC(=O)CCN1CCC(Oc2ccccc2Cc2ccccc2)CC1)C(=O)N[C@@H](C)C(=O)N[C@@H](C)C(=O)N[C@H](Cc1ccccc1)C(N)=O,Scientific Literature,Displacement of fluorophore-labeled mepyramine from Nluc-tagged human H1R expressed in HEK293T cells incubated for 2 hrs by NanoBRET competition binding assay,B,Homo sapiens,,J Med Chem,2022.0,Histamine H1 receptor,Ki,nM,6.04,698.87,2.24
CHEMBL5173453,95.0,CC(C)[C@H](NC(=O)CCN1CCC(Oc2ccccc2Cc2ccccc2)CC1)C(=O)N[C@@H](CO)C(=O)N[C@@H](Cc1ccc(O)cc1)C(=O)N[C@H](Cc1ccccc1)C(N)=O,Scientific Literature,Displacement of fluorophore-labeled mepyramine from Nluc-tagged human H1R expressed in HEK293T cells incubated for 2 hrs by NanoBRET competition binding assay,B,Homo sapiens,,J Med Chem,2022.0,Histamine H1 receptor,Ki,nM,7.02,835.01,2.77
CHEMBL3417586,10000.0,C[C@@H]1CCCN1CCCOc1ccc(C2=NNC(=O)[C@H]3C[C@@H]23)cc1,Scientific Literature,Inhibition of human H1R,B,Homo sapiens,,Eur J Med Chem,2015.0,Histamine H1 receptor,Ki,nM,,327.43,2.41
CHEMBL195706,33.0,CN(C)C[C@@H]1CC2c3ccccc3Oc3ccc(F)cc3[C@H]2O1,Scientific Literature,Inhibition of [3H]pyrilamine binding to human Histamine H1 receptor ,B,Homo sapiens,,J Med Chem,2005.0,Histamine H1 receptor,Ki,nM,7.48,313.37,4.11
CHEMBL4586794,10000.0,Cn1cncc1[C@](O)(COc1ccc(C#N)cc1-c1ccc(OC(F)(F)F)cc1)c1ccc(C#N)cc1,SGC Frankfurt - Donated Chemical Probes,GPCRScan assay: inhibition of H1,B,Homo sapiens,,,2021.0,Histamine H1 receptor,Ki,nM,5.0,504.47,5.04
CHEMBL2208423,19.95,N#Cc1cccc(C(=O)NC[C@@H](O)CN2CCC(Oc3ccc(Cl)c(Cl)c3)CC2)c1,Scientific Literature,Displacement of [3H]-pyrilamine from human histamine H1 receptor expressed in recombinant CHOK1 cells after 1 hr,B,Homo sapiens,,Bioorg Med Chem Lett,2012.0,Histamine H1 receptor,Ki,nM,7.7,448.35,3.5
CHEMBL140872,912.0,O=C(CCCN1CCN(c2ncccn2)CC1)c1ccc(F)cc1,Scientific Literature,Displacement of [3H]pyrilamine from human H1 receptor by liquid scintillation counting,B,Homo sapiens,,Bioorg Med Chem,2012.0,Histamine H1 receptor,Ki,nM,6.04,328.39,2.4
CHEMBL1946253,1247.0,Fc1ccc(CCCCN2CCCN(c3ccc(Cl)cc3)CC2)cc1,Scientific Literature,Displacement of [3H]-Pyrilamine from human histamine H1 receptor by liquid scintillation counter,B,Homo sapiens,,Bioorg Med Chem,2012.0,Histamine H1 receptor,Ki,nM,5.9,360.9,5.01
CHEMBL3753985,1862.09,CN1CCN(c2nc(NCCc3ccccc3)nc3c2-c2ccccc2CC3)CC1,Scientific Literature,Displacement of [3H]mepyramine from human histamine 1 receptor expressed in Sf9 cell membranes by liquid scintillation counting,B,Homo sapiens,,Bioorg Med Chem Lett,2016.0,Histamine H1 receptor,Ki,nM,5.73,399.54,3.65
CHEMBL3752576,10000.0,C=CCN(CC=C)CCc1c[nH]c2ccccc12,Scientific Literature,Binding affinity to histamine H1 receptor (unknown origin) by competition binding assay,B,Homo sapiens,,Bioorg Med Chem Lett,2016.0,Histamine H1 receptor,Ki,nM,,240.35,3.38
CHEMBL1923521,6.0,c1ccc(Cc2ccccc2OC2CCNCC2)cc1,Scientific Literature,Displacement of [3H]mepyramine from human histamine H1 receptor expressed in HEK293 cells after 1 to 1.5 hrs by scintillation counting,B,Homo sapiens,,J Med Chem,2011.0,Histamine H1 receptor,Ki,nM,8.22,267.37,3.41
CHEMBL3753334,1949.84,CN1CCN(c2nc(NCc3ccc(F)cc3)nc3c2CCc2ccccc2-3)CC1,Scientific Literature,Displacement of [3H]mepyramine from human histamine 1 receptor expressed in Sf9 cell membranes by liquid scintillation counting,B,Homo sapiens,,Bioorg Med Chem Lett,2016.0,Histamine H1 receptor,Ki,nM,5.71,403.51,3.75
CHEMBL3806098,10000.0,N#C/N=C(/NCCCc1ccccc1)NC[C@H]1CC[C@H](c2c[nH]cn2)C1,Scientific Literature,Displacement of [3H]mepyramine from human histamine H1 receptor expressed in sf9 cell membrane co-expressing RGS4 incubated for 60 mins by liquid scintillation counting method,B,Homo sapiens,,J Med Chem,2016.0,Histamine H1 receptor,Ki,nM,,350.47,2.94
CHEMBL3805264,10000.0,N#C/N=C(/NCCNc1ccccc1)NC[C@H]1CC[C@H](c2c[nH]cn2)C1,Scientific Literature,Displacement of [3H]mepyramine from human histamine H1 receptor expressed in sf9 cell membrane co-expressing RGS4 incubated for 60 mins by liquid scintillation counting method,B,Homo sapiens,,J Med Chem,2016.0,Histamine H1 receptor,Ki,nM,,351.46,2.42
CHEMBL5202592,2511.89,Cc1ccc(CC(C)CNC(=O)/N=C(\N)NCCCc2cnc(N)s2)cc1.O=C(O)C(F)(F)F.O=C(O)C(F)(F)F,Scientific Literature,Displacement of [3H] mepyramine from human histamine H1 receptor stably expressed in baculovirus infected Sf9 cell membrane co-expressing RGS4 incubated for 60 mins by scintillation counting analysis,B,Homo sapiens,,J Med Chem,2021.0,Histamine H1 receptor,Ki,nM,5.6,616.59,2.46
CHEMBL5200106,2691.53,Cc1ccc(CC(C)CNC(=O)/N=C(\N)NCCCc2nnc(N)o2)cc1.O=C(O)C(F)(F)F.O=C(O)C(F)(F)F,Scientific Literature,Displacement of [3H] mepyramine from human histamine H1 receptor stably expressed in baculovirus infected Sf9 cell membrane co-expressing RGS4 incubated for 60 mins by scintillation counting analysis,B,Homo sapiens,,J Med Chem,2021.0,Histamine H1 receptor,Ki,nM,5.57,601.51,1.39
CHEMBL1824785,10000.0,Cl.Fc1cccc(CN2C3CC4CC(C3)CC2C4)c1,Scientific Literature,Inhibition of H1 receptor by NIMH PDSP,B,,,Bioorg Med Chem Lett,2011.0,Histamine H1 receptor,Ki,nM,,281.8,3.59
CHEMBL5188592,10000.0,C[C@@H](NC(=O)/N=C(\N)NCCCn1cc(CN(C)C)nn1)c1ccccc1.O=C(O)C(F)(F)F.O=C(O)C(F)(F)F.O=C(O)C(F)(F)F,Scientific Literature,Displacement of [3H] mepyramine from human histamine H1 receptor stably expressed in baculovirus infected Sf9 cell membrane co-expressing RGS4 incubated for 60 mins by scintillation counting analysis,B,Homo sapiens,,J Med Chem,2021.0,Histamine H1 receptor,Ki,nM,,714.54,1.1
CHEMBL5184911,10471.29,CC(NC(=O)/N=C(\N)NCCCc1nnc(N)s1)c1cccc(F)c1.Cl.Cl,Scientific Literature,Displacement of [3H] mepyramine from human histamine H1 receptor stably expressed in baculovirus infected Sf9 cell membrane co-expressing RGS4 incubated for 60 mins by scintillation counting analysis,B,Homo sapiens,,J Med Chem,2021.0,Histamine H1 receptor,Ki,nM,4.98,438.36,1.57
CHEMBL5192993,7585.78,Cc1nc(N)sc1-c1ccc(N/C(N)=N/C(=O)NCC(C)CCCc2ccccc2)cc1.O=C(O)C(F)(F)F.O=C(O)C(F)(F)F,Scientific Literature,Displacement of [3H] mepyramine from human histamine H1 receptor stably expressed in baculovirus infected Sf9 cell membrane co-expressing RGS4 incubated for 60 mins by scintillation counting analysis,B,Homo sapiens,,J Med Chem,2021.0,Histamine H1 receptor,Ki,nM,5.12,678.66,4.8
CHEMBL2429890,4178.0,c1cc2c(cc1CN[C@H]1C3C4CC5C6C4CC3C6C51)OCO2,Scientific Literature,Inhibition of histamine H1 receptor (unknown origin) by PDSP assay,B,Homo sapiens,,Bioorg Med Chem,2013.0,Histamine H1 receptor,Ki,nM,5.38,295.38,2.65
CHEMBL2158841,50.12,O=C(O)[C@H](Cc1ccc(F)cc1)N1CCC(CN2CCC(Oc3ccc(Cl)c(Cl)c3)CC2)CC1,Scientific Literature,Binding affinity to histamine H1 receptor,B,,,Bioorg Med Chem Lett,2012.0,Histamine H1 receptor,Ki,nM,7.3,509.45,5.38
CHEMBL2158824,63.1,O=C(O)c1ccc(N2CCC(CN3CCC(Oc4ccc(Cl)c(Cl)c4)CC3)CC2)cc1,Scientific Literature,Binding affinity to histamine H1 receptor,B,,,Bioorg Med Chem Lett,2012.0,Histamine H1 receptor,Ki,nM,7.2,463.41,5.45
CHEMBL2208427,63.1,COc1cc(C(=O)NC[C@@H](O)CN2CCC(Oc3ccc(Cl)c(Cl)c3)CC2)ccc1N,Scientific Literature,Displacement of [3H]-pyrilamine from human histamine H1 receptor expressed in recombinant CHOK1 cells after 1 hr,B,Homo sapiens,,Bioorg Med Chem Lett,2012.0,Histamine H1 receptor,Ki,nM,7.2,468.38,3.22
CHEMBL1935572,2800.0,CN1CCN(c2nc(N)nc3cc(-c4ccsc4)ccc23)CC1,Scientific Literature,Displacement of [3H]histamine from human H1 receptor expressed in HEK cell membranes,B,Homo sapiens,,Bioorg Med Chem Lett,2012.0,Histamine H1 receptor,Ki,nM,5.55,325.44,2.69
CHEMBL1935573,6422.0,CN1CCN(c2nc(N)nc3cc(-c4ccco4)ccc23)CC1,Scientific Literature,Displacement of [3H]histamine from human H1 receptor expressed in HEK cell membranes,B,Homo sapiens,,Bioorg Med Chem Lett,2012.0,Histamine H1 receptor,Ki,nM,5.19,309.37,2.22
CHEMBL104994,43000.0,CC(=O)c1ccc(OCCCN2CC[C@H](NC(=O)[C@@H](N)CO)C2)cc1,Scientific Literature,Binding affinity to the human Histamine H1 receptor,B,,,Bioorg Med Chem Lett,2002.0,Histamine H1 receptor,Ki,nM,4.37,349.43,0.17
CHEMBL64667,1047.13,CCCCCC(=O)c1ccc(OCCCN2CCN(C(=O)N3CCCC3)CC2)cc1,Scientific Literature,Binding affinity for the human Histamine H1 Receptor,B,,,Bioorg Med Chem Lett,2002.0,Histamine H1 receptor,Ki,nM,5.98,415.58,4.05
CHEMBL2171029,39.81,O=C(O)CCCCn1nnc(-c2ccc(C(=O)N3CCC(N4CCC(Oc5ccc(Cl)c(Cl)c5)CC4)CC3)cc2)n1,Scientific Literature,Displacement of [3H]pyrilamine from human H1 receptor expressed in CHOK1 cells,B,Homo sapiens,,Bioorg Med Chem Lett,2012.0,Histamine H1 receptor,Ki,nM,7.4,601.54,5.05
CHEMBL2146807,0.631,CCCCN1CCC[C@@H]1Cn1nc(Cc2ccc(Cl)cc2)c2cccnc2c1=O,Scientific Literature,Antagonist activity at human H1 receptor expressed in CHO cells assessed as inhibition of calcium mobilization by FLIPR assay,F,Homo sapiens,,Bioorg Med Chem,2012.0,Histamine H1 receptor,Ki,nM,9.2,410.95,4.3
CHEMBL2146808,1.0,COCCN1CCC[C@@H]1Cn1nc(Cc2ccc(Cl)cc2)c2cccnc2c1=O,Scientific Literature,Antagonist activity at human H1 receptor expressed in CHO cells assessed as inhibition of calcium mobilization by FLIPR assay,F,Homo sapiens,,Bioorg Med Chem,2012.0,Histamine H1 receptor,Ki,nM,9.0,412.92,3.15
CHEMBL1767164,10.0,O=c1c2ccccc2c(Cc2ccc(Cl)cc2)nn1C[C@H]1CCCN1CCCCc1ccc(OCCCN2CCCCCC2)cc1,Scientific Literature,Antagonist activity at human H1 receptor expressed in CHO cells assessed as inhibition of calcium mobilization by FLIPR assay,F,Homo sapiens,,Bioorg Med Chem,2012.0,Histamine H1 receptor,Ki,nM,8.0,641.3,7.77
CHEMBL1669422,8.8,C[C@H](C1=C(CCN(C)Cc2ncc[nH]2)Cc2ccccc21)c1cnccn1,Scientific Literature,Binding affinity to histamine H1 receptor,B,,,Bioorg Med Chem Lett,2011.0,Histamine H1 receptor,Ki,nM,8.06,359.48,3.84
CHEMBL3092650,2511.89,O=C1CCCN1c1ccc(Oc2ccc3c(c2)CCN(C2CCC2)CC3)nc1,Scientific Literature,Binding affinity to human histamine H1 receptor,B,Homo sapiens,,Bioorg Med Chem Lett,2013.0,Histamine H1 receptor,Ki,nM,5.6,377.49,3.95
CHEMBL3094214,1000.0,c1ccc(N2CCc3ccc(OCCCN4CCCCC4)cc3CC2)cc1,Scientific Literature,Antagonist activity at human recombinant histamine H1 receptor expressed in CHO cells assessed as inhibition of histamine-induced effect by FLIPR assay,B,Homo sapiens,,Bioorg Med Chem Lett,2013.0,Histamine H1 receptor,Ki,nM,6.0,364.53,4.55
CHEMBL3094130,1258.93,c1cc2c(cc1OCCCN1CCCCC1)CCNCC2,Scientific Literature,Antagonist activity at human recombinant histamine H1 receptor expressed in CHO cells assessed as inhibition of histamine-induced effect by FLIPR assay,B,Homo sapiens,,Bioorg Med Chem Lett,2013.0,Histamine H1 receptor,Ki,nM,5.9,288.44,2.63
CHEMBL2031877,7010.0,C[C@H]1CCCN1C(=O)c1ccc(-c2ccc3c(c2)CCN(CCN2CCCC2)C3=O)cc1,Scientific Literature,Binding affinity to H1 receptor,B,,,J Med Chem,2012.0,Histamine H1 receptor,Ki,nM,5.15,431.58,4.07
CHEMBL2031885,8750.0,C[C@@H]1CCCN1CCN1CCc2cc(-c3ccc(C(=O)N4CCCC4)cc3)ccc2C1=O,Scientific Literature,Binding affinity to H1 receptor,B,,,J Med Chem,2012.0,Histamine H1 receptor,Ki,nM,5.06,431.58,4.07
CHEMBL3357035,1274.0,CC(C)COC(=O)N1CCC(=C2c3ccc(Cl)cc3CCc3cccnc32)CC1,Scientific Literature,Displacement of [3H]mepyramine from human histamine H1 receptor expressed in Sf9 cells by scintillation counting method,B,Homo sapiens,,J Med Chem,2014.0,Histamine H1 receptor,Ki,nM,5.89,410.95,5.52
CHEMBL708,47.0,O=C1Cc2cc(CCN3CCN(c4nsc5ccccc45)CC3)c(Cl)cc2N1,Scientific Literature,Binding affinity to human cloned histamine H1 receptor,B,Homo sapiens,,Bioorg Med Chem,2008.0,Histamine H1 receptor,Ki,nM,7.33,412.95,3.81
CHEMBL60189,12022.64,N[C@H](Cc1ccc(-c2ccccc2)cc1)C(=O)N1CCN(CCCOc2ccc(C(=O)C3CC3)cc2)CC1,Scientific Literature,Binding affinity towards Histamine H1 receptor of human membranes.,B,,,Bioorg Med Chem Lett,2002.0,Histamine H1 receptor,Ki,nM,4.92,511.67,4.43
CHEMBL64321,3311.31,CCCCCC(=O)c1ccc(OCCCN2CCN(C(=O)[C@H](N)Cc3ccncc3)CC2)cc1,Scientific Literature,Binding affinity towards Histamine H1 receptor of human membranes.,B,,,Bioorg Med Chem Lett,2002.0,Histamine H1 receptor,Ki,nM,5.48,466.63,3.33
CHEMBL102331,7400.0,CC(=O)c1ccc(OCCCN2CC[C@H](NC(=O)c3cccnc3)C2)cc1,Scientific Literature,Binding affinity to the human Histamine H1 receptor,B,,,Bioorg Med Chem Lett,2002.0,Histamine H1 receptor,Ki,nM,5.13,367.45,2.56
CHEMBL1669416,249.0,FC1(F)CCN(CCC2=C(Cc3cnccn3)c3ccccc3C2)C1,Scientific Literature,Binding affinity to histamine H1 receptor,B,,,Bioorg Med Chem Lett,2011.0,Histamine H1 receptor,Ki,nM,6.6,341.41,3.76
CHEMBL1923521,6.31,c1ccc(Cc2ccccc2OC2CCNCC2)cc1,Scientific Literature,Displacement of [3H]mepyramine from human histamine H1 receptor expressed in HEK293 cells after 1 to 1.5 hrs by scintillation counting,B,Homo sapiens,,J Med Chem,2011.0,Histamine H1 receptor,Ki,nM,8.2,267.37,3.41
CHEMBL5174142,371.54,CC(C)[C@H](NC(=O)CCN1CCC(Oc2ccccc2Cc2ccccc2)CC1)C(=O)N[C@H](C(=O)N[C@@H](C)C(=O)N[C@H](Cc1ccccc1)C(N)=O)C(C)C,Scientific Literature,Displacement of fluorophore-labeled mepyramine from Nluc-tagged human H1R expressed in HEK293T cells incubated for 2 hrs by NanoBRET competition binding assay,B,Homo sapiens,,J Med Chem,2022.0,Histamine H1 receptor,Ki,nM,6.43,754.97,3.51
CHEMBL5204037,436.52,CC(C)[C@H](NC(=O)CCN1CCC(Oc2ccccc2Cc2ccccc2)CC1)C(=O)N[C@@H](CO)C(=O)N[C@@H](Cc1ccc(O)cc1)C(=O)N[C@@H](Cc1ccccc1)C(N)=O,Scientific Literature,Displacement of fluorophore-labeled mepyramine from Nluc-tagged human H1R expressed in HEK293T cells incubated for 2 hrs by NanoBRET competition binding assay,B,Homo sapiens,,J Med Chem,2022.0,Histamine H1 receptor,Ki,nM,6.36,835.01,2.77
CHEMBL5174142,372.0,CC(C)[C@H](NC(=O)CCN1CCC(Oc2ccccc2Cc2ccccc2)CC1)C(=O)N[C@H](C(=O)N[C@@H](C)C(=O)N[C@H](Cc1ccccc1)C(N)=O)C(C)C,Scientific Literature,Displacement of fluorophore-labeled mepyramine from Nluc-tagged human H1R expressed in HEK293T cells incubated for 2 hrs by NanoBRET competition binding assay,B,Homo sapiens,,J Med Chem,2022.0,Histamine H1 receptor,Ki,nM,6.43,754.97,3.51
CHEMBL550337,2.2,COCCN(C)C1CCN(c2nc3ccccc3n2Cc2ccc(F)cc2)CC1,Scientific Literature,Displacement of [3H]pyrilamine from human histamine H1 receptor expressed in CHO Flp-In cells by liquid scintillation assay,B,Homo sapiens,,Bioorg Med Chem Lett,2009.0,Histamine H1 receptor,Ki,nM,8.66,396.51,3.77
CHEMBL593734,1670.0,NCCCC(c1ccccc1)c1ccccc1,Scientific Literature,Displacement of [3H]chlorphniramine from human histamine H1 receptor expressed in cells,B,Homo sapiens,,Bioorg Med Chem,2009.0,Histamine H1 receptor,Ki,nM,5.78,225.33,3.56
CHEMBL1767157,63.1,CN1CCCC1CCn1nc(Cc2ccc(Cl)cc2)c2ccccc2c1=O,Scientific Literature,Antagonist activity at human recombinant histamine H1 receptor expressed in intact CHO cells assessed as inhibition of histamine-induced cellular calcium mobilization by FLIPR assay,F,Homo sapiens,,J Med Chem,2011.0,Histamine H1 receptor,Ki,nM,7.2,381.91,4.13
CHEMBL639,1.259,CN1CCCC(n2nc(Cc3ccc(Cl)cc3)c3ccccc3c2=O)CC1,Scientific Literature,Antagonist activity at human recombinant histamine H1 receptor expressed in intact CHO cells assessed as inhibition of histamine-induced cellular calcium mobilization by FLIPR assay,F,Homo sapiens,,J Med Chem,2011.0,Histamine H1 receptor,Ki,nM,8.9,381.91,4.3
CHEMBL1767154,0.3162,CN1CCC[C@H]1Cn1nc(Cc2ccc(Cl)cc2)c2ccccc2c1=O,Scientific Literature,Antagonist activity at human recombinant histamine H1 receptor expressed in intact CHO cells assessed as inhibition of histamine-induced cellular calcium mobilization by FLIPR assay,F,Homo sapiens,,J Med Chem,2011.0,Histamine H1 receptor,Ki,nM,9.5,367.88,3.73
CHEMBL3221637,4000.0,CC(C)N1CCC(Oc2ccc(C3(C(N)=O)CCOCC3)cc2)CC1,Scientific Literature,Binding affinity to human histamine H1 receptor,B,Homo sapiens,,Medchemcomm,2012.0,Histamine H1 receptor,Ki,nM,,346.47,2.47
CHEMBL595158,48.0,CNCCC1c2ccccc2Cc2ccccc21,Scientific Literature,Displacement of [3H]chlorphniramine from human histamine H1 receptor expressed in cells,B,Homo sapiens,,Bioorg Med Chem,2009.0,Histamine H1 receptor,Ki,nM,7.32,237.35,3.33
CHEMBL348302,3.0,CNCCCC1c2ccccc2Cc2ccccc21,Scientific Literature,Displacement of [3H]chlorphniramine from human histamine H1 receptor expressed in cells,B,Homo sapiens,,Bioorg Med Chem,2009.0,Histamine H1 receptor,Ki,nM,8.52,251.37,3.72
CHEMBL102384,4500.0,O=C(c1ccc(OCCCN2CC[C@H](NS(=O)(=O)c3ccccc3Cl)C2)cc1)C1CC1,Scientific Literature,Binding affinity to the human Histamine H1 receptor,B,,,Bioorg Med Chem Lett,2002.0,Histamine H1 receptor,Ki,nM,5.35,463.0,3.75
CHEMBL2208432,19.95,O=C(NC[C@@H](O)CN1CCC(Oc2ccc(Cl)c(Cl)c2)CC1)n1c(=O)[nH]c2ccccc21,Scientific Literature,Displacement of [3H]-pyrilamine from human histamine H1 receptor expressed in recombinant CHOK1 cells after 1 hr,B,Homo sapiens,,Bioorg Med Chem Lett,2012.0,Histamine H1 receptor,Ki,nM,7.7,479.36,3.1
CHEMBL2208434,3.981,O=C(NC[C@@H](O)CN1CCC(Oc2ccc(Cl)c(Cl)c2)CC1)c1cc(=O)[nH]c2ccccc12,Scientific Literature,Displacement of [3H]-pyrilamine from human histamine H1 receptor expressed in recombinant CHOK1 cells after 1 hr,B,Homo sapiens,,Bioorg Med Chem Lett,2012.0,Histamine H1 receptor,Ki,nM,8.4,490.39,3.47
CHEMBL2208425,15.85,O=C(NC[C@@H](O)CN1CCC(Oc2ccc(Cl)c(Cl)c2)CC1)c1cn2cc(F)ccc2n1,Scientific Literature,Displacement of [3H]-pyrilamine from human histamine H1 receptor expressed in recombinant CHOK1 cells after 1 hr,B,Homo sapiens,,Bioorg Med Chem Lett,2012.0,Histamine H1 receptor,Ki,nM,7.8,481.36,3.41
CHEMBL1087367,8.4,COc1ccc(Cn2c(N3CC[C@@H](N(C)C)C3)nc3ccccc32)cc1,Scientific Literature,Displacement of [3H]pyrilamine from human histamine H1 receptor expressed in CHO Flp-In cells by liquid scintillation counting,B,Homo sapiens,,Bioorg Med Chem Lett,2010.0,Histamine H1 receptor,Ki,nM,8.08,350.47,3.23
CHEMBL1669423,28.0,C[C@H](C1=C(CCN(C)Cc2nccn2C)Cc2ccccc21)c1cnccn1,Scientific Literature,Binding affinity to histamine H1 receptor,B,,,Bioorg Med Chem Lett,2011.0,Histamine H1 receptor,Ki,nM,7.55,373.5,3.85
CHEMBL1669415,4605.0,FC1(F)CN(CCC2=C(Cc3cnccn3)c3ccccc3C2)C1,Scientific Literature,Binding affinity to histamine H1 receptor,B,,,Bioorg Med Chem Lett,2011.0,Histamine H1 receptor,Ki,nM,5.34,327.38,3.37
CHEMBL3970994,1437.0,C1=C(CCN2CCc3ccccc3C2)CCc2ccccc21,Scientific Literature,Displacement of [3H]-pyrilamine from human histamine H1 receptor by liquid scintillation counting method,A,Homo sapiens,,Bioorg Med Chem,2016.0,Histamine H1 receptor,Ki,nM,5.84,289.42,4.46
CHEMBL3978642,24.0,Cl.O=C1c2ccccc2CC1CCN1CCc2ccccc2C1,Scientific Literature,Displacement of [3H]-pyrilamine from human histamine H1 receptor by liquid scintillation counting method,A,Homo sapiens,,Bioorg Med Chem,2016.0,Histamine H1 receptor,Ki,nM,7.62,327.86,3.49
CHEMBL1090176,2.7,COc1nccnc1[C@H](C)C1=C(CCN(C)C)Cc2cc(C)ccc21,Scientific Literature,Binding affinity at histamine H1 receptor,B,,,Bioorg Med Chem Lett,2010.0,Histamine H1 receptor,Ki,nM,8.57,337.47,3.86
CHEMBL1092652,2.1,CN(C)CCC1=C(Cc2cccnn2)c2ccc(Cl)cc2C1,Scientific Literature,Binding affinity at histamine H1 receptor,B,,,Bioorg Med Chem Lett,2010.0,Histamine H1 receptor,Ki,nM,8.68,313.83,3.63
CHEMBL194659,7.5,CN(C)C[C@H]1CC2c3ccccc3Oc3ccc(F)cc3[C@H]2O1,Scientific Literature,Inhibition of [3H]pyrilamine binding to human Histamine H1 receptor ,B,Homo sapiens,,J Med Chem,2005.0,Histamine H1 receptor,Ki,nM,8.12,313.37,4.11
CHEMBL4799378,10000.0,CN(C)CCCN1C(=O)c2ccccc2N(C)C(=O)c2ccccc21,Scientific Literature,Binding affinity to H1 receptor (unknown origin),B,Homo sapiens,,Bioorg Med Chem Lett,2020.0,Histamine H1 receptor,Ki,nM,,337.42,2.88
CHEMBL283036,10000.0,FC(F)(F)c1ccc(N2CCN(Cc3c[nH]c4ncccc34)CC2)cc1,Scientific Literature,Binding affinity to cloned Histamine H1 receptor,B,,,Bioorg Med Chem Lett,2001.0,Histamine H1 receptor,Ki,nM,,360.38,3.9
CHEMBL4758080,4217.0,c1ccc(Nc2ccc(OCCCN3CCN(c4ccncc4)CC3)cc2)cc1,Scientific Literature,Displacement of [3H]mepyramine from human H1R expressed in Sf9 cell membranes co-expressing RGS4 measured after 60 mins by scintillation counting analysis,B,Homo sapiens,,Eur J Med Chem,2021.0,Histamine H1 receptor,Ki,nM,5.38,388.51,4.42
CHEMBL63112,8128.31,CCCCCC(=O)c1ccc(OCCCN2CCN(C(=O)[C@H](CC(C)C)NC(=O)OC(C)(C)C)CC2)cc1,Scientific Literature,Binding affinity towards Histamine H1 receptor of human membranes.,B,,,Bioorg Med Chem Lett,2002.0,Histamine H1 receptor,Ki,nM,5.09,531.74,5.3
CHEMBL302005,11.0,CN(C)C/C=C1\c2ccccc2COc2ccc(CC(=O)O)cc21,Scientific Literature,Binding affinity to histamine H1 receptor,B,,,J Med Chem,2012.0,Histamine H1 receptor,Ki,nM,7.96,323.39,3.2
CHEMBL2158792,50.12,Cc1cc(OC2CCN(CC3CCN([C@@](C)(Cc4ccc(F)cc4)C(=O)O)CC3)CC2)ccc1Cl,Scientific Literature,Binding affinity to histamine H1 receptor,B,,,Bioorg Med Chem Lett,2012.0,Histamine H1 receptor,Ki,nM,7.3,503.06,5.43
CHEMBL2158786,100.0,C[C@](Cc1ccccc1)(C(=O)O)N1CCC(CN2CCC(Oc3ccc(Cl)c(Cl)c3)CC2)CC1,Scientific Literature,Binding affinity to histamine H1 receptor,B,,,Bioorg Med Chem Lett,2012.0,Histamine H1 receptor,Ki,nM,7.0,505.49,5.63
CHEMBL2158769,15.85,N#Cc1ccccc1C[C@@H](C(=O)O)N1CCC(CN2CCC(Oc3ccc(Cl)c(Cl)c3)CC2)CC1,Scientific Literature,Binding affinity to histamine H1 receptor,B,,,Bioorg Med Chem Lett,2012.0,Histamine H1 receptor,Ki,nM,7.8,516.47,5.12
CHEMBL2158838,31.62,O=C(O)[C@H](Cc1ccc(Cl)cc1)N1CCC(CN2CCC(Oc3ccc(Cl)c(Cl)c3)CC2)CC1,Scientific Literature,Binding affinity to histamine H1 receptor,B,,,Bioorg Med Chem Lett,2012.0,Histamine H1 receptor,Ki,nM,7.5,525.9,5.9
CHEMBL1669408,13.0,C[C@H](C1=C(CCN(C)CCF)Cc2ccccc21)c1cnccn1,Scientific Literature,Binding affinity to histamine H1 receptor,B,,,Bioorg Med Chem Lett,2011.0,Histamine H1 receptor,Ki,nM,7.89,325.43,3.88
CHEMBL90063,25118864315095.82,NCCCCCCCCc1c[nH]cn1,Scientific Literature,Inhibitory activity against human Histamine H1 receptor,B,,,J Med Chem,2003.0,Histamine H1 receptor,Ki,nM,,195.31,2.25
CHEMBL152122,251188643150958.25,NCCCCCCCCCCCCc1cccnc1,Scientific Literature,Inhibitory activity against human Histamine H1 receptor,B,,,J Med Chem,2003.0,Histamine H1 receptor,Ki,nM,,262.44,4.48
CHEMBL157328,79432823472428.22,NCCc1csc(-c2cccc(C(F)(F)F)c2)n1,Scientific Literature,Inhibitory activity against human Histamine H1 receptor,B,,,J Med Chem,2003.0,Histamine H1 receptor,Ki,nM,,272.3,3.33
CHEMBL5179725,549.54,CC(C)[C@H](NC(=O)CCN1CCC(Oc2ccccc2Cc2ccccc2)CC1)C(=O)N[C@@H](CC(=O)O)C(=O)N[C@@H](C)C(=O)N[C@H](Cc1ccccc1)C(N)=O,Scientific Literature,Displacement of fluorophore-labeled mepyramine from Nluc-tagged human H1R expressed in HEK293T cells incubated for 2 hrs by NanoBRET competition binding assay,B,Homo sapiens,,J Med Chem,2022.0,Histamine H1 receptor,Ki,nM,6.26,770.93,2.33
CHEMBL437792,1584.89,Cc1ncoc1-c1nnc(SCCCN2CCc3ccc4oc(C(C)(F)F)nc4c3CC2)n1C,Scientific Literature,Antagonist activity at histamine H1 receptor by FLIPR assay,F,,,Bioorg Med Chem Lett,2008.0,Histamine H1 receptor,Ki,nM,5.8,488.56,4.61
CHEMBL537218,1995.26,CC(C)(C)C(=O)N1CCN(c2ccc(OCCCN3CCCCC3)cc2)C(=O)C1.Cl,Scientific Literature,Antagonist activity at human recombinant histamine H1 receptor expressed in CHO cells assessed as inhibition of histamine-induced cellular calcium mobilization,F,Homo sapiens,,J Med Chem,2007.0,Histamine H1 receptor,Ki,nM,,438.01,3.16
CHEMBL273166,3162.28,Cc1ccc2c(-c3nnc(SCCCN4CCc5cc6nc(CC7CC7)oc6cc5CC4)n3C)cccc2n1,Scientific Literature,Antagonist activity at histamine H1 receptor by FLIPR assay,F,,,Bioorg Med Chem Lett,2008.0,Histamine H1 receptor,Ki,nM,,538.72,6.02
CHEMBL551347,18.3,Fc1ccc(Cn2c(N3CCC(n4cccn4)CC3)nc3ccccc32)cc1,Scientific Literature,Displacement of [3H]pyrilamine from human histamine H1 receptor expressed in CHO Flp-In cells by liquid scintillation assay,B,Homo sapiens,,Bioorg Med Chem Lett,2009.0,Histamine H1 receptor,Ki,nM,7.74,375.45,4.26
CHEMBL459373,205.0,CN(CCCN1c2ccccc2Sc2ccc(Cl)cc21)Cc1ccc(OCCCN2CCCCC2)cc1,Scientific Literature,Displacement of [3H]pyrilamine from human histamine H1 receptor expressed in CHO cells,B,Homo sapiens,,Bioorg Med Chem Lett,2009.0,Histamine H1 receptor,Ki,nM,6.69,536.19,7.72
CHEMBL1222694,50.12,Cc1cn2c(n1)C(N1CCN(CC(C)(C)C(=O)O)CC1)=Cc1ccccc1C2,Scientific Literature,Antagonist activity at human recombinant histamine H1 receptor expressed in CHO cells by FLPR assay,F,Homo sapiens,,Bioorg Med Chem Lett,2010.0,Histamine H1 receptor,Ki,nM,7.3,380.49,2.78
CHEMBL1090528,2.2,Cc1ccc2c(c1)CC(CCN(C)C)=C2[C@@H](C)c1nccs1,Scientific Literature,Binding affinity at histamine H1 receptor,B,,,Bioorg Med Chem Lett,2010.0,Histamine H1 receptor,Ki,nM,8.66,312.48,4.52
CHEMBL1092813,17.0,Cc1ncccc1[C@@H](C)c1c(CCN(C)C)sc2ccccc12,Scientific Literature,Displacement of [3H]pyrilamine from human histamine H1 receptor expressed in CHO Flp-In cells after 90 mins by scintillation counting,B,Homo sapiens,,Bioorg Med Chem Lett,2010.0,Histamine H1 receptor,Ki,nM,7.77,324.49,4.86
CHEMBL2208433,3.981,CN(C[C@@H](O)CN1CCC(Oc2ccc(Cl)c(Cl)c2)CC1)C(=O)c1c[nH]c(=O)c2ccccc12,Scientific Literature,Displacement of [3H]-pyrilamine from human histamine H1 receptor expressed in recombinant CHOK1 cells after 1 hr,B,Homo sapiens,,Bioorg Med Chem Lett,2012.0,Histamine H1 receptor,Ki,nM,8.4,504.41,3.81
CHEMBL1091776,10000.0,CC(c1cccnc1)c1c(CCN(C)C)sc2ccccc12,Scientific Literature,Displacement of [3H]pyrilamine from human histamine H1 receptor expressed in CHO Flp-In cells after 90 mins by scintillation counting,B,Homo sapiens,,Bioorg Med Chem Lett,2010.0,Histamine H1 receptor,Ki,nM,5.0,310.47,4.55
CHEMBL3926412,15.85,CCc1cc(N2CCN(CCc3ccc(OCCCN4CCCCCC4)cc3)CC2)c2nc(CCC(=O)O)ccc2c1,Scientific Literature,Antagonist activity at human Histamine H1 receptor expressed in CHO cells assessed as inhibition of histamine-induced calcium flux preincubated for 30 mins followed by histamine addition by Fluo-4-AM dye based FLIPR assay,F,Homo sapiens,,Bioorg Med Chem Lett,2016.0,Histamine H1 receptor,Ki,nM,7.8,572.79,5.82
CHEMBL1767163,39.81,CN(CCCCc1ccc(OCCCN2CCCCCC2)cc1)CCn1nc(Cc2ccc(Cl)cc2)c2ccccc2c1=O,Scientific Literature,Antagonist activity at human recombinant histamine H1 receptor expressed in intact CHO cells assessed as inhibition of histamine-induced cellular calcium mobilization by FLIPR assay,F,Homo sapiens,,J Med Chem,2011.0,Histamine H1 receptor,Ki,nM,7.4,615.26,7.24
CHEMBL304888,46773.51,CC(C)N[C@H](C)C(=O)N1CCN(CCCOc2ccc(C(=O)C3CC3)cc2)CC1,Scientific Literature,Binding affinity towards Histamine H1 receptor of human membranes.,B,,,Bioorg Med Chem Lett,2002.0,Histamine H1 receptor,Ki,nM,4.33,401.55,2.58
CHEMBL1092126,9.3,Cc1cccnc1[C@H](C)c1c(CCN(C)C)sc2ccccc12,Scientific Literature,Displacement of [3H]pyrilamine from human histamine H1 receptor expressed in CHO Flp-In cells after 90 mins by scintillation counting,B,Homo sapiens,,Bioorg Med Chem Lett,2010.0,Histamine H1 receptor,Ki,nM,8.03,324.49,4.86
CHEMBL464811,190.0,Clc1ccc2c(c1)N=C(N1CCN(Cc3ccc(OCCCN4CCCCC4)cc3)CC1)c1ccccc1N2,Scientific Literature,Displacement of [3H]pyrilamine from human histamine H1 receptor expressed in CHO cells,B,Homo sapiens,,Bioorg Med Chem Lett,2009.0,Histamine H1 receptor,Ki,nM,6.72,544.14,6.55
CHEMBL1087089,0.5,CN1CCCC(c2nc3ccccc3n2Cc2ccc(F)cc2)C1,Scientific Literature,Antagonist activity at histamine H1 receptor,F,,,Bioorg Med Chem Lett,2012.0,Histamine H1 receptor,Ki,nM,9.3,323.42,4.03
CHEMBL1935435,13.1,Fc1ccc(Cn2c(C3CCCN(Cc4ncco4)C3)nc3ccccc32)cc1,Scientific Literature,Antagonist activity at histamine H1 receptor,F,,,Bioorg Med Chem Lett,2012.0,Histamine H1 receptor,Ki,nM,7.88,390.46,4.59
CHEMBL1094510,0.8,CN1CCCC(c2nc3ccccc3n2CCOc2ccccc2)C1,Scientific Literature,Antagonist activity at histamine H1 receptor,F,,,Bioorg Med Chem Lett,2012.0,Histamine H1 receptor,Ki,nM,9.1,335.45,3.92
CHEMBL1935448,92.0,COc1ccc(Cn2c(C3CNCCS3)nc3ccccc32)cc1,Scientific Literature,Antagonist activity at histamine H1 receptor,F,,,Bioorg Med Chem Lett,2012.0,Histamine H1 receptor,Ki,nM,7.04,339.46,3.47
CHEMBL272297,3162.28,Cc1cc(-c2nc3c4c(ccc3o2)CCN(CCCSc2nnc(-c3ocnc3C)n2C)CC4)n(C)n1,Scientific Literature,Antagonist activity at histamine H1 receptor by FLIPR assay,F,,,Bioorg Med Chem Lett,2008.0,Histamine H1 receptor,Ki,nM,,518.65,4.21
CHEMBL240565,2511.89,CS(=O)(=O)c1cccc(C(=O)N2CCN(c3ccc(OC4CCN(C5CCCC5)CC4)cc3)C(=O)C2)c1.O=CO,Scientific Literature,Antagonist activity at human recombinant histamine H1 receptor expressed in CHO cells assessed as inhibition of histamine-induced cellular calcium mobilization,F,Homo sapiens,,J Med Chem,2007.0,Histamine H1 receptor,Ki,nM,,571.7,3.36
CHEMBL556782,1995.26,Cc1ccc(C(=O)N2CCN(c3ccc(OC4CCN(C5CCC5)CC4)cc3)C(=O)C2)cc1.Cl,Scientific Literature,Antagonist activity at human recombinant histamine H1 receptor expressed in CHO cells assessed as inhibition of histamine-induced cellular calcium mobilization,F,Homo sapiens,,J Med Chem,2007.0,Histamine H1 receptor,Ki,nM,,484.04,3.88
CHEMBL540633,2511.89,Cl.O=C(c1ccccc1)N1CCN(c2ccc(OC3CCN(C4CCC4)CC3)cc2)C(=O)C1,Scientific Literature,Antagonist activity at human recombinant histamine H1 receptor expressed in CHO cells assessed as inhibition of histamine-induced cellular calcium mobilization,F,Homo sapiens,,J Med Chem,2007.0,Histamine H1 receptor,Ki,nM,,470.01,3.57
CHEMBL392713,1995.26,C[C@H]1CCCN1CCCOc1ccc(N2CCN(C(=O)c3cc(F)cc(F)c3)CC2=O)cc1.O=CO,Scientific Literature,Antagonist activity at human recombinant histamine H1 receptor expressed in CHO cells assessed as inhibition of histamine-induced cellular calcium mobilization,F,Homo sapiens,,J Med Chem,2007.0,Histamine H1 receptor,Ki,nM,,503.55,3.71
CHEMBL534958,1995.26,Cl.N#Cc1ccc(C(=O)N2CCN(c3ccc(OCCCN4CCCCC4)cc3)C(=O)C2)cc1,Scientific Literature,Antagonist activity at human recombinant histamine H1 receptor expressed in CHO cells assessed as inhibition of histamine-induced cellular calcium mobilization,F,Homo sapiens,,J Med Chem,2007.0,Histamine H1 receptor,Ki,nM,5.7,483.01,3.3
CHEMBL2037528,46.0,O=C(CCCCN1CCN(c2ccc(Cl)cc2)CC1)c1nc2ccccc2s1,Scientific Literature,Displacement of [3H]Pyrilamine from human H1 histamine receptor by liquid scintillation assay,B,Homo sapiens,,Eur J Med Chem,2012.0,Histamine H1 receptor,Ki,nM,7.34,413.97,5.12
CHEMBL91565,12.88,Cc1ccncc1CN1CCC(=C2c3ccc(Cl)cc3CCc3cccnc32)CC1,Scientific Literature,Displacement of [3H]mepyramine from N-terminal HA-tagged H1R (unknown origin) expressed in HEK293T cells measured after 4 hrs by microbeta scintillation counting method,B,Homo sapiens,,J Med Chem,2019.0,Histamine H1 receptor,Ki,nM,7.89,415.97,5.63
CHEMBL5209479,7079.46,Cc1nnc(CCCN/C(N)=N/C(=O)NCC(C)C2CCCCC2)s1.O=C(O)C(F)(F)F,Scientific Literature,Displacement of [3H] mepyramine from human histamine H1 receptor stably expressed in baculovirus infected Sf9 cell membrane co-expressing RGS4 incubated for 60 mins by scintillation counting analysis,B,Homo sapiens,,J Med Chem,2021.0,Histamine H1 receptor,Ki,nM,5.15,480.56,2.61
CHEMBL1935574,10500.0,Nc1nc(N2CCNCC2)c2ccc(-c3ccco3)cc2n1,Scientific Literature,Displacement of [3H]histamine from human H1 receptor expressed in HEK cell membranes,B,Homo sapiens,,Bioorg Med Chem Lett,2012.0,Histamine H1 receptor,Ki,nM,4.98,295.35,1.88
CHEMBL5206578,338.84,CC(C)[C@H](NC(=O)CCN1CCC(Oc2ccccc2Cc2ccccc2)CC1)C(=O)N[C@@H](CO)C(=O)N[C@@H](CO)C(=O)N[C@H](Cc1ccccc1)C(N)=O,Scientific Literature,Displacement of fluorophore-labeled mepyramine from Nluc-tagged human H1R expressed in HEK293T cells incubated for 2 hrs by NanoBRET competition binding assay,B,Homo sapiens,,J Med Chem,2022.0,Histamine H1 receptor,Ki,nM,6.47,758.92,0.82
CHEMBL5205682,407.0,C[C@H](NC(=O)[C@H](C)NC(=O)[C@H](CO)NC(=O)CCN1CCC(Oc2ccccc2Cc2ccccc2)CC1)C(=O)N[C@H](Cc1ccccc1)C(N)=O,Scientific Literature,Displacement of fluorophore-labeled mepyramine from Nluc-tagged human H1R expressed in HEK293T cells incubated for 2 hrs by NanoBRET competition binding assay,B,Homo sapiens,,J Med Chem,2022.0,Histamine H1 receptor,Ki,nM,6.39,714.86,1.21
CHEMBL5171683,2399.0,CC(C)[C@H](NC(=O)CCN1CCC(Oc2ccccc2Cc2ccccc2)CC1)C(=O)N[C@@H](CCCCN)C(=O)N[C@@H](C)C(=O)N[C@H](Cc1ccccc1)C(N)=O,Scientific Literature,Displacement of fluorophore-labeled mepyramine from Nluc-tagged human H1R expressed in HEK293T cells incubated for 2 hrs by NanoBRET competition binding assay,B,Homo sapiens,,J Med Chem,2022.0,Histamine H1 receptor,Ki,nM,5.62,784.01,2.98
CHEMBL5171683,2398.83,CC(C)[C@H](NC(=O)CCN1CCC(Oc2ccccc2Cc2ccccc2)CC1)C(=O)N[C@@H](CCCCN)C(=O)N[C@@H](C)C(=O)N[C@H](Cc1ccccc1)C(N)=O,Scientific Literature,Displacement of fluorophore-labeled mepyramine from Nluc-tagged human H1R expressed in HEK293T cells incubated for 2 hrs by NanoBRET competition binding assay,B,Homo sapiens,,J Med Chem,2022.0,Histamine H1 receptor,Ki,nM,5.62,784.01,2.98
CHEMBL2179222,586.0,COc1ccc(S(=O)(=O)n2cc(C)c3cc(Cl)cnc32)cc1NC1CCN(C)CC1,Scientific Literature,Binding affinity to histamine H1 receptor,B,,,J Med Chem,2012.0,Histamine H1 receptor,Ki,nM,6.23,448.98,3.75
CHEMBL1222695,79.43,CC(C)(CN1CCN(C2=Cc3ccccc3Cn3cc(Cl)nc32)CC1)C(=O)O,Scientific Literature,Antagonist activity at human recombinant histamine H1 receptor expressed in CHO cells by FLPR assay,F,Homo sapiens,,Bioorg Med Chem Lett,2010.0,Histamine H1 receptor,Ki,nM,7.1,400.91,3.12
CHEMBL62066,1659.59,CCOC(=O)N1CCN(CCCOc2ccc(C(=O)CC)cc2)CC1,Scientific Literature,Binding affinity for the human Histamine H1 Receptor,B,,,Bioorg Med Chem Lett,2002.0,Histamine H1 receptor,Ki,nM,5.78,348.44,2.82
CHEMBL305313,354.81,CCOC(=O)N1CCN(CCCOc2ccc(C(=O)C=C(C)C)cc2)CC1,Scientific Literature,Binding affinity for the human Histamine H1 Receptor,B,,,Bioorg Med Chem Lett,2002.0,Histamine H1 receptor,Ki,nM,6.45,374.48,3.38
CHEMBL643,0.334,CC(CN1c2ccccc2Sc2ccccc21)N(C)C,DrugMatrix,"DRUGMATRIX: Histamine H1, Central radioligand binding (ligand: [3H] Pyrilamine)",B,,,,,Histamine H1 receptor,Ki,nM,9.48,284.43,4.24
CHEMBL27979,2344.23,C[C@H]1CC[C@H](C)N1CCCOc1ccc(-c2ccc(C(=O)N3CCOCC3)cc2)cc1,Scientific Literature,Binding affinity towards human histaminergic (H1) receptor,B,,,Bioorg Med Chem Lett,2003.0,Histamine H1 receptor,Ki,nM,5.63,422.57,4.47
CHEMBL329566,0.43,CN(C)C[C@H]1C[C@@H]2c3ccccc3Cc3ccccc3[C@H]2O1,Scientific Literature,Inhibition of [3H]pyrilamine binding to human Histamine H1 receptor ,B,Homo sapiens,,J Med Chem,2005.0,Histamine H1 receptor,Ki,nM,9.37,293.41,3.77
CHEMBL26880,1905.46,O=C(c1ccc(-c2ccc(OCCCN3CCCC3)cc2)cc1)N1CCCC1,Scientific Literature,Binding affinity towards human histamine (H1) receptor,B,,,Bioorg Med Chem Lett,2003.0,Histamine H1 receptor,Ki,nM,,378.52,4.45
CHEMBL193435,42.0,CN(C)C[C@H]1CC2c3ccccc3Oc3ccc(Br)cc3[C@H]2O1,Scientific Literature,Inhibition of [3H]pyrilamine binding to human Histamine H1 receptor ,B,Homo sapiens,,J Med Chem,2005.0,Histamine H1 receptor,Ki,nM,7.38,374.28,4.73
CHEMBL197408,10000.0,COc1ccc(NC(=O)N2CCN(c3ccc(-c4ccccc4)cc3)CC2)cc1N1CCN(C)CC1,Scientific Literature,Affinity towards cloned Histamine H1 receptor,B,Homo sapiens,,Bioorg Med Chem Lett,2005.0,Histamine H1 receptor,Ki,nM,,485.63,4.47
CHEMBL316968,75000.0,CC(=O)c1ccc(OCCCN2CC[C@H](NC(=O)[C@H](CO)NC(=O)OC(C)(C)C)C2)cc1,Scientific Literature,Binding affinity to the human Histamine H1 receptor,B,,,Bioorg Med Chem Lett,2002.0,Histamine H1 receptor,Ki,nM,4.12,449.55,1.73
CHEMBL2112451,20000.0,N#Cc1ccc(S(=O)(=O)N[C@H]2CCN(CCCOc3ccc(C(=O)C4CC4)cc3)C2)cc1,Scientific Literature,Binding affinity to the human Histamine H1 receptor,B,,,Bioorg Med Chem Lett,2002.0,Histamine H1 receptor,Ki,nM,4.7,453.56,2.97
CHEMBL104344,2500.0,O=C(c1ccc(OCCCN2CC[C@H](NS(=O)(=O)c3ccc(Cl)cc3)C2)cc1)C1CC1,Scientific Literature,Binding affinity to the human Histamine H1 receptor,B,,,Bioorg Med Chem Lett,2002.0,Histamine H1 receptor,Ki,nM,5.6,463.0,3.75
CHEMBL104947,1479.11,CCOC(=O)N1CCN(CCCOc2ccc(-c3c[nH]cn3)cc2)CC1,Scientific Literature,Binding affinity of human cortical histamine H1 receptor,B,,,Bioorg Med Chem Lett,2002.0,Histamine H1 receptor,Ki,nM,5.83,358.44,2.62
CHEMBL608151,1000.0,CCOC[C@H]1[C@@H]2CNC[C@@]21c1ccc(Cl)c(Cl)c1,Scientific Literature,Inhibition of histamine H1 receptor,B,,,J Med Chem,2010.0,Histamine H1 receptor,Ki,nM,6.0,286.2,3.12
CHEMBL1669421,162.0,C[C@H](C1=C(CCN(C)Cc2ncco2)Cc2ccccc21)c1cnccn1,Scientific Literature,Binding affinity to histamine H1 receptor,B,,,Bioorg Med Chem Lett,2011.0,Histamine H1 receptor,Ki,nM,6.79,360.46,4.1
CHEMBL1669426,24.7,C[C@H](C1=C(CCN(C)Cc2cnccn2)Cc2ccccc21)c1cnccn1,Scientific Literature,Binding affinity to histamine H1 receptor,B,,,Bioorg Med Chem Lett,2011.0,Histamine H1 receptor,Ki,nM,7.61,371.49,3.9
CHEMBL1222623,50.12,CC(C)(CN1CCCN(C2=Cc3ccccc3Cn3ccnc32)CC1)C(=O)O,Scientific Literature,Antagonist activity at human recombinant histamine H1 receptor expressed in CHO cells by FLPR assay,F,Homo sapiens,,Bioorg Med Chem Lett,2010.0,Histamine H1 receptor,Ki,nM,7.3,380.49,2.86
CHEMBL1222692,63.1,O=C(O)C1CCC(N2CCN(C3=Cc4ccccc4Cn4ccnc43)CC2)CC1,Scientific Literature,Antagonist activity at human recombinant histamine H1 receptor expressed in CHO cells by FLPR assay,F,Homo sapiens,,Bioorg Med Chem Lett,2010.0,Histamine H1 receptor,Ki,nM,7.2,392.5,3.0
CHEMBL158780,175.0,NCCCC1c2ccccc2Cc2ccccc21,Scientific Literature,Displacement of [3H]chlorphniramine from human histamine H1 receptor expressed in cells,B,Homo sapiens,,Bioorg Med Chem,2009.0,Histamine H1 receptor,Ki,nM,6.76,237.35,3.46
CHEMBL2207664,10.0,Cc1c(Cl)ccc(OC2CCN(C[C@H](O)CNC(=O)c3c[nH]c(=O)cc3C(F)(F)F)CC2)c1Cl,Scientific Literature,Displacement of [3H]-pyrilamine from human recombinant H1 histamine receptor expressed in CHOK1 cells after 1 hr,B,Homo sapiens,,Bioorg Med Chem Lett,2012.0,Histamine H1 receptor,Ki,nM,8.0,522.35,3.64
CHEMBL4581343,2.138,Clc1ccc2c(c1)CCc1cccnc1C2=C1CCN(C2CCC2)CC1,Scientific Literature,Displacement of [3H]mepyramine from N-terminal HA-tagged H1R (unknown origin) expressed in HEK293T cells measured after 4 hrs by microbeta scintillation counting method,B,Homo sapiens,,J Med Chem,2019.0,Histamine H1 receptor,Ki,nM,8.67,364.92,5.28
CHEMBL60509,4265.8,CCCCCC(=O)c1ccc(OCCCN2CCN(C(=O)c3cnco3)CC2)cc1,Scientific Literature,Binding affinity for the human Histamine H1 Receptor,B,,,Bioorg Med Chem Lett,2002.0,Histamine H1 receptor,Ki,nM,5.37,413.52,3.66
CHEMBL2178582,20.0,O=C(O)Cc1ccc2c(c1)/C(=C/CN1CCCC(Cc3ccccc3)C1)c1ccccc1CO2,Scientific Literature,Binding affinity to histamine H1 receptor,B,,,J Med Chem,2012.0,Histamine H1 receptor,Ki,nM,7.7,453.58,5.59
CHEMBL323562,426.58,CC1CCN(CCCOc2ccc(-c3ccc(C#N)cc3)cc2)CC1,Scientific Literature,Binding affinity of human cortical histamine H1 receptor,B,,,Bioorg Med Chem Lett,2002.0,Histamine H1 receptor,Ki,nM,6.37,334.46,4.73
CHEMBL5400876,431.0,c1ccc(N2CCN(CCCc3nc4ccccc4s3)CC2)nc1,Scientific Literature,Binding affinity to H1 receptor (unknown origin) assessed as inhibition constant,B,Homo sapiens,,J Med Chem,2023.0,Histamine H1 receptor,Ki,nM,6.37,338.48,3.45
CHEMBL570033,203.0,O=C(O)c1ccc(CCCCN2CCC(C(O)(c3ccccc3)c3ccccc3)CC2)cc1,Scientific Literature,Displacement of [3H]pyrilamine from human recombinant histamine H1 receptor expressed in CHO cell by Betaplate scintillation counting,B,Homo sapiens,,Bioorg Med Chem Lett,2009.0,Histamine H1 receptor,Ki,nM,6.69,443.59,5.36
CHEMBL255566,1000.0,Cc1ccc2c(-c3nnc(SCCCN4CCc5cc6nc(C(C)(C)C)oc6c(Br)c5CC4)n3C)cccc2n1,Scientific Literature,Antagonist activity at histamine H1 receptor by FLIPR assay,F,,,Bioorg Med Chem Lett,2008.0,Histamine H1 receptor,Ki,nM,6.0,619.63,7.12
CHEMBL401728,3162.28,Cc1cc(-c2nc3cc4c(cc3o2)CCN(CCCSc2nnc(-c3ocnc3C)n2C)CC4)n(C)n1,Scientific Literature,Antagonist activity at histamine H1 receptor by FLIPR assay,F,,,Bioorg Med Chem Lett,2008.0,Histamine H1 receptor,Ki,nM,,518.65,4.21
CHEMBL1090432,12.0,CC(c1ccccn1)c1c(CCN(C)C)sc2ccccc12,Scientific Literature,Displacement of [3H]pyrilamine from human histamine H1 receptor expressed in CHO Flp-In cells after 90 mins by scintillation counting,B,Homo sapiens,,Bioorg Med Chem Lett,2010.0,Histamine H1 receptor,Ki,nM,7.92,310.47,4.55
CHEMBL1093044,32000.0,CNCCc1sc2ccccc2c1[C@@H](C)c1ccccn1,Scientific Literature,Displacement of [3H]pyrilamine from human histamine H1 receptor expressed in CHO Flp-In cells after 90 mins by scintillation counting,B,Homo sapiens,,Bioorg Med Chem Lett,2010.0,Histamine H1 receptor,Ki,nM,4.5,296.44,4.21
CHEMBL1091775,3.9,C[C@@H](c1ccccn1)c1c(CCN2CCC2)sc2ccccc12,Scientific Literature,Displacement of [3H]pyrilamine from human histamine H1 receptor expressed in CHO Flp-In cells after 90 mins by scintillation counting,B,Homo sapiens,,Bioorg Med Chem Lett,2010.0,Histamine H1 receptor,Ki,nM,8.41,322.48,4.7
CHEMBL5284242,3.162,COCCCC(=O)N(C)CCN1CCC[C@@H]1Cn1nc(Cc2ccc(Cl)cc2)c2ccccc2c1=O.O=C(O)C(F)(F)F,Scientific Literature,Antagonist activity against recombinant human H1 receptor expressed in CHO cells incubated for 30 mins by FLIPR analysis,B,Homo sapiens,,ACS Med Chem Lett,2017.0,Histamine H1 receptor,Ki,nM,8.5,625.09,3.99
CHEMBL5272034,0.7943,COCCNC(=O)CCCN1CCC[C@@H]1Cn1nc(Cc2ccc(Cl)cc2)c2ccccc2c1=O.Cl,Scientific Literature,Antagonist activity against recombinant human H1 receptor expressed in CHO cells incubated for 30 mins by FLIPR analysis,B,Homo sapiens,,ACS Med Chem Lett,2017.0,Histamine H1 receptor,Ki,nM,9.1,533.5,3.65
CHEMBL5270515,0.631,CCC(=O)NCCN1CCC[C@@H]1Cn1nc(Cc2ccc(Cl)cc2)c2ccccc2c1=O.O=C(O)C(F)(F)F,Scientific Literature,Antagonist activity against recombinant human H1 receptor expressed in CHO cells incubated for 30 mins by FLIPR analysis,B,Homo sapiens,,ACS Med Chem Lett,2017.0,Histamine H1 receptor,Ki,nM,9.2,567.01,3.63
CHEMBL5282336,3.162,COCCCC(=O)NCCN1CCC[C@@H]1Cn1nc(Cc2ccc(Cl)cc2)c2ccccc2c1=O.O=C(O)C(F)(F)F,Scientific Literature,Antagonist activity against recombinant human H1 receptor expressed in CHO cells incubated for 30 mins by FLIPR analysis,B,Homo sapiens,,ACS Med Chem Lett,2017.0,Histamine H1 receptor,Ki,nM,8.5,611.06,3.65
CHEMBL5184846,3890.45,N/C(=N\C(=O)NCc1ccccc1)NCC1CCc2nc(N)sc2C1.O=C(O)C(F)(F)F.O=C(O)C(F)(F)F,Scientific Literature,Displacement of [3H] mepyramine from human histamine H1 receptor stably expressed in baculovirus infected Sf9 cell membrane co-expressing RGS4 incubated for 60 mins by scintillation counting analysis,B,Homo sapiens,,J Med Chem,2021.0,Histamine H1 receptor,Ki,nM,5.41,586.52,1.64
CHEMBL5194860,3890.45,CC(CCCc1ccccc1)CNC(=O)/N=C(\N)NCC1CCc2nc(N)sc2C1.O=C(O)C(F)(F)F.O=C(O)C(F)(F)F,Scientific Literature,Displacement of [3H] mepyramine from human histamine H1 receptor stably expressed in baculovirus infected Sf9 cell membrane co-expressing RGS4 incubated for 60 mins by scintillation counting analysis,B,Homo sapiens,,J Med Chem,2021.0,Histamine H1 receptor,Ki,nM,5.41,656.65,3.1
CHEMBL5173453,95.5,CC(C)[C@H](NC(=O)CCN1CCC(Oc2ccccc2Cc2ccccc2)CC1)C(=O)N[C@@H](CO)C(=O)N[C@@H](Cc1ccc(O)cc1)C(=O)N[C@H](Cc1ccccc1)C(N)=O,Scientific Literature,Displacement of fluorophore-labeled mepyramine from Nluc-tagged human H1R expressed in HEK293T cells incubated for 2 hrs by NanoBRET competition binding assay,B,Homo sapiens,,J Med Chem,2022.0,Histamine H1 receptor,Ki,nM,7.02,835.01,2.77
CHEMBL1669412,4.3,c1ccc2c(c1)CC(CCN1CCC1)=C2Cc1cnccn1,Scientific Literature,Binding affinity to histamine H1 receptor,B,,,Bioorg Med Chem Lett,2011.0,Histamine H1 receptor,Ki,nM,8.37,291.4,3.12
CHEMBL1672288,10000.0,N#Cc1cc(F)cc(C#Cc2csc(F)n2)c1,Scientific Literature,Binding affinity to histamine H1 receptor,B,,,J Med Chem,2011.0,Histamine H1 receptor,Ki,nM,,246.24,2.69
CHEMBL555146,5440.0,C[C@@H]1CCCN1CCc1cc2cc(C(=O)c3ccc(F)cc3)ccc2o1,Scientific Literature,Binding affinity to human recombinant H1 receptor,B,Homo sapiens,,J Med Chem,2012.0,Histamine H1 receptor,Ki,nM,5.26,351.42,4.83
CHEMBL2171031,5011.87,Cc1ccc(C(=O)N2CCC(N3CC[C@@H](Oc4ccc(Cl)c(C)c4Cl)C[C@H]3C(=O)O)CC2)cc1,Scientific Literature,Displacement of [3H]pyrilamine from human H1 receptor expressed in CHOK1 cells,B,Homo sapiens,,Bioorg Med Chem Lett,2012.0,Histamine H1 receptor,Ki,nM,,505.44,5.21
CHEMBL2146811,0.537,COCCN1CCC[C@@H]1Cn1nc(Cc2ccc(Cl)cc2)c2ncccc2c1=O,Scientific Literature,Antagonist activity at human H1 receptor expressed in CHO cells assessed as inhibition of calcium mobilization by FLIPR assay,F,Homo sapiens,,Bioorg Med Chem,2012.0,Histamine H1 receptor,Ki,nM,9.27,412.92,3.15
CHEMBL1767159,50.12,O=c1c2ccccc2c(Cc2ccc(Cl)cc2)nn1C1CCCN(Cc2ccc(OCCCN3CCCCCC3)cc2)CC1,Scientific Literature,Antagonist activity at human recombinant histamine H1 receptor expressed in intact CHO cells assessed as inhibition of histamine-induced cellular calcium mobilization by FLIPR assay,F,Homo sapiens,,J Med Chem,2011.0,Histamine H1 receptor,Ki,nM,7.3,613.25,7.51
CHEMBL1767164,10.0,O=c1c2ccccc2c(Cc2ccc(Cl)cc2)nn1C[C@H]1CCCN1CCCCc1ccc(OCCCN2CCCCCC2)cc1,Scientific Literature,Antagonist activity at human recombinant histamine H1 receptor expressed in intact CHO cells assessed as inhibition of histamine-induced cellular calcium mobilization by FLIPR assay,F,Homo sapiens,,J Med Chem,2011.0,Histamine H1 receptor,Ki,nM,8.0,641.3,7.77
CHEMBL1767156,1.0,CN1CCC(n2nc(Cc3ccc(Cl)cc3)c3ccccc3c2=O)CC1,Scientific Literature,Antagonist activity at human recombinant histamine H1 receptor expressed in intact CHO cells assessed as inhibition of histamine-induced cellular calcium mobilization by FLIPR assay,F,Homo sapiens,,J Med Chem,2011.0,Histamine H1 receptor,Ki,nM,9.0,367.88,3.91
CHEMBL556506,1.5,C[C@H](C1=C(CCN(C)C)Cc2ccccc21)c1cnccn1,Scientific Literature,Inhibition of histamine H1 receptor,B,,,Bioorg Med Chem Lett,2010.0,Histamine H1 receptor,Ki,nM,8.82,293.41,3.54
CHEMBL1923534,8128.31,NCCSc1nc(C2CCCCC2)n(-c2ccccc2)n1,Scientific Literature,Displacement of [3H]mepyramine from human histamine H1 receptor expressed in HEK293 cells after 1 to 1.5 hrs by scintillation counting,B,Homo sapiens,,J Med Chem,2011.0,Histamine H1 receptor,Ki,nM,5.09,302.45,3.37
CHEMBL1923535,10964.78,NCCc1ccccc1Oc1ccccc1,Scientific Literature,Displacement of [3H]mepyramine from human histamine H1 receptor expressed in HEK293 cells after 1 to 1.5 hrs by scintillation counting,B,Homo sapiens,,J Med Chem,2011.0,Histamine H1 receptor,Ki,nM,4.96,213.28,2.98
CHEMBL1910381,7.079,COc1ccc(CN(CCN(C)CCN2CCN(C(=O)c3cc4ccccc4[nH]3)CC2)c2ccccn2)cc1,Scientific Literature,Displacement of [3H]mepyramine from human H1R expressed in Sf9 cells co-expressing RGS4 after 90 mins by liquid scintillation counting,B,Homo sapiens,,Bioorg Med Chem Lett,2011.0,Histamine H1 receptor,Ki,nM,8.15,526.69,3.97
CHEMBL43860,19.0,CC1=C(C(=O)NCCCN2CCC(c3ccc(F)cc3)CC2)[C@@H](c2ccc(F)c(F)c2)CC(=O)N1,Scientific Literature,Selectivity screen against human Histamine H1 receptor,B,Homo sapiens,,Bioorg Med Chem Lett,2000.0,Histamine H1 receptor,Ki,nM,7.72,485.55,4.37
CHEMBL370128,10000.0,COc1ccc(NC(=O)N2CCN(c3ccccc3Cl)CC2)cc1N1CCN(C)CC1,Scientific Literature,Affinity towards cloned Histamine H1 receptor,B,Homo sapiens,,Bioorg Med Chem Lett,2005.0,Histamine H1 receptor,Ki,nM,,443.98,3.45
CHEMBL229429,10000.0,N#Cc1cc(F)cc(C#Cc2csc(CF)n2)c1,Scientific Literature,Binding affinity to histamine H1 receptor,B,Homo sapiens,,J Med Chem,2007.0,Histamine H1 receptor,Ki,nM,,260.27,3.02
CHEMBL270602,1584.89,Cc1cnc(-c2nnc(SCCCN3CCc4ccc5oc(C(F)(F)F)nc5c4CC3)n2C)cn1,Scientific Literature,Antagonist activity at histamine H1 receptor by FLIPR assay,F,,,Bioorg Med Chem Lett,2008.0,Histamine H1 receptor,Ki,nM,5.8,503.55,4.32
CHEMBL271449,2511.89,Cc1ncoc1-c1nnc(SCCCN2CCc3ccc4oc(C(F)(F)F)nc4c3CC2)n1C,Scientific Literature,Antagonist activity at histamine H1 receptor by FLIPR assay,F,,,Bioorg Med Chem Lett,2008.0,Histamine H1 receptor,Ki,nM,,492.53,4.52
CHEMBL256442,398.11,CCc1nc2ccc3c(c2s1)CCN(CCCSc1nnc(-c2cccc4nc(C)ccc24)n1C)CC3,Scientific Literature,Antagonist activity at histamine H1 receptor by FLIPR assay,F,,,Bioorg Med Chem Lett,2008.0,Histamine H1 receptor,Ki,nM,6.4,528.75,6.09
CHEMBL271909,251.19,Cc1ccc2c(-c3nnc(SCCCN4CCc5ccc6nc(C)sc6c5CC4)n3C)cccc2n1,Scientific Literature,Antagonist activity at histamine H1 receptor by FLIPR assay,F,,,Bioorg Med Chem Lett,2008.0,Histamine H1 receptor,Ki,nM,6.6,514.72,5.84
CHEMBL404363,3981.07,Cc1ccc2c(-c3nnc(SCCCN4CCc5ccc6nc(C(F)(F)F)oc6c5CC4)n3C)cccc2n1,Scientific Literature,Antagonist activity at histamine H1 receptor by FLIPR assay,F,,,Bioorg Med Chem Lett,2008.0,Histamine H1 receptor,Ki,nM,5.4,552.63,6.08
CHEMBL272378,2511.89,CCc1nc2cc3c(c(Br)c2o1)CCN(CCSc1nnc(-c2cccc4nc(C)ccc24)n1C)CC3,Scientific Literature,Antagonist activity at histamine H1 receptor by FLIPR assay,F,,,Bioorg Med Chem Lett,2008.0,Histamine H1 receptor,Ki,nM,,577.55,6.0
CHEMBL256482,1995.26,CCc1nc2cc3c(c(Br)c2o1)CCN(CCCCSc1nnc(-c2cccc4nc(C)ccc24)n1C)CC3,Scientific Literature,Antagonist activity at histamine H1 receptor by FLIPR assay,F,,,Bioorg Med Chem Lett,2008.0,Histamine H1 receptor,Ki,nM,5.7,605.61,6.78
CHEMBL273199,794.33,Cc1cc2c(-c3nnc(SCCCN4CCc5ccc(-c6cc(C)nn6C)cc5CC4)n3C)cccc2cn1,Scientific Literature,Antagonist activity at histamine H1 receptor by FLIPR assay,F,,,Bioorg Med Chem Lett,2008.0,Histamine H1 receptor,Ki,nM,6.1,537.74,5.63
CHEMBL2323582,1662.0,CC1=CC(C)=[N+]2C1=C(c1ccc(OCCCN3CCCCC3)cc1)c1c(C)cc(C)n1[B-]2(F)F,Scientific Literature,Displacement of [3H]pyrilamine from human histamine H1 receptor expressed in CHO-K1 cells,B,Homo sapiens,,ACS Med Chem Lett,2013.0,Histamine H1 receptor,Ki,nM,5.78,465.4,
CHEMBL3817898,216.0,COc1ccc(C(=O)CCCN2CCc3ccccc3C2)cc1,Scientific Literature,Displacement of [3H]Pyrilamine from human H1 receptor expressed in cell membranes after 1 hr by liquid scintillation counting,B,Homo sapiens,,Bioorg Med Chem,2016.0,Histamine H1 receptor,Ki,nM,6.67,309.41,3.72
CHEMBL3817911,3630.78,O=C1c2ccccc2C(=O)N1CCCCN1CCC2CCCCC2C1,Scientific Literature,Displacement of [3H]Pyrilamine from human H1 receptor expressed in cell membranes after 1 hr by liquid scintillation counting,B,Homo sapiens,,Bioorg Med Chem,2016.0,Histamine H1 receptor,Ki,nM,5.44,340.47,3.57
CHEMBL3818200,158.49,N#Cc1ccc(C(=O)CCCN2CCc3ccccc3C2)cc1,Scientific Literature,Displacement of [3H]Pyrilamine from human H1 receptor expressed in cell membranes after 1 hr by liquid scintillation counting,B,Homo sapiens,,Bioorg Med Chem,2016.0,Histamine H1 receptor,Ki,nM,6.8,304.39,3.58
CHEMBL3819427,1584.89,NC(=O)c1ccc(C(=O)CCCN2CCc3ccccc3C2)cc1,Scientific Literature,Displacement of [3H]Pyrilamine from human H1 receptor expressed in cell membranes after 1 hr by liquid scintillation counting,B,Homo sapiens,,Bioorg Med Chem,2016.0,Histamine H1 receptor,Ki,nM,5.8,322.41,2.81
CHEMBL264418,10.0,Fc1cccc(O[C@H](c2ccccc2)[C@H]2CNCCO2)c1F,Scientific Literature,Inhibition of histamine H1 receptor,B,,,Bioorg Med Chem Lett,2008.0,Histamine H1 receptor,Ki,nM,8.0,305.32,3.07
CHEMBL66660,15733.0,C(#Cc1c2c(nc3ccccc13)CCCCC2)CCN1CCCCC1,Scientific Literature,Compound was tested for its binding affinity towards human H1 receptor,B,,,Bioorg Med Chem Lett,2003.0,Histamine H1 receptor,Ki,nM,4.8,332.49,4.73
CHEMBL153994,316227766016837.94,Cc1ccc(C(CCc2nc(CCN)c[nH]2)c2ccccc2)cc1,Scientific Literature,Inhibitory activity against human Histamine H1 receptor,B,,,J Med Chem,2003.0,Histamine H1 receptor,Ki,nM,,319.45,3.98
CHEMBL1078745,3600.0,CCOc1cc(CN2CCC(Nc3nc4ccccc4o3)CC2)cc(OC2CCOCC2)c1,Scientific Literature,Binding affinity to human histamine H1 receptor,B,Homo sapiens,,Bioorg Med Chem Lett,2009.0,Histamine H1 receptor,Ki,nM,5.44,451.57,4.86
CHEMBL1077908,199.0,CCOc1cc(CN2CCC(Nc3nc4cc(NS(=O)(=O)c5ccccc5)ccc4o3)CC2)ccc1OC,Scientific Literature,Binding affinity to human histamine H1 receptor,B,Homo sapiens,,Bioorg Med Chem Lett,2009.0,Histamine H1 receptor,Ki,nM,6.7,536.65,5.11
CHEMBL195927,10000.0,COc1ccccc1N1CCC(C(=O)Nc2ccc(OC)c(N3CCN(C)CC3)c2)CC1,Scientific Literature,Affinity towards cloned Histamine H1 receptor,B,Homo sapiens,,Bioorg Med Chem Lett,2005.0,Histamine H1 receptor,Ki,nM,,438.57,3.31
CHEMBL360953,22.0,Cn1ccc2c1CCn1ccnc1C2=C1CCNCC1,Scientific Literature,Binding affinity for H1 histamine receptor expressed in CHO cells,B,,,J Med Chem,2005.0,Histamine H1 receptor,Ki,nM,7.66,268.36,1.96
CHEMBL1095819,0.9,CN1CCC[C@@H](c2nc3ccccc3n2Cc2ccc(F)cc2)C1,Scientific Literature,Antagonist activity at histamine H1 receptor,F,,,Bioorg Med Chem Lett,2012.0,Histamine H1 receptor,Ki,nM,9.05,323.42,4.03
CHEMBL1935442,0.8,Fc1ccc(Cn2c([C@H]3CNCCO3)nc3ccccc32)cc1,Scientific Literature,Antagonist activity at histamine H1 receptor,F,,,Bioorg Med Chem Lett,2012.0,Histamine H1 receptor,Ki,nM,9.1,311.36,2.88
CHEMBL1935444,63.0,Cc1ccc(Cn2c(C3CNCCS3)nc3ccccc32)cc1,Scientific Literature,Antagonist activity at histamine H1 receptor,F,,,Bioorg Med Chem Lett,2012.0,Histamine H1 receptor,Ki,nM,7.2,323.47,3.77
CHEMBL1946122,4149.0,OC1(c2ccc(Cl)cc2)C[C@H]2CC[C@@H](C1)N2CCCOc1ccc(F)cc1,Scientific Literature,Displacement of [3H]-Pyrilamine from human histamine H1 receptor by liquid scintillation counter,B,Homo sapiens,,Bioorg Med Chem,2012.0,Histamine H1 receptor,Ki,nM,5.38,389.9,4.76
CHEMBL256659,3162.28,Cc1ncoc1-c1nnc(SCCCN2CCc3ccc4nc(C(F)(F)F)oc4c3CC2)n1C,Scientific Literature,Antagonist activity at histamine H1 receptor by FLIPR assay,F,,,Bioorg Med Chem Lett,2008.0,Histamine H1 receptor,Ki,nM,,492.53,4.52
CHEMBL319231,100000.0,CC(=O)c1ccc(OCCCN2CC[C@H](N)C2)cc1,Scientific Literature,Binding affinity towards human Histamine H1 receptor (For compound 11),B,,,Bioorg Med Chem Lett,2002.0,Histamine H1 receptor,Ki,nM,4.0,262.35,1.69
CHEMBL103828,56000.0,CC(=O)c1ccc(OCCCN2CC[C@H](NC(=O)[C@@H](C)NC(=O)OC(C)(C)C)C2)cc1,Scientific Literature,Binding affinity to the human Histamine H1 receptor,B,,,Bioorg Med Chem Lett,2002.0,Histamine H1 receptor,Ki,nM,4.25,433.55,2.76
CHEMBL62948,1412.54,CCOC(=O)N1CCN(CCCOc2ccc(C(=O)C3CC3)cc2)CC1,Scientific Literature,Binding affinity for the human Histamine H1 Receptor,B,,,Bioorg Med Chem Lett,2002.0,Histamine H1 receptor,Ki,nM,5.85,360.45,2.82
CHEMBL359122,199526231496888.28,NCCCCCCCCCCc1ccncc1,Scientific Literature,Inhibitory activity against human Histamine H1 receptor,B,,,J Med Chem,2003.0,Histamine H1 receptor,Ki,nM,,234.39,3.7
CHEMBL345185,50118723362727.15,NCCCCCCCCCc1c[nH]cn1,Scientific Literature,Inhibitory activity against human Histamine H1 receptor,B,,,J Med Chem,2003.0,Histamine H1 receptor,Ki,nM,,209.34,2.64
CHEMBL287052,158489319246111.1,NCCc1c[nH]c(-c2cccc(Cl)c2)n1,Scientific Literature,Inhibitory activity against human Histamine H1 receptor,B,,,J Med Chem,2003.0,Histamine H1 receptor,Ki,nM,,221.69,2.23
CHEMBL5179303,912.01,C[C@H](NC(=O)CCN1CCC(Oc2ccccc2Cc2ccccc2)CC1)C(=O)N[C@@H](C)C(=O)N[C@@H](C)C(=O)N[C@H](Cc1ccccc1)C(N)=O,Scientific Literature,Displacement of fluorophore-labeled mepyramine from Nluc-tagged human H1R expressed in HEK293T cells incubated for 2 hrs by NanoBRET competition binding assay,B,Homo sapiens,,J Med Chem,2022.0,Histamine H1 receptor,Ki,nM,6.04,698.87,2.24
CHEMBL5202570,158.49,CC(C)[C@H](NC(=O)CCN1CCC(Oc2ccccc2Cc2ccccc2)CC1)C(=O)N[C@@H](C)C(=O)N[C@@H](C)C(=O)N[C@H](Cc1ccccc1)C(N)=O,Scientific Literature,Displacement of fluorophore-labeled mepyramine from Nluc-tagged human H1R expressed in HEK293T cells incubated for 2 hrs by NanoBRET competition binding assay,B,Homo sapiens,,J Med Chem,2022.0,Histamine H1 receptor,Ki,nM,6.8,726.92,2.87
CHEMBL5207888,933.25,C[C@H](NC(=O)[C@H](C)NC(=O)[C@H](Cc1cnc[nH]1)NC(=O)CCN1CCC(Oc2ccccc2Cc2ccccc2)CC1)C(=O)N[C@H](Cc1ccccc1)C(N)=O,Scientific Literature,Displacement of fluorophore-labeled mepyramine from Nluc-tagged human H1R expressed in HEK293T cells incubated for 2 hrs by NanoBRET competition binding assay,B,Homo sapiens,,J Med Chem,2022.0,Histamine H1 receptor,Ki,nM,6.03,764.93,2.18
CHEMBL5182490,437.0,CC(C)[C@H](NC(=O)CCN1CCC(Oc2ccccc2Cc2ccccc2)CC1)C(=O)N[C@@H](Cc1ccc(O)cc1)C(=O)N[C@@H](C)C(=O)N[C@H](Cc1ccccc1)C(N)=O,Scientific Literature,Displacement of fluorophore-labeled mepyramine from Nluc-tagged human H1R expressed in HEK293T cells incubated for 2 hrs by NanoBRET competition binding assay,B,Homo sapiens,,J Med Chem,2022.0,Histamine H1 receptor,Ki,nM,6.36,819.02,3.8
CHEMBL3753318,676.08,C=CCN(CC=C)CCc1c[nH]c2ccc(C)cc12,Scientific Literature,Binding affinity to histamine H1 receptor (unknown origin) by competition binding assay,B,Homo sapiens,,Bioorg Med Chem Lett,2016.0,Histamine H1 receptor,Ki,nM,6.17,254.38,3.69
CHEMBL2158834,10.0,O=C(O)c1cccnc1N1CCC(CN2CCC(Oc3ccc(Cl)c(Cl)c3)CC2)CC1,Scientific Literature,Binding affinity to histamine H1 receptor,B,,,Bioorg Med Chem Lett,2012.0,Histamine H1 receptor,Ki,nM,8.0,464.39,4.85
CHEMBL402422,3162.28,Cc1nc2c3c(ccc2o1)CCN(CCCSc1nnc(-c2ocnc2C)n1C)CC3,Scientific Literature,Antagonist activity at histamine H1 receptor by FLIPR assay,F,,,Bioorg Med Chem Lett,2008.0,Histamine H1 receptor,Ki,nM,,438.56,3.81
CHEMBL402853,1000.0,Cc1ccc2c(-c3nnc(SCCCN4CCc5ccc6oc(-c7cc(C)nn7C)nc6c5CC4)n3C)cccc2n1,Scientific Literature,Antagonist activity at histamine H1 receptor by FLIPR assay,F,,,Bioorg Med Chem Lett,2008.0,Histamine H1 receptor,Ki,nM,6.0,578.75,5.77
CHEMBL425358,305.0,NC(=O)N(O)CCC#Cc1ccc(OCCN2CCN([C@H](c3ccccc3)c3ccc(Cl)cc3)CC2)cc1,Scientific Literature,Binding affinity towards human histamine H1 receptor expressed in CHO-K1 cells,B,Homo sapiens,,Bioorg Med Chem Lett,2004.0,Histamine H1 receptor,Ki,nM,6.52,533.07,4.64
CHEMBL571174,61.0,CC1CCC(CCCCN2CCC(C(O)(c3ccccc3)c3ccccc3)CC2)CC1,Scientific Literature,Displacement of [3H]pyrilamine from human recombinant histamine H1 receptor expressed in CHO cell by Betaplate scintillation counting,B,Homo sapiens,,Bioorg Med Chem Lett,2009.0,Histamine H1 receptor,Ki,nM,7.21,419.65,6.63
CHEMBL3819366,382.0,Cl.Fc1ccc(OCCCN2CCc3ccccc3C2)cc1,Scientific Literature,Displacement of [3H]Pyrilamine from human H1 receptor expressed in cell membranes after 1 hr by liquid scintillation counting,B,Homo sapiens,,Bioorg Med Chem,2016.0,Histamine H1 receptor,Ki,nM,6.42,321.82,3.65
CHEMBL3818478,275.42,O=C1NCN(c2ccccc2)C12CCN(CCCCc1c[nH]c3ccccc13)CC2,Scientific Literature,Displacement of [3H]Pyrilamine from human recombinant histamine H1 receptor incubated for 1.5 hrs by microbeta scintillation counting method,A,Homo sapiens,,Bioorg Med Chem,2016.0,Histamine H1 receptor,Ki,nM,6.56,402.54,3.92
CHEMBL3818805,245.47,O=c1[nH]c2cc(Cl)ccc2n1C1CCN(CCCCc2c[nH]c3ccccc23)CC1,Scientific Literature,Displacement of [3H]Pyrilamine from human recombinant histamine H1 receptor incubated for 1.5 hrs by microbeta scintillation counting method,A,Homo sapiens,,Bioorg Med Chem,2016.0,Histamine H1 receptor,Ki,nM,6.61,422.96,5.12
CHEMBL3818124,263.0,O=C1NCN(c2ccccc2)C12CCN(CCCCc1nc3cc(Cl)ccc3s1)CC2,Scientific Literature,Displacement of [3H]Pyrilamine from human recombinant histamine H1 receptor incubated for 1.5 hrs by microbeta scintillation counting method,A,Homo sapiens,,Bioorg Med Chem,2016.0,Histamine H1 receptor,Ki,nM,6.58,455.03,4.7
CHEMBL594731,1000.0,Cc1ccccc1CNc1cc(N2CCN(C)CC2)nc(N)n1,Scientific Literature,Displacement of [3H]pyrilamine from human histamine H1 receptor expressed in Sf9 cells co-expressing RGS4,B,Homo sapiens,,Bioorg Med Chem,2009.0,Histamine H1 receptor,Ki,nM,,312.42,1.73
CHEMBL346230,0.5,CN(C)CCCC1c2ccccc2Cc2ccccc21,Scientific Literature,Displacement of [3H]chlorphniramine from human histamine H1 receptor expressed in cells,B,Homo sapiens,,Bioorg Med Chem,2009.0,Histamine H1 receptor,Ki,nM,9.3,265.4,4.06
CHEMBL571073,3200.0,Cc1ccc(CCCCN2CCCCC2)cc1,Scientific Literature,Displacement of [3H]pyrilamine from human recombinant histamine H1 receptor expressed in CHO cell by Betaplate scintillation counting,B,Homo sapiens,,Bioorg Med Chem Lett,2009.0,Histamine H1 receptor,Ki,nM,5.5,231.38,3.8
CHEMBL571391,64.0,Cc1ccc(CCN2CCC(C(O)(c3ccccc3)c3ccccc3)CC2)cc1,Scientific Literature,Displacement of [3H]pyrilamine from human recombinant histamine H1 receptor expressed in CHO cell by Betaplate scintillation counting,B,Homo sapiens,,Bioorg Med Chem Lett,2009.0,Histamine H1 receptor,Ki,nM,7.19,385.55,5.19
CHEMBL2171033,31.62,O=C(NS(=O)(=O)c1ccccc1)N1CCC(N2CCC(Oc3ccc(Cl)c(Cl)c3)CC2)CC1,Scientific Literature,Displacement of [3H]pyrilamine from human H1 receptor expressed in CHOK1 cells,B,Homo sapiens,,Bioorg Med Chem Lett,2012.0,Histamine H1 receptor,Ki,nM,7.5,512.46,4.4
CHEMBL559557,2.4,CN(CCc1ccccc1)C1CCN(c2nc3ccccc3n2Cc2ccc(F)cc2)CC1,Scientific Literature,Displacement of [3H]pyrilamine from human histamine H1 receptor expressed in CHO Flp-In cells by liquid scintillation assay,B,Homo sapiens,,Bioorg Med Chem Lett,2009.0,Histamine H1 receptor,Ki,nM,8.62,442.58,5.37
CHEMBL562894,7.1,COc1ccc(Cn2c(N3CCC(n4cc(C)cn4)CC3)nc3ccccc32)cc1,Scientific Literature,Displacement of [3H]pyrilamine from human histamine H1 receptor expressed in CHO Flp-In cells by liquid scintillation assay,B,Homo sapiens,,Bioorg Med Chem Lett,2009.0,Histamine H1 receptor,Ki,nM,8.15,401.51,4.44
CHEMBL563055,14.1,COc1ccc(Cn2c(N3CCC(NCC4CCOCC4)CC3)nc3ccccc32)cc1,Scientific Literature,Displacement of [3H]pyrilamine from human histamine H1 receptor expressed in CHO Flp-In cells by liquid scintillation assay,B,Homo sapiens,,Bioorg Med Chem Lett,2009.0,Histamine H1 receptor,Ki,nM,7.85,434.58,4.08
CHEMBL557210,3.2,CN(CCO)C1CCN(c2nc3ccccc3n2Cc2ccc(F)cc2)CC1,Scientific Literature,Displacement of [3H]pyrilamine from human histamine H1 receptor expressed in CHO Flp-In cells by liquid scintillation assay,B,Homo sapiens,,Bioorg Med Chem Lett,2009.0,Histamine H1 receptor,Ki,nM,8.49,382.48,3.12
CHEMBL558663,14.1,COc1ccc(Cn2c(N3CCC(N(C)CC4CCOCC4)CC3)nc3ccccc32)cc1,Scientific Literature,Displacement of [3H]pyrilamine from human histamine H1 receptor expressed in CHO Flp-In cells by liquid scintillation assay,B,Homo sapiens,,Bioorg Med Chem Lett,2009.0,Histamine H1 receptor,Ki,nM,7.85,448.61,4.42
CHEMBL28651,10000.0,CSc1ccc(N2CCN(Cc3c[nH]c4ncccc34)CC2)cc1,Scientific Literature,Binding affinity to cloned Histamine H1 receptor,B,,,Bioorg Med Chem Lett,2001.0,Histamine H1 receptor,Ki,nM,,338.48,3.61
CHEMBL295001,108.0,CC1=C(C(=O)NCCCN2CCC(C#N)(c3ccc(F)cc3F)CC2)[C@@H](c2ccc(F)c(F)c2)CC(=O)N1,Scientific Literature,Selectivity screen against human Histamine H1 receptor,B,Homo sapiens,,Bioorg Med Chem Lett,2000.0,Histamine H1 receptor,Ki,nM,6.97,528.55,4.18
CHEMBL64896,10000.0,O=C(c1ccc(OCCCN2CCN(C(=O)[C@@H]3CCN3)CC2)cc1)C1CC1,Scientific Literature,Binding affinity towards Histamine H1 receptor of human membranes.,B,,,Bioorg Med Chem Lett,2002.0,Histamine H1 receptor,Ki,nM,5.0,371.48,1.55
CHEMBL105669,27.54,CCOC(=O)N1CCN(CCCOc2ccc(-c3ccc(C#N)cc3C)cc2)CC1,Scientific Literature,Binding affinity of human cortical histamine H1 receptor,B,,,Bioorg Med Chem Lett,2002.0,Histamine H1 receptor,Ki,nM,7.56,407.51,4.08
CHEMBL155328,10000000000000.0,NCCc1cscn1,Scientific Literature,Inhibitory activity against human Histamine H1 receptor,B,,,J Med Chem,2003.0,Histamine H1 receptor,Ki,nM,,128.2,0.64
CHEMBL154695,15848931924611.11,NCCc1csc(Cc2ccccc2)n1,Scientific Literature,Inhibitory activity against human Histamine H1 receptor,B,,,J Med Chem,2003.0,Histamine H1 receptor,Ki,nM,,218.32,2.24
CHEMBL104,3416.0,Clc1ccccc1C(c1ccccc1)(c1ccccc1)n1ccnc1,DrugMatrix,"DRUGMATRIX: Histamine H1, Central radioligand binding (ligand: [3H] Pyrilamine)",B,,,,,Histamine H1 receptor,Ki,nM,5.47,344.85,5.38
CHEMBL455288,390.0,O=C(OCCN1CCN(CCCN2c3ccccc3Sc3ccc(C(F)(F)F)cc32)CC1)c1ccc(OCCCN2CCCCC2)cc1,Scientific Literature,Displacement of [3H]pyrilamine from human histamine H1 receptor expressed in CHO cells,B,Homo sapiens,,Bioorg Med Chem Lett,2009.0,Histamine H1 receptor,Ki,nM,6.41,682.85,7.43
CHEMBL196370,10000.0,COc1ccc(NC(=O)N2CCN(c3ccccc3OC)CC2)cc1N1CCN(C)CC1,Scientific Literature,Affinity towards cloned Histamine H1 receptor,B,Homo sapiens,,Bioorg Med Chem Lett,2005.0,Histamine H1 receptor,Ki,nM,,439.56,2.81
CHEMBL3818881,1023.29,Cl.O=C(CCCCN1C2CCC1CC(O)(c1ccc(Cl)cc1)C2)c1nc2ccccc2s1,Scientific Literature,Displacement of [3H]Pyrilamine from human recombinant histamine H1 receptor incubated for 1.5 hrs by microbeta scintillation counting method,A,Homo sapiens,,Bioorg Med Chem,2016.0,Histamine H1 receptor,Ki,nM,5.99,491.48,5.82
CHEMBL185905,19.0,NC(=O)N(O)CCC#Cc1ccc(OCCN2CCC(=C3c4ccc(Cl)cc4CCc4cccnc43)CC2)cc1,Scientific Literature,Binding affinity towards human histamine H1 receptor expressed in CHO-K1 cells,B,Homo sapiens,,Bioorg Med Chem Lett,2004.0,Histamine H1 receptor,Ki,nM,7.72,557.09,5.32
CHEMBL260823,10.0,Fc1ccc(O[C@H](c2ccccc2)[C@H]2CNCCO2)c(Cl)c1,Scientific Literature,Inhibition of histamine H1 receptor,B,,,Bioorg Med Chem Lett,2008.0,Histamine H1 receptor,Ki,nM,8.0,321.78,3.59
CHEMBL3238447,2238.72,O=C1NC(c2ccccc2)(c2ccccc2)C(=O)N1Cc1ccc(OCCCN2CCCCC2)cc1,Scientific Literature,Displacement of [3H]pyrilamine from human H1 receptor expressed in CHO cell membrane after 120 mins by liquid scintillation counting analysis,B,Homo sapiens,,Eur J Med Chem,2014.0,Histamine H1 receptor,Ki,nM,5.65,483.61,4.94
CHEMBL1259189,4.5,CC(C)C(=O)NCc1ccc2c(c1)[C@H](N1CCN(C)CC1)Cc1ccccc1S2,Scientific Literature,Displacement of [3H]prozosin from human cloned histamine H1 receptor expressed in CHO cells,B,Homo sapiens,,J Med Chem,2010.0,Histamine H1 receptor,Ki,nM,8.35,409.6,3.95
CHEMBL1632158,1258.93,COC(=O)CCCCCN1CCC(CNC(=O)c2c3n(c4ccccc24)CCCO3)CC1,Scientific Literature,Binding affinity to Histamine receptor H1,B,,,Bioorg Med Chem,2010.0,Histamine H1 receptor,Ki,nM,5.9,441.57,3.6
CHEMBL4572614,10000.0,Cc1ncc2nccn2c1-c1ccc(Oc2nccc3occc23)cc1C(F)(F)F,Scientific Literature,Displacement of [3H]-pyrilamine from human histamine H1 receptor expressed in stable HEK cells after 90 mins by microbeta scintillation counting method,B,Homo sapiens,,J Med Chem,2019.0,Histamine H1 receptor,Ki,nM,,410.36,5.66
CHEMBL240178,2511.89,CS(=O)(=O)c1ccc(C(=O)N2CCN(c3ccc(OC4CCN(C5CCCC5)CC4)cc3)C(=O)C2)cc1.O=CO,Scientific Literature,Antagonist activity at human recombinant histamine H1 receptor expressed in CHO cells assessed as inhibition of histamine-induced cellular calcium mobilization,F,Homo sapiens,,J Med Chem,2007.0,Histamine H1 receptor,Ki,nM,,571.7,3.36
CHEMBL272588,3162.28,Cc1ncoc1-c1nnc(SCCCN2CCc3nc4cc(C(F)(F)F)ccn4c3CC2)n1C,Scientific Literature,Antagonist activity at histamine H1 receptor by FLIPR assay,F,,,Bioorg Med Chem Lett,2008.0,Histamine H1 receptor,Ki,nM,,491.54,4.03
CHEMBL403804,2511.89,CCc1nc2ccc3c(c2s1)CCN(CCCSc1nnc(-c2ocnc2C)n1C)CC3,Scientific Literature,Antagonist activity at histamine H1 receptor by FLIPR assay,F,,,Bioorg Med Chem Lett,2008.0,Histamine H1 receptor,Ki,nM,,468.65,4.53
CHEMBL272775,1995.26,Cc1ncoc1-c1nnc(SCCCN2CCc3ccc4nc(C(C)(F)F)oc4c3CC2)n1C,Scientific Literature,Antagonist activity at histamine H1 receptor by FLIPR assay,F,,,Bioorg Med Chem Lett,2008.0,Histamine H1 receptor,Ki,nM,,488.56,4.61
CHEMBL429132,5011.87,Cc1ccc2c(-c3nnc(SCCCN4CCc5cc6nc(C(C)(C)C)oc6cc5CC4)n3C)cccc2n1,Scientific Literature,Antagonist activity at histamine H1 receptor by FLIPR assay,F,,,Bioorg Med Chem Lett,2008.0,Histamine H1 receptor,Ki,nM,,540.74,6.36
CHEMBL272478,1995.26,Cc1ccc2c(-c3nnc(SCCCN4CCc5cc6c(cc5CC4)C(=O)N(C(C)C)C6)n3C)cccc2n1,Scientific Literature,Antagonist activity at histamine H1 receptor by FLIPR assay,F,,,Bioorg Med Chem Lett,2008.0,Histamine H1 receptor,Ki,nM,,540.74,5.29
CHEMBL1632413,10000.0,CN1CCN(/C(=N\O)c2cc3cc(Cl)ccc3[nH]2)CC1,Scientific Literature,Binding affinity to human recombinant histamine H1 receptor expressed in human SK-N-MC cells by radioligand displacement assay,B,Homo sapiens,,Bioorg Med Chem Lett,2010.0,Histamine H1 receptor,Ki,nM,,292.77,2.2
CHEMBL1632412,10000.0,Cc1ccc2[nH]c(/C(=N\O)C3CCN(C)CC3)cc2c1,Scientific Literature,Binding affinity to human recombinant histamine H1 receptor expressed in human SK-N-MC cells by radioligand displacement assay,B,Homo sapiens,,Bioorg Med Chem Lett,2010.0,Histamine H1 receptor,Ki,nM,,271.36,3.0
CHEMBL4853668,7762.47,CCCCCCNC(=O)/N=C(\N)NCCCc1sc(N)nc1C,Scientific Literature,Displacement of [3H]mepyramine from human histamine H1 receptor expressed in sf9 insect cell membranes co-expressing RGS4 incubated for 60 mins by microbeta scintillation counting method,B,Homo sapiens,,Eur J Med Chem,2021.0,Histamine H1 receptor,Ki,nM,5.11,340.5,2.16
CHEMBL4856005,6165.95,Cc1nc(N)sc1CCCN/C(N)=N/C(=O)NCc1ccccc1,Scientific Literature,Displacement of [3H]mepyramine from human histamine H1 receptor expressed in sf9 insect cell membranes co-expressing RGS4 incubated for 60 mins by microbeta scintillation counting method,B,Homo sapiens,,Eur J Med Chem,2021.0,Histamine H1 receptor,Ki,nM,5.21,346.46,1.78
CHEMBL4850448,53703.18,Cc1nc(N)sc1CCCN/C(N)=N/C(=O)NC(c1ccccc1)C(F)(F)F,Scientific Literature,Displacement of [3H]mepyramine from human histamine H1 receptor expressed in sf9 insect cell membranes co-expressing RGS4 incubated for 60 mins by microbeta scintillation counting method,B,Homo sapiens,,Eur J Med Chem,2021.0,Histamine H1 receptor,Ki,nM,4.27,414.46,2.88
CHEMBL4866734,5248.07,Cc1nc(N)sc1CCCN/C(N)=N/C(=O)NCC(c1ccccc1)c1ccccc1,Scientific Literature,Displacement of [3H]mepyramine from human histamine H1 receptor expressed in sf9 insect cell membranes co-expressing RGS4 incubated for 60 mins by microbeta scintillation counting method,B,Homo sapiens,,Eur J Med Chem,2021.0,Histamine H1 receptor,Ki,nM,5.28,436.59,3.41
CHEMBL4857560,3801.89,Cc1nc(N)sc1CCCN/C(N)=N/C(=O)NCC(C)CC1CCCCC1,Scientific Literature,Displacement of [3H]mepyramine from human histamine H1 receptor expressed in sf9 insect cell membranes co-expressing RGS4 incubated for 60 mins by microbeta scintillation counting method,B,Homo sapiens,,Eur J Med Chem,2021.0,Histamine H1 receptor,Ki,nM,5.42,394.59,3.19
CHEMBL551888,3.6,CN(Cc1ccccc1)C1CCN(c2nc3ccccc3n2Cc2ccc(F)cc2)CC1,Scientific Literature,Displacement of [3H]pyrilamine from human histamine H1 receptor expressed in CHO Flp-In cells by liquid scintillation assay,B,Homo sapiens,,Bioorg Med Chem Lett,2009.0,Histamine H1 receptor,Ki,nM,8.44,428.56,5.32
CHEMBL559061,2.9,CN(C)CCN(C)C1CCN(c2nc3ccccc3n2Cc2ccc(F)cc2)CC1,Scientific Literature,Displacement of [3H]pyrilamine from human histamine H1 receptor expressed in CHO Flp-In cells by liquid scintillation assay,B,Homo sapiens,,Bioorg Med Chem Lett,2009.0,Histamine H1 receptor,Ki,nM,8.54,409.55,3.69
CHEMBL559060,4.5,Fc1ccc(Cn2c(N3CCC(NCC4CCOCC4)CC3)nc3ccccc32)cc1,Scientific Literature,Displacement of [3H]pyrilamine from human histamine H1 receptor expressed in CHO Flp-In cells by liquid scintillation assay,B,Homo sapiens,,Bioorg Med Chem Lett,2009.0,Histamine H1 receptor,Ki,nM,8.35,422.55,4.21
CHEMBL563451,1.5,Cc1ccc(Cn2c(N3CCC(N(C)C)CC3)nc3ccccc32)cc1,Scientific Literature,Displacement of [3H]pyrilamine from human histamine H1 receptor expressed in CHO Flp-In cells by liquid scintillation assay,B,Homo sapiens,,Bioorg Med Chem Lett,2009.0,Histamine H1 receptor,Ki,nM,8.82,348.49,3.92
CHEMBL457957,559.0,CN(CCC=C1c2ccccc2CCc2ccccc21)C(=O)Cc1ccc(OCCCN2CCCCC2)cc1,Scientific Literature,Displacement of [3H]pyrilamine from human histamine H1 receptor expressed in CHO cells,B,Homo sapiens,,Bioorg Med Chem Lett,2009.0,Histamine H1 receptor,Ki,nM,6.25,522.73,6.56
CHEMBL1172754,1000.0,FC(F)(F)c1ccc(N2CCC(Cc3c[nH]cn3)CC2)cc1,Scientific Literature,Displacement of [3H]rilamine from human histamine H1 receptor expressed in CHO cells after 1 hr by liquid scintillation counting,B,Homo sapiens,,Bioorg Med Chem,2010.0,Histamine H1 receptor,Ki,nM,,309.33,3.89
CHEMBL1091778,79000.0,C[C@@H](c1cccnc1)c1c(CCN(C)C)sc2ccccc12,Scientific Literature,Displacement of [3H]pyrilamine from human histamine H1 receptor expressed in CHO Flp-In cells after 90 mins by scintillation counting,B,Homo sapiens,,Bioorg Med Chem Lett,2010.0,Histamine H1 receptor,Ki,nM,4.1,310.47,4.55
CHEMBL2171046,15.85,Cc1ccc(S(=O)(=O)NC(=O)N2CCC(N3CCC(Oc4ccc(Cl)cc4Cl)CC3)CC2)cc1,Scientific Literature,Displacement of [3H]pyrilamine from human H1 receptor expressed in CHOK1 cells,B,Homo sapiens,,Bioorg Med Chem Lett,2012.0,Histamine H1 receptor,Ki,nM,7.8,526.49,4.71
CHEMBL321709,1500.0,O=C(c1ccc(OCCCN2CC[C@H](NS(=O)(=O)c3ccc(Br)cc3)C2)cc1)C1CC1,Scientific Literature,Binding affinity to the human Histamine H1 receptor,B,,,Bioorg Med Chem Lett,2002.0,Histamine H1 receptor,Ki,nM,5.82,507.45,3.86
CHEMBL564226,0.4365,C[C@H](C1=C(CCN(C)C)Cc2ccccc21)c1ccccn1,Scientific Literature,Compound was evaluated for binding affinity towards cloned human histamine H1 receptors stably expressed in CHO-K1 cells using [3H]mepyramine,B,,,J Med Chem,2003.0,Histamine H1 receptor,Ki,nM,9.36,292.43,4.15
CHEMBL1277678,39.81,O=C(O)C1(F)CCN(C2CC[C@]3(Cc4ccccc4Cc4ccccc43)C2)CC1,Scientific Literature,Antagonist activity against human histamine H1 receptor expressed in CHO cells by FLIPR assay,F,Homo sapiens,,J Med Chem,2010.0,Histamine H1 receptor,Ki,nM,7.4,393.5,4.51
CHEMBL1277770,50.12,O=C(O)C1CCN(C2CC[C@]3(Cc4ccccc4Cc4ccccc43)C2)CC1,Scientific Literature,Antagonist activity against human histamine H1 receptor expressed in CHO cells by FLIPR assay,F,Homo sapiens,,J Med Chem,2010.0,Histamine H1 receptor,Ki,nM,7.3,375.51,4.42
CHEMBL1277854,39.81,O=C(O)C1=CCN(C2CCC3(Cc4ccccc4Cc4ccccc43)C2)CC1,Scientific Literature,Antagonist activity against human histamine H1 receptor expressed in CHO cells by FLIPR assay,F,Homo sapiens,,J Med Chem,2010.0,Histamine H1 receptor,Ki,nM,7.4,373.5,4.34
CHEMBL1277855,39.81,O=C(O)C1=CCCN(C2CCC3(Cc4cc(F)ccc4Cc4ccccc43)C2)C1,Scientific Literature,Antagonist activity against human histamine H1 receptor expressed in CHO cells by FLIPR assay,F,Homo sapiens,,J Med Chem,2010.0,Histamine H1 receptor,Ki,nM,7.4,391.49,4.48
CHEMBL1277216,79.43,O=C(O)C1CCN(C2CCC3(Cc4ccccc4Oc4ccccc43)C2)CC1,Scientific Literature,Antagonist activity against human histamine H1 receptor expressed in CHO cells by FLIPR assay,F,Homo sapiens,,J Med Chem,2010.0,Histamine H1 receptor,Ki,nM,7.1,377.48,4.62
CHEMBL1276948,6.31,O=C(O)C1CN(C2CC[C@]3(Cc4ccccc4Cc4ccccc43)C2)C1,Scientific Literature,Antagonist activity against human histamine H1 receptor expressed in CHO cells by FLIPR assay,F,Homo sapiens,,J Med Chem,2010.0,Histamine H1 receptor,Ki,nM,8.2,347.46,3.64
CHEMBL1276947,31.62,O=C(O)[C@]12C[C@H]1CN(C1CC[C@]3(Cc4ccccc4Cc4ccccc43)C1)C2,Scientific Literature,Antagonist activity against human histamine H1 receptor expressed in CHO cells by FLIPR assay,F,Homo sapiens,,J Med Chem,2010.0,Histamine H1 receptor,Ki,nM,7.5,373.5,4.03
CHEMBL2203551,10000.0,c1ccc(OCc2cc(OC[C@@H]3CCCN3)no2)cc1,Scientific Literature,Displacement of [3H]pyrilamine from human recombinant histamine H1 receptor after 1.5 hrs by microbeta scintillation counting analysis,B,Homo sapiens,,ACS Med Chem Lett,2012.0,Histamine H1 receptor,Ki,nM,,274.32,2.38
CHEMBL3818128,738.0,Cl.Fc1ccc(CCCCN2CCc3ccccc3C2)cc1,Scientific Literature,Displacement of [3H]Pyrilamine from human H1 receptor expressed in cell membranes after 1 hr by liquid scintillation counting,B,Homo sapiens,,Bioorg Med Chem,2016.0,Histamine H1 receptor,Ki,nM,6.13,319.85,4.21
CHEMBL302886,1778.28,CCCCCC(=O)c1ccc(OCCCN2CCN(C(=O)C3CC3)CC2)cc1,Scientific Literature,Binding affinity for the human Histamine H1 Receptor,B,,,Bioorg Med Chem Lett,2002.0,Histamine H1 receptor,Ki,nM,5.75,386.54,3.77
CHEMBL1935431,5.7,CN(C)C(=O)CN1CCCC(c2nc3ccccc3n2Cc2ccc(F)cc2)C1,Scientific Literature,Antagonist activity at histamine H1 receptor,F,,,Bioorg Med Chem Lett,2012.0,Histamine H1 receptor,Ki,nM,8.24,394.49,3.49
CHEMBL1935441,1.0,Cc1ccc(Cn2c([C@H]3CNCCO3)nc3ccccc32)cc1,Scientific Literature,Antagonist activity at histamine H1 receptor,F,,,Bioorg Med Chem Lett,2012.0,Histamine H1 receptor,Ki,nM,9.0,307.4,3.05
CHEMBL60598,3311.31,CCCCCC(=O)c1ccc(OCCCN2CCN(C(=O)[C@H](NC(=O)OC(C)(C)C)C(C)C)CC2)cc1,Scientific Literature,Binding affinity towards Histamine H1 receptor of human membranes.,B,,,Bioorg Med Chem Lett,2002.0,Histamine H1 receptor,Ki,nM,5.48,517.71,4.91
CHEMBL1935440,24.6,c1ccc(OCCn2c(C3CCCN(Cc4ncco4)C3)nc3ccccc32)cc1,Scientific Literature,Antagonist activity at histamine H1 receptor,F,,,Bioorg Med Chem Lett,2012.0,Histamine H1 receptor,Ki,nM,7.61,402.5,4.48
CHEMBL1935443,1.9,Cc1ccc(Cn2c(C3CNCCO3)nc3ccccc32)cc1C,Scientific Literature,Antagonist activity at histamine H1 receptor,F,,,Bioorg Med Chem Lett,2012.0,Histamine H1 receptor,Ki,nM,8.72,321.42,3.36
CHEMBL1935446,1.3,Fc1ccc(Cn2c([C@H]3CNCCS3)nc3ccccc32)cc1,Scientific Literature,Antagonist activity at histamine H1 receptor,F,,,Bioorg Med Chem Lett,2012.0,Histamine H1 receptor,Ki,nM,8.89,327.43,3.6
CHEMBL186125,30.0,NC(=O)N(O)CCC#Cc1ccc(OCCCCN2CCN([C@H](c3ccccc3)c3ccc(Cl)cc3)CC2)cc1,Scientific Literature,Binding affinity towards human histamine H1 receptor expressed in CHO-K1 cells,B,Homo sapiens,,Bioorg Med Chem Lett,2004.0,Histamine H1 receptor,Ki,nM,7.52,561.13,5.42
CHEMBL187637,295.0,NC(=O)N(O)CCC#Cc1ccc(OCCN2CCN(C(c3ccc(F)cc3)c3ccc(F)cc3)CC2)cc1,Scientific Literature,Binding affinity towards human histamine H1 receptor expressed in CHO-K1 cells,B,Homo sapiens,,Bioorg Med Chem Lett,2004.0,Histamine H1 receptor,Ki,nM,6.53,534.61,4.26
CHEMBL366925,5.01,COC(=O)N(O)CCC#Cc1ccc(OCCCCN2CCN(C(c3ccc(F)cc3)c3ccc(F)cc3)CC2)cc1,Scientific Literature,Binding affinity for human Histamine H1 receptor in CHO K1 cells,B,Homo sapiens,,Bioorg Med Chem Lett,2005.0,Histamine H1 receptor,Ki,nM,8.3,577.67,5.73
CHEMBL291882,79.43,CCCCCC(=O)c1ccc(OCCCN2CCN(C(=O)c3sccc3Cl)CC2)cc1,Scientific Literature,Binding affinity for the human Histamine H1 Receptor,B,,,Bioorg Med Chem Lett,2002.0,Histamine H1 receptor,Ki,nM,7.1,463.04,5.39
CHEMBL65518,4168.69,CCCCCC(=O)c1ccc(OCCCN2CCN(C(=O)N3CCOCC3)CC2)cc1,Scientific Literature,Binding affinity for the human Histamine H1 Receptor,B,,,Bioorg Med Chem Lett,2002.0,Histamine H1 receptor,Ki,nM,5.38,431.58,3.29
CHEMBL60559,9772.37,N[C@H](Cc1ccsc1)C(=O)N1CCN(CCCOc2ccc(C(=O)C3CC3)cc2)CC1,Scientific Literature,Binding affinity towards Histamine H1 receptor of human membranes.,B,,,Bioorg Med Chem Lett,2002.0,Histamine H1 receptor,Ki,nM,5.01,441.6,2.82
CHEMBL61396,104.71,CCCCCC(=O)c1ccc(OCCCN2CCN(C(=O)c3occc3C)CC2)cc1,Scientific Literature,Binding affinity for the human Histamine H1 Receptor,B,,,Bioorg Med Chem Lett,2002.0,Histamine H1 receptor,Ki,nM,6.98,426.56,4.58
CHEMBL61070,602.56,CCOC(=O)N1CCN(CCCOc2ccc(C(=O)C3CCCCC3)cc2)CC1,Scientific Literature,Binding affinity for the human Histamine H1 Receptor,B,,,Bioorg Med Chem Lett,2002.0,Histamine H1 receptor,Ki,nM,6.22,402.54,3.99
CHEMBL59870,4677.35,CCCCCC(=O)c1ccc(OCCCN2CCN(C(=O)[C@@H](CC(C)C)NC(=O)OC(C)(C)C)CC2)cc1,Scientific Literature,Binding affinity towards Histamine H1 receptor of human membranes.,B,,,Bioorg Med Chem Lett,2002.0,Histamine H1 receptor,Ki,nM,5.33,531.74,5.3
CHEMBL157842,125892541179416.62,NCCCCCCCCCCc1cccnc1,Scientific Literature,Inhibitory activity against human Histamine H1 receptor,B,,,J Med Chem,2003.0,Histamine H1 receptor,Ki,nM,,234.39,3.7
CHEMBL158352,398107170553496.94,NCCCCCCCCCCCc1c[nH]cn1,Scientific Literature,Inhibitory activity against human Histamine H1 receptor,B,,,J Med Chem,2003.0,Histamine H1 receptor,Ki,nM,,237.39,3.42
CHEMBL435301,4.3,CN(C)C[C@H]1CC2c3ccccc3Oc3ccc(Cl)cc3[C@H]2O1,Scientific Literature,Inhibition of [3H]pyrilamine binding to human Histamine H1 receptor ,B,Homo sapiens,,J Med Chem,2005.0,Histamine H1 receptor,Ki,nM,8.37,329.83,4.62
CHEMBL1910385,213.8,COc1ccc(CN(CCN(C)CC(C)Nc2ccc3[nH]c(C(=O)N4CCN(C)CC4)cc3c2)c2ccccn2)cc1,Scientific Literature,Displacement of [3H]mepyramine from human H1R expressed in Sf9 cells co-expressing RGS4 after 90 mins by liquid scintillation counting,B,Homo sapiens,,Bioorg Med Chem Lett,2011.0,Histamine H1 receptor,Ki,nM,6.67,569.75,4.4
CHEMBL1088899,35.0,Cc1cnc(CC2=C(CCN(C)C)Cc3ccccc32)cn1,Scientific Literature,Binding affinity at histamine H1 receptor,B,,,Bioorg Med Chem Lett,2010.0,Histamine H1 receptor,Ki,nM,7.46,293.41,3.29
CHEMBL1092649,1.4,CN(C)CCC1=C(Cc2cnccn2)c2ccc(F)cc2C1,Scientific Literature,Binding affinity at histamine H1 receptor,B,,,Bioorg Med Chem Lett,2010.0,Histamine H1 receptor,Ki,nM,8.85,297.38,3.12
CHEMBL1767152,31.62,CN1CCC[C@@H]1Cn1nc(CCc2ccccc2)c2ccccc2c1=O,Scientific Literature,Antagonist activity at human recombinant histamine H1 receptor expressed in intact CHO cells assessed as inhibition of histamine-induced cellular calcium mobilization by FLIPR assay,F,Homo sapiens,,J Med Chem,2011.0,Histamine H1 receptor,Ki,nM,7.5,347.46,3.28
CHEMBL1767165,7.943,COc1ccc(Cc2nn(C[C@H]3CCCN3CCCCc3ccc(OCCCN4CCCCCC4)cc3)c(=O)c3ccccc23)cc1,Scientific Literature,Antagonist activity at human recombinant histamine H1 receptor expressed in intact CHO cells assessed as inhibition of histamine-induced cellular calcium mobilization by FLIPR assay,F,Homo sapiens,,J Med Chem,2011.0,Histamine H1 receptor,Ki,nM,8.1,636.88,7.13
CHEMBL1767140,0.3162,CN1CCC[C@@H]1Cn1nc(Cc2ccc(F)cc2)c2ccccc2c1=O,Scientific Literature,Antagonist activity at human recombinant histamine H1 receptor expressed in intact CHO cells assessed as inhibition of histamine-induced cellular calcium mobilization by FLIPR assay,F,Homo sapiens,,J Med Chem,2011.0,Histamine H1 receptor,Ki,nM,9.5,351.43,3.22
CHEMBL1767149,0.2512,CN1CCC[C@@H]1Cn1nc(Cc2ccc(F)c(F)c2)c2ccccc2c1=O,Scientific Literature,Antagonist activity at human recombinant histamine H1 receptor expressed in intact CHO cells assessed as inhibition of histamine-induced cellular calcium mobilization by FLIPR assay,F,Homo sapiens,,J Med Chem,2011.0,Histamine H1 receptor,Ki,nM,9.6,369.42,3.36
CHEMBL1767137,0.1,COc1ccc(Cc2nn(C[C@H]3CCCN3C)c(=O)c3ccccc23)cc1,Scientific Literature,Antagonist activity at human recombinant histamine H1 receptor expressed in intact CHO cells assessed as inhibition of histamine-induced cellular calcium mobilization by FLIPR assay,F,Homo sapiens,,J Med Chem,2011.0,Histamine H1 receptor,Ki,nM,10.0,363.46,3.09
CHEMBL1088882,12.0,Cc1cncc(CC2=C(CCN(C)C)Cc3ccccc32)n1,Scientific Literature,Binding affinity at histamine H1 receptor,B,,,Bioorg Med Chem Lett,2010.0,Histamine H1 receptor,Ki,nM,7.92,293.41,3.29
CHEMBL1088898,63.0,Cc1nccnc1CC1=C(CCN(C)C)Cc2ccccc21,Scientific Literature,Binding affinity at histamine H1 receptor,B,,,Bioorg Med Chem Lett,2010.0,Histamine H1 receptor,Ki,nM,7.2,293.41,3.29
CHEMBL442456,501.19,CCc1nc2c3c(ccc2o1)CCN(CCCSc1nnc(-c2cccc4nc(C)ccc24)n1C)CC3,Scientific Literature,Antagonist activity at histamine H1 receptor by FLIPR assay,F,,,Bioorg Med Chem Lett,2008.0,Histamine H1 receptor,Ki,nM,6.3,512.68,5.63
CHEMBL257369,1258.93,Cc1ccc2c(-c3nnc(SCCCCN4CCc5cc6nc(C(F)(F)F)oc6c(Br)c5CC4)n3C)cccc2n1,Scientific Literature,Antagonist activity at histamine H1 receptor by FLIPR assay,F,,,Bioorg Med Chem Lett,2008.0,Histamine H1 receptor,Ki,nM,5.9,645.55,7.23
CHEMBL4865907,719.5,CN1CCN(Cc2ccc(OCCCN3CCC(c4noc5cc(F)ccc45)CC3)cc2)CC1,Scientific Literature,Binding affinity to histamine H1 receptor (unknown origin),A,Homo sapiens,,Bioorg Med Chem Lett,2021.0,Histamine H1 receptor,Ki,nM,6.14,466.6,4.36
CHEMBL340816,973.5,O=C(CCCN1C2CCC1CC(c1ccccc1)C2)c1ccc(F)cc1,Scientific Literature,Binding affinity to human cloned histamine H1 receptor,B,Homo sapiens,,Bioorg Med Chem,2008.0,Histamine H1 receptor,Ki,nM,6.01,351.47,5.2
CHEMBL1277035,199.53,O=C(O)C=C1CN(C2CCC3(Cc4ccccc4Cc4ccccc43)C2)C1,Scientific Literature,Antagonist activity against human histamine H1 receptor expressed in CHO cells by FLIPR assay,F,Homo sapiens,,J Med Chem,2010.0,Histamine H1 receptor,Ki,nM,6.7,359.47,3.95
CHEMBL3899099,293.0,Cl.Clc1cccc2c1CN(CCCCc1nc3ccccc3s1)CC2,Scientific Literature,Displacement of [3H]-pyrilamine from human histamine H1 receptor by liquid scintillation counting method,A,Homo sapiens,,Bioorg Med Chem,2016.0,Histamine H1 receptor,Ki,nM,6.53,393.38,5.33
CHEMBL515472,509.0,COc1c(OCCF)cccc1[C@H](O)C1CCN(CCc2ccc(F)cc2)CC1,Scientific Literature,Inhibition of human cloned histamine H1 receptor by competitive binding experiment,B,Homo sapiens,,Bioorg Med Chem,2009.0,Histamine H1 receptor,Ki,nM,6.29,405.49,4.17
CHEMBL490632,665.0,COc1c(OCCF)cccc1C(=O)C1CCN(CCc2ccc(C)cc2)CC1,Scientific Literature,Inhibition of human cloned histamine H1 receptor by competitive binding experiment,B,Homo sapiens,,Bioorg Med Chem,2009.0,Histamine H1 receptor,Ki,nM,6.18,399.51,4.49
CHEMBL401752,1995.26,CCc1nc2cc3c(c(C)c2o1)CCN(CCCSc1nnc(-c2cccc4nc(C)ccc24)n1C)CC3,Scientific Literature,Antagonist activity at histamine H1 receptor by FLIPR assay,F,,,Bioorg Med Chem Lett,2008.0,Histamine H1 receptor,Ki,nM,,526.71,5.93
CHEMBL272694,1995.26,Cc1ccc2c(-c3nnc(SCCCN4CCc5cc6nc(C)oc6c(C)c5CC4)n3C)cccc2n1,Scientific Literature,Antagonist activity at histamine H1 receptor by FLIPR assay,F,,,Bioorg Med Chem Lett,2008.0,Histamine H1 receptor,Ki,nM,,512.68,5.68
CHEMBL270567,2511.89,Cc1ccc2c(-c3nnc(SCCCN4CCc5cc6nc(-c7cc(C)nn7C)oc6cc5CC4)n3C)cccc2n1,Scientific Literature,Antagonist activity at histamine H1 receptor by FLIPR assay,F,,,Bioorg Med Chem Lett,2008.0,Histamine H1 receptor,Ki,nM,,578.75,5.77
CHEMBL429914,1000.0,C[C@@H]1CCCN1CCc1ccc(OCc2ccccc2)cc1,Scientific Literature,Antagonist activity at histamine H1 receptor by [35S]GTP-gamma-S binding assay,F,,,Bioorg Med Chem Lett,2008.0,Histamine H1 receptor,Ki,nM,,295.43,4.29
CHEMBL239724,1995.26,C[C@H]1CCCN1CCCOc1ccc(N2CCN(C(=O)c3ccc(F)cc3F)CC2=O)cc1.O=CO,Scientific Literature,Antagonist activity at human recombinant histamine H1 receptor expressed in CHO cells assessed as inhibition of histamine-induced cellular calcium mobilization,F,Homo sapiens,,J Med Chem,2007.0,Histamine H1 receptor,Ki,nM,,503.55,3.71
CHEMBL238504,3162.28,O=C(c1cnn2cccnc12)N1CCN(c2ccc(OCCCN3CCCCC3)cc2)C(=O)C1.O=CO,Scientific Literature,Antagonist activity at human recombinant histamine H1 receptor expressed in CHO cells assessed as inhibition of histamine-induced cellular calcium mobilization,F,Homo sapiens,,J Med Chem,2007.0,Histamine H1 receptor,Ki,nM,,508.58,2.47
CHEMBL393436,826.0,CCOc1cc(CN2CCC(Nc3nc4ccccc4o3)CC2)ccc1F,Scientific Literature,Binding affinity to human histamine H1 receptor,B,Homo sapiens,,Bioorg Med Chem Lett,2009.0,Histamine H1 receptor,Ki,nM,6.08,369.44,4.44
CHEMBL393718,520.0,CCOc1cc(CN2CCC(Nc3nc4cc(S(N)(=O)=O)ccc4o3)CC2)ccc1OC,Scientific Literature,Binding affinity to human histamine H1 receptor,B,Homo sapiens,,Bioorg Med Chem Lett,2009.0,Histamine H1 receptor,Ki,nM,6.28,460.56,2.96
CHEMBL69759,1600.0,NS(=O)(=O)c1ccc(N2CCN(CC[C@@H]3OCCc4ccccc43)CC2)cc1,Scientific Literature,Inhibition of histamine H1 receptor (unknown origin),B,Homo sapiens,,J Med Chem,2017.0,Histamine H1 receptor,Ki,nM,,401.53,2.16
CHEMBL459350,79.0,CN(CCC=C1c2ccccc2CCc2ccccc21)Cc1ccc(OCCCN2CCCCC2)cc1,Scientific Literature,Displacement of [3H]pyrilamine from human histamine H1 receptor expressed in CHO cells,B,Homo sapiens,,Bioorg Med Chem Lett,2009.0,Histamine H1 receptor,Ki,nM,7.1,494.72,6.99
CHEMBL426317,839.0,COc1cccc(N2CCN(CCCCn3ncc(=O)n(C)c3=O)CC2)c1,Scientific Literature,Binding affinity to histamine H1 receptor by radioligand binding assay,B,Homo sapiens,,Bioorg Med Chem Lett,2006.0,Histamine H1 receptor,Ki,nM,6.08,373.46,0.55
CHEMBL346993,398107170553496.94,NCCc1c[nH]c(CCC(c2ccccc2)c2ccc(Br)cc2)n1,Scientific Literature,Inhibitory activity against human Histamine H1 receptor,B,,,J Med Chem,2003.0,Histamine H1 receptor,Ki,nM,,384.32,4.44
CHEMBL2112461,3890.45,C[C@@]1(O)CCN(CCCOc2ccc(-c3ccc(C#N)cc3)cc2)C1,Scientific Literature,Binding affinity of human cortical histamine H1 receptor,B,,,Bioorg Med Chem Lett,2002.0,Histamine H1 receptor,Ki,nM,5.41,336.44,3.45
CHEMBL1241,1e+17,CN(C)CCN(Cc1ccccc1)c1ccccn1,Scientific Literature,Inhibitory activity against human Histamine H1 receptor,B,,,J Med Chem,2003.0,Histamine H1 receptor,Ki,nM,,255.37,2.65
CHEMBL64235,1096.48,CCCCCC(=O)c1ccc(OCCCN2CCN(C(=O)CSCC)CC2)cc1,Scientific Literature,Binding affinity for the human Histamine H1 Receptor,B,,,Bioorg Med Chem Lett,2002.0,Histamine H1 receptor,Ki,nM,5.96,420.62,4.12
CHEMBL3238445,10471.29,Cc1nnc(-c2cccnc2)n1-c1ccc(OCCCN2CCCCC2)cc1,Scientific Literature,Displacement of [3H]pyrilamine from human H1 receptor expressed in CHO cell membrane after 120 mins by liquid scintillation counting analysis,B,Homo sapiens,,Eur J Med Chem,2014.0,Histamine H1 receptor,Ki,nM,4.98,377.49,3.89
CHEMBL560741,0.6,CN(C)CCC1=C(Cc2ccc(F)cc2)c2ccccc2C1,Scientific Literature,Displacement of [3H]pyrilamine from human histamine H1 receptor expressed in CHO Flp-In cells by liquid scintillation counting,B,Homo sapiens,,J Med Chem,2009.0,Histamine H1 receptor,Ki,nM,9.22,295.4,4.33
CHEMBL4861311,1016.5,Fc1ccc2c(C3CCN(CCCOc4ccc(CCN5CCCCC5)cc4)CC3)noc2c1,Scientific Literature,Binding affinity to histamine H1 receptor (unknown origin),A,Homo sapiens,,Bioorg Med Chem Lett,2021.0,Histamine H1 receptor,Ki,nM,5.99,465.61,5.64
CHEMBL4846866,642.4,CN1CCN(Cc2ccc(OCCCCN3CCC(c4noc5cc(F)ccc45)CC3)cc2)CC1,Scientific Literature,Binding affinity to histamine H1 receptor (unknown origin),A,Homo sapiens,,Bioorg Med Chem Lett,2021.0,Histamine H1 receptor,Ki,nM,6.19,480.63,4.75
CHEMBL282424,10000.0,Fc1ccccc1N1CCN(Cc2c[nH]c3ncccc23)CC1,Scientific Literature,Binding affinity to cloned Histamine H1 receptor,B,,,Bioorg Med Chem Lett,2001.0,Histamine H1 receptor,Ki,nM,,310.38,3.02
CHEMBL4166178,2562.0,O=C(CO)NC[C@H]1CCN(Cc2csc(-c3ccccc3)n2)C1,Scientific Literature,Displacement of [3H]pyrilamine from human HRH1 expressed in HEK cell membranes after 90 mins by scintillation counting method,B,Homo sapiens,,J Med Chem,2018.0,Histamine H1 receptor,Ki,nM,5.59,331.44,1.74
CHEMBL3321789,4149.0,OC1(c2ccc(Cl)cc2)CC2CCC(C1)N2CCCOc1ccc(F)cc1,Scientific Literature,Displacement of [3H]Pyrilamine from human histamine H1 receptor by liquid scintillation counting,B,Homo sapiens,,Bioorg Med Chem Lett,2014.0,Histamine H1 receptor,Ki,nM,5.38,389.9,4.76
CHEMBL594138,386.0,CNCCCC(c1ccccc1)c1ccccc1,Scientific Literature,Displacement of [3H]chlorphniramine from human histamine H1 receptor expressed in cells,B,Homo sapiens,,Bioorg Med Chem,2009.0,Histamine H1 receptor,Ki,nM,6.41,239.36,3.82
CHEMBL138989,1400.0,C[C@@H]1C[C@@H](C)N1C(=O)[C@@H]1C=C2c3cccc4[nH]cc(c34)CC2N(C)C1,Scientific Literature,Binding affinity towards Histamine H1 receptor,B,,,J Med Chem,2002.0,Histamine H1 receptor,Ki,nM,5.85,335.45,3.05
CHEMBL1779058,2372.0,O=C(CCCN1C2C3C4CC5C6C4C2C6C1(O)C53)c1ccc(F)cc1,Scientific Literature,Antagonist activity at histamine H1 receptor,F,,,Bioorg Med Chem Lett,2011.0,Histamine H1 receptor,Ki,nM,5.62,339.41,2.55
CHEMBL287671,10000.0,c1ccc(-c2ccc(N3CCN(Cc4c[nH]c5ncccc45)CC3)cc2)cc1,Scientific Literature,Binding affinity to cloned Histamine H1 receptor,B,,,Bioorg Med Chem Lett,2001.0,Histamine H1 receptor,Ki,nM,,368.48,4.55
CHEMBL715,1.473,Cc1cc2c(s1)Nc1ccccc1N=C2N1CCN(C)CC1,DrugMatrix,"DRUGMATRIX: Histamine H1, Central radioligand binding (ligand: [3H] Pyrilamine)",B,,,,,Histamine H1 receptor,Ki,nM,8.83,312.44,3.44
CHEMBL3819567,504.0,O=C1NCN(c2ccccc2)C12CCN(CCCCc1nc3ccccc3s1)CC2,Scientific Literature,Displacement of [3H]Pyrilamine from human recombinant histamine H1 receptor incubated for 1.5 hrs by microbeta scintillation counting method,A,Homo sapiens,,Bioorg Med Chem,2016.0,Histamine H1 receptor,Ki,nM,6.3,420.58,4.05
CHEMBL3959919,323.59,COc1cc2c(cc1OC)CN(CCCCc1nc3cc(Cl)ccc3s1)CC2.Cl,Scientific Literature,Displacement of [3H]-pyrilamine from human histamine H1 receptor by liquid scintillation counting method,A,Homo sapiens,,Bioorg Med Chem,2016.0,Histamine H1 receptor,Ki,nM,6.49,453.44,5.35
CHEMBL3899822,1000.0,Cl.Clc1ccc(C(=CCCN2CCc3ccccc3C2)c2ccc(Cl)cc2)cc1,Scientific Literature,Displacement of [3H]-pyrilamine from human histamine H1 receptor by liquid scintillation counting method,A,Homo sapiens,,Bioorg Med Chem,2016.0,Histamine H1 receptor,Ki,nM,6.0,444.83,6.87
CHEMBL3819366,380.19,Cl.Fc1ccc(OCCCN2CCc3ccccc3C2)cc1,Scientific Literature,Displacement of [3H]Pyrilamine from human H1 receptor expressed in cell membranes after 1 hr by liquid scintillation counting,B,Homo sapiens,,Bioorg Med Chem,2016.0,Histamine H1 receptor,Ki,nM,6.42,321.82,3.65
CHEMBL3817898,199.53,COc1ccc(C(=O)CCCN2CCc3ccccc3C2)cc1,Scientific Literature,Displacement of [3H]Pyrilamine from human H1 receptor expressed in cell membranes after 1 hr by liquid scintillation counting,B,Homo sapiens,,Bioorg Med Chem,2016.0,Histamine H1 receptor,Ki,nM,6.7,309.41,3.72
CHEMBL295395,302.0,CC1=C(C(=O)NCCCN2CCC(C#N)(c3ccc(F)cc3F)CC2)[C@@H](c2ccc(F)c(F)c2)CC(=O)N1C,Scientific Literature,Selectivity screen against human Histamine H1 receptor,B,Homo sapiens,,Bioorg Med Chem Lett,2000.0,Histamine H1 receptor,Ki,nM,6.52,542.58,4.53
CHEMBL314968,47.1,c1ccc(C2CCN(CC3C[C@@H]4c5ccccc5Sc5ccccc5[C@H]4O3)CC2)cc1,Scientific Literature,Ability to displace [3H]pyrilamine from human cloned histamine H1 receptor expressed in CHO cells,B,,,Bioorg Med Chem Lett,2004.0,Histamine H1 receptor,Ki,nM,7.33,427.61,6.64
CHEMBL4776141,10000.0,O=C(c1ccc(OCCCN2CCC(c3ccncc3)CC2)cc1)C1CC1,Scientific Literature,Displacement of [3H]mepyramine from human H1R expressed in Sf9 cell membranes co-expressing RGS4 measured after 60 mins by scintillation counting analysis,B,Homo sapiens,,Eur J Med Chem,2021.0,Histamine H1 receptor,Ki,nM,,364.49,4.32
CHEMBL4783744,10000.0,O=C(c1ccc(OCCCN2CCN(c3ccncc3)CC2)cc1)C1CC1,Scientific Literature,Displacement of [3H]mepyramine from human H1R expressed in Sf9 cell membranes co-expressing RGS4 measured after 60 mins by scintillation counting analysis,B,Homo sapiens,,Eur J Med Chem,2021.0,Histamine H1 receptor,Ki,nM,,365.48,3.27
CHEMBL256473,1995.26,Cc1ccc2c(-c3nnc(SCCCN4CCc5cc6nc(C(C)(F)F)oc6cc5CC4)n3C)cccc2n1,Scientific Literature,Antagonist activity at histamine H1 receptor by FLIPR assay,F,,,Bioorg Med Chem Lett,2008.0,Histamine H1 receptor,Ki,nM,,548.66,6.17
CHEMBL257534,1995.26,Cc1ncoc1-c1nnc(SCCCN2CCc3cc4c(cc3CC2)N(C)C(=O)CO4)n1C,Scientific Literature,Antagonist activity at histamine H1 receptor by FLIPR assay,F,,,Bioorg Med Chem Lett,2008.0,Histamine H1 receptor,Ki,nM,5.7,468.58,2.72
CHEMBL241330,5000.0,CCOc1cc(CN2CCC(NC(=O)c3cccc(S(C)(=O)=O)c3)CC2)ccc1Cl,Scientific Literature,Binding affinity to human histamine H1 receptor,B,Homo sapiens,,J Med Chem,2007.0,Histamine H1 receptor,Ki,nM,,450.99,3.54
CHEMBL561489,75.2,CN(c1ncccn1)C1CCN(c2nc3ccccc3n2Cc2ccc(F)cc2)CC1,Scientific Literature,Displacement of [3H]pyrilamine from human histamine H1 receptor expressed in CHO Flp-In cells by liquid scintillation assay,B,Homo sapiens,,Bioorg Med Chem Lett,2009.0,Histamine H1 receptor,Ki,nM,7.12,416.5,4.12
CHEMBL558339,59.3,Fc1ccc(Cn2c(N3CCC(n4cccc4)CC3)nc3ccccc32)cc1,Scientific Literature,Displacement of [3H]pyrilamine from human histamine H1 receptor expressed in CHO Flp-In cells by liquid scintillation assay,B,Homo sapiens,,Bioorg Med Chem Lett,2009.0,Histamine H1 receptor,Ki,nM,7.23,374.46,4.87
CHEMBL1092599,3.1,Cc1csc([C@H](C)C2=C(CCN(C)C)Cc3ccccc32)n1,Scientific Literature,Binding affinity at histamine H1 receptor,B,,,Bioorg Med Chem Lett,2010.0,Histamine H1 receptor,Ki,nM,8.51,312.48,4.52
CHEMBL1092600,11.9,Cc1ccc2c(c1)CC(CCN(C)C)=C2Cc1cnccn1,Scientific Literature,Binding affinity at histamine H1 receptor,B,,,Bioorg Med Chem Lett,2010.0,Histamine H1 receptor,Ki,nM,7.92,293.41,3.29
CHEMBL1946745,187.0,OC1(c2ccc(Cl)cc2)C[C@H]2CC[C@@H](C1)N2CCCCc1nc2ccccc2s1,Scientific Literature,Displacement of [3H]-Pyrilamine from human histamine H1 receptor by liquid scintillation counter,B,Homo sapiens,,Bioorg Med Chem,2012.0,Histamine H1 receptor,Ki,nM,6.73,427.01,5.79
CHEMBL406678,1995.26,Cc1ccc2c(-c3nnc(SCCCN4CCc5nc6ccccn6c5CC4)n3C)cccc2n1,Scientific Literature,Antagonist activity at histamine H1 receptor by FLIPR assay,F,,,Bioorg Med Chem Lett,2008.0,Histamine H1 receptor,Ki,nM,5.7,483.65,4.57
CHEMBL256658,3162.28,Cc1ccc2nc3c(n2c1)CCN(CCCSc1nnc(-c2cccc4nc(C)ccc24)n1C)CC3,Scientific Literature,Antagonist activity at histamine H1 receptor by FLIPR assay,F,,,Bioorg Med Chem Lett,2008.0,Histamine H1 receptor,Ki,nM,,497.67,4.88
CHEMBL257717,3162.28,Cc1ccn2c3c(nc2c1)CCN(CCCSc1nnc(-c2cccc4nc(C)ccc24)n1C)CC3,Scientific Literature,Antagonist activity at histamine H1 receptor by FLIPR assay,F,,,Bioorg Med Chem Lett,2008.0,Histamine H1 receptor,Ki,nM,,497.67,4.88
CHEMBL404404,1995.26,Cc1ccc(-c2nnc(SCCCN3CCc4ccc5oc(C(F)(F)F)nc5c4CC3)n2C)cn1,Scientific Literature,Antagonist activity at histamine H1 receptor by FLIPR assay,F,,,Bioorg Med Chem Lett,2008.0,Histamine H1 receptor,Ki,nM,5.7,502.57,4.93
CHEMBL10961,10000.0,CNCC(c1ccccc1)c1ccccc1,Scientific Literature,Displacement of [3H]chlorphniramine from human histamine H1 receptor expressed in cells,B,Homo sapiens,,Bioorg Med Chem,2009.0,Histamine H1 receptor,Ki,nM,,211.31,3.04
CHEMBL1669407,24.0,CN(CCF)CCC1=C(Cc2cnccn2)c2ccccc2C1,Scientific Literature,Binding affinity to histamine H1 receptor,B,,,Bioorg Med Chem Lett,2011.0,Histamine H1 receptor,Ki,nM,7.62,311.4,3.32
CHEMBL1669413,2.8,c1ccc2c(c1)CC(CCN1CCCC1)=C2Cc1cnccn1,Scientific Literature,Binding affinity to histamine H1 receptor,B,,,Bioorg Med Chem Lett,2011.0,Histamine H1 receptor,Ki,nM,8.55,305.43,3.51
CHEMBL1669419,6.7,C[C@H](C1=C(CCN(C)Cc2cccs2)Cc2ccccc21)c1cnccn1,Scientific Literature,Binding affinity to histamine H1 receptor,B,,,Bioorg Med Chem Lett,2011.0,Histamine H1 receptor,Ki,nM,8.17,375.54,5.17
CHEMBL4743583,2897.0,N#Cc1ccc(-c2ccc(OCCCN3CCN(c4ccncc4)CC3)cc2)cc1,Scientific Literature,Displacement of [3H]mepyramine from human H1R expressed in Sf9 cell membranes co-expressing RGS4 measured after 60 mins by scintillation counting analysis,B,Homo sapiens,,Eur J Med Chem,2021.0,Histamine H1 receptor,Ki,nM,5.54,398.51,4.21
CHEMBL1632411,10000.0,CN1CCC(/C(=N/O)c2cc3ccccc3[nH]2)CC1,Scientific Literature,Binding affinity to human recombinant histamine H1 receptor expressed in human SK-N-MC cells by radioligand displacement assay,B,Homo sapiens,,Bioorg Med Chem Lett,2010.0,Histamine H1 receptor,Ki,nM,,257.34,2.69
CHEMBL272695,1584.89,Cc1ccc2c(-c3nnc(SCCCN4CCc5cc6nc(C7CC7)oc6cc5CC4)n3C)cccc2n1,Scientific Literature,Antagonist activity at histamine H1 receptor by FLIPR assay,F,,,Bioorg Med Chem Lett,2008.0,Histamine H1 receptor,Ki,nM,,524.69,5.94
CHEMBL272702,1000.0,CC(=O)N1CCOc2cc3c(cc21)CCN(CCCSc1nnc(-c2cccc4nc(C)ccc24)n1C)CC3,Scientific Literature,Antagonist activity at histamine H1 receptor by FLIPR assay,F,,,Bioorg Med Chem Lett,2008.0,Histamine H1 receptor,Ki,nM,6.0,542.71,4.67
CHEMBL392354,2511.89,O=C(c1ccc(F)cc1F)N1CCN(c2ccc(OC3CCN(C4CCCC4)CC3)cc2)C(=O)C1.O=CO,Scientific Literature,Antagonist activity at human recombinant histamine H1 receptor expressed in CHO cells assessed as inhibition of histamine-induced cellular calcium mobilization,F,Homo sapiens,,J Med Chem,2007.0,Histamine H1 receptor,Ki,nM,,529.58,4.24
CHEMBL540634,1995.26,Cl.O=C(c1ccc(Cl)cc1)N1CCN(c2ccc(OC3CCN(C4CCC4)CC3)cc2)C(=O)C1,Scientific Literature,Antagonist activity at human recombinant histamine H1 receptor expressed in CHO cells assessed as inhibition of histamine-induced cellular calcium mobilization,F,Homo sapiens,,J Med Chem,2007.0,Histamine H1 receptor,Ki,nM,,504.46,4.22
CHEMBL2171016,25.12,Cc1c(Cl)ccc(OC2CCN(C3CCN(S(=O)(=O)NC(=O)c4ccccc4)CC3)CC2)c1Cl,Scientific Literature,Displacement of [3H]pyrilamine from human H1 receptor expressed in CHOK1 cells,B,Homo sapiens,,Bioorg Med Chem Lett,2012.0,Histamine H1 receptor,Ki,nM,7.6,526.49,4.28
CHEMBL4867565,220.0,O=S(=O)(c1cccc(F)c1)n1ccc2c(N3CCNCC3)nc3ccccc3c21,Scientific Literature,Binding affinity to human histamine H1 receptor,B,Homo sapiens,,J Med Chem,2021.0,Histamine H1 receptor,Ki,nM,6.66,410.47,2.98
CHEMBL4169834,10000.0,CN1CCN(c2ccccc2CNC(=O)c2ccccc2Cl)CC1,Scientific Literature,Displacement of [3H]pyrilamine from human HRH1 expressed in HEK cell membranes after 90 mins by scintillation counting method,B,Homo sapiens,,J Med Chem,2018.0,Histamine H1 receptor,Ki,nM,,343.86,3.02
CHEMBL4161676,718.0,CCOc1ccc([C@H](O)CN2CCN(c3ccccc3F)CC2)cc1,Scientific Literature,Displacement of [3H]pyrilamine from human HRH1 expressed in HEK cell membranes after 90 mins by scintillation counting method,B,Homo sapiens,,J Med Chem,2018.0,Histamine H1 receptor,Ki,nM,6.14,344.43,3.08
CHEMBL2207660,39.81,Cc1c(Cl)ccc(OC2CCN(C[C@H](O)CNC(=O)c3c[nH]nc3C(F)(F)F)CC2)c1Cl,Scientific Literature,Displacement of [3H]-pyrilamine from human recombinant H1 histamine receptor expressed in CHOK1 cells after 1 hr,B,Homo sapiens,,Bioorg Med Chem Lett,2012.0,Histamine H1 receptor,Ki,nM,7.4,495.33,3.68
CHEMBL3417585,10000.0,C[C@@H]1CCCN1CCCOc1ccc(C2=NNC(=O)[C@@H]3C[C@H]23)cc1,Scientific Literature,Inhibition of human H1R,B,Homo sapiens,,Eur J Med Chem,2015.0,Histamine H1 receptor,Ki,nM,,327.43,2.41
CHEMBL3409256,160.0,NC(=O)c1ccccc1OCCCN1CCN(c2cccc3c2ccn3S(=O)(=O)c2ccccc2)CC1,Scientific Literature,Displacement of [3H]pyrilamine from human histamine H1 receptor expressed in HEK-293 cells,B,Homo sapiens,,Eur J Med Chem,2015.0,Histamine H1 receptor,Ki,nM,6.8,518.64,3.57
CHEMBL3358509,110.0,O=C(NCCCCN1CCN(c2ccccc2)CC1)c1ccc2ncccc2c1,Scientific Literature,Binding affinity to human histamine H1 receptor,B,Homo sapiens,,J Med Chem,2014.0,Histamine H1 receptor,Ki,nM,6.96,388.52,3.57
CHEMBL3104092,48.0,CN1CCc2c(c3cccc4c3n2Cc2ccccc2C4)C1,Scientific Literature,Displacement of [3H]Pyrilamine from histamine H1 receptor (unknown origin),B,Homo sapiens,,Bioorg Med Chem Lett,2014.0,Histamine H1 receptor,Ki,nM,7.32,288.39,3.58
CHEMBL261482,7880.0,Nc1ncnc2c1ncn2[C@@H]1O[C@H](C(=O)NC2CC2)[C@@H](O)[C@H]1O,Scientific Literature,Inhibition of histamine H1 receptor (unknown origin),B,Homo sapiens,,J Med Chem,2019.0,Histamine H1 receptor,Ki,nM,5.1,320.31,-1.69
CHEMBL1935426,10000.0,O=S1(=O)CCC(COc2ccc3c(c2)CCC2(CCN(C4CCC4)CC2)O3)CC1,Scientific Literature,Binding affinity to human histamine H1 receptor,B,Homo sapiens,,Bioorg Med Chem Lett,2012.0,Histamine H1 receptor,Ki,nM,,419.59,3.6
CHEMBL1935431,8.9,CN(C)C(=O)CN1CCCC(c2nc3ccccc3n2Cc2ccc(F)cc2)C1,Scientific Literature,Antagonist activity at histamine H1 receptor,F,,,Bioorg Med Chem Lett,2012.0,Histamine H1 receptor,Ki,nM,8.05,394.49,3.49
CHEMBL1935432,6.3,CCN(CC)C(=O)CN1CCCC(c2nc3ccccc3n2Cc2ccc(F)cc2)C1,Scientific Literature,Antagonist activity at histamine H1 receptor,F,,,Bioorg Med Chem Lett,2012.0,Histamine H1 receptor,Ki,nM,8.2,422.55,4.27
CHEMBL1910386,5.495,O=C(c1cc2ccccc2[nH]1)N1CCN(CCN2CCC(Nc3nc4ccccc4n3Cc3ccc(F)cc3)CC2)CC1,Scientific Literature,Displacement of [3H]mepyramine from human H1R expressed in Sf9 cells co-expressing RGS4 after 90 mins by liquid scintillation counting,B,Homo sapiens,,Bioorg Med Chem Lett,2011.0,Histamine H1 receptor,Ki,nM,8.26,579.72,5.04
CHEMBL1910378,169.82,COc1ccc(CN(CCN2CCN(C(=O)c3cc4ccccc4[nH]3)CC2)c2ccccn2)cc1,Scientific Literature,Displacement of [3H]mepyramine from human H1R expressed in Sf9 cells co-expressing RGS4 after 90 mins by liquid scintillation counting,B,Homo sapiens,,Bioorg Med Chem Lett,2011.0,Histamine H1 receptor,Ki,nM,6.77,469.59,4.04
CHEMBL62741,14454.4,CCCCCC(=O)c1ccc(OCCCN2CCN(C(=O)[C@H](N)CC(C)C)CC2)cc1,Scientific Literature,Binding affinity towards Histamine H1 receptor of human membranes.,B,,,Bioorg Med Chem Lett,2002.0,Histamine H1 receptor,Ki,nM,4.84,431.62,3.74
CHEMBL303737,14454.4,N[C@H](CC1CCCCC1)C(=O)N1CCN(CCCOc2ccc(C(=O)C3CC3)cc2)CC1,Scientific Literature,Binding affinity towards Histamine H1 receptor of human membranes.,B,,,Bioorg Med Chem Lett,2002.0,Histamine H1 receptor,Ki,nM,4.84,441.62,3.49
CHEMBL3806206,10000.0,CN/C(=N\C#N)NC[C@@H]1CC[C@H](c2c[nH]cn2)C1,Scientific Literature,Displacement of [3H]mepyramine from human histamine H1 receptor expressed in sf9 cell membrane co-expressing RGS4 incubated for 60 mins by liquid scintillation counting method,B,Homo sapiens,,J Med Chem,2016.0,Histamine H1 receptor,Ki,nM,,246.32,0.94
CHEMBL3806015,10000.0,N#C/N=C(/NCCOc1ccccc1)NC[C@@H]1CC[C@H](c2c[nH]cn2)C1,Scientific Literature,Displacement of [3H]mepyramine from human histamine H1 receptor expressed in sf9 cell membrane co-expressing RGS4 incubated for 60 mins by liquid scintillation counting method,B,Homo sapiens,,J Med Chem,2016.0,Histamine H1 receptor,Ki,nM,,352.44,2.39
CHEMBL1277312,50.12,O=C(O)C1CN(C2CCC3(Cc4ccccc4Oc4ccccc43)C2)C1,Scientific Literature,Antagonist activity against human histamine H1 receptor expressed in CHO cells by FLIPR assay,F,Homo sapiens,,J Med Chem,2010.0,Histamine H1 receptor,Ki,nM,7.3,349.43,3.84
CHEMBL291821,46773.51,CCC[C@@H](N)C(=O)N1CCN(CCCOc2ccc(C(=O)C3CC3)cc2)CC1,Scientific Literature,Binding affinity towards Histamine H1 receptor of human membranes.,B,,,Bioorg Med Chem Lett,2002.0,Histamine H1 receptor,Ki,nM,4.33,387.52,2.32
CHEMBL62903,16982.44,CCCCCC(=O)c1ccc(OCCCN2CCN(C(=O)[C@@H](Cc3ccncc3)NC(=O)OC(C)(C)C)CC2)cc1,Scientific Literature,Binding affinity towards Histamine H1 receptor of human membranes.,B,,,Bioorg Med Chem Lett,2002.0,Histamine H1 receptor,Ki,nM,4.77,566.74,4.89
CHEMBL1277400,79.43,O=C(O)C1=CCCN(C2CCC3(C2)C(=O)c2ccccc2Cc2ccccc23)C1,Scientific Literature,Antagonist activity against human histamine H1 receptor expressed in CHO cells by FLIPR assay,F,Homo sapiens,,J Med Chem,2010.0,Histamine H1 receptor,Ki,nM,7.1,387.48,3.98
CHEMBL1277311,125.89,O=C(O)[C@@H]1CCCN(C2CCC3(Cc4ccccc4Oc4ccccc43)C2)C1,Scientific Literature,Antagonist activity against human histamine H1 receptor expressed in CHO cells by FLIPR assay,F,Homo sapiens,,J Med Chem,2010.0,Histamine H1 receptor,Ki,nM,6.9,377.48,4.62
CHEMBL1277217,158.49,O=C(O)C1(F)CCN(C2CCC3(Cc4ccccc4Oc4ccccc43)C2)CC1,Scientific Literature,Antagonist activity against human histamine H1 receptor expressed in CHO cells by FLIPR assay,F,Homo sapiens,,J Med Chem,2010.0,Histamine H1 receptor,Ki,nM,6.8,395.47,4.71
CHEMBL4572167,10000.0,CC[C@H]1c2ccccc2N(c2ccccc2)C[C@@]1(C)N,Scientific Literature,Displacement of [3H]-Pyrilamine from human recombinant histamine H1 receptor expressed in stable HEK cells after 90 mins by microbeta scintillation counting method,B,Homo sapiens,,ACS Med Chem Lett,2019.0,Histamine H1 receptor,Ki,nM,,266.39,4.05
CHEMBL3740846,10000.0,Cc1nnc2c(N3CCN(C)CC3)nc3ccccc3n12,Scientific Literature,Displacement of [3H]-mepyramine from human histamine H1 receptor expressed in HEK293T cells after 1 to 1.5 hrs by liquid scintillation counting analysis,B,Homo sapiens,,Medchemcomm,2015.0,Histamine H1 receptor,Ki,nM,,282.35,1.34
CHEMBL2208429,7.943,O=C(NC[C@@H](O)CN1CCC(Oc2ccc(Cl)c(Cl)c2)CC1)c1n[nH]c2ccccc12,Scientific Literature,Displacement of [3H]-pyrilamine from human histamine H1 receptor expressed in recombinant CHOK1 cells after 1 hr,B,Homo sapiens,,Bioorg Med Chem Lett,2012.0,Histamine H1 receptor,Ki,nM,8.1,463.37,3.5
CHEMBL2208436,501.19,N#Cc1cccc(OC[C@@H](O)CNC2CCN(Cc3ccc(Cl)c(Cl)c3)CC2)c1,Scientific Literature,Displacement of [3H]-pyrilamine from human histamine H1 receptor expressed in recombinant CHOK1 cells after 1 hr,B,Homo sapiens,,Bioorg Med Chem Lett,2012.0,Histamine H1 receptor,Ki,nM,6.3,434.37,3.86
CHEMBL2208437,1258.93,CS(=O)(=O)c1ccccc1C(=O)NCC(O)CNC1CCN(Cc2ccc(Cl)c(Cl)c2)CC1,Scientific Literature,Displacement of [3H]-pyrilamine from human histamine H1 receptor expressed in recombinant CHOK1 cells after 1 hr,B,Homo sapiens,,Bioorg Med Chem Lett,2012.0,Histamine H1 receptor,Ki,nM,5.9,514.48,2.74
CHEMBL3754496,10000.0,C=CCN(CC=C)CCc1c[nH]c2ccc(F)cc12,Scientific Literature,Binding affinity to histamine H1 receptor (unknown origin) by competition binding assay,B,Homo sapiens,,Bioorg Med Chem Lett,2016.0,Histamine H1 receptor,Ki,nM,,258.34,3.52
CHEMBL3754166,100.0,C=CCN(CC=C)CCc1c[nH]c2ccc(Br)cc12,Scientific Literature,Binding affinity to histamine H1 receptor (unknown origin) by competition binding assay,B,Homo sapiens,,Bioorg Med Chem Lett,2016.0,Histamine H1 receptor,Ki,nM,7.0,319.25,4.15
CHEMBL4176800,4241.0,O[C@@H](COC[C@@H]1CCCO1)CN1CCN(c2ccccc2F)CC1,Scientific Literature,Displacement of [3H]pyrilamine from human HRH1 expressed in HEK cell membranes after 90 mins by scintillation counting method,B,Homo sapiens,,J Med Chem,2018.0,Histamine H1 receptor,Ki,nM,5.37,338.42,1.5
CHEMBL1242923,780.0,O=C(Cc1ccccc1)NC1CCN(CCCN2C(=O)COc3ccccc32)CC1,Scientific Literature,Binding affinity to human histamine H1 receptor by radioligand displacement assay,B,Homo sapiens,,J Med Chem,2010.0,Histamine H1 receptor,Ki,nM,6.11,407.51,2.63
CHEMBL4165273,10000.0,CCN(CCc1ccccn1)Cc1csc(C2CCCC2)n1,Scientific Literature,Displacement of [3H]pyrilamine from human HRH1 expressed in HEK cell membranes after 90 mins by scintillation counting method,B,Homo sapiens,,J Med Chem,2018.0,Histamine H1 receptor,Ki,nM,,315.49,4.26
CHEMBL4175327,10000.0,Cc1oc(-c2cccc(F)c2F)nc1CN(C)C[C@@H]1Cc2ccccc2O1,Scientific Literature,Displacement of [3H]pyrilamine from human HRH1 expressed in HEK cell membranes after 90 mins by scintillation counting method,B,Homo sapiens,,J Med Chem,2018.0,Histamine H1 receptor,Ki,nM,,370.4,4.36
CHEMBL2208431,6.31,O=C(NC[C@@H](O)CN1CCC(Oc2ccc(Cl)c(Cl)c2)CC1)c1n[nH]c(=O)c2ccccc12,Scientific Literature,Displacement of [3H]-pyrilamine from human histamine H1 receptor expressed in recombinant CHOK1 cells after 1 hr,B,Homo sapiens,,Bioorg Med Chem Lett,2012.0,Histamine H1 receptor,Ki,nM,8.2,491.38,2.86
CHEMBL1767150,1584.89,COc1ccc(Cc2nn(C[C@H]3CCCN3C)c(=O)c3ccccc23)cc1OC,Scientific Literature,Antagonist activity at human recombinant histamine H1 receptor expressed in intact CHO cells assessed as inhibition of histamine-induced cellular calcium mobilization by FLIPR assay,F,Homo sapiens,,J Med Chem,2011.0,Histamine H1 receptor,Ki,nM,5.8,393.49,3.1
CHEMBL1767151,79.43,CN1CCC[C@@H]1Cn1nc(CC2CCCCC2)c2ccccc2c1=O,Scientific Literature,Antagonist activity at human recombinant histamine H1 receptor expressed in intact CHO cells assessed as inhibition of histamine-induced cellular calcium mobilization by FLIPR assay,F,Homo sapiens,,J Med Chem,2011.0,Histamine H1 receptor,Ki,nM,7.1,339.48,3.61
CHEMBL556506,1.3,C[C@H](C1=C(CCN(C)C)Cc2ccccc21)c1cnccn1,Scientific Literature,Displacement of [3H]pyrilamine from human histamine H1 receptor expressed in CHO Flp-In cells by liquid scintillation counting,B,Homo sapiens,,J Med Chem,2009.0,Histamine H1 receptor,Ki,nM,8.89,293.41,3.54
CHEMBL238871,2511.89,O=C(c1cc(F)cc(F)c1)N1CCN(c2ccc(OCCCN3CCCCCC3)cc2)C(=O)C1.O=CO,Scientific Literature,Antagonist activity at human recombinant histamine H1 receptor expressed in CHO cells assessed as inhibition of histamine-induced cellular calcium mobilization,F,Homo sapiens,,J Med Chem,2007.0,Histamine H1 receptor,Ki,nM,,517.57,4.1
CHEMBL240141,2511.89,N#Cc1ccc(C(=O)N2CCN(c3ccc(OCCCN4CCCC4)cc3)C(=O)C2)cc1.O=CO,Scientific Literature,Antagonist activity at human recombinant histamine H1 receptor expressed in CHO cells assessed as inhibition of histamine-induced cellular calcium mobilization,F,Homo sapiens,,J Med Chem,2007.0,Histamine H1 receptor,Ki,nM,,478.55,2.91
CHEMBL2391541,10000.0,C=CCN(CC=C)CCc1c[nH]c2ccc(OC)cc12,Scientific Literature,Binding affinity to histamine H1 receptor (unknown origin) by competition binding assay,B,Homo sapiens,,Bioorg Med Chem Lett,2016.0,Histamine H1 receptor,Ki,nM,,270.38,3.39
CHEMBL237087,10000.0,C(#Cc1cccc(CN2CCOCC2)c1)CCN1CCCCC1,Scientific Literature,Displacement of [3H]N-alpha-methylhistamine from histamine H1 receptor expressed in SK-N-MC cells,B,,,Eur J Med Chem,2009.0,Histamine H1 receptor,Ki,nM,,312.46,2.75
CHEMBL197796,10000.0,COc1ccc(NC(=O)N2CCN(c3ccc(SC)cc3)CC2)cc1N1CCN(C)CC1,Scientific Literature,Affinity towards cloned Histamine H1 receptor,B,Homo sapiens,,Bioorg Med Chem Lett,2005.0,Histamine H1 receptor,Ki,nM,,455.63,3.52
CHEMBL4287623,718.0,OC1(c2ccc(Cl)c(C(F)(F)F)c2)CCN(CCCC=C(c2ccc(F)cc2)c2ccc(F)cc2)CC1,Scientific Literature,Displacement of [3H]Pyrilamine from human H1 receptor expressed in HEK cells by radioligand binding assay,B,Homo sapiens,,Bioorg Med Chem Lett,2018.0,Histamine H1 receptor,Ki,nM,6.14,535.98,7.83
CHEMBL439065,3981.07,Cc1nc2cc3c(cc2o1)CCN(CCCSc1nnc(-c2ccc(C(F)(F)F)cc2)n1C)CC3,Scientific Literature,Antagonist activity at histamine H1 receptor by FLIPR assay,F,,,Bioorg Med Chem Lett,2008.0,Histamine H1 receptor,Ki,nM,,501.58,5.53
CHEMBL402015,1584.89,Cc1ccc2c(-c3nnc(SCCN4CCc5cc6nc(C)oc6c(Br)c5CC4)n3C)cccc2n1,Scientific Literature,Antagonist activity at histamine H1 receptor by FLIPR assay,F,,,Bioorg Med Chem Lett,2008.0,Histamine H1 receptor,Ki,nM,,563.53,5.74
CHEMBL292195,7.0,CN(CCCCc1c[nH]cn1)CCC(c1ccc(Cl)cc1)c1ccccn1,Scientific Literature,Binding affinity to human histamine H1 receptor,B,Homo sapiens,,J Med Chem,2011.0,Histamine H1 receptor,Ki,nM,8.15,382.94,4.93
CHEMBL256474,1995.26,Cc1ncoc1-c1nnc(SCCCN2CCc3cc4nc(C(C)(F)F)oc4cc3CC2)n1C,Scientific Literature,Antagonist activity at histamine H1 receptor by FLIPR assay,F,,,Bioorg Med Chem Lett,2008.0,Histamine H1 receptor,Ki,nM,,488.56,4.61
CHEMBL250403,2000.0,CCCN1CCO[C@H](c2cccc(O)c2)C1,Scientific Literature,Binding affinity to human histamine H1 receptor,B,Homo sapiens,,Bioorg Med Chem Lett,2007.0,Histamine H1 receptor,Ki,nM,,221.3,2.18
CHEMBL4169689,62.0,CCOC(=O)CCN1CCN(c2ccc3c(c2)CN(C(=O)OCc2ccccc2)CC3)CC1,Scientific Literature,Displacement of [3H]-Pyrilamine from human histamine H1 receptor expressed in stable HEK cells after 90 mins by microbeta scintillation counting method,B,Homo sapiens,,Eur J Med Chem,2018.0,Histamine H1 receptor,Ki,nM,7.21,451.57,3.46
CHEMBL3952251,1087.0,Cl.O=C(CCCN1CCc2ccccc2CC1)c1ccc(Cl)cc1,Scientific Literature,Displacement of [3H]-pyrilamine from human histamine H1 receptor by liquid scintillation counting method,A,Homo sapiens,,Bioorg Med Chem,2016.0,Histamine H1 receptor,Ki,nM,5.96,364.32,4.4
CHEMBL3906929,1.995,CN1CCC(Oc2ccccc2Cc2ccccc2)CC1.O=C(O)/C=C/C(=O)O,Scientific Literature,Displacement of [3H]mepyramine from human wild type N-terminal hemagglutinin-tagged histamine H1 receptor expressed in HEK293T cells after 4 hrs by microbeta liquid scintillation counting analysis,B,Homo sapiens,,J Med Chem,2016.0,Histamine H1 receptor,Ki,nM,8.7,397.47,3.75
CHEMBL3922367,316.23,c1ccc(-c2ccccc2OC2CCNCC2)cc1,Scientific Literature,Displacement of [3H]mepyramine from human wild type N-terminal hemagglutinin-tagged histamine H1 receptor expressed in HEK293T cells after 4 hrs by microbeta liquid scintillation counting analysis,B,Homo sapiens,,J Med Chem,2016.0,Histamine H1 receptor,Ki,nM,6.5,253.35,3.48
CHEMBL3953343,100.0,CNCCOc1ccccc1Cc1ccccc1.O=C(O)/C=C/C(=O)O,Scientific Literature,Displacement of [3H]mepyramine from human wild type N-terminal hemagglutinin-tagged histamine H1 receptor expressed in HEK293T cells after 4 hrs by microbeta liquid scintillation counting analysis,B,Homo sapiens,,J Med Chem,2016.0,Histamine H1 receptor,Ki,nM,7.0,357.41,2.88
CHEMBL3904359,3981.07,c1ccc(OC2CCNCC2)cc1,Scientific Literature,Displacement of [3H]mepyramine from human wild type N-terminal hemagglutinin-tagged histamine H1 receptor expressed in HEK293T cells after 4 hrs by microbeta liquid scintillation counting analysis,B,Homo sapiens,,J Med Chem,2016.0,Histamine H1 receptor,Ki,nM,5.4,177.25,1.82
CHEMBL595180,1000.0,CN1CCN(c2cc(NCc3c(Cl)cccc3Cl)nc(N)n2)CC1,Scientific Literature,Displacement of [3H]pyrilamine from human histamine H1 receptor expressed in Sf9 cells co-expressing RGS4,B,Homo sapiens,,Bioorg Med Chem,2009.0,Histamine H1 receptor,Ki,nM,,367.28,2.73
CHEMBL1098230,1000.0,CC(C)(C)c1ccc(SCCc2c[nH]cn2)cc1,Scientific Literature,Displacement of [3H]rilamine from human histamine H1 receptor expressed in CHO cells after 1 hr by liquid scintillation counting,B,Homo sapiens,,Bioorg Med Chem,2010.0,Histamine H1 receptor,Ki,nM,,260.41,4.04
CHEMBL4472703,3162.28,CC[C@H]1c2cc(OC)ccc2CC[C@@]1(C)N,Scientific Literature,Displacement of [3H]-Pyrilamine from human recombinant histamine H1 receptor expressed in stable HEK cells after 90 mins by microbeta scintillation counting method,B,Homo sapiens,,ACS Med Chem Lett,2019.0,Histamine H1 receptor,Ki,nM,5.5,219.33,2.85
CHEMBL398996,2511.89,CS(=O)(=O)c1ccc(C(=O)N2CCN(c3ccc(OC4CCN(C5CCC5)CC4)cc3)C(=O)C2)cc1.O=CO,Scientific Literature,Antagonist activity at human recombinant histamine H1 receptor expressed in CHO cells assessed as inhibition of histamine-induced cellular calcium mobilization,F,Homo sapiens,,J Med Chem,2007.0,Histamine H1 receptor,Ki,nM,,557.67,2.97
CHEMBL392532,2511.89,CC(C)N1CCC(Oc2ccc(N3CCN(C(=O)c4ccc(F)cc4F)CC3=O)cc2)CC1.O=CO,Scientific Literature,Antagonist activity at human recombinant histamine H1 receptor expressed in CHO cells assessed as inhibition of histamine-induced cellular calcium mobilization,F,Homo sapiens,,J Med Chem,2007.0,Histamine H1 receptor,Ki,nM,,503.55,3.71
CHEMBL535631,2511.89,CC(C)N1CCC(Oc2ccc(N3CCN(C(=O)c4ccc(F)cc4)CC3=O)cc2)CC1.Cl,Scientific Literature,Antagonist activity at human recombinant histamine H1 receptor expressed in CHO cells assessed as inhibition of histamine-induced cellular calcium mobilization,F,Homo sapiens,,J Med Chem,2007.0,Histamine H1 receptor,Ki,nM,,475.99,3.57
CHEMBL1632414,1000.0,CN1CCC(/C(=N/O)c2nc3cc(Cl)ccc3[nH]2)CC1,Scientific Literature,Binding affinity to human recombinant histamine H1 receptor expressed in human SK-N-MC cells by radioligand displacement assay,B,Homo sapiens,,Bioorg Med Chem Lett,2010.0,Histamine H1 receptor,Ki,nM,,292.77,2.74
CHEMBL4753808,293.2,C[C@H]1CN(CC[C@H]2CC[C@H](N3C(=O)CC4(CCCC4)CC3=O)CC2)CCc2ccc(Cl)cc21,Scientific Literature,Displacement of [3H]-pyrilamine from human H1 histamine receptor expressed in human HEK293 cells,B,Homo sapiens,,Bioorg Med Chem Lett,2021.0,Histamine H1 receptor,Ki,nM,6.53,471.09,5.96
CHEMBL2146809,0.3162,CN1CCC[C@@H]1Cn1nc(Cc2ccc(Cl)cc2)c2ncccc2c1=O,Scientific Literature,Antagonist activity at human H1 receptor expressed in CHO cells assessed as inhibition of calcium mobilization by FLIPR assay,F,Homo sapiens,,Bioorg Med Chem,2012.0,Histamine H1 receptor,Ki,nM,9.5,368.87,3.13
CHEMBL257900,2511.89,Cc1ccc2c(-c3nnc(SCCN4CCc5cc6nc(C(F)(F)F)oc6c(C)c5CC4)n3C)cccc2n1,Scientific Literature,Antagonist activity at histamine H1 receptor by FLIPR assay,F,,,Bioorg Med Chem Lett,2008.0,Histamine H1 receptor,Ki,nM,,552.63,6.0
CHEMBL271072,1995.26,Cc1ccc2c(-c3nnc(SCCCCN4CCc5cc6nc(C)oc6c(Br)c5CC4)n3C)cccc2n1,Scientific Literature,Antagonist activity at histamine H1 receptor by FLIPR assay,F,,,Bioorg Med Chem Lett,2008.0,Histamine H1 receptor,Ki,nM,,591.58,6.52
CHEMBL273170,8.0,CC1NC(N)=Nc2ccc(Cl)c(Cl)c21,Scientific Literature,Binding affinity to histamine H1 receptor,B,,,Bioorg Med Chem Lett,2008.0,Histamine H1 receptor,Ki,nM,8.1,230.1,2.6
CHEMBL255619,3162.28,Cc1ncoc1-c1nnc(SCCCN2CCc3cc4nc(CC5CC5)oc4cc3CC2)n1C,Scientific Literature,Antagonist activity at histamine H1 receptor by FLIPR assay,F,,,Bioorg Med Chem Lett,2008.0,Histamine H1 receptor,Ki,nM,,478.62,4.46
CHEMBL402016,1584.89,Cc1ccc2c(-c3nnc(SCCCN4CCc5cc6nc(C(F)(F)F)oc6cc5CC4)n3C)cccc2n1,Scientific Literature,Antagonist activity at histamine H1 receptor by FLIPR assay,F,,,Bioorg Med Chem Lett,2008.0,Histamine H1 receptor,Ki,nM,,552.63,6.08
CHEMBL256651,2511.89,CCc1nc2cc3c(cc2o1)CCN(CCCSc1nnc(-c2ccc(F)c(F)c2)n1C)CC3,Scientific Literature,Antagonist activity at histamine H1 receptor by FLIPR assay,F,,,Bioorg Med Chem Lett,2008.0,Histamine H1 receptor,Ki,nM,,483.59,5.05
CHEMBL271096,3162.28,CCc1nc2cc3c(cc2o1)CCN(CCCSc1nnc(-c2ccc(C(F)(F)F)cc2)n1C)CC3,Scientific Literature,Antagonist activity at histamine H1 receptor by FLIPR assay,F,,,Bioorg Med Chem Lett,2008.0,Histamine H1 receptor,Ki,nM,,515.61,5.79
CHEMBL271280,3162.28,Cc1ncoc1-c1nnc(SCCCN2CCc3cc4nc(C5CC5)oc4cc3CC2)n1C,Scientific Literature,Antagonist activity at histamine H1 receptor by FLIPR assay,F,,,Bioorg Med Chem Lett,2008.0,Histamine H1 receptor,Ki,nM,,464.6,4.38
CHEMBL401576,630.96,Cc1noc2cc3c(cc12)CCN(CCCSc1nnc(-c2ccc(C(F)(F)F)cc2)n1C)CC3,Scientific Literature,Antagonist activity at histamine H1 receptor by FLIPR assay,F,,,Bioorg Med Chem Lett,2008.0,Histamine H1 receptor,Ki,nM,6.2,501.58,5.53
CHEMBL402377,1000.0,C[C@H]1CCCN1CCc1ccc2ccccc2c1,Scientific Literature,Antagonist activity at histamine H1 receptor by [35S]GTP-gamma-S binding assay,F,,,Bioorg Med Chem Lett,2008.0,Histamine H1 receptor,Ki,nM,,239.36,3.87
CHEMBL140872,911.8,O=C(CCCN1CCN(c2ncccn2)CC1)c1ccc(F)cc1,Scientific Literature,Binding affinity to human cloned histamine H1 receptor,B,Homo sapiens,,Bioorg Med Chem,2008.0,Histamine H1 receptor,Ki,nM,6.04,328.39,2.4
CHEMBL3094213,2511.89,CC(C)N1CCC(Oc2ccc3c(c2)CCNCC3)CC1,Scientific Literature,Antagonist activity at human recombinant histamine H1 receptor expressed in CHO cells assessed as inhibition of histamine-induced effect by FLIPR assay,B,Homo sapiens,,Bioorg Med Chem Lett,2013.0,Histamine H1 receptor,Ki,nM,,288.43,2.63
CHEMBL73706,550.0,NC(=O)N(O)CCC#Cc1ccc(CN2CCN(C(c3ccc(F)cc3)c3ccc(F)cc3)CC2)o1,Scientific Literature,In vitro binding affinity towards histamine H1 receptor expressed in CHO-K1 cells,B,,,Bioorg Med Chem Lett,2004.0,Histamine H1 receptor,Ki,nM,6.26,494.54,3.98
CHEMBL1222553,50.12,O=C(O)CCN1CCN(C2=Cc3ccccc3Cn3ccnc32)CC1,Scientific Literature,Antagonist activity at human recombinant histamine H1 receptor expressed in CHO cells by FLPR assay,F,Homo sapiens,,Bioorg Med Chem Lett,2010.0,Histamine H1 receptor,Ki,nM,7.3,338.41,1.84
CHEMBL1222626,12.59,O=C(O)C1CC(N2CCN(C3=Cc4ccccc4Cn4ccnc43)CC2)C1,Scientific Literature,Antagonist activity at human recombinant histamine H1 receptor expressed in CHO cells by FLPR assay,F,Homo sapiens,,Bioorg Med Chem Lett,2010.0,Histamine H1 receptor,Ki,nM,7.9,364.45,2.22
CHEMBL3817911,3632.0,O=C1c2ccccc2C(=O)N1CCCCN1CCC2CCCCC2C1,Scientific Literature,Displacement of [3H]Pyrilamine from human H1 receptor expressed in cell membranes after 1 hr by liquid scintillation counting,B,Homo sapiens,,Bioorg Med Chem,2016.0,Histamine H1 receptor,Ki,nM,5.44,340.47,3.57
CHEMBL3819434,187.0,Cl.OC1(c2ccc(Cl)cc2)CC2CCC(C1)N2CCCCc1nc2ccccc2s1,Scientific Literature,Displacement of [3H]Pyrilamine from human recombinant histamine H1 receptor incubated for 1.5 hrs by microbeta scintillation counting method,A,Homo sapiens,,Bioorg Med Chem,2016.0,Histamine H1 receptor,Ki,nM,6.73,463.47,5.79
CHEMBL63003,1995.26,N[C@H](Cc1cccc2ccccc12)C(=O)N1CCN(CCCOc2ccc(C(=O)C3CC3)cc2)CC1,Scientific Literature,Binding affinity towards Histamine H1 receptor of human membranes.,B,,,Bioorg Med Chem Lett,2002.0,Histamine H1 receptor,Ki,nM,5.7,485.63,3.92
CHEMBL1222625,31.62,C=C(CN1CCN(C2=Cc3ccccc3Cn3ccnc32)CC1)C(=O)O,Scientific Literature,Antagonist activity at human recombinant histamine H1 receptor expressed in CHO cells by FLPR assay,F,Homo sapiens,,Bioorg Med Chem Lett,2010.0,Histamine H1 receptor,Ki,nM,7.5,350.42,2.0
CHEMBL4168691,35.0,N#Cc1c(CN2CCN(CCc3ccccc3)CC2)cn2ccccc12,Scientific Literature,Displacement of [3H]pyrilamine from human HRH1 expressed in HEK cell membranes after 90 mins by scintillation counting method,B,Homo sapiens,,J Med Chem,2018.0,Histamine H1 receptor,Ki,nM,7.46,344.46,3.17
CHEMBL4173176,1144.0,C[C@H](CNc1cncc(Cl)n1)N1CCN(c2ccccc2)CC1,Scientific Literature,Displacement of [3H]pyrilamine from human HRH1 expressed in HEK cell membranes after 90 mins by scintillation counting method,B,Homo sapiens,,J Med Chem,2018.0,Histamine H1 receptor,Ki,nM,5.94,331.85,2.75
CHEMBL1632174,10000.0,O=C(O)CCCCCN1CCC(CNC(=O)c2c3n(c4ccccc24)CCCO3)CC1,Scientific Literature,Binding affinity to Histamine receptor H1,B,,,Bioorg Med Chem,2010.0,Histamine H1 receptor,Ki,nM,,427.55,3.51
CHEMBL4169752,1739.0,c1ccc(CN2CCc3cc(N4CCOCC4)ccc3C2)cc1,Scientific Literature,Displacement of [3H]-Pyrilamine from human histamine H1 receptor expressed in stable HEK cells after 90 mins by microbeta scintillation counting method,B,Homo sapiens,,Eur J Med Chem,2018.0,Histamine H1 receptor,Ki,nM,5.76,308.42,3.08
CHEMBL3925724,12.59,CN(C)CCOc1ccccc1Cc1ccccc1.O=C(O)/C=C/C(=O)O,Scientific Literature,Displacement of [3H]mepyramine from human wild type N-terminal hemagglutinin-tagged histamine H1 receptor expressed in HEK293T cells after 4 hrs by microbeta liquid scintillation counting analysis,B,Homo sapiens,,J Med Chem,2016.0,Histamine H1 receptor,Ki,nM,7.9,371.43,3.22
CHEMBL3975229,19.95,c1ccc(Cc2ccccc2OCCCN2CCCCCC2)cc1,Scientific Literature,Displacement of [3H]mepyramine from human wild type N-terminal hemagglutinin-tagged histamine H1 receptor expressed in HEK293T cells after 4 hrs by microbeta liquid scintillation counting analysis,B,Homo sapiens,,J Med Chem,2016.0,Histamine H1 receptor,Ki,nM,7.7,323.48,4.92
CHEMBL3963375,10000.0,c1ccc(Cc2ccc(OC3CCNCC3)cc2)cc1,Scientific Literature,Displacement of [3H]mepyramine from human wild type N-terminal hemagglutinin-tagged histamine H1 receptor expressed in HEK293T cells after 4 hrs by microbeta liquid scintillation counting analysis,B,Homo sapiens,,J Med Chem,2016.0,Histamine H1 receptor,Ki,nM,5.0,267.37,3.41
CHEMBL2171032,199.53,CS(=O)(=O)c1cccc(C(=O)N2CC[C@@H](N3CCC(Oc4ccc(Cl)c(Cl)c4)CC3)[C@H](C(=O)O)C2)c1,Scientific Literature,Displacement of [3H]pyrilamine from human H1 receptor expressed in CHOK1 cells,B,Homo sapiens,,Bioorg Med Chem Lett,2012.0,Histamine H1 receptor,Ki,nM,6.7,555.48,3.86
CHEMBL4751842,5000.0,CN(C)CCN1C(=O)c2cc(Cl)ccc2N(C)C(=O)c2cc3ccccc3cc21,Scientific Literature,Binding affinity to H1 receptor (unknown origin),B,Homo sapiens,,Bioorg Med Chem Lett,2020.0,Histamine H1 receptor,Ki,nM,,407.9,4.29
CHEMBL4740541,10000.0,COc1cc2c(cc1OC)N(CCN(C)C)C(=O)c1ccccc1N(C)C2=O,Scientific Literature,Binding affinity to H1 receptor (unknown origin),B,Homo sapiens,,Bioorg Med Chem Lett,2020.0,Histamine H1 receptor,Ki,nM,,383.45,2.5
CHEMBL320174,60000.0,CC(=O)c1ccc(OCCCN2CC[C@H](NC(=O)[C@H](C)NC(=O)OC(C)(C)C)C2)cc1,Scientific Literature,Binding affinity to the human Histamine H1 receptor,B,,,Bioorg Med Chem Lett,2002.0,Histamine H1 receptor,Ki,nM,4.22,433.55,2.76
CHEMBL62592,19054.61,CCCCCC(=O)c1ccc(OCCCN2CCN(C(=O)[C@@H](N)C(C)C)CC2)cc1,Scientific Literature,Binding affinity towards Histamine H1 receptor of human membranes.,B,,,Bioorg Med Chem Lett,2002.0,Histamine H1 receptor,Ki,nM,4.72,417.59,3.35
CHEMBL101692,501.19,CCOC(=O)N1CCN(CCCOc2ccc(-c3cc[nH]c3)cc2)CC1,Scientific Literature,Binding affinity of human cortical histamine H1 receptor,B,,,Bioorg Med Chem Lett,2002.0,Histamine H1 receptor,Ki,nM,6.3,357.45,3.22
CHEMBL1222764,125.89,COc1cnc2n1Cc1ccccc1C=C2N1CCN(CC(C)(C)C(=O)O)CC1,Scientific Literature,Antagonist activity at human recombinant histamine H1 receptor expressed in CHO cells by FLPR assay,F,Homo sapiens,,Bioorg Med Chem Lett,2010.0,Histamine H1 receptor,Ki,nM,6.9,396.49,2.48
CHEMBL1092662,1.7,CN(C)CCC1=C(Cc2cccnn2)c2ccc(F)cc2C1,Scientific Literature,Inhibition of histamine H1 receptor,B,,,Bioorg Med Chem Lett,2010.0,Histamine H1 receptor,Ki,nM,8.77,297.38,3.12
CHEMBL4469848,9800.0,FC(F)(F)c1cc(Oc2nccc3occc23)ccc1-c1cccc2nccn12,Scientific Literature,Displacement of [3H]-pyrilamine from human histamine H1 receptor expressed in stable HEK cells after 90 mins by microbeta scintillation counting method,B,Homo sapiens,,J Med Chem,2019.0,Histamine H1 receptor,Ki,nM,5.01,395.34,5.95
CHEMBL3971383,562.34,Cl.Clc1ccc2sc(CCCCN3CCc4c(Cl)cccc4C3)nc2c1,Scientific Literature,Displacement of [3H]-pyrilamine from human histamine H1 receptor by liquid scintillation counting method,A,Homo sapiens,,Bioorg Med Chem,2016.0,Histamine H1 receptor,Ki,nM,6.25,427.83,5.98
CHEMBL3924565,3162.28,Cl.O=C(CCCN1CCCc2ccccc2C1)c1ccc(Cl)cc1,Scientific Literature,Displacement of [3H]-pyrilamine from human histamine H1 receptor by liquid scintillation counting method,A,Homo sapiens,,Bioorg Med Chem,2016.0,Histamine H1 receptor,Ki,nM,5.5,364.32,4.75
CHEMBL2208418,316.23,O[C@@H](CNC1CCN(Cc2ccc(Cl)c(Cl)c2)CC1)COc1ccc2ncsc2c1,Scientific Literature,Displacement of [3H]-pyrilamine from human histamine H1 receptor expressed in recombinant CHOK1 cells after 1 hr,B,Homo sapiens,,Bioorg Med Chem Lett,2012.0,Histamine H1 receptor,Ki,nM,6.5,466.43,4.6
CHEMBL716,11.0,OCCOCCN1CCN(C2=Nc3ccccc3Sc3ccccc32)CC1,Scientific Literature,Binding affinity to H1 histamine receptor (unknown origin),B,Homo sapiens,,Bioorg Med Chem Lett,2021.0,Histamine H1 receptor,Ki,nM,7.96,383.52,2.86
CHEMBL319352,500.0,Cn1nnc(-c2ccc3c(c2)c(C2CCN(CCN4CCNC4=O)CC2)cn3-c2ccc(F)cc2)n1,Scientific Literature,Displacement of [3H]prozosin from human cloned histamine H1 receptor expressed in CHO cells,B,Homo sapiens,,J Med Chem,2010.0,Histamine H1 receptor,Ki,nM,6.3,488.57,3.16
CHEMBL6437,1.7,CN1CCN2c3ccccc3Cc3ccccc3C2C1,Scientific Literature,Inhibition of [3H]pyrilamine binding to human Histamine H1 receptor ,B,Homo sapiens,,J Med Chem,2005.0,Histamine H1 receptor,Ki,nM,8.77,264.37,3.08
CHEMBL2207666,3.981,O=C(NC[C@@H](O)CN1CCC(Oc2ccc(Cl)c(Cl)c2)CC1)c1c[nH]c(=O)c2ccccc12,Scientific Literature,Displacement of [3H]-pyrilamine from human histamine H1 receptor expressed in recombinant CHOK1 cells after 1 hr,B,Homo sapiens,,Bioorg Med Chem Lett,2012.0,Histamine H1 receptor,Ki,nM,8.4,490.39,3.47
CHEMBL2208421,19.95,COc1cccc(SC[C@@H](O)CN2CCC(Oc3ccc(Cl)c(Cl)c3)CC2)c1,Scientific Literature,Displacement of [3H]-pyrilamine from human histamine H1 receptor expressed in recombinant CHOK1 cells after 1 hr,B,Homo sapiens,,Bioorg Med Chem Lett,2012.0,Histamine H1 receptor,Ki,nM,7.7,442.41,5.0
CHEMBL2205836,3727.0,COc1ccccc1CCN1C2C3C4CC5C6C4C2C6C1(O)C53,Scientific Literature,Binding affinity to Histamine H1 receptor,B,,,Bioorg Med Chem Lett,2012.0,Histamine H1 receptor,Ki,nM,5.43,309.41,2.0
CHEMBL2113738,446.68,CCOC(=O)N1CCN(CCCOc2ccc(C(=O)c3ccc(SC)cc3)cc2)CC1,Scientific Literature,Binding affinity for the human Histamine H1 Receptor,B,,,Bioorg Med Chem Lett,2002.0,Histamine H1 receptor,Ki,nM,6.35,442.58,4.18
CHEMBL1794855,10000.0,CCN(C)C1CCCc2ccncc21.O=C(O)/C=C\C(=O)O.O=C(O)/C=C\C(=O)O,Scientific Literature,Affinity towards histamine H1 receptor,B,Homo sapiens,,Bioorg Med Chem Lett,2004.0,Histamine H1 receptor,Ki,nM,,422.43,2.41
CHEMBL1669406,41.0,CCCN(C)CCC1=C(Cc2cnccn2)c2ccccc2C1,Scientific Literature,Binding affinity to histamine H1 receptor,B,,,Bioorg Med Chem Lett,2011.0,Histamine H1 receptor,Ki,nM,7.39,307.44,3.76
CHEMBL271511,3162.28,Cc1ncoc1-c1nnc(SCCCN2CCc3nc4ccc(C(F)(F)F)cn4c3CC2)n1C,Scientific Literature,Antagonist activity at histamine H1 receptor by FLIPR assay,F,,,Bioorg Med Chem Lett,2008.0,Histamine H1 receptor,Ki,nM,,491.54,4.03
CHEMBL4642292,10000.0,Cc1nccc2c1C(C)(C)Nc1cc(Br)ccc1-2,Scientific Literature,Binding affinity to histamine H1 receptor (unknown origin),B,Homo sapiens,,J Nat Prod,2020.0,Histamine H1 receptor,Ki,nM,,303.2,4.48
CHEMBL271073,2511.89,Cc1nc2cc3c(cc2o1)CCN(CCCCSc1nnc(-c2ocnc2C)n1C)CC3,Scientific Literature,Antagonist activity at histamine H1 receptor by FLIPR assay,F,,,Bioorg Med Chem Lett,2008.0,Histamine H1 receptor,Ki,nM,,452.58,4.2
CHEMBL255778,501.19,CCc1nc2cc3c(c(Br)c2o1)CCN(CCCSc1nnc(-c2cccc4nc(C)ccc24)n1C)CC3,Scientific Literature,Antagonist activity at histamine H1 receptor by FLIPR assay,F,,,Bioorg Med Chem Lett,2008.0,Histamine H1 receptor,Ki,nM,,591.58,6.39
CHEMBL240394,1995.26,O=C(c1cc(F)cc(F)c1)N1CCN(c2ccc(OCCCN3CCCCC3)cc2)C(=O)C1.O=CO,Scientific Literature,Antagonist activity at human recombinant histamine H1 receptor expressed in CHO cells assessed as inhibition of histamine-induced cellular calcium mobilization,F,Homo sapiens,,J Med Chem,2007.0,Histamine H1 receptor,Ki,nM,,503.55,3.71
CHEMBL536991,1995.26,Cc1ccc(C(=O)N2CCN(c3ccc(OCCCN4CCCCC4)cc3)C(=O)C2)cc1.Cl,Scientific Literature,Antagonist activity at human recombinant histamine H1 receptor expressed in CHO cells assessed as inhibition of histamine-induced cellular calcium mobilization,F,Homo sapiens,,J Med Chem,2007.0,Histamine H1 receptor,Ki,nM,5.7,472.03,3.74
CHEMBL1222552,0.631,C1=C(N2CCNCC2)c2nccn2Cc2ccccc21,Scientific Literature,Antagonist activity at human recombinant histamine H1 receptor expressed in CHO cells by FLPR assay,F,Homo sapiens,,Bioorg Med Chem Lett,2010.0,Histamine H1 receptor,Ki,nM,9.2,266.35,1.65
CHEMBL194206,10000.0,COc1ccc(NC(=O)N2CCN(c3ccc(F)cc3)CC2)cc1N1CCN(C)CC1,Scientific Literature,Affinity towards cloned Histamine H1 receptor,B,Homo sapiens,,Bioorg Med Chem Lett,2005.0,Histamine H1 receptor,Ki,nM,,427.52,2.94
CHEMBL1243395,48.0,FC(F)(F)c1ccc(SC[C@@H](c2c[nH]cn2)C2CCNCC2)cc1,Scientific Literature,Binding affinity to human histamine H1 receptor,B,Homo sapiens,,J Med Chem,2010.0,Histamine H1 receptor,Ki,nM,7.32,355.43,4.3
CHEMBL2207642,490.0,COc1ccccc1N1CCN(Cc2cc(CN3CCN(c4ccc(Cl)cc4)CC3)c3cccccc2-3)CC1,Scientific Literature,Displacement of [3H]mepyramine from human histamine H1 receptor expressed in insect Sf9 cell membrane preparation after 60 mins by scintillation counting analysis,B,Homo sapiens,,Bioorg Med Chem Lett,2012.0,Histamine H1 receptor,Ki,nM,6.31,541.14,6.1
CHEMBL2158785,501.19,Cc1c(OC2CCN(CC3CCN([C@@H](Cc4ccc(F)cc4)C(=O)O)CC3)CC2)ccc(C#N)c1Cl,Scientific Literature,Binding affinity to histamine H1 receptor,B,,,Bioorg Med Chem Lett,2012.0,Histamine H1 receptor,Ki,nM,6.3,514.04,4.91
CHEMBL2158771,15.85,N#Cc1ccc(C[C@@H](C(=O)O)N2CCC(CN3CCC(Oc4ccc(Cl)c(Cl)c4)CC3)CC2)cc1,Scientific Literature,Binding affinity to histamine H1 receptor,B,,,Bioorg Med Chem Lett,2012.0,Histamine H1 receptor,Ki,nM,7.8,516.47,5.12
CHEMBL3104091,50.12,CN1CCc2c(c3cccc4c3n2-c2ccccc2CC4)C1,Scientific Literature,Displacement of [3H]Pyrilamine from histamine H1 receptor (unknown origin),B,Homo sapiens,,Bioorg Med Chem Lett,2014.0,Histamine H1 receptor,Ki,nM,7.3,288.39,3.72
CHEMBL3805220,7910.0,N#C/N=C(/NCCSc1ccccc1)NC[C@@H]1CC[C@@H](c2c[nH]cn2)C1,Scientific Literature,Displacement of [3H]mepyramine from human histamine H1 receptor expressed in sf9 cell membrane co-expressing RGS4 incubated for 60 mins by liquid scintillation counting method,B,Homo sapiens,,J Med Chem,2016.0,Histamine H1 receptor,Ki,nM,5.1,368.51,3.1
CHEMBL64773,1202.26,CCCCCC(=O)c1ccc(OCCCN2CCN(C(=O)NC(C)C)CC2)cc1,Scientific Literature,Binding affinity for the human Histamine H1 Receptor,B,,,Bioorg Med Chem Lett,2002.0,Histamine H1 receptor,Ki,nM,5.92,403.57,3.95
CHEMBL363581,1.2,CN(C)C[C@@H]1CC2c3ccccc3Sc3ccc(F)cc3[C@H]2O1,Scientific Literature,Inhibition of [3H]pyrilamine binding to human Histamine H1 receptor ,B,Homo sapiens,,J Med Chem,2005.0,Histamine H1 receptor,Ki,nM,8.92,329.44,4.47
CHEMBL1087493,4.8,CCOCCn1c(N2CC[C@H](N(C)C)C2)nc2ccccc21,Scientific Literature,Displacement of [3H]pyrilamine from human histamine H1 receptor expressed in CHO Flp-In cells by liquid scintillation counting,B,Homo sapiens,,Bioorg Med Chem Lett,2010.0,Histamine H1 receptor,Ki,nM,8.32,302.42,2.21
CHEMBL1092766,2.9,C[C@H](c1cccnc1Cl)c1c(CCN(C)C)sc2ccccc12,Scientific Literature,Displacement of [3H]pyrilamine from human histamine H1 receptor expressed in CHO Flp-In cells after 90 mins by scintillation counting,B,Homo sapiens,,Bioorg Med Chem Lett,2010.0,Histamine H1 receptor,Ki,nM,8.54,344.91,5.21
CHEMBL4448535,0.631,Clc1ccc2c(c1)CCc1cccnc1C2=C1CCN(CC2CC2)CC1,Scientific Literature,Displacement of [3H]mepyramine from N-terminal HA-tagged H1R (unknown origin) expressed in HEK293T cells measured after 4 hrs by microbeta scintillation counting method,B,Homo sapiens,,J Med Chem,2019.0,Histamine H1 receptor,Ki,nM,9.2,364.92,5.14
CHEMBL4588726,3.162,Clc1ccc2c(c1)CCc1cccnc1C2=C1CCN(C2CC2)CC1,Scientific Literature,Displacement of [3H]mepyramine from N-terminal HA-tagged H1R (unknown origin) expressed in HEK293T cells measured after 4 hrs by microbeta scintillation counting method,B,Homo sapiens,,J Med Chem,2019.0,Histamine H1 receptor,Ki,nM,8.5,350.89,4.89
CHEMBL1243335,10000.0,CC(C)(C)c1ccc(SCC(c2ccccn2)c2c[nH]cn2)cc1,Scientific Literature,Binding affinity to human histamine H1 receptor,B,Homo sapiens,,J Med Chem,2010.0,Histamine H1 receptor,Ki,nM,,337.49,5.03
CHEMBL2396897,19.95,Clc1ccc2c(c1)CCc1cccnc1C2=C1CCN(C2CCCCC2)CC1,Scientific Literature,Displacement of [3H]mepyramine from N-terminal HA-tagged H1R (unknown origin) expressed in HEK293T cells measured after 4 hrs by microbeta scintillation counting method,B,Homo sapiens,,J Med Chem,2019.0,Histamine H1 receptor,Ki,nM,7.7,392.97,6.06
CHEMBL239321,2511.89,O=C(c1ccc(F)cc1F)N1CCN(c2ccc(OC3CCN(C4CCC4)CC3)cc2)C(=O)C1.O=CO,Scientific Literature,Antagonist activity at human recombinant histamine H1 receptor expressed in CHO cells assessed as inhibition of histamine-induced cellular calcium mobilization,F,Homo sapiens,,J Med Chem,2007.0,Histamine H1 receptor,Ki,nM,,515.56,3.85
CHEMBL1669420,48.0,C[C@H](C1=C(CCN(C)Cc2nccs2)Cc2ccccc21)c1cnccn1,Scientific Literature,Binding affinity to histamine H1 receptor,B,,,Bioorg Med Chem Lett,2011.0,Histamine H1 receptor,Ki,nM,7.32,376.53,4.57
CHEMBL3104092,47.86,CN1CCc2c(c3cccc4c3n2Cc2ccccc2C4)C1,Scientific Literature,Displacement of [3H]Pyrilamine from histamine H1 receptor (unknown origin),B,Homo sapiens,,Bioorg Med Chem Lett,2014.0,Histamine H1 receptor,Ki,nM,7.32,288.39,3.58
CHEMBL255158,3162.28,Cc1ncccc1-c1nnc(SCCCN2CCc3ccc4oc(C(F)(F)F)nc4c3CC2)n1C,Scientific Literature,Antagonist activity at histamine H1 receptor by FLIPR assay,F,,,Bioorg Med Chem Lett,2008.0,Histamine H1 receptor,Ki,nM,,502.57,4.93
CHEMBL90,6000.0,NCCc1c[nH]cn1,Scientific Literature,Binding affinity to histamine H1 receptor (unknown origin),B,Homo sapiens,,J Med Chem,2015.0,Histamine H1 receptor,Ki,nM,5.22,111.15,-0.09
CHEMBL239975,1995.26,O=C(c1ccc(F)cc1)N1CCN(c2ccc(OCCCN3CCCCC3)cc2)C(=O)C1,Scientific Literature,Antagonist activity at human recombinant histamine H1 receptor expressed in CHO cells assessed as inhibition of histamine-induced cellular calcium mobilization,F,Homo sapiens,,J Med Chem,2007.0,Histamine H1 receptor,Ki,nM,,439.53,3.57
CHEMBL4742201,10000.0,CN(C)CCN1C(=O)c2ccccc2N(C)C(=O)c2ccccc21,Scientific Literature,Binding affinity to H1 receptor (unknown origin),B,Homo sapiens,,Bioorg Med Chem Lett,2020.0,Histamine H1 receptor,Ki,nM,,323.4,2.49
CHEMBL1643900,2376.0,Fc1cccc(CCN[C@H]2C3C4CC5C6C4CC3C6C52)c1,Scientific Literature,Inhibition of H1 receptor,B,,,Bioorg Med Chem Lett,2011.0,Histamine H1 receptor,Ki,nM,5.62,283.39,3.1
CHEMBL60401,100000.0,CNCC(=O)N1CCN(CCCOc2ccc(C(=O)C3CC3)cc2)CC1,Scientific Literature,Binding affinity towards Histamine H1 receptor of human membranes.,B,,,Bioorg Med Chem Lett,2002.0,Histamine H1 receptor,Ki,nM,4.0,359.47,1.41
CHEMBL1779058,2372.0,O=C(CCCN1C2C3C4CC5C6C4C2C6C1(O)C53)c1ccc(F)cc1,Scientific Literature,Binding affinity to Histamine H1 receptor,B,,,Bioorg Med Chem Lett,2012.0,Histamine H1 receptor,Ki,nM,5.62,339.41,2.55
CHEMBL327306,4.3,CN(C)CC1C[C@@H]2c3ccccc3Sc3ccccc3[C@H]2O1,Scientific Literature,Ability to displace [3H]pyrilamine from human cloned histamine H1 receptor expressed in CHO cells,B,,,Bioorg Med Chem Lett,2004.0,Histamine H1 receptor,Ki,nM,8.37,311.45,4.33
CHEMBL417215,9332.54,N[C@H](Cc1ccc(F)cc1)C(=O)N1CCN(CCCOc2ccc(C(=O)C3CC3)cc2)CC1,Scientific Literature,Binding affinity towards Histamine H1 receptor of human membranes.,B,,,Bioorg Med Chem Lett,2002.0,Histamine H1 receptor,Ki,nM,5.03,453.56,2.9
CHEMBL2207654,2.512,O=C(NC[C@@H](O)CN1CCC(Oc2ccc(Cl)c(Cl)c2)CC1)c1c[nH]c(=O)c2cc(S(=O)(=O)N3CCC3)ccc12,Scientific Literature,Displacement of [3H]-pyrilamine from human recombinant H1 histamine receptor expressed in CHOK1 cells after 1 hr,B,Homo sapiens,,Bioorg Med Chem Lett,2012.0,Histamine H1 receptor,Ki,nM,8.6,609.53,2.86
CHEMBL1767167,12.59,O=c1c2ccccc2c(Cc2ccc(Cl)cc2)nn1C[C@H]1CCCN1CCCCCc1ccc(OCCCN2CCCCCC2)cc1,Scientific Literature,Antagonist activity at human recombinant histamine H1 receptor expressed in intact CHO cells assessed as inhibition of histamine-induced cellular calcium mobilization by FLIPR assay,F,Homo sapiens,,J Med Chem,2011.0,Histamine H1 receptor,Ki,nM,7.9,655.33,8.16
CHEMBL5205682,407.38,C[C@H](NC(=O)[C@H](C)NC(=O)[C@H](CO)NC(=O)CCN1CCC(Oc2ccccc2Cc2ccccc2)CC1)C(=O)N[C@H](Cc1ccccc1)C(N)=O,Scientific Literature,Displacement of fluorophore-labeled mepyramine from Nluc-tagged human H1R expressed in HEK293T cells incubated for 2 hrs by NanoBRET competition binding assay,B,Homo sapiens,,J Med Chem,2022.0,Histamine H1 receptor,Ki,nM,6.39,714.86,1.21
CHEMBL5176319,151.36,CC(C)[C@H](NC(=O)CCN1CCC(Oc2ccccc2Cc2ccccc2)CC1)C(=O)N[C@@H](CO)C(=O)N[C@@H](C)C(=O)N[C@H](Cc1ccccc1)C(N)=O,Scientific Literature,Displacement of fluorophore-labeled mepyramine from Nluc-tagged human H1R expressed in HEK293T cells incubated for 2 hrs by NanoBRET competition binding assay,B,Homo sapiens,,J Med Chem,2022.0,Histamine H1 receptor,Ki,nM,6.82,742.92,1.85
CHEMBL5201159,831.76,CC(C)[C@H](NC(=O)CCN1CCC(Oc2ccccc2Cc2ccccc2)CC1)C(=O)N[C@@H](CC(N)=O)C(=O)N[C@@H](C)C(=O)N[C@H](Cc1ccccc1)C(N)=O,Scientific Literature,Displacement of fluorophore-labeled mepyramine from Nluc-tagged human H1R expressed in HEK293T cells incubated for 2 hrs by NanoBRET competition binding assay,B,Homo sapiens,,J Med Chem,2022.0,Histamine H1 receptor,Ki,nM,6.08,769.94,1.73
CHEMBL5188589,158.49,CC(C)[C@H](NC(=O)CCN1CCC(Oc2ccccc2Cc2ccccc2)CC1)C(=O)N[C@@H](CO)C(=O)NCC(=O)N[C@H](Cc1ccccc1)C(N)=O,Scientific Literature,Displacement of fluorophore-labeled mepyramine from Nluc-tagged human H1R expressed in HEK293T cells incubated for 2 hrs by NanoBRET competition binding assay,B,Homo sapiens,,J Med Chem,2022.0,Histamine H1 receptor,Ki,nM,6.8,728.89,1.46
CHEMBL5202570,158.0,CC(C)[C@H](NC(=O)CCN1CCC(Oc2ccccc2Cc2ccccc2)CC1)C(=O)N[C@@H](C)C(=O)N[C@@H](C)C(=O)N[C@H](Cc1ccccc1)C(N)=O,Scientific Literature,Displacement of fluorophore-labeled mepyramine from Nluc-tagged human H1R expressed in HEK293T cells incubated for 2 hrs by NanoBRET competition binding assay,B,Homo sapiens,,J Med Chem,2022.0,Histamine H1 receptor,Ki,nM,6.8,726.92,2.87
CHEMBL5178882,1622.0,C[C@H](NC(=O)[C@H](C)NC(=O)[C@H](CCCCN)NC(=O)CCN1CCC(Oc2ccccc2Cc2ccccc2)CC1)C(=O)N[C@H](Cc1ccccc1)C(N)=O,Scientific Literature,Displacement of fluorophore-labeled mepyramine from Nluc-tagged human H1R expressed in HEK293T cells incubated for 2 hrs by NanoBRET competition binding assay,B,Homo sapiens,,J Med Chem,2022.0,Histamine H1 receptor,Ki,nM,5.79,755.96,2.35
CHEMBL74355,1000.0,COc1cccc([C@H](O)C2CCN(CCc3ccc(F)cc3)CC2)c1OC,Scientific Literature,Antagonist activity against human histamine H1 receptor expressed in CHO cells by FLIPR assay,F,Homo sapiens,,J Med Chem,2010.0,Histamine H1 receptor,Ki,nM,6.0,373.47,3.83
CHEMBL1277034,316.23,O=C(O)CC1CN(C2CCC3(Cc4ccccc4Cc4ccccc43)C2)C1,Scientific Literature,Antagonist activity against human histamine H1 receptor expressed in CHO cells by FLIPR assay,F,Homo sapiens,,J Med Chem,2010.0,Histamine H1 receptor,Ki,nM,6.5,361.49,4.03
CHEMBL1092258,8.9,COc1ccc2c(c1)CC(CCN(C)C)=C2Cc1cnccn1,Scientific Literature,Binding affinity at histamine H1 receptor,B,,,Bioorg Med Chem Lett,2010.0,Histamine H1 receptor,Ki,nM,8.05,309.41,2.99
CHEMBL102452,3548.13,N#Cc1ccc(-c2ccc(OCCCN3CCC(N)CC3)cc2)cc1,Scientific Literature,Binding affinity at human cortical Histamine 1 receptor,B,Homo sapiens,,Bioorg Med Chem Lett,2002.0,Histamine H1 receptor,Ki,nM,5.45,335.45,3.42
CHEMBL1824784,10000.0,Cl.c1ccc(CN2C3CC4CC(C3)CC2C4)cc1,Scientific Literature,Inhibition of H1 receptor by NIMH PDSP,B,,,Bioorg Med Chem Lett,2011.0,Histamine H1 receptor,Ki,nM,,263.81,3.45
CHEMBL255567,2511.89,CCc1nc2cc3c(cc2s1)CCN(CCCSc1nnc(-c2ocnc2C)n1C)CC3,Scientific Literature,Antagonist activity at histamine H1 receptor by FLIPR assay,F,,,Bioorg Med Chem Lett,2008.0,Histamine H1 receptor,Ki,nM,,468.65,4.53
CHEMBL272086,2511.89,Cc1ccc2c(-c3nnc(SCCC(C)N4CCc5cc6c(cc5CC4)C(=O)N(C(C)C)C6)n3C)cccc2n1,Scientific Literature,Antagonist activity at histamine H1 receptor by FLIPR assay,F,,,Bioorg Med Chem Lett,2008.0,Histamine H1 receptor,Ki,nM,,554.76,5.67
CHEMBL270853,2511.89,Cc1ccc2c(-c3nnc(SCCCCN4CCc5cc6c(cc5CC4)C(=O)N(C)C6)n3C)cccc2n1,Scientific Literature,Antagonist activity at histamine H1 receptor by FLIPR assay,F,,,Bioorg Med Chem Lett,2008.0,Histamine H1 receptor,Ki,nM,,526.71,4.9
CHEMBL550818,3.9,CN(CC1CCOCC1)C1CCN(c2nc3ccccc3n2Cc2ccc(F)cc2)CC1,Scientific Literature,Antagonist activity at histamine H1 receptor,F,,,Bioorg Med Chem Lett,2012.0,Histamine H1 receptor,Ki,nM,8.41,436.58,4.55
CHEMBL1935437,1.2,Fc1ccc(Cn2c([C@@H]3CCCNC3)nc3ccccc32)cc1,Scientific Literature,Antagonist activity at histamine H1 receptor,F,,,Bioorg Med Chem Lett,2012.0,Histamine H1 receptor,Ki,nM,8.92,309.39,3.69
CHEMBL2207667,251.19,NC(=O)c1c(OC2CCN(C[C@H](O)CNC(=O)c3c[nH]c(=O)c4ccccc34)CC2)ccc(Cl)c1Cl,Scientific Literature,Displacement of [3H]-pyrilamine from human recombinant H1 histamine receptor expressed in CHOK1 cells after 1 hr,B,Homo sapiens,,Bioorg Med Chem Lett,2012.0,Histamine H1 receptor,Ki,nM,6.6,533.41,2.57
CHEMBL4756446,430.0,CN(C)CCCN1C(=O)c2ccccc2/C=C\c2ccccc21,Scientific Literature,Binding affinity to H1 receptor (unknown origin),B,Homo sapiens,,Bioorg Med Chem Lett,2020.0,Histamine H1 receptor,Ki,nM,6.37,306.41,3.77
CHEMBL366164,1.4,CN(C)C[C@H]1C[C@@H]2c3ccccc3Sc3ccc(F)cc3[C@H]2O1,Scientific Literature,Inhibition of [3H]pyrilamine binding to human Histamine H1 receptor ,B,Homo sapiens,,J Med Chem,2005.0,Histamine H1 receptor,Ki,nM,8.85,329.44,4.47
CHEMBL2207657,2.512,Cc1cc(Cl)ccc1OC1CCN(C[C@H](O)CNC(=O)c2c[nH]c(=O)c3c(F)cccc23)CC1,Scientific Literature,Displacement of [3H]-pyrilamine from human recombinant H1 histamine receptor expressed in CHOK1 cells after 1 hr,B,Homo sapiens,,Bioorg Med Chem Lett,2012.0,Histamine H1 receptor,Ki,nM,8.6,487.96,3.26
CHEMBL4746800,120.0,CN(C)CCN1C(=O)c2ccccc2/C=C\c2ccccc21,Scientific Literature,Binding affinity to H1 receptor (unknown origin),B,Homo sapiens,,Bioorg Med Chem Lett,2020.0,Histamine H1 receptor,Ki,nM,6.92,292.38,3.38
CHEMBL1222554,25.12,CC(C)(CN1CCN(C2=Cc3ccccc3Cn3ccnc32)CC1)C(=O)O,Scientific Literature,Antagonist activity at human recombinant histamine H1 receptor expressed in CHO cells by FLPR assay,F,Homo sapiens,,Bioorg Med Chem Lett,2010.0,Histamine H1 receptor,Ki,nM,7.6,366.47,2.47
CHEMBL5183015,6025.6,Cc1nc(N)oc1CCCN/C(N)=N/C(=O)NCC(C)C1CCCCC1.O=C(O)C(F)(F)F.O=C(O)C(F)(F)F,Scientific Literature,Displacement of [3H] mepyramine from human histamine H1 receptor stably expressed in baculovirus infected Sf9 cell membrane co-expressing RGS4 incubated for 60 mins by scintillation counting analysis,B,Homo sapiens,,J Med Chem,2021.0,Histamine H1 receptor,Ki,nM,5.22,592.54,2.33
CHEMBL5208327,5248.07,Cc1ccc(CC(C)CNC(=O)/N=C(\N)Nc2cccc(-c3sc(N)nc3C)c2)cc1.O=C(O)C(F)(F)F.O=C(O)C(F)(F)F,Scientific Literature,Displacement of [3H] mepyramine from human histamine H1 receptor stably expressed in baculovirus infected Sf9 cell membrane co-expressing RGS4 incubated for 60 mins by scintillation counting analysis,B,Homo sapiens,,J Med Chem,2021.0,Histamine H1 receptor,Ki,nM,5.28,664.63,4.32
CHEMBL90997,1000.0,Fc1ccc2c(c1)CC(CC1CN=CN1)C2,Scientific Literature,Inhibition of [3H]pyrilamine binding to Histamine H1 receptor,B,Homo sapiens,,J Med Chem,2005.0,Histamine H1 receptor,Ki,nM,,218.28,1.93
CHEMBL1935416,10000.0,CS(=O)(=O)CCCOc1ccc2c(c1)CCC1(CCN(C3CCC3)CC1)O2,Scientific Literature,Binding affinity to human histamine H1 receptor,B,Homo sapiens,,Bioorg Med Chem Lett,2012.0,Histamine H1 receptor,Ki,nM,,393.55,3.21
CHEMBL2207641,1000.0,COc1ccccc1N1CCN(Cc2cc(CN3CCN(c4ccccc4OC)CC3)c3cccccc2-3)CC1,Scientific Literature,Displacement of [3H]mepyramine from human histamine H1 receptor expressed in insect Sf9 cell membrane preparation after 60 mins by scintillation counting analysis,B,Homo sapiens,,Bioorg Med Chem Lett,2012.0,Histamine H1 receptor,Ki,nM,6.0,536.72,5.45
CHEMBL1915534,40000.0,CC(C)(C)CCNc1cc(N[C@H]2CCNC2)ncn1,Scientific Literature,Antagonist activity at histamine H1 receptor,F,,,Bioorg Med Chem Lett,2011.0,Histamine H1 receptor,Ki,nM,,263.39,2.1
CHEMBL715,7.0,Cc1cc2c(s1)Nc1ccccc1N=C2N1CCN(C)CC1,Scientific Literature,In vitro binding affinity of compound against histamine H1 neuronal receptor,B,,,Bioorg Med Chem Lett,1997.0,Histamine H1 receptor,Ki,nM,8.15,312.44,3.44
CHEMBL62803,275.42,CCCCCC(=O)c1ccc(OCCCN2CCN(C(=O)OCC)CC2)cc1,Scientific Literature,Binding affinity for the human Histamine H1 Receptor,B,,,Bioorg Med Chem Lett,2002.0,Histamine H1 receptor,Ki,nM,6.56,390.52,3.99
CHEMBL105071,2300.0,CC(C)(C)c1ccc(S(=O)(=O)N[C@H]2CCN(CCCOc3ccc(C(=O)C4CC4)cc3)C2)cc1,Scientific Literature,Binding affinity to the human Histamine H1 receptor,B,,,Bioorg Med Chem Lett,2002.0,Histamine H1 receptor,Ki,nM,5.64,484.66,4.4
CHEMBL2432051,5569.0,COc1cc(CN[C@H]2C3C4CC5C6C4CC3C6C52)cc(OC)c1OC,Scientific Literature,Inhibition of histamine H1 receptor (unknown origin) by PDSP assay,B,Homo sapiens,,Bioorg Med Chem,2013.0,Histamine H1 receptor,Ki,nM,5.25,341.45,2.95
CHEMBL5200771,5011.87,CCCCCCNC(=O)/N=C(\N)NCCCc1nnc(N)s1.O=C(O)C(F)(F)F.O=C(O)C(F)(F)F,Scientific Literature,Displacement of [3H] mepyramine from human histamine H1 receptor stably expressed in baculovirus infected Sf9 cell membrane co-expressing RGS4 incubated for 60 mins by scintillation counting analysis,B,Homo sapiens,,J Med Chem,2021.0,Histamine H1 receptor,Ki,nM,5.3,555.5,1.25
CHEMBL318801,5623.41,N#Cc1ccc(-c2ccc(OCCCN3CC[C@H](O)C3)cc2)cc1,Scientific Literature,Binding affinity at human cortical Histamine 1 receptor,B,Homo sapiens,,Bioorg Med Chem Lett,2002.0,Histamine H1 receptor,Ki,nM,5.25,322.41,3.06
CHEMBL105515,3981.07,CC1CCCC(C)N1CCCOc1ccc(-c2ccc(C#N)cc2)cc1,Scientific Literature,Binding affinity of human cortical histamine H1 receptor,B,,,Bioorg Med Chem Lett,2002.0,Histamine H1 receptor,Ki,nM,5.4,348.49,5.26
CHEMBL106596,7762.47,N#Cc1ccc(-c2ccc(OCCCN3CCCC(O)C3)cc2)cc1,Scientific Literature,Binding affinity of human cortical histamine H1 receptor,B,,,Bioorg Med Chem Lett,2002.0,Histamine H1 receptor,Ki,nM,5.11,336.44,3.45
CHEMBL210578,8780.0,O=C(CCCN1C2CCC1CC(O)(c1ccc(Cl)cc1)C2)c1ccc(F)cc1,Scientific Literature,Displacement of [3H]Pyrilamine from human histamine H1 receptor by liquid scintillation counting,B,Homo sapiens,,Bioorg Med Chem Lett,2014.0,Histamine H1 receptor,Ki,nM,5.06,401.91,4.96
CHEMBL63002,4365.16,N[C@H](Cc1cc2ccccc2s1)C(=O)N1CCN(CCCOc2ccc(C(=O)C3CC3)cc2)CC1,Scientific Literature,Binding affinity towards Histamine H1 receptor of human membranes.,B,,,Bioorg Med Chem Lett,2002.0,Histamine H1 receptor,Ki,nM,5.36,491.66,3.98
CHEMBL4642520,4786.3,Cc1cc(/C=C/C=C/c2ccc(N(C)C)cc2)cc(C)[n+]1CCCCCc1c[nH]cn1.O=C(O)C(F)(F)F.O=C([O-])C(F)(F)F,Scientific Literature,Displacement of [3H]pyrilamine from human recombinant H1R expressed in baculovirus infected Sf9 insect cell membranes co-expressing RGS4,B,Homo sapiens,,J Med Chem,2020.0,Histamine H1 receptor,Ki,nM,,642.64,5.52
CHEMBL1935433,4.9,O=C(CN1CCCC(c2nc3ccccc3n2Cc2ccc(F)cc2)C1)N1CCCCC1,Scientific Literature,Antagonist activity at histamine H1 receptor,F,,,Bioorg Med Chem Lett,2012.0,Histamine H1 receptor,Ki,nM,8.31,434.56,4.42
CHEMBL2376804,20892.96,CNC1CN(c2nc(N)nc3cc(C4CC4)cnc23)C1,Scientific Literature,Displacement of [3H]histamine from human histamine H1 receptor expressed in HEK cells,B,Homo sapiens,,Bioorg Med Chem Lett,2013.0,Histamine H1 receptor,Ki,nM,4.68,270.34,0.89
CHEMBL2376803,16595.87,CNC1CN(c2nc(N)nc3cc(C4CCCC4)cnc23)C1,Scientific Literature,Displacement of [3H]histamine from human histamine H1 receptor expressed in HEK cells,B,Homo sapiens,,Bioorg Med Chem Lett,2013.0,Histamine H1 receptor,Ki,nM,4.78,298.39,1.67
CHEMBL343324,794.33,CNCCCOc1cccc2ccccc12,Scientific Literature,Displacement of [3H]mepyramine from human histamine H1 receptor expressed in HEK293 cells after 1 to 1.5 hrs by scintillation counting,B,Homo sapiens,,J Med Chem,2011.0,Histamine H1 receptor,Ki,nM,6.1,215.3,2.83
CHEMBL1403257,1905.46,C1CCN(c2nc(N3CCCC3)nc(N3CCNCC3)n2)C1,Scientific Literature,Displacement of [3H]mepyramine from human histamine H1 receptor expressed in HEK293 cells after 1 to 1.5 hrs by scintillation counting,B,Homo sapiens,,J Med Chem,2011.0,Histamine H1 receptor,Ki,nM,5.72,303.41,0.48
CHEMBL43594,616.0,CC1=C(C(=O)NCCCN2CCC(C#N)(c3ccc(F)cc3C#N)CC2)[C@@H](c2ccc(F)c(F)c2)CC(=O)N1C,Scientific Literature,Selectivity screen against human Histamine H1 receptor,B,Homo sapiens,,Bioorg Med Chem Lett,2000.0,Histamine H1 receptor,Ki,nM,6.21,549.6,4.26
CHEMBL5194692,1089.0,CCOc1ccc(F)cc1NC(=O)c1cc(C)ccc1NS(=O)(=O)C1CC1,Scientific Literature,Binding affinity to H1 receptor (unknown origin),B,Homo sapiens,,ACS Med Chem Lett,2022.0,Histamine H1 receptor,Ki,nM,5.96,392.45,3.69
CHEMBL141343,1718.0,Cc1c(C)c2c(c(C)c1O)CCC(C)(CN1CCN(c3cc(N4CCCC4)nc(N4CCCC4)n3)CC1)O2,DrugMatrix,"DRUGMATRIX: Histamine H1, Central radioligand binding (ligand: [3H] Pyrilamine)",B,,,,,Histamine H1 receptor,Ki,nM,5.76,520.72,4.21
CHEMBL92333,471.0,Clc1cccc(N2CCN(CC3C[C@@H]4c5ccccc5Cc5ccccc5[C@H]4O3)CC2)c1,Scientific Literature,Ability to displace [3H]pyrilamine from human cloned histamine H1 receptor expressed in CHO cells,B,,,Bioorg Med Chem Lett,2004.0,Histamine H1 receptor,Ki,nM,6.33,445.01,5.68
CHEMBL5171289,512.86,C[C@H](NC(=O)CNC(=O)CCN1CCC(Oc2ccccc2Cc2ccccc2)CC1)C(=O)N[C@@H](C)C(=O)N[C@H](Cc1ccccc1)C(N)=O,Scientific Literature,Displacement of fluorophore-labeled mepyramine from Nluc-tagged human H1R expressed in HEK293T cells incubated for 2 hrs by NanoBRET competition binding assay,B,Homo sapiens,,J Med Chem,2022.0,Histamine H1 receptor,Ki,nM,6.29,684.84,1.85
CHEMBL5176319,151.0,CC(C)[C@H](NC(=O)CCN1CCC(Oc2ccccc2Cc2ccccc2)CC1)C(=O)N[C@@H](CO)C(=O)N[C@@H](C)C(=O)N[C@H](Cc1ccccc1)C(N)=O,Scientific Literature,Displacement of fluorophore-labeled mepyramine from Nluc-tagged human H1R expressed in HEK293T cells incubated for 2 hrs by NanoBRET competition binding assay,B,Homo sapiens,,J Med Chem,2022.0,Histamine H1 receptor,Ki,nM,6.82,742.92,1.85
CHEMBL5179725,550.0,CC(C)[C@H](NC(=O)CCN1CCC(Oc2ccccc2Cc2ccccc2)CC1)C(=O)N[C@@H](CC(=O)O)C(=O)N[C@@H](C)C(=O)N[C@H](Cc1ccccc1)C(N)=O,Scientific Literature,Displacement of fluorophore-labeled mepyramine from Nluc-tagged human H1R expressed in HEK293T cells incubated for 2 hrs by NanoBRET competition binding assay,B,Homo sapiens,,J Med Chem,2022.0,Histamine H1 receptor,Ki,nM,6.26,770.93,2.33
CHEMBL5209546,95.0,CC(C)[C@H](NC(=O)CCN1CCC(Oc2ccccc2Cc2ccccc2)CC1)C(=O)N[C@@H](CO)C(=O)N[C@@H](CC(N)=O)C(=O)N[C@H](Cc1ccccc1)C(N)=O,Scientific Literature,Displacement of fluorophore-labeled mepyramine from Nluc-tagged human H1R expressed in HEK293T cells incubated for 2 hrs by NanoBRET competition binding assay,B,Homo sapiens,,J Med Chem,2022.0,Histamine H1 receptor,Ki,nM,7.02,785.94,0.7
CHEMBL102416,575.44,N#Cc1ccc(-c2ccc(OCCCN3CCC(O)CC3)cc2)cc1,Scientific Literature,Binding affinity of human cortical histamine H1 receptor,B,,,Bioorg Med Chem Lett,2002.0,Histamine H1 receptor,Ki,nM,6.24,336.44,3.45
CHEMBL3217984,3.162,CN1CCC2C(C1)c1cccc3c1N2c1ccccc1CS3,Scientific Literature,Binding affinity to H1 histamine receptor (unknown origin) by PDSP assay,B,Homo sapiens,,Medchemcomm,2012.0,Histamine H1 receptor,Ki,nM,8.5,308.45,4.23
CHEMBL1923729,10000.0,C[C@@H]1CCCN1CCCOc1ccc(-c2ccc(=O)n(C)c2)cc1,Scientific Literature,Binding affinity to human histamine H1 receptor,B,Homo sapiens,,Bioorg Med Chem Lett,2011.0,Histamine H1 receptor,Ki,nM,,326.44,3.31
CHEMBL5198008,501.0,CC(C)[C@H](NC(=O)CCN1CCC(Oc2ccccc2Cc2ccccc2)CC1)C(=O)NCC(=O)N[C@@H](C)C(=O)N[C@H](Cc1ccccc1)C(N)=O,Scientific Literature,Displacement of fluorophore-labeled mepyramine from Nluc-tagged human H1R expressed in HEK293T cells incubated for 2 hrs by NanoBRET competition binding assay,B,Homo sapiens,,J Med Chem,2022.0,Histamine H1 receptor,Ki,nM,6.3,712.89,2.49
CHEMBL1277491,199.53,O=C(O)C1CCN(C2CCC3(C2)C(=O)c2cc(F)ccc2Sc2ccccc23)CC1,Scientific Literature,Antagonist activity against human histamine H1 receptor expressed in CHO cells by FLIPR assay,F,Homo sapiens,,J Med Chem,2010.0,Histamine H1 receptor,Ki,nM,6.7,425.53,4.76
CHEMBL155314,3981071705534969.5,NCCCCCCCCCCCCCCc1c[nH]cn1,Scientific Literature,Inhibitory activity against human Histamine H1 receptor,B,,,J Med Chem,2003.0,Histamine H1 receptor,Ki,nM,,279.47,4.59
CHEMBL179590,5.89,CCOC(=O)N(O)CCC#Cc1ccc(OCCCCN2CCN(C(c3ccc(F)cc3)c3ccc(F)cc3)CC2)cc1,Scientific Literature,Binding affinity for human Histamine H1 receptor in CHO K1 cells,B,Homo sapiens,,Bioorg Med Chem Lett,2005.0,Histamine H1 receptor,Ki,nM,8.23,591.7,6.12
CHEMBL105483,354.81,CCOC(=O)N1CCN(CCCOc2ccc(-c3ccc(OC)cc3)cc2)CC1,Scientific Literature,Binding affinity of human cortical histamine H1 receptor,B,,,Bioorg Med Chem Lett,2002.0,Histamine H1 receptor,Ki,nM,6.45,398.5,3.91
CHEMBL1084132,2511.89,c1ccc(N2CCN(CC3CCCCN3)C2)cc1,Scientific Literature,Activity at histamine H1 receptor,B,,,Bioorg Med Chem Lett,2010.0,Histamine H1 receptor,Ki,nM,5.6,245.37,1.91
CHEMBL4171581,10000.0,Cc1ccc(-c2nc(CN(C)C[C@@H]3Cc4ccccc4O3)c(C)o2)s1,Scientific Literature,Displacement of [3H]pyrilamine from human HRH1 expressed in HEK cell membranes after 90 mins by scintillation counting method,B,Homo sapiens,,J Med Chem,2018.0,Histamine H1 receptor,Ki,nM,,354.48,4.46
CHEMBL1946123,1719.0,OC1(c2ccc(Cl)cc2)C[C@H]2CC[C@@H](C1)N2CCCCc1ccc(F)cc1,Scientific Literature,Displacement of [3H]-Pyrilamine from human histamine H1 receptor by liquid scintillation counter,B,Homo sapiens,,Bioorg Med Chem,2012.0,Histamine H1 receptor,Ki,nM,5.76,387.93,5.32
CHEMBL1946125,800.2,Fc1ccc(SCCCN2CCCN(c3ccc(Cl)cc3)CC2)cc1,Scientific Literature,Displacement of [3H]-Pyrilamine from human histamine H1 receptor by liquid scintillation counter,B,Homo sapiens,,Bioorg Med Chem,2012.0,Histamine H1 receptor,Ki,nM,6.1,378.94,5.17
CHEMBL1090198,15.0,CN(C)CCC1=C(Cc2ncccn2)c2ccccc2C1,Scientific Literature,Binding affinity at histamine H1 receptor,B,,,Bioorg Med Chem Lett,2010.0,Histamine H1 receptor,Ki,nM,7.82,279.39,2.98
CHEMBL1765111,15.85,O=c1c2ccccc2c(Cc2ccc(Cl)cc2)nn1C1CCCN(CCc2ccc(OCCCN3CCCCCC3)cc2)CC1,Scientific Literature,Antagonist activity at human recombinant histamine H1 receptor expressed in intact CHO cells assessed as inhibition of histamine-induced cellular calcium mobilization by FLIPR assay,F,Homo sapiens,,J Med Chem,2011.0,Histamine H1 receptor,Ki,nM,7.8,627.27,7.56
CHEMBL1092597,1.0,COc1nccnc1[C@H](C)C1=C(CCN(C)C)Cc2ccccc21,Scientific Literature,Binding affinity at histamine H1 receptor,B,,,Bioorg Med Chem Lett,2010.0,Histamine H1 receptor,Ki,nM,9.0,323.44,3.55
CHEMBL1093623,2.5,COc1ccc2c(c1)CC(CCN(C)C)=C2[C@@H](C)c1nccs1,Scientific Literature,Binding affinity at histamine H1 receptor,B,,,Bioorg Med Chem Lett,2010.0,Histamine H1 receptor,Ki,nM,8.6,328.48,4.22
CHEMBL1259187,64.0,CC(=O)NCc1ccc2c(c1)c(C1CCN(CCN3CCNC3=O)CC1)cn2-c1ccc(F)cc1,Scientific Literature,Displacement of [3H]prozosin from human cloned histamine H1 receptor expressed in CHO cells,B,Homo sapiens,,J Med Chem,2010.0,Histamine H1 receptor,Ki,nM,7.19,477.58,3.61
CHEMBL64875,12.0,CN1CCN([C@@H]2Cc3ccccc3Sc3ccc(Cl)cc32)CC1,Scientific Literature,Displacement of [3H]prozosin from human cloned histamine H1 receptor expressed in CHO cells,B,Homo sapiens,,J Med Chem,2010.0,Histamine H1 receptor,Ki,nM,7.92,344.91,4.34
CHEMBL303313,15.0,CN1CCN([C@H]2Cc3ccccc3Sc3ccc(Cl)cc32)CC1,Scientific Literature,Displacement of [3H]prozosin from human cloned histamine H1 receptor expressed in CHO cells,B,Homo sapiens,,J Med Chem,2010.0,Histamine H1 receptor,Ki,nM,7.82,344.91,4.34
CHEMBL1259174,2.5,CC(=O)NCc1ccc2c(c1)[C@@H](N1CCN(C)CC1)Cc1ccccc1S2,Scientific Literature,Displacement of [3H]prozosin from human cloned histamine H1 receptor expressed in CHO cells,B,Homo sapiens,,J Med Chem,2010.0,Histamine H1 receptor,Ki,nM,8.6,381.55,3.32
CHEMBL1201207,1169.0,C[C@H]1C[C@H]2[C@@H]3CCC4=CC(=O)C=C[C@]4(C)[C@@]3(F)[C@@H](O)C[C@]2(C)[C@@]1(O)C(=O)COP(=O)(O)O,DrugMatrix,"DRUGMATRIX: Histamine H1, Central radioligand binding (ligand: [3H] Pyrilamine)",B,,,,,Histamine H1 receptor,Ki,nM,5.93,472.45,2.01
CHEMBL1669409,32.0,C[C@H](C1=C(CCN(C)CC#N)Cc2ccccc21)c1cnccn1,Scientific Literature,Binding affinity to histamine H1 receptor,B,,,Bioorg Med Chem Lett,2011.0,Histamine H1 receptor,Ki,nM,7.5,318.42,3.44
CHEMBL1669424,13.9,C[C@H](C1=C(CCN(C)Cc2ccccn2)Cc2ccccc21)c1cnccn1,Scientific Literature,Binding affinity to histamine H1 receptor,B,,,Bioorg Med Chem Lett,2011.0,Histamine H1 receptor,Ki,nM,7.86,370.5,4.51
CHEMBL1669427,15.2,C[C@H](C1=C(CCN(C)CC2CCOCC2)Cc2ccccc21)c1cnccn1,Scientific Literature,Binding affinity to histamine H1 receptor,B,,,Bioorg Med Chem Lett,2011.0,Histamine H1 receptor,Ki,nM,7.82,377.53,4.34
CHEMBL1276860,39.81,O=C(O)[C@H]1[C@@H]2CN(C3CCC4(Cc5ccccc5Cc5ccccc54)C3)C[C@@H]21,Scientific Literature,Antagonist activity against human histamine H1 receptor expressed in CHO cells by FLIPR assay,F,Homo sapiens,,J Med Chem,2010.0,Histamine H1 receptor,Ki,nM,7.4,373.5,3.89
CHEMBL271066,158.49,Cc1ccc2c(-c3nnc(SCCCN4CCc5cc6c(cc5CC4)OCC(=O)N6)n3C)cccc2n1,Scientific Literature,Antagonist activity at histamine H1 receptor by FLIPR assay,F,,,Bioorg Med Chem Lett,2008.0,Histamine H1 receptor,Ki,nM,6.8,514.66,4.25
CHEMBL239744,1584.89,O=C(c1ccc(Cl)cc1)N1CCN(c2ccc(OC3CCN(C4CCCC4)CC3)cc2)C(=O)C1.O=CO,Scientific Literature,Antagonist activity at human recombinant histamine H1 receptor expressed in CHO cells assessed as inhibition of histamine-induced cellular calcium mobilization,F,Homo sapiens,,J Med Chem,2007.0,Histamine H1 receptor,Ki,nM,,528.05,4.61
CHEMBL239299,2511.89,C[C@@H]1CCCN1CCCOc1ccc(N2CCN(C(=O)c3ccc(F)cc3F)CC2=O)cc1.O=CO,Scientific Literature,Antagonist activity at human recombinant histamine H1 receptor expressed in CHO cells assessed as inhibition of histamine-induced cellular calcium mobilization,F,Homo sapiens,,J Med Chem,2007.0,Histamine H1 receptor,Ki,nM,,503.55,3.71
CHEMBL238872,2511.89,O=C(c1ccc(F)cc1F)N1CCN(c2ccc(OCCCN3CCCCCC3)cc2)C(=O)C1.O=CO,Scientific Literature,Antagonist activity at human recombinant histamine H1 receptor expressed in CHO cells assessed as inhibition of histamine-induced cellular calcium mobilization,F,Homo sapiens,,J Med Chem,2007.0,Histamine H1 receptor,Ki,nM,,517.57,4.1
CHEMBL429458,2511.89,O=C(c1ccc(F)cc1)N1CCN(c2ccc(OCCCN3CCCC3)cc2)C(=O)C1.O=CO,Scientific Literature,Antagonist activity at human recombinant histamine H1 receptor expressed in CHO cells assessed as inhibition of histamine-induced cellular calcium mobilization,F,Homo sapiens,,J Med Chem,2007.0,Histamine H1 receptor,Ki,nM,,471.53,3.18
CHEMBL240395,2511.89,O=C(c1ccc(C(=O)N2CCN(c3ccc(OCCCN4CCCCC4)cc3)C(=O)C2)cc1)N1CCC1.O=CO,Scientific Literature,Antagonist activity at human recombinant histamine H1 receptor expressed in CHO cells assessed as inhibition of histamine-induced cellular calcium mobilization,F,Homo sapiens,,J Med Chem,2007.0,Histamine H1 receptor,Ki,nM,,550.66,3.28
CHEMBL240187,1995.26,CS(=O)(=O)c1ccc(C(=O)N2CCN(c3ccc(OCCCN4CCCCC4)cc3)C(=O)C2)cc1,Scientific Literature,Antagonist activity at human recombinant histamine H1 receptor expressed in CHO cells assessed as inhibition of histamine-induced cellular calcium mobilization,F,Homo sapiens,,J Med Chem,2007.0,Histamine H1 receptor,Ki,nM,,499.63,2.83
CHEMBL1669425,4.9,C[C@H](C1=C(CCN(C)Cc2ccncc2)Cc2ccccc21)c1cnccn1,Scientific Literature,Binding affinity to histamine H1 receptor,B,,,Bioorg Med Chem Lett,2011.0,Histamine H1 receptor,Ki,nM,8.31,370.5,4.51
CHEMBL1256998,4656.93,CCCCN1CCC(COC(=O)c2cc(Cl)c(N)c3c2OCCO3)CC1.Cl,EUbOPEN Chemogenomic Library,"PDSP Secondary Binding target: HRH1 - Compounds are tested at 10 uM concentration, plate are incubated at room temperature in the dark for 90 minutes. Reaction are stopped by vacuum filtration onto 0.3% polyethyleneimine soaked filter mats using Filtermate harvester. Scintillation cocktail is then melted onto microwave-dried filters on a hot plate and the radio activity is counted in Microbia counter. Compounds showing a minimum of 50% inhibition at 10 uM concentration are carried forward in this secondary binding assay to determine equilibrium binding affinity.",B,Homo sapiens,,,2024.0,Histamine H1 receptor,Ki,nM,5.33,419.35,3.36
CHEMBL322678,91000.0,Cn1cnc(S(=O)(=O)N[C@H]2CCN(CCCOc3ccc(C(=O)C4CC4)cc3)C2)c1,Scientific Literature,Binding affinity to the human Histamine H1 receptor,B,,,Bioorg Med Chem Lett,2002.0,Histamine H1 receptor,Ki,nM,4.04,432.55,1.83
CHEMBL1669410,109.0,C[C@H](C1=C(CCN(C)CCC#N)Cc2ccccc21)c1cnccn1,Scientific Literature,Binding affinity to histamine H1 receptor,B,,,Bioorg Med Chem Lett,2011.0,Histamine H1 receptor,Ki,nM,6.96,332.45,3.83
CHEMBL1411979,1.802,CN(C)CCN(Cc1cccs1)c1ccccn1,DrugMatrix,"DRUGMATRIX: Histamine H1, Central radioligand binding (ligand: [3H] Pyrilamine)",B,,,,,Histamine H1 receptor,Ki,nM,8.74,261.39,2.71
CHEMBL1935439,11.9,CN(C)C(=O)CN1CCCC(c2nc3ccccc3n2CCOc2ccccc2)C1,Scientific Literature,Antagonist activity at histamine H1 receptor,F,,,Bioorg Med Chem Lett,2012.0,Histamine H1 receptor,Ki,nM,7.92,406.53,3.38
CHEMBL61288,1737.8,C[C@H](CN)C(=O)N1CCN(CCCOc2ccc(C(=O)C3CC3)cc2)CC1,Scientific Literature,Binding affinity towards Histamine H1 receptor of human membranes.,B,,,Bioorg Med Chem Lett,2002.0,Histamine H1 receptor,Ki,nM,5.76,373.5,1.79
CHEMBL597528,964.0,c1ccc(CCCCNCC2c3ccccc3Cc3ccccc32)cc1,Scientific Literature,Displacement of [3H]Pyrilamine from human cloned histamine H1 receptor,B,Homo sapiens,,Bioorg Med Chem Lett,2010.0,Histamine H1 receptor,Ki,nM,6.02,341.5,5.34
CHEMBL291166,355.0,CC1=C(C(=O)NCCCN2CCC(C#N)(c3ccc(F)cc3)CC2)[C@@H](c2ccc(F)c(F)c2)CC(=O)N1C,Scientific Literature,Selectivity screen against human Histamine H1 receptor,B,Homo sapiens,,Bioorg Med Chem Lett,2000.0,Histamine H1 receptor,Ki,nM,6.45,524.59,4.39
CHEMBL419316,1000.0,COc1cc2c(cc1OC)C1=NO[C@@H](CN3CCN(C/C=C(\C)c4ccccc4)CC3)[C@@H]1CO2,Scientific Literature,Inhibition of [3H]pyrilamine binding to Histamine H1 receptor,B,Homo sapiens,,J Med Chem,2005.0,Histamine H1 receptor,Ki,nM,,463.58,3.54
CHEMBL2207285,5.012,O=C(NC[C@@H](O)CN1CCC(Oc2ccc(Cl)c(Cl)c2)CC1)c1c[nH]c(=O)c2cc(S(=O)(=O)NC3CC3)ccc12,Scientific Literature,Displacement of [3H]-pyrilamine from human recombinant H1 histamine receptor expressed in CHOK1 cells after 1 hr,B,Homo sapiens,,Bioorg Med Chem Lett,2012.0,Histamine H1 receptor,Ki,nM,8.3,609.53,2.91
CHEMBL2207279,12.59,Cc1cc(Cl)ccc1OC1CCN(C[C@H](O)CNC(=O)c2c[nH]c(=O)c3cc(F)ccc23)CC1,Scientific Literature,Displacement of [3H]-pyrilamine from human recombinant H1 histamine receptor expressed in CHOK1 cells after 1 hr,B,Homo sapiens,,Bioorg Med Chem Lett,2012.0,Histamine H1 receptor,Ki,nM,7.9,487.96,3.26
CHEMBL593494,64.0,CNCCC(c1ccccc1)c1ccccc1,Scientific Literature,Displacement of [3H]chlorphniramine from human histamine H1 receptor expressed in cells,B,Homo sapiens,,Bioorg Med Chem,2009.0,Histamine H1 receptor,Ki,nM,7.19,225.34,3.43
CHEMBL327651,3.74,CN(C)C[C@@H]1C[C@H]2c3ccccc3Cc3ccccc3[C@@H]2O1,Scientific Literature,Ability to displace [3H]pyrilamine from human cloned histamine H1 receptor expressed in CHO cells,B,,,Bioorg Med Chem Lett,2004.0,Histamine H1 receptor,Ki,nM,8.43,293.41,3.77
CHEMBL1278115,25.12,O=C(O)CCNC1CC[C@@]2(Cc3ccccc3Cc3ccccc32)C1,Scientific Literature,Antagonist activity against human histamine H1 receptor expressed in CHO cells by FLIPR assay,F,Homo sapiens,,J Med Chem,2010.0,Histamine H1 receptor,Ki,nM,7.6,335.45,3.69
CHEMBL3954123,140.0,CS(=O)(=O)c1ccc2c(c1)N(CCCN1CCC(C(=O)O)CC1)c1ccccc1S2,BindingDB Patent Bioactivity Data,"Radioligand Binding Assay: The pharmacological profile of metopimazine, metopimazine acid (MPZA), domperidone, and metoclopramide were assessed by radioligand binding and by a functional antagonist assay. For the radioligand binding assay, cell membranes of dopamine D2 receptor expressing cells were incubated with [3H]spiperone and competing drugs in buffer. The assay was terminated by rapid filtration, and the bound radioactive signal was determined by liquid scintillation counting.",B,Homo sapiens,,,2015.0,Histamine H1 receptor,Ki,nM,6.85,446.59,3.88
CHEMBL1278202,12.59,CC1(C(=O)O)CCN(C2CC[C@]3(Cc4ccccc4Cc4ccccc43)C2)C1,Scientific Literature,Antagonist activity against human histamine H1 receptor expressed in CHO cells by FLIPR assay,F,Homo sapiens,,J Med Chem,2010.0,Histamine H1 receptor,Ki,nM,7.9,375.51,4.42
CHEMBL105967,3890.45,N#Cc1ccc(-c2ccc(OCCCN3CCCNCC3)cc2)cc1,Scientific Literature,Binding affinity of human cortical histamine H1 receptor,B,,,Bioorg Med Chem Lett,2002.0,Histamine H1 receptor,Ki,nM,5.41,335.45,3.29
CHEMBL105268,380.19,CCOC(=O)N1CCN(CCCOc2ccc(-c3cccc(C#N)c3)cc2)CC1,Scientific Literature,Binding affinity at human cortical Histamine 1 receptor,B,Homo sapiens,,Bioorg Med Chem Lett,2002.0,Histamine H1 receptor,Ki,nM,6.42,393.49,3.77
CHEMBL3357024,1955.0,CCOC(=O)N1CCC(=C2c3ccc(Cl)cc3CCc3cc(OC)cnc32)CC1,Scientific Literature,Displacement of [3H]mepyramine from human histamine H1 receptor expressed in Sf9 cells by scintillation counting method,B,Homo sapiens,,J Med Chem,2014.0,Histamine H1 receptor,Ki,nM,5.71,412.92,4.9
CHEMBL105267,13803.84,N#Cc1ccc(-c2ccc(OCCCN3CC[C@@H](N)C3)cc2)cc1,Scientific Literature,Binding affinity at human cortical Histamine 1 receptor,B,Homo sapiens,,Bioorg Med Chem Lett,2002.0,Histamine H1 receptor,Ki,nM,4.86,321.42,3.03
CHEMBL444307,426.58,CCOC(=O)N1CCN(CCCOc2ccc(C(=O)/C=C/c3cccnc3)cc2)CC1,Scientific Literature,Binding affinity for the human Histamine H1 Receptor,B,,,Bioorg Med Chem Lett,2002.0,Histamine H1 receptor,Ki,nM,6.37,423.51,3.52
CHEMBL4162575,10000.0,CC(=O)N1CCc2cc(C(=O)NCCCN3CCN(C)CC3)ccc21,Scientific Literature,Displacement of [3H]pyrilamine from human HRH1 expressed in HEK cell membranes after 90 mins by scintillation counting method,B,Homo sapiens,,J Med Chem,2018.0,Histamine H1 receptor,Ki,nM,,344.46,0.96
CHEMBL1625084,10000.0,Clc1ccccc1OCCCCN1CCNCC1,Scientific Literature,Displacement of [3H]pyrilamine from human HRH1 expressed in HEK cell membranes after 90 mins by scintillation counting method,B,Homo sapiens,,J Med Chem,2018.0,Histamine H1 receptor,Ki,nM,,268.79,2.4
CHEMBL65849,7696.0,CN(C)CCCNc1c2c(nc3ccccc13)CCCCC2,Scientific Literature,Compound was tested for its binding affinity towards human H1 receptor,B,,,Bioorg Med Chem Lett,2003.0,Histamine H1 receptor,Ki,nM,5.11,297.45,3.87
CHEMBL29808,10000.0,C=Cc1ccc(N2CCN(Cc3c[nH]c4ncccc34)CC2)cc1,Scientific Literature,Binding affinity to cloned Histamine H1 receptor,B,,,Bioorg Med Chem Lett,2001.0,Histamine H1 receptor,Ki,nM,,318.42,3.53
CHEMBL28833,10000.0,CCCc1ccc(N2CCN(Cc3c[nH]c4ncccc34)CC2)cc1,Scientific Literature,Binding affinity to cloned Histamine H1 receptor,B,,,Bioorg Med Chem Lett,2001.0,Histamine H1 receptor,Ki,nM,,334.47,3.84
CHEMBL1112,61.0,O=C1CCc2ccc(OCCCCN3CCN(c4cccc(Cl)c4Cl)CC3)cc2N1,Scientific Literature,Binding affinity to H1 histamine receptor (unknown origin),B,Homo sapiens,,Bioorg Med Chem Lett,2021.0,Histamine H1 receptor,Ki,nM,7.21,448.39,4.86
CHEMBL4750996,6860.0,O=C(c1ccc(Cl)cc1)c1ccc(OCCCN2CCN(c3ccncc3)CC2)cc1,Scientific Literature,Displacement of [3H]mepyramine from human H1R expressed in Sf9 cell membranes co-expressing RGS4 measured after 60 mins by scintillation counting analysis,B,Homo sapiens,,Eur J Med Chem,2021.0,Histamine H1 receptor,Ki,nM,5.16,435.95,4.56
CHEMBL4783066,4086.0,Clc1ccc(-c2ccc(OCCCN3CCN(c4ccncc4)CC3)cc2)cc1,Scientific Literature,Displacement of [3H]mepyramine from human H1R expressed in Sf9 cell membranes co-expressing RGS4 measured after 60 mins by scintillation counting analysis,B,Homo sapiens,,Eur J Med Chem,2021.0,Histamine H1 receptor,Ki,nM,5.39,407.95,4.99
CHEMBL4740135,1988.0,Clc1cccc(-c2ccc(OCCCN3CCN(c4ccncc4)CC3)cc2)c1,Scientific Literature,Displacement of [3H]mepyramine from human H1R expressed in Sf9 cell membranes co-expressing RGS4 measured after 60 mins by scintillation counting analysis,B,Homo sapiens,,Eur J Med Chem,2021.0,Histamine H1 receptor,Ki,nM,5.7,407.95,4.99
CHEMBL2112371,3.5,CNC[C@@H]1C[C@H]2c3ccccc3Cc3ccccc3[C@@H]2O1,Scientific Literature,Ability to displace [3H]pyrilamine from human cloned histamine H1 receptor expressed in CHO cells,B,,,Bioorg Med Chem Lett,2004.0,Histamine H1 receptor,Ki,nM,8.46,279.38,3.42
CHEMBL564144,4.0,C[C@@H](c1ccccn1)c1c(CCN(C)C)sc2ccccc12,Scientific Literature,Inhibition of histamine H1 receptor,B,,,Bioorg Med Chem Lett,2010.0,Histamine H1 receptor,Ki,nM,8.4,310.47,4.55
CHEMBL158595,890.0,C[C@@H](NC(=O)c1ccc(N(C)C)cc1)C(=O)N1CCN(CCCOc2ccc(-c3noc(CC4CCCC4)n3)c(F)c2)CC1,Scientific Literature,Binding affinity towards histamine H1 receptor of human colon cells was determined,B,,,Bioorg Med Chem Lett,2004.0,Histamine H1 receptor,Ki,nM,6.05,606.74,4.41
CHEMBL312958,21379.62,CCCCCC(=O)c1ccc(OCCCN2CCN(C(=O)[C@@H](NC(=O)OC(C)(C)C)C(C)C)CC2)cc1,Scientific Literature,Binding affinity towards Histamine H1 receptor of human membranes.,B,,,Bioorg Med Chem Lett,2002.0,Histamine H1 receptor,Ki,nM,4.67,517.71,4.91
CHEMBL328114,1000.0,COc1cc2c(cc1OC)C1=NO[C@@H](CN3CCN(C/C=C/c4ccccc4)CC3)[C@@H]1CO2,Scientific Literature,Inhibition of [3H]pyrilamine binding to Histamine H1 receptor,B,Homo sapiens,,J Med Chem,2005.0,Histamine H1 receptor,Ki,nM,,449.55,3.15
CHEMBL303369,16595.87,CCCCCC(=O)c1ccc(OCCCN2CCN(C(=O)[C@H](N)C(C)C)CC2)cc1,Scientific Literature,Binding affinity towards Histamine H1 receptor of human membranes.,B,,,Bioorg Med Chem Lett,2002.0,Histamine H1 receptor,Ki,nM,4.78,417.59,3.35
CHEMBL96429,2.36,c1ccc2c(c1)Cc1ccccc1[C@H]1OC(CN3CCOCC3)C[C@H]21,Scientific Literature,Ability to displace [3H]pyrilamine from human cloned histamine H1 receptor expressed in CHO cells,B,,,Bioorg Med Chem Lett,2004.0,Histamine H1 receptor,Ki,nM,8.63,335.45,3.54
CHEMBL61120,28183.83,NCCC(=O)N1CCN(CCCOc2ccc(C(=O)C3CC3)cc2)CC1,Scientific Literature,Binding affinity towards Histamine H1 receptor of human membranes.,B,,,Bioorg Med Chem Lett,2002.0,Histamine H1 receptor,Ki,nM,4.55,359.47,1.54
CHEMBL288772,398.0,CC1=C(C(=O)NCCCN2CCC(c3ccc(F)cc3C#N)CC2)[C@@H](c2ccc(F)c(F)c2)CC(=O)N1C,Scientific Literature,Selectivity screen against human Histamine H1 receptor,B,Homo sapiens,,Bioorg Med Chem Lett,2000.0,Histamine H1 receptor,Ki,nM,6.4,524.59,4.58
CHEMBL1767136,0.1622,CN1CCC[C@@H]1Cn1nc(Cc2ccc(Cl)cc2)c2ccccc2c1=O,Scientific Literature,Antagonist activity at human H1 receptor expressed in CHO cells assessed as inhibition of calcium mobilization by FLIPR assay,F,Homo sapiens,,Bioorg Med Chem,2012.0,Histamine H1 receptor,Ki,nM,9.79,367.88,3.73
CHEMBL1783890,1584.89,CNC(=O)c1cnc(Oc2ccc3c(c2)CCN(C2CCC2)CC3)cn1,Scientific Literature,Binding affinity to human histamine H1 receptor,B,Homo sapiens,,Bioorg Med Chem Lett,2013.0,Histamine H1 receptor,Ki,nM,5.8,352.44,2.58
CHEMBL2158781,158.49,Cc1cc(F)ccc1OC1CCN(CC2CCN([C@@H](Cc3ccc(F)cc3)C(=O)O)CC2)CC1,Scientific Literature,Binding affinity to histamine H1 receptor,B,,,Bioorg Med Chem Lett,2012.0,Histamine H1 receptor,Ki,nM,6.8,472.58,4.52
CHEMBL2158839,50.12,O=C(O)[C@H](Cc1ccccc1F)N1CCC(CN2CCC(Oc3ccc(Cl)c(Cl)c3)CC2)CC1,Scientific Literature,Binding affinity to histamine H1 receptor,B,,,Bioorg Med Chem Lett,2012.0,Histamine H1 receptor,Ki,nM,7.3,509.45,5.38
CHEMBL2158837,50.12,O=C(O)[C@H](Cc1ccccc1Cl)N1CCC(CN2CCC(Oc3ccc(Cl)c(Cl)c3)CC2)CC1,Scientific Literature,Binding affinity to histamine H1 receptor,B,,,Bioorg Med Chem Lett,2012.0,Histamine H1 receptor,Ki,nM,7.3,525.9,5.9
CHEMBL2158818,100.0,O=C(O)C(c1ccccc1)N1CCO[C@H](CN2CCC(Oc3ccc(Cl)c(Cl)c3)CC2)C1,Scientific Literature,Binding affinity to histamine H1 receptor,B,,,Bioorg Med Chem Lett,2012.0,Histamine H1 receptor,Ki,nM,7.0,479.4,4.36
CHEMBL2158830,39.81,O=C(O)COc1ccc(N2CCC(CN3CCC(Oc4ccc(Cl)c(Cl)c4)CC3)CC2)cc1,Scientific Literature,Binding affinity to histamine H1 receptor,B,,,Bioorg Med Chem Lett,2012.0,Histamine H1 receptor,Ki,nM,7.4,493.43,5.22
CHEMBL572034,121.0,Cc1ccc(CCCCN2CCC(C(O)c3ccccc3)CC2)cc1,Scientific Literature,Displacement of [3H]pyrilamine from human recombinant histamine H1 receptor expressed in CHO cell by Betaplate scintillation counting,B,Homo sapiens,,Bioorg Med Chem Lett,2009.0,Histamine H1 receptor,Ki,nM,6.92,337.51,4.76
CHEMBL4516137,3.162,Clc1ccc2c(c1)CCc1cccnc1C2=C1CCN(Cc2ccccn2)CC1,Scientific Literature,Displacement of [3H]mepyramine from N-terminal HA-tagged H1R (unknown origin) expressed in HEK293T cells measured after 4 hrs by microbeta scintillation counting method,B,Homo sapiens,,J Med Chem,2019.0,Histamine H1 receptor,Ki,nM,8.5,401.94,5.33
CHEMBL193639,0.52,CN(C)C[C@H]1CC2c3ccccc3Sc3ccc(F)cc3[C@H]2O1,Scientific Literature,Inhibition of [3H]pyrilamine binding to human Histamine H1 receptor ,B,Homo sapiens,,J Med Chem,2005.0,Histamine H1 receptor,Ki,nM,9.28,329.44,4.47
CHEMBL364270,14.0,CN(C)C[C@@H]1CC2c3ccccc3Oc3ccc(Cl)cc3[C@H]2O1,Scientific Literature,Inhibition of [3H]pyrilamine binding to human Histamine H1 receptor ,B,Homo sapiens,,J Med Chem,2005.0,Histamine H1 receptor,Ki,nM,7.85,329.83,4.62
CHEMBL3357041,153.0,C/C=C/C(=O)N1CCC(=C2c3ccc(Cl)cc3CCc3cccnc32)CC1,Scientific Literature,Displacement of [3H]mepyramine from human histamine H1 receptor expressed in Sf9 cells by scintillation counting method,B,Homo sapiens,,J Med Chem,2014.0,Histamine H1 receptor,Ki,nM,6.82,378.9,4.83
CHEMBL398615,8.4,CS(=O)(=O)c1ccc2c(c1)N(CCCN1CCC(C(N)=O)CC1)c1ccccc1S2,BindingDB Patent Bioactivity Data,"Radioligand Binding Assay: The pharmacological profile of metopimazine, metopimazine acid (MPZA), domperidone, and metoclopramide were assessed by radioligand binding and by a functional antagonist assay. For the radioligand binding assay, cell membranes of dopamine D2 receptor expressing cells were incubated with [3H]spiperone and competing drugs in buffer. The assay was terminated by rapid filtration, and the bound radioactive signal was determined by liquid scintillation counting.",B,Homo sapiens,,,2015.0,Histamine H1 receptor,Ki,nM,8.08,445.61,3.28
CHEMBL196598,10000.0,COc1ccc(NC(=O)N2CCN(c3ccc(C(F)(F)F)cc3)CC2)cc1N1CCN(C)CC1,Scientific Literature,Affinity towards cloned Histamine H1 receptor,B,Homo sapiens,,Bioorg Med Chem Lett,2005.0,Histamine H1 receptor,Ki,nM,,477.53,3.82
CHEMBL319231,90000.0,CC(=O)c1ccc(OCCCN2CC[C@H](N)C2)cc1,Scientific Literature,Binding affinity to the human Histamine H1 receptor,B,,,Bioorg Med Chem Lett,2002.0,Histamine H1 receptor,Ki,nM,4.05,262.35,1.69
CHEMBL2171030,6309.57,Cc1ccc(C(=O)N2CCC(N3CC[C@H](Oc4ccc(Cl)c(C)c4Cl)C[C@@H]3C(=O)O)CC2)cc1,Scientific Literature,Displacement of [3H]pyrilamine from human H1 receptor expressed in CHOK1 cells,B,Homo sapiens,,Bioorg Med Chem Lett,2012.0,Histamine H1 receptor,Ki,nM,,505.44,5.21
CHEMBL4458676,7.943,Cc1cccc(CN2CCC(=C3c4ccc(Cl)cc4CCc4cccnc43)CC2)c1,Scientific Literature,Displacement of [3H]mepyramine from N-terminal HA-tagged H1R (unknown origin) expressed in HEK293T cells measured after 4 hrs by microbeta scintillation counting method,B,Homo sapiens,,J Med Chem,2019.0,Histamine H1 receptor,Ki,nM,8.1,414.98,6.24
CHEMBL1767143,630.96,COC(=O)c1ccc(Cc2nn(C[C@H]3CCCN3C)c(=O)c3ccccc23)cc1,Scientific Literature,Antagonist activity at human recombinant histamine H1 receptor expressed in intact CHO cells assessed as inhibition of histamine-induced cellular calcium mobilization by FLIPR assay,F,Homo sapiens,,J Med Chem,2011.0,Histamine H1 receptor,Ki,nM,6.2,391.47,2.87
CHEMBL1767160,15.85,O=c1c2ccccc2c(Cc2ccc(Cl)cc2)nn1C1CCCN(CCCc2ccc(OCCCN3CCCCCC3)cc2)CC1,Scientific Literature,Antagonist activity at human recombinant histamine H1 receptor expressed in intact CHO cells assessed as inhibition of histamine-induced cellular calcium mobilization by FLIPR assay,F,Homo sapiens,,J Med Chem,2011.0,Histamine H1 receptor,Ki,nM,7.8,641.3,7.95
CHEMBL1669414,49.0,FC1CN(CCC2=C(Cc3cnccn3)c3ccccc3C2)C1,Scientific Literature,Binding affinity to histamine H1 receptor,B,,,Bioorg Med Chem Lett,2011.0,Histamine H1 receptor,Ki,nM,7.31,309.39,3.07
CHEMBL2207672,50.12,Cc1c(Cl)ccc(OC2CCN(C[C@H](O)CNC(=O)c3c[nH]c(=O)c4cc(S(C)(=O)=O)ccc34)CC2)c1Cl,Scientific Literature,Displacement of [3H]-pyrilamine from human recombinant H1 histamine receptor expressed in CHOK1 cells after 1 hr,B,Homo sapiens,,Bioorg Med Chem Lett,2012.0,Histamine H1 receptor,Ki,nM,7.3,582.51,3.18
CHEMBL2146801,0.2512,COCCN1CCC[C@@H]1Cn1nc(Cc2ccc(Cl)cc2)c2cnccc2c1=O,Scientific Literature,Antagonist activity at human H1 receptor expressed in CHO cells assessed as inhibition of calcium mobilization by FLIPR assay,F,Homo sapiens,,Bioorg Med Chem,2012.0,Histamine H1 receptor,Ki,nM,9.6,412.92,3.15
CHEMBL639,1.202,CN1CCCC(n2nc(Cc3ccc(Cl)cc3)c3ccccc3c2=O)CC1,Scientific Literature,Antagonist activity at human H1 receptor expressed in CHO cells assessed as inhibition of calcium mobilization by FLIPR assay,F,Homo sapiens,,Bioorg Med Chem,2012.0,Histamine H1 receptor,Ki,nM,8.92,381.91,4.3
CHEMBL1079180,1374.0,CCOc1cc(CN2CCC(Nc3nc4cc(Cl)c(S(N)(=O)=O)cc4o3)CC2)ccc1F,Scientific Literature,Binding affinity to human histamine H1 receptor,B,Homo sapiens,,Bioorg Med Chem Lett,2009.0,Histamine H1 receptor,Ki,nM,5.86,482.97,3.74
CHEMBL102925,2300.0,CCc1ccc(S(=O)(=O)N[C@H]2CCN(CCCOc3ccc(C(=O)C4CC4)cc3)C2)cc1,Scientific Literature,Binding affinity to the human Histamine H1 receptor,B,,,Bioorg Med Chem Lett,2002.0,Histamine H1 receptor,Ki,nM,5.64,456.61,3.66
CHEMBL432144,3388.44,CCCCCC(=O)c1ccc(OCCCN2CCN(CCC)CC2)cc1,Scientific Literature,Binding affinity for the human Histamine H1 Receptor,B,,,Bioorg Med Chem Lett,2002.0,Histamine H1 receptor,Ki,nM,5.47,360.54,4.25
CHEMBL449040,562.34,CCCCCCCC(=O)c1ccc(OCCCN2CCN(C(=O)OCC)CC2)cc1,Scientific Literature,Binding affinity for the human Histamine H1 Receptor,B,,,Bioorg Med Chem Lett,2002.0,Histamine H1 receptor,Ki,nM,6.25,418.58,4.77
CHEMBL302829,2089.3,CC[C@@H](N)C(=O)N1CCN(CCCOc2ccc(C(=O)C3CC3)cc2)CC1,Scientific Literature,Binding affinity towards Histamine H1 receptor of human membranes.,B,,,Bioorg Med Chem Lett,2002.0,Histamine H1 receptor,Ki,nM,5.68,373.5,1.93
CHEMBL64775,275.42,CCCCCC(=O)c1ccc(OCCCN2CCN(C(=O)OCC(C)C)CC2)cc1,Scientific Literature,Binding affinity for the human Histamine H1 Receptor,B,,,Bioorg Med Chem Lett,2002.0,Histamine H1 receptor,Ki,nM,6.56,418.58,4.63
CHEMBL102840,14000.0,CC(=O)c1ccc(OCCCN2CC[C@H](NS(=O)(=O)c3ccc(C#N)cc3)C2)cc1,Scientific Literature,Binding affinity to the human Histamine H1 receptor,B,,,Bioorg Med Chem Lett,2002.0,Histamine H1 receptor,Ki,nM,4.85,427.53,2.58
CHEMBL1729417,1000.0,COc1ccc(N2CCN(CCCNC(=O)Cn3c(=O)c4cccn4c4c(C)ccnc43)CC2)cc1,Scientific Literature,Binding affinity to histamine H1 receptor (unknown origin),B,Homo sapiens,,Bioorg Med Chem Lett,2014.0,Histamine H1 receptor,Ki,nM,,488.59,2.29
CHEMBL1278021,158.49,O=C(O)C1=CCCN(C2CC[C@@]3(Cc4ccccc4Cc4ccccc43)C2)C1,Scientific Literature,Antagonist activity against human histamine H1 receptor expressed in CHO cells by FLIPR assay,F,Homo sapiens,,J Med Chem,2010.0,Histamine H1 receptor,Ki,nM,6.8,373.5,4.34
CHEMBL1091791,390.0,Cc1ccnc(C(C)c2c(CCN(C)C)sc3ccccc23)c1,Scientific Literature,Displacement of [3H]pyrilamine from human histamine H1 receptor expressed in CHO Flp-In cells after 90 mins by scintillation counting,B,Homo sapiens,,Bioorg Med Chem Lett,2010.0,Histamine H1 receptor,Ki,nM,6.41,324.49,4.86
CHEMBL1091069,5.0,COc1cccnc1[C@H](C)c1c(CCN(C)C)sc2ccccc12,Scientific Literature,Displacement of [3H]pyrilamine from human histamine H1 receptor expressed in CHO Flp-In cells after 90 mins by scintillation counting,B,Homo sapiens,,Bioorg Med Chem Lett,2010.0,Histamine H1 receptor,Ki,nM,8.3,340.49,4.56
CHEMBL2207637,2600.0,COc1ccccc1N1CCN(Cc2cc(CN(C)C)c3cccccc2-3)CC1,Scientific Literature,Displacement of [3H]mepyramine from human histamine H1 receptor expressed in insect Sf9 cell membrane preparation after 60 mins by scintillation counting analysis,B,Homo sapiens,,Bioorg Med Chem Lett,2012.0,Histamine H1 receptor,Ki,nM,5.58,389.54,4.18
CHEMBL2146803,0.5129,COCCN1CCC[C@@H]1Cn1nc(Cc2ccc(Cl)cc2)c2ccccc2c1=O,Scientific Literature,Antagonist activity at human H1 receptor expressed in CHO cells assessed as inhibition of calcium mobilization by FLIPR assay,F,Homo sapiens,,Bioorg Med Chem,2012.0,Histamine H1 receptor,Ki,nM,9.29,411.93,3.75
CHEMBL1078896,923.0,CCOc1cc(CN2CCC(Nc3nc4cc(NC(=O)C5CCC5)ccc4o3)CC2)ccc1OC,Scientific Literature,Binding affinity to human histamine H1 receptor,B,Homo sapiens,,Bioorg Med Chem Lett,2009.0,Histamine H1 receptor,Ki,nM,6.04,478.59,5.05
CHEMBL1092767,35.0,CC(c1nccs1)c1c(CCN(C)C)sc2ccccc12,Scientific Literature,Displacement of [3H]pyrilamine from human histamine H1 receptor expressed in CHO Flp-In cells after 90 mins by scintillation counting,B,Homo sapiens,,Bioorg Med Chem Lett,2010.0,Histamine H1 receptor,Ki,nM,7.46,316.49,4.61
CHEMBL1093058,4.4,C[C@H](c1c(CCN(C)C)sc2ccccc12)n1cccn1,Scientific Literature,Displacement of [3H]pyrilamine from human histamine H1 receptor expressed in CHO Flp-In cells after 90 mins by scintillation counting,B,Homo sapiens,,Bioorg Med Chem Lett,2010.0,Histamine H1 receptor,Ki,nM,8.36,299.44,3.81
CHEMBL3238446,31622.78,C[C@H](NCc1ccc(OCCCN2CCCCC2)cc1)C(N)=O,Scientific Literature,Displacement of [3H]pyrilamine from human H1 receptor expressed in CHO cell membrane after 120 mins by liquid scintillation counting analysis,B,Homo sapiens,,Eur J Med Chem,2014.0,Histamine H1 receptor,Ki,nM,4.5,319.45,1.9
CHEMBL54,780.0,O=C(CCCN1CCC(O)(c2ccc(Cl)cc2)CC1)c1ccc(F)cc1,BindingDB Patent Bioactivity Data,"Binding Assay: Binding assay using 5-HT2A, Dopamine D2, SERT, Î±A1, 5-HT2C and H1 Receptors.",B,Homo sapiens,,,2013.0,Histamine H1 receptor,Ki,nM,6.11,375.87,4.43
CHEMBL3094217,1995.26,c1cc2c(cc1OCCN1CCCCC1)CCN(CC1CC1)CC2,Scientific Literature,Antagonist activity at human recombinant histamine H1 receptor expressed in CHO cells assessed as inhibition of histamine-induced effect by FLIPR assay,B,Homo sapiens,,Bioorg Med Chem Lett,2013.0,Histamine H1 receptor,Ki,nM,,328.5,3.36
CHEMBL3819427,1427.0,NC(=O)c1ccc(C(=O)CCCN2CCc3ccccc3C2)cc1,Scientific Literature,Displacement of [3H]Pyrilamine from human H1 receptor expressed in cell membranes after 1 hr by liquid scintillation counting,B,Homo sapiens,,Bioorg Med Chem,2016.0,Histamine H1 receptor,Ki,nM,5.85,322.41,2.81
CHEMBL331603,171.0,CCCC(=O)N1CCC(=C2c3ccc(Cl)cc3CCc3cccnc32)CC1,Scientific Literature,Displacement of [3H]mepyramine from human histamine H1 receptor expressed in Sf9 cells by scintillation counting method,B,Homo sapiens,,J Med Chem,2014.0,Histamine H1 receptor,Ki,nM,6.77,380.92,5.06
CHEMBL236587,624.0,CCOc1cc(CN2CCC(Nc3nc4ccccc4o3)CC2)ccc1OC,Scientific Literature,Binding affinity to human histamine H1 receptor,B,Homo sapiens,,Bioorg Med Chem Lett,2009.0,Histamine H1 receptor,Ki,nM,6.21,381.48,4.31
CHEMBL102929,16000.0,Cc1ccccc1S(=O)(=O)N[C@H]1CCN(CCCOc2ccc(C(=O)C3CC3)cc2)C1,Scientific Literature,Binding affinity to the human Histamine H1 receptor,B,,,Bioorg Med Chem Lett,2002.0,Histamine H1 receptor,Ki,nM,4.8,442.58,3.41
CHEMBL4167807,310.0,CCCc1nc(CN2CC[C@H](c3ccccc3)C2)cs1,Scientific Literature,Displacement of [3H]pyrilamine from human HRH1 expressed in HEK cell membranes after 90 mins by scintillation counting method,B,Homo sapiens,,J Med Chem,2018.0,Histamine H1 receptor,Ki,nM,6.51,286.44,4.09
CHEMBL4176490,40.0,Clc1cncc(NCCCN2CCN(c3ccccc3)CC2)n1,Scientific Literature,Displacement of [3H]pyrilamine from human HRH1 expressed in HEK cell membranes after 90 mins by scintillation counting method,B,Homo sapiens,,J Med Chem,2018.0,Histamine H1 receptor,Ki,nM,7.4,331.85,2.75
CHEMBL4159365,2758.0,COC(=O)c1ccc(-c2nc(CN(C)C[C@@H]3Cc4ccccc4O3)c(C)o2)cc1,Scientific Literature,Displacement of [3H]pyrilamine from human HRH1 expressed in HEK cell membranes after 90 mins by scintillation counting method,B,Homo sapiens,,J Med Chem,2018.0,Histamine H1 receptor,Ki,nM,5.56,392.46,3.87
CHEMBL4164366,1191.0,CC(C)(C)c1nc(CN2CCN(Cc3ccccn3)CC2)cs1,Scientific Literature,Displacement of [3H]pyrilamine from human HRH1 expressed in HEK cell membranes after 90 mins by scintillation counting method,B,Homo sapiens,,J Med Chem,2018.0,Histamine H1 receptor,Ki,nM,5.92,330.5,3.15
CHEMBL1243367,540.0,FC(F)(F)c1ccc(SCC(c2ccncc2)c2c[nH]cn2)cc1,Scientific Literature,Binding affinity to human histamine H1 receptor,B,Homo sapiens,,J Med Chem,2010.0,Histamine H1 receptor,Ki,nM,6.27,349.38,4.75
CHEMBL2432046,1359.0,COc1ccc(CN[C@H]2C3C4CC5C6C4CC3C6C52)cc1OC,Scientific Literature,Inhibition of histamine H1 receptor (unknown origin) by PDSP assay,B,Homo sapiens,,Bioorg Med Chem,2013.0,Histamine H1 receptor,Ki,nM,5.87,311.43,2.94
CHEMBL657,20.0,CN(C)CCOC(c1ccccc1)c1ccccc1,DrugMatrix,"DRUGMATRIX: Histamine H1, Central radioligand binding (ligand: [3H] Pyrilamine)",B,,,,,Histamine H1 receptor,Ki,nM,7.7,255.36,3.35
CHEMBL1277492,199.53,O=C(O)[C@@H]1CCCN(C2CCC3(C2)C(=O)c2cc(Cl)ccc2Oc2ccccc23)C1,Scientific Literature,Antagonist activity against human histamine H1 receptor expressed in CHO cells by FLIPR assay,F,Homo sapiens,,J Med Chem,2010.0,Histamine H1 receptor,Ki,nM,6.7,425.91,4.92
CHEMBL4852212,8709.64,Cc1nc(N)sc1CCCN/C(N)=N/C(=O)NC[C@H](C)c1ccccc1,Scientific Literature,Displacement of [3H]mepyramine from human histamine H1 receptor expressed in sf9 insect cell membranes co-expressing RGS4 incubated for 60 mins by microbeta scintillation counting method,B,Homo sapiens,,Eur J Med Chem,2021.0,Histamine H1 receptor,Ki,nM,5.06,374.51,2.38
CHEMBL4845733,52480.75,Cc1nc(N)sc1CCCN/C(N)=N/C(=S)NC[C@@H](C)c1ccccc1,Scientific Literature,Displacement of [3H]mepyramine from human histamine H1 receptor expressed in sf9 insect cell membranes co-expressing RGS4 incubated for 60 mins by microbeta scintillation counting method,B,Homo sapiens,,Eur J Med Chem,2021.0,Histamine H1 receptor,Ki,nM,4.28,390.58,2.55
CHEMBL4876799,1949.84,CCCCCCNC(=O)/N=C(\N)NC1CCc2nc(N)sc2C1,Scientific Literature,Displacement of [3H]mepyramine from human histamine H1 receptor expressed in sf9 insect cell membranes co-expressing RGS4 incubated for 60 mins by microbeta scintillation counting method,B,Homo sapiens,,Eur J Med Chem,2021.0,Histamine H1 receptor,Ki,nM,5.71,338.48,1.78
CHEMBL4869194,5128.61,Cc1ccc(C(C)NC(=O)/N=C(\N)NCCCc2sc(N)nc2C)cc1,Scientific Literature,Displacement of [3H]mepyramine from human histamine H1 receptor expressed in sf9 insect cell membranes co-expressing RGS4 incubated for 60 mins by microbeta scintillation counting method,B,Homo sapiens,,Eur J Med Chem,2021.0,Histamine H1 receptor,Ki,nM,5.29,374.51,2.65
CHEMBL4848697,10232.93,Cc1nc(N)sc1CCCN/C(N)=N/C(=O)NC(C)c1ccc(F)cc1,Scientific Literature,Displacement of [3H]mepyramine from human histamine H1 receptor expressed in sf9 insect cell membranes co-expressing RGS4 incubated for 60 mins by microbeta scintillation counting method,B,Homo sapiens,,Eur J Med Chem,2021.0,Histamine H1 receptor,Ki,nM,4.99,378.48,2.48
CHEMBL4854278,77624.71,Cc1nc(N)sc1CCCN/C(N)=N/C(=S)N[C@@H](C)c1ccccc1,Scientific Literature,Displacement of [3H]mepyramine from human histamine H1 receptor expressed in sf9 insect cell membranes co-expressing RGS4 incubated for 60 mins by microbeta scintillation counting method,B,Homo sapiens,,Eur J Med Chem,2021.0,Histamine H1 receptor,Ki,nM,4.11,376.56,2.51
CHEMBL3233142,1000.0,CN1CCN2c3c(cccc31)[C@@H]1CN(CCCC(=O)c3ccc(F)cc3)CC[C@@H]12.Cc1ccc(S(=O)(=O)O)cc1,Scientific Literature,Inhibition of histamine H1 receptor (unknown origin),B,Homo sapiens,,J Med Chem,2014.0,Histamine H1 receptor,Ki,nM,,565.71,3.92
CHEMBL5197548,8912.51,Cc1nc(N)oc1CCCN/C(N)=N/C(=O)NCc1ccccc1.O=C(O)C(F)(F)F.O=C(O)C(F)(F)F,Scientific Literature,Displacement of [3H] mepyramine from human histamine H1 receptor stably expressed in baculovirus infected Sf9 cell membrane co-expressing RGS4 incubated for 60 mins by scintillation counting analysis,B,Homo sapiens,,J Med Chem,2021.0,Histamine H1 receptor,Ki,nM,5.05,558.44,1.31
CHEMBL5178472,5623.41,N/C(=N\C(=O)NCc1ccccc1)NCCCc1cnc(N)s1.O=C(O)C(F)(F)F.O=C(O)C(F)(F)F,Scientific Literature,Displacement of [3H] mepyramine from human histamine H1 receptor stably expressed in baculovirus infected Sf9 cell membrane co-expressing RGS4 incubated for 60 mins by scintillation counting analysis,B,Homo sapiens,,J Med Chem,2021.0,Histamine H1 receptor,Ki,nM,5.25,560.48,1.47
CHEMBL5173373,7244.36,Cc1nc(N)sc1-c1cccc(N/C(N)=N/C(=O)NCc2ccccc2)c1.O=C(O)C(F)(F)F.O=C(O)C(F)(F)F,Scientific Literature,Displacement of [3H] mepyramine from human histamine H1 receptor stably expressed in baculovirus infected Sf9 cell membrane co-expressing RGS4 incubated for 60 mins by scintillation counting analysis,B,Homo sapiens,,J Med Chem,2021.0,Histamine H1 receptor,Ki,nM,5.14,608.52,3.34
CHEMBL5174278,1445.44,Cc1nc(N)sc1-c1cccc(N/C(N)=N/C(=O)NCCCCCCNC(=O)/N=C(\N)Nc2cccc(-c3sc(N)nc3C)c2)c1.O=C(O)C(F)(F)F.O=C(O)C(F)(F)F.O=C(O)C(F)(F)F.O=C(O)C(F)(F)F,Scientific Literature,Displacement of [3H] mepyramine from human histamine H1 receptor stably expressed in baculovirus infected Sf9 cell membrane co-expressing RGS4 incubated for 60 mins by scintillation counting analysis,B,Homo sapiens,,J Med Chem,2021.0,Histamine H1 receptor,Ki,nM,5.84,1118.94,4.85
CHEMBL5173079,1819.7,N/C(=N\C(=O)NCCCCCCCCNC(=O)/N=C(\N)NCCCc1nnc(N)s1)NCCCc1nnc(N)s1.O=C(O)C(F)(F)F.O=C(O)C(F)(F)F.O=C(O)C(F)(F)F.O=C(O)C(F)(F)F,Scientific Literature,Displacement of [3H] mepyramine from human histamine H1 receptor stably expressed in baculovirus infected Sf9 cell membrane co-expressing RGS4 incubated for 60 mins by scintillation counting analysis,B,Homo sapiens,,J Med Chem,2021.0,Histamine H1 receptor,Ki,nM,5.74,1052.88,0.69
CHEMBL519240,1284.69,Nc1nc2c(c(N3CCNCC3)n1)CCC1=C2[C@@H]2CCCC[C@@H]2O1,EUbOPEN Chemogenomic Library,"PDSP Secondary Binding target: HRH1 - Compounds are tested at 10 uM concentration, plate are incubated at room temperature in the dark for 90 minutes. Reaction are stopped by vacuum filtration onto 0.3% polyethyleneimine soaked filter mats using Filtermate harvester. Scintillation cocktail is then melted onto microwave-dried filters on a hot plate and the radio activity is counted in Microbia counter. Compounds showing a minimum of 50% inhibition at 10 uM concentration are carried forward in this secondary binding assay to determine equilibrium binding affinity.",B,Homo sapiens,,,2024.0,Histamine H1 receptor,Ki,nM,5.89,327.43,1.71
CHEMBL2158773,15.85,Cc1cccc(C[C@@H](C(=O)O)N2CCC(CN3CCC(Oc4ccc(Cl)c(Cl)c4)CC3)CC2)c1,Scientific Literature,Binding affinity to histamine H1 receptor,B,,,Bioorg Med Chem Lett,2012.0,Histamine H1 receptor,Ki,nM,7.8,505.49,5.55
CHEMBL2158827,19.95,O=C(O)Cc1ccc(N2CCC(CN3CCC(Oc4ccc(Cl)c(Cl)c4)CC3)CC2)cc1,Scientific Literature,Binding affinity to histamine H1 receptor,B,,,Bioorg Med Chem Lett,2012.0,Histamine H1 receptor,Ki,nM,7.7,477.43,5.38
CHEMBL1278020,15.85,COC(=O)C1=CCCN(C2CC[C@]3(Cc4ccccc4Cc4ccccc43)C2)C1,Scientific Literature,Antagonist activity against human histamine H1 receptor expressed in CHO cells by FLIPR assay,F,Homo sapiens,,J Med Chem,2010.0,Histamine H1 receptor,Ki,nM,7.8,387.52,4.43
CHEMBL1277125,100.0,O=C(O)C1=CCCN(C2CCC3(Cc4ccccc4Oc4ccccc43)C2)C1,Scientific Literature,Antagonist activity against human histamine H1 receptor expressed in CHO cells by FLIPR assay,F,Homo sapiens,,J Med Chem,2010.0,Histamine H1 receptor,Ki,nM,7.0,375.47,4.54
CHEMBL3804837,10000.0,N#C/N=C(\NC[C@H]1CC[C@H](c2c[nH]cn2)C1)NC1CC1,Scientific Literature,Displacement of [3H]mepyramine from human histamine H1 receptor expressed in sf9 cell membrane co-expressing RGS4 incubated for 60 mins by liquid scintillation counting method,B,Homo sapiens,,J Med Chem,2016.0,Histamine H1 receptor,Ki,nM,,272.36,1.47
CHEMBL2158780,79.43,Cc1cc(Cl)ccc1OC1CCN(CC2CCN([C@@H](Cc3ccc(F)cc3)C(=O)O)CC2)CC1,Scientific Literature,Binding affinity to histamine H1 receptor,B,,,Bioorg Med Chem Lett,2012.0,Histamine H1 receptor,Ki,nM,7.1,489.03,5.04
CHEMBL2158815,63.1,O=C(O)C(c1ccccc1)N1CCC(N2CCC(Oc3ccc(Cl)c(Cl)c3)CC2)CC1,Scientific Literature,Binding affinity to histamine H1 receptor,B,,,Bioorg Med Chem Lett,2012.0,Histamine H1 receptor,Ki,nM,7.2,463.41,5.13
CHEMBL1935435,8.1,Fc1ccc(Cn2c(C3CCCN(Cc4ncco4)C3)nc3ccccc32)cc1,Scientific Literature,Antagonist activity at histamine H1 receptor,F,,,Bioorg Med Chem Lett,2012.0,Histamine H1 receptor,Ki,nM,8.09,390.46,4.59
CHEMBL1935438,1.0,c1ccc(OCCn2c(C3CCCNC3)nc3ccccc32)cc1,Scientific Literature,Antagonist activity at histamine H1 receptor,F,,,Bioorg Med Chem Lett,2012.0,Histamine H1 receptor,Ki,nM,9.0,321.42,3.58
CHEMBL1626,0.049,CN1CCC[C@@H]1CCO[C@](C)(c1ccccc1)c1ccc(Cl)cc1,DrugMatrix,"DRUGMATRIX: Histamine H1, Central radioligand binding (ligand: [3H] Pyrilamine)",B,,,,,Histamine H1 receptor,Ki,nM,10.31,343.9,5.1
CHEMBL1222693,39.81,Cc1nc2n(c1C)Cc1ccccc1C=C2N1CCN(CC(C)(C)C(=O)O)CC1,Scientific Literature,Antagonist activity at human recombinant histamine H1 receptor expressed in CHO cells by FLPR assay,F,Homo sapiens,,Bioorg Med Chem Lett,2010.0,Histamine H1 receptor,Ki,nM,7.4,394.52,3.09
CHEMBL1222763,39.81,CC(C)(CN1CCN(C2=Cc3ccccc3Cn3cc(F)nc32)CC1)C(=O)O,Scientific Literature,Antagonist activity at human recombinant histamine H1 receptor expressed in CHO cells by FLPR assay,F,Homo sapiens,,Bioorg Med Chem Lett,2010.0,Histamine H1 receptor,Ki,nM,7.4,384.46,2.61
CHEMBL4794963,54.2,CC(=O)Nc1ccc(OCCCCN2CCC(c3noc4cc(F)ccc34)CC2)cc1,Scientific Literature,Binding affinity to H1 receptor (unknown origin),A,Homo sapiens,,Bioorg Med Chem Lett,2020.0,Histamine H1 receptor,Ki,nM,7.27,425.5,4.96
CHEMBL3238444,29512.09,Cc1nnc(C)n1-c1ccc(OCCCN2CCCCC2)cc1,Scientific Literature,Displacement of [3H]pyrilamine from human H1 receptor expressed in CHO cell membrane after 120 mins by liquid scintillation counting analysis,B,Homo sapiens,,Eur J Med Chem,2014.0,Histamine H1 receptor,Ki,nM,4.53,314.43,3.14
CHEMBL90893,5.012,Clc1ccc2c(c1)CCc1cccnc1C2=C1CCN(Cc2cccnc2)CC1,Scientific Literature,Displacement of [3H]mepyramine from N-terminal HA-tagged H1R (unknown origin) expressed in HEK293T cells measured after 4 hrs by microbeta scintillation counting method,B,Homo sapiens,,J Med Chem,2019.0,Histamine H1 receptor,Ki,nM,8.3,401.94,5.33
CHEMBL1277584,19.95,O=C(O)[C@@H]1CCCN(C2CC[C@]3(Cc4ccccc4Cc4ccccc43)C2)C1,Scientific Literature,Antagonist activity against human histamine H1 receptor expressed in CHO cells by FLIPR assay,F,Homo sapiens,,J Med Chem,2010.0,Histamine H1 receptor,Ki,nM,7.7,375.51,4.42
CHEMBL1277935,25.12,O=C(O)C1=CCCN(C2CC[C@]3(Cc4ccccc4Cc4ccccc43)C2)C1,Scientific Literature,Antagonist activity against human histamine H1 receptor expressed in CHO cells by FLIPR assay,F,Homo sapiens,,J Med Chem,2010.0,Histamine H1 receptor,Ki,nM,7.6,373.5,4.34
CHEMBL1278116,3.981,CN(C)C1CC[C@]2(Cc3ccccc3Cc3ccccc32)C1,Scientific Literature,Antagonist activity against human histamine H1 receptor expressed in CHO cells by FLIPR assay,F,Homo sapiens,,J Med Chem,2010.0,Histamine H1 receptor,Ki,nM,8.4,291.44,4.19
CHEMBL3094114,1000.0,c1ccc(COc2ccc3c(c2)CCN(CC2CC2)CC3)cc1,Scientific Literature,Antagonist activity at human recombinant histamine H1 receptor expressed in CHO cells assessed as inhibition of histamine-induced effect by FLIPR assay,B,Homo sapiens,,Bioorg Med Chem Lett,2013.0,Histamine H1 receptor,Ki,nM,6.0,307.44,4.08
CHEMBL270387,1258.93,Cn1c(SCCCN2CCc3ccc4oc(C(F)(F)F)nc4c3CC2)nnc1-c1ccccc1,Scientific Literature,Antagonist activity at histamine H1 receptor by FLIPR assay,F,,,Bioorg Med Chem Lett,2008.0,Histamine H1 receptor,Ki,nM,5.9,487.55,5.23
CHEMBL271034,1995.26,Cc1ccc2c(-c3nnc(SCCCN4CCc5ccc6oc(C(F)(F)C(F)(F)F)nc6c5CC4)n3C)cccc2n1,Scientific Literature,Antagonist activity at histamine H1 receptor by FLIPR assay,F,,,Bioorg Med Chem Lett,2008.0,Histamine H1 receptor,Ki,nM,5.7,602.63,6.72
CHEMBL256471,1584.89,Cc1nc2cc3c(cc2s1)CCN(CCCSc1nnc(-c2ocnc2C)n1C)CC3,Scientific Literature,Antagonist activity at histamine H1 receptor by FLIPR assay,F,,,Bioorg Med Chem Lett,2008.0,Histamine H1 receptor,Ki,nM,5.8,454.63,4.28
CHEMBL85606,630.96,N#Cc1ccc2c(c1)CCN(CC[C@H]1CC[C@H](NC(=O)c3ccnc4ccccc34)CC1)C2,Scientific Literature,Antagonist activity at histamine H1 receptor by FLIPR assay,F,,,Bioorg Med Chem Lett,2008.0,Histamine H1 receptor,Ki,nM,6.2,438.58,4.84
CHEMBL900,144.0,Cc1ccccc1C(OCCN(C)C)c1ccccc1,DrugMatrix,"DRUGMATRIX: Histamine H1, Central radioligand binding (ligand: [3H] Pyrilamine)",B,,,,,Histamine H1 receptor,Ki,nM,6.84,269.39,3.66
CHEMBL1923533,6309.57,OC(CNC1CC1)Cn1c2ccccc2c2ccccc21,Scientific Literature,Displacement of [3H]mepyramine from human histamine H1 receptor expressed in HEK293 cells after 1 to 1.5 hrs by scintillation counting,B,Homo sapiens,,J Med Chem,2011.0,Histamine H1 receptor,Ki,nM,5.2,280.37,2.91
CHEMBL1617548,10715.19,C=CCn1c(=N)n(CC(=O)c2ccccc2)c2ccccc21,Scientific Literature,Displacement of [3H]mepyramine from human histamine H1 receptor expressed in HEK293 cells after 1 to 1.5 hrs by scintillation counting,B,Homo sapiens,,J Med Chem,2011.0,Histamine H1 receptor,Ki,nM,4.97,291.35,2.99
CHEMBL1940412,62.9,Fc1ccc(OCCCN2CCN(c3ccccc3)CC2)cc1,Scientific Literature,Displacement of [3H]pyrilamine from human H1 receptor by liquid scintillation counting,B,Homo sapiens,,Bioorg Med Chem,2012.0,Histamine H1 receptor,Ki,nM,7.2,314.4,3.42
CHEMBL2146804,0.6918,CN1CCC[C@@H]1Cn1nc(Cc2ccc(Cl)cc2)c2ccncc2c1=O,Scientific Literature,Antagonist activity at human H1 receptor expressed in CHO cells assessed as inhibition of calcium mobilization by FLIPR assay,F,Homo sapiens,,Bioorg Med Chem,2012.0,Histamine H1 receptor,Ki,nM,9.16,368.87,3.13
CHEMBL91157,113.0,COc1cc2c(cc1OC)C1=NO[C@@H](CN3CCN(C/C(C)=C/c4ccccc4)CC3)[C@@H]1CO2,Scientific Literature,Inhibition of [3H]pyrilamine binding to Histamine H1 receptor,B,Homo sapiens,,J Med Chem,2005.0,Histamine H1 receptor,Ki,nM,6.95,463.58,3.54
CHEMBL64059,10000.0,N[C@H](CCc1ccccc1)C(=O)N1CCN(CCCOc2ccc(C(=O)C3CC3)cc2)CC1,Scientific Literature,Binding affinity towards Histamine H1 receptor of human membranes.,B,,,Bioorg Med Chem Lett,2002.0,Histamine H1 receptor,Ki,nM,5.0,449.6,3.15
CHEMBL1090175,3.1,COc1ccc2c(c1)CC(CCN(C)C)=C2[C@@H](C)c1cnccn1,Scientific Literature,Binding affinity at histamine H1 receptor,B,,,Bioorg Med Chem Lett,2010.0,Histamine H1 receptor,Ki,nM,8.51,323.44,3.55
CHEMBL62808,2290.87,CCCCCC(=O)c1ccc(OCCCN2CCN(C(=O)[C@@H](N)Cc3ccncc3)CC2)cc1,Scientific Literature,Binding affinity towards Histamine H1 receptor of human membranes.,B,,,Bioorg Med Chem Lett,2002.0,Histamine H1 receptor,Ki,nM,5.64,466.63,3.33
CHEMBL59931,10232.93,CC(C)(C)C[C@@H](N)C(=O)N1CCN(CCCOc2ccc(C(=O)C3CC3)cc2)CC1,Scientific Literature,Binding affinity towards Histamine H1 receptor of human membranes.,B,,,Bioorg Med Chem Lett,2002.0,Histamine H1 receptor,Ki,nM,4.99,415.58,2.96
CHEMBL64406,8128.31,C[C@@H](NC(=O)OC(C)(C)C)C(=O)N1CCN(CCCOc2ccc(C(=O)C3CC3)cc2)CC1,Scientific Literature,Binding affinity towards Histamine H1 receptor of human membranes.,B,,,Bioorg Med Chem Lett,2002.0,Histamine H1 receptor,Ki,nM,5.09,459.59,3.11
CHEMBL3935303,12.59,O=C(O)CCc1ccc2cccc(N3CCN(CCc4ccc(OCCCN5CCCCCC5)cc4)CC3)c2n1,Scientific Literature,Antagonist activity at human Histamine H1 receptor expressed in CHO cells assessed as inhibition of histamine-induced calcium flux preincubated for 30 mins followed by histamine addition by Fluo-4-AM dye based FLIPR assay,F,Homo sapiens,,Bioorg Med Chem Lett,2016.0,Histamine H1 receptor,Ki,nM,7.9,544.74,5.26
CHEMBL3907368,39.81,O=C(O)CCc1cnc2c(N3CCN(CCc4ccc(OCCCN5CCCCCC5)cc4)CC3)cccc2c1,Scientific Literature,Antagonist activity at human Histamine H1 receptor expressed in CHO cells assessed as inhibition of histamine-induced calcium flux preincubated for 30 mins followed by histamine addition by Fluo-4-AM dye based FLIPR assay,F,Homo sapiens,,Bioorg Med Chem Lett,2016.0,Histamine H1 receptor,Ki,nM,7.4,544.74,5.26
CHEMBL3970299,245.47,Cl.Clc1ccc2sc(CCCCN3CCc4ccccc4C3)nc2c1,Scientific Literature,Displacement of [3H]-pyrilamine from human histamine H1 receptor by liquid scintillation counting method,A,Homo sapiens,,Bioorg Med Chem,2016.0,Histamine H1 receptor,Ki,nM,6.61,393.38,5.33
CHEMBL1092650,1.5,COc1nccnc1CC1=C(CCN(C)C)Cc2cc(Cl)ccc21,Scientific Literature,Binding affinity at histamine H1 receptor,B,,,Bioorg Med Chem Lett,2010.0,Histamine H1 receptor,Ki,nM,8.82,343.86,3.64
CHEMBL2031884,7230.0,CCNC(=O)c1ccc(-c2ccc3c(c2)CCN(CCN2CCC[C@H]2C)C3=O)cc1,Scientific Literature,Binding affinity to H1 receptor,B,,,J Med Chem,2012.0,Histamine H1 receptor,Ki,nM,5.14,405.54,3.59
CHEMBL4582006,1.0,CC(C)N1CCC(=C2c3ccc(Cl)cc3CCc3cccnc32)CC1,Scientific Literature,Displacement of [3H]mepyramine from N-terminal HA-tagged H1R (unknown origin) expressed in HEK293T cells measured after 4 hrs by microbeta scintillation counting method,B,Homo sapiens,,J Med Chem,2019.0,Histamine H1 receptor,Ki,nM,9.0,352.91,5.14
CHEMBL1243366,10000.0,CC(C)(C)c1ccc(SCC(c2cccnc2)c2c[nH]cn2)cc1,Scientific Literature,Binding affinity to human histamine H1 receptor,B,Homo sapiens,,J Med Chem,2010.0,Histamine H1 receptor,Ki,nM,,337.49,5.03
CHEMBL1222762,39.81,CC(C)(CN1CCN(C2=Cc3ccccc3Cn3c(Cl)cnc32)CC1)C(=O)O,Scientific Literature,Antagonist activity at human recombinant histamine H1 receptor expressed in CHO cells by FLPR assay,F,Homo sapiens,,Bioorg Med Chem Lett,2010.0,Histamine H1 receptor,Ki,nM,7.4,400.91,3.12
CHEMBL1242950,610.0,CCCCC1CCN(CCCC(=O)c2ccccc2C)CC1,Scientific Literature,Binding affinity to human histamine H1 receptor by radioligand displacement assay,B,Homo sapiens,,J Med Chem,2010.0,Histamine H1 receptor,Ki,nM,6.21,301.47,4.86
CHEMBL4865765,1348.96,Cc1nc(N)sc1CCCN/C(N)=N/C(=O)NCC(C)CCc1ccccc1,Scientific Literature,Displacement of [3H]mepyramine from human histamine H1 receptor expressed in sf9 insect cell membranes co-expressing RGS4 incubated for 60 mins by microbeta scintillation counting method,B,Homo sapiens,,Eur J Med Chem,2021.0,Histamine H1 receptor,Ki,nM,5.87,402.57,2.85
CHEMBL1092598,0.8,C[C@H](C1=C(CCN(C)C)Cc2ccccc21)c1nccs1,Scientific Literature,Binding affinity at histamine H1 receptor,B,,,Bioorg Med Chem Lett,2010.0,Histamine H1 receptor,Ki,nM,9.1,298.46,4.21
CHEMBL1092259,1.4,CN(C)CCC1=C(Cc2cnccn2)c2ccc(Cl)cc2C1,Scientific Literature,Binding affinity at histamine H1 receptor,B,,,Bioorg Med Chem Lett,2010.0,Histamine H1 receptor,Ki,nM,8.85,313.83,3.63
CHEMBL1277679,50.12,O=C(O)C1(O)CCN(C2CCC3(Cc4ccccc4Cc4ccccc43)C2)CC1,Scientific Literature,Antagonist activity against human histamine H1 receptor expressed in CHO cells by FLIPR assay,F,Homo sapiens,,J Med Chem,2010.0,Histamine H1 receptor,Ki,nM,7.3,391.51,3.54
CHEMBL1277769,50.12,CC1(C(=O)O)CCN(C2CCC3(Cc4ccccc4Cc4ccccc43)C2)CC1,Scientific Literature,Antagonist activity against human histamine H1 receptor expressed in CHO cells by FLIPR assay,F,Homo sapiens,,J Med Chem,2010.0,Histamine H1 receptor,Ki,nM,7.3,389.54,4.81
CHEMBL1278019,794.33,O=C(O)C1(F)CCCN(C2CC[C@]3(Cc4ccccc4Cc4ccccc43)C2)C1,Scientific Literature,Antagonist activity against human histamine H1 receptor expressed in CHO cells by FLIPR assay,F,Homo sapiens,,J Med Chem,2010.0,Histamine H1 receptor,Ki,nM,6.1,393.5,4.51
CHEMBL5274312,3500.0,CC[Si](C#Cc1cccc2c1OC(C(F)(F)F)C([N+](=O)[O-])=C2)(CC)CC,Scientific Literature,Binding affinity to histamine H1 receptor (unknown origin),B,Homo sapiens,,Bioorg Med Chem Lett,2022.0,Histamine H1 receptor,Ki,nM,5.46,383.44,
CHEMBL4447975,10000.0,COc1cc(OC)c2c(c1)OC[C@@]1(C)NCC[C@@H]21,Scientific Literature,Displacement of [3H]-Pyrilamine from human recombinant histamine H1 receptor expressed in stable HEK cells after 90 mins by microbeta scintillation counting method,B,Homo sapiens,,ACS Med Chem Lett,2019.0,Histamine H1 receptor,Ki,nM,,249.31,1.93
CHEMBL3739949,10000.0,Cc1cc2nc(SCCN(C)C)[nH]c2cc1C,Scientific Literature,Displacement of [3H]-mepyramine from human histamine H1 receptor expressed in HEK293T cells after 1 to 1.5 hrs by liquid scintillation counting analysis,B,Homo sapiens,,Medchemcomm,2015.0,Histamine H1 receptor,Ki,nM,,249.38,2.83
CHEMBL4796968,5000.0,CN1CCN(CCCN2C(=O)c3ccccc3/C=C\c3ccccc32)CC1,Scientific Literature,Binding affinity to H1 receptor (unknown origin),B,Homo sapiens,,Bioorg Med Chem Lett,2020.0,Histamine H1 receptor,Ki,nM,,361.49,3.45
CHEMBL74779,660.0,NC(=O)N(O)CCC#C[C@@H]1CC[C@@H](CN2CCN(C(c3ccc(F)cc3)c3ccc(F)cc3)CC2)O1,Scientific Literature,In vitro binding affinity towards histamine H1 receptor expressed in CHO-K1 cells,B,,,Bioorg Med Chem Lett,2004.0,Histamine H1 receptor,Ki,nM,6.18,498.57,3.38
CHEMBL64259,309.03,CCCCCC(=O)c1ccc(OCCCN2CCN(C(=O)OC(C)C)CC2)cc1,Scientific Literature,Binding affinity for the human Histamine H1 Receptor,B,,,Bioorg Med Chem Lett,2002.0,Histamine H1 receptor,Ki,nM,6.51,404.55,4.38
CHEMBL2207639,6500.0,COc1ccccc1N1CCN(Cc2cc(CN3CCOCC3)c3cccccc2-3)CC1,Scientific Literature,Displacement of [3H]mepyramine from human histamine H1 receptor expressed in insect Sf9 cell membrane preparation after 60 mins by scintillation counting analysis,B,Homo sapiens,,Bioorg Med Chem Lett,2012.0,Histamine H1 receptor,Ki,nM,5.19,431.58,3.95
CHEMBL64884,56.23,CCCCCC(=O)c1ccc(OCCCN2CCN(C(=O)c3cccn3C)CC2)cc1,Scientific Literature,Binding affinity for the human Histamine H1 Receptor,B,,,Bioorg Med Chem Lett,2002.0,Histamine H1 receptor,Ki,nM,7.25,425.57,4.02
CHEMBL4170001,3265.0,CO[C@@H]1CCCN(Cc2nc(-c3cccc(Oc4ccccc4)c3)oc2C)C1,Scientific Literature,Displacement of [3H]pyrilamine from human HRH1 expressed in HEK cell membranes after 90 mins by scintillation counting method,B,Homo sapiens,,J Med Chem,2018.0,Histamine H1 receptor,Ki,nM,5.49,378.47,5.05
CHEMBL1088900,2.2,COc1nccnc1CC1=C(CCN(C)C)Cc2ccccc21,Scientific Literature,Binding affinity at histamine H1 receptor,B,,,Bioorg Med Chem Lett,2010.0,Histamine H1 receptor,Ki,nM,8.66,309.41,2.99
CHEMBL3895427,12.59,c1ccc(Cc2ccccc2OCCCN2CCCCC2)cc1,Scientific Literature,Displacement of [3H]mepyramine from human wild type N-terminal hemagglutinin-tagged histamine H1 receptor expressed in HEK293T cells after 4 hrs by microbeta liquid scintillation counting analysis,B,Homo sapiens,,J Med Chem,2016.0,Histamine H1 receptor,Ki,nM,7.9,309.45,4.53
CHEMBL3981091,316.23,NCCCOc1ccccc1Cc1ccccc1.O=C(O)/C=C/C(=O)O,Scientific Literature,Displacement of [3H]mepyramine from human wild type N-terminal hemagglutinin-tagged histamine H1 receptor expressed in HEK293T cells after 4 hrs by microbeta liquid scintillation counting analysis,B,Homo sapiens,,J Med Chem,2016.0,Histamine H1 receptor,Ki,nM,6.5,357.41,3.01
CHEMBL1222624,19.95,CC1CN(C2=Cc3ccccc3Cn3ccnc32)CC(C)N1CCC(=O)O,Scientific Literature,Antagonist activity at human recombinant histamine H1 receptor expressed in CHO cells by FLPR assay,F,Homo sapiens,,Bioorg Med Chem Lett,2010.0,Histamine H1 receptor,Ki,nM,7.7,366.47,2.61
CHEMBL1940414,67.9,c1ccc(OCCCN2CCN(c3ccccc3)CC2)cc1,Scientific Literature,Displacement of [3H]pyrilamine from human H1 receptor by liquid scintillation counting,B,Homo sapiens,,Bioorg Med Chem,2012.0,Histamine H1 receptor,Ki,nM,7.17,296.41,3.28
CHEMBL1940418,167.0,Fc1ccc(CCCCN2CCN(c3ccccn3)CC2)cc1,Scientific Literature,Displacement of [3H]pyrilamine from human H1 receptor by liquid scintillation counting,B,Homo sapiens,,Bioorg Med Chem,2012.0,Histamine H1 receptor,Ki,nM,6.78,313.42,3.37
CHEMBL5169902,110.0,CC(C)[C@H](NC(=O)CCN1CCC(Oc2ccccc2Cc2ccccc2)CC1)C(=O)N[C@@H](CO)C(=O)N[C@@H](Cc1ccccc1)C(=O)N[C@H](Cc1ccccc1)C(N)=O,Scientific Literature,Displacement of fluorophore-labeled mepyramine from Nluc-tagged human H1R expressed in HEK293T cells incubated for 2 hrs by NanoBRET competition binding assay,B,Homo sapiens,,J Med Chem,2022.0,Histamine H1 receptor,Ki,nM,6.96,819.02,3.07
CHEMBL4520788,1365.75,CNCc1ccccc1-c1csc([C@H](C)Nc2nc(C)nc3cc(OC)c(OC)cc23)c1,EUbOPEN Chemogenomic Library Literature Data,Selectivity interaction (GPCR panel (PDSP screen)) EUB0000743a HRH1,B,Homo sapiens,,,2023.0,Histamine H1 receptor,Ki,nM,5.87,448.59,5.58
CHEMBL5175488,3.981,C[C@@H](NC(=O)CCN1CCC(Oc2ccccc2Cc2ccccc2)CC1)C(=O)N[C@H](C)C(=O)N[C@H](C)C(=O)NCCNC(=O)CCCCCNC(=O)COc1ccc(/C=C/C2=[N+]3C(=Cc4ccc(-c5cccs5)n4[B-]3(F)F)C=C2)cc1,Scientific Literature,Displacement of [3H]mepyramine from human H1R expressed in HEK293T cells by radioligand competition binding assay,B,Homo sapiens,,J Med Chem,2022.0,Histamine H1 receptor,Ki,nM,8.4,1140.18,
CHEMBL1767155,6.31,CN1CCC(Cn2nc(Cc3ccc(Cl)cc3)c3ccccc3c2=O)C1,Scientific Literature,Antagonist activity at human recombinant histamine H1 receptor expressed in intact CHO cells assessed as inhibition of histamine-induced cellular calcium mobilization by FLIPR assay,F,Homo sapiens,,J Med Chem,2011.0,Histamine H1 receptor,Ki,nM,8.2,367.88,3.59
CHEMBL1767153,1.585,CCCCCc1nn(C[C@H]2CCCN2C)c(=O)c2ccccc12,Scientific Literature,Antagonist activity at human recombinant histamine H1 receptor expressed in intact CHO cells assessed as inhibition of histamine-induced cellular calcium mobilization by FLIPR assay,F,Homo sapiens,,J Med Chem,2011.0,Histamine H1 receptor,Ki,nM,8.8,313.45,3.22
CHEMBL1767145,0.5012,CN1CCC[C@@H]1Cn1nc(Cc2cccc(F)c2)c2ccccc2c1=O,Scientific Literature,Antagonist activity at human recombinant histamine H1 receptor expressed in intact CHO cells assessed as inhibition of histamine-induced cellular calcium mobilization by FLIPR assay,F,Homo sapiens,,J Med Chem,2011.0,Histamine H1 receptor,Ki,nM,9.3,351.43,3.22
CHEMBL1767134,0.2512,CN(C)CCn1nc(Cc2ccc(Cl)cc2)c2ccccc2c1=O,Scientific Literature,Antagonist activity at human recombinant histamine H1 receptor expressed in intact CHO cells assessed as inhibition of histamine-induced cellular calcium mobilization by FLIPR assay,F,Homo sapiens,,J Med Chem,2011.0,Histamine H1 receptor,Ki,nM,9.6,341.84,3.2
CHEMBL1923525,707.95,CN(C)CCSc1nc2ccccc2c2nnnn12,Scientific Literature,Displacement of [3H]mepyramine from human histamine H1 receptor expressed in HEK293 cells after 1 to 1.5 hrs by scintillation counting,B,Homo sapiens,,J Med Chem,2011.0,Histamine H1 receptor,Ki,nM,6.15,274.35,1.33
CHEMBL1923530,3235.94,c1ccc2c(N3CCN(C4CCCC4)CC3)ncnc2c1,Scientific Literature,Displacement of [3H]mepyramine from human histamine H1 receptor expressed in HEK293 cells after 1 to 1.5 hrs by scintillation counting,B,Homo sapiens,,J Med Chem,2011.0,Histamine H1 receptor,Ki,nM,5.49,282.39,2.69
CHEMBL444083,3.63,NC(=O)N(O)CCC#Cc1ccc(OCCCCN2CCN(C(c3ccc(F)cc3)c3ccc(F)cc3)CC2)cc1,Scientific Literature,Binding affinity for recombinant human Histamine H1 receptor expressed in CHO K1 cells,B,Homo sapiens,,Bioorg Med Chem Lett,2005.0,Histamine H1 receptor,Ki,nM,8.44,562.66,5.04
CHEMBL62716,21877.62,CC(C)(C)[C@@H](N)C(=O)N1CCN(CCCOc2ccc(C(=O)C3CC3)cc2)CC1,Scientific Literature,Binding affinity towards Histamine H1 receptor of human membranes.,B,,,Bioorg Med Chem Lett,2002.0,Histamine H1 receptor,Ki,nM,4.66,401.55,2.57
CHEMBL62596,10000.0,O=C1C[C@@H](N2CCN(CCCOc3ccc(C(=O)C4CC4)cc3)CC2)N1,Scientific Literature,Binding affinity towards Histamine H1 receptor of human membranes.,B,,,Bioorg Med Chem Lett,2002.0,Histamine H1 receptor,Ki,nM,5.0,357.45,1.51
CHEMBL296419,2.089,COc1ccc(CCN2CCC(Nc3nc4ccccc4n3Cc3ccc(F)cc3)CC2)cc1,Scientific Literature,Displacement of [3H]mepyramine from human H1R expressed in Sf9 cells co-expressing RGS4 after 90 mins by liquid scintillation counting,B,Homo sapiens,,Bioorg Med Chem Lett,2011.0,Histamine H1 receptor,Ki,nM,8.68,458.58,5.35
CHEMBL430368,2511.89,CC(C)N1CCC(Oc2ccc(N3CCN(C(=O)c4cc(F)cc(F)c4)CC3=O)cc2)CC1.O=CO,Scientific Literature,Antagonist activity at human recombinant histamine H1 receptor expressed in CHO cells assessed as inhibition of histamine-induced cellular calcium mobilization,F,Homo sapiens,,J Med Chem,2007.0,Histamine H1 receptor,Ki,nM,,503.55,3.71
CHEMBL239510,1995.26,C[C@H]1CCCN1CCCOc1ccc(N2CCN(C(=O)c3ccc(C#N)cc3)CC2=O)cc1.O=CO,Scientific Literature,Antagonist activity at human recombinant histamine H1 receptor expressed in CHO cells assessed as inhibition of histamine-induced cellular calcium mobilization,F,Homo sapiens,,J Med Chem,2007.0,Histamine H1 receptor,Ki,nM,,492.58,3.3
CHEMBL239081,2511.89,C[C@@H]1CCCN1CCCOc1ccc(N2CCN(C(=O)c3cc(F)cc(F)c3)CC2=O)cc1.O=CO,Scientific Literature,Antagonist activity at human recombinant histamine H1 receptor expressed in CHO cells assessed as inhibition of histamine-induced cellular calcium mobilization,F,Homo sapiens,,J Med Chem,2007.0,Histamine H1 receptor,Ki,nM,,503.55,3.71
CHEMBL239080,2511.89,C[C@@H]1CCCN1CCCOc1ccc(N2CCN(C(=O)c3ccc(C#N)cc3)CC2=O)cc1.O=CO,Scientific Literature,Antagonist activity at human recombinant histamine H1 receptor expressed in CHO cells assessed as inhibition of histamine-induced cellular calcium mobilization,F,Homo sapiens,,J Med Chem,2007.0,Histamine H1 receptor,Ki,nM,,492.58,3.3
CHEMBL240393,3162.28,CS(=O)(=O)c1cccc(C(=O)N2CCN(c3ccc(OCCCN4CCCCC4)cc3)C(=O)C2)c1.O=CO,Scientific Literature,Antagonist activity at human recombinant histamine H1 receptor expressed in CHO cells assessed as inhibition of histamine-induced cellular calcium mobilization,F,Homo sapiens,,J Med Chem,2007.0,Histamine H1 receptor,Ki,nM,,545.66,2.83
CHEMBL240185,1995.26,O=C(c1ccc(F)cc1)N1CCN(c2ccc(OCCCN3CCCCC3)cc2)C(=O)C1.O=CO,Scientific Literature,Antagonist activity at human recombinant histamine H1 receptor expressed in CHO cells assessed as inhibition of histamine-induced cellular calcium mobilization,F,Homo sapiens,,J Med Chem,2007.0,Histamine H1 receptor,Ki,nM,,485.56,3.57
CHEMBL5176780,524.81,NCCCCCCCCNC(=O)/N=C(\N)NCCCc1nnc(N)s1.O=C(O)C(F)(F)F.O=C(O)C(F)(F)F.O=C(O)C(F)(F)F,Scientific Literature,Displacement of [3H] mepyramine from human histamine H1 receptor stably expressed in baculovirus infected Sf9 cell membrane co-expressing RGS4 incubated for 60 mins by scintillation counting analysis,B,Homo sapiens,,J Med Chem,2021.0,Histamine H1 receptor,Ki,nM,6.28,712.59,0.97
CHEMBL5209021,1288.25,Cc1nc(N)sc1-c1ccc(N/C(N)=N/C(=O)NCc2ccccc2)cc1.O=C(O)C(F)(F)F.O=C(O)C(F)(F)F,Scientific Literature,Displacement of [3H] mepyramine from human histamine H1 receptor stably expressed in baculovirus infected Sf9 cell membrane co-expressing RGS4 incubated for 60 mins by scintillation counting analysis,B,Homo sapiens,,J Med Chem,2021.0,Histamine H1 receptor,Ki,nM,5.89,608.52,3.34
CHEMBL59733,100000.0,N[C@H](Cc1nccs1)C(=O)N1CCN(CCCOc2ccc(C(=O)C3CC3)cc2)CC1,Scientific Literature,Binding affinity towards Histamine H1 receptor of human membranes.,B,,,Bioorg Med Chem Lett,2002.0,Histamine H1 receptor,Ki,nM,4.0,442.59,2.22
CHEMBL5191141,4.0,[2H]c1c([2H])c([2H])c([C@@H]2C[C@@H](N3CCN(C([2H])([2H])[2H])C(C)(C)C3)c3cc(Cl)ccc32)c([2H])c1[2H],Scientific Literature,Displacement of [3H]pyrilamine from recombinant human H1 receptor measured after 60 mins by scintillation counting analysis,B,Homo sapiens,,Bioorg Med Chem Lett,2022.0,Histamine H1 receptor,Ki,nM,8.4,362.97,4.94
CHEMBL5201983,6.6,[2H]c1c([2H])c([2H])c([C@@H]2C[C@@H](N3CCNC(C)(C)C3)c3cc(Cl)ccc32)c([2H])c1[2H],Scientific Literature,Displacement of [3H]pyrilamine from recombinant human H1 receptor measured after 60 mins by scintillation counting analysis,B,Homo sapiens,,Bioorg Med Chem Lett,2022.0,Histamine H1 receptor,Ki,nM,8.18,345.93,4.6
CHEMBL1767142,398.11,CN1CCC[C@@H]1Cn1nc(Cc2ccc(C(C)(C)C)cc2)c2ccccc2c1=O,Scientific Literature,Antagonist activity at human recombinant histamine H1 receptor expressed in intact CHO cells assessed as inhibition of histamine-induced cellular calcium mobilization by FLIPR assay,F,Homo sapiens,,J Med Chem,2011.0,Histamine H1 receptor,Ki,nM,6.4,389.54,4.38
CHEMBL4175018,125.0,Cc1oc(-c2ccco2)nc1CN1CCN([C@@H]2CCc3ccccc3C2)CC1,Scientific Literature,Displacement of [3H]pyrilamine from human HRH1 expressed in HEK cell membranes after 90 mins by scintillation counting method,B,Homo sapiens,,J Med Chem,2018.0,Histamine H1 receptor,Ki,nM,6.9,377.49,3.92
CHEMBL4163265,134.0,Fc1ccccc1N1CCN(CCCNc2cncc(Cl)n2)CC1,Scientific Literature,Displacement of [3H]pyrilamine from human HRH1 expressed in HEK cell membranes after 90 mins by scintillation counting method,B,Homo sapiens,,J Med Chem,2018.0,Histamine H1 receptor,Ki,nM,6.87,349.84,2.89
CHEMBL4171171,32.0,Clc1cncc(NCCCCN2CCN(c3ccccc3)CC2)n1,Scientific Literature,Displacement of [3H]pyrilamine from human HRH1 expressed in HEK cell membranes after 90 mins by scintillation counting method,B,Homo sapiens,,J Med Chem,2018.0,Histamine H1 receptor,Ki,nM,7.5,345.88,3.14
CHEMBL4165881,2455.0,Cc1cccc(N2CCN(CCNc3cncc(Cl)n3)CC2)c1,Scientific Literature,Displacement of [3H]pyrilamine from human HRH1 expressed in HEK cell membranes after 90 mins by scintillation counting method,B,Homo sapiens,,J Med Chem,2018.0,Histamine H1 receptor,Ki,nM,5.61,331.85,2.67
CHEMBL4174330,302.0,Fc1ccc(N2CCN(CCNc3cncc(Cl)n3)CC2)cc1,Scientific Literature,Displacement of [3H]pyrilamine from human HRH1 expressed in HEK cell membranes after 90 mins by scintillation counting method,B,Homo sapiens,,J Med Chem,2018.0,Histamine H1 receptor,Ki,nM,6.52,335.81,2.5
CHEMBL2171049,125.89,Cc1ccc(S(=O)(=O)NC(=O)N2CCC(N3CCC(Oc4ccc(Cl)cc4)CC3)CC2)cc1,Scientific Literature,Displacement of [3H]pyrilamine from human H1 receptor expressed in CHOK1 cells,B,Homo sapiens,,Bioorg Med Chem Lett,2012.0,Histamine H1 receptor,Ki,nM,6.9,492.04,4.05
CHEMBL1923526,707.95,OCCN1CCN(c2ncnc3sccc23)CC1,Scientific Literature,Displacement of [3H]mepyramine from human histamine H1 receptor expressed in HEK293 cells after 1 to 1.5 hrs by scintillation counting,B,Homo sapiens,,J Med Chem,2011.0,Histamine H1 receptor,Ki,nM,6.15,264.35,0.81
CHEMBL1923529,2630.27,c1ccc2c(c1)nc1n(CCN3CCCCC3)cnn21,Scientific Literature,Displacement of [3H]mepyramine from human histamine H1 receptor expressed in HEK293 cells after 1 to 1.5 hrs by scintillation counting,B,Homo sapiens,,J Med Chem,2011.0,Histamine H1 receptor,Ki,nM,5.58,269.35,2.17
CHEMBL1923531,4168.69,c1ccc2c(c1)n(CCN1CCCCC1)c1ncnn21,Scientific Literature,Displacement of [3H]mepyramine from human histamine H1 receptor expressed in HEK293 cells after 1 to 1.5 hrs by scintillation counting,B,Homo sapiens,,J Med Chem,2011.0,Histamine H1 receptor,Ki,nM,5.38,269.35,2.17
CHEMBL434001,5370.32,OCCN1CCN(c2ncnc3c2oc2ccccc23)CC1,Scientific Literature,Displacement of [3H]mepyramine from human histamine H1 receptor expressed in HEK293 cells after 1 to 1.5 hrs by scintillation counting,B,Homo sapiens,,J Med Chem,2011.0,Histamine H1 receptor,Ki,nM,5.27,298.35,1.49
CHEMBL1910384,457.09,COc1ccc(CN(CCN[C@H]2CCN(C(=O)c3cc4ccccc4[nH]3)C2)c2ccccn2)cc1,Scientific Literature,Displacement of [3H]mepyramine from human H1R expressed in Sf9 cells co-expressing RGS4 after 90 mins by liquid scintillation counting,B,Homo sapiens,,Bioorg Med Chem Lett,2011.0,Histamine H1 receptor,Ki,nM,6.34,469.59,4.08
CHEMBL4586133,1270.0,O=C(O)C(=O)O.c1ccc(-c2ccc(OCCCCCN3CCCCCC3)cc2)cc1,Scientific Literature,Displacement of [3H]pyrilamine from human H1 receptor expressed in CHOK1 cells incubated for 60 mins by microbeta scintillation counter method,B,Homo sapiens,,Bioorg Med Chem,2017.0,Histamine H1 receptor,Ki,nM,5.9,427.54,5.78
CHEMBL2171019,7.943,CS(=O)(=O)c1cccc(C(=O)N2CCC(N3CCC(Oc4ccc(Cl)c(Cl)c4)CC3)CC2)c1,Scientific Literature,Displacement of [3H]pyrilamine from human H1 receptor expressed in CHOK1 cells,B,Homo sapiens,,Bioorg Med Chem Lett,2012.0,Histamine H1 receptor,Ki,nM,8.1,511.47,4.54
CHEMBL4864852,16982.44,Cc1nc(N)sc1CCCN/C(N)=N/C(=O)NC(C)c1ccccc1F,Scientific Literature,Displacement of [3H]mepyramine from human histamine H1 receptor expressed in sf9 insect cell membranes co-expressing RGS4 incubated for 60 mins by microbeta scintillation counting method,B,Homo sapiens,,Eur J Med Chem,2021.0,Histamine H1 receptor,Ki,nM,4.77,378.48,2.48
CHEMBL4846201,7079.46,Cc1nc(N)sc1CCCN/C(N)=N/C(=O)NCC(C)CCCc1ccccc1,Scientific Literature,Displacement of [3H]mepyramine from human histamine H1 receptor expressed in sf9 insect cell membranes co-expressing RGS4 incubated for 60 mins by microbeta scintillation counting method,B,Homo sapiens,,Eur J Med Chem,2021.0,Histamine H1 receptor,Ki,nM,5.15,416.6,3.24
CHEMBL4850490,63095.73,Cc1nc(N)sc1CCCN/C(N)=N/C(=S)NC[C@H](C)c1ccccc1,Scientific Literature,Displacement of [3H]mepyramine from human histamine H1 receptor expressed in sf9 insect cell membranes co-expressing RGS4 incubated for 60 mins by microbeta scintillation counting method,B,Homo sapiens,,Eur J Med Chem,2021.0,Histamine H1 receptor,Ki,nM,4.2,390.58,2.55
CHEMBL2171028,15.85,O=C(O)CCNc1ccccc1C(=O)N1CCC(N2CCC(Oc3ccc(Cl)c(Cl)c3)CC2)CC1,Scientific Literature,Displacement of [3H]pyrilamine from human H1 receptor expressed in CHOK1 cells,B,Homo sapiens,,Bioorg Med Chem Lett,2012.0,Histamine H1 receptor,Ki,nM,7.8,520.46,5.03
CHEMBL2179217,681.8,COc1ccc(S(=O)(=O)n2cc(C)c3cc(Cl)ccc32)cc1NC1CCN(C)CC1,Scientific Literature,Binding affinity to histamine H1 receptor,B,,,J Med Chem,2012.0,Histamine H1 receptor,Ki,nM,6.17,447.99,4.35
CHEMBL2146812,1.288,CN1CCC[C@@H]1Cn1nc(Cc2ccc(Cl)cc2)c2nccnc2c1=O,Scientific Literature,Antagonist activity at human H1 receptor expressed in CHO cells assessed as inhibition of calcium mobilization by FLIPR assay,F,Homo sapiens,,Bioorg Med Chem,2012.0,Histamine H1 receptor,Ki,nM,8.89,369.86,2.52
CHEMBL2146813,17.38,O=c1c2ccncc2c(Cc2ccc(Cl)cc2)nn1C[C@H]1CCCN1CCCCc1ccc(OCCCN2CCCCCC2)cc1,Scientific Literature,Antagonist activity at human H1 receptor expressed in CHO cells assessed as inhibition of calcium mobilization by FLIPR assay,F,Homo sapiens,,Bioorg Med Chem,2012.0,Histamine H1 receptor,Ki,nM,7.76,642.29,7.17
CHEMBL2151156,12.59,CC1(C)CCCN(CCCOc2ccc(C3CCN(C(=O)c4ccc(CCC(=O)O)c5ccccc45)CC3)cc2)C1,Scientific Literature,Binding affinity to human histamine H1 receptor,B,Homo sapiens,,J Med Chem,2011.0,Histamine H1 receptor,Ki,nM,7.9,556.75,6.77
CHEMBL2207278,7.943,O=C(NC[C@@H](O)CN1CCC(Oc2ccc(Cl)c(Cl)c2)CC1)c1c[nH]c(=O)c2cc(F)ccc12,Scientific Literature,Displacement of [3H]-pyrilamine from human recombinant H1 histamine receptor expressed in CHOK1 cells after 1 hr,B,Homo sapiens,,Bioorg Med Chem Lett,2012.0,Histamine H1 receptor,Ki,nM,8.1,508.38,3.61
CHEMBL4856602,46773.51,Cc1nc(N)sc1CCCN/C(N)=N/C(=S)NC(c1ccccc1)c1ccccc1,Scientific Literature,Displacement of [3H]mepyramine from human histamine H1 receptor expressed in sf9 insect cell membranes co-expressing RGS4 incubated for 60 mins by microbeta scintillation counting method,B,Homo sapiens,,Eur J Med Chem,2021.0,Histamine H1 receptor,Ki,nM,4.33,438.63,3.53
CHEMBL2207282,19.95,NS(=O)(=O)c1ccc2c(C(=O)NC[C@@H](O)CN3CCC(Oc4ccc(Cl)c(Cl)c4)CC3)c[nH]c(=O)c2c1,Scientific Literature,Displacement of [3H]-pyrilamine from human recombinant H1 histamine receptor expressed in CHOK1 cells after 1 hr,B,Homo sapiens,,Bioorg Med Chem Lett,2012.0,Histamine H1 receptor,Ki,nM,7.7,569.47,2.12
CHEMBL444353,12.0,Cn1ccc2c1C(=O)Cn1ccnc1C2=C1CCNCC1,Scientific Literature,Binding affinity for H1 histamine receptor expressed in CHO cells,B,,,J Med Chem,2005.0,Histamine H1 receptor,Ki,nM,7.92,282.35,1.6
CHEMBL564226,0.4,C[C@H](C1=C(CCN(C)C)Cc2ccccc21)c1ccccn1,Scientific Literature,Displacement of [3H]pyrilamine from human histamine H1 receptor expressed in CHO Flp-In cells by liquid scintillation counting,B,Homo sapiens,,J Med Chem,2009.0,Histamine H1 receptor,Ki,nM,9.4,292.43,4.15
CHEMBL2376801,11220.18,CCc1cnc2c(N3CC[C@@H](NC)C3)nc(N)nc2c1,Scientific Literature,Displacement of [3H]histamine from human histamine H1 receptor expressed in HEK cells,B,Homo sapiens,,Bioorg Med Chem Lett,2013.0,Histamine H1 receptor,Ki,nM,4.95,272.36,0.97
CHEMBL2146802,0.912,CCCCN1CCC[C@@H]1Cn1nc(Cc2ccc(Cl)cc2)c2ccccc2c1=O,Scientific Literature,Antagonist activity at human H1 receptor expressed in CHO cells assessed as inhibition of calcium mobilization by FLIPR assay,F,Homo sapiens,,Bioorg Med Chem,2012.0,Histamine H1 receptor,Ki,nM,9.04,409.96,4.91
CHEMBL3094128,2511.89,O=C(N[C@H]1CCN(Cc2ccc(OCCCN3CCCCC3)cc2)C1)c1ccc2c(c1)OCO2,Scientific Literature,Antagonist activity at human recombinant histamine H1 receptor expressed in CHO cells assessed as inhibition of histamine-induced effect by FLIPR assay,B,Homo sapiens,,Bioorg Med Chem Lett,2013.0,Histamine H1 receptor,Ki,nM,,465.59,3.67
CHEMBL3290012,69.0,O=S(=O)(NCCCCN1CCC(c2noc3cc(F)ccc23)CC1)c1cc2ccccc2s1,Scientific Literature,Displacement of [3H]pyrilamine from human recombinant H1 receptor expressed in HEK293 cells,B,Homo sapiens,,J Med Chem,2014.0,Histamine H1 receptor,Ki,nM,7.16,487.62,5.12
CHEMBL3805995,10000.0,NC[C@@H]1CC[C@H](c2c[nH]cn2)C1,Scientific Literature,Displacement of [3H]mepyramine from human histamine H1 receptor expressed in sf9 cell membrane co-expressing RGS4 incubated for 60 mins by liquid scintillation counting method,B,Homo sapiens,,J Med Chem,2016.0,Histamine H1 receptor,Ki,nM,,165.24,1.25
CHEMBL196169,10000.0,COc1ccc(NC(=O)N2CCN(c3ccccc3F)CC2)cc1N1CCN(C)CC1,Scientific Literature,Affinity towards cloned Histamine H1 receptor,B,Homo sapiens,,Bioorg Med Chem Lett,2005.0,Histamine H1 receptor,Ki,nM,,427.52,2.94
CHEMBL4867962,21379.62,Cc1nc(N)sc1CCCN/C(N)=N/C(=O)N[C@@H](C)c1ccccc1,Scientific Literature,Displacement of [3H]mepyramine from human histamine H1 receptor expressed in sf9 insect cell membranes co-expressing RGS4 incubated for 60 mins by microbeta scintillation counting method,B,Homo sapiens,,Eur J Med Chem,2021.0,Histamine H1 receptor,Ki,nM,4.67,360.49,2.34
CHEMBL4781093,3690.0,Fc1ccc(-c2ccc(OCCCN3CCN(c4ccncc4)CC3)cc2)cc1,Scientific Literature,Displacement of [3H]mepyramine from human H1R expressed in Sf9 cell membranes co-expressing RGS4 measured after 60 mins by scintillation counting analysis,B,Homo sapiens,,Eur J Med Chem,2021.0,Histamine H1 receptor,Ki,nM,5.43,391.49,4.48
CHEMBL51,2.0,O=C(c1ccc(F)cc1)C1CCN(CCn2c(=O)[nH]c3ccccc3c2=O)CC1,Scientific Literature,Antagonist activity at histamine H1 receptor,F,,,J Med Chem,2012.0,Histamine H1 receptor,Ki,nM,8.7,395.43,2.42
CHEMBL3818989,68.0,O=C(CCCN1CCc2ccccc2C1)c1ccccc1,Scientific Literature,Displacement of [3H]Pyrilamine from human H1 receptor expressed in cell membranes after 1 hr by liquid scintillation counting,B,Homo sapiens,,Bioorg Med Chem,2016.0,Histamine H1 receptor,Ki,nM,7.17,279.38,3.71
CHEMBL1278201,15.85,O=C(O)C1CCN(C2CC[C@]3(Cc4ccccc4Cc4ccccc43)C2)C1,Scientific Literature,Antagonist activity against human histamine H1 receptor expressed in CHO cells by FLIPR assay,F,Homo sapiens,,J Med Chem,2010.0,Histamine H1 receptor,Ki,nM,7.8,361.49,4.03
CHEMBL1277126,50.12,O=C(O)C1=CCN(C2CCC3(Cc4ccccc4Oc4ccccc43)C2)CC1,Scientific Literature,Antagonist activity against human histamine H1 receptor expressed in CHO cells by FLIPR assay,F,Homo sapiens,,J Med Chem,2010.0,Histamine H1 receptor,Ki,nM,7.3,375.47,4.54
CHEMBL239300,1995.26,C[C@H]1CCCN1CCCOc1ccc(N2CCN(C(=O)c3ccc(F)cc3)CC2=O)cc1.O=CO,Scientific Literature,Antagonist activity at human recombinant histamine H1 receptor expressed in CHO cells assessed as inhibition of histamine-induced cellular calcium mobilization,F,Homo sapiens,,J Med Chem,2007.0,Histamine H1 receptor,Ki,nM,,485.56,3.57
CHEMBL4870510,12589.25,CCC(NC(=O)/N=C(\N)NCCCc1sc(N)nc1C)c1ccccc1,Scientific Literature,Displacement of [3H]mepyramine from human histamine H1 receptor expressed in sf9 insect cell membranes co-expressing RGS4 incubated for 60 mins by microbeta scintillation counting method,B,Homo sapiens,,Eur J Med Chem,2021.0,Histamine H1 receptor,Ki,nM,4.9,374.51,2.73
CHEMBL4861704,25703.96,Cc1nc(N)sc1CCCN/C(N)=N/C(=O)NC(C)c1cccs1,Scientific Literature,Displacement of [3H]mepyramine from human histamine H1 receptor expressed in sf9 insect cell membranes co-expressing RGS4 incubated for 60 mins by microbeta scintillation counting method,B,Homo sapiens,,Eur J Med Chem,2021.0,Histamine H1 receptor,Ki,nM,4.59,366.52,2.4
CHEMBL3139682,100.0,Nc1ccc2ccc(CCNCCc3cccc(Cl)c3)cc2n1,Scientific Literature,Displacement of [3H]Pyrilamine from human H1 receptor expressed in HEK cells after 90 mins by scintillation counting method,B,Homo sapiens,,J Med Chem,2017.0,Histamine H1 receptor,Ki,nM,,325.84,3.85
CHEMBL2207281,50.12,O=C(NC[C@@H](O)CN1CCC(Oc2ccc(Cl)c(Cl)c2)CC1)c1c[nH]c(=O)c2cc(S(=O)(=O)NCCO)ccc12,Scientific Literature,Displacement of [3H]-pyrilamine from human recombinant H1 histamine receptor expressed in CHOK1 cells after 1 hr,B,Homo sapiens,,Bioorg Med Chem Lett,2012.0,Histamine H1 receptor,Ki,nM,7.3,613.52,1.74
CHEMBL2207280,6.31,O=C(NC[C@@H](O)CN1CCC(Oc2ccc(Cl)c(Cl)c2)CC1)c1c[nH]c(=O)c2ccc(F)cc12,Scientific Literature,Displacement of [3H]-pyrilamine from human recombinant H1 histamine receptor expressed in CHOK1 cells after 1 hr,B,Homo sapiens,,Bioorg Med Chem Lett,2012.0,Histamine H1 receptor,Ki,nM,8.2,508.38,3.61
CHEMBL4466483,2600.0,FC(F)(F)c1cc(Oc2nccc3ccsc23)ccc1-c1cccc2nccn12,Scientific Literature,Displacement of [3H]-pyrilamine from human histamine H1 receptor expressed in stable HEK cells after 90 mins by microbeta scintillation counting method,B,Homo sapiens,,J Med Chem,2019.0,Histamine H1 receptor,Ki,nM,5.58,411.41,6.42
CHEMBL294349,21379.62,CCCCCC(=O)c1ccc(OCCCN2CCN(C(=O)C(C)(C)O)CC2)cc1,Scientific Literature,Binding affinity for the human Histamine H1 Receptor,B,,,Bioorg Med Chem Lett,2002.0,Histamine H1 receptor,Ki,nM,4.67,404.55,3.13
CHEMBL236587,624.0,CCOc1cc(CN2CCC(Nc3nc4ccccc4o3)CC2)ccc1OC,Scientific Literature,Binding affinity to histamine H1 receptor,B,Homo sapiens,,J Med Chem,2007.0,Histamine H1 receptor,Ki,nM,6.21,381.48,4.31
CHEMBL64249,0.19,CN1CCN(C2Cc3ccccc3Sc3ccc(Cl)cc32)CC1,Scientific Literature,Displacement of [3H]prozosin from human cloned histamine H1 receptor expressed in CHO cells,B,Homo sapiens,,J Med Chem,2010.0,Histamine H1 receptor,Ki,nM,9.72,344.91,4.34
CHEMBL3806079,3800.0,N#C/N=C(/NCCSc1ccccc1)NC[C@@H]1CC[C@H](c2c[nH]cn2)C1,Scientific Literature,Displacement of [3H]mepyramine from human histamine H1 receptor expressed in sf9 cell membrane co-expressing RGS4 incubated for 60 mins by liquid scintillation counting method,B,Homo sapiens,,J Med Chem,2016.0,Histamine H1 receptor,Ki,nM,5.42,368.51,3.1
CHEMBL3917794,251.19,O=C(O)c1ccc2cccc(N3CCN(CCc4ccc(OCCCN5CCCCCC5)cc4)CC3)c2n1,Scientific Literature,Antagonist activity at human Histamine H1 receptor expressed in CHO cells assessed as inhibition of histamine-induced calcium flux preincubated for 30 mins followed by histamine addition by Fluo-4-AM dye based FLIPR assay,F,Homo sapiens,,Bioorg Med Chem Lett,2016.0,Histamine H1 receptor,Ki,nM,6.6,516.69,4.94
CHEMBL3952802,199.53,O=C(O)/C=C/c1ccc2cccc(N3CCN(CCc4ccc(OCCCN5CCCCCC5)cc4)CC3)c2n1,Scientific Literature,Antagonist activity at human Histamine H1 receptor expressed in CHO cells assessed as inhibition of histamine-induced calcium flux preincubated for 30 mins followed by histamine addition by Fluo-4-AM dye based FLIPR assay,F,Homo sapiens,,Bioorg Med Chem Lett,2016.0,Histamine H1 receptor,Ki,nM,6.7,542.72,5.34
CHEMBL2207671,19.95,CS(=O)(=O)c1ccc2c(C(=O)NC[C@@H](O)CN3CCC(Oc4ccc(Cl)c(Cl)c4)CC3)c[nH]c(=O)c2c1,Scientific Literature,Displacement of [3H]-pyrilamine from human recombinant H1 histamine receptor expressed in CHOK1 cells after 1 hr,B,Homo sapiens,,Bioorg Med Chem Lett,2012.0,Histamine H1 receptor,Ki,nM,7.7,568.48,2.87
CHEMBL2207655,25.12,CC1(O)CN(S(=O)(=O)c2ccc3c(C(=O)NC[C@@H](O)CN4CCC(Oc5ccc(Cl)c(Cl)c5)CC4)c[nH]c(=O)c3c2)C1,Scientific Literature,Displacement of [3H]-pyrilamine from human recombinant H1 histamine receptor expressed in CHOK1 cells after 1 hr,B,Homo sapiens,,Bioorg Med Chem Lett,2012.0,Histamine H1 receptor,Ki,nM,7.6,639.56,2.22
CHEMBL2208426,100.0,CS(=O)(=O)c1ccc(C(=O)NC[C@@H](O)CN2CCC(Oc3ccc(Cl)c(Cl)c3)CC2)s1,Scientific Literature,Displacement of [3H]-pyrilamine from human histamine H1 receptor expressed in recombinant CHOK1 cells after 1 hr,B,Homo sapiens,,Bioorg Med Chem Lett,2012.0,Histamine H1 receptor,Ki,nM,7.0,507.46,3.09
CHEMBL2208428,199.53,CS(=O)(=O)c1ccccc1C(=O)NC[C@@H](O)CN1CCC(Oc2ccc(Cl)c(Cl)c2)CC1,Scientific Literature,Displacement of [3H]-pyrilamine from human histamine H1 receptor expressed in recombinant CHOK1 cells after 1 hr,B,Homo sapiens,,Bioorg Med Chem Lett,2012.0,Histamine H1 receptor,Ki,nM,6.7,501.43,3.03
CHEMBL42,1.0,CN1CCN(C2=Nc3cc(Cl)ccc3Nc3ccccc32)CC1,Scientific Literature,Inhibition of histamine H1 receptor (unknown origin),B,Homo sapiens,,J Med Chem,2014.0,Histamine H1 receptor,Ki,nM,9.0,326.83,3.72
CHEMBL3104093,10000.0,CN1CCc2c(c3cccc4c3n2CCc2ccccc2-4)C1,Scientific Literature,Displacement of [3H]Pyrilamine from histamine H1 receptor (unknown origin),B,Homo sapiens,,Bioorg Med Chem Lett,2014.0,Histamine H1 receptor,Ki,nM,,288.39,3.85
CHEMBL285802,0.62,CN(C)CCOC1=Cc2ccccc2Sc2ccc(Cl)cc21,Scientific Literature,Binding affinity towards human H1 receptor,B,,,J Med Chem,2001.0,Histamine H1 receptor,Ki,nM,9.21,331.87,4.88
CHEMBL255417,2511.89,CCc1nc2cc3c(c(Br)c2o1)CCN(C(C)CCSc1nnc(-c2cccc4nc(C)ccc24)n1C)CC3,Scientific Literature,Antagonist activity at histamine H1 receptor by FLIPR assay,F,,,Bioorg Med Chem Lett,2008.0,Histamine H1 receptor,Ki,nM,,605.61,6.78
CHEMBL590241,242.0,c1ccc(CCNCC2c3ccccc3Cc3ccccc32)cc1,Scientific Literature,Displacement of [3H]Pyrilamine from human cloned histamine H1 receptor,B,Homo sapiens,,Bioorg Med Chem Lett,2010.0,Histamine H1 receptor,Ki,nM,6.62,313.44,4.56
CHEMBL609328,725.0,c1ccc(CCCNCC2c3ccccc3Cc3ccccc32)cc1,Scientific Literature,Displacement of [3H]Pyrilamine from human cloned histamine H1 receptor,B,Homo sapiens,,Bioorg Med Chem Lett,2010.0,Histamine H1 receptor,Ki,nM,6.14,327.47,4.95
CHEMBL598753,2640.0,COc1ccc2c3c(ccc2c1)Cc1ccccc1C3CN,Scientific Literature,Displacement of [3H]Pyrilamine from human cloned histamine H1 receptor,B,Homo sapiens,,Bioorg Med Chem Lett,2010.0,Histamine H1 receptor,Ki,nM,5.58,289.38,3.84
CHEMBL715,1.2,Cc1cc2c(s1)Nc1ccccc1N=C2N1CCN(C)CC1,Scientific Literature,Inhibition of [3H]pyrilamine binding to human Histamine H1 receptor ,B,Homo sapiens,,J Med Chem,2005.0,Histamine H1 receptor,Ki,nM,8.92,312.44,3.44
CHEMBL2391541,936.0,C=CCN(CC=C)CCc1c[nH]c2ccc(OC)cc12,Scientific Literature,Displacement of [3H]Pyrilamine from human recombinant histamine H1 receptor expressed in HEK293 cells after 1 to 1.5 hrs by scintillation counting analysis,B,Homo sapiens,,Bioorg Med Chem Lett,2013.0,Histamine H1 receptor,Ki,nM,6.03,270.38,3.39
CHEMBL511,1.7,COc1ccc(CN(CCN(C)C)c2ccccn2)cc1,Scientific Literature,Displacement of [3H]pyrilamine from human recombinant H1 receptor expressed in HEK293 cells,B,Homo sapiens,,J Med Chem,2014.0,Histamine H1 receptor,Ki,nM,8.77,285.39,2.66
CHEMBL5081713,100000.0,CN(C)c1ccc2c(-c3ccc(C(=O)NCCOCCOCCOCCNC(=O)C4CCN(Cc5ccc(OCCCN6CCCCC6)cc5)CC4)cc3C(=O)[O-])c3ccc(=[N+](C)C)cc-3oc2c1,Scientific Literature,Displacement of [3H]mepyramine from human H1R receptor expressed in HEK293 cells by radioligand competition binding assay,B,Homo sapiens,,J Med Chem,2021.0,Histamine H1 receptor,Ki,nM,,947.19,4.73
CHEMBL5088622,1000.0,Nc1nc(-c2ccccc2)c2c(n1)-c1cc(OCCCN3CCCC3)ccc1C2,Scientific Literature,Displacement of [3H]pyrilamine from human recombinant histamine H1 receptor expressed in CHO cells by liquid scintillation counting analysis,B,Homo sapiens,,J Med Chem,2021.0,Histamine H1 receptor,Ki,nM,,386.5,4.16
CHEMBL5082650,1000.0,Nc1nc(-c2ccccc2)c2c(n1)-c1cc(OCCCN3CCCCC3)ccc1C2=O,Scientific Literature,Displacement of [3H]pyrilamine from human recombinant histamine H1 receptor expressed in CHO cells by liquid scintillation counting analysis,B,Homo sapiens,,J Med Chem,2021.0,Histamine H1 receptor,Ki,nM,,414.51,4.19
CHEMBL4454015,3.981,Clc1ccc2c(c1)CCc1cccnc1C2=C1CCN(Cc2ccccc2)CC1,Scientific Literature,Displacement of [3H]mepyramine from N-terminal HA-tagged H1R (unknown origin) expressed in HEK293T cells measured after 4 hrs by microbeta scintillation counting method,B,Homo sapiens,,J Med Chem,2019.0,Histamine H1 receptor,Ki,nM,8.4,400.95,5.93
CHEMBL3936289,10000.0,CN1CC[C@H]2CC(=O)[C@H](Cc3ccccc3)[C@H]3CCC[C@@H]1[C@H]23,Scientific Literature,Displacement of [3H]Pyrilamine from human H1 receptor expressed in HEK cells measured after 90 mins by microbeta scintillation counting method,B,Homo sapiens,,Bioorg Med Chem Lett,2016.0,Histamine H1 receptor,Ki,nM,,297.44,3.55
CHEMBL85,100.0,Cc1nc2n(c(=O)c1CCN1CCC(c3noc4cc(F)ccc34)CC1)CCCC2,Scientific Literature,Binding affinity to H1 histamine receptor (unknown origin) by PDSP assay,B,Homo sapiens,,Medchemcomm,2012.0,Histamine H1 receptor,Ki,nM,7.0,410.49,3.59
CHEMBL210578,8780.0,O=C(CCCN1C2CCC1CC(O)(c1ccc(Cl)cc1)C2)c1ccc(F)cc1,Scientific Literature,Binding affinity to human cloned histamine H1 receptor by radioligand binding assay,B,Homo sapiens,,Bioorg Med Chem Lett,2006.0,Histamine H1 receptor,Ki,nM,5.06,401.91,4.96
CHEMBL3754496,79.43,C=CCN(CC=C)CCc1c[nH]c2ccc(F)cc12,Scientific Literature,Binding affinity to histamine H1 receptor (unknown origin) by competition binding assay,B,Homo sapiens,,Bioorg Med Chem Lett,2016.0,Histamine H1 receptor,Ki,nM,7.1,258.34,3.52
CHEMBL2391541,501.19,C=CCN(CC=C)CCc1c[nH]c2ccc(OC)cc12,Scientific Literature,Binding affinity to histamine H1 receptor (unknown origin) by competition binding assay,B,Homo sapiens,,Bioorg Med Chem Lett,2016.0,Histamine H1 receptor,Ki,nM,6.3,270.38,3.39
CHEMBL1278114,10.0,O=C(O)CCNC1CC[C@]2(Cc3ccccc3Cc3ccccc32)C1,Scientific Literature,Antagonist activity against human histamine H1 receptor expressed in CHO cells by FLIPR assay,F,Homo sapiens,,J Med Chem,2010.0,Histamine H1 receptor,Ki,nM,8.0,335.45,3.69
CHEMBL1935444,1.5,Cc1ccc(Cn2c(C3CNCCS3)nc3ccccc32)cc1,Scientific Literature,Antagonist activity at histamine H1 receptor,F,,,Bioorg Med Chem Lett,2012.0,Histamine H1 receptor,Ki,nM,8.82,323.47,3.77
CHEMBL1935444,1.3,Cc1ccc(Cn2c(C3CNCCS3)nc3ccccc32)cc1,Scientific Literature,Antagonist activity at histamine H1 receptor,F,,,Bioorg Med Chem Lett,2012.0,Histamine H1 receptor,Ki,nM,8.89,323.47,3.77
CHEMBL3545181,20.8,C[N+]1(C)[C@@H]2C[C@@H](OC(=O)C(O)(c3cccs3)c3cccs3)C[C@H]1[C@@H]1O[C@@H]12.O.[Br-],EUbOPEN Chemogenomic Library,"PDSP Secondary Binding target: HRH1 - Compounds are tested at 10 uM concentration, plate are incubated at room temperature in the dark for 90 minutes. Reaction are stopped by vacuum filtration onto 0.3% polyethyleneimine soaked filter mats using Filtermate harvester. Scintillation cocktail is then melted onto microwave-dried filters on a hot plate and the radio activity is counted in Microbia counter. Compounds showing a minimum of 50% inhibition at 10 uM concentration are carried forward in this secondary binding assay to determine equilibrium binding affinity.",B,Homo sapiens,,,2024.0,Histamine H1 receptor,Ki,nM,7.68,490.44,2.35
CHEMBL3898341,12.59,CCCCc1cc(N2CCN(CCc3ccc(OCCCN4CCCCCC4)cc3)CC2)c2nc(CCC(=O)O)ccc2c1,Scientific Literature,Antagonist activity at human Histamine H1 receptor expressed in CHO cells assessed as inhibition of histamine-induced calcium flux preincubated for 30 mins followed by histamine addition by Fluo-4-AM dye based FLIPR assay,F,Homo sapiens,,Bioorg Med Chem Lett,2016.0,Histamine H1 receptor,Ki,nM,7.9,600.85,6.6
CHEMBL4756695,810.0,CN(C)CCCN1C(=O)c2ccccc2CCc2ccccc21,Scientific Literature,Binding affinity to H1 receptor (unknown origin),B,Homo sapiens,,Bioorg Med Chem Lett,2020.0,Histamine H1 receptor,Ki,nM,6.09,308.43,3.38
CHEMBL329685,9.3,CNCC1C[C@@H]2c3ccccc3Cc3ccccc3[C@H]2O1,Scientific Literature,Ability to displace [3H]pyrilamine from human cloned histamine H1 receptor expressed in CHO cells,B,,,Bioorg Med Chem Lett,2004.0,Histamine H1 receptor,Ki,nM,8.03,279.38,3.42
CHEMBL511,5.0118723362727155e+17,COc1ccc(CN(CCN(C)C)c2ccccn2)cc1,Scientific Literature,Inhibitory activity against human Histamine H1 receptor,B,,,J Med Chem,2003.0,Histamine H1 receptor,Ki,nM,,285.39,2.66
CHEMBL1108,525.0,O=C(CCCN1CC=C(n2c(=O)[nH]c3ccccc32)CC1)c1ccc(F)cc1,DrugMatrix,"DRUGMATRIX: Histamine H1, Central radioligand binding (ligand: [3H] Pyrilamine)",B,,,,,Histamine H1 receptor,Ki,nM,6.28,379.44,3.68
CHEMBL5192441,691.83,CC(C)[C@H](NC(=O)CCN1CCC(Oc2ccccc2Cc2ccccc2)CC1)C(=O)N[C@@H](Cc1cnc[nH]1)C(=O)N[C@@H](C)C(=O)N[C@H](Cc1ccccc1)C(N)=O,Scientific Literature,Displacement of fluorophore-labeled mepyramine from Nluc-tagged human H1R expressed in HEK293T cells incubated for 2 hrs by NanoBRET competition binding assay,B,Homo sapiens,,J Med Chem,2022.0,Histamine H1 receptor,Ki,nM,6.16,792.98,2.82
CHEMBL5204037,437.0,CC(C)[C@H](NC(=O)CCN1CCC(Oc2ccccc2Cc2ccccc2)CC1)C(=O)N[C@@H](CO)C(=O)N[C@@H](Cc1ccc(O)cc1)C(=O)N[C@@H](Cc1ccccc1)C(N)=O,Scientific Literature,Displacement of fluorophore-labeled mepyramine from Nluc-tagged human H1R expressed in HEK293T cells incubated for 2 hrs by NanoBRET competition binding assay,B,Homo sapiens,,J Med Chem,2022.0,Histamine H1 receptor,Ki,nM,6.36,835.01,2.77
CHEMBL3899169,58.8,Cc1ccc2c(c1)Oc1sc(Cl)cc1C(N1CCN(CC(C)(C)C(=O)O)CC1)=N2,BindingDB Patent Bioactivity Data,"Scintillation Proximity Assay: [3H]-Pyrilamine binding experiments are carried out in SPA (scintillation proximity assay) 96-well format. Membranes used in this assay are prepared from HEK-293 cells stably expressing recombinant H1 receptor (human). The incubation is initiated by the addition of a mixture of WGA PVT SPA beads (1 mg/well, Perkin Elmer (MA, USA) RPNQ0001) and 3 Î¼g membranes to assay buffer (67 mM Tris; pH 7.6) containing 3.5 nM [3H]-Pyrilamine and varying concentrations of the test compound (10 point concentration response curves). Non-specific binding is determined in the presence of 10 Î¼M Triprolidine. Samples are incubated for 4 hr. at room temperature (22Â° C.) and then read in a Microbeta Trilux.",B,Homo sapiens,,,2016.0,Histamine H1 receptor,Ki,nM,7.23,433.96,4.62
CHEMBL1000,50.12,O=C(O)COCCN1CCN(C(c2ccccc2)c2ccc(Cl)cc2)CC1,Scientific Literature,Displacement of [3H]mepyramine from human histamine H1 receptor S3.36A mutant expressed in COS-7 cells by liquid scintillation counting,B,Homo sapiens,,Nat Chem Biol,2005.0,Histamine H1 receptor,Ki,nM,7.3,388.9,3.15
CHEMBL3289656,724.44,c1cnc(N2CCN(CCCc3nc4ccccc4s3)CC2)nc1,Scientific Literature,Displacement of [3H]pyrilamine from human histamine H1 receptor by PDSP assay,B,Homo sapiens,,Bioorg Med Chem,2014.0,Histamine H1 receptor,Ki,nM,6.14,339.47,2.84
CHEMBL454890,97.72,CN1CCN(c2nc(NCc3ccoc3)c3cc(Cl)ccc3n2)CC1,Scientific Literature,Displacement of [3H]mepyramine from human histamine H1 receptor expressed in NIH3T3 cells,B,Homo sapiens,,J Med Chem,2008.0,Histamine H1 receptor,Ki,nM,7.01,357.85,3.24
CHEMBL3917428,25.12,O=C(O)CCc1ccc2cc(Cc3ccccc3)cc(N3CCN(CCc4ccc(OCCCN5CCCCCC5)cc4)CC3)c2n1,Scientific Literature,Antagonist activity at human Histamine H1 receptor expressed in CHO cells assessed as inhibition of histamine-induced calcium flux preincubated for 30 mins followed by histamine addition by Fluo-4-AM dye based FLIPR assay,F,Homo sapiens,,Bioorg Med Chem Lett,2016.0,Histamine H1 receptor,Ki,nM,7.6,634.87,6.85
CHEMBL10780,10000.0,NCC(c1ccccc1)c1ccccc1,Scientific Literature,Displacement of [3H]chlorphniramine from human histamine H1 receptor expressed in cells,B,Homo sapiens,,Bioorg Med Chem,2009.0,Histamine H1 receptor,Ki,nM,,197.28,2.78
CHEMBL292195,7.0,CN(CCCCc1c[nH]cn1)CCC(c1ccc(Cl)cc1)c1ccccn1,Scientific Literature,Inhibition constant against histamine H1 receptor,B,Homo sapiens,,J Med Chem,2005.0,Histamine H1 receptor,Ki,nM,8.15,382.94,4.93
CHEMBL5178882,1621.81,C[C@H](NC(=O)[C@H](C)NC(=O)[C@H](CCCCN)NC(=O)CCN1CCC(Oc2ccccc2Cc2ccccc2)CC1)C(=O)N[C@H](Cc1ccccc1)C(N)=O,Scientific Literature,Displacement of fluorophore-labeled mepyramine from Nluc-tagged human H1R expressed in HEK293T cells incubated for 2 hrs by NanoBRET competition binding assay,B,Homo sapiens,,J Med Chem,2022.0,Histamine H1 receptor,Ki,nM,5.79,755.96,2.35
CHEMBL271097,2511.89,Cc1ccc2c(-c3nnc(SCCCCN4CCc5cc6nc(C(F)(F)F)oc6c(C)c5CC4)n3C)cccc2n1,Scientific Literature,Antagonist activity at histamine H1 receptor by FLIPR assay,F,,,Bioorg Med Chem Lett,2008.0,Histamine H1 receptor,Ki,nM,5.6,580.68,6.78
CHEMBL5433976,653.0,N#Cc1ccc(-c2ccc(OCCCN3CCC(c4ccncc4)CC3)cc2)cc1,Scientific Literature,Displacement of [3H] mepyramine from human FLAG-tagged histamine H1 receptor stably expressed in HEK293T cells assessed as inhibition constant by competitive binding based radioligand depletion assay,B,Homo sapiens,,J Med Chem,2023.0,Histamine H1 receptor,Ki,nM,6.18,397.52,5.27
CHEMBL1098230,1000.0,CC(C)(C)c1ccc(SCCc2c[nH]cn2)cc1,Scientific Literature,Inhibition of histamine H1 receptor,B,,,J Med Chem,2010.0,Histamine H1 receptor,Ki,nM,,260.41,4.04
CHEMBL908,3.75,CN(C)CC/C=C1/c2ccccc2Sc2ccc(Cl)cc21,Scientific Literature,Displacement of [3H]pyrilamine from human histamine H1 receptor expressed in CHO cells,B,Homo sapiens,,Bioorg Med Chem Lett,2009.0,Histamine H1 receptor,Ki,nM,8.43,315.87,5.19
CHEMBL716,8.7,OCCOCCN1CCN(C2=Nc3ccccc3Sc3ccccc32)CC1,Scientific Literature,Binding affinity to human cloned histamine H1 receptor,B,Homo sapiens,,Bioorg Med Chem,2008.0,Histamine H1 receptor,Ki,nM,8.06,383.52,2.86
CHEMBL3970299,247.0,Cl.Clc1ccc2sc(CCCCN3CCc4ccccc4C3)nc2c1,Scientific Literature,Displacement of [3H]-pyrilamine from human histamine H1 receptor by liquid scintillation counting method,A,Homo sapiens,,Bioorg Med Chem,2016.0,Histamine H1 receptor,Ki,nM,6.61,393.38,5.33
CHEMBL3899169,20.6,Cc1ccc2c(c1)Oc1sc(Cl)cc1C(N1CCN(CC(C)(C)C(=O)O)CC1)=N2,BindingDB Patent Bioactivity Data,"Scintillation Proximity Assay: [3H]-Pyrilamine binding experiments are carried out in SPA (scintillation proximity assay) 96-well format. Membranes used in this assay are prepared from HEK-293 cells stably expressing recombinant H1 receptor (human). The incubation is initiated by the addition of a mixture of WGA PVT SPA beads (1 mg/well, Perkin Elmer (MA, USA) RPNQ0001) and 3 Î¼g membranes to assay buffer (67 mM Tris; pH 7.6) containing 3.5 nM [3H]-Pyrilamine and varying concentrations of the test compound (10 point concentration response curves). Non-specific binding is determined in the presence of 10 Î¼M Triprolidine. Samples are incubated for 4 hr. at room temperature (22Â° C.) and then read in a Microbeta Trilux.",B,Homo sapiens,,,2016.0,Histamine H1 receptor,Ki,nM,7.69,433.96,4.62
CHEMBL3970994,1445.44,C1=C(CCN2CCc3ccccc3C2)CCc2ccccc21,Scientific Literature,Displacement of [3H]-pyrilamine from human histamine H1 receptor by liquid scintillation counting method,A,Homo sapiens,,Bioorg Med Chem,2016.0,Histamine H1 receptor,Ki,nM,5.84,289.42,4.46
CHEMBL329566,0.54,CN(C)C[C@H]1C[C@@H]2c3ccccc3Cc3ccccc3[C@H]2O1,Scientific Literature,Ability to displace [3H]pyrilamine from human cloned histamine H1 receptor expressed in CHO cells,B,,,Bioorg Med Chem Lett,2004.0,Histamine H1 receptor,Ki,nM,9.27,293.41,3.77
CHEMBL3947980,19.95,c1cnc2c(N3CCN(CCc4ccc(OCCCN5CCCCCC5)cc4)CC3)cccc2c1,Scientific Literature,Antagonist activity at human Histamine H1 receptor expressed in CHO cells assessed as inhibition of histamine-induced calcium flux preincubated for 30 mins followed by histamine addition by Fluo-4-AM dye based FLIPR assay,F,Homo sapiens,,Bioorg Med Chem Lett,2016.0,Histamine H1 receptor,Ki,nM,7.7,472.68,5.24
CHEMBL3967709,398.11,O=C(O)c1cnc2c(N3CCN(CCc4ccc(OCCCN5CCCCCC5)cc4)CC3)cccc2c1,Scientific Literature,Antagonist activity at human Histamine H1 receptor expressed in CHO cells assessed as inhibition of histamine-induced calcium flux preincubated for 30 mins followed by histamine addition by Fluo-4-AM dye based FLIPR assay,F,Homo sapiens,,Bioorg Med Chem Lett,2016.0,Histamine H1 receptor,Ki,nM,6.4,516.69,4.94
CHEMBL511,4.467,COc1ccc(CN(CCN(C)C)c2ccccn2)cc1,Scientific Literature,Displacement of [3H]mepyramine from human H1R expressed in Sf9 cells co-expressing RGS4 after 90 mins by liquid scintillation counting,B,Homo sapiens,,Bioorg Med Chem Lett,2011.0,Histamine H1 receptor,Ki,nM,8.35,285.39,2.66
CHEMBL549,371.0,CN(C)CCCC1(c2ccc(F)cc2)OCc2cc(C#N)ccc21,DrugMatrix,"DRUGMATRIX: Histamine H1, Central radioligand binding (ligand: [3H] Pyrilamine)",B,,,,,Histamine H1 receptor,Ki,nM,6.43,324.4,3.81
CHEMBL213912,7.762,CN1CCN(C2=Nc3ccc(Cl)cc3Oc3ccccc32)CC1,Scientific Literature,Displacement of [3H]mepyramine from human histamine H1 receptor,B,Homo sapiens,,J Med Chem,2006.0,Histamine H1 receptor,Ki,nM,8.11,327.82,3.77
CHEMBL42,17.0,CN1CCN(C2=Nc3cc(Cl)ccc3Nc3ccccc32)CC1,Scientific Literature,Binding affinity against histamine H1 receptor,B,,,J Med Chem,2001.0,Histamine H1 receptor,Ki,nM,7.77,326.83,3.72
CHEMBL94454,2.7,CN(c1nccc(=O)[nH]1)C1CCN(c2nc3ccccc3n2Cc2ccc(F)cc2)CC1,Scientific Literature,Displacement of [3H]pyrilamine from human histamine H1 receptor expressed in CHO Flp-In cells by liquid scintillation assay,B,Homo sapiens,,Bioorg Med Chem Lett,2009.0,Histamine H1 receptor,Ki,nM,8.57,432.5,3.41
CHEMBL1909072,1.154,NC(=O)C1CCN(CCCN2c3ccccc3Sc3ccc(Cl)cc32)CC1,DrugMatrix,"DRUGMATRIX: Histamine H1, Central radioligand binding (ligand: [3H] Pyrilamine)",B,,,,,Histamine H1 receptor,Ki,nM,8.94,401.96,4.53
CHEMBL716,19.0,OCCOCCN1CCN(C2=Nc3ccccc3Sc3ccccc32)CC1,Scientific Literature,Binding affinity towards human histamine H1 receptor,B,,,J Med Chem,2004.0,Histamine H1 receptor,Ki,nM,7.72,383.52,2.86
CHEMBL998,414.0,CCOC(=O)N1CCC(=C2c3ccc(Cl)cc3CCc3cccnc32)CC1,Scientific Literature,Binding affinity towards human histamine H1 receptor expressed in CHO-K1 cells,B,Homo sapiens,,Bioorg Med Chem Lett,2004.0,Histamine H1 receptor,Ki,nM,6.38,382.89,4.89
CHEMBL3480577,4553.0,Cc1ccc2nc(CNCCCOc3ccccc3)cc(O)c2c1,SGC Frankfurt - Donated Chemical Probes,GPCRScan assay: inhibition of H1,B,Homo sapiens,,,2021.0,Histamine H1 receptor,Ki,nM,5.34,322.41,3.81
CHEMBL3890153,812.83,Br.c1ccc2c(c1)CCN(CCCc1nc3ccccc3s1)C2,Scientific Literature,Displacement of [3H]-pyrilamine from human histamine H1 receptor by liquid scintillation counting method,A,Homo sapiens,,Bioorg Med Chem,2016.0,Histamine H1 receptor,Ki,nM,6.09,389.36,4.29
CHEMBL3925332,2511.89,O=C(O)c1cc(N2CCN(CCc3ccc(OCCCN4CCCCCC4)cc3)CC2)c2ncccc2c1,Scientific Literature,Antagonist activity at human Histamine H1 receptor expressed in CHO cells assessed as inhibition of histamine-induced calcium flux preincubated for 30 mins followed by histamine addition by Fluo-4-AM dye based FLIPR assay,F,Homo sapiens,,Bioorg Med Chem Lett,2016.0,Histamine H1 receptor,Ki,nM,,516.69,4.94
CHEMBL3925977,2511.89,O=C(O)c1ccc2cccnc2c1N1CCN(CCc2ccc(OCCCN3CCCCCC3)cc2)CC1,Scientific Literature,Antagonist activity at human Histamine H1 receptor expressed in CHO cells assessed as inhibition of histamine-induced calcium flux preincubated for 30 mins followed by histamine addition by Fluo-4-AM dye based FLIPR assay,F,Homo sapiens,,Bioorg Med Chem Lett,2016.0,Histamine H1 receptor,Ki,nM,,516.69,4.94
CHEMBL2158820,25.12,O=C(O)[C@H](c1ccccc1)N1CCC(CN2CCC(Oc3ccc(Cl)c(Cl)c3)CC2)CC1,Scientific Literature,Binding affinity to histamine H1 receptor,B,,,Bioorg Med Chem Lett,2012.0,Histamine H1 receptor,Ki,nM,7.6,477.43,5.37
CHEMBL30008,18.0,Fc1ccc(C(c2ccc(F)cc2)N2CCN(C/C=C/c3ccccc3)CC2)cc1,DrugMatrix,"DRUGMATRIX: Histamine H1, Central radioligand binding (ligand: [3H] Pyrilamine)",B,,,,,Histamine H1 receptor,Ki,nM,7.75,404.5,5.39
CHEMBL5421122,7615.0,c1ccc(-c2ccc(OCCCN3CCCCCC3)cc2)cc1,Scientific Literature,Displacement of [3H] mepyramine from human FLAG-tagged histamine H1 receptor stably expressed in HEK293T cells assessed as inhibition constant by competitive binding based radioligand depletion assay,B,Homo sapiens,,J Med Chem,2023.0,Histamine H1 receptor,Ki,nM,5.12,309.45,5.0
CHEMBL263881,1540.0,CCN(CC)C(=O)[C@@H]1C=C2c3cccc4[nH]cc(c34)C[C@H]2N(C)C1,Scientific Literature,Binding affinity towards Histamine H1 receptor,B,,,J Med Chem,2002.0,Histamine H1 receptor,Ki,nM,5.81,323.44,2.91
CHEMBL3941795,269.15,Cl.Clc1ccc2sc(CCCCN3CCC4CCCCC4C3)nc2c1,Scientific Literature,Displacement of [3H]-pyrilamine from human histamine H1 receptor by liquid scintillation counting method,A,Homo sapiens,,Bioorg Med Chem,2016.0,Histamine H1 receptor,Ki,nM,6.57,399.43,5.78
CHEMBL3978642,25.12,Cl.O=C1c2ccccc2CC1CCN1CCc2ccccc2C1,Scientific Literature,Displacement of [3H]-pyrilamine from human histamine H1 receptor by liquid scintillation counting method,A,Homo sapiens,,Bioorg Med Chem,2016.0,Histamine H1 receptor,Ki,nM,7.6,327.86,3.49
CHEMBL3893197,15.85,c1cnc2c(N3CCN(CCCCc4ccc(OCCCN5CCCCCC5)cc4)CC3)cccc2c1,Scientific Literature,Antagonist activity at human Histamine H1 receptor expressed in CHO cells assessed as inhibition of histamine-induced calcium flux preincubated for 30 mins followed by histamine addition by Fluo-4-AM dye based FLIPR assay,F,Homo sapiens,,Bioorg Med Chem Lett,2016.0,Histamine H1 receptor,Ki,nM,7.8,500.73,6.02
CHEMBL451821,10000.0,CN[C@@H](C(=O)N(C)[C@H]1CC[C@@]2(C)C(=CC[C@H]3[C@@H]4CC[C@@H]5[C@H](C)N(C)C[C@@]54CC[C@@H]32)C1)C(C)C,Scientific Literature,Displacement of [3H]mepyramine from human histamine H1 receptor,B,Homo sapiens,,J Med Chem,2008.0,Histamine H1 receptor,Ki,nM,,455.73,4.95
CHEMBL85,19.0,Cc1nc2n(c(=O)c1CCN1CCC(c3noc4cc(F)ccc34)CC1)CCCC2,Scientific Literature,Binding affinity to human cloned histamine H1 receptor,B,Homo sapiens,,Bioorg Med Chem,2008.0,Histamine H1 receptor,Ki,nM,7.72,410.49,3.59
CHEMBL2158776,63.1,COc1ccc(C[C@@H](C(=O)O)N2CCC(CN3CCC(Oc4ccc(Cl)c(Cl)c4)CC3)CC2)cc1,Scientific Literature,Binding affinity to histamine H1 receptor,B,,,Bioorg Med Chem Lett,2012.0,Histamine H1 receptor,Ki,nM,7.2,521.49,5.25
CHEMBL2158825,15.85,O=C(O)Cc1ccccc1N1CCC(CN2CCC(Oc3ccc(Cl)c(Cl)c3)CC2)CC1,Scientific Literature,Binding affinity to histamine H1 receptor,B,,,Bioorg Med Chem Lett,2012.0,Histamine H1 receptor,Ki,nM,7.8,477.43,5.38
CHEMBL4176546,10000.0,CN(C)Cc1cccc(CN/C=C2/C(=O)NC(=O)c3ccccc32)c1,Scientific Literature,Displacement of [3H]pyrilamine from human HRH1 expressed in HEK cell membranes after 90 mins by scintillation counting method,B,Homo sapiens,,J Med Chem,2018.0,Histamine H1 receptor,Ki,nM,,335.41,2.15
CHEMBL1113,11.0,Clc1ccc2c(c1)C(N1CCNCC1)=Nc1ccccc1O2,DrugMatrix,"DRUGMATRIX: Histamine H1, Central radioligand binding (ligand: [3H] Pyrilamine)",B,,,,,Histamine H1 receptor,Ki,nM,7.96,313.79,3.43
CHEMBL629,1.12,CN(C)CCC=C1c2ccccc2CCc2ccccc21,Scientific Literature,Displacement of [3H]pyrilamine from human histamine H1 receptor expressed in CHO cells,B,Homo sapiens,,Bioorg Med Chem Lett,2009.0,Histamine H1 receptor,Ki,nM,8.95,277.41,4.17
CHEMBL21731,1.021,CNCCCC12CCC(c3ccccc31)c1ccccc12,DrugMatrix,"DRUGMATRIX: Histamine H1, Central radioligand binding (ligand: [3H] Pyrilamine)",B,,,,,Histamine H1 receptor,Ki,nM,8.99,277.41,4.21
CHEMBL511,2.089,COc1ccc(CN(CCN(C)C)c2ccccn2)cc1,Scientific Literature,Displacement of [3H]mepyramine from human histamine H1 receptor expressed in HEK293 cells after 1 to 1.5 hrs by scintillation counting,B,Homo sapiens,,J Med Chem,2011.0,Histamine H1 receptor,Ki,nM,8.68,285.39,2.66
CHEMBL5185281,794.33,CC(C)[C@H](NC(=O)CCN1CCC(Oc2ccccc2Cc2ccccc2)CC1)C(=O)N[C@@H](Cc1ccccc1)C(=O)N[C@@H](C)C(=O)N[C@H](Cc1ccccc1)C(N)=O,Scientific Literature,Displacement of fluorophore-labeled mepyramine from Nluc-tagged human H1R expressed in HEK293T cells incubated for 2 hrs by NanoBRET competition binding assay,B,Homo sapiens,,J Med Chem,2022.0,Histamine H1 receptor,Ki,nM,6.1,803.02,4.1
CHEMBL5182490,436.52,CC(C)[C@H](NC(=O)CCN1CCC(Oc2ccccc2Cc2ccccc2)CC1)C(=O)N[C@@H](Cc1ccc(O)cc1)C(=O)N[C@@H](C)C(=O)N[C@H](Cc1ccccc1)C(N)=O,Scientific Literature,Displacement of fluorophore-labeled mepyramine from Nluc-tagged human H1R expressed in HEK293T cells incubated for 2 hrs by NanoBRET competition binding assay,B,Homo sapiens,,J Med Chem,2022.0,Histamine H1 receptor,Ki,nM,6.36,819.02,3.8
CHEMBL129198,46773.51,CN1CCN(C(=O)c2cc3cc(Cl)ccc3[nH]2)CC1,Scientific Literature,Displacement of [3H]mepyramine from human H1R expressed in Sf9 cells co-expressing RGS4 after 90 mins by liquid scintillation counting,B,Homo sapiens,,Bioorg Med Chem Lett,2011.0,Histamine H1 receptor,Ki,nM,4.33,277.76,2.21
CHEMBL3819153,501.19,O=c1[nH]c2cc(Cl)ccc2n1C1CCN(CCCCc2nc3ccccc3o2)CC1,Scientific Literature,Displacement of [3H]Pyrilamine from human recombinant histamine H1 receptor incubated for 1.5 hrs by microbeta scintillation counting method,A,Homo sapiens,,Bioorg Med Chem,2016.0,Histamine H1 receptor,Ki,nM,6.3,424.93,4.78
CHEMBL90,12589.25,NCCc1c[nH]cn1,Scientific Literature,Displacement of [3H]mepyramine from human histamine H1 receptor N7.45S mutant expressed in COS-7 cells by liquid scintillation counting,B,Homo sapiens,,Nat Chem Biol,2005.0,Histamine H1 receptor,Ki,nM,4.9,111.15,-0.09
CHEMBL1090186,1.3,COc1ccc2c(c1)CC(CCN(C)C)=C2[C@@H](C)c1nccnc1OC,Scientific Literature,Binding affinity at histamine H1 receptor,B,,,Bioorg Med Chem Lett,2010.0,Histamine H1 receptor,Ki,nM,8.89,353.47,3.56
CHEMBL4545912,10000.0,C#CCNC1CCc2cc(OCCCN3CCCCC3)ccc21,Scientific Literature,Displacement of [3H] pyrilamine from human H1 histamine receptor,B,Homo sapiens,,Bioorg Med Chem Lett,2019.0,Histamine H1 receptor,Ki,nM,,312.46,3.15
CHEMBL1172,1.159,Clc1ccc2c(c1)CCc1cccnc1C2=C1CCNCC1,DrugMatrix,"DRUGMATRIX: Histamine H1, Central radioligand binding (ligand: [3H] Pyrilamine)",B,,,,,Histamine H1 receptor,Ki,nM,8.94,310.83,4.02
CHEMBL708,510.0,O=C1Cc2cc(CCN3CCN(c4nsc5ccccc45)CC3)c(Cl)cc2N1,Scientific Literature,Binding affinity towards human H1 receptor,B,,,J Med Chem,2001.0,Histamine H1 receptor,Ki,nM,6.29,412.95,3.81
CHEMBL559251,4.0,CN(C)CCC1=C(Cc2cnccn2)c2ccccc2C1,Scientific Literature,Binding affinity to histamine H1 receptor,B,,,Bioorg Med Chem Lett,2011.0,Histamine H1 receptor,Ki,nM,8.4,279.39,2.98
CHEMBL3357027,10000.0,CCOC(=O)N1CCC(=C2c3ccc(Cl)cc3CCc3ccc(C(=O)OC)nc32)CC1,Scientific Literature,Displacement of [3H]mepyramine from human histamine H1 receptor expressed in Sf9 cells by scintillation counting method,B,Homo sapiens,,J Med Chem,2014.0,Histamine H1 receptor,Ki,nM,,440.93,4.67
CHEMBL3357045,441.0,O=C(CC1CCCCC1)N1CCC(=C2c3ccc(Cl)cc3CCc3cccnc32)CC1,Scientific Literature,Displacement of [3H]mepyramine from human histamine H1 receptor expressed in Sf9 cells by scintillation counting method,B,Homo sapiens,,J Med Chem,2014.0,Histamine H1 receptor,Ki,nM,6.36,435.01,6.23
CHEMBL24778,3526.55,C[C@H](Cc1cc2c(c(C(N)=O)c1)N(CCCO)CC2)NCCOc1ccccc1OCC(F)(F)F,EUbOPEN Chemogenomic Library,"PDSP Secondary Binding target: HRH1 - Compounds are tested at 10 uM concentration, plate are incubated at room temperature in the dark for 90 minutes. Reaction are stopped by vacuum filtration onto 0.3% polyethyleneimine soaked filter mats using Filtermate harvester. Scintillation cocktail is then melted onto microwave-dried filters on a hot plate and the radio activity is counted in Microbia counter. Compounds showing a minimum of 50% inhibition at 10 uM concentration are carried forward in this secondary binding assay to determine equilibrium binding affinity.",B,Homo sapiens,,,2024.0,Histamine H1 receptor,Ki,nM,5.45,495.54,3.07
CHEMBL3321790,977.0,OC1(c2ccc(Cl)cc2)CC2CCC(C1)N2CCCSc1ccc(F)cc1,Scientific Literature,Displacement of [3H]Pyrilamine from human histamine H1 receptor by liquid scintillation counting,B,Homo sapiens,,Bioorg Med Chem Lett,2014.0,Histamine H1 receptor,Ki,nM,6.01,405.97,5.48
CHEMBL3735756,1297.0,COc1ccc(CCN(CCCc2ccccc2)CCc2ccc3c(c2)OCO3)cc1OC,Scientific Literature,Displacement of [3H]Pyrilamine from human H1 Histamine receptors stably expressed in HEK cell membrane after 90 mins by scintillation counting method,B,Homo sapiens,,Medchemcomm,2015.0,Histamine H1 receptor,Ki,nM,5.89,447.58,5.15
CHEMBL1474387,10000.0,Cc1c(P(=S)(c2ccccc2)c2ccccc2)n2ccccc2[n+]1C/C=C/c1ccccc1.[Br-],EUbOPEN Chemogenomic Library,"PDSP Secondary Binding target: HRH1 - Compounds are tested at 10 uM concentration, plate are incubated at room temperature in the dark for 90 minutes. Reaction are stopped by vacuum filtration onto 0.3% polyethyleneimine soaked filter mats using Filtermate harvester. Scintillation cocktail is then melted onto microwave-dried filters on a hot plate and the radio activity is counted in Microbia counter. Compounds showing a minimum of 50% inhibition at 10 uM concentration are carried forward in this secondary binding assay to determine equilibrium binding affinity.",B,Homo sapiens,,,2024.0,Histamine H1 receptor,Ki,nM,,545.49,5.0
CHEMBL3741589,10000.0,O=C(O)C1CN(Cc2ccc(OCc3ccc(Cl)c(Cl)c3)cc2)C1,EUbOPEN Chemogenomic Library,"PDSP Secondary Binding target: HRH1 - Compounds are tested at 10 uM concentration, plate are incubated at room temperature in the dark for 90 minutes. Reaction are stopped by vacuum filtration onto 0.3% polyethyleneimine soaked filter mats using Filtermate harvester. Scintillation cocktail is then melted onto microwave-dried filters on a hot plate and the radio activity is counted in Microbia counter. Compounds showing a minimum of 50% inhibition at 10 uM concentration are carried forward in this secondary binding assay to determine equilibrium binding affinity.",B,Homo sapiens,,,2024.0,Histamine H1 receptor,Ki,nM,,366.24,4.09
CHEMBL54,440.0,O=C(CCCN1CCC(O)(c2ccc(Cl)cc2)CC1)c1ccc(F)cc1,Scientific Literature,Binding affinity to human cloned histamine H1 receptor,B,Homo sapiens,,Bioorg Med Chem,2008.0,Histamine H1 receptor,Ki,nM,6.36,375.87,4.43
CHEMBL4520788,1365.75,CNCc1ccccc1-c1csc([C@H](C)Nc2nc(C)nc3cc(OC)c(OC)cc23)c1,SGC Frankfurt - Donated Chemical Probes,GPCRScan assay: inhibition of H1,B,Homo sapiens,,,2021.0,Histamine H1 receptor,Ki,nM,5.87,448.59,5.58
CHEMBL2391166,9300.0,Cc1cc(N2CCC(N3CCCC3C)C2)ccc1NC(=O)c1ccccc1F,Scientific Literature,Binding affinity to human histamine H1 receptor,B,Homo sapiens,,Bioorg Med Chem Lett,2013.0,Histamine H1 receptor,Ki,nM,,381.5,4.45
CHEMBL549599,2.4,CNC1CCN(c2nc3ccccc3n2Cc2ccc(F)cc2)CC1,Scientific Literature,Displacement of [3H]pyrilamine from human histamine H1 receptor expressed in CHO Flp-In cells by liquid scintillation assay,B,Homo sapiens,,Bioorg Med Chem Lett,2009.0,Histamine H1 receptor,Ki,nM,8.62,338.43,3.41
CHEMBL1628227,0.066,CN(C)CCC=C1c2ccccc2COc2ccccc21,DrugMatrix,"DRUGMATRIX: Histamine H1, Central radioligand binding (ligand: [3H] Pyrilamine)",B,,,,,Histamine H1 receptor,Ki,nM,10.18,279.38,3.96
CHEMBL1277585,25.12,O=C(O)CC1CCN(C2CCC3(Cc4ccccc4Cc4ccccc43)C2)CC1,Scientific Literature,Antagonist activity against human histamine H1 receptor expressed in CHO cells by FLIPR assay,F,Homo sapiens,,J Med Chem,2010.0,Histamine H1 receptor,Ki,nM,7.6,389.54,4.81
CHEMBL1946255,665.0,Clc1ccc(N2CCCN(CCCc3nc4ccccc4s3)CC2)cc1,Scientific Literature,Displacement of [3H]-Pyrilamine from human histamine H1 receptor by liquid scintillation counter,B,Homo sapiens,,Bioorg Med Chem,2012.0,Histamine H1 receptor,Ki,nM,6.18,385.96,5.09
CHEMBL3806146,10000.0,N#C/N=C(\NC[C@@H]1CC[C@H](c2c[nH]cn2)C1)NC1CC1,Scientific Literature,Displacement of [3H]mepyramine from human histamine H1 receptor expressed in sf9 cell membrane co-expressing RGS4 incubated for 60 mins by liquid scintillation counting method,B,Homo sapiens,,J Med Chem,2016.0,Histamine H1 receptor,Ki,nM,,272.36,1.47
CHEMBL3804862,10000.0,N#C/N=C(/NCCOc1ccccc1)NC[C@H]1CC[C@H](c2c[nH]cn2)C1,Scientific Literature,Displacement of [3H]mepyramine from human histamine H1 receptor expressed in sf9 cell membrane co-expressing RGS4 incubated for 60 mins by liquid scintillation counting method,B,Homo sapiens,,J Med Chem,2016.0,Histamine H1 receptor,Ki,nM,,352.44,2.39
CHEMBL2387229,1125.3,Cc1cc(=O)oc2c(Cl)c(OCCCCN3CCC(c4noc5cc(F)ccc45)CC3)ccc12,Scientific Literature,Binding affinity to histamine H1 receptor (unknown origin),A,Homo sapiens,,Bioorg Med Chem Lett,2021.0,Histamine H1 receptor,Ki,nM,5.95,484.96,6.07
CHEMBL4856059,8709.64,Cc1nc(N)sc1CCCN/C(N)=N/C(=O)N[C@H](C)c1ccccc1,Scientific Literature,Displacement of [3H]mepyramine from human histamine H1 receptor expressed in sf9 insect cell membranes co-expressing RGS4 incubated for 60 mins by microbeta scintillation counting method,B,Homo sapiens,,Eur J Med Chem,2021.0,Histamine H1 receptor,Ki,nM,5.06,360.49,2.34
CHEMBL4876743,24547.09,Cc1nc(N)sc1CCCN/C(N)=N/C(=O)NC1CCCCC1,Scientific Literature,Displacement of [3H]mepyramine from human histamine H1 receptor expressed in sf9 insect cell membranes co-expressing RGS4 incubated for 60 mins by microbeta scintillation counting method,B,Homo sapiens,,Eur J Med Chem,2021.0,Histamine H1 receptor,Ki,nM,4.61,338.48,1.91
CHEMBL537219,2511.89,Cl.O=C(c1ccc(F)cc1)N1CCN(c2ccc(OC3CCN(C4CCC4)CC3)cc2)C(=O)C1,Scientific Literature,Antagonist activity at human recombinant histamine H1 receptor expressed in CHO cells assessed as inhibition of histamine-induced cellular calcium mobilization,F,Homo sapiens,,J Med Chem,2007.0,Histamine H1 receptor,Ki,nM,5.6,488.0,3.71
CHEMBL404956,10.0,Cc1cc(F)ccc1O[C@H](c1ccccc1)[C@H]1CNCCO1,Scientific Literature,Inhibition of histamine H1 receptor,B,,,Bioorg Med Chem Lett,2008.0,Histamine H1 receptor,Ki,nM,8.0,301.36,3.24
CHEMBL236788,2600.0,CCOc1cc(CN2CCC(Nc3nc4cc(S(N)(=O)=O)ccc4o3)CC2)cc(OCC)c1N,Scientific Literature,Binding affinity to human histamine H1 receptor,B,Homo sapiens,,Bioorg Med Chem Lett,2009.0,Histamine H1 receptor,Ki,nM,5.58,489.6,2.93
CHEMBL236610,266.0,CCOc1cc(CN2CCC(Nc3nc4ccccc4o3)CC2)ccc1Cl,Scientific Literature,Binding affinity to human histamine H1 receptor,B,Homo sapiens,,Bioorg Med Chem Lett,2009.0,Histamine H1 receptor,Ki,nM,6.58,385.9,4.96
CHEMBL1078240,1013.0,CCOc1cc(CN2CCC(Nc3nc4cc(Cl)c(S(N)(=O)=O)cc4o3)CC2)ccc1OC,Scientific Literature,Binding affinity to human histamine H1 receptor,B,Homo sapiens,,Bioorg Med Chem Lett,2009.0,Histamine H1 receptor,Ki,nM,5.99,495.0,3.61
CHEMBL1079686,5000.0,CCOc1cc(CN2CCC(Nc3nc4cc(S(=O)(=O)N(C)C)ccc4o3)CC2)cc(OCC)c1-n1cccc1,Scientific Literature,Binding affinity to human histamine H1 receptor,B,Homo sapiens,,Bioorg Med Chem Lett,2009.0,Histamine H1 receptor,Ki,nM,5.3,567.71,4.74
CHEMBL352375,2454.71,CC(C1=C(CCN(C(C)C)C(C)C)Cc2ccccc21)c1ccccn1,Scientific Literature,Compound was evaluated for binding affinity towards cloned human histamine H1 receptors stably expressed in CHO-K1 cells using [3H]mepyramine,B,,,J Med Chem,2003.0,Histamine H1 receptor,Ki,nM,5.61,348.53,5.7
CHEMBL4860528,10715.19,CCCCCNC(=O)/N=C(\N)NCCCc1sc(N)nc1C,Scientific Literature,Displacement of [3H]mepyramine from human histamine H1 receptor expressed in sf9 insect cell membranes co-expressing RGS4 incubated for 60 mins by microbeta scintillation counting method,B,Homo sapiens,,Eur J Med Chem,2021.0,Histamine H1 receptor,Ki,nM,4.97,326.47,1.77
CHEMBL3215877,208.55,COc1ccc(OC(F)(F)F)cc1CN[C@H]1CCCN[C@H]1c1ccccc1.Cl.Cl,EUbOPEN Chemogenomic Library,"PDSP Secondary Binding target: HRH1 - Compounds are tested at 10 uM concentration, plate are incubated at room temperature in the dark for 90 minutes. Reaction are stopped by vacuum filtration onto 0.3% polyethyleneimine soaked filter mats using Filtermate harvester. Scintillation cocktail is then melted onto microwave-dried filters on a hot plate and the radio activity is counted in Microbia counter. Compounds showing a minimum of 50% inhibition at 10 uM concentration are carried forward in this secondary binding assay to determine equilibrium binding affinity.",B,Homo sapiens,,,2024.0,Histamine H1 receptor,Ki,nM,6.68,453.33,4.18
CHEMBL2432045,10000.0,c1ccc(CN[C@H]2C3C4CC5C6C4CC3C6C52)cc1,Scientific Literature,Inhibition of histamine H1 receptor (unknown origin) by PDSP assay,B,Homo sapiens,,Bioorg Med Chem,2013.0,Histamine H1 receptor,Ki,nM,,251.37,2.92
CHEMBL4865965,23988.33,Cc1nc(N)sc1CCCN/C(N)=N/C(=O)NCc1ccco1,Scientific Literature,Displacement of [3H]mepyramine from human histamine H1 receptor expressed in sf9 insect cell membranes co-expressing RGS4 incubated for 60 mins by microbeta scintillation counting method,B,Homo sapiens,,Eur J Med Chem,2021.0,Histamine H1 receptor,Ki,nM,4.62,336.42,1.37
CHEMBL4853107,1659.59,Cc1ccc(CC(C)CNC(=O)/N=C(\N)NCCCc2sc(N)nc2C)cc1,Scientific Literature,Displacement of [3H]mepyramine from human histamine H1 receptor expressed in sf9 insect cell membranes co-expressing RGS4 incubated for 60 mins by microbeta scintillation counting method,B,Homo sapiens,,Eur J Med Chem,2021.0,Histamine H1 receptor,Ki,nM,5.78,402.57,2.77
CHEMBL4848026,5888.44,COc1ccc(C(C)NC(=O)/N=C(\N)NCCCc2sc(N)nc2C)cc1,Scientific Literature,Displacement of [3H]mepyramine from human histamine H1 receptor expressed in sf9 insect cell membranes co-expressing RGS4 incubated for 60 mins by microbeta scintillation counting method,B,Homo sapiens,,Eur J Med Chem,2021.0,Histamine H1 receptor,Ki,nM,5.23,390.51,2.35
CHEMBL5398630,160.0,O=C(O)/C=C/C(=O)O.[2H]C([2H])(Cc1c[nH]c2ccccc12)N(C)C,Scientific Literature,Displacement of [3H] pyrilamine from human recombinant histamine H1 receptor expressed in CHO-K1 cells assessed as inhibition constant incubated for 180 mins by spectrophotometric analysis,B,Homo sapiens,,ACS Med Chem Lett,2023.0,Histamine H1 receptor,Ki,nM,6.8,306.36,2.27
CHEMBL519609,430.0,CCN(CC)CCCOC(=O)N1c2ccccc2Sc2ccccc21,Scientific Literature,Antagonist activity at histamine H1 receptor (unknown origin) by PDSP assay,B,Homo sapiens,,Bioorg Med Chem Lett,2013.0,Histamine H1 receptor,Ki,nM,6.37,356.49,5.16
CHEMBL2204360,180.0,Cc1ccc(Sc2ccccc2N2CCNCC2)c(C)c1.Cl,Scientific Literature,Binding affinity to human histamine H1 receptor,B,Homo sapiens,,J Med Chem,2011.0,Histamine H1 receptor,Ki,nM,6.75,334.92,3.86
CHEMBL4474559,3.981,Clc1ccc2c(c1)CCc1cccnc1C2=C1CCN(C2CCCC2)CC1,Scientific Literature,Displacement of [3H]mepyramine from N-terminal HA-tagged H1R (unknown origin) expressed in HEK293T cells measured after 4 hrs by microbeta scintillation counting method,B,Homo sapiens,,J Med Chem,2019.0,Histamine H1 receptor,Ki,nM,8.4,378.95,5.67
CHEMBL5275284,3.981,CC(C)C(=O)NCCN1CCC[C@@H]1Cn1nc(Cc2ccc(Cl)cc2)c2ccccc2c1=O.O=C(O)C(F)(F)F,Scientific Literature,Antagonist activity against recombinant human H1 receptor expressed in CHO cells incubated for 30 mins by FLIPR analysis,B,Homo sapiens,,ACS Med Chem Lett,2017.0,Histamine H1 receptor,Ki,nM,8.4,581.04,3.88
CHEMBL4635634,4786.3,Cc1cc(/C=C/C=C/c2ccc(N(C)C)cc2)cc(C)[n+]1CCCCc1c[nH]cn1.O=C(O)C(F)(F)F.O=C([O-])C(F)(F)F,Scientific Literature,Displacement of [3H]pyrilamine from human recombinant H1R expressed in baculovirus infected Sf9 insect cell membranes co-expressing RGS4,B,Homo sapiens,,J Med Chem,2020.0,Histamine H1 receptor,Ki,nM,,628.61,5.13
CHEMBL4784751,194.6,C[C@H]1CN(CC[C@H]2CC[C@H](N3C(=O)[C@@H]4[C@@H]5CC[C@@H](C5)[C@@H]4C3=O)CC2)CCc2ccc(Cl)cc21,Scientific Literature,Displacement of [3H]-pyrilamine from human H1 histamine receptor expressed in human HEK293 cells,B,Homo sapiens,,Bioorg Med Chem Lett,2021.0,Histamine H1 receptor,Ki,nM,6.71,469.07,5.28
CHEMBL3753784,6309.57,COc1ccc(CNc2nc(N3CCN(C)CC3)nc3c2CCc2ccccc2-3)cc1-c1ccc(Cl)cc1,Scientific Literature,Displacement of [3H]mepyramine from human histamine 1 receptor expressed in Sf9 cell membranes by liquid scintillation counting,B,Homo sapiens,,Bioorg Med Chem Lett,2016.0,Histamine H1 receptor,Ki,nM,5.2,526.08,5.94
CHEMBL3754176,3388.44,Cc1ccc(CNc2nc3c(c(N4CCN(C)CC4)n2)CCc2ccccc2-3)cc1,Scientific Literature,Displacement of [3H]mepyramine from human histamine 1 receptor expressed in Sf9 cell membranes by liquid scintillation counting,B,Homo sapiens,,Bioorg Med Chem Lett,2016.0,Histamine H1 receptor,Ki,nM,5.47,399.54,3.91
CHEMBL3753962,9332.54,CN1CCN(c2nc(NCCc3ccccc3)nc3c2CCc2ccccc2-3)CC1,Scientific Literature,Displacement of [3H]mepyramine from human histamine 1 receptor expressed in Sf9 cell membranes by liquid scintillation counting,B,Homo sapiens,,Bioorg Med Chem Lett,2016.0,Histamine H1 receptor,Ki,nM,5.03,399.54,3.65
CHEMBL494093,9120.11,CN1CCN(c2nc(N)nc3c2CCc2ccccc2-3)CC1,Scientific Literature,Displacement of [3H]mepyramine from human histamine 1 receptor expressed in Sf9 cell membranes by liquid scintillation counting,B,Homo sapiens,,Bioorg Med Chem Lett,2016.0,Histamine H1 receptor,Ki,nM,5.04,295.39,1.58
CHEMBL1193187,7.586,Cc1ccc(CN2CCC(=C3c4ccc(Cl)cc4CCc4cccnc43)CC2)cn1,Scientific Literature,Displacement of [3H]mepyramine from N-terminal HA-tagged H1R (unknown origin) expressed in HEK293T cells measured after 4 hrs by microbeta scintillation counting method,B,Homo sapiens,,J Med Chem,2019.0,Histamine H1 receptor,Ki,nM,8.12,415.97,5.63
CHEMBL1200406,37.0,CN(C)CCOC(c1ccccc1)c1ccccc1.Cn1c(=O)c2[nH]c(Cl)nc2n(C)c1=O,DrugMatrix,"DRUGMATRIX: Histamine H1, Central radioligand binding (ligand: [3H] Pyrilamine)",B,,,,,Histamine H1 receptor,Ki,nM,7.43,469.97,
CHEMBL2208430,31.62,O=C(NC[C@@H](O)CN1CCC(Oc2ccc(Cl)c(Cl)c2)CC1)c1c[nH]c2ccccc12,Scientific Literature,Displacement of [3H]-pyrilamine from human histamine H1 receptor expressed in recombinant CHOK1 cells after 1 hr,B,Homo sapiens,,Bioorg Med Chem Lett,2012.0,Histamine H1 receptor,Ki,nM,7.5,462.38,4.11
CHEMBL85,20.0,Cc1nc2n(c(=O)c1CCN1CCC(c3noc4cc(F)ccc34)CC1)CCCC2,Scientific Literature,Binding affinity to H1 histamine receptor (unknown origin),B,Homo sapiens,,Bioorg Med Chem Lett,2021.0,Histamine H1 receptor,Ki,nM,7.7,410.49,3.59
CHEMBL1381010,10000.0,Cc1cc(N2CCN(C)CC2)nc(N2CCOCC2)n1,Scientific Literature,Displacement of [3H]-mepyramine from human histamine H1 receptor expressed in HEK293T cells after 1 to 1.5 hrs by liquid scintillation counting analysis,B,Homo sapiens,,Medchemcomm,2015.0,Histamine H1 receptor,Ki,nM,,277.37,0.37
CHEMBL17157,40.0,CC(C)(C)c1ccc(C(O)CCCN2CCC(C(O)(c3ccccc3)c3ccccc3)CC2)cc1,Scientific Literature,Displacement of [3H]pyrilamine from human recombinant histamine H1 receptor expressed in CHO cell by Betaplate scintillation counting,B,Homo sapiens,,Bioorg Med Chem Lett,2009.0,Histamine H1 receptor,Ki,nM,7.4,471.69,6.45
CHEMBL1946257,129.0,O=C(CCCCN1CCCN(c2ccc(Cl)cc2)CC1)c1nc2ccccc2s1,Scientific Literature,Displacement of [3H]-Pyrilamine from human histamine H1 receptor by liquid scintillation counter,B,Homo sapiens,,Bioorg Med Chem,2012.0,Histamine H1 receptor,Ki,nM,6.89,428.0,5.52
CHEMBL4166411,10000.0,CN1CCN(CCCNC(=O)c2cc(=O)c3ccccc3[nH]2)CC1,Scientific Literature,Displacement of [3H]pyrilamine from human HRH1 expressed in HEK cell membranes after 90 mins by scintillation counting method,B,Homo sapiens,,J Med Chem,2018.0,Histamine H1 receptor,Ki,nM,,328.42,0.9
CHEMBL4169755,10000.0,C[C@@H]1CN(CCCNC(=O)CN2CCc3ccccc3C2)C[C@H](C)O1,Scientific Literature,Displacement of [3H]pyrilamine from human HRH1 expressed in HEK cell membranes after 90 mins by scintillation counting method,B,Homo sapiens,,J Med Chem,2018.0,Histamine H1 receptor,Ki,nM,,345.49,1.66
CHEMBL5189006,309.03,Cc1nnc(CCCN/C(N)=N/C(=O)NCCCCCCCCN)s1.O=C(O)C(F)(F)F.O=C(O)C(F)(F)F,Scientific Literature,Displacement of [3H] mepyramine from human histamine H1 receptor stably expressed in baculovirus infected Sf9 cell membrane co-expressing RGS4 incubated for 60 mins by scintillation counting analysis,B,Homo sapiens,,J Med Chem,2021.0,Histamine H1 receptor,Ki,nM,6.51,597.58,1.69
CHEMBL5417310,2800.0,O=C(O)c1cc(-c2ccc(C3CCCNCC3)cc2)c2ccc(-c3ccc(C(F)(F)F)cc3)cc2c1,Scientific Literature,Displacement of [3H]-Pyrilamine from human histamine H1 receptor assessed as inhibition constant by radioligand displacement assay,B,Homo sapiens,,J Med Chem,2023.0,Histamine H1 receptor,Ki,nM,5.55,489.54,7.75
CHEMBL2182029,5546.26,Cc1nnn(-c2ccc(-c3ccc(C4(C(=O)O)CC4)cc3)cc2)c1NC(=O)O[C@H](C)c1ccccc1,EUbOPEN Chemogenomic Library,"PDSP Secondary Binding target: HRH1 - Compounds are tested at 10 uM concentration, plate are incubated at room temperature in the dark for 90 minutes. Reaction are stopped by vacuum filtration onto 0.3% polyethyleneimine soaked filter mats using Filtermate harvester. Scintillation cocktail is then melted onto microwave-dried filters on a hot plate and the radio activity is counted in Microbia counter. Compounds showing a minimum of 50% inhibition at 10 uM concentration are carried forward in this secondary binding assay to determine equilibrium binding affinity.",B,Homo sapiens,,,2024.0,Histamine H1 receptor,Ki,nM,5.26,482.54,5.67
CHEMBL716,21.0,OCCOCCN1CCN(C2=Nc3ccccc3Sc3ccccc32)CC1,Scientific Literature,Binding affinity towards human H1 receptor,B,,,J Med Chem,2001.0,Histamine H1 receptor,Ki,nM,7.68,383.52,2.86
CHEMBL1767136,0.1585,CN1CCC[C@@H]1Cn1nc(Cc2ccc(Cl)cc2)c2ccccc2c1=O,Scientific Literature,Antagonist activity at human recombinant histamine H1 receptor expressed in intact CHO cells assessed as inhibition of histamine-induced cellular calcium mobilization by FLIPR assay,F,Homo sapiens,,J Med Chem,2011.0,Histamine H1 receptor,Ki,nM,9.8,367.88,3.73
CHEMBL2031873,9620.0,O=C(NC1CCCC1)c1ccc(-c2ccc3c(c2)CCN(CCN2CCCC2)C3=O)cc1,Scientific Literature,Binding affinity to H1 receptor,B,,,J Med Chem,2012.0,Histamine H1 receptor,Ki,nM,5.02,431.58,4.12
CHEMBL219916,156.0,O=c1[nH]c2ccccc2n1CCCN1CCC(n2c(=O)[nH]c3cc(Cl)ccc32)CC1,DrugMatrix,"DRUGMATRIX: Histamine H1, Central radioligand binding (ligand: [3H] Pyrilamine)",B,,,,,Histamine H1 receptor,Ki,nM,6.81,425.92,3.35
CHEMBL4743049,1447.11,Cl.Clc1cccc(COc2cncc(N3CCNCC3)n2)c1,EUbOPEN Chemogenomic Library,"PDSP Secondary Binding target: HRH1 - Compounds are tested at 10 uM concentration, plate are incubated at room temperature in the dark for 90 minutes. Reaction are stopped by vacuum filtration onto 0.3% polyethyleneimine soaked filter mats using Filtermate harvester. Scintillation cocktail is then melted onto microwave-dried filters on a hot plate and the radio activity is counted in Microbia counter. Compounds showing a minimum of 50% inhibition at 10 uM concentration are carried forward in this secondary binding assay to determine equilibrium binding affinity.",B,Homo sapiens,,,2024.0,Histamine H1 receptor,Ki,nM,5.84,341.24,2.12
CHEMBL1201203,0.37,CN1[C@@H]2CC[C@H]1C[C@@H](OC(c1ccccc1)c1ccccc1)C2,DrugMatrix,"DRUGMATRIX: Histamine H1, Central radioligand binding (ligand: [3H] Pyrilamine)",B,,,,,Histamine H1 receptor,Ki,nM,9.43,307.44,4.42
CHEMBL629,0.555,CN(C)CCC=C1c2ccccc2CCc2ccccc21,DrugMatrix,"DRUGMATRIX: Histamine H1, Central radioligand binding (ligand: [3H] Pyrilamine)",B,,,,,Histamine H1 receptor,Ki,nM,9.26,277.41,4.17
CHEMBL563920,0.9,C[C@@H](c1ccccn1)c1c(CCN(C)C)oc2ccccc12,Scientific Literature,Displacement of [3H]pyrilamine from human histamine H1 receptor expressed in CHO Flp-In cells by liquid scintillation counting,B,Homo sapiens,,J Med Chem,2009.0,Histamine H1 receptor,Ki,nM,9.05,294.4,4.08
CHEMBL4846638,2344.23,Cc1nc(N)sc1CCCN/C(N)=N/C(=O)NCC(C)C1CCCCC1,Scientific Literature,Displacement of [3H]mepyramine from human histamine H1 receptor expressed in sf9 insect cell membranes co-expressing RGS4 incubated for 60 mins by microbeta scintillation counting method,B,Homo sapiens,,Eur J Med Chem,2021.0,Histamine H1 receptor,Ki,nM,5.63,380.56,2.8
CHEMBL3899099,295.12,Cl.Clc1cccc2c1CN(CCCCc1nc3ccccc3s1)CC2,Scientific Literature,Displacement of [3H]-pyrilamine from human histamine H1 receptor by liquid scintillation counting method,A,Homo sapiens,,Bioorg Med Chem,2016.0,Histamine H1 receptor,Ki,nM,6.53,393.38,5.33
CHEMBL1257131,5824.38,COC(=O)[C@H]1[C@H]2C[C@H]3c4[nH]c5ccccc5c4CCN3C[C@H]2CC[C@@H]1O.Cl,EUbOPEN Chemogenomic Library,"PDSP Secondary Binding target: HRH1 - Compounds are tested at 10 uM concentration, plate are incubated at room temperature in the dark for 90 minutes. Reaction are stopped by vacuum filtration onto 0.3% polyethyleneimine soaked filter mats using Filtermate harvester. Scintillation cocktail is then melted onto microwave-dried filters on a hot plate and the radio activity is counted in Microbia counter. Compounds showing a minimum of 50% inhibition at 10 uM concentration are carried forward in this secondary binding assay to determine equilibrium binding affinity.",B,Homo sapiens,,,2024.0,Histamine H1 receptor,Ki,nM,5.24,390.91,2.65
CHEMBL423316,7.943,Clc1ccc2c(c1)CCc1cccnc1C2=C1CCN(Cc2ccncc2)CC1,Scientific Literature,Displacement of [3H]mepyramine from N-terminal HA-tagged H1R (unknown origin) expressed in HEK293T cells measured after 4 hrs by microbeta scintillation counting method,B,Homo sapiens,,J Med Chem,2019.0,Histamine H1 receptor,Ki,nM,8.1,401.94,5.33
CHEMBL4474226,1.259,Clc1ccc2c(c1)CCc1cccnc1C2=C1CCN(CC2CCCC2)CC1,Scientific Literature,Displacement of [3H]mepyramine from N-terminal HA-tagged H1R (unknown origin) expressed in HEK293T cells measured after 4 hrs by microbeta scintillation counting method,B,Homo sapiens,,J Med Chem,2019.0,Histamine H1 receptor,Ki,nM,8.9,392.97,5.92
CHEMBL4514700,1.778,CCC(CC)CN1CCC(=C2c3ccc(Cl)cc3CCc3cccnc32)CC1,Scientific Literature,Displacement of [3H]mepyramine from N-terminal HA-tagged H1R (unknown origin) expressed in HEK293T cells measured after 4 hrs by microbeta scintillation counting method,B,Homo sapiens,,J Med Chem,2019.0,Histamine H1 receptor,Ki,nM,8.75,394.99,6.17
CHEMBL4469024,0.4169,CCN1CCC(=C2c3ccc(Cl)cc3CCc3cccnc32)CC1,Scientific Literature,Displacement of [3H]mepyramine from N-terminal HA-tagged H1R (unknown origin) expressed in HEK293T cells measured after 4 hrs by microbeta scintillation counting method,B,Homo sapiens,,J Med Chem,2019.0,Histamine H1 receptor,Ki,nM,9.38,338.88,4.75
CHEMBL3896541,2511.89,O=C(O)c1ccnc2c(N3CCN(CCc4ccc(OCCCN5CCCCCC5)cc4)CC3)cccc12,Scientific Literature,Antagonist activity at human Histamine H1 receptor expressed in CHO cells assessed as inhibition of histamine-induced calcium flux preincubated for 30 mins followed by histamine addition by Fluo-4-AM dye based FLIPR assay,F,Homo sapiens,,Bioorg Med Chem Lett,2016.0,Histamine H1 receptor,Ki,nM,,516.69,4.94
CHEMBL3953018,1000.0,N#Cc1ccc(N2CCN(CCc3ccc(OCCCN4CCCCCC4)cc3)CC2)c2ncccc12,Scientific Literature,Antagonist activity at human Histamine H1 receptor expressed in CHO cells assessed as inhibition of histamine-induced calcium flux preincubated for 30 mins followed by histamine addition by Fluo-4-AM dye based FLIPR assay,F,Homo sapiens,,Bioorg Med Chem Lett,2016.0,Histamine H1 receptor,Ki,nM,6.0,497.69,5.12
CHEMBL1200809,1.09,CN1CCCC(n2nc(Cc3ccc(Cl)cc3)c3ccccc3c2=O)CC1.Cl,EUbOPEN Chemogenomic Library,"PDSP Secondary Binding target: HRH1 - Compounds are tested at 10 uM concentration, plate are incubated at room temperature in the dark for 90 minutes. Reaction are stopped by vacuum filtration onto 0.3% polyethyleneimine soaked filter mats using Filtermate harvester. Scintillation cocktail is then melted onto microwave-dried filters on a hot plate and the radio activity is counted in Microbia counter. Compounds showing a minimum of 50% inhibition at 10 uM concentration are carried forward in this secondary binding assay to determine equilibrium binding affinity.",B,Homo sapiens,,,2024.0,Histamine H1 receptor,Ki,nM,8.96,418.37,4.3
CHEMBL462605,1148.15,Clc1ccc(CCCOCCCN2CCCCC2)cc1,Scientific Literature,Displacement of [3H]pyrilamine from human H1 receptor expressed in CHO cell membrane after 120 mins by liquid scintillation counting analysis,B,Homo sapiens,,Eur J Med Chem,2014.0,Histamine H1 receptor,Ki,nM,5.94,295.85,4.17
CHEMBL2171215,50.12,O=C(NS(=O)(=O)Cc1ccccc1)N1CCC(N2CCC(Oc3ccc(Cl)c(Cl)c3)CC2)CC1,Scientific Literature,Displacement of [3H]pyrilamine from human H1 receptor expressed in CHOK1 cells,B,Homo sapiens,,Bioorg Med Chem Lett,2012.0,Histamine H1 receptor,Ki,nM,7.3,526.49,4.54
CHEMBL2171044,19.95,N#Cc1cccc(S(=O)(=O)NC(=O)N2CCC(N3CCC(Oc4ccc(Cl)c(Cl)c4)CC3)CC2)c1,Scientific Literature,Displacement of [3H]pyrilamine from human H1 receptor expressed in CHOK1 cells,B,Homo sapiens,,Bioorg Med Chem Lett,2012.0,Histamine H1 receptor,Ki,nM,7.7,537.47,4.27
CHEMBL2158829,5.012,O=C(O)COc1cccc(N2CCC(CN3CCC(Oc4ccc(Cl)c(Cl)c4)CC3)CC2)c1,Scientific Literature,Binding affinity to histamine H1 receptor,B,,,Bioorg Med Chem Lett,2012.0,Histamine H1 receptor,Ki,nM,8.3,493.43,5.22
CHEMBL3805361,6520.0,N#C/N=C(/NCCSc1ccccc1)NC[C@H]1CC[C@H](c2c[nH]cn2)C1,Scientific Literature,Displacement of [3H]mepyramine from human histamine H1 receptor expressed in sf9 cell membrane co-expressing RGS4 incubated for 60 mins by liquid scintillation counting method,B,Homo sapiens,,J Med Chem,2016.0,Histamine H1 receptor,Ki,nM,5.19,368.51,3.1
CHEMBL2037604,10000.0,C[C@H](COc1ccc(-c2cn[nH]c(=O)c2)cc1)CN1CCC[C@H]1C,Scientific Literature,Binding affinity to human histamine H1 receptor,B,Homo sapiens,,Bioorg Med Chem,2012.0,Histamine H1 receptor,Ki,nM,,327.43,2.94
CHEMBL2207658,15.85,O=C(NC[C@@H](O)CN1CCC(Oc2ccc(Cl)c(Cl)c2)CC1)c1c[nH]nc1C(F)(F)F,Scientific Literature,Displacement of [3H]-pyrilamine from human recombinant H1 histamine receptor expressed in CHOK1 cells after 1 hr,B,Homo sapiens,,Bioorg Med Chem Lett,2012.0,Histamine H1 receptor,Ki,nM,7.8,481.3,3.37
CHEMBL2031874,10000.0,CN(C)C(=O)c1ccc(-c2ccc3c(c2)CCN(CCN2CCCC2)C3=O)cc1,Scientific Literature,Binding affinity to H1 receptor,B,,,J Med Chem,2012.0,Histamine H1 receptor,Ki,nM,,391.52,3.15
CHEMBL3752085,1122.02,CN1CCN(c2cc(-c3ccccc3)nc(NCc3ccccc3)n2)CC1,Scientific Literature,Displacement of [3H]mepyramine from human histamine 1 receptor expressed in Sf9 cell membranes by liquid scintillation counting,B,Homo sapiens,,Bioorg Med Chem Lett,2016.0,Histamine H1 receptor,Ki,nM,5.95,359.48,3.51
CHEMBL147077,491.0,CNC(=O)C1=C(C)NC(C)=C(C(=O)NCCCN2CCC(C(=O)OC)(c3ccccc3)CC2)C1c1ccc([N+](=O)[O-])cc1,Scientific Literature,Binding affinity for recombinant human Histamine H1 receptor using [3H]pyrilamine as radioligand.,B,,,J Med Chem,1998.0,Histamine H1 receptor,Ki,nM,6.31,589.69,3.29
CHEMBL42,0.571,CN1CCN(C2=Nc3cc(Cl)ccc3Nc3ccccc32)CC1,DrugMatrix,"DRUGMATRIX: Histamine H1, Central radioligand binding (ligand: [3H] Pyrilamine)",B,,,,,Histamine H1 receptor,Ki,nM,9.24,326.83,3.72
CHEMBL3818128,741.31,Cl.Fc1ccc(CCCCN2CCc3ccccc3C2)cc1,Scientific Literature,Displacement of [3H]Pyrilamine from human H1 receptor expressed in cell membranes after 1 hr by liquid scintillation counting,B,Homo sapiens,,Bioorg Med Chem,2016.0,Histamine H1 receptor,Ki,nM,6.13,319.85,4.21
CHEMBL3971383,560.0,Cl.Clc1ccc2sc(CCCCN3CCc4c(Cl)cccc4C3)nc2c1,Scientific Literature,Displacement of [3H]-pyrilamine from human histamine H1 receptor by liquid scintillation counting method,A,Homo sapiens,,Bioorg Med Chem,2016.0,Histamine H1 receptor,Ki,nM,6.25,427.83,5.98
CHEMBL256472,3162.28,COCc1nc2cc3c(cc2o1)CCN(CCCSc1nnc(-c2cccc4nc(C)ccc24)n1C)CC3,Scientific Literature,Antagonist activity at histamine H1 receptor by FLIPR assay,F,,,Bioorg Med Chem Lett,2008.0,Histamine H1 receptor,Ki,nM,,528.68,5.21
CHEMBL272302,2511.89,CCc1nc2cc3c(cc2o1)CCN(CCCSc1nnc(-c2cccnc2)n1C)CC3,Scientific Literature,Antagonist activity at histamine H1 receptor by FLIPR assay,F,,,Bioorg Med Chem Lett,2008.0,Histamine H1 receptor,Ki,nM,,448.6,4.16
CHEMBL271083,2511.89,Cc1ncoc1-c1nnc(SCCCN2CCc3cc4nc(C(F)(F)C(F)(F)F)oc4cc3CC2)n1C,Scientific Literature,Antagonist activity at histamine H1 receptor by FLIPR assay,F,,,Bioorg Med Chem Lett,2008.0,Histamine H1 receptor,Ki,nM,,542.53,5.16
CHEMBL11879,398107170553496.94,c1ccc(C(CCc2nc(CCN3CCCC3)c[nH]2)c2ccccc2)cc1,Scientific Literature,Inhibitory activity against human Histamine H1 receptor,B,,,J Med Chem,2003.0,Histamine H1 receptor,Ki,nM,,359.52,4.81
CHEMBL3094215,1995.26,c1cc2c(cc1OCCCN1CCCCC1)CCN(CC1CC1)CC2,Scientific Literature,Antagonist activity at human recombinant histamine H1 receptor expressed in CHO cells assessed as inhibition of histamine-induced effect by FLIPR assay,B,Homo sapiens,,Bioorg Med Chem Lett,2013.0,Histamine H1 receptor,Ki,nM,5.7,342.53,3.75
CHEMBL2391167,9300.0,Cc1cc(N2CCC(N3CCCC3C)C2)ccc1NC(=O)c1cc(F)ccc1C,Scientific Literature,Binding affinity to human histamine H1 receptor,B,Homo sapiens,,Bioorg Med Chem Lett,2013.0,Histamine H1 receptor,Ki,nM,,395.52,4.76
CHEMBL4084262,8.0,COc1ccccc1N1CCC2(CCN(CCCSc3nnc(-c4ccccc4)n3C)CC2)CC1,Scientific Literature,Displacement of [3H]-pyrilamine from recombinant human H1 receptor stably expressed in HEK cell membranes measured after 90 mins by microbeta scintillation counting method,B,Homo sapiens,,J Med Chem,2019.0,Histamine H1 receptor,Ki,nM,8.1,491.71,5.36
CHEMBL3899822,998.0,Cl.Clc1ccc(C(=CCCN2CCc3ccccc3C2)c2ccc(Cl)cc2)cc1,Scientific Literature,Displacement of [3H]-pyrilamine from human histamine H1 receptor by liquid scintillation counting method,A,Homo sapiens,,Bioorg Med Chem,2016.0,Histamine H1 receptor,Ki,nM,6.0,444.83,6.87
CHEMBL260374,10000.0,S=C(NC1CCCCC1)N1CCC(c2cnc[nH]2)CC1,Scientific Literature,Displacement of [3H]mepyramine from human histamine H1 receptor,B,Homo sapiens,,J Med Chem,2008.0,Histamine H1 receptor,Ki,nM,,292.45,2.8
CHEMBL648,4.443,CN1CCN(C(c2ccccc2)c2ccccc2)CC1,DrugMatrix,"DRUGMATRIX: Histamine H1, Central radioligand binding (ligand: [3H] Pyrilamine)",B,,,,,Histamine H1 receptor,Ki,nM,8.35,266.39,3.02
CHEMBL3952251,1000.0,Cl.O=C(CCCN1CCc2ccccc2CC1)c1ccc(Cl)cc1,Scientific Literature,Displacement of [3H]-pyrilamine from human histamine H1 receptor by liquid scintillation counting method,A,Homo sapiens,,Bioorg Med Chem,2016.0,Histamine H1 receptor,Ki,nM,6.0,364.32,4.4
CHEMBL452847,549.54,CN1CCN(c2nc(NCc3cccs3)c3cc(Cl)ccc3n2)CC1,Scientific Literature,Displacement of [3H]mepyramine from human histamine 1 receptor expressed in Sf9 cell membranes by liquid scintillation counting,B,Homo sapiens,,Bioorg Med Chem Lett,2016.0,Histamine H1 receptor,Ki,nM,6.26,373.91,3.71
CHEMBL476935,157.6,O=C(CCCN1CCN(c2ccc(Cl)cc2)CC1)c1ccc(F)cc1,Scientific Literature,Binding affinity to human cloned histamine H1 receptor,B,Homo sapiens,,Bioorg Med Chem,2008.0,Histamine H1 receptor,Ki,nM,6.8,360.86,4.26
CHEMBL92860,460.0,COc1cc2c(cc1OC)C1=NO[C@@H](CN3CCN(Cc4ccc5ccccc5c4)CC3)[C@@H]1CO2,Scientific Literature,Inhibition of [3H]pyrilamine binding to Histamine H1 receptor,B,Homo sapiens,,J Med Chem,2005.0,Histamine H1 receptor,Ki,nM,6.34,473.57,3.79
CHEMBL267777,12.17,Cc1nc2sccn2c(=O)c1CCN1CCC(=C(c2ccc(F)cc2)c2ccc(F)cc2)CC1,EUbOPEN Chemogenomic Library,"PDSP Secondary Binding target: HRH1 - Compounds are tested at 10 uM concentration, plate are incubated at room temperature in the dark for 90 minutes. Reaction are stopped by vacuum filtration onto 0.3% polyethyleneimine soaked filter mats using Filtermate harvester. Scintillation cocktail is then melted onto microwave-dried filters on a hot plate and the radio activity is counted in Microbia counter. Compounds showing a minimum of 50% inhibition at 10 uM concentration are carried forward in this secondary binding assay to determine equilibrium binding affinity.",B,Homo sapiens,,,2024.0,Histamine H1 receptor,Ki,nM,7.92,477.58,5.48
CHEMBL344159,6687.29,Cc1ccccc1C(=O)Nc1ccc(C(=O)N2CCCC(O)c3cc(Cl)ccc32)c(C)c1,EUbOPEN Chemogenomic Library,"PDSP Secondary Binding target: HRH1 - Compounds are tested at 10 uM concentration, plate are incubated at room temperature in the dark for 90 minutes. Reaction are stopped by vacuum filtration onto 0.3% polyethyleneimine soaked filter mats using Filtermate harvester. Scintillation cocktail is then melted onto microwave-dried filters on a hot plate and the radio activity is counted in Microbia counter. Compounds showing a minimum of 50% inhibition at 10 uM concentration are carried forward in this secondary binding assay to determine equilibrium binding affinity.",B,Homo sapiens,,,2024.0,Histamine H1 receptor,Ki,nM,5.17,448.95,5.68
CHEMBL3818200,177.0,N#Cc1ccc(C(=O)CCCN2CCc3ccccc3C2)cc1,Scientific Literature,Displacement of [3H]Pyrilamine from human H1 receptor expressed in cell membranes after 1 hr by liquid scintillation counting,B,Homo sapiens,,Bioorg Med Chem,2016.0,Histamine H1 receptor,Ki,nM,6.75,304.39,3.58
CHEMBL90,79432.82,NCCc1c[nH]cn1,Scientific Literature,Displacement of [3H]mepyramine from human wild-type histamine H1 receptor expressed in COS-7 cells by liquid scintillation counting,B,Homo sapiens,,Nat Chem Biol,2005.0,Histamine H1 receptor,Ki,nM,4.1,111.15,-0.09
CHEMBL4291048,814.0,OC1(c2ccc(Cl)c(C(F)(F)F)c2)CCN(CCCN(c2ccc(F)cc2)c2ccc(F)cc2)CC1,Scientific Literature,Displacement of [3H]Pyrilamine from human H1 receptor expressed in HEK cells by radioligand binding assay,B,Homo sapiens,,Bioorg Med Chem Lett,2018.0,Histamine H1 receptor,Ki,nM,6.09,524.96,7.15
CHEMBL3752978,1949.84,CN1CCN(c2nc(NCCc3ccccc3)cc(-c3ccccc3)n2)CC1,Scientific Literature,Displacement of [3H]mepyramine from human histamine 1 receptor expressed in Sf9 cell membranes by liquid scintillation counting,B,Homo sapiens,,Bioorg Med Chem Lett,2016.0,Histamine H1 receptor,Ki,nM,5.71,373.5,3.55
CHEMBL3753705,1174.9,CN1CCN(c2nc3c(c(N4CCN(C)CC4)n2)-c2ccccc2CC3)CC1,Scientific Literature,Displacement of [3H]mepyramine from human histamine 1 receptor expressed in Sf9 cell membranes by liquid scintillation counting,B,Homo sapiens,,Bioorg Med Chem Lett,2016.0,Histamine H1 receptor,Ki,nM,5.93,378.52,1.75
CHEMBL272899,311.0,CCCc1ccc2c(c1)sc(=O)n2CCN1CCCCCC1,Scientific Literature,Binding affinity to histamine H1 (unknown origin),B,Homo sapiens,,Med Chem Res,2005.0,Histamine H1 receptor,Ki,nM,6.51,318.49,3.89
CHEMBL12713,570.0,O=C1NCCN1CCN1CCC(c2cn(-c3ccc(F)cc3)c3ccc(Cl)cc23)CC1,Scientific Literature,Binding affinity towards human histamine H1 receptor,B,,,J Med Chem,2004.0,Histamine H1 receptor,Ki,nM,6.24,440.95,4.63
CHEMBL47482,197.0,NCC1c2ccccc2Cc2ccccc21,Scientific Literature,Displacement of [3H]chlorphniramine from human histamine H1 receptor expressed in cells,B,Homo sapiens,,Bioorg Med Chem,2009.0,Histamine H1 receptor,Ki,nM,6.71,209.29,2.68
CHEMBL3752195,5248.07,COc1ccc(CNc2nc(-c3ccccc3)cc(N3CCN(C)CC3)n2)cc1,Scientific Literature,Displacement of [3H]mepyramine from human histamine 1 receptor expressed in Sf9 cell membranes by liquid scintillation counting,B,Homo sapiens,,Bioorg Med Chem Lett,2016.0,Histamine H1 receptor,Ki,nM,5.28,389.5,3.52
CHEMBL2207638,5500.0,COc1ccccc1N1CCN(Cc2cc(CN3CCCCC3)c3cccccc2-3)CC1,Scientific Literature,Displacement of [3H]mepyramine from human histamine H1 receptor expressed in insect Sf9 cell membrane preparation after 60 mins by scintillation counting analysis,B,Homo sapiens,,Bioorg Med Chem Lett,2012.0,Histamine H1 receptor,Ki,nM,5.26,429.61,5.11
CHEMBL2207635,1400.0,COc1ccccc1N1CCN(Cc2cc(CO)c3cccccc2-3)CC1,Scientific Literature,Displacement of [3H]mepyramine from human histamine H1 receptor expressed in insect Sf9 cell membrane preparation after 60 mins by scintillation counting analysis,B,Homo sapiens,,Bioorg Med Chem Lett,2012.0,Histamine H1 receptor,Ki,nM,5.85,362.47,3.61
CHEMBL716,10.0,OCCOCCN1CCN(C2=Nc3ccccc3Sc3ccccc32)CC1,BindingDB Patent Bioactivity Data,"Binding Assay: Binding assay using 5-HT2A, Dopamine D2, SERT, Î±A1, 5-HT2C and H1 Receptors.",B,Homo sapiens,,,2013.0,Histamine H1 receptor,Ki,nM,8.0,383.52,2.86
CHEMBL3321788,1719.0,OC1(c2ccc(Cl)cc2)CC2CCC(C1)N2CCCCc1ccc(F)cc1,Scientific Literature,Displacement of [3H]Pyrilamine from human histamine H1 receptor by liquid scintillation counting,B,Homo sapiens,,Bioorg Med Chem Lett,2014.0,Histamine H1 receptor,Ki,nM,5.76,387.93,5.32
CHEMBL4780335,82.1,C[C@H]1CN(CC[C@H]2CC[C@H](NC(=O)c3ccco3)CC2)CCc2ccc(Cl)cc21,Scientific Literature,Displacement of [3H]-pyrilamine from human H1 histamine receptor expressed in human HEK293 cells,B,Homo sapiens,,Bioorg Med Chem Lett,2021.0,Histamine H1 receptor,Ki,nM,7.09,414.98,5.27
CHEMBL3480577,4677.35,Cc1ccc2nc(CNCCCOc3ccccc3)cc(O)c2c1,SGC Frankfurt - Donated Chemical Probes,GPCRScan assay: inhibition of H1,B,Homo sapiens,,,2021.0,Histamine H1 receptor,Ki,nM,5.33,322.41,3.81
CHEMBL715,2.8,Cc1cc2c(s1)Nc1ccccc1N=C2N1CCN(C)CC1,Scientific Literature,Binding affinity to human cloned histamine H1 receptor,B,Homo sapiens,,Bioorg Med Chem,2008.0,Histamine H1 receptor,Ki,nM,8.55,312.44,3.44
CHEMBL150161,259.6,O=C(CCCN1CCC(O)(c2ccc(Cl)cc2)C1)c1ccc(F)cc1,Scientific Literature,Binding affinity to human cloned histamine H1 receptor,B,Homo sapiens,,Bioorg Med Chem,2008.0,Histamine H1 receptor,Ki,nM,6.59,361.84,4.04
CHEMBL4874758,28840.32,CCCNC(=O)/N=C(\N)NCCCc1sc(N)nc1C,Scientific Literature,Displacement of [3H]mepyramine from human histamine H1 receptor expressed in sf9 insect cell membranes co-expressing RGS4 incubated for 60 mins by microbeta scintillation counting method,B,Homo sapiens,,Eur J Med Chem,2021.0,Histamine H1 receptor,Ki,nM,4.54,298.42,0.99
CHEMBL4846380,45708.82,Cc1nc(N)sc1CCCN/C(N)=N/C(=O)NC(C)c1ccco1,Scientific Literature,Displacement of [3H]mepyramine from human histamine H1 receptor expressed in sf9 insect cell membranes co-expressing RGS4 incubated for 60 mins by microbeta scintillation counting method,B,Homo sapiens,,Eur J Med Chem,2021.0,Histamine H1 receptor,Ki,nM,4.34,350.45,1.93
CHEMBL4856200,44668.36,Cc1nc(N)sc1CCCN/C(N)=N/C(=S)NCC(c1ccccc1)c1ccccc1,Scientific Literature,Displacement of [3H]mepyramine from human histamine H1 receptor expressed in sf9 insect cell membranes co-expressing RGS4 incubated for 60 mins by microbeta scintillation counting method,B,Homo sapiens,,Eur J Med Chem,2021.0,Histamine H1 receptor,Ki,nM,4.35,452.65,3.58
CHEMBL1112,25.1,O=C1CCc2ccc(OCCCCN3CCN(c4cccc(Cl)c4Cl)CC3)cc2N1,Scientific Literature,Displacement of [3H]Pyrilamine from human H1 receptor expressed in cell membranes after 1 hr by liquid scintillation counting,B,Homo sapiens,,Bioorg Med Chem,2016.0,Histamine H1 receptor,Ki,nM,7.6,448.39,4.86
CHEMBL54,730.0,O=C(CCCN1CCC(O)(c2ccc(Cl)cc2)CC1)c1ccc(F)cc1,Scientific Literature,Binding affinity towards human histamine H1 receptor,B,,,J Med Chem,2004.0,Histamine H1 receptor,Ki,nM,6.14,375.87,4.43
CHEMBL3752900,100.0,C=CCN(CC=C)CCc1c[nH]c2ccc(Cl)cc12,Scientific Literature,Binding affinity to histamine H1 receptor (unknown origin) by competition binding assay,B,Homo sapiens,,Bioorg Med Chem Lett,2016.0,Histamine H1 receptor,Ki,nM,7.0,274.8,4.04
CHEMBL274767,794328234724282.1,NCCc1c[nH]c(CCCCC(c2ccccc2)c2ccccc2)n1,Scientific Literature,Inhibitory activity against human Histamine H1 receptor,B,,,J Med Chem,2003.0,Histamine H1 receptor,Ki,nM,,333.48,4.46
CHEMBL1222626,25.12,O=C(O)C1CC(N2CCN(C3=Cc4ccccc4Cn4ccnc43)CC2)C1,Scientific Literature,Antagonist activity at human recombinant histamine H1 receptor expressed in CHO cells by FLPR assay,F,Homo sapiens,,Bioorg Med Chem Lett,2010.0,Histamine H1 receptor,Ki,nM,7.6,364.45,2.22
CHEMBL239963,2511.89,O=C(c1ccc(F)cc1)N1CCN(c2ccc(OC3CCN(C4CCCC4)CC3)cc2)C(=O)C1.O=CO,Scientific Literature,Antagonist activity at human recombinant histamine H1 receptor expressed in CHO cells assessed as inhibition of histamine-induced cellular calcium mobilization,F,Homo sapiens,,J Med Chem,2007.0,Histamine H1 receptor,Ki,nM,,511.59,4.1
CHEMBL2207661,12.59,O=C(NC[C@@H](O)CN1CCC(Oc2ccc(Cl)c(Cl)c2)CC1)c1c[nH]nc1C1CC1,Scientific Literature,Displacement of [3H]-pyrilamine from human recombinant H1 histamine receptor expressed in CHOK1 cells after 1 hr,B,Homo sapiens,,Bioorg Med Chem Lett,2012.0,Histamine H1 receptor,Ki,nM,7.9,453.37,3.23
CHEMBL2207640,10000.0,COc1ccccc1N1CCN(Cc2cc(CN3CCN(C)CC3)c3cccccc2-3)CC1,Scientific Literature,Displacement of [3H]mepyramine from human histamine H1 receptor expressed in insect Sf9 cell membrane preparation after 60 mins by scintillation counting analysis,B,Homo sapiens,,Bioorg Med Chem Lett,2012.0,Histamine H1 receptor,Ki,nM,,444.62,3.87
CHEMBL5430091,100000.0,CCC(=O)NC1CCN(Cc2ccc(OCCCN3CCCCC3)cc2)CC1,Scientific Literature,Displacement of [3H]mepyramine from SP-FLAG tagged human histamine H1 receptor expressed in HEK293T cells assessed as inhibition constant incubated for 60 min by scintillation counter analysis,B,Homo sapiens,,ACS Med Chem Lett,2023.0,Histamine H1 receptor,Ki,nM,,387.57,3.43
CHEMBL15928,10000.0,COc1ccc(NC(=O)c2ccc(-c3ccc(-c4noc(C)n4)cc3C)cc2)cc1N1CCN(C)CC1,Scientific Literature,Affinity towards cloned Histamine H1 receptor,B,Homo sapiens,,Bioorg Med Chem Lett,2005.0,Histamine H1 receptor,Ki,nM,,497.6,5.03
CHEMBL150161,259.6,O=C(CCCN1CCC(O)(c2ccc(Cl)cc2)C1)c1ccc(F)cc1,Scientific Literature,Binding affinity to human cloned histamine H1 receptor by radioligand binding assay,B,Homo sapiens,,Bioorg Med Chem Lett,2006.0,Histamine H1 receptor,Ki,nM,6.59,361.84,4.04
CHEMBL3321791,1207.0,OC1(c2ccc(Cl)cc2)CC2CCC(C1)N2CCCSc1cccc(F)c1,Scientific Literature,Displacement of [3H]Pyrilamine from human histamine H1 receptor by liquid scintillation counting,B,Homo sapiens,,Bioorg Med Chem Lett,2014.0,Histamine H1 receptor,Ki,nM,5.92,405.97,5.48
CHEMBL4869389,9549.93,Cc1nc(N)sc1CCCN/C(N)=N/C(=O)NC[C@@H](C)c1ccccc1,Scientific Literature,Displacement of [3H]mepyramine from human histamine H1 receptor expressed in sf9 insect cell membranes co-expressing RGS4 incubated for 60 mins by microbeta scintillation counting method,B,Homo sapiens,,Eur J Med Chem,2021.0,Histamine H1 receptor,Ki,nM,5.02,374.51,2.38
CHEMBL4871482,4897.79,Cc1nc(N)sc1CCCN/C(N)=N/C(=O)NCC(C)c1ccc(C(C)C)cc1,Scientific Literature,Displacement of [3H]mepyramine from human histamine H1 receptor expressed in sf9 insect cell membranes co-expressing RGS4 incubated for 60 mins by microbeta scintillation counting method,B,Homo sapiens,,Eur J Med Chem,2021.0,Histamine H1 receptor,Ki,nM,5.31,416.6,3.51
CHEMBL85,33.0,Cc1nc2n(c(=O)c1CCN1CCC(c3noc4cc(F)ccc34)CC1)CCCC2,Scientific Literature,Inhibition of [3H]pyrilamine binding to human Histamine H1 receptor ,B,Homo sapiens,,J Med Chem,2005.0,Histamine H1 receptor,Ki,nM,7.48,410.49,3.59
CHEMBL90,31622.78,NCCc1c[nH]cn1,Scientific Literature,Displacement of [3H]mepyramine from human histamine H1 receptor N7.45Q mutant expressed in COS-7 cells by liquid scintillation counting,B,Homo sapiens,,Nat Chem Biol,2005.0,Histamine H1 receptor,Ki,nM,4.5,111.15,-0.09
CHEMBL2208422,79.43,N#Cc1cccc(S(=O)(=O)NC[C@@H](O)CN2CCC(Oc3ccc(Cl)c(Cl)c3)CC2)c1,Scientific Literature,Displacement of [3H]-pyrilamine from human histamine H1 receptor expressed in recombinant CHOK1 cells after 1 hr,B,Homo sapiens,,Bioorg Med Chem Lett,2012.0,Histamine H1 receptor,Ki,nM,7.1,484.41,3.05
CHEMBL5185247,562.34,C[C@H](NC(=O)[C@H](C)NC(=O)[C@H](CC(N)=O)NC(=O)CCN1CCC(Oc2ccccc2Cc2ccccc2)CC1)C(=O)N[C@H](Cc1ccccc1)C(N)=O,Scientific Literature,Displacement of fluorophore-labeled mepyramine from Nluc-tagged human H1R expressed in HEK293T cells incubated for 2 hrs by NanoBRET competition binding assay,B,Homo sapiens,,J Med Chem,2022.0,Histamine H1 receptor,Ki,nM,6.25,741.89,1.09
CHEMBL5192678,174.0,CC(C)[C@H](NC(=O)CCN1CCC(Oc2ccccc2Cc2ccccc2)CC1)C(=O)N[C@@H](CO)C(=O)N[C@@H](CC(=O)O)C(=O)N[C@H](Cc1ccccc1)C(N)=O,Scientific Literature,Displacement of fluorophore-labeled mepyramine from Nluc-tagged human H1R expressed in HEK293T cells incubated for 2 hrs by NanoBRET competition binding assay,B,Homo sapiens,,J Med Chem,2022.0,Histamine H1 receptor,Ki,nM,6.76,786.93,1.3
CHEMBL5193095,89.0,CC(C)[C@H](NC(=O)CCN1CCC(Oc2ccccc2Cc2ccccc2)CC1)C(=O)N[C@@H](CO)C(=O)N[C@@H](CC(N)=O)C(=O)N[C@@H](Cc1ccccc1)C(N)=O,Scientific Literature,Displacement of fluorophore-labeled mepyramine from Nluc-tagged human H1R expressed in HEK293T cells incubated for 2 hrs by NanoBRET competition binding assay,B,Homo sapiens,,J Med Chem,2022.0,Histamine H1 receptor,Ki,nM,7.05,785.94,0.7
CHEMBL5170276,5495.41,Cc1nc(N)sc1-c1ccc(N/C(N)=N/C(=O)NC2CCCCC2)cc1.O=C(O)C(F)(F)F.O=C(O)C(F)(F)F,Scientific Literature,Displacement of [3H] mepyramine from human histamine H1 receptor stably expressed in baculovirus infected Sf9 cell membrane co-expressing RGS4 incubated for 60 mins by scintillation counting analysis,B,Homo sapiens,,J Med Chem,2021.0,Histamine H1 receptor,Ki,nM,5.26,600.54,3.47
CHEMBL5198795,5128.61,CC(CCCc1ccccc1)CNC(=O)/N=C(\N)NCCCc1nnc(N)s1.O=C(O)C(F)(F)F.O=C(O)C(F)(F)F,Scientific Literature,Displacement of [3H] mepyramine from human histamine H1 receptor stably expressed in baculovirus infected Sf9 cell membrane co-expressing RGS4 incubated for 60 mins by scintillation counting analysis,B,Homo sapiens,,J Med Chem,2021.0,Histamine H1 receptor,Ki,nM,5.29,631.6,2.33
CHEMBL511,2.2,COc1ccc(CN(CCN(C)C)c2ccccn2)cc1,Scientific Literature,Displacement of radiolabeled pyrilamine from human histamine H1 receptor,B,Homo sapiens,,J Med Chem,2008.0,Histamine H1 receptor,Ki,nM,8.66,285.39,2.66
CHEMBL5205197,2884.03,Cc1nc(N)sc1-c1ccc(N/C(N)=N/C(=O)NCC(C)C2CCCCC2)cc1.O=C(O)C(F)(F)F.O=C(O)C(F)(F)F,Scientific Literature,Displacement of [3H] mepyramine from human histamine H1 receptor stably expressed in baculovirus infected Sf9 cell membrane co-expressing RGS4 incubated for 60 mins by scintillation counting analysis,B,Homo sapiens,,J Med Chem,2021.0,Histamine H1 receptor,Ki,nM,5.54,642.62,4.35
CHEMBL5208845,10000.0,C[C@@H](NC(=O)/N=C(\N)NCCCc1nnc(N)s1)c1ccccc1.Cl.Cl,Scientific Literature,Displacement of [3H] mepyramine from human histamine H1 receptor stably expressed in baculovirus infected Sf9 cell membrane co-expressing RGS4 incubated for 60 mins by scintillation counting analysis,B,Homo sapiens,,J Med Chem,2021.0,Histamine H1 receptor,Ki,nM,,420.37,1.43
CHEMBL5174342,1819.7,Cc1ccc(CC(C)CNC(=O)/N=C(\N)Nc2ccc(-c3sc(N)nc3C)cc2)cc1.O=C(O)C(F)(F)F.O=C(O)C(F)(F)F,Scientific Literature,Displacement of [3H] mepyramine from human histamine H1 receptor stably expressed in baculovirus infected Sf9 cell membrane co-expressing RGS4 incubated for 60 mins by scintillation counting analysis,B,Homo sapiens,,J Med Chem,2021.0,Histamine H1 receptor,Ki,nM,5.74,664.63,4.32
CHEMBL5176229,3548.13,N/C(=N\C(=O)NCCCCCCNC(=O)/N=C(\N)NCCCc1nnc(N)s1)NCCCc1nnc(N)s1.O=C(O)C(F)(F)F.O=C(O)C(F)(F)F.O=C(O)C(F)(F)F.O=C(O)C(F)(F)F,Scientific Literature,Displacement of [3H] mepyramine from human histamine H1 receptor stably expressed in baculovirus infected Sf9 cell membrane co-expressing RGS4 incubated for 60 mins by scintillation counting analysis,B,Homo sapiens,,J Med Chem,2021.0,Histamine H1 receptor,Ki,nM,5.45,1024.83,-0.09
CHEMBL5183205,9549.93,CCCCCNC(=O)/N=C(\N)NCCCc1cnc(N)s1.O=C(O)C(F)(F)F.O=C(O)C(F)(F)F,Scientific Literature,Displacement of [3H] mepyramine from human histamine H1 receptor stably expressed in baculovirus infected Sf9 cell membrane co-expressing RGS4 incubated for 60 mins by scintillation counting analysis,B,Homo sapiens,,J Med Chem,2021.0,Histamine H1 receptor,Ki,nM,5.02,540.49,1.46
CHEMBL5209081,3715.35,CCCCCNC(=O)/N=C(\N)Nc1ccc(-c2sc(N)nc2C)cc1.O=C(O)C(F)(F)F.O=C(O)C(F)(F)F,Scientific Literature,Displacement of [3H] mepyramine from human histamine H1 receptor stably expressed in baculovirus infected Sf9 cell membrane co-expressing RGS4 incubated for 60 mins by scintillation counting analysis,B,Homo sapiens,,J Med Chem,2021.0,Histamine H1 receptor,Ki,nM,5.43,588.53,3.33
CHEMBL5204739,6606.93,CCCCCNC(=O)/N=C(\N)Nc1cccc(-c2sc(N)nc2C)c1.O=C(O)C(F)(F)F.O=C(O)C(F)(F)F,Scientific Literature,Displacement of [3H] mepyramine from human histamine H1 receptor stably expressed in baculovirus infected Sf9 cell membrane co-expressing RGS4 incubated for 60 mins by scintillation counting analysis,B,Homo sapiens,,J Med Chem,2021.0,Histamine H1 receptor,Ki,nM,5.18,588.53,3.33
CHEMBL1092662,1.7,CN(C)CCC1=C(Cc2cccnn2)c2ccc(F)cc2C1,Scientific Literature,Binding affinity at histamine H1 receptor,B,,,Bioorg Med Chem Lett,2010.0,Histamine H1 receptor,Ki,nM,8.77,297.38,3.12
CHEMBL556450,6.9,Cc1cnn(C2CCN(c3nc4ccccc4n3Cc3ccc(F)cc3)CC2)c1,Scientific Literature,Displacement of [3H]pyrilamine from human histamine H1 receptor expressed in CHO Flp-In cells by liquid scintillation counting,B,Homo sapiens,,Bioorg Med Chem Lett,2010.0,Histamine H1 receptor,Ki,nM,8.16,389.48,4.57
CHEMBL4164059,1200.47,Cl.Clc1ccc(CCCOCCCN2CCCCC2)cc1,EUbOPEN Chemogenomic Library,"PDSP Secondary Binding target: HRH1 - Compounds are tested at 10 uM concentration, plate are incubated at room temperature in the dark for 90 minutes. Reaction are stopped by vacuum filtration onto 0.3% polyethyleneimine soaked filter mats using Filtermate harvester. Scintillation cocktail is then melted onto microwave-dried filters on a hot plate and the radio activity is counted in Microbia counter. Compounds showing a minimum of 50% inhibition at 10 uM concentration are carried forward in this secondary binding assay to determine equilibrium binding affinity.",B,Homo sapiens,,,2024.0,Histamine H1 receptor,Ki,nM,5.92,332.31,4.17
CHEMBL3883955,1998.0,O=c1ccc(OCCCN2CCC(c3noc4cc(F)ccc34)CC2)nn1-c1c(F)cccc1F,Scientific Literature,Binding affinity to histamine H1 receptor (unknown origin),A,Homo sapiens,,Bioorg Med Chem Lett,2021.0,Histamine H1 receptor,Ki,nM,5.7,484.48,4.44
CHEMBL550818,3.9,CN(CC1CCOCC1)C1CCN(c2nc3ccccc3n2Cc2ccc(F)cc2)CC1,Scientific Literature,Displacement of [3H]pyrilamine from human histamine H1 receptor expressed in CHO Flp-In cells by liquid scintillation counting,B,Homo sapiens,,Bioorg Med Chem Lett,2010.0,Histamine H1 receptor,Ki,nM,8.41,436.58,4.55
CHEMBL998,37.0,CCOC(=O)N1CCC(=C2c3ccc(Cl)cc3CCc3cccnc32)CC1,Scientific Literature,Binding affinity for H1 histamine receptor expressed in CHO cells,B,,,J Med Chem,2005.0,Histamine H1 receptor,Ki,nM,7.43,382.89,4.89
CHEMBL4457754,10000.0,C[C@@]12CN(c3ccccc3)c3ccccc3[C@@H]1CCN2,Scientific Literature,Displacement of [3H]-Pyrilamine from human recombinant histamine H1 receptor expressed in stable HEK cells after 90 mins by microbeta scintillation counting method,B,Homo sapiens,,ACS Med Chem Lett,2019.0,Histamine H1 receptor,Ki,nM,,264.37,3.67
CHEMBL352375,218.78,CC(C1=C(CCN(C(C)C)C(C)C)Cc2ccccc21)c1ccccn1,Scientific Literature,Compound was evaluated for binding affinity towards cloned human histamine H1 receptors stably expressed in CHO-K1 cells using [3H]mepyramine,B,,,J Med Chem,2003.0,Histamine H1 receptor,Ki,nM,6.66,348.53,5.7
CHEMBL4551989,0.3981,CN1CCC(=C2c3ccc(Cl)cc3CCc3cccnc32)CC1.O=C(O)/C=C/C(=O)O,Scientific Literature,Displacement of [3H]mepyramine from N-terminal HA-tagged H1R (unknown origin) expressed in HEK293T cells measured after 4 hrs by microbeta scintillation counting method,B,Homo sapiens,,J Med Chem,2019.0,Histamine H1 receptor,Ki,nM,9.4,440.93,4.36
CHEMBL540612,125.29,COc1ccccc1N1CCN(CCCCNC(=O)c2ccc3ccccc3c2)CC1.Cl,EUbOPEN Chemogenomic Library,"PDSP Secondary Binding target: HRH1 - Compounds are tested at 10 uM concentration, plate are incubated at room temperature in the dark for 90 minutes. Reaction are stopped by vacuum filtration onto 0.3% polyethyleneimine soaked filter mats using Filtermate harvester. Scintillation cocktail is then melted onto microwave-dried filters on a hot plate and the radio activity is counted in Microbia counter. Compounds showing a minimum of 50% inhibition at 10 uM concentration are carried forward in this secondary binding assay to determine equilibrium binding affinity.",B,Homo sapiens,,,2024.0,Histamine H1 receptor,Ki,nM,6.9,454.01,4.18
CHEMBL1489369,760.94,Br.CN1CCc2cc(Br)c(O)cc2C(c2ccccc2)C1,EUbOPEN Chemogenomic Library,"PDSP Secondary Binding target: HRH1 - Compounds are tested at 10 uM concentration, plate are incubated at room temperature in the dark for 90 minutes. Reaction are stopped by vacuum filtration onto 0.3% polyethyleneimine soaked filter mats using Filtermate harvester. Scintillation cocktail is then melted onto microwave-dried filters on a hot plate and the radio activity is counted in Microbia counter. Compounds showing a minimum of 50% inhibition at 10 uM concentration are carried forward in this secondary binding assay to determine equilibrium binding affinity.",B,Homo sapiens,,,2024.0,Histamine H1 receptor,Ki,nM,6.12,413.15,3.77
CHEMBL5413694,10000.0,c1ccc(Nc2ccc(OCCCN3CCCCC3)cc2)cc1,Scientific Literature,Displacement of [3H] mepyramine from human FLAG-tagged histamine H1 receptor stably expressed in HEK293T cells assessed as inhibition constant by competitive binding based radioligand depletion assay,B,Homo sapiens,,J Med Chem,2023.0,Histamine H1 receptor,Ki,nM,,310.44,4.69
CHEMBL3752972,1071.52,COc1ccc(CNc2nc3c(c(N4CCN(C)CC4)n2)-c2ccccc2CC3)cc1,Scientific Literature,Displacement of [3H]mepyramine from human histamine 1 receptor expressed in Sf9 cell membranes by liquid scintillation counting,B,Homo sapiens,,Bioorg Med Chem Lett,2016.0,Histamine H1 receptor,Ki,nM,5.97,415.54,3.61
CHEMBL5204599,7413.1,CC(CNC(=O)/N=C(\N)NCCCc1nnc(N)s1)C1CCCCC1.O=C(O)C(F)(F)F.O=C(O)C(F)(F)F,Scientific Literature,Displacement of [3H] mepyramine from human histamine H1 receptor stably expressed in baculovirus infected Sf9 cell membrane co-expressing RGS4 incubated for 60 mins by scintillation counting analysis,B,Homo sapiens,,J Med Chem,2021.0,Histamine H1 receptor,Ki,nM,5.13,595.57,1.88
CHEMBL5208722,3981.07,C[C@@H](NC(=O)/N=C(\N)NCCCc1c[nH]cn1)c1ccccc1.O=C(O)C(F)(F)F.O=C(O)C(F)(F)F,Scientific Literature,Displacement of [3H] mepyramine from human histamine H1 receptor stably expressed in baculovirus infected Sf9 cell membrane co-expressing RGS4 incubated for 60 mins by scintillation counting analysis,B,Homo sapiens,,J Med Chem,2021.0,Histamine H1 receptor,Ki,nM,5.4,542.44,1.72
CHEMBL5201074,7943.28,C[C@@H](NC(=O)/N=C(\N)NCCCc1ncn[nH]1)c1ccccc1.Cl.Cl,Scientific Literature,Displacement of [3H] mepyramine from human histamine H1 receptor stably expressed in baculovirus infected Sf9 cell membrane co-expressing RGS4 incubated for 60 mins by scintillation counting analysis,B,Homo sapiens,,J Med Chem,2021.0,Histamine H1 receptor,Ki,nM,5.1,388.3,1.11
CHEMBL5208113,181.97,Cc1ccc(CC(C)CNC(=O)/N=C(\N)NCC2CCc3nc(N)sc3C2)cc1.O=C(O)C(F)(F)F.O=C(O)C(F)(F)F,Scientific Literature,Displacement of [3H] mepyramine from human histamine H1 receptor stably expressed in baculovirus infected Sf9 cell membrane co-expressing RGS4 incubated for 60 mins by scintillation counting analysis,B,Homo sapiens,,J Med Chem,2021.0,Histamine H1 receptor,Ki,nM,6.74,642.62,2.63
CHEMBL5179906,13182.57,Cc1nc(N)sc1-c1cccc(N/C(N)=N/C(=O)NCC(C)CCCc2ccccc2)c1.O=C(O)C(F)(F)F.O=C(O)C(F)(F)F,Scientific Literature,Displacement of [3H] mepyramine from human histamine H1 receptor stably expressed in baculovirus infected Sf9 cell membrane co-expressing RGS4 incubated for 60 mins by scintillation counting analysis,B,Homo sapiens,,J Med Chem,2021.0,Histamine H1 receptor,Ki,nM,4.88,678.66,4.8
CHEMBL5172675,2137.96,Cc1nc(N)sc1-c1ccc(N/C(N)=N/C(=O)NCCCCCCNC(=O)/N=C(\N)Nc2ccc(-c3sc(N)nc3C)cc2)cc1.O=C(O)C(F)(F)F.O=C(O)C(F)(F)F.O=C(O)C(F)(F)F.O=C(O)C(F)(F)F,Scientific Literature,Displacement of [3H] mepyramine from human histamine H1 receptor stably expressed in baculovirus infected Sf9 cell membrane co-expressing RGS4 incubated for 60 mins by scintillation counting analysis,B,Homo sapiens,,J Med Chem,2021.0,Histamine H1 receptor,Ki,nM,5.67,1118.94,4.85
CHEMBL5187758,10000.0,CCCCCNC(=O)/N=C(/N)NCCCc1nnc(C)s1.O=C(O)C(F)(F)F,Scientific Literature,Displacement of [3H] mepyramine from human histamine H1 receptor stably expressed in baculovirus infected Sf9 cell membrane co-expressing RGS4 incubated for 60 mins by scintillation counting analysis,B,Homo sapiens,,J Med Chem,2021.0,Histamine H1 receptor,Ki,nM,,426.46,1.58
CHEMBL1940402,128.5,OC1(c2ccc(Cl)cc2)CCN(CCCCc2ccc(F)cc2)CC1,Scientific Literature,Displacement of [3H]Pyrilamine from human histamine H1 receptor by liquid scintillation counting,B,Homo sapiens,,Bioorg Med Chem Lett,2014.0,Histamine H1 receptor,Ki,nM,6.89,361.89,4.79
CHEMBL534,0.138,CN1CCC(=C2c3ccccc3CC(=O)c3sccc32)CC1,DrugMatrix,"DRUGMATRIX: Histamine H1, Central radioligand binding (ligand: [3H] Pyrilamine)",B,,,,,Histamine H1 receptor,Ki,nM,9.86,309.43,4.01
CHEMBL3818881,1028.0,Cl.O=C(CCCCN1C2CCC1CC(O)(c1ccc(Cl)cc1)C2)c1nc2ccccc2s1,Scientific Literature,Displacement of [3H]Pyrilamine from human recombinant histamine H1 receptor incubated for 1.5 hrs by microbeta scintillation counting method,A,Homo sapiens,,Bioorg Med Chem,2016.0,Histamine H1 receptor,Ki,nM,5.99,491.48,5.82
CHEMBL3818935,535.0,O=C1NCN(c2ccccc2)C12CCN(CCCCc1nc3ccccc3o1)CC2,Scientific Literature,Displacement of [3H]Pyrilamine from human recombinant histamine H1 receptor incubated for 1.5 hrs by microbeta scintillation counting method,A,Homo sapiens,,Bioorg Med Chem,2016.0,Histamine H1 receptor,Ki,nM,6.27,404.51,3.58
CHEMBL1767144,1584.89,CN1CCC[C@@H]1Cn1nc(Cc2ccc(C(=O)O)cc2)c2ccccc2c1=O,Scientific Literature,Antagonist activity at human recombinant histamine H1 receptor expressed in intact CHO cells assessed as inhibition of histamine-induced cellular calcium mobilization by FLIPR assay,F,Homo sapiens,,J Med Chem,2011.0,Histamine H1 receptor,Ki,nM,,377.44,2.78
CHEMBL1767161,19.95,O=c1c2ccccc2c(Cc2ccc(Cl)cc2)nn1C1CCCN(CCCCc2ccc(OCCCN3CCCCCC3)cc2)CC1,Scientific Literature,Antagonist activity at human recombinant histamine H1 receptor expressed in intact CHO cells assessed as inhibition of histamine-induced cellular calcium mobilization by FLIPR assay,F,Homo sapiens,,J Med Chem,2011.0,Histamine H1 receptor,Ki,nM,7.7,655.33,8.34
CHEMBL1767166,12.59,O=c1c2ccccc2c(Cc2ccc(O)cc2)nn1C[C@H]1CCCN1CCCCc1ccc(OCCCN2CCCCCC2)cc1,Scientific Literature,Antagonist activity at human recombinant histamine H1 receptor expressed in intact CHO cells assessed as inhibition of histamine-induced cellular calcium mobilization by FLIPR assay,F,Homo sapiens,,J Med Chem,2011.0,Histamine H1 receptor,Ki,nM,7.9,622.85,6.83
CHEMBL1767135,10.0,CN(C)CCCn1nc(Cc2ccc(Cl)cc2)c2ccccc2c1=O,Scientific Literature,Antagonist activity at human recombinant histamine H1 receptor expressed in intact CHO cells assessed as inhibition of histamine-induced cellular calcium mobilization by FLIPR assay,F,Homo sapiens,,J Med Chem,2011.0,Histamine H1 receptor,Ki,nM,8.0,355.87,3.59
CHEMBL1767146,1.585,CN1CCC[C@@H]1Cn1nc(Cc2cccc(Cl)c2)c2ccccc2c1=O,Scientific Literature,Antagonist activity at human recombinant histamine H1 receptor expressed in intact CHO cells assessed as inhibition of histamine-induced cellular calcium mobilization by FLIPR assay,F,Homo sapiens,,J Med Chem,2011.0,Histamine H1 receptor,Ki,nM,8.8,367.88,3.73
CHEMBL1767141,0.1995,Cc1ccc(Cc2nn(C[C@H]3CCCN3C)c(=O)c3ccccc23)cc1,Scientific Literature,Antagonist activity at human recombinant histamine H1 receptor expressed in intact CHO cells assessed as inhibition of histamine-induced cellular calcium mobilization by FLIPR assay,F,Homo sapiens,,J Med Chem,2011.0,Histamine H1 receptor,Ki,nM,9.7,347.46,3.39
CHEMBL1767138,0.1585,CN1CCC[C@@H]1Cn1nc(Cc2ccc(O)cc2)c2ccccc2c1=O,Scientific Literature,Antagonist activity at human recombinant histamine H1 receptor expressed in intact CHO cells assessed as inhibition of histamine-induced cellular calcium mobilization by FLIPR assay,F,Homo sapiens,,J Med Chem,2011.0,Histamine H1 receptor,Ki,nM,9.8,349.43,2.79
CHEMBL3183055,250.0,CN(C)CCc1c[nH]c2ccccc12.O=C(O)/C=C/C(=O)O,Scientific Literature,Displacement of [3H] pyrilamine from human recombinant histamine H1 receptor expressed in CHO-K1 cells assessed as inhibition constant incubated for 180 mins by spectrophotometric analysis,B,Homo sapiens,,ACS Med Chem Lett,2023.0,Histamine H1 receptor,Ki,nM,6.6,304.35,2.27
CHEMBL708,50.0,O=C1Cc2cc(CCN3CCN(c4nsc5ccccc45)CC3)c(Cl)cc2N1,Scientific Literature,Binding affinity to H1 histamine receptor (unknown origin),B,Homo sapiens,,Bioorg Med Chem Lett,2021.0,Histamine H1 receptor,Ki,nM,7.3,412.95,3.81
CHEMBL1669411,91.0,C[C@H](C1=C(CCN(C)CCC(F)(F)F)Cc2ccccc21)c1cnccn1,Scientific Literature,Binding affinity to histamine H1 receptor,B,,,Bioorg Med Chem Lett,2011.0,Histamine H1 receptor,Ki,nM,7.04,375.44,4.86
CHEMBL73135,150.0,NC(=O)N(O)CCC#Cc1ccc(CN2CCN([C@H](c3ccccc3)c3ccc(Cl)cc3)CC2)o1,Scientific Literature,Inhibition constant against histamine H1 receptor,B,Homo sapiens,,J Med Chem,2005.0,Histamine H1 receptor,Ki,nM,6.82,493.01,4.35
CHEMBL21731,1.67,CNCCCC12CCC(c3ccccc31)c1ccccc12,Scientific Literature,Displacement of [3H]pyrilamine from human histamine H1 receptor expressed in CHO cells,B,Homo sapiens,,Bioorg Med Chem Lett,2009.0,Histamine H1 receptor,Ki,nM,8.78,277.41,4.21
CHEMBL85,2.6,Cc1nc2n(c(=O)c1CCN1CCC(c3noc4cc(F)ccc34)CC1)CCCC2,Scientific Literature,Binding affinity towards human histamine H1 receptor,B,,,J Med Chem,2004.0,Histamine H1 receptor,Ki,nM,8.59,410.49,3.59
CHEMBL1000,14.0,O=C(O)COCCN1CCN(C(c2ccccc2)c2ccc(Cl)cc2)CC1,Scientific Literature,Inhibition constant against histamine H1 receptor,B,Homo sapiens,,J Med Chem,2005.0,Histamine H1 receptor,Ki,nM,7.85,388.9,3.15
CHEMBL1277935,19.95,O=C(O)C1=CCCN(C2CC[C@]3(Cc4ccccc4Cc4ccccc43)C2)C1,Scientific Literature,Antagonist activity against human histamine H1 receptor expressed in CHO cells by FLIPR assay,F,Homo sapiens,,J Med Chem,2010.0,Histamine H1 receptor,Ki,nM,7.7,373.5,4.34
CHEMBL1200871,127.37,Cc1ccc(O)c([C@H](CCN(C(C)C)C(C)C)c2ccccc2)c1.O=C(O)[C@H](O)[C@@H](O)C(=O)O,EUbOPEN Chemogenomic Library,"PDSP Secondary Binding target: HRH1 - Compounds are tested at 10 uM concentration, plate are incubated at room temperature in the dark for 90 minutes. Reaction are stopped by vacuum filtration onto 0.3% polyethyleneimine soaked filter mats using Filtermate harvester. Scintillation cocktail is then melted onto microwave-dried filters on a hot plate and the radio activity is counted in Microbia counter. Compounds showing a minimum of 50% inhibition at 10 uM concentration are carried forward in this secondary binding assay to determine equilibrium binding affinity.",B,Homo sapiens,,,2024.0,Histamine H1 receptor,Ki,nM,6.89,475.58,5.34
CHEMBL1112,28.0,O=C1CCc2ccc(OCCCCN3CCN(c4cccc(Cl)c4Cl)CC3)cc2N1,BindingDB Patent Bioactivity Data,"Binding Assay: Binding assay using 5-HT2A, Dopamine D2, SERT, Î±A1, 5-HT2C and H1 Receptors.",B,Homo sapiens,,,2013.0,Histamine H1 receptor,Ki,nM,7.55,448.39,4.86
CHEMBL4576555,1318.26,CN1CCN(C(=O)C(C)(C)c2ccc(C(=O)Nc3cn4cc(-c5cc(C(C)(C)C)cc(C(C)(C)C)c5)ccc4n3)cc2)CC1,SGC Frankfurt - Donated Chemical Probes,GPCRScan assay: inhibition of H1,B,Homo sapiens,,,2021.0,Histamine H1 receptor,Ki,nM,5.88,593.82,6.9
CHEMBL101740,0.86,CN(C)CC/C=C1/c2ccccc2COc2ccccc21,Scientific Literature,Displacement of [3H]-Pyrilamine from human histamine H1 expressed in CHO-K1 cells membrane incubated for 1 hr by microbeta liquid scintillation counting analysis,B,Homo sapiens,,Eur J Med Chem,2023.0,Histamine H1 receptor,Ki,nM,9.07,279.38,3.96
CHEMBL1000,63.1,O=C(O)COCCN1CCN(C(c2ccccc2)c2ccc(Cl)cc2)CC1,Scientific Literature,Displacement of [3H]mepyramine from human histamine H1 receptor N7.45Q mutant expressed in COS-7 cells by liquid scintillation counting,B,Homo sapiens,,Nat Chem Biol,2005.0,Histamine H1 receptor,Ki,nM,7.2,388.9,3.15
CHEMBL2208419,3.162,N#Cc1cccc(OC[C@@H](O)CN2CCC(Oc3ccc(Cl)c(Cl)c3)CC2)c1,Scientific Literature,Displacement of [3H]-pyrilamine from human histamine H1 receptor expressed in recombinant CHOK1 cells after 1 hr,B,Homo sapiens,,Bioorg Med Chem Lett,2012.0,Histamine H1 receptor,Ki,nM,8.5,421.32,4.15
CHEMBL5204985,126.0,CC(C)[C@H](NC(=O)CCN1CCC(Oc2ccccc2Cc2ccccc2)CC1)C(=O)N[C@@H](CO)C(=O)N[C@@H](Cc1cnc[nH]1)C(=O)N[C@H](Cc1ccccc1)C(N)=O,Scientific Literature,Displacement of fluorophore-labeled mepyramine from Nluc-tagged human H1R expressed in HEK293T cells incubated for 2 hrs by NanoBRET competition binding assay,B,Homo sapiens,,J Med Chem,2022.0,Histamine H1 receptor,Ki,nM,6.9,808.98,1.79
CHEMBL85,88.0,Cc1nc2n(c(=O)c1CCN1CCC(c3noc4cc(F)ccc34)CC1)CCCC2,Scientific Literature,Binding affinity towards human H1 receptor,B,,,J Med Chem,2001.0,Histamine H1 receptor,Ki,nM,7.06,410.49,3.59
CHEMBL657,14.79,CN(C)CCOC(c1ccccc1)c1ccccc1,Scientific Literature,Displacement of [3H]mepyramine from human H1R expressed in Sf9 cells co-expressing RGS4 after 90 mins by liquid scintillation counting,B,Homo sapiens,,Bioorg Med Chem Lett,2011.0,Histamine H1 receptor,Ki,nM,7.83,255.36,3.35
CHEMBL3752576,125.89,C=CCN(CC=C)CCc1c[nH]c2ccccc12,Scientific Literature,Binding affinity to histamine H1 receptor (unknown origin) by competition binding assay,B,Homo sapiens,,Bioorg Med Chem Lett,2016.0,Histamine H1 receptor,Ki,nM,6.9,240.35,3.38
CHEMBL1628227,0.1778,CN(C)CCC=C1c2ccccc2COc2ccccc21,Scientific Literature,Displacement of [3H]mepyramine from human histamine H1 receptor expressed in HEK293 cells after 1 to 1.5 hrs by scintillation counting,B,Homo sapiens,,J Med Chem,2011.0,Histamine H1 receptor,Ki,nM,9.75,279.38,3.96
CHEMBL175782,10000.0,CN1CCC(Cc2c[nH]cn2)CC1,Scientific Literature,Displacement of [3H]mepyramine binding to COS-7 cell membranes expressing human histamine H1 receptor,B,Homo sapiens,,J Med Chem,2005.0,Histamine H1 receptor,Ki,nM,,179.27,1.29
CHEMBL5185281,794.0,CC(C)[C@H](NC(=O)CCN1CCC(Oc2ccccc2Cc2ccccc2)CC1)C(=O)N[C@@H](Cc1ccccc1)C(=O)N[C@@H](C)C(=O)N[C@H](Cc1ccccc1)C(N)=O,Scientific Literature,Displacement of fluorophore-labeled mepyramine from Nluc-tagged human H1R expressed in HEK293T cells incubated for 2 hrs by NanoBRET competition binding assay,B,Homo sapiens,,J Med Chem,2022.0,Histamine H1 receptor,Ki,nM,6.1,803.02,4.1
CHEMBL5188589,158.0,CC(C)[C@H](NC(=O)CCN1CCC(Oc2ccccc2Cc2ccccc2)CC1)C(=O)N[C@@H](CO)C(=O)NCC(=O)N[C@H](Cc1ccccc1)C(N)=O,Scientific Literature,Displacement of fluorophore-labeled mepyramine from Nluc-tagged human H1R expressed in HEK293T cells incubated for 2 hrs by NanoBRET competition binding assay,B,Homo sapiens,,J Med Chem,2022.0,Histamine H1 receptor,Ki,nM,6.8,728.89,1.46
CHEMBL1000,31.62,O=C(O)COCCN1CCN(C(c2ccccc2)c2ccc(Cl)cc2)CC1,Scientific Literature,Displacement of [3H]mepyramine from human histamine H1 receptor S3.36C mutant expressed in COS-7 cells by liquid scintillation counting,B,Homo sapiens,,Nat Chem Biol,2005.0,Histamine H1 receptor,Ki,nM,7.5,388.9,3.15
CHEMBL90,39810.72,NCCc1c[nH]cn1,Scientific Literature,Displacement of [3H]mepyramine from human histamine H1 receptor S3.36C mutant expressed in COS-7 cells by liquid scintillation counting,B,Homo sapiens,,Nat Chem Biol,2005.0,Histamine H1 receptor,Ki,nM,4.4,111.15,-0.09
CHEMBL405355,89.66,COC(=O)C1=C(C)NC(C)=C(C(=O)OCCCN2CCC(c3ccccc3)(c3ccccc3)CC2)[C@H]1c1cccc([N+](=O)[O-])c1,EUbOPEN Chemogenomic Library,"PDSP Secondary Binding target: HRH1 - Compounds are tested at 10 uM concentration, plate are incubated at room temperature in the dark for 90 minutes. Reaction are stopped by vacuum filtration onto 0.3% polyethyleneimine soaked filter mats using Filtermate harvester. Scintillation cocktail is then melted onto microwave-dried filters on a hot plate and the radio activity is counted in Microbia counter. Compounds showing a minimum of 50% inhibition at 10 uM concentration are carried forward in this secondary binding assay to determine equilibrium binding affinity.",B,Homo sapiens,,,2024.0,Histamine H1 receptor,Ki,nM,7.05,609.72,6.02
CHEMBL2107572,908.76,COc1cccc([C@@H](C)NCCCc2ccccc2Cl)c1.Cl,EUbOPEN Chemogenomic Library,"PDSP Secondary Binding target: HRH1 - Compounds are tested at 10 uM concentration, plate are incubated at room temperature in the dark for 90 minutes. Reaction are stopped by vacuum filtration onto 0.3% polyethyleneimine soaked filter mats using Filtermate harvester. Scintillation cocktail is then melted onto microwave-dried filters on a hot plate and the radio activity is counted in Microbia counter. Compounds showing a minimum of 50% inhibition at 10 uM concentration are carried forward in this secondary binding assay to determine equilibrium binding affinity.",B,Homo sapiens,,,2024.0,Histamine H1 receptor,Ki,nM,6.04,340.29,4.63
CHEMBL494502,1979.7,C/C(=N\NC(=O)[C@@H]1C(=O)NC[C@H]1c1ccccc1)c1cccc(Br)c1,EUbOPEN Chemogenomic Library,"PDSP Secondary Binding target: HRH1 - Compounds are tested at 10 uM concentration, plate are incubated at room temperature in the dark for 90 minutes. Reaction are stopped by vacuum filtration onto 0.3% polyethyleneimine soaked filter mats using Filtermate harvester. Scintillation cocktail is then melted onto microwave-dried filters on a hot plate and the radio activity is counted in Microbia counter. Compounds showing a minimum of 50% inhibition at 10 uM concentration are carried forward in this secondary binding assay to determine equilibrium binding affinity.",B,Homo sapiens,,,2024.0,Histamine H1 receptor,Ki,nM,5.7,400.28,2.82
CHEMBL213912,7.762,CN1CCN(C2=Nc3ccc(Cl)cc3Oc3ccccc32)CC1,Scientific Literature,Binding affinity to histamine H1 receptor,B,,,J Med Chem,2008.0,Histamine H1 receptor,Ki,nM,8.11,327.82,3.77
CHEMBL1615374,364.46,Cl.N#Cc1ccc2[nH]cc(CCCCN3CCN(c4ccc5oc(C(N)=O)cc5c4)CC3)c2c1,EUbOPEN Chemogenomic Library,"PDSP Secondary Binding target: HRH1 - Compounds are tested at 10 uM concentration, plate are incubated at room temperature in the dark for 90 minutes. Reaction are stopped by vacuum filtration onto 0.3% polyethyleneimine soaked filter mats using Filtermate harvester. Scintillation cocktail is then melted onto microwave-dried filters on a hot plate and the radio activity is counted in Microbia counter. Compounds showing a minimum of 50% inhibition at 10 uM concentration are carried forward in this secondary binding assay to determine equilibrium binding affinity.",B,Homo sapiens,,,2024.0,Histamine H1 receptor,Ki,nM,6.44,478.0,4.03
CHEMBL435505,15.85,c1ccc(Cc2ccccc2OCCN2CCCC2)cc1,Scientific Literature,Displacement of [3H]mepyramine from human wild type N-terminal hemagglutinin-tagged histamine H1 receptor expressed in HEK293T cells after 4 hrs by microbeta liquid scintillation counting analysis,B,Homo sapiens,,J Med Chem,2016.0,Histamine H1 receptor,Ki,nM,7.8,281.4,3.75
CHEMBL564144,4.0,C[C@@H](c1ccccn1)c1c(CCN(C)C)sc2ccccc12,Scientific Literature,Displacement of [3H]pyrilamine from human histamine H1 receptor expressed in CHO Flp-In cells by liquid scintillation counting,B,Homo sapiens,,J Med Chem,2009.0,Histamine H1 receptor,Ki,nM,8.4,310.47,4.55
CHEMBL1940403,115.0,OC1(c2ccc(Cl)cc2)CCN(CCCSc2ccc(F)cc2)CC1,Scientific Literature,Displacement of [3H]Pyrilamine from human histamine H1 receptor by liquid scintillation counting,B,Homo sapiens,,Bioorg Med Chem Lett,2014.0,Histamine H1 receptor,Ki,nM,6.94,379.93,4.94
CHEMBL90,19952.62,NCCc1c[nH]cn1,Scientific Literature,Displacement of [3H]mepyramine from human histamine H1 receptor N7.45C mutant expressed in COS-7 cells by liquid scintillation counting,B,Homo sapiens,,Nat Chem Biol,2005.0,Histamine H1 receptor,Ki,nM,4.7,111.15,-0.09
CHEMBL516,0.43,CN1CCC(=C2c3ccccc3C=Cc3ccccc32)CC1,DrugMatrix,"DRUGMATRIX: Histamine H1, Central radioligand binding (ligand: [3H] Pyrilamine)",B,,,,,Histamine H1 receptor,Ki,nM,9.37,287.41,4.7
CHEMBL1442422,20.0,CN(C)CCN1C(=O)c2ccccc2N(C)c2ccccc21,Scientific Literature,Binding affinity to H1 receptor (unknown origin),B,Homo sapiens,,Bioorg Med Chem Lett,2020.0,Histamine H1 receptor,Ki,nM,7.7,295.39,2.98
CHEMBL5170060,1318.26,C[C@H](NC(=O)[C@H](C)NC(=O)[C@H](Cc1ccccc1)NC(=O)CCN1CCC(Oc2ccccc2Cc2ccccc2)CC1)C(=O)N[C@H](Cc1ccccc1)C(N)=O,Scientific Literature,Displacement of fluorophore-labeled mepyramine from Nluc-tagged human H1R expressed in HEK293T cells incubated for 2 hrs by NanoBRET competition binding assay,B,Homo sapiens,,J Med Chem,2022.0,Histamine H1 receptor,Ki,nM,5.88,774.96,3.46
CHEMBL5201159,832.0,CC(C)[C@H](NC(=O)CCN1CCC(Oc2ccccc2Cc2ccccc2)CC1)C(=O)N[C@@H](CC(N)=O)C(=O)N[C@@H](C)C(=O)N[C@H](Cc1ccccc1)C(N)=O,Scientific Literature,Displacement of fluorophore-labeled mepyramine from Nluc-tagged human H1R expressed in HEK293T cells incubated for 2 hrs by NanoBRET competition binding assay,B,Homo sapiens,,J Med Chem,2022.0,Histamine H1 receptor,Ki,nM,6.08,769.94,1.73
CHEMBL404849,2475.9,CCCCCCCCNC(C)C(O)c1ccc(SC(C)C)cc1,DrugMatrix,"DRUGMATRIX: Histamine H1, Central radioligand binding (ligand: [3H] Pyrilamine)",B,,,,,Histamine H1 receptor,Ki,nM,5.61,337.57,5.56
CHEMBL5409227,76.4,COc1cccc(N2CCN(CCCCNC(=O)c3n[nH]c4ccccc34)CC2)c1,Scientific Literature,Displacement of [3H]-Pyrilamine from human histamine H1 expressed in CHO-K1 cells membrane incubated for 1 hr by microbeta liquid scintillation counting analysis,B,Homo sapiens,,Eur J Med Chem,2023.0,Histamine H1 receptor,Ki,nM,7.12,407.52,2.9
CHEMBL2158772,31.62,Cc1ccccc1C[C@@H](C(=O)O)N1CCC(CN2CCC(Oc3ccc(Cl)c(Cl)c3)CC2)CC1,Scientific Literature,Binding affinity to histamine H1 receptor,B,,,Bioorg Med Chem Lett,2012.0,Histamine H1 receptor,Ki,nM,7.5,505.49,5.55
CHEMBL19215,480.0,CN1C[C@H](CNC(=O)OCc2ccccc2)C[C@@H]2c3cccc4c3c(cn4C)C[C@H]21,DrugMatrix,"DRUGMATRIX: Histamine H1, Central radioligand binding (ligand: [3H] Pyrilamine)",B,,,,,Histamine H1 receptor,Ki,nM,6.32,403.53,4.06
CHEMBL728,2.794,CN1CCN(CCCN2c3ccccc3Sc3ccc(Cl)cc32)CC1,DrugMatrix,"DRUGMATRIX: Histamine H1, Central radioligand binding (ligand: [3H] Pyrilamine)",B,,,,,Histamine H1 receptor,Ki,nM,8.55,373.95,4.58
CHEMBL511,0.71,COc1ccc(CN(CCN(C)C)c2ccccn2)cc1,Scientific Literature,Displacement of [3H]pyrilamine from human recombinant histamine H1 receptor in HEK293 cells after 60 mins by scintillation counting,B,Homo sapiens,,J Med Chem,2017.0,Histamine H1 receptor,Ki,nM,9.15,285.39,2.66
CHEMBL2208435,12.59,O=C(NC[C@@H](O)CN1CCC(Oc2ccc(Cl)c(Cl)c2)CC1)c1cnnc2ccccc12,Scientific Literature,Displacement of [3H]-pyrilamine from human histamine H1 receptor expressed in recombinant CHOK1 cells after 1 hr,B,Homo sapiens,,Bioorg Med Chem Lett,2012.0,Histamine H1 receptor,Ki,nM,7.9,475.38,3.57
CHEMBL91729,8.913,Cc1ncccc1CN1CCC(=C2c3ccc(Cl)cc3CCc3cccnc32)CC1,Scientific Literature,Displacement of [3H]mepyramine from N-terminal HA-tagged H1R (unknown origin) expressed in HEK293T cells measured after 4 hrs by microbeta scintillation counting method,B,Homo sapiens,,J Med Chem,2019.0,Histamine H1 receptor,Ki,nM,8.05,415.97,5.63
CHEMBL4554533,2.512,Clc1ccc2c(c1)CCc1cccnc1C2=C1CCN(CC2CCCCC2)CC1,Scientific Literature,Displacement of [3H]mepyramine from N-terminal HA-tagged H1R (unknown origin) expressed in HEK293T cells measured after 4 hrs by microbeta scintillation counting method,B,Homo sapiens,,J Med Chem,2019.0,Histamine H1 receptor,Ki,nM,8.6,407.0,6.31
CHEMBL4588983,0.7943,Clc1ccc2c(c1)CCc1cccnc1C2=C1CCN(CC2CCC2)CC1,Scientific Literature,Displacement of [3H]mepyramine from N-terminal HA-tagged H1R (unknown origin) expressed in HEK293T cells measured after 4 hrs by microbeta scintillation counting method,B,Homo sapiens,,J Med Chem,2019.0,Histamine H1 receptor,Ki,nM,9.1,378.95,5.53
CHEMBL42,10.0,CN1CCN(C2=Nc3cc(Cl)ccc3Nc3ccccc32)CC1,Scientific Literature,Binding affinity to H1 histamine receptor (unknown origin) by PDSP assay,B,Homo sapiens,,Medchemcomm,2012.0,Histamine H1 receptor,Ki,nM,8.0,326.83,3.72
CHEMBL2203406,110.0,CCCN(CC[C@]1(O)C[C@H](NC(=O)c2ccc3ccccc3c2)C1)[C@H]1CCc2nc(N)sc2C1,Scientific Literature,Displacement of [3H]-pyrilamine from human histamine H1 receptor expressed in stable HEK cell membranes after 90 mins by microbeta scintillation counting method,A,Homo sapiens,,J Med Chem,2020.0,Histamine H1 receptor,Ki,nM,6.96,478.66,4.16
CHEMBL5286701,0.7943,COCCC(=O)NCCN1CCC[C@@H]1Cn1nc(Cc2ccc(Cl)cc2)c2ccccc2c1=O.O=CO,Scientific Literature,Antagonist activity against recombinant human H1 receptor expressed in CHO cells incubated for 30 mins by FLIPR analysis,B,Homo sapiens,,ACS Med Chem Lett,2017.0,Histamine H1 receptor,Ki,nM,9.1,529.04,3.26
CHEMBL5272464,5.012,CCCNC(=O)CCCN1CCC[C@@H]1Cn1nc(Cc2ccc(Cl)cc2)c2ccccc2c1=O.Cl,Scientific Literature,Antagonist activity against recombinant human H1 receptor expressed in CHO cells incubated for 30 mins by FLIPR analysis,B,Homo sapiens,,ACS Med Chem Lett,2017.0,Histamine H1 receptor,Ki,nM,8.3,517.5,4.41
CHEMBL272150,501.19,Cc1ccc2c(-c3nnc(SCCCN4CCc5ccc6oc(C(F)(F)F)nc6c5CC4)n3C)cccc2n1,Scientific Literature,Antagonist activity at histamine H1 receptor by FLIPR assay,F,,,Bioorg Med Chem Lett,2008.0,Histamine H1 receptor,Ki,nM,6.3,552.63,6.08
CHEMBL505,7.0,CN(C)CCC(c1ccc(Cl)cc1)c1ccccn1,Scientific Literature,Binding affinity to histamine H1 receptor,B,,,J Med Chem,2011.0,Histamine H1 receptor,Ki,nM,8.15,274.8,3.82
CHEMBL4282702,718.0,OC1(c2ccc(Cl)c(C(F)(F)F)c2)CCN(CCCCCc2ccc(F)cc2)CC1,Scientific Literature,Displacement of [3H]Pyrilamine from human H1 receptor expressed in HEK cells by radioligand binding assay,B,Homo sapiens,,Bioorg Med Chem Lett,2018.0,Histamine H1 receptor,Ki,nM,6.14,443.91,6.19
CHEMBL4528651,10000.0,CC[C@H]1c2cc(C)ccc2OC[C@@]1(C)N,Scientific Literature,Displacement of [3H]-Pyrilamine from human recombinant histamine H1 receptor expressed in stable HEK cells after 90 mins by microbeta scintillation counting method,B,Homo sapiens,,ACS Med Chem Lett,2019.0,Histamine H1 receptor,Ki,nM,,205.3,2.6
CHEMBL85,49.3,Cc1nc2n(c(=O)c1CCN1CCC(c3noc4cc(F)ccc34)CC1)CCCC2,Scientific Literature,Binding affinity to H1 receptor (unknown origin),A,Homo sapiens,,Bioorg Med Chem Lett,2020.0,Histamine H1 receptor,Ki,nM,7.31,410.49,3.59
CHEMBL4083252,40.0,COc1ccccc1N1CCN(CCCSc2nnc(-c3ccccc3)n2C)CC1,Scientific Literature,Displacement of [3H]-pyrilamine from recombinant human H1 receptor stably expressed in HEK cell membranes measured after 90 mins by microbeta scintillation counting method,B,Homo sapiens,,J Med Chem,2019.0,Histamine H1 receptor,Ki,nM,7.4,423.59,3.8
CHEMBL5403404,20.0,CCCN1CCN(c2ccc3c(c2)C(N(C)C(=O)OCc2ccccc2)CCC3)CC1,Scientific Literature,Binding affinity at human Histamine H1 receptor assessed as inhibition constant,B,Homo sapiens,,Eur J Med Chem,2022.0,Histamine H1 receptor,Ki,nM,7.7,421.59,4.86
CHEMBL54,323.0,O=C(CCCN1CCC(O)(c2ccc(Cl)cc2)CC1)c1ccc(F)cc1,DrugMatrix,"DRUGMATRIX: Histamine H1, Central radioligand binding (ligand: [3H] Pyrilamine)",B,,,,,Histamine H1 receptor,Ki,nM,6.49,375.87,4.43
CHEMBL564,0.399,CN(C)CCCN1c2ccccc2Sc2ccccc21,DrugMatrix,"DRUGMATRIX: Histamine H1, Central radioligand binding (ligand: [3H] Pyrilamine)",B,,,,,Histamine H1 receptor,Ki,nM,9.4,284.43,4.24
CHEMBL1000,5.89,O=C(O)COCCN1CCN(C(c2ccccc2)c2ccc(Cl)cc2)CC1,Scientific Literature,Binding affinity for human Histamine H1 receptor in CHO K1 cells,B,Homo sapiens,,Bioorg Med Chem Lett,2005.0,Histamine H1 receptor,Ki,nM,8.23,388.9,3.15
CHEMBL998,311.0,CCOC(=O)N1CCC(=C2c3ccc(Cl)cc3CCc3cccnc32)CC1,Scientific Literature,Displacement of [3H]mepyramine from human histamine H1 receptor expressed in Sf9 cells by scintillation counting method,B,Homo sapiens,,J Med Chem,2014.0,Histamine H1 receptor,Ki,nM,6.51,382.89,4.89
CHEMBL83894,30.64,O=S1(=O)c2cccc3cccc(c23)N1CCCN1CCN(c2ccc(F)cc2)CC1,EUbOPEN Chemogenomic Library,"PDSP Secondary Binding target: HRH1 - Compounds are tested at 10 uM concentration, plate are incubated at room temperature in the dark for 90 minutes. Reaction are stopped by vacuum filtration onto 0.3% polyethyleneimine soaked filter mats using Filtermate harvester. Scintillation cocktail is then melted onto microwave-dried filters on a hot plate and the radio activity is counted in Microbia counter. Compounds showing a minimum of 50% inhibition at 10 uM concentration are carried forward in this secondary binding assay to determine equilibrium binding affinity.",B,Homo sapiens,,,2024.0,Histamine H1 receptor,Ki,nM,7.51,425.53,3.7
CHEMBL1643900,2376.0,Fc1cccc(CCN[C@H]2C3C4CC5C6C4CC3C6C52)c1,Scientific Literature,Inhibition of histamine H1 receptor (unknown origin) by PDSP assay,B,Homo sapiens,,Bioorg Med Chem,2013.0,Histamine H1 receptor,Ki,nM,5.62,283.39,3.1
CHEMBL4586794,10000.0,Cn1cncc1[C@](O)(COc1ccc(C#N)cc1-c1ccc(OC(F)(F)F)cc1)c1ccc(C#N)cc1,SGC Frankfurt - Donated Chemical Probes,GPCRScan assay: inhibition of H1,B,Homo sapiens,,,2021.0,Histamine H1 receptor,Ki,nM,5.0,504.47,5.04
CHEMBL2024517,16.81,CN(C)C(=O)N[C@H]1CC[C@H](CCN2CCN(c3cccc(Cl)c3Cl)CC2)CC1.Cl,EUbOPEN Chemogenomic Library,"PDSP Secondary Binding target: HRH1 - Compounds are tested at 10 uM concentration, plate are incubated at room temperature in the dark for 90 minutes. Reaction are stopped by vacuum filtration onto 0.3% polyethyleneimine soaked filter mats using Filtermate harvester. Scintillation cocktail is then melted onto microwave-dried filters on a hot plate and the radio activity is counted in Microbia counter. Compounds showing a minimum of 50% inhibition at 10 uM concentration are carried forward in this secondary binding assay to determine equilibrium binding affinity.",B,Homo sapiens,,,2024.0,Histamine H1 receptor,Ki,nM,7.77,463.88,4.34
CHEMBL85,14.0,Cc1nc2n(c(=O)c1CCN1CCC(c3noc4cc(F)ccc34)CC1)CCCC2,BindingDB Patent Bioactivity Data,"Binding Assay: Binding assay using 5-HT2A, Dopamine D2, SERT, Î±A1, 5-HT2C and H1 Receptors.",B,Homo sapiens,,,2013.0,Histamine H1 receptor,Ki,nM,7.85,410.49,3.59
CHEMBL42,1.0,CN1CCN(C2=Nc3cc(Cl)ccc3Nc3ccccc32)CC1,BindingDB Patent Bioactivity Data,"Binding Assay: Binding assay using 5-HT2A, Dopamine D2, SERT, Î±A1, 5-HT2C and H1 Receptors.",B,Homo sapiens,,,2013.0,Histamine H1 receptor,Ki,nM,9.0,326.83,3.72
CHEMBL2158821,100.0,O=C(O)[C@@H](c1ccccc1)N1CCC(CN2CCC(Oc3ccc(Cl)c(Cl)c3)CC2)CC1,Scientific Literature,Binding affinity to histamine H1 receptor,B,,,Bioorg Med Chem Lett,2012.0,Histamine H1 receptor,Ki,nM,7.0,477.43,5.37
CHEMBL2207663,10.0,Cc1cc(Cl)ccc1OC1CCN(C[C@H](O)CNC(=O)c2c[nH]c(=O)cc2C(F)(F)F)CC1,Scientific Literature,Displacement of [3H]-pyrilamine from human recombinant H1 histamine receptor expressed in CHOK1 cells after 1 hr,B,Homo sapiens,,Bioorg Med Chem Lett,2012.0,Histamine H1 receptor,Ki,nM,8.0,487.91,2.99
CHEMBL2207276,79.43,Cc1cc(Cl)ccc1OC1CCN(C[C@H](O)CNC(=O)c2c[nH]c(=O)c3cc(S(C)(=O)=O)ccc23)CC1,Scientific Literature,Displacement of [3H]-pyrilamine from human recombinant H1 histamine receptor expressed in CHOK1 cells after 1 hr,B,Homo sapiens,,Bioorg Med Chem Lett,2012.0,Histamine H1 receptor,Ki,nM,7.1,548.06,2.53
CHEMBL1628227,0.2512,CN(C)CCC=C1c2ccccc2COc2ccccc21,Scientific Literature,Displacement of [3H]mepyramine from human wild type N-terminal hemagglutinin-tagged histamine H1 receptor expressed in HEK293T cells after 4 hrs by microbeta liquid scintillation counting analysis,B,Homo sapiens,,J Med Chem,2016.0,Histamine H1 receptor,Ki,nM,9.6,279.38,3.96
CHEMBL2158833,125.89,O=C(O)c1ccc(CN2CCC(CN3CCC(Oc4ccc(Cl)c(Cl)c4)CC3)CC2)cc1,Scientific Literature,Binding affinity to histamine H1 receptor,B,,,Bioorg Med Chem Lett,2012.0,Histamine H1 receptor,Ki,nM,6.9,477.43,5.45
CHEMBL5185247,562.0,C[C@H](NC(=O)[C@H](C)NC(=O)[C@H](CC(N)=O)NC(=O)CCN1CCC(Oc2ccccc2Cc2ccccc2)CC1)C(=O)N[C@H](Cc1ccccc1)C(N)=O,Scientific Literature,Displacement of fluorophore-labeled mepyramine from Nluc-tagged human H1R expressed in HEK293T cells incubated for 2 hrs by NanoBRET competition binding assay,B,Homo sapiens,,J Med Chem,2022.0,Histamine H1 receptor,Ki,nM,6.25,741.89,1.09
CHEMBL267014,10000.0,Clc1ccc(N2CCN(Cc3c[nH]c4ncccc34)CC2)cc1,Scientific Literature,Binding affinity to cloned Histamine H1 receptor,B,,,Bioorg Med Chem Lett,2001.0,Histamine H1 receptor,Ki,nM,,326.83,3.54
CHEMBL1201353,0.73,CN(C)CC[C@@H](c1ccc(Cl)cc1)c1ccccn1,DrugMatrix,"DRUGMATRIX: Histamine H1, Central radioligand binding (ligand: [3H] Pyrilamine)",B,,,,,Histamine H1 receptor,Ki,nM,9.14,274.8,3.82
CHEMBL3983211,251.19,CN1CCC(Oc2ccccc2)CC1.O=C(O)/C=C/C(=O)O,Scientific Literature,Displacement of [3H]mepyramine from human wild type N-terminal hemagglutinin-tagged histamine H1 receptor expressed in HEK293T cells after 4 hrs by microbeta liquid scintillation counting analysis,B,Homo sapiens,,J Med Chem,2016.0,Histamine H1 receptor,Ki,nM,6.6,307.35,2.16
CHEMBL372588,20.0,O=C(O)Cc1ccc2c(c1)/C(=C\CN1CCC(Cc3ccccc3)CC1)c1ccccc1CO2,Scientific Literature,Inhibition constant against histamine H1 receptor,B,Homo sapiens,,J Med Chem,2005.0,Histamine H1 receptor,Ki,nM,7.7,453.58,5.59
CHEMBL191703,10000.0,C[C@H]1[C@H]2CC[C@H]3[C@@H]4CC=C5C[C@@H](N(C)C)CC[C@]5(C)[C@H]4CC[C@]23CN1C,Scientific Literature,Displacement of [3H]mepyramine from human histamine H1 receptor,B,Homo sapiens,,J Med Chem,2008.0,Histamine H1 receptor,Ki,nM,,356.6,4.81
CHEMBL1200492,124.91,CCc1nn(CCCN2CCN(c3cccc(Cl)c3)CC2)c(=O)n1CCOc1ccccc1.Cl,EUbOPEN Chemogenomic Library,"PDSP Secondary Binding target: HRH1 - Compounds are tested at 10 uM concentration, plate are incubated at room temperature in the dark for 90 minutes. Reaction are stopped by vacuum filtration onto 0.3% polyethyleneimine soaked filter mats using Filtermate harvester. Scintillation cocktail is then melted onto microwave-dried filters on a hot plate and the radio activity is counted in Microbia counter. Compounds showing a minimum of 50% inhibition at 10 uM concentration are carried forward in this secondary binding assay to determine equilibrium binding affinity.",B,Homo sapiens,,,2024.0,Histamine H1 receptor,Ki,nM,6.9,506.48,3.55
CHEMBL2181226,1014.84,Cc1ccc(C)c(Oc2ccncc2C(=O)N2CCN(C3CC3)c3ccccc32)c1,EUbOPEN Chemogenomic Library,"PDSP Secondary Binding target: HRH1 - Compounds are tested at 10 uM concentration, plate are incubated at room temperature in the dark for 90 minutes. Reaction are stopped by vacuum filtration onto 0.3% polyethyleneimine soaked filter mats using Filtermate harvester. Scintillation cocktail is then melted onto microwave-dried filters on a hot plate and the radio activity is counted in Microbia counter. Compounds showing a minimum of 50% inhibition at 10 uM concentration are carried forward in this secondary binding assay to determine equilibrium binding affinity.",B,Homo sapiens,,,2024.0,Histamine H1 receptor,Ki,nM,5.99,399.49,5.12
CHEMBL5075931,1647.98,NCCc1cn(S(=O)(=O)c2c(Cl)nc3sccn23)c2ccccc12.O=C(O)C(=O)O,EUbOPEN Chemogenomic Library,"PDSP Secondary Binding target: HRH1 - Compounds are tested at 10 uM concentration, plate are incubated at room temperature in the dark for 90 minutes. Reaction are stopped by vacuum filtration onto 0.3% polyethyleneimine soaked filter mats using Filtermate harvester. Scintillation cocktail is then melted onto microwave-dried filters on a hot plate and the radio activity is counted in Microbia counter. Compounds showing a minimum of 50% inhibition at 10 uM concentration are carried forward in this secondary binding assay to determine equilibrium binding affinity.",B,Homo sapiens,,,2024.0,Histamine H1 receptor,Ki,nM,5.78,470.92,2.74
CHEMBL210578,8780.0,O=C(CCCN1C2CCC1CC(O)(c1ccc(Cl)cc1)C2)c1ccc(F)cc1,Scientific Literature,Binding affinity to human cloned histamine H1 receptor,B,Homo sapiens,,Bioorg Med Chem,2008.0,Histamine H1 receptor,Ki,nM,5.06,401.91,4.96
CHEMBL127257,2000.0,Cc1ccc(N2CCN(Cc3nc4ccccc4[nH]3)CC2)cc1C,Scientific Literature,Inhibition of histamine H1 receptor (unknown origin),B,Homo sapiens,,J Med Chem,2017.0,Histamine H1 receptor,Ki,nM,,320.44,3.5
CHEMBL2158823,5.012,O=C(O)c1cccc(N2CCC(CN3CCC(Oc4ccc(Cl)c(Cl)c4)CC3)CC2)c1,Scientific Literature,Binding affinity to histamine H1 receptor,B,,,Bioorg Med Chem Lett,2012.0,Histamine H1 receptor,Ki,nM,8.3,463.41,5.45
CHEMBL2158819,50.12,O=C(O)C(c1ccccc1)N1CCC(CN2CCC(Oc3ccc(Cl)c(Cl)c3)CC2)CC1,Scientific Literature,Binding affinity to histamine H1 receptor,B,,,Bioorg Med Chem Lett,2012.0,Histamine H1 receptor,Ki,nM,7.3,477.43,5.37
CHEMBL1940420,262.0,Fc1ccc(OCCCN2CCN(c3ccccn3)CC2)cc1,Scientific Literature,Displacement of [3H]pyrilamine from human H1 receptor by liquid scintillation counting,B,Homo sapiens,,Bioorg Med Chem,2012.0,Histamine H1 receptor,Ki,nM,6.58,315.39,2.81
CHEMBL2171026,31.62,O=C(c1ccc(-c2nn[nH]n2)cc1)N1CCC(N2CCC(Oc3ccc(Cl)c(Cl)c3)CC2)CC1,Scientific Literature,Displacement of [3H]pyrilamine from human H1 receptor expressed in CHOK1 cells,B,Homo sapiens,,Bioorg Med Chem Lett,2012.0,Histamine H1 receptor,Ki,nM,7.5,501.42,4.32
CHEMBL2171023,25.12,O=C(O)c1ccccc1C(=O)N1CCC(N2CCC(Oc3ccc(Cl)c(Cl)c3)CC2)CC1,Scientific Literature,Displacement of [3H]pyrilamine from human H1 receptor expressed in CHOK1 cells,B,Homo sapiens,,Bioorg Med Chem Lett,2012.0,Histamine H1 receptor,Ki,nM,7.6,477.39,4.84
CHEMBL2171042,31.62,Cc1cccc(S(=O)(=O)NC(=O)N2CCC(N3CCC(Oc4ccc(Cl)c(Cl)c4)CC3)CC2)c1,Scientific Literature,Displacement of [3H]pyrilamine from human H1 receptor expressed in CHOK1 cells,B,Homo sapiens,,Bioorg Med Chem Lett,2012.0,Histamine H1 receptor,Ki,nM,7.5,526.49,4.71
CHEMBL199824,150.0,Cn1c(=O)cnn(CCCCN2CCN(c3cccc4ccc(O[11CH3])cc34)CC2)c1=O,Scientific Literature,Binding affinity to histamine H1 receptor,B,Homo sapiens,,J Med Chem,2006.0,Histamine H1 receptor,Ki,nM,6.82,422.52,1.71
CHEMBL74355,132.48,COc1cccc([C@H](O)C2CCN(CCc3ccc(F)cc3)CC2)c1OC,EUbOPEN Chemogenomic Library,"PDSP Secondary Binding target: HRH1 - Compounds are tested at 10 uM concentration, plate are incubated at room temperature in the dark for 90 minutes. Reaction are stopped by vacuum filtration onto 0.3% polyethyleneimine soaked filter mats using Filtermate harvester. Scintillation cocktail is then melted onto microwave-dried filters on a hot plate and the radio activity is counted in Microbia counter. Compounds showing a minimum of 50% inhibition at 10 uM concentration are carried forward in this secondary binding assay to determine equilibrium binding affinity.",B,Homo sapiens,,,2024.0,Histamine H1 receptor,Ki,nM,6.88,373.47,3.83
CHEMBL261551,741.31,CN1CCN(c2nc3ccccc3nc2Cc2ccccc2)CC1,Scientific Literature,Displacement of [3H]mepyramine from human histamine H1 receptor expressed in NIH3T3 cells,B,Homo sapiens,,J Med Chem,2008.0,Histamine H1 receptor,Ki,nM,6.13,318.42,2.97
CHEMBL268258,1000.0,COc1cccc2c1CCC[C@H]2CN(C)CCc1ccc2ccoc2c1,Scientific Literature,Inhibition of [3H]pyrilamine binding to Histamine H1 receptor,B,Homo sapiens,,J Med Chem,2005.0,Histamine H1 receptor,Ki,nM,,349.47,5.04
CHEMBL5198008,501.19,CC(C)[C@H](NC(=O)CCN1CCC(Oc2ccccc2Cc2ccccc2)CC1)C(=O)NCC(=O)N[C@@H](C)C(=O)N[C@H](Cc1ccccc1)C(N)=O,Scientific Literature,Displacement of fluorophore-labeled mepyramine from Nluc-tagged human H1R expressed in HEK293T cells incubated for 2 hrs by NanoBRET competition binding assay,B,Homo sapiens,,J Med Chem,2022.0,Histamine H1 receptor,Ki,nM,6.3,712.89,2.49
CHEMBL5171289,513.0,C[C@H](NC(=O)CNC(=O)CCN1CCC(Oc2ccccc2Cc2ccccc2)CC1)C(=O)N[C@@H](C)C(=O)N[C@H](Cc1ccccc1)C(N)=O,Scientific Literature,Displacement of fluorophore-labeled mepyramine from Nluc-tagged human H1R expressed in HEK293T cells incubated for 2 hrs by NanoBRET competition binding assay,B,Homo sapiens,,J Med Chem,2022.0,Histamine H1 receptor,Ki,nM,6.29,684.84,1.85
CHEMBL5206578,339.0,CC(C)[C@H](NC(=O)CCN1CCC(Oc2ccccc2Cc2ccccc2)CC1)C(=O)N[C@@H](CO)C(=O)N[C@@H](CO)C(=O)N[C@H](Cc1ccccc1)C(N)=O,Scientific Literature,Displacement of fluorophore-labeled mepyramine from Nluc-tagged human H1R expressed in HEK293T cells incubated for 2 hrs by NanoBRET competition binding assay,B,Homo sapiens,,J Med Chem,2022.0,Histamine H1 receptor,Ki,nM,6.47,758.92,0.82
CHEMBL3337894,98.0,COc1cccc(CNC(=O)c2nc3scc(COCc4ccc(C(=O)O)cc4)c3c(=O)[nH]2)c1,EUbOPEN Chemogenomic Library Literature Data,Selectivity interaction (GPCR panel (PDSP screen)) EUB0000729a HRH1,B,Homo sapiens,,,2023.0,Histamine H1 receptor,Ki,nM,7.01,479.51,3.34
CHEMBL5169902,109.65,CC(C)[C@H](NC(=O)CCN1CCC(Oc2ccccc2Cc2ccccc2)CC1)C(=O)N[C@@H](CO)C(=O)N[C@@H](Cc1ccccc1)C(=O)N[C@H](Cc1ccccc1)C(N)=O,Scientific Literature,Displacement of fluorophore-labeled mepyramine from Nluc-tagged human H1R expressed in HEK293T cells incubated for 2 hrs by NanoBRET competition binding assay,B,Homo sapiens,,J Med Chem,2022.0,Histamine H1 receptor,Ki,nM,6.96,819.02,3.07
CHEMBL2171047,19.95,Cc1ccc(S(=O)(=O)NC(=O)N2CCC(N3CCC(Oc4ccc(Cl)c(C)c4Cl)CC3)CC2)cc1,Scientific Literature,Displacement of [3H]pyrilamine from human H1 receptor expressed in CHOK1 cells,B,Homo sapiens,,Bioorg Med Chem Lett,2012.0,Histamine H1 receptor,Ki,nM,7.7,540.51,5.02
CHEMBL2171043,7.943,O=C(NS(=O)(=O)c1cccc(Cl)c1)N1CCC(N2CCC(Oc3ccc(Cl)c(Cl)c3)CC2)CC1,Scientific Literature,Displacement of [3H]pyrilamine from human H1 receptor expressed in CHOK1 cells,B,Homo sapiens,,Bioorg Med Chem Lett,2012.0,Histamine H1 receptor,Ki,nM,8.1,546.9,5.05
CHEMBL2171039,50.12,O=C(NS(=O)(=O)c1ccccc1Cl)N1CCC(N2CCC(Oc3ccc(Cl)c(Cl)c3)CC2)CC1,Scientific Literature,Displacement of [3H]pyrilamine from human H1 receptor expressed in CHOK1 cells,B,Homo sapiens,,Bioorg Med Chem Lett,2012.0,Histamine H1 receptor,Ki,nM,7.3,546.9,5.05
CHEMBL2171038,50.12,Cc1ccccc1S(=O)(=O)NC(=O)N1CCC(N2CCC(Oc3ccc(Cl)c(Cl)c3)CC2)CC1,Scientific Literature,Displacement of [3H]pyrilamine from human H1 receptor expressed in CHOK1 cells,B,Homo sapiens,,Bioorg Med Chem Lett,2012.0,Histamine H1 receptor,Ki,nM,7.3,526.49,4.71
CHEMBL2171037,19.95,CN(C)c1ccc(S(=O)(=O)NC(=O)N2CCC(N3CCC(Oc4ccc(Cl)c(Cl)c4)CC3)CC2)cc1,Scientific Literature,Displacement of [3H]pyrilamine from human H1 receptor expressed in CHOK1 cells,B,Homo sapiens,,Bioorg Med Chem Lett,2012.0,Histamine H1 receptor,Ki,nM,7.7,555.53,4.47
CHEMBL2205812,3839.0,COc1ccc(CCN2C3C4C5CC6C7C5C3C7C2(O)C64)cc1,Scientific Literature,Binding affinity to Histamine H1 receptor,B,,,Bioorg Med Chem Lett,2012.0,Histamine H1 receptor,Ki,nM,5.42,309.41,2.0
CHEMBL285802,3.4,CN(C)CCOC1=Cc2ccccc2Sc2ccc(Cl)cc21,Scientific Literature,Binding affinity towards human histamine H1 receptor,B,,,J Med Chem,2004.0,Histamine H1 receptor,Ki,nM,8.47,331.87,4.88
CHEMBL517140,2511.89,CNC(=O)c1ccc(Oc2ccc3c(c2)CCN(C2CCC2)CC3)nc1,Scientific Literature,Binding affinity to human histamine H1 receptor,B,Homo sapiens,,Bioorg Med Chem Lett,2013.0,Histamine H1 receptor,Ki,nM,,351.45,3.19
CHEMBL2208420,12.59,N#Cc1cccc(OCCCN2CCC(Oc3ccc(Cl)c(Cl)c3)CC2)c1,Scientific Literature,Displacement of [3H]-pyrilamine from human histamine H1 receptor expressed in recombinant CHOK1 cells after 1 hr,B,Homo sapiens,,Bioorg Med Chem Lett,2012.0,Histamine H1 receptor,Ki,nM,7.9,405.33,5.18
CHEMBL2171035,19.95,O=C(NS(=O)(=O)c1ccc(Cl)cc1)N1CCC(N2CCC(Oc3ccc(Cl)c(Cl)c3)CC2)CC1,Scientific Literature,Displacement of [3H]pyrilamine from human H1 receptor expressed in CHOK1 cells,B,Homo sapiens,,Bioorg Med Chem Lett,2012.0,Histamine H1 receptor,Ki,nM,7.7,546.9,5.05
CHEMBL85,2.87,Cc1nc2n(c(=O)c1CCN1CCC(c3noc4cc(F)ccc34)CC1)CCCC2,DrugMatrix,"DRUGMATRIX: Histamine H1, Central radioligand binding (ligand: [3H] Pyrilamine)",B,,,,,Histamine H1 receptor,Ki,nM,8.54,410.49,3.59
CHEMBL5418283,1303.0,COc1ccc(N2CCN(CCCCNC(=O)c3n[nH]c4ccccc34)CC2)cc1,Scientific Literature,Displacement of [3H]-Pyrilamine from human histamine H1 expressed in CHO-K1 cells membrane incubated for 1 hr by microbeta liquid scintillation counting analysis,B,Homo sapiens,,Eur J Med Chem,2023.0,Histamine H1 receptor,Ki,nM,5.88,407.52,2.9
CHEMBL85606,630.96,N#Cc1ccc2c(c1)CCN(CC[C@H]1CC[C@H](NC(=O)c3ccnc4ccccc34)CC1)C2,Scientific Literature,Antagonist activity at histamine H1 receptor by FLIPR assay,F,,,Bioorg Med Chem Lett,2008.0,Histamine H1 receptor,Ki,nM,6.2,438.58,4.84
CHEMBL1172,0.97,Clc1ccc2c(c1)CCc1cccnc1C2=C1CCNCC1,Scientific Literature,Binding affinity towards human histamine H1 receptor expressed in CHO-K1 cells,B,Homo sapiens,,Bioorg Med Chem Lett,2004.0,Histamine H1 receptor,Ki,nM,9.01,310.83,4.02
CHEMBL1172,1.585,Clc1ccc2c(c1)CCc1cccnc1C2=C1CCNCC1,Scientific Literature,Displacement of [3H]mepyramine from N-terminal HA-tagged H1R (unknown origin) expressed in HEK293T cells measured after 4 hrs by microbeta scintillation counting method,B,Homo sapiens,,J Med Chem,2019.0,Histamine H1 receptor,Ki,nM,8.8,310.83,4.02
CHEMBL260374,10000.0,S=C(NC1CCCCC1)N1CCC(c2cnc[nH]2)CC1,Scientific Literature,Displacement of [3H]pyrilamine from human H1 receptor expressed in CHO cell membrane after 120 mins by liquid scintillation counting analysis,B,Homo sapiens,,Eur J Med Chem,2014.0,Histamine H1 receptor,Ki,nM,,292.45,2.8
CHEMBL511,0.432,COc1ccc(CN(CCN(C)C)c2ccccn2)cc1,DrugMatrix,"DRUGMATRIX: Histamine H1, Central radioligand binding (ligand: [3H] Pyrilamine)",B,,,,,Histamine H1 receptor,Ki,nM,9.37,285.39,2.66
CHEMBL4289498,630.1,O=C(CCCN1CCC(c2noc3cc(F)ccc23)CC1)c1cc2c3c(c1)CCN3C(=O)CC2,Scientific Literature,Binding affinity to histamine H1 receptor (unknown origin),A,Homo sapiens,,Bioorg Med Chem Lett,2021.0,Histamine H1 receptor,Ki,nM,6.2,461.54,4.64
CHEMBL42,1.8,CN1CCN(C2=Nc3cc(Cl)ccc3Nc3ccccc32)CC1,Scientific Literature,Binding affinity to human cloned histamine H1 receptor,B,Homo sapiens,,Bioorg Med Chem,2008.0,Histamine H1 receptor,Ki,nM,8.74,326.83,3.72
CHEMBL716,10.0,OCCOCCN1CCN(C2=Nc3ccccc3Sc3ccccc32)CC1,Scientific Literature,Binding affinity to H1 histamine receptor (unknown origin) by PDSP assay,B,Homo sapiens,,Medchemcomm,2012.0,Histamine H1 receptor,Ki,nM,8.0,383.52,2.86
CHEMBL511,1.7,COc1ccc(CN(CCN(C)C)c2ccccn2)cc1,Scientific Literature,Displacement of [3H]pyrilamine from human histamine H1 receptor expressed in HEK-293 cells,B,Homo sapiens,,Eur J Med Chem,2015.0,Histamine H1 receptor,Ki,nM,8.77,285.39,2.66
CHEMBL14638,2511.89,O=C(c1ccc(OCCCc2c[nH]cn2)cc1)C1CC1,Scientific Literature,Antagonist activity at human recombinant histamine H1 receptor expressed in CHO cells assessed as inhibition of histamine-induced effect by FLIPR assay,B,Homo sapiens,,Bioorg Med Chem Lett,2013.0,Histamine H1 receptor,Ki,nM,,270.33,3.01
CHEMBL2146484,0.3548,CN1CCC[C@@H]1Cn1nc(Cc2ccc(Cl)cc2)c2cccnc2c1=O,Scientific Literature,Antagonist activity at human H1 receptor expressed in CHO cells assessed as inhibition of calcium mobilization by FLIPR assay,F,Homo sapiens,,Bioorg Med Chem,2012.0,Histamine H1 receptor,Ki,nM,9.45,368.87,3.13
CHEMBL5196026,1023.29,C[C@H](NC(=O)[C@H](C)NC(=O)[C@H](CC(=O)O)NC(=O)CCN1CCC(Oc2ccccc2Cc2ccccc2)CC1)C(=O)N[C@H](Cc1ccccc1)C(N)=O,Scientific Literature,Displacement of fluorophore-labeled mepyramine from Nluc-tagged human H1R expressed in HEK293T cells incubated for 2 hrs by NanoBRET competition binding assay,B,Homo sapiens,,J Med Chem,2022.0,Histamine H1 receptor,Ki,nM,5.99,742.87,1.69
CHEMBL5192441,692.0,CC(C)[C@H](NC(=O)CCN1CCC(Oc2ccccc2Cc2ccccc2)CC1)C(=O)N[C@@H](Cc1cnc[nH]1)C(=O)N[C@@H](C)C(=O)N[C@H](Cc1ccccc1)C(N)=O,Scientific Literature,Displacement of fluorophore-labeled mepyramine from Nluc-tagged human H1R expressed in HEK293T cells incubated for 2 hrs by NanoBRET competition binding assay,B,Homo sapiens,,J Med Chem,2022.0,Histamine H1 receptor,Ki,nM,6.16,792.98,2.82
CHEMBL1767164,10.0,O=c1c2ccccc2c(Cc2ccc(Cl)cc2)nn1C[C@H]1CCCN1CCCCc1ccc(OCCCN2CCCCCC2)cc1,Scientific Literature,Antagonist activity at human Histamine H1 receptor expressed in CHO cells assessed as inhibition of histamine-induced calcium flux preincubated for 30 mins followed by histamine addition by Fluo-4-AM dye based FLIPR assay,F,Homo sapiens,,Bioorg Med Chem Lett,2016.0,Histamine H1 receptor,Ki,nM,8.0,641.3,7.77
CHEMBL3921827,79.43,c1cnc2c(N3CCN(CCCc4ccc(OCCCN5CCCCCC5)cc4)CC3)cccc2c1,Scientific Literature,Antagonist activity at human Histamine H1 receptor expressed in CHO cells assessed as inhibition of histamine-induced calcium flux preincubated for 30 mins followed by histamine addition by Fluo-4-AM dye based FLIPR assay,F,Homo sapiens,,Bioorg Med Chem Lett,2016.0,Histamine H1 receptor,Ki,nM,7.1,486.7,5.63
CHEMBL2171040,19.95,COc1ccccc1S(=O)(=O)NC(=O)N1CCC(N2CCC(Oc3ccc(Cl)c(Cl)c3)CC2)CC1,Scientific Literature,Displacement of [3H]pyrilamine from human H1 receptor expressed in CHOK1 cells,B,Homo sapiens,,Bioorg Med Chem Lett,2012.0,Histamine H1 receptor,Ki,nM,7.7,542.49,4.41
CHEMBL3753967,1905.46,CN1CCN(c2nc(NCc3ccccc3)nc3c2-c2ccccc2CC3)CC1,Scientific Literature,Displacement of [3H]mepyramine from human histamine 1 receptor expressed in Sf9 cell membranes by liquid scintillation counting,B,Homo sapiens,,Bioorg Med Chem Lett,2016.0,Histamine H1 receptor,Ki,nM,5.72,385.52,3.61
CHEMBL3754008,4168.69,COc1ccc(CNc2cc(-c3ccccc3)nc(N3CCN(C)CC3)n2)cc1,Scientific Literature,Displacement of [3H]mepyramine from human histamine 1 receptor expressed in Sf9 cell membranes by liquid scintillation counting,B,Homo sapiens,,Bioorg Med Chem Lett,2016.0,Histamine H1 receptor,Ki,nM,5.38,389.5,3.52
CHEMBL3752270,2089.3,CN1CCN(c2nc(NCc3ccccc3)nc3c2CCc2ccccc2-3)CC1,Scientific Literature,Displacement of [3H]mepyramine from human histamine 1 receptor expressed in Sf9 cell membranes by liquid scintillation counting,B,Homo sapiens,,Bioorg Med Chem Lett,2016.0,Histamine H1 receptor,Ki,nM,5.68,385.52,3.61
CHEMBL554031,1995262314968.88,NCCCCCCc1c[nH]cn1,Scientific Literature,Inhibitory activity against human Histamine H1 receptor,B,,,J Med Chem,2003.0,Histamine H1 receptor,Ki,nM,,167.26,1.47
CHEMBL3461530,44.0,Cc1cccc(N2CCN(CCCNC(=O)c3cn[nH]c3C)CC2)c1,Scientific Literature,Displacement of [3H]pyrilamine from human HRH1 expressed in HEK cell membranes after 90 mins by scintillation counting method,B,Homo sapiens,,J Med Chem,2018.0,Histamine H1 receptor,Ki,nM,7.36,341.46,1.97
CHEMBL2158783,39.81,Cc1c(Cl)ccc(OC2CCN(CC3CCN([C@@H](Cc4ccc(F)cc4)C(=O)O)CC3)CC2)c1Cl,Scientific Literature,Binding affinity to histamine H1 receptor,B,,,Bioorg Med Chem Lett,2012.0,Histamine H1 receptor,Ki,nM,7.4,523.48,5.69
CHEMBL2171027,79.43,O=C(O)CCCS(=O)(=O)c1cccc(C(=O)N2CCC(N3CCC(Oc4ccc(Cl)c(Cl)c4)CC3)CC2)c1,Scientific Literature,Displacement of [3H]pyrilamine from human H1 receptor expressed in CHOK1 cells,B,Homo sapiens,,Bioorg Med Chem Lett,2012.0,Histamine H1 receptor,Ki,nM,7.1,583.53,4.78
CHEMBL1633,1.13,CN1CCC(=C2c3ccccc3CC(=O)c3sccc32)CC1.O=C(O)/C=C/C(=O)O,EUbOPEN Chemogenomic Library,"PDSP Secondary Binding target: HRH1 - Compounds are tested at 10 uM concentration, plate are incubated at room temperature in the dark for 90 minutes. Reaction are stopped by vacuum filtration onto 0.3% polyethyleneimine soaked filter mats using Filtermate harvester. Scintillation cocktail is then melted onto microwave-dried filters on a hot plate and the radio activity is counted in Microbia counter. Compounds showing a minimum of 50% inhibition at 10 uM concentration are carried forward in this secondary binding assay to determine equilibrium binding affinity.",B,Homo sapiens,,,2024.0,Histamine H1 receptor,Ki,nM,8.95,425.51,4.01
CHEMBL1935445,95.0,Fc1ccc(Cn2c(C3CNCCS3)nc3ccccc32)cc1,Scientific Literature,Antagonist activity at histamine H1 receptor,F,,,Bioorg Med Chem Lett,2012.0,Histamine H1 receptor,Ki,nM,7.02,327.43,3.6
CHEMBL1112,100.0,O=C1CCc2ccc(OCCCCN3CCN(c4cccc(Cl)c4Cl)CC3)cc2N1,Scientific Literature,Binding affinity to H1 histamine receptor (unknown origin) by PDSP assay,B,Homo sapiens,,Medchemcomm,2012.0,Histamine H1 receptor,Ki,nM,7.0,448.39,4.86
CHEMBL90,79432.82,NCCc1c[nH]cn1,Scientific Literature,Displacement of [3H]mepyramine from human histamine H1 receptor S3.36T mutant expressed in COS-7 cells by liquid scintillation counting,B,Homo sapiens,,Nat Chem Biol,2005.0,Histamine H1 receptor,Ki,nM,4.1,111.15,-0.09
CHEMBL556506,1.3,C[C@H](C1=C(CCN(C)C)Cc2ccccc21)c1cnccn1,Scientific Literature,Binding affinity to histamine H1 receptor,B,,,Bioorg Med Chem Lett,2011.0,Histamine H1 receptor,Ki,nM,8.89,293.41,3.54
CHEMBL708,15.0,O=C1Cc2cc(CCN3CCN(c4nsc5ccccc45)CC3)c(Cl)cc2N1,BindingDB Patent Bioactivity Data,"Binding Assay: Binding assay using 5-HT2A, Dopamine D2, SERT, Î±A1, 5-HT2C and H1 Receptors.",B,Homo sapiens,,,2013.0,Histamine H1 receptor,Ki,nM,7.82,412.95,3.81
CHEMBL4741145,10000.0,O=C(c1ccc(F)cc1)c1ccc(OCCCN2CCN(c3ccncc3)CC2)cc1,Scientific Literature,Displacement of [3H]mepyramine from human H1R expressed in Sf9 cell membranes co-expressing RGS4 measured after 60 mins by scintillation counting analysis,B,Homo sapiens,,Eur J Med Chem,2021.0,Histamine H1 receptor,Ki,nM,,419.5,4.04
CHEMBL71,4.25,CN(C)CCCN1c2ccccc2Sc2ccc(Cl)cc21,Scientific Literature,Displacement of [3H]pyrilamine from human histamine H1 receptor expressed in CHO cells,B,Homo sapiens,,Bioorg Med Chem Lett,2009.0,Histamine H1 receptor,Ki,nM,8.37,318.87,4.89
CHEMBL11,10.0,CN(C)CCCN1c2ccccc2CCc2ccccc21,Scientific Literature,Binding affinity to H1 receptor (unknown origin),B,Homo sapiens,,Bioorg Med Chem Lett,2020.0,Histamine H1 receptor,Ki,nM,8.0,280.42,3.88
CHEMBL592752,0.58,Cc1ccc2c(c1)c1c(n2CCc2ccccc2)CCN(C)C1,Scientific Literature,Binding affinity to histamine H1 receptor (unknown origin) assessed as inhibition constant,B,Homo sapiens,,Eur J Med Chem,2022.0,Histamine H1 receptor,Ki,nM,9.24,304.44,4.18
CHEMBL296419,1.611,COc1ccc(CCN2CCC(Nc3nc4ccccc4n3Cc3ccc(F)cc3)CC2)cc1,DrugMatrix,"DRUGMATRIX: Histamine H1, Central radioligand binding (ligand: [3H] Pyrilamine)",B,,,,,Histamine H1 receptor,Ki,nM,8.79,458.58,5.35
CHEMBL14638,10000.0,O=C(c1ccc(OCCCc2c[nH]cn2)cc1)C1CC1,Scientific Literature,Displacement of [3H]mepyramine from human histamine H1 receptor,B,Homo sapiens,,J Med Chem,2008.0,Histamine H1 receptor,Ki,nM,,270.33,3.01
CHEMBL42,1.8,CN1CCN(C2=Nc3cc(Cl)ccc3Nc3ccccc32)CC1,Scientific Literature,Displacement of [3H]pyrilamine from human H1 receptor by liquid scintillation counting,B,Homo sapiens,,Bioorg Med Chem,2012.0,Histamine H1 receptor,Ki,nM,8.74,326.83,3.72
CHEMBL5172913,4000.0,CCOc1ccc(F)cc1NC(=O)c1ccccc1NS(=O)(=O)C1CC1,Scientific Literature,Binding affinity to H1 receptor (unknown origin),B,Homo sapiens,,ACS Med Chem Lett,2022.0,Histamine H1 receptor,Ki,nM,,378.43,3.38
CHEMBL4761843,10000.0,CCCCN(CCCC)C(=O)CN1C[C@H](c2cc(OC)c3c(c2)OCO3)[C@@H](C(=O)O)[C@@H]1CC(C)(C)CCC.Cc1ccc(S(=O)(=O)O)cc1,EUbOPEN Chemogenomic Library Literature Data,Selectivity interaction (GPCR panel (PDSP screen)) EUB0000348aPTSA HRH1,B,Homo sapiens,,,2023.0,Histamine H1 receptor,Ki,nM,,704.93,5.54
CHEMBL90,1000000.0,NCCc1c[nH]cn1,Scientific Literature,Displacement of [3H]mepyramine from human histamine H1 receptor S3.36A mutant expressed in COS-7 cells by liquid scintillation counting,B,Homo sapiens,,Nat Chem Biol,2005.0,Histamine H1 receptor,Ki,nM,,111.15,-0.09
CHEMBL96467,54.0,C[C@@H]1OC(=O)N(C(=O)NCCCN2CCC(c3ccc(F)cc3)CC2)[C@H]1c1ccc(F)c(F)c1,Scientific Literature,"Binding affinity towards Histamine H1 receptor in human brain tissue preparation, using [3H]rauwolscine as radioligand.",B,,Brain,J Med Chem,2000.0,Histamine H1 receptor,Ki,nM,7.27,475.51,4.97
CHEMBL1189234,10000.0,OC12C3C4CC5C6C4C1C6C(C53)N2Cc1ccccc1,Scientific Literature,Binding affinity to Histamine H1 receptor,B,,,Bioorg Med Chem Lett,2012.0,Histamine H1 receptor,Ki,nM,,265.36,1.95
CHEMBL2171014,19.95,Cc1c(Cl)ccc(OC2CCN(C3CCN(C(=O)NS(=O)(=O)c4ccc(N(C)C)cc4)CC3)CC2)c1Cl,Scientific Literature,Displacement of [3H]pyrilamine from human H1 receptor expressed in CHOK1 cells,B,Homo sapiens,,Bioorg Med Chem Lett,2012.0,Histamine H1 receptor,Ki,nM,7.7,569.56,4.77
CHEMBL715,10.0,Cc1cc2c(s1)Nc1ccccc1N=C2N1CCN(C)CC1,Scientific Literature,Binding affinity to H1 histamine receptor (unknown origin) by PDSP assay,B,Homo sapiens,,Medchemcomm,2012.0,Histamine H1 receptor,Ki,nM,8.0,312.44,3.44
CHEMBL2171034,50.12,O=C(NS(=O)(=O)c1ccc(F)cc1)N1CCC(N2CCC(Oc3ccc(Cl)c(Cl)c3)CC2)CC1,Scientific Literature,Displacement of [3H]pyrilamine from human H1 receptor expressed in CHOK1 cells,B,Homo sapiens,,Bioorg Med Chem Lett,2012.0,Histamine H1 receptor,Ki,nM,7.3,530.45,4.54
CHEMBL556506,1.3,C[C@H](C1=C(CCN(C)C)Cc2ccccc21)c1cnccn1,Scientific Literature,Binding affinity at histamine H1 receptor,B,,,Bioorg Med Chem Lett,2010.0,Histamine H1 receptor,Ki,nM,8.89,293.41,3.54
CHEMBL2171013,2.512,Cc1ccc(S(=O)(=O)N(C)C(=O)N2CCC(N3CCC(Oc4ccc(Cl)c(Cl)c4)CC3)CC2)cc1,Scientific Literature,Displacement of [3H]pyrilamine from human H1 receptor expressed in CHOK1 cells,B,Homo sapiens,,Bioorg Med Chem Lett,2012.0,Histamine H1 receptor,Ki,nM,8.6,540.51,5.05
CHEMBL2171024,125.89,O=C(O)c1cccc(C(=O)N2CCC(N3CCC(Oc4ccc(Cl)c(Cl)c4)CC3)CC2)c1,Scientific Literature,Displacement of [3H]pyrilamine from human H1 receptor expressed in CHOK1 cells,B,Homo sapiens,,Bioorg Med Chem Lett,2012.0,Histamine H1 receptor,Ki,nM,6.9,477.39,4.84
CHEMBL90,2398.83,NCCc1c[nH]cn1,Scientific Literature,Displacement of [3H] mepyramine from human histamine H1 receptor stably expressed in baculovirus infected Sf9 cell membrane co-expressing RGS4 incubated for 60 mins by scintillation counting analysis,B,Homo sapiens,,J Med Chem,2021.0,Histamine H1 receptor,Ki,nM,5.62,111.15,-0.09
CHEMBL6437,0.175,CN1CCN2c3ccccc3Cc3ccccc3C2C1,DrugMatrix,"DRUGMATRIX: Histamine H1, Central radioligand binding (ligand: [3H] Pyrilamine)",B,,,,,Histamine H1 receptor,Ki,nM,9.76,264.37,3.08
CHEMBL479,8.412,CSc1ccc2c(c1)N(CCC1CCCCN1C)c1ccccc1S2,DrugMatrix,"DRUGMATRIX: Histamine H1, Central radioligand binding (ligand: [3H] Pyrilamine)",B,,,,,Histamine H1 receptor,Ki,nM,8.07,370.59,5.89
CHEMBL5431642,1140.0,O=C(NCCCCN1CCN(c2ccc(F)cc2)CC1)c1n[nH]c2ccccc12,Scientific Literature,Displacement of [3H]-Pyrilamine from human histamine H1 expressed in CHO-K1 cells membrane incubated for 1 hr by microbeta liquid scintillation counting analysis,B,Homo sapiens,,Eur J Med Chem,2023.0,Histamine H1 receptor,Ki,nM,5.94,395.48,3.03
CHEMBL855,1.6,Cc1ccc(/C(=C\CN2CCCC2)c2ccccn2)cc1,Scientific Literature,Displacement of [3H]pyrilamine from histamine H1 receptor,B,,,J Nat Prod,1993.0,Histamine H1 receptor,Ki,nM,8.8,278.4,3.92
CHEMBL2158774,79.43,Cc1ccc(C[C@@H](C(=O)O)N2CCC(CN3CCC(Oc4ccc(Cl)c(Cl)c4)CC3)CC2)cc1,Scientific Literature,Binding affinity to histamine H1 receptor,B,,,Bioorg Med Chem Lett,2012.0,Histamine H1 receptor,Ki,nM,7.1,505.49,5.55
CHEMBL564144,4000.0,C[C@@H](c1ccccn1)c1c(CCN(C)C)sc2ccccc12,Scientific Literature,Displacement of [3H]pyrilamine from human histamine H1 receptor expressed in CHO Flp-In cells after 90 mins by scintillation counting,B,Homo sapiens,,Bioorg Med Chem Lett,2010.0,Histamine H1 receptor,Ki,nM,,310.47,4.55
CHEMBL193639,0.6,CN(C)C[C@H]1CC2c3ccccc3Sc3ccc(F)cc3[C@H]2O1,Scientific Literature,Inhibition of [3H]pyrilamine binding to human Histamine H1 receptor ,B,Homo sapiens,,J Med Chem,2005.0,Histamine H1 receptor,Ki,nM,9.22,329.44,4.47
CHEMBL654,1.6,CN1CCN2c3ncccc3Cc3ccccc3C2C1,Scientific Literature,Inhibition of [3H]pyrilamine binding to human Histamine H1 receptor ,B,Homo sapiens,,J Med Chem,2005.0,Histamine H1 receptor,Ki,nM,8.8,265.36,2.48
CHEMBL3964404,31.62,CNCCCOc1ccccc1Cc1ccccc1.O=C(O)/C=C/C(=O)O,Scientific Literature,Displacement of [3H]mepyramine from human wild type N-terminal hemagglutinin-tagged histamine H1 receptor expressed in HEK293T cells after 4 hrs by microbeta liquid scintillation counting analysis,B,Homo sapiens,,J Med Chem,2016.0,Histamine H1 receptor,Ki,nM,7.5,371.43,3.27
CHEMBL305660,3.287,CC(C)(C)c1ccc(C(=O)CCCN2CCC(OC(c3ccccc3)c3ccccc3)CC2)cc1,DrugMatrix,"DRUGMATRIX: Histamine H1, Central radioligand binding (ligand: [3H] Pyrilamine)",B,,,,,Histamine H1 receptor,Ki,nM,8.48,469.67,7.22
CHEMBL2413154,1030.0,COc1ccccc1N1CCN(CCCCn2ncc(=O)n(C)c2=O)CC1,Scientific Literature,Binding affinity to histamine H1 receptor (unknown origin),B,Homo sapiens,,Bioorg Med Chem,2013.0,Histamine H1 receptor,Ki,nM,5.99,373.46,0.55
CHEMBL71,1.957,CN(C)CCCN1c2ccccc2Sc2ccc(Cl)cc21,DrugMatrix,"DRUGMATRIX: Histamine H1, Central radioligand binding (ligand: [3H] Pyrilamine)",B,,,,,Histamine H1 receptor,Ki,nM,8.71,318.87,4.89
CHEMBL2158835,50.12,O=C(O)[C@H](Cc1ccccc1)N1CCC(CN2CCC(Oc3ccc(Cl)c(Cl)c3)CC2)CC1,Scientific Literature,Binding affinity to histamine H1 receptor,B,,,Bioorg Med Chem Lett,2012.0,Histamine H1 receptor,Ki,nM,7.3,491.46,5.24
CHEMBL715,2.0,Cc1cc2c(s1)Nc1ccccc1N=C2N1CCN(C)CC1,Scientific Literature,Inhibition of histamine H1 receptor (unknown origin),B,Homo sapiens,,J Med Chem,2014.0,Histamine H1 receptor,Ki,nM,8.7,312.44,3.44
CHEMBL2171020,25.12,O=C(c1c[nH]c(=O)c2ccccc12)N1CCC(N2CCC(Oc3ccc(Cl)c(Cl)c3)CC2)CC1,Scientific Literature,Displacement of [3H]pyrilamine from human H1 receptor expressed in CHOK1 cells,B,Homo sapiens,,Bioorg Med Chem Lett,2012.0,Histamine H1 receptor,Ki,nM,7.6,500.43,4.98
CHEMBL1189234,10000.0,OC12C3C4CC5C6C4C1C6C(C53)N2Cc1ccccc1,Scientific Literature,Inhibition of histamine H1 receptor (unknown origin) by PDSP assay,B,Homo sapiens,,Bioorg Med Chem,2013.0,Histamine H1 receptor,Ki,nM,,265.36,1.95
CHEMBL3187365,1.0,CN1CC2c3ccccc3Oc3ccc(Cl)cc3C2C1,Scientific Literature,Binding affinity to H1 histamine receptor (unknown origin),B,Homo sapiens,,Bioorg Med Chem Lett,2021.0,Histamine H1 receptor,Ki,nM,9.0,285.77,4.26
CHEMBL415,9.827,CN(C)CCCN1c2ccccc2CCc2ccc(Cl)cc21,DrugMatrix,"DRUGMATRIX: Histamine H1, Central radioligand binding (ligand: [3H] Pyrilamine)",B,,,,,Histamine H1 receptor,Ki,nM,8.01,314.86,4.53
CHEMBL4531334,2154.79,CN1CCN(C(=O)C(C)(C)c2ccc(C(=O)Nc3cn4cc(-c5ccncc5)ccc4n3)cc2)CC1,EUbOPEN Chemogenomic Library Literature Data,Selectivity interaction (GPCR panel (PDSP screen)) EUB0000321b HRH1,B,Homo sapiens,,,2023.0,Histamine H1 receptor,Ki,nM,5.67,482.59,3.7
CHEMBL17157,2.587,CC(C)(C)c1ccc(C(O)CCCN2CCC(C(O)(c3ccccc3)c3ccccc3)CC2)cc1,DrugMatrix,"DRUGMATRIX: Histamine H1, Central radioligand binding (ligand: [3H] Pyrilamine)",B,,,,,Histamine H1 receptor,Ki,nM,8.59,471.69,6.45
CHEMBL2028019,23.2,CN(C)C(=O)N[C@H]1CC[C@H](CCN2CCN(c3cccc(Cl)c3Cl)CC2)CC1,Scientific Literature,Displacement of [3H]-pyrilamine from human H1 histamine receptor expressed in human HEK293 cells,B,Homo sapiens,,Bioorg Med Chem Lett,2021.0,Histamine H1 receptor,Ki,nM,7.63,427.42,4.34
CHEMBL5291469,10.0,O=C(NCCN1CCC[C@@H]1Cn1nc(Cc2ccc(Cl)cc2)c2ccccc2c1=O)C1CCOCC1.O=C(O)C(F)(F)F,Scientific Literature,Antagonist activity against recombinant human H1 receptor expressed in CHO cells incubated for 30 mins by FLIPR analysis,B,Homo sapiens,,ACS Med Chem Lett,2017.0,Histamine H1 receptor,Ki,nM,8.0,623.07,3.65
CHEMBL395110,3.126,CN1CCCC(CN2c3ccccc3Sc3ccccc32)C1,DrugMatrix,"DRUGMATRIX: Histamine H1, Central radioligand binding (ligand: [3H] Pyrilamine)",B,,,,,Histamine H1 receptor,Ki,nM,8.51,310.47,4.63
CHEMBL1935445,4.0,Fc1ccc(Cn2c(C3CNCCS3)nc3ccccc32)cc1,Scientific Literature,Antagonist activity at histamine H1 receptor,F,,,Bioorg Med Chem Lett,2012.0,Histamine H1 receptor,Ki,nM,8.4,327.43,3.6
CHEMBL2391541,1258.93,C=CCN(CC=C)CCc1c[nH]c2ccc(OC)cc12,Scientific Literature,Displacement of [3H]Pyrilamine from human recombinant histamine H1 receptor expressed in HEK293 cells after 1 to 1.5 hrs by scintillation counting analysis,B,Homo sapiens,,Bioorg Med Chem Lett,2013.0,Histamine H1 receptor,Ki,nM,5.9,270.38,3.39
CHEMBL91397,3.981,Cc1cncc(CN2CCC(=C3c4ccc(Cl)cc4CCc4cccnc43)CC2)c1,Scientific Literature,Displacement of [3H]mepyramine from N-terminal HA-tagged H1R (unknown origin) expressed in HEK293T cells measured after 4 hrs by microbeta scintillation counting method,B,Homo sapiens,,J Med Chem,2019.0,Histamine H1 receptor,Ki,nM,8.4,415.97,5.63
CHEMBL716,4.599,OCCOCCN1CCN(C2=Nc3ccccc3Sc3ccccc32)CC1,DrugMatrix,"DRUGMATRIX: Histamine H1, Central radioligand binding (ligand: [3H] Pyrilamine)",B,,,,,Histamine H1 receptor,Ki,nM,8.34,383.52,2.86
CHEMBL2158836,100.0,O=C(O)[C@@H](Cc1ccccc1)N1CCC(CN2CCC(Oc3ccc(Cl)c(Cl)c3)CC2)CC1,Scientific Literature,Binding affinity to histamine H1 receptor,B,,,Bioorg Med Chem Lett,2012.0,Histamine H1 receptor,Ki,nM,7.0,491.46,5.24
CHEMBL1090526,0.7,COc1nccnc1[C@H](C)C1=C(CCN(C)C)Cc2cc(F)ccc21,Scientific Literature,Binding affinity at histamine H1 receptor,B,,,Bioorg Med Chem Lett,2010.0,Histamine H1 receptor,Ki,nM,9.15,341.43,3.69
CHEMBL1000,50.12,O=C(O)COCCN1CCN(C(c2ccccc2)c2ccc(Cl)cc2)CC1,Scientific Literature,Displacement of [3H]mepyramine from human wild-type histamine H1 receptor expressed in COS-7 cells by liquid scintillation counting,B,Homo sapiens,,Nat Chem Biol,2005.0,Histamine H1 receptor,Ki,nM,7.3,388.9,3.15
CHEMBL1000,79.43,O=C(O)COCCN1CCN(C(c2ccccc2)c2ccc(Cl)cc2)CC1,Scientific Literature,Displacement of [3H]mepyramine from human histamine H1 receptor N7.45C mutant expressed in COS-7 cells by liquid scintillation counting,B,Homo sapiens,,Nat Chem Biol,2005.0,Histamine H1 receptor,Ki,nM,7.1,388.9,3.15
CHEMBL726,4.662,OCCN1CCN(CCCN2c3ccccc3Sc3ccc(C(F)(F)F)cc32)CC1,DrugMatrix,"DRUGMATRIX: Histamine H1, Central radioligand binding (ligand: [3H] Pyrilamine)",B,,,,,Histamine H1 receptor,Ki,nM,8.33,437.53,4.31
CHEMBL85,32.6,Cc1nc2n(c(=O)c1CCN1CCC(c3noc4cc(F)ccc34)CC1)CCCC2,Scientific Literature,Binding affinity to histamine H1 receptor (unknown origin),A,Homo sapiens,,Bioorg Med Chem Lett,2021.0,Histamine H1 receptor,Ki,nM,7.49,410.49,3.59
CHEMBL12713,0.51,O=C1NCCN1CCN1CCC(c2cn(-c3ccc(F)cc3)c3ccc(Cl)cc23)CC1,Scientific Literature,Displacement of [3H]prozosin from human cloned histamine H1 receptor expressed in CHO cells,B,Homo sapiens,,J Med Chem,2010.0,Histamine H1 receptor,Ki,nM,9.29,440.95,4.63
CHEMBL4520788,1348.96,CNCc1ccccc1-c1csc([C@H](C)Nc2nc(C)nc3cc(OC)c(OC)cc23)c1,SGC Frankfurt - Donated Chemical Probes,GPCRScan assay: inhibition of H1,B,Homo sapiens,,,2021.0,Histamine H1 receptor,Ki,nM,5.87,448.59,5.58
CHEMBL2171048,25.12,Cc1ccc(S(=O)(=O)NC(=O)N2CCC(N3CCC(Oc4ccc(Cl)cc4C)CC3)CC2)cc1,Scientific Literature,Displacement of [3H]pyrilamine from human H1 receptor expressed in CHOK1 cells,B,Homo sapiens,,Bioorg Med Chem Lett,2012.0,Histamine H1 receptor,Ki,nM,7.6,506.07,4.36
CHEMBL896,2.0,OCCOCCN1CCN(C(c2ccccc2)c2ccc(Cl)cc2)CC1,Scientific Literature,Binding affinity to histamine H1 receptor (unknown origin),B,Homo sapiens,,Bioorg Med Chem Lett,2018.0,Histamine H1 receptor,Ki,nM,8.7,374.91,3.06
CHEMBL534,0.1585,CN1CCC(=C2c3ccccc3CC(=O)c3sccc32)CC1,Scientific Literature,Antagonist activity against human histamine H1 receptor expressed in CHO cells by FLIPR assay,F,Homo sapiens,,J Med Chem,2010.0,Histamine H1 receptor,Ki,nM,9.8,309.43,4.01
CHEMBL3337894,100.0,COc1cccc(CNC(=O)c2nc3scc(COCc4ccc(C(=O)O)cc4)c3c(=O)[nH]2)c1,SGC Frankfurt - Donated Chemical Probes,GPCRScan assay: inhibition of H1,B,Homo sapiens,,,2021.0,Histamine H1 receptor,Ki,nM,7.0,479.51,3.34
CHEMBL157138,19.0,CCN(CC)C(=O)N[C@H]1C=C2c3cccc4[nH]cc(c34)C[C@H]2N(C)C1,DrugMatrix,"DRUGMATRIX: Histamine H1, Central radioligand binding (ligand: [3H] Pyrilamine)",B,,,,,Histamine H1 receptor,Ki,nM,7.72,338.46,2.84
CHEMBL451,208.0,CNC1=Nc2ccc(Cl)cc2C(c2ccccc2)=[N+]([O-])C1,DrugMatrix,"DRUGMATRIX: Histamine H1, Central radioligand binding (ligand: [3H] Pyrilamine)",B,,,,,Histamine H1 receptor,Ki,nM,6.68,299.76,2.95
CHEMBL24665,251188643150958.25,NCCc1c[nH]c(-c2cccc(C(F)(F)F)c2)n1,Scientific Literature,Inhibitory activity against human Histamine H1 receptor,B,,,J Med Chem,2003.0,Histamine H1 receptor,Ki,nM,,255.24,2.6
CHEMBL5269671,0.7943,CCCC(=O)NCCN1CCC[C@@H]1Cn1nc(Cc2ccc(Cl)cc2)c2ccccc2c1=O.O=C(O)C(F)(F)F,Scientific Literature,Antagonist activity against recombinant human H1 receptor expressed in CHO cells incubated for 30 mins by FLIPR analysis,B,Homo sapiens,,ACS Med Chem Lett,2017.0,Histamine H1 receptor,Ki,nM,9.1,581.04,4.02
CHEMBL505,4.467,CN(C)CCC(c1ccc(Cl)cc1)c1ccccn1,Scientific Literature,Displacement of [3H]Pyrilamine from histamine H1 receptor (unknown origin),B,Homo sapiens,,Bioorg Med Chem Lett,2014.0,Histamine H1 receptor,Ki,nM,8.35,274.8,3.82
CHEMBL1112,25.1,O=C1CCc2ccc(OCCCCN3CCN(c4cccc(Cl)c4Cl)CC3)cc2N1,Scientific Literature,Displacement of [3H]-pyrilamine from human histamine H1 receptor incubated for 1 hr by liquid scintillation counting method,B,Homo sapiens,,Eur J Med Chem,2022.0,Histamine H1 receptor,Ki,nM,7.6,448.39,4.86
CHEMBL2105760,8.875,O=c1ccc2ccc(OCCCCN3CCN(c4cccc5sccc45)CC3)cc2[nH]1,EUbOPEN Chemogenomic Library,"PDSP Secondary Binding target: HRH1 - Compounds are tested at 10 uM concentration, plate are incubated at room temperature in the dark for 90 minutes. Reaction are stopped by vacuum filtration onto 0.3% polyethyleneimine soaked filter mats using Filtermate harvester. Scintillation cocktail is then melted onto microwave-dried filters on a hot plate and the radio activity is counted in Microbia counter. Compounds showing a minimum of 50% inhibition at 10 uM concentration are carried forward in this secondary binding assay to determine equilibrium binding affinity.",B,Homo sapiens,,,2024.0,Histamine H1 receptor,Ki,nM,8.05,433.58,4.72
CHEMBL502882,1451.44,Cc1c(C2=CCN(C(=O)N(C)C(C)C)CC2)nnn1-c1cccnc1F,EUbOPEN Chemogenomic Library,"PDSP Secondary Binding target: HRH1 - Compounds are tested at 10 uM concentration, plate are incubated at room temperature in the dark for 90 minutes. Reaction are stopped by vacuum filtration onto 0.3% polyethyleneimine soaked filter mats using Filtermate harvester. Scintillation cocktail is then melted onto microwave-dried filters on a hot plate and the radio activity is counted in Microbia counter. Compounds showing a minimum of 50% inhibition at 10 uM concentration are carried forward in this secondary binding assay to determine equilibrium binding affinity.",B,Homo sapiens,,,2024.0,Histamine H1 receptor,Ki,nM,5.84,358.42,2.66
CHEMBL273083,1614.17,CSc1ccc(C(=O)N[C@@H]2CCCC[C@@H]2NC(=O)CNC(=O)c2cc(C(F)(F)F)ccc2NC(=O)NC(C)C)cc1,EUbOPEN Chemogenomic Library,"PDSP Secondary Binding target: HRH1 - Compounds are tested at 10 uM concentration, plate are incubated at room temperature in the dark for 90 minutes. Reaction are stopped by vacuum filtration onto 0.3% polyethyleneimine soaked filter mats using Filtermate harvester. Scintillation cocktail is then melted onto microwave-dried filters on a hot plate and the radio activity is counted in Microbia counter. Compounds showing a minimum of 50% inhibition at 10 uM concentration are carried forward in this secondary binding assay to determine equilibrium binding affinity.",B,Homo sapiens,,,2024.0,Histamine H1 receptor,Ki,nM,5.79,593.67,4.54
CHEMBL150161,1467.0,O=C(CCCN1CCC(O)(c2ccc(Cl)cc2)C1)c1ccc(F)cc1,Scientific Literature,Binding affinity to human cloned histamine H1 receptor by radioligand binding assay,B,Homo sapiens,,Bioorg Med Chem Lett,2006.0,Histamine H1 receptor,Ki,nM,5.83,361.84,4.04
CHEMBL4853466,2650.0,O=C(O)c1cc(-c2ccc(-c3cc(CO)on3)cc2)cc(-n2cc(-c3ccc(C(F)(F)F)cc3)nn2)c1,Scientific Literature,Binding affinity to H1 receptor (unknown origin),B,Homo sapiens,,J Med Chem,2021.0,Histamine H1 receptor,Ki,nM,5.58,506.44,5.47
CHEMBL476109,1014.0,O=C(CCCN1C2CCC1CN(c1ccc(Cl)cc1)CC2)c1ccc(F)cc1,Scientific Literature,Binding affinity to human cloned histamine H1 receptor,B,Homo sapiens,,Bioorg Med Chem,2008.0,Histamine H1 receptor,Ki,nM,5.99,400.93,5.19
CHEMBL715,5.6,Cc1cc2c(s1)Nc1ccccc1N=C2N1CCN(C)CC1,Scientific Literature,Binding affinity towards human H1 receptor,B,,,J Med Chem,2001.0,Histamine H1 receptor,Ki,nM,8.25,312.44,3.44
CHEMBL42,2.38,CN1CCN(C2=Nc3cc(Cl)ccc3Nc3ccccc32)CC1,Scientific Literature,Displacement of [3H]pyrilamine from human histamine H1 receptor expressed in CHO cells,B,Homo sapiens,,Bioorg Med Chem Lett,2009.0,Histamine H1 receptor,Ki,nM,8.62,326.83,3.72
CHEMBL54,440.0,O=C(CCCN1CCC(O)(c2ccc(Cl)cc2)CC1)c1ccc(F)cc1,Scientific Literature,Displacement of [3H]Pyrilamine from human histamine H1 receptor by liquid scintillation counting,B,Homo sapiens,,Bioorg Med Chem Lett,2014.0,Histamine H1 receptor,Ki,nM,6.36,375.87,4.43
CHEMBL2171021,25.12,Cc1c(Cl)ccc(OC2CCN(C3CCN(C(=O)c4cccc(S(C)(=O)=O)c4)CC3)CC2)c1Cl,Scientific Literature,Displacement of [3H]pyrilamine from human H1 receptor expressed in CHOK1 cells,B,Homo sapiens,,Bioorg Med Chem Lett,2012.0,Histamine H1 receptor,Ki,nM,7.6,525.5,4.85
CHEMBL1767164,15.85,O=c1c2ccccc2c(Cc2ccc(Cl)cc2)nn1C[C@H]1CCCN1CCCCc1ccc(OCCCN2CCCCCC2)cc1,Scientific Literature,Binding affinity to human histamine H1 receptor,B,Homo sapiens,,J Med Chem,2011.0,Histamine H1 receptor,Ki,nM,7.8,641.3,7.77
CHEMBL54,440.0,O=C(CCCN1CCC(O)(c2ccc(Cl)cc2)CC1)c1ccc(F)cc1,Scientific Literature,Displacement of [3H]pyrilamine from human H1 receptor by liquid scintillation counting,B,Homo sapiens,,Bioorg Med Chem,2012.0,Histamine H1 receptor,Ki,nM,6.36,375.87,4.43
CHEMBL2431120,1420.0,COc1cc2nc(C3CC3)nc(N3CCN(c4ccccc4OC)CC3)c2cc1OC,Scientific Literature,Binding affinity to histamine H1 receptor (unknown origin),B,Homo sapiens,,ACS Med Chem Lett,2013.0,Histamine H1 receptor,Ki,nM,5.85,420.51,3.86
CHEMBL43064,8.622,C(=C/c1ccccc1)\CN1CCN(C(c2ccccc2)c2ccccc2)CC1,DrugMatrix,"DRUGMATRIX: Histamine H1, Central radioligand binding (ligand: [3H] Pyrilamine)",B,,,,,Histamine H1 receptor,Ki,nM,8.06,368.52,5.11
CHEMBL302196,69183.1,C[C@@H](N)C(=O)N1CCN(CCCOc2ccc(C(=O)C3CC3)cc2)CC1,Scientific Literature,Binding affinity towards Histamine H1 receptor of human membranes.,B,,,Bioorg Med Chem Lett,2002.0,Histamine H1 receptor,Ki,nM,4.16,359.47,1.54
CHEMBL3337895,19.0,COc1cccc(CNC(=O)c2nc3scc(CN(C)Cc4ccccc4)c3c(=O)[nH]2)c1,SGC Frankfurt - Donated Chemical Probes,GPCRScan assay: inhibition of H1,B,Homo sapiens,,,2021.0,Histamine H1 receptor,Ki,nM,7.72,448.55,3.56
CHEMBL5201087,309.03,CC(C)[C@H](NC(=O)CCN1CCC(Oc2ccccc2Cc2ccccc2)CC1)C(=O)N[C@@H](CO)C(=O)N[C@H](C(=O)N[C@H](Cc1ccccc1)C(N)=O)C(C)C,Scientific Literature,Displacement of fluorophore-labeled mepyramine from Nluc-tagged human H1R expressed in HEK293T cells incubated for 2 hrs by NanoBRET competition binding assay,B,Homo sapiens,,J Med Chem,2022.0,Histamine H1 receptor,Ki,nM,6.51,770.97,2.48
CHEMBL5170060,1318.0,C[C@H](NC(=O)[C@H](C)NC(=O)[C@H](Cc1ccccc1)NC(=O)CCN1CCC(Oc2ccccc2Cc2ccccc2)CC1)C(=O)N[C@H](Cc1ccccc1)C(N)=O,Scientific Literature,Displacement of fluorophore-labeled mepyramine from Nluc-tagged human H1R expressed in HEK293T cells incubated for 2 hrs by NanoBRET competition binding assay,B,Homo sapiens,,J Med Chem,2022.0,Histamine H1 receptor,Ki,nM,5.88,774.96,3.46
CHEMBL5196026,1023.0,C[C@H](NC(=O)[C@H](C)NC(=O)[C@H](CC(=O)O)NC(=O)CCN1CCC(Oc2ccccc2Cc2ccccc2)CC1)C(=O)N[C@H](Cc1ccccc1)C(N)=O,Scientific Literature,Displacement of fluorophore-labeled mepyramine from Nluc-tagged human H1R expressed in HEK293T cells incubated for 2 hrs by NanoBRET competition binding assay,B,Homo sapiens,,J Med Chem,2022.0,Histamine H1 receptor,Ki,nM,5.99,742.87,1.69
CHEMBL5201087,309.0,CC(C)[C@H](NC(=O)CCN1CCC(Oc2ccccc2Cc2ccccc2)CC1)C(=O)N[C@@H](CO)C(=O)N[C@H](C(=O)N[C@H](Cc1ccccc1)C(N)=O)C(C)C,Scientific Literature,Displacement of fluorophore-labeled mepyramine from Nluc-tagged human H1R expressed in HEK293T cells incubated for 2 hrs by NanoBRET competition binding assay,B,Homo sapiens,,J Med Chem,2022.0,Histamine H1 receptor,Ki,nM,6.51,770.97,2.48
CHEMBL5192305,186.0,CC(C)[C@H](NC(=O)CCN1CCC(Oc2ccccc2Cc2ccccc2)CC1)C(=O)N[C@@H](CO)C(=O)N[C@@H](CCCCN)C(=O)N[C@H](Cc1ccccc1)C(N)=O,Scientific Literature,Displacement of fluorophore-labeled mepyramine from Nluc-tagged human H1R expressed in HEK293T cells incubated for 2 hrs by NanoBRET competition binding assay,B,Homo sapiens,,J Med Chem,2022.0,Histamine H1 receptor,Ki,nM,6.73,800.01,1.96
CHEMBL998,20.0,CCOC(=O)N1CCC(=C2c3ccc(Cl)cc3CCc3cccnc32)CC1,DrugMatrix,"DRUGMATRIX: Histamine H1, Central radioligand binding (ligand: [3H] Pyrilamine)",B,,,,,Histamine H1 receptor,Ki,nM,7.7,382.89,4.89
CHEMBL5206565,5370.32,N/C(=N\C(=O)NCc1ccccc1)NCCCc1nnc(N)s1.O=C(O)C(F)(F)F.O=C(O)C(F)(F)F,Scientific Literature,Displacement of [3H] mepyramine from human histamine H1 receptor stably expressed in baculovirus infected Sf9 cell membrane co-expressing RGS4 incubated for 60 mins by scintillation counting analysis,B,Homo sapiens,,J Med Chem,2021.0,Histamine H1 receptor,Ki,nM,5.27,561.47,0.87
CHEMBL5204985,125.89,CC(C)[C@H](NC(=O)CCN1CCC(Oc2ccccc2Cc2ccccc2)CC1)C(=O)N[C@@H](CO)C(=O)N[C@@H](Cc1cnc[nH]1)C(=O)N[C@H](Cc1ccccc1)C(N)=O,Scientific Literature,Displacement of fluorophore-labeled mepyramine from Nluc-tagged human H1R expressed in HEK293T cells incubated for 2 hrs by NanoBRET competition binding assay,B,Homo sapiens,,J Med Chem,2022.0,Histamine H1 receptor,Ki,nM,6.9,808.98,1.79
CHEMBL5192305,186.21,CC(C)[C@H](NC(=O)CCN1CCC(Oc2ccccc2Cc2ccccc2)CC1)C(=O)N[C@@H](CO)C(=O)N[C@@H](CCCCN)C(=O)N[C@H](Cc1ccccc1)C(N)=O,Scientific Literature,Displacement of fluorophore-labeled mepyramine from Nluc-tagged human H1R expressed in HEK293T cells incubated for 2 hrs by NanoBRET competition binding assay,B,Homo sapiens,,J Med Chem,2022.0,Histamine H1 receptor,Ki,nM,6.73,800.01,1.96
CHEMBL42,2.1,CN1CCN(C2=Nc3cc(Cl)ccc3Nc3ccccc32)CC1,Scientific Literature,Binding affinity towards human histamine H1 receptor,B,,,J Med Chem,2004.0,Histamine H1 receptor,Ki,nM,8.68,326.83,3.72
CHEMBL708,5.3,O=C1Cc2cc(CCN3CCN(c4nsc5ccccc45)CC3)c(Cl)cc2N1,Scientific Literature,Binding affinity towards human histamine H1 receptor,B,,,J Med Chem,2004.0,Histamine H1 receptor,Ki,nM,8.28,412.95,3.81
CHEMBL32813,6309573444801.94,NCCc1ccccn1,Scientific Literature,Inhibitory activity against human Histamine H1 receptor,B,,,J Med Chem,2003.0,Histamine H1 receptor,Ki,nM,,122.17,0.58
CHEMBL5276489,3.981,O=C(NCCN1CCC[C@@H]1Cn1nc(Cc2ccc(Cl)cc2)c2ccccc2c1=O)C1CCCC1.O=C(O)C(F)(F)F,Scientific Literature,Antagonist activity against recombinant human H1 receptor expressed in CHO cells incubated for 30 mins by FLIPR analysis,B,Homo sapiens,,ACS Med Chem Lett,2017.0,Histamine H1 receptor,Ki,nM,8.4,607.07,4.41
CHEMBL275507,501187233627271.44,NCCc1c[nH]c(CCC(c2ccccc2)c2ccccc2)n1,Scientific Literature,Inhibitory activity against human Histamine H1 receptor,B,,,J Med Chem,2003.0,Histamine H1 receptor,Ki,nM,,305.43,3.68
CHEMBL2171015,100.0,O=C(NS(=O)(=O)N1CCC(N2CCC(Oc3ccc(Cl)c(Cl)c3)CC2)CC1)c1ccccc1,Scientific Literature,Displacement of [3H]pyrilamine from human H1 receptor expressed in CHOK1 cells,B,Homo sapiens,,Bioorg Med Chem Lett,2012.0,Histamine H1 receptor,Ki,nM,7.0,512.46,3.98
CHEMBL914,27.0,CC(C)(C(=O)O)c1ccc(C(O)CCCN2CCC(C(O)(c3ccccc3)c3ccccc3)CC2)cc1,Scientific Literature,Displacement of [3H]pyrilamine from human recombinant histamine H1 receptor expressed in CHO cell by Betaplate scintillation counting,B,Homo sapiens,,Bioorg Med Chem Lett,2009.0,Histamine H1 receptor,Ki,nM,7.57,501.67,5.51
CHEMBL302005,11.0,CN(C)C/C=C1\c2ccccc2COc2ccc(CC(=O)O)cc21,Scientific Literature,Inhibition constant against histamine H1 receptor,B,Homo sapiens,,J Med Chem,2005.0,Histamine H1 receptor,Ki,nM,7.96,323.39,3.2
CHEMBL511,1.6,COc1ccc(CN(CCN(C)C)c2ccccn2)cc1,Scientific Literature,Displacement of [3H]Pyrilamine from human recombinant histamine H1 receptor expressed in CHOK1 cells after 3 hrs,B,Homo sapiens,,Bioorg Med Chem Lett,2013.0,Histamine H1 receptor,Ki,nM,8.8,285.39,2.66
CHEMBL4576555,1901.0,CN1CCN(C(=O)C(C)(C)c2ccc(C(=O)Nc3cn4cc(-c5cc(C(C)(C)C)cc(C(C)(C)C)c5)ccc4n3)cc2)CC1,EUbOPEN Chemogenomic Library Literature Data,Selectivity interaction (GPCR panel (PDSP screen)) EUB0000705a HRH1,B,Homo sapiens,,,2023.0,Histamine H1 receptor,Ki,nM,5.72,593.82,6.9
CHEMBL556450,6.9,Cc1cnn(C2CCN(c3nc4ccccc4n3Cc3ccc(F)cc3)CC2)c1,Scientific Literature,Antagonist activity at histamine H1 receptor,F,,,Bioorg Med Chem Lett,2012.0,Histamine H1 receptor,Ki,nM,8.16,389.48,4.57
CHEMBL2171041,25.12,CN(C)c1ccccc1S(=O)(=O)NC(=O)N1CCC(N2CCC(Oc3ccc(Cl)c(Cl)c3)CC2)CC1,Scientific Literature,Displacement of [3H]pyrilamine from human H1 receptor expressed in CHOK1 cells,B,Homo sapiens,,Bioorg Med Chem Lett,2012.0,Histamine H1 receptor,Ki,nM,7.6,555.53,4.47
CHEMBL2171036,19.95,COc1ccc(S(=O)(=O)NC(=O)N2CCC(N3CCC(Oc4ccc(Cl)c(Cl)c4)CC3)CC2)cc1,Scientific Literature,Displacement of [3H]pyrilamine from human H1 receptor expressed in CHOK1 cells,B,Homo sapiens,,Bioorg Med Chem Lett,2012.0,Histamine H1 receptor,Ki,nM,7.7,542.49,4.41
CHEMBL2171025,15.85,O=C(c1ccc(-c2noc(=O)[nH]2)cc1)N1CCC(N2CCC(Oc3ccc(Cl)c(Cl)c3)CC2)CC1,Scientific Literature,Displacement of [3H]pyrilamine from human H1 receptor expressed in CHOK1 cells,B,Homo sapiens,,Bioorg Med Chem Lett,2012.0,Histamine H1 receptor,Ki,nM,7.8,517.41,4.48
CHEMBL2171022,100.0,O=C(O)COc1cccc(C(=O)N2CCC(N3CCC(Oc4ccc(Cl)c(Cl)c4)CC3)CC2)c1,Scientific Literature,Displacement of [3H]pyrilamine from human H1 receptor expressed in CHOK1 cells,B,Homo sapiens,,Bioorg Med Chem Lett,2012.0,Histamine H1 receptor,Ki,nM,7.0,507.41,4.6
CHEMBL2158831,63.1,O=C(O)c1ccccc1CN1CCC(CN2CCC(Oc3ccc(Cl)c(Cl)c3)CC2)CC1,Scientific Literature,Binding affinity to histamine H1 receptor,B,,,Bioorg Med Chem Lett,2012.0,Histamine H1 receptor,Ki,nM,7.2,477.43,5.45
CHEMBL4531775,10000.0,O=C(NCCCC1CCCCC1)c1ccc(CNC(=O)c2cnn(-c3ccccc3)c2C(F)(F)F)cc1,SGC Frankfurt - Donated Chemical Probes,GPCRScan assay: inhibition of H1,B,Homo sapiens,,,2021.0,Histamine H1 receptor,Ki,nM,,512.58,5.91
CHEMBL3804906,10000.0,CN/C(=N\C#N)NC[C@H]1CC[C@H](c2c[nH]cn2)C1,Scientific Literature,Displacement of [3H]mepyramine from human histamine H1 receptor expressed in sf9 cell membrane co-expressing RGS4 incubated for 60 mins by liquid scintillation counting method,B,Homo sapiens,,J Med Chem,2016.0,Histamine H1 receptor,Ki,nM,,246.32,0.94
CHEMBL4448899,10000.0,Cc1c(NC(=O)c2cc(C(N)=O)nc3cc(F)ccc23)c(C(F)(F)F)nn1Cc1ccc(C#N)cc1,SGC Frankfurt - Donated Chemical Probes,GPCRScan assay: inhibition of H1,B,Homo sapiens,,,2021.0,Histamine H1 receptor,Ki,nM,5.0,496.42,4.17
CHEMBL715,7.0,Cc1cc2c(s1)Nc1ccccc1N=C2N1CCN(C)CC1,Scientific Literature,Binding affinity to H1 histamine receptor (unknown origin),B,Homo sapiens,,Bioorg Med Chem Lett,2021.0,Histamine H1 receptor,Ki,nM,8.15,312.44,3.44
CHEMBL511,1.259,COc1ccc(CN(CCN(C)C)c2ccccn2)cc1,Scientific Literature,Displacement of [3H]mepyramine from human wild type N-terminal hemagglutinin-tagged histamine H1 receptor expressed in HEK293T cells after 4 hrs by microbeta liquid scintillation counting analysis,B,Homo sapiens,,J Med Chem,2016.0,Histamine H1 receptor,Ki,nM,8.9,285.39,2.66
CHEMBL47050,1000.0,OC1(c2ccc(Cl)c(C(F)(F)F)c2)CCN(CCCC(c2ccc(F)cc2)c2ccc(F)cc2)CC1,Scientific Literature,Displacement of [3H]Pyrilamine from human H1 receptor expressed in HEK cells by radioligand binding assay,B,Homo sapiens,,Bioorg Med Chem Lett,2018.0,Histamine H1 receptor,Ki,nM,6.0,523.97,7.53
CHEMBL4448899,10000.0,Cc1c(NC(=O)c2cc(C(N)=O)nc3cc(F)ccc23)c(C(F)(F)F)nn1Cc1ccc(C#N)cc1,SGC Frankfurt - Donated Chemical Probes,GPCRScan assay: inhibition of H1,B,Homo sapiens,,,2021.0,Histamine H1 receptor,Ki,nM,5.0,496.42,4.17
CHEMBL715,3.5,Cc1cc2c(s1)Nc1ccccc1N=C2N1CCN(C)CC1,Scientific Literature,Binding affinity towards human histamine H1 receptor,B,,,J Med Chem,2004.0,Histamine H1 receptor,Ki,nM,8.46,312.44,3.44
CHEMBL4531334,2154.79,CN1CCN(C(=O)C(C)(C)c2ccc(C(=O)Nc3cn4cc(-c5ccncc5)ccc4n3)cc2)CC1,SGC Frankfurt - Donated Chemical Probes,GPCRScan assay: inhibition of H1,B,Homo sapiens,,,2021.0,Histamine H1 receptor,Ki,nM,5.67,482.59,3.7
CHEMBL103769,648.63,S=C(NCCCc1c[nH]cn1)NCCCN(Cc1ccc(Cl)c(Cl)c1)c1ccc(Br)cn1,EUbOPEN Chemogenomic Library,"PDSP Secondary Binding target: HRH1 - Compounds are tested at 10 uM concentration, plate are incubated at room temperature in the dark for 90 minutes. Reaction are stopped by vacuum filtration onto 0.3% polyethyleneimine soaked filter mats using Filtermate harvester. Scintillation cocktail is then melted onto microwave-dried filters on a hot plate and the radio activity is counted in Microbia counter. Compounds showing a minimum of 50% inhibition at 10 uM concentration are carried forward in this secondary binding assay to determine equilibrium binding affinity.",B,Homo sapiens,,,2024.0,Histamine H1 receptor,Ki,nM,6.19,556.36,5.37
CHEMBL3289656,730.0,c1cnc(N2CCN(CCCc3nc4ccccc4s3)CC2)nc1,Scientific Literature,Displacement of [3H]pyrilamine from human histamine H1 receptor by PDSP assay,B,Homo sapiens,,Bioorg Med Chem,2014.0,Histamine H1 receptor,Ki,nM,6.14,339.47,2.84
CHEMBL90,2398.83,NCCc1c[nH]cn1,Scientific Literature,Displacement of [3H]mepyramine from human histamine H1 receptor expressed in sf9 insect cell membranes co-expressing RGS4 incubated for 60 mins by microbeta scintillation counting method,B,Homo sapiens,,Eur J Med Chem,2021.0,Histamine H1 receptor,Ki,nM,5.62,111.15,-0.09
CHEMBL2158822,6.31,O=C(O)c1ccccc1N1CCC(CN2CCC(Oc3ccc(Cl)c(Cl)c3)CC2)CC1,Scientific Literature,Binding affinity to histamine H1 receptor,B,,,Bioorg Med Chem Lett,2012.0,Histamine H1 receptor,Ki,nM,8.2,463.41,5.45
CHEMBL3337894,98.0,COc1cccc(CNC(=O)c2nc3scc(COCc4ccc(C(=O)O)cc4)c3c(=O)[nH]2)c1,SGC Frankfurt - Donated Chemical Probes,GPCRScan assay: inhibition of H1,B,Homo sapiens,,,2021.0,Histamine H1 receptor,Ki,nM,7.01,479.51,3.34
CHEMBL3804906,10000.0,CN/C(=N\C#N)NC[C@H]1CC[C@H](c2c[nH]cn2)C1,Scientific Literature,Displacement of [3H]mepyramine from human histamine H1 receptor expressed in sf9 cell membrane co-expressing RGS4 incubated for 60 mins by liquid scintillation counting method,B,Homo sapiens,,J Med Chem,2016.0,Histamine H1 receptor,Ki,nM,,246.32,0.94
CHEMBL3337895,18.62,COc1cccc(CNC(=O)c2nc3scc(CN(C)Cc4ccccc4)c3c(=O)[nH]2)c1,SGC Frankfurt - Donated Chemical Probes,GPCRScan assay: inhibition of H1,B,Homo sapiens,,,2021.0,Histamine H1 receptor,Ki,nM,7.73,448.55,3.56
CHEMBL860,0.1778,CN(C)CC/C=C1\c2ccccc2COc2ccccc21,Scientific Literature,Displacement of [3H]mepyramine from human H1R expressed in HEK293T cell homogenates incubated for 1 hr by radioligand binding assay based liquid scintillation counter,B,Homo sapiens,,J Med Chem,2022.0,Histamine H1 receptor,Ki,nM,9.75,279.38,3.96
CHEMBL1112,48.9,O=C1CCc2ccc(OCCCCN3CCN(c4cccc(Cl)c4Cl)CC3)cc2N1,Scientific Literature,Binding affinity to histamine H1 receptor (unknown origin),A,Homo sapiens,,Bioorg Med Chem Lett,2021.0,Histamine H1 receptor,Ki,nM,7.31,448.39,4.86
CHEMBL4531334,2137.96,CN1CCN(C(=O)C(C)(C)c2ccc(C(=O)Nc3cn4cc(-c5ccncc5)ccc4n3)cc2)CC1,SGC Frankfurt - Donated Chemical Probes,GPCRScan assay: inhibition of H1,B,Homo sapiens,,,2021.0,Histamine H1 receptor,Ki,nM,5.67,482.59,3.7
CHEMBL639,1.202,CN1CCCC(n2nc(Cc3ccc(Cl)cc3)c3ccccc3c2=O)CC1,Scientific Literature,Antagonist activity at human Histamine H1 receptor expressed in CHO cells assessed as inhibition of histamine-induced calcium flux preincubated for 30 mins followed by histamine addition by Fluo-4-AM dye based FLIPR assay,F,Homo sapiens,,Bioorg Med Chem Lett,2016.0,Histamine H1 receptor,Ki,nM,8.92,381.91,4.3
CHEMBL4531775,10000.0,O=C(NCCCC1CCCCC1)c1ccc(CNC(=O)c2cnn(-c3ccccc3)c2C(F)(F)F)cc1,SGC Frankfurt - Donated Chemical Probes,GPCRScan assay: inhibition of H1,B,Homo sapiens,,,2021.0,Histamine H1 receptor,Ki,nM,,512.58,5.91
CHEMBL4277264,10000.0,Cc1cc(Oc2nccc3occc23)ccc1-c1c(C)ncc2nccn12,Scientific Literature,Displacement of [3H]-pyrilamine from human histamine H1 receptor expressed in stable HEK cells after 90 mins by microbeta scintillation counting method,B,Homo sapiens,,J Med Chem,2019.0,Histamine H1 receptor,Ki,nM,,356.39,4.95
CHEMBL1200618,93.11,CC(C)(C(=O)O)c1ccc(C(O)CCCN2CCC(C(O)(c3ccccc3)c3ccccc3)CC2)cc1.Cl,EUbOPEN Chemogenomic Library,"PDSP Secondary Binding target: HRH1 - Compounds are tested at 10 uM concentration, plate are incubated at room temperature in the dark for 90 minutes. Reaction are stopped by vacuum filtration onto 0.3% polyethyleneimine soaked filter mats using Filtermate harvester. Scintillation cocktail is then melted onto microwave-dried filters on a hot plate and the radio activity is counted in Microbia counter. Compounds showing a minimum of 50% inhibition at 10 uM concentration are carried forward in this secondary binding assay to determine equilibrium binding affinity.",B,Homo sapiens,,,2024.0,Histamine H1 receptor,Ki,nM,7.03,538.13,5.51
