Molecule ChEMBL ID,Standard Value,Smiles,Source Description,Assay Description,Assay Type,Assay Organism,Assay Tissue Name,Document Journal,Document Year,Target Name,Standard Type,Standard Units,pChEMBL Value,Molecular Weight,AlogP
CHEMBL322873,11748.98,CC1CCCN(CCCOc2ccc(-c3ccc(C#N)cc3)cc2)C1,Scientific Literature,Binding affinity to the human cortical histamine H2 receptor,B,,,Bioorg Med Chem Lett,2002.0,Histamine H2 receptor,Ki,nM,4.93,334.46,4.73
CHEMBL106483,38018.94,N#Cc1ccc(-c2ccc(OCCCN3CCOCC3)cc2)cc1,Scientific Literature,Binding affinity to the human cortical histamine H2 receptor,B,,,Bioorg Med Chem Lett,2002.0,Histamine H2 receptor,Ki,nM,4.42,322.41,3.33
CHEMBL2031874,55000.0,CN(C)C(=O)c1ccc(-c2ccc3c(c2)CCN(CCN2CCCC2)C3=O)cc1,Scientific Literature,Binding affinity to H2 receptor,B,,,J Med Chem,2012.0,Histamine H2 receptor,Ki,nM,,391.52,3.15
CHEMBL3139682,100.0,Nc1ccc2ccc(CCNCCc3cccc(Cl)c3)cc2n1,Scientific Literature,Displacement of [3H]Tiotidine from human H2 receptor expressed in HEK cells after 90 mins by scintillation counting method,B,Homo sapiens,,J Med Chem,2017.0,Histamine H2 receptor,Ki,nM,,325.84,3.85
CHEMBL305929,3162.28,S=C(NCCCCCc1c[nH]cn1)NCCc1ccccc1,Scientific Literature,Displacement of [125 I]iodoaminopotentidine bound to membranes of CHO cells expressing human H2 receptors,B,Homo sapiens,,J Med Chem,1995.0,Histamine H2 receptor,Ki,nM,5.5,316.47,2.83
CHEMBL107293,380.0,Cc1ccc(S(=O)(=O)N[C@H]2CCN(CCCOc3ccc(C(=O)C4CC4)cc3)C2)cc1,Scientific Literature,Binding affinity to the human Histamine H2 receptor,B,,,Bioorg Med Chem Lett,2002.0,Histamine H2 receptor,Ki,nM,6.42,442.58,3.41
CHEMBL105483,100000.0,CCOC(=O)N1CCN(CCCOc2ccc(-c3ccc(OC)cc3)cc2)CC1,Scientific Literature,Binding affinity to the human cortical histamine H2 receptor,B,,,Bioorg Med Chem Lett,2002.0,Histamine H2 receptor,Ki,nM,4.0,398.5,3.91
CHEMBL303737,20417.38,N[C@H](CC1CCCCC1)C(=O)N1CCN(CCCOc2ccc(C(=O)C3CC3)cc2)CC1,Scientific Literature,Binding affinity towards Histamine H2 receptor from human membranes,B,,,Bioorg Med Chem Lett,2002.0,Histamine H2 receptor,Ki,nM,4.69,441.62,3.49
CHEMBL63036,18620.87,CCCCCC(=O)c1ccc(OCCCN2CCN(C(=O)c3ccccn3)CC2)cc1,Scientific Literature,Binding affinity for the human Histamine H2 receptor,B,,,Bioorg Med Chem Lett,2002.0,Histamine H2 receptor,Ki,nM,4.73,423.56,4.07
CHEMBL2432044,10000.0,CN(CCc1ccccc1)[C@H]1C2C3CC4C2C(=O)C2C4C3C21,Scientific Literature,Inhibition of histamine H2 receptor (unknown origin) by PDSP assay,B,Homo sapiens,,Bioorg Med Chem,2013.0,Histamine H2 receptor,Ki,nM,,293.41,2.49
CHEMBL64479,22908.68,CCCCCC(=O)c1ccc(OCCCN2CCN(C(=O)CCC)CC2)cc1,Scientific Literature,Binding affinity for the human Histamine H2 receptor,B,,,Bioorg Med Chem Lett,2002.0,Histamine H2 receptor,Ki,nM,4.64,388.55,4.16
CHEMBL423666,26915.35,O=C1C[C@H](N2CCN(CCCOc3ccc(C(=O)C4CC4)cc3)CC2)N1,Scientific Literature,Binding affinity towards Histamine H2 receptor from human membranes,B,,,Bioorg Med Chem Lett,2002.0,Histamine H2 receptor,Ki,nM,4.57,357.45,1.51
CHEMBL102416,10000.0,N#Cc1ccc(-c2ccc(OCCCN3CCC(O)CC3)cc2)cc1,Scientific Literature,Binding affinity to the human cortical histamine H2 receptor,B,,,Bioorg Med Chem Lett,2002.0,Histamine H2 receptor,Ki,nM,5.0,336.44,3.45
CHEMBL3104093,943.0,CN1CCc2c(c3cccc4c3n2CCc2ccccc2-4)C1,Scientific Literature,Displacement of [3H]Cimetidine from histamine H2 receptor (unknown origin),B,Homo sapiens,,Bioorg Med Chem Lett,2014.0,Histamine H2 receptor,Ki,nM,6.03,288.39,3.85
CHEMBL102929,2200.0,Cc1ccccc1S(=O)(=O)N[C@H]1CCN(CCCOc2ccc(C(=O)C3CC3)cc2)C1,Scientific Literature,Binding affinity to the human Histamine H2 receptor,B,,,Bioorg Med Chem Lett,2002.0,Histamine H2 receptor,Ki,nM,5.66,442.58,3.41
CHEMBL91353,1000000.0,NCCCc1c[nH]cn1,Scientific Literature,"Binding affinity against human H2 receptor by the displacement of [125I]iodoaminopotentidine, bound to membranes of CHO cells.",B,,,J Med Chem,1995.0,Histamine H2 receptor,Ki,nM,,125.17,0.3
CHEMBL594721,1000.0,CN1CCN(c2cc(NCc3ccccc3Cl)nc(N)n2)CC1,Scientific Literature,Displacement of [3H]tiotidine from GsalphaS-fused human histamine H2 receptor expressed in Sf9 cells,B,Homo sapiens,,Bioorg Med Chem,2009.0,Histamine H2 receptor,Ki,nM,,332.84,2.08
CHEMBL64317,1862.09,CCCCCC(=O)c1ccc(OCCCN2CCN(C(=O)OCCCC)CC2)cc1,Scientific Literature,Binding affinity for the human Histamine H2 receptor,B,,,Bioorg Med Chem Lett,2002.0,Histamine H2 receptor,Ki,nM,5.73,418.58,4.77
CHEMBL102452,33884.42,N#Cc1ccc(-c2ccc(OCCCN3CCC(N)CC3)cc2)cc1,Scientific Literature,Binding affinity at human cortical Histamine 2 receptor,B,Homo sapiens,,Bioorg Med Chem Lett,2002.0,Histamine H2 receptor,Ki,nM,4.47,335.45,3.42
CHEMBL2391541,4265.8,C=CCN(CC=C)CCc1c[nH]c2ccc(OC)cc12,Scientific Literature,Displacement of [3H]Tiotidine from human recombinant histamine H2 receptor expressed in HEK293 cells after 1 to 1.5 hrs by scintillation counting analysis,B,Homo sapiens,,Bioorg Med Chem Lett,2013.0,Histamine H2 receptor,Ki,nM,5.37,270.38,3.39
CHEMBL467094,672.0,COc1cc2c3c(c1OC)-c1cc4c(cc1CC3N(C)CC2)OCO4,Scientific Literature,Displacement of [3H]Tiotidine from human histamine H2 receptor,B,Homo sapiens,,Bioorg Med Chem Lett,2010.0,Histamine H2 receptor,Ki,nM,6.17,339.39,3.18
CHEMBL482496,500.0,[3H]C([3H])([3H])Oc1cc(I)c(OC)cc1CCNCc1ccccc1OC([3H])([3H])[3H],Scientific Literature,Binding affinity to histamine H2 receptor,B,,,Bioorg Med Chem,2008.0,Histamine H2 receptor,Ki,nM,,439.33,3.65
CHEMBL105267,7413.1,N#Cc1ccc(-c2ccc(OCCCN3CC[C@@H](N)C3)cc2)cc1,Scientific Literature,Binding affinity at human cortical Histamine 2 receptor,B,Homo sapiens,,Bioorg Med Chem Lett,2002.0,Histamine H2 receptor,Ki,nM,5.13,321.42,3.03
CHEMBL63631,20892.96,CCCCCC(=O)c1ccc(OCCCN2CCN(S(=O)(=O)C(C)C)CC2)cc1,Scientific Literature,Binding affinity for the human Histamine H2 receptor,B,,,Bioorg Med Chem Lett,2002.0,Histamine H2 receptor,Ki,nM,4.68,424.61,3.57
CHEMBL105515,23988.33,CC1CCCC(C)N1CCCOc1ccc(-c2ccc(C#N)cc2)cc1,Scientific Literature,Binding affinity to the human cortical histamine H2 receptor,B,,,Bioorg Med Chem Lett,2002.0,Histamine H2 receptor,Ki,nM,4.62,348.49,5.26
CHEMBL515472,2428.0,COc1c(OCCF)cccc1[C@H](O)C1CCN(CCc2ccc(F)cc2)CC1,Scientific Literature,Inhibition of human cloned histamine H2 receptor by competitive binding experiment,B,Homo sapiens,,Bioorg Med Chem,2009.0,Histamine H2 receptor,Ki,nM,5.62,405.49,4.17
CHEMBL431172,83176.38,CCCCCC(=O)c1ccc(OCCCN2CCN(S(C)(=O)=O)CC2)cc1,Scientific Literature,Binding affinity for the human Histamine H2 receptor,B,,,Bioorg Med Chem Lett,2002.0,Histamine H2 receptor,Ki,nM,4.08,396.55,2.8
CHEMBL4514672,823.0,CC1=NC2(CCN(C)CC2)C(=O)N(c2c(C)cccc2C)C1=O,Scientific Literature,Binding affinity to human histamine 2 receptor expressed in HEK cells by radioligand binding assay,B,Homo sapiens,,Eur J Med Chem,2019.0,Histamine H2 receptor,Ki,nM,6.08,313.4,2.1
CHEMBL175782,10000.0,CN1CCC(Cc2c[nH]cn2)CC1,Scientific Literature,Displacement of [125I]aminopotentidine binding to CHO cell membranes expressing human histamine H2 receptor,B,Homo sapiens,,J Med Chem,2005.0,Histamine H2 receptor,Ki,nM,,179.27,1.29
CHEMBL1923729,10000.0,C[C@@H]1CCCN1CCCOc1ccc(-c2ccc(=O)n(C)c2)cc1,Scientific Literature,Binding affinity to human histamine H2 receptor,B,Homo sapiens,,Bioorg Med Chem Lett,2011.0,Histamine H2 receptor,Ki,nM,,326.44,3.31
CHEMBL2432051,1733.0,COc1cc(CN[C@H]2C3C4CC5C6C4CC3C6C52)cc(OC)c1OC,Scientific Literature,Inhibition of histamine H2 receptor (unknown origin) by PDSP assay,B,Homo sapiens,,Bioorg Med Chem,2013.0,Histamine H2 receptor,Ki,nM,5.76,341.45,2.95
CHEMBL2432045,3471.0,c1ccc(CN[C@H]2C3C4CC5C6C4CC3C6C52)cc1,Scientific Literature,Inhibition of histamine H2 receptor (unknown origin) by PDSP assay,B,Homo sapiens,,Bioorg Med Chem,2013.0,Histamine H2 receptor,Ki,nM,5.46,251.37,2.92
CHEMBL5200771,5.129,CCCCCCNC(=O)/N=C(\N)NCCCc1nnc(N)s1.O=C(O)C(F)(F)F.O=C(O)C(F)(F)F,Scientific Literature,Displacement of [3H]UR-DE257 from human histamine H2 receptor stably expressed in baculovirus infected Sf9 cell membrane co-expressing RG-Salpha S incubated for 60 mins by scintillation counting analysis,B,Homo sapiens,,J Med Chem,2021.0,Histamine H2 receptor,Ki,nM,8.29,555.5,1.25
CHEMBL5186770,389.05,CCCCCCNC(=O)/N=C(\N)NCCCc1nnc(N)o1.O=C(O)C(F)(F)F.O=C(O)C(F)(F)F,Scientific Literature,Displacement of [3H]UR-DE257 from human histamine H2 receptor stably expressed in baculovirus infected Sf9 cell membrane co-expressing RG-Salpha S incubated for 60 mins by scintillation counting analysis,B,Homo sapiens,,J Med Chem,2021.0,Histamine H2 receptor,Ki,nM,6.41,539.43,0.78
CHEMBL5206565,5.012,N/C(=N\C(=O)NCc1ccccc1)NCCCc1nnc(N)s1.O=C(O)C(F)(F)F.O=C(O)C(F)(F)F,Scientific Literature,Displacement of [3H]UR-DE257 from human histamine H2 receptor stably expressed in baculovirus infected Sf9 cell membrane co-expressing RG-Salpha S incubated for 60 mins by scintillation counting analysis,B,Homo sapiens,,J Med Chem,2021.0,Histamine H2 receptor,Ki,nM,8.3,561.47,0.87
CHEMBL157101,21507.0,CC(=O)N1CCN(c2ccc(OCC3COC(Cn4ccnc4)(c4ccc(Cl)cc4Cl)O3)cc2)CC1,DrugMatrix,DRUGMATRIX: Histamine H2 radioligand binding (ligand: [125I] Aminopotentidine),B,,,,,Histamine H2 receptor,Ki,nM,4.67,531.44,4.21
CHEMBL3104093,933.25,CN1CCc2c(c3cccc4c3n2CCc2ccccc2-4)C1,Scientific Literature,Displacement of [3H]Cimetidine from histamine H2 receptor (unknown origin),B,Homo sapiens,,Bioorg Med Chem Lett,2014.0,Histamine H2 receptor,Ki,nM,6.03,288.39,3.85
CHEMBL4748908,144.54,CN1CCN(c2ccnc(NCCc3ccccc3)n2)CC1,SGC Frankfurt - Donated Chemical Probes,GPCRScan assay: inhibition of H2,B,Homo sapiens,,,2021.0,Histamine H2 receptor,Ki,nM,6.84,297.41,1.88
CHEMBL2426097,10000.0,O=C(O)CCC(=O)N1N=C(c2c(-c3ccc(Cl)cc3)c3ccccc3[nH]c2=O)CC1c1ccc(Cl)cc1,Scientific Literature,Inhibition of histamine H2 receptor (unknown origin),B,Homo sapiens,,J Med Chem,2013.0,Histamine H2 receptor,Ki,nM,,534.4,6.04
CHEMBL4856005,69.18,Cc1nc(N)sc1CCCN/C(N)=N/C(=O)NCc1ccccc1,Scientific Literature,Displacement of [3H]UR-DE257 from human histamine H2 receptor expressed in sf9 insect cell membranes co-expressing GSalphaS incubated for 60 mins by microbeta scintillation counting method,B,Homo sapiens,,Eur J Med Chem,2021.0,Histamine H2 receptor,Ki,nM,7.16,346.46,1.78
CHEMBL4865965,10.47,Cc1nc(N)sc1CCCN/C(N)=N/C(=O)NCc1ccco1,Scientific Literature,Displacement of [3H]UR-DE257 from human histamine H2 receptor expressed in sf9 insect cell membranes co-expressing GSalphaS incubated for 60 mins by microbeta scintillation counting method,B,Homo sapiens,,Eur J Med Chem,2021.0,Histamine H2 receptor,Ki,nM,7.98,336.42,1.37
CHEMBL4874969,4466.84,N/C(=N\C(=O)NC1CCCCC1)Nc1cccc(-c2csc(N)n2)c1,Scientific Literature,Displacement of [3H]UR-DE257 from human histamine H2 receptor expressed in sf9 insect cell membranes co-expressing GSalphaS incubated for 60 mins by microbeta scintillation counting method,B,Homo sapiens,,Eur J Med Chem,2021.0,Histamine H2 receptor,Ki,nM,5.35,358.47,3.16
CHEMBL30,140.0,CN/C(=N\CCSCc1nc[nH]c1C)NC#N,Scientific Literature,Binding affinity to human histamine H2 receptor by radioligand displacement assay,B,Homo sapiens,,Eur J Med Chem,2013.0,Histamine H2 receptor,Ki,nM,6.85,252.35,0.6
CHEMBL310087,12589.25,S=C(NCCCCCc1c[nH]cn1)Nc1ccccc1,Scientific Literature,Displacement of [125 I]iodoaminopotentidine bound to membranes of CHO cells expressing human H2 receptors,B,Homo sapiens,,J Med Chem,1995.0,Histamine H2 receptor,Ki,nM,4.9,288.42,3.11
CHEMBL1783890,3162.28,CNC(=O)c1cnc(Oc2ccc3c(c2)CCN(C2CCC2)CC3)cn1,Scientific Literature,Binding affinity to human histamine H2 receptor,B,Homo sapiens,,Bioorg Med Chem Lett,2013.0,Histamine H2 receptor,Ki,nM,,352.44,2.58
CHEMBL64253,18620.87,CCCCCC(=O)c1ccc(OCCCN2CCN(CC3CC3)CC2)cc1,Scientific Literature,Binding affinity for the human Histamine H2 receptor,B,,,Bioorg Med Chem Lett,2002.0,Histamine H2 receptor,Ki,nM,4.73,372.55,4.25
CHEMBL4800672,6541.0,c1ccc(Oc2ccc(OCCCN3CCN(c4ccncc4)CC3)cc2)cc1,Scientific Literature,Displacement of [3H]UR-DE257 from Gsalphas-coupled human H2R expressed in Sf9 cell membranes measured after 60 mins by scintillation counting analysis,B,Homo sapiens,,Eur J Med Chem,2021.0,Histamine H2 receptor,Ki,nM,5.18,389.5,4.47
CHEMBL516088,1757.0,COc1c(OCCF)cccc1C(=O)C1CCN(CCc2ccc(F)cc2)CC1,Scientific Literature,Inhibition of human cloned histamine H2 receptor by competitive binding experiment,B,Homo sapiens,,Bioorg Med Chem,2009.0,Histamine H2 receptor,Ki,nM,5.75,403.47,4.32
CHEMBL4216870,365.0,NCCCCCCn1cc(CCCCN2CCC(c3ccc(-c4cc(C(=O)O)cc5cc(-c6ccc(C(F)(F)F)cc6)ccc45)cc3)CC2)nn1,Scientific Literature,Displacement of [125I]-Iodoaminopotentidine from human histamine H2 receptor expressed in HEK293T cell membranes after 90 mins by scintillation counting method,B,Homo sapiens,,J Med Chem,2018.0,Histamine H2 receptor,Ki,nM,6.44,697.85,9.2
CHEMBL476839,1156.0,COc1c(OCCF)cccc1C(O)C1CCN(CCc2ccc(C)cc2)CC1,Scientific Literature,Inhibition of human cloned histamine H2 receptor by competitive binding experiment,B,Homo sapiens,,Bioorg Med Chem,2009.0,Histamine H2 receptor,Ki,nM,5.94,401.52,4.34
CHEMBL2036989,10000.0,C[C@@]12CCC[C@]3(C)C(=O)O[C@H](C[C@@]4(CO4)[C@]1(O)CCc1ccoc1)[C@H]23,Scientific Literature,Binding affinity to human histamine H2 receptor,B,Homo sapiens,,J Nat Prod,2012.0,Histamine H2 receptor,Ki,nM,,346.42,2.85
CHEMBL5094083,229.09,C=C(/N=C(\C)NCCCc1nnc(N)s1)NCCCCCCCCN,Scientific Literature,Displacement of [3H]UR-DE257 from Gsalphas-coupled human H2R expressed in Sf9 cell membranes by competitive binding assay,B,Homo sapiens,,Bioorg Med Chem Lett,2021.0,Histamine H2 receptor,Ki,nM,6.64,367.57,2.42
CHEMBL5083588,562.34,Cc1nc(N)sc1CCCN/C(N)=N/C(=O)NCCCCCCCCNC(=O)CCCCCN1/C(=C/C=C/C=C/C2=[N+](CCCCS(=O)(=O)[O-])c3ccccc3C2(C)C)c2ccccc2C1(C)C.O=C(O)C(F)(F)F.O=C(O)C(F)(F)F.O=C(O)C(F)(F)F,Scientific Literature,Displacement of [3H]UR-DE257 from Gsalphas-coupled human H2R expressed in Sf9 cell membranes by competitive binding assay,B,Homo sapiens,,Bioorg Med Chem Lett,2021.0,Histamine H2 receptor,Ki,nM,6.25,1312.43,8.7
CHEMBL517140,3162.28,CNC(=O)c1ccc(Oc2ccc3c(c2)CCN(C2CCC2)CC3)nc1,Scientific Literature,Binding affinity to human histamine H2 receptor,B,Homo sapiens,,Bioorg Med Chem Lett,2013.0,Histamine H2 receptor,Ki,nM,,351.45,3.19
CHEMBL104994,22000.0,CC(=O)c1ccc(OCCCN2CC[C@H](NC(=O)[C@@H](N)CO)C2)cc1,Scientific Literature,Binding affinity to the human Histamine H2 receptor,B,,,Bioorg Med Chem Lett,2002.0,Histamine H2 receptor,Ki,nM,4.66,349.43,0.17
CHEMBL319000,10000.0,CN(C)[C@@H]1CCN(CCCOc2ccc(-c3ccc(C#N)cc3)cc2)C1,Scientific Literature,Binding affinity to the human cortical histamine H2 receptor,B,,,Bioorg Med Chem Lett,2002.0,Histamine H2 receptor,Ki,nM,5.0,349.48,3.63
CHEMBL446885,3630.78,CCOC(=O)N1CCN(CCCOc2ccc(-c3ccc(OC(F)(F)F)cc3)cc2)CC1,Scientific Literature,Binding affinity to the human cortical histamine H2 receptor,B,,,Bioorg Med Chem Lett,2002.0,Histamine H2 receptor,Ki,nM,5.44,452.47,4.8
CHEMBL318320,8317.64,CCOC(=O)N1CCN(CCCOc2ccc(-c3ccc([N+](=O)[O-])cc3)cc2)CC1,Scientific Literature,Binding affinity at human cortical Histamine 2 receptor,B,Homo sapiens,,Bioorg Med Chem Lett,2002.0,Histamine H2 receptor,Ki,nM,5.08,413.47,3.8
CHEMBL421026,12302.69,N#Cc1ccc(-c2ccc(OCCCN3CC4CNCC4C3)cc2)cc1,Scientific Literature,Binding affinity to the human cortical histamine H2 receptor,B,,,Bioorg Med Chem Lett,2002.0,Histamine H2 receptor,Ki,nM,4.91,347.46,3.15
CHEMBL303824,1729.0,CN1CCCC1CCNc1c2c(nc3ccccc13)CCCCC2,Scientific Literature,Compound was tested for its binding affinity towards human H2 receptor,B,,,Bioorg Med Chem Lett,2003.0,Histamine H2 receptor,Ki,nM,5.76,323.48,4.4
CHEMBL27979,10000.0,C[C@H]1CC[C@H](C)N1CCCOc1ccc(-c2ccc(C(=O)N3CCOCC3)cc2)cc1,Scientific Literature,Binding affinity towards human histaminergic (H2) receptor,B,,,Bioorg Med Chem Lett,2003.0,Histamine H2 receptor,Ki,nM,5.0,422.57,4.47
CHEMBL308717,5011.87,CCC/N=C(\S)NCCCCCc1c[nH]cn1,Scientific Literature,Displacement of [125 I]iodoaminopotentidine bound to membranes of CHO cells expressing human H2 receptors,B,Homo sapiens,,J Med Chem,1995.0,Histamine H2 receptor,Ki,nM,5.3,254.4,2.41
CHEMBL61120,100000.0,NCCC(=O)N1CCN(CCCOc2ccc(C(=O)C3CC3)cc2)CC1,Scientific Literature,Binding affinity towards Histamine H2 receptor from human membranes,B,,,Bioorg Med Chem Lett,2002.0,Histamine H2 receptor,Ki,nM,4.0,359.47,1.54
CHEMBL3417586,10000.0,C[C@@H]1CCCN1CCCOc1ccc(C2=NNC(=O)[C@H]3C[C@@H]23)cc1,Scientific Literature,Inhibition of human H2R,B,Homo sapiens,,Eur J Med Chem,2015.0,Histamine H2 receptor,Ki,nM,,327.43,2.41
CHEMBL2048820,3304.46,Cc1cn2cc(CC(=O)N3CCC4(CC3)CN(Cc3ccc(-n5nccn5)cc3Cl)C4)nc2s1,EUbOPEN Chemogenomic Library,"PDSP Secondary Binding target: HRH2 - Compounds are tested at 10 uM concentration, plate are incubated at room temperature in the dark for 90 minutes. Reaction are stopped by vacuum filtration onto 0.3% polyethyleneimine soaked filter mats using Filtermate harvester. Scintillation cocktail is then melted onto microwave-dried filters on a hot plate and the radio activity is counted in Microbia counter. Compounds showing a minimum of 50% inhibition at 10 uM concentration are carried forward in this secondary binding assay to determine equilibrium binding affinity.",B,Homo sapiens,,,2024.0,Histamine H2 receptor,Ki,nM,5.48,496.04,3.61
CHEMBL96467,1000.0,C[C@@H]1OC(=O)N(C(=O)NCCCN2CCC(c3ccc(F)cc3)CC2)[C@H]1c1ccc(F)c(F)c1,Scientific Literature,"Binding affinity towards human Histamine H2 receptor, using [3H]tiotidine as radioligand.",B,,,J Med Chem,2000.0,Histamine H2 receptor,Ki,nM,,475.51,4.97
CHEMBL2413153,1767.0,Cn1c(=O)cnn(CCCCN2CCN(c3ccccc3OCCF)CC2)c1=O,Scientific Literature,Binding affinity to histamine H2 receptor (unknown origin),B,Homo sapiens,,Bioorg Med Chem,2013.0,Histamine H2 receptor,Ki,nM,5.75,405.47,0.89
CHEMBL2031885,10000.0,C[C@@H]1CCCN1CCN1CCc2cc(-c3ccc(C(=O)N4CCCC4)cc3)ccc2C1=O,Scientific Literature,Binding affinity to H2 receptor,B,,,J Med Chem,2012.0,Histamine H2 receptor,Ki,nM,,431.58,4.07
CHEMBL5086970,2960.61,COc1ccc(CC[C@@H](OC(=O)[C@H]2CCCCN2C(=O)[C@@H](c2cc(OC)c(OC)c(OC)c2)C2CCCCC2)c2cccc(OCCN3CCOCC3)c2)cc1OC,SGC Frankfurt - Donated Chemical Probes,GPCRScan assay: inhibition of H2,B,Homo sapiens,,,2022.0,Histamine H2 receptor,Ki,nM,5.53,803.01,7.4
CHEMBL5086970,2691.53,COc1ccc(CC[C@@H](OC(=O)[C@H]2CCCCN2C(=O)[C@@H](c2cc(OC)c(OC)c(OC)c2)C2CCCCC2)c2cccc(OCCN3CCOCC3)c2)cc1OC,SGC Frankfurt - Donated Chemical Probes,GPCRScan assay: inhibition of H2,B,Homo sapiens,,,2022.0,Histamine H2 receptor,Ki,nM,5.57,803.01,7.4
CHEMBL5176780,33.11,NCCCCCCCCNC(=O)/N=C(\N)NCCCc1nnc(N)s1.O=C(O)C(F)(F)F.O=C(O)C(F)(F)F.O=C(O)C(F)(F)F,Scientific Literature,Displacement of [3H]UR-DE257 from human histamine H2 receptor stably expressed in baculovirus infected Sf9 cell membrane co-expressing RG-Salpha S incubated for 60 mins by scintillation counting analysis,B,Homo sapiens,,J Med Chem,2021.0,Histamine H2 receptor,Ki,nM,7.48,712.59,0.97
CHEMBL5202592,64.57,Cc1ccc(CC(C)CNC(=O)/N=C(\N)NCCCc2cnc(N)s2)cc1.O=C(O)C(F)(F)F.O=C(O)C(F)(F)F,Scientific Literature,Displacement of [3H]UR-DE257 from human histamine H2 receptor stably expressed in baculovirus infected Sf9 cell membrane co-expressing RG-Salpha S incubated for 60 mins by scintillation counting analysis,B,Homo sapiens,,J Med Chem,2021.0,Histamine H2 receptor,Ki,nM,7.19,616.59,2.46
CHEMBL1082210,10000.0,C[C@H]1CN(C(=O)c2ccc(-c3cccc(F)c3)cc2)CCN1C(=O)c1ccc2cc[nH]c2c1,Scientific Literature,Inhibition of histamine H2 receptor,B,,,Bioorg Med Chem Lett,2010.0,Histamine H2 receptor,Ki,nM,,441.51,4.96
CHEMBL4741145,10000.0,O=C(c1ccc(F)cc1)c1ccc(OCCCN2CCN(c3ccncc3)CC2)cc1,Scientific Literature,Displacement of [3H]UR-DE257 from Gsalphas-coupled human H2R expressed in Sf9 cell membranes measured after 60 mins by scintillation counting analysis,B,Homo sapiens,,Eur J Med Chem,2021.0,Histamine H2 receptor,Ki,nM,,419.5,4.04
CHEMBL4743583,10000.0,N#Cc1ccc(-c2ccc(OCCCN3CCN(c4ccncc4)CC3)cc2)cc1,Scientific Literature,Displacement of [3H]UR-DE257 from Gsalphas-coupled human H2R expressed in Sf9 cell membranes measured after 60 mins by scintillation counting analysis,B,Homo sapiens,,Eur J Med Chem,2021.0,Histamine H2 receptor,Ki,nM,,398.51,4.21
CHEMBL4744110,10000.0,c1ccc2cc(OCCCN3CCN(c4ccncc4)CC3)ccc2c1,Scientific Literature,Displacement of [3H]UR-DE257 from Gsalphas-coupled human H2R expressed in Sf9 cell membranes measured after 60 mins by scintillation counting analysis,B,Homo sapiens,,Eur J Med Chem,2021.0,Histamine H2 receptor,Ki,nM,,347.46,3.83
CHEMBL103828,40000.0,CC(=O)c1ccc(OCCCN2CC[C@H](NC(=O)[C@@H](C)NC(=O)OC(C)(C)C)C2)cc1,Scientific Literature,Binding affinity to the human Histamine H2 receptor,B,,,Bioorg Med Chem Lett,2002.0,Histamine H2 receptor,Ki,nM,4.4,433.55,2.76
CHEMBL4856602,602.56,Cc1nc(N)sc1CCCN/C(N)=N/C(=S)NC(c1ccccc1)c1ccccc1,Scientific Literature,Displacement of [3H]UR-DE257 from human histamine H2 receptor expressed in sf9 insect cell membranes co-expressing GSalphaS incubated for 60 mins by microbeta scintillation counting method,B,Homo sapiens,,Eur J Med Chem,2021.0,Histamine H2 receptor,Ki,nM,6.22,438.63,3.53
CHEMBL402377,1000.0,C[C@H]1CCCN1CCc1ccc2ccccc2c1,Scientific Literature,Antagonist activity at histamine H2 receptor by [35S]GTP-gamma-S binding assay,F,,,Bioorg Med Chem Lett,2008.0,Histamine H2 receptor,Ki,nM,,239.36,3.87
CHEMBL4177497,10000.0,C=C(C)CN1CCN(c2ccc3c(c2)CN(C(=O)OCc2ccccc2)C3)CC1,Scientific Literature,Displacement of [125I]-iodoaminopotentidine from human histamine H2 receptor expressed in stable HEK cells after 90 mins by microbeta scintillation counting method,B,Homo sapiens,,Eur J Med Chem,2018.0,Histamine H2 receptor,Ki,nM,,391.52,4.04
CHEMBL2432048,3896.0,c1ccc(CCN[C@H]2C3C4CC5C6C4CC3C6C52)cc1,Scientific Literature,Inhibition of histamine H2 receptor (unknown origin) by PDSP assay,B,Homo sapiens,,Bioorg Med Chem,2013.0,Histamine H2 receptor,Ki,nM,5.41,265.4,2.97
CHEMBL2432062,8517.0,CN(Cc1ccc2c(c1)OCO2)[C@H]1C2C3CC4C5C3CC2C5C41,Scientific Literature,Inhibition of histamine H2 receptor (unknown origin) by PDSP assay,B,Homo sapiens,,Bioorg Med Chem,2013.0,Histamine H2 receptor,Ki,nM,5.07,309.41,2.99
CHEMBL60435,89125.09,O=C(c1ccc(OCCCN2CCN(C(=O)C[C@H]3CCCN3)CC2)cc1)C1CC1,Scientific Literature,Binding affinity towards Histamine H2 receptor from human membranes,B,,,Bioorg Med Chem Lett,2002.0,Histamine H2 receptor,Ki,nM,4.05,399.54,2.33
CHEMBL61396,12882.5,CCCCCC(=O)c1ccc(OCCCN2CCN(C(=O)c3occc3C)CC2)cc1,Scientific Literature,Binding affinity for the human Histamine H2 receptor,B,,,Bioorg Med Chem Lett,2002.0,Histamine H2 receptor,Ki,nM,4.89,426.56,4.58
CHEMBL4174189,1099.0,CCOC(=O)CCN1CCN(c2ccc3c(c2)CN(C(=O)OCc2ccccc2)C3)CC1,Scientific Literature,Displacement of [125I]-iodoaminopotentidine from human histamine H2 receptor expressed in stable HEK cells after 90 mins by microbeta scintillation counting method,B,Homo sapiens,,Eur J Med Chem,2018.0,Histamine H2 receptor,Ki,nM,5.96,437.54,3.41
CHEMBL4169689,507.0,CCOC(=O)CCN1CCN(c2ccc3c(c2)CN(C(=O)OCc2ccccc2)CC3)CC1,Scientific Literature,Displacement of [125I]-iodoaminopotentidine from human histamine H2 receptor expressed in stable HEK cells after 90 mins by microbeta scintillation counting method,B,Homo sapiens,,Eur J Med Chem,2018.0,Histamine H2 receptor,Ki,nM,6.29,451.57,3.46
CHEMBL291882,19498.45,CCCCCC(=O)c1ccc(OCCCN2CCN(C(=O)c3sccc3Cl)CC2)cc1,Scientific Literature,Binding affinity for the human Histamine H2 receptor,B,,,Bioorg Med Chem Lett,2002.0,Histamine H2 receptor,Ki,nM,4.71,463.04,5.39
CHEMBL63632,12302.69,CCCCCC(=O)c1ccc(OCCCN2CCN(S(=O)(=O)c3ccc(C#N)cc3)CC2)cc1,Scientific Literature,Binding affinity for the human Histamine H2 receptor,B,,,Bioorg Med Chem Lett,2002.0,Histamine H2 receptor,Ki,nM,4.91,483.63,4.1
CHEMBL1080556,10000.0,C[C@H]1CN(C(=O)c2ccc(-c3ccccc3Cl)cc2)CCN1C(=O)c1ccc2cc[nH]c2c1,Scientific Literature,Inhibition of histamine H2 receptor,B,,,Bioorg Med Chem Lett,2010.0,Histamine H2 receptor,Ki,nM,,457.96,5.48
CHEMBL1080755,10000.0,C[C@H]1CN(C(=O)c2ccc(-c3ccc(OC(F)(F)F)cc3)cc2)CCN1C(=O)c1ccc2cc[nH]c2c1,Scientific Literature,Inhibition of histamine H2 receptor,B,,,Bioorg Med Chem Lett,2010.0,Histamine H2 receptor,Ki,nM,,507.51,5.72
CHEMBL434785,19054.61,N[C@@H](C(=O)O)C1Cc2ccccc2C1,Scientific Literature,Binding affinity towards Histamine H2 receptor from human membranes,B,,,Bioorg Med Chem Lett,2002.0,Histamine H2 receptor,Ki,nM,4.72,191.23,0.81
CHEMBL1243395,10000.0,FC(F)(F)c1ccc(SC[C@@H](c2c[nH]cn2)C2CCNCC2)cc1,Scientific Literature,Binding affinity to human histamine H2 receptor,B,Homo sapiens,,J Med Chem,2010.0,Histamine H2 receptor,Ki,nM,,355.43,4.3
CHEMBL1098230,1000.0,CC(C)(C)c1ccc(SCCc2c[nH]cn2)cc1,Scientific Literature,Displacement of [125I]aminopotentidine from human histamine H2 receptor expressed in CHO-K1 cells after 1 hr by liquid scintillation counting,B,Homo sapiens,,Bioorg Med Chem,2010.0,Histamine H2 receptor,Ki,nM,,260.41,4.04
CHEMBL402143,3178.0,COc1c(OCCF)cccc1C(O)C1CCN(CCc2ccc(F)cc2)CC1,Scientific Literature,Inhibition of human cloned histamine H2 receptor by competitive binding experiment,B,Homo sapiens,,Bioorg Med Chem,2009.0,Histamine H2 receptor,Ki,nM,5.5,405.49,4.17
CHEMBL2112451,1600.0,N#Cc1ccc(S(=O)(=O)N[C@H]2CCN(CCCOc3ccc(C(=O)C4CC4)cc3)C2)cc1,Scientific Literature,Binding affinity to the human Histamine H2 receptor,B,,,Bioorg Med Chem Lett,2002.0,Histamine H2 receptor,Ki,nM,5.8,453.56,2.97
CHEMBL106545,10000.0,CN[C@@H]1CCN(CCCOc2ccc(-c3ccc(C#N)cc3)cc2)C1,Scientific Literature,Binding affinity to the human cortical histamine H2 receptor,B,,,Bioorg Med Chem Lett,2002.0,Histamine H2 receptor,Ki,nM,5.0,335.45,3.29
CHEMBL105385,5623.41,CCOC(=O)N1CCN(CCCOc2ccc(-c3ccc(Cl)cc3)cc2)CC1,Scientific Literature,Binding affinity at human cortical Histamine 2 receptor,B,Homo sapiens,,Bioorg Med Chem Lett,2002.0,Histamine H2 receptor,Ki,nM,5.25,402.92,4.55
CHEMBL106602,33113.11,CCOC(=O)N1CCN(CCCOc2ccc(-c3cccs3)cc2)CC1,Scientific Literature,Binding affinity to the human cortical histamine H2 receptor,B,,,Bioorg Med Chem Lett,2002.0,Histamine H2 receptor,Ki,nM,4.48,374.51,3.96
CHEMBL105268,23988.33,CCOC(=O)N1CCN(CCCOc2ccc(-c3cccc(C#N)c3)cc2)CC1,Scientific Literature,Binding affinity at human cortical Histamine 2 receptor,B,Homo sapiens,,Bioorg Med Chem Lett,2002.0,Histamine H2 receptor,Ki,nM,4.62,393.49,3.77
CHEMBL317900,1659.59,CCOC(=O)N1CCN(CCCOc2ccc(-c3ccc(Br)cc3)cc2)CC1,Scientific Literature,Binding affinity to the human cortical histamine H2 receptor,B,,,Bioorg Med Chem Lett,2002.0,Histamine H2 receptor,Ki,nM,5.78,447.37,4.66
CHEMBL62808,34673.69,CCCCCC(=O)c1ccc(OCCCN2CCN(C(=O)[C@@H](N)Cc3ccncc3)CC2)cc1,Scientific Literature,Binding affinity towards Histamine H2 receptor from human membranes,B,,,Bioorg Med Chem Lett,2002.0,Histamine H2 receptor,Ki,nM,4.46,466.63,3.33
CHEMBL62804,41686.94,C[C@H](N)C(=O)N1CCN(CCCOc2ccc(C(=O)C3CC3)cc2)CC1,Scientific Literature,Binding affinity towards Histamine H2 receptor from human membranes,B,,,Bioorg Med Chem Lett,2002.0,Histamine H2 receptor,Ki,nM,4.38,359.47,1.54
CHEMBL4163428,285.0,CN1CCN(c2ccc3c(c2)CN(C(=O)OCc2ccccc2)C3)CC1,Scientific Literature,Displacement of [125I]-iodoaminopotentidine from human histamine H2 receptor expressed in stable HEK cells after 90 mins by microbeta scintillation counting method,B,Homo sapiens,,Eur J Med Chem,2018.0,Histamine H2 receptor,Ki,nM,6.54,351.45,3.09
CHEMBL61070,7943.28,CCOC(=O)N1CCN(CCCOc2ccc(C(=O)C3CCCCC3)cc2)CC1,Scientific Literature,Binding affinity for the human Histamine H2 receptor,B,,,Bioorg Med Chem Lett,2002.0,Histamine H2 receptor,Ki,nM,5.1,402.54,3.99
CHEMBL26880,1905.46,O=C(c1ccc(-c2ccc(OCCCN3CCCC3)cc2)cc1)N1CCCC1,Scientific Literature,Binding affinity towards human histamine (H2) receptor,B,,,Bioorg Med Chem Lett,2003.0,Histamine H2 receptor,Ki,nM,,378.52,4.45
CHEMBL5081713,100000.0,CN(C)c1ccc2c(-c3ccc(C(=O)NCCOCCOCCOCCNC(=O)C4CCN(Cc5ccc(OCCCN6CCCCC6)cc5)CC4)cc3C(=O)[O-])c3ccc(=[N+](C)C)cc-3oc2c1,Scientific Literature,Displacement of [3H]UR-DE25 from human H2R receptor expressed in HEK293 cells by radioligand competition binding assay,B,Homo sapiens,,J Med Chem,2021.0,Histamine H2 receptor,Ki,nM,,947.19,4.73
CHEMBL302886,31622.78,CCCCCC(=O)c1ccc(OCCCN2CCN(C(=O)C3CC3)CC2)cc1,Scientific Literature,Binding affinity for the human Histamine H2 receptor,B,,,Bioorg Med Chem Lett,2002.0,Histamine H2 receptor,Ki,nM,4.5,386.54,3.77
CHEMBL494093,31622.78,CN1CCN(c2nc(N)nc3c2CCc2ccccc2-3)CC1,Scientific Literature,Displacement of [3H]UR-DE257 from human histamine 2 receptor expressed in Sf9 cell membranes by liquid scintillation counting,B,Homo sapiens,,Bioorg Med Chem Lett,2016.0,Histamine H2 receptor,Ki,nM,4.5,295.39,1.58
CHEMBL302196,70794.58,C[C@@H](N)C(=O)N1CCN(CCCOc2ccc(C(=O)C3CC3)cc2)CC1,Scientific Literature,Binding affinity towards Histamine H2 receptor from human membranes,B,,,Bioorg Med Chem Lett,2002.0,Histamine H2 receptor,Ki,nM,4.15,359.47,1.54
CHEMBL64124,72443.6,N#CC[C@@H](N)C(=O)N1CCN(CCCOc2ccc(C(=O)C3CC3)cc2)CC1,Scientific Literature,Binding affinity towards Histamine H2 receptor from human membranes,B,,,Bioorg Med Chem Lett,2002.0,Histamine H2 receptor,Ki,nM,4.14,384.48,1.43
CHEMBL64120,50118.72,CC(C)(C)OC(=O)N1CCC[C@@H]1C(=O)N1CCN(CCCOc2ccc(C(=O)C3CC3)cc2)CC1,Scientific Literature,Binding affinity towards Histamine H2 receptor from human membranes,B,,,Bioorg Med Chem Lett,2002.0,Histamine H2 receptor,Ki,nM,4.3,485.63,3.59
CHEMBL554031,199526.23,NCCCCCCc1c[nH]cn1,Scientific Literature,"Binding affinity against human H2 receptor by the displacement of [125I]iodoaminopotentidine, bound to membranes of CHO cells.",B,,,J Med Chem,1995.0,Histamine H2 receptor,Ki,nM,,167.26,1.47
CHEMBL5077939,263.03,Cc1nc(N)sc1CCCN/C(N)=N/C(=O)NCCCCCCCCNC(=O)CCCCCN1/C(=C/C=C/C=C/C2=[N+](CCCCS(=O)(=O)O)c3ccccc3C2(C)C)c2cc(S(=O)(=O)[O-])ccc2C1(C)C.O=C(O)C(F)(F)F.O=C(O)C(F)(F)F.O=C(O)C(F)(F)F,Scientific Literature,Displacement of [3H]UR-DE257 from Gsalphas-coupled human H2R expressed in Sf9 cell membranes by competitive binding assay,B,Homo sapiens,,Bioorg Med Chem Lett,2021.0,Histamine H2 receptor,Ki,nM,6.58,1392.49,
CHEMBL5093461,263.03,CC1(C)C(/C=C/C=C/C=C2\c3ccccc3C(C)(C)N2CCCCCC(=O)NCCCCCCCCNC(=O)/N=C(\N)NCCCc2nnc(N)s2)=[N+](CCCCS(=O)(=O)[O-])c2ccccc21.O=C(O)C(F)(F)F.O=C(O)C(F)(F)F.O=C(O)C(F)(F)F,Scientific Literature,Displacement of [3H]UR-DE257 from Gsalphas-coupled human H2R expressed in Sf9 cell membranes by competitive binding assay,B,Homo sapiens,,Bioorg Med Chem Lett,2021.0,Histamine H2 receptor,Ki,nM,6.58,1299.39,7.79
CHEMBL5094663,21.88,Cc1nc(N)sc1CCCN/C(N)=N/C(=O)NCCCCCCNC(=O)CCCCCN1/C(=C/C=C/C=C/C2=[N+](C)c3ccccc3C2(C)C)c2ccccc2C1(C)C,Scientific Literature,Displacement of [3H]UR-DE257 from Gsalphas-coupled human H2R expressed in Sf9 cell membranes by competitive binding assay,B,Homo sapiens,,Bioorg Med Chem Lett,2021.0,Histamine H2 receptor,Ki,nM,7.66,821.17,8.23
CHEMBL440864,42657.95,CCOC(=O)N1CCN(CCCOc2ccc(C(=O)c3ccc(F)cc3)cc2)CC1,Scientific Literature,Binding affinity for the human Histamine H2 receptor,B,,,Bioorg Med Chem Lett,2002.0,Histamine H2 receptor,Ki,nM,4.37,414.48,3.6
CHEMBL4277264,8000.0,Cc1cc(Oc2nccc3occc23)ccc1-c1c(C)ncc2nccn12,Scientific Literature,Displacement of [125I]-Iodo-aminopotentidine from human histamine H2 receptor expressed in stable HEK cells after 90 mins by microbeta scintillation counting method,B,Homo sapiens,,J Med Chem,2019.0,Histamine H2 receptor,Ki,nM,5.1,356.39,4.95
CHEMBL62660,34673.69,CCCCCC(=O)c1ccc(OCCCN2CCN(C(=O)[C@H](N)CO)CC2)cc1,Scientific Literature,Binding affinity towards Histamine H2 receptor from human membranes,B,,,Bioorg Med Chem Lett,2002.0,Histamine H2 receptor,Ki,nM,4.46,405.54,1.68
CHEMBL60837,22908.68,CCCCCC(=O)c1ccc(OCCCN2CCN(C(=O)[C@@H](CO)NC(=O)OC(C)(C)C)CC2)cc1,Scientific Literature,Binding affinity towards Histamine H2 receptor from human membranes,B,,,Bioorg Med Chem Lett,2002.0,Histamine H2 receptor,Ki,nM,4.64,505.66,3.25
CHEMBL60360,7079.46,CCCCCC(=O)c1ccc(OCCCN2CCN(Cc3nccs3)CC2)cc1,Scientific Literature,Binding affinity for the human Histamine H2 receptor,B,,,Bioorg Med Chem Lett,2002.0,Histamine H2 receptor,Ki,nM,5.15,415.6,4.49
CHEMBL1643899,2148.0,Fc1cccc(CN[C@H]2C3C4CC5C6C4CC3C6C52)c1,Scientific Literature,Inhibition of histamine H2 receptor (unknown origin) by PDSP assay,B,Homo sapiens,,Bioorg Med Chem,2013.0,Histamine H2 receptor,Ki,nM,5.67,269.36,3.06
CHEMBL64059,10000.0,N[C@H](CCc1ccccc1)C(=O)N1CCN(CCCOc2ccc(C(=O)C3CC3)cc2)CC1,Scientific Literature,Binding affinity towards Histamine H2 receptor from human membranes,B,,,Bioorg Med Chem Lett,2002.0,Histamine H2 receptor,Ki,nM,5.0,449.6,3.15
CHEMBL64884,11748.98,CCCCCC(=O)c1ccc(OCCCN2CCN(C(=O)c3cccn3C)CC2)cc1,Scientific Literature,Binding affinity for the human Histamine H2 receptor,B,,,Bioorg Med Chem Lett,2002.0,Histamine H2 receptor,Ki,nM,4.93,425.57,4.02
CHEMBL62596,10000.0,O=C1C[C@@H](N2CCN(CCCOc3ccc(C(=O)C4CC4)cc3)CC2)N1,Scientific Literature,Binding affinity towards Histamine H2 receptor from human membranes,B,,,Bioorg Med Chem Lett,2002.0,Histamine H2 receptor,Ki,nM,5.0,357.45,1.51
CHEMBL4518374,10000.0,CC(C)(C)CNc1nccc(N2CCCNCC2)n1.O=C(O)C(F)(F)F.O=C(O)C(F)(F)F,Scientific Literature,Displacement of 20 nM [3H]UR-DE257 from human H2R expressed in Sf9 cell membranes co-expressing GsalphaS by competition binding assay,B,Homo sapiens,,J Med Chem,2019.0,Histamine H2 receptor,Ki,nM,,491.43,1.73
CHEMBL4443126,10000.0,CN[C@@H]1CCN(c2ccnc(NCC(C)(C)C)n2)C1.O=C(O)C(F)(F)F.O=C(O)C(F)(F)F,Scientific Literature,Displacement of 20 nM [3H]UR-DE257 from human H2R expressed in Sf9 cell membranes co-expressing GsalphaS by competition binding assay,B,Homo sapiens,,J Med Chem,2019.0,Histamine H2 receptor,Ki,nM,,491.43,1.73
CHEMBL62741,14125.38,CCCCCC(=O)c1ccc(OCCCN2CCN(C(=O)[C@H](N)CC(C)C)CC2)cc1,Scientific Literature,Binding affinity towards Histamine H2 receptor from human membranes,B,,,Bioorg Med Chem Lett,2002.0,Histamine H2 receptor,Ki,nM,4.85,431.62,3.74
CHEMBL1081648,10000.0,COc1cccc(-c2ccc(C(=O)N3CCN(C(=O)c4ccc5cc[nH]c5c4)[C@@H](C)C3)cc2)c1,Scientific Literature,Inhibition of histamine H2 receptor,B,,,Bioorg Med Chem Lett,2010.0,Histamine H2 receptor,Ki,nM,,453.54,4.83
CHEMBL105952,7585.78,CCOC(=O)N1CCN(CCCOc2ccc(-c3ccccc3[N+](=O)[O-])cc2)CC1,Scientific Literature,Binding affinity at human cortical Histamine 2 receptor,B,Homo sapiens,,Bioorg Med Chem Lett,2002.0,Histamine H2 receptor,Ki,nM,5.12,413.47,3.8
CHEMBL323517,4000.0,O=C(N[C@H]1CCN(CCCOc2ccc(C(=O)C3CC3)cc2)C1)c1csc(-c2cccnc2)n1,Scientific Literature,Binding affinity to the human Histamine H2 receptor,B,,,Bioorg Med Chem Lett,2002.0,Histamine H2 receptor,Ki,nM,5.4,476.6,4.07
CHEMBL320174,24000.0,CC(=O)c1ccc(OCCCN2CC[C@H](NC(=O)[C@H](C)NC(=O)OC(C)(C)C)C2)cc1,Scientific Literature,Binding affinity to the human Histamine H2 receptor,B,,,Bioorg Med Chem Lett,2002.0,Histamine H2 receptor,Ki,nM,4.62,433.55,2.76
CHEMBL293033,45708.82,CC(C)(C)OC[C@@H](N)C(=O)N1CCN(CCCOc2ccc(C(=O)C3CC3)cc2)CC1,Scientific Literature,Binding affinity towards Histamine H2 receptor from human membranes,B,,,Bioorg Med Chem Lett,2002.0,Histamine H2 receptor,Ki,nM,4.34,431.58,2.33
CHEMBL59715,19498.45,CCCCCC(=O)c1ccc(OCCCN2CCN(C(=O)c3c[nH]cn3)CC2)cc1,Scientific Literature,Binding affinity for the human Histamine H2 receptor,B,,,Bioorg Med Chem Lett,2002.0,Histamine H2 receptor,Ki,nM,4.71,412.53,3.4
CHEMBL64259,17782.79,CCCCCC(=O)c1ccc(OCCCN2CCN(C(=O)OC(C)C)CC2)cc1,Scientific Literature,Binding affinity for the human Histamine H2 receptor,B,,,Bioorg Med Chem Lett,2002.0,Histamine H2 receptor,Ki,nM,4.75,404.55,4.38
CHEMBL62949,2691.53,CCCCCCCCC(=O)c1ccc(OCCCN2CCN(C(=O)OCC)CC2)cc1,Scientific Literature,Binding affinity for the human Histamine H2 receptor,B,,,Bioorg Med Chem Lett,2002.0,Histamine H2 receptor,Ki,nM,5.57,432.61,5.16
CHEMBL429914,1000.0,C[C@@H]1CCCN1CCc1ccc(OCc2ccccc2)cc1,Scientific Literature,Antagonist activity at histamine H2 receptor by [35S]GTP-gamma-S binding assay,F,,,Bioorg Med Chem Lett,2008.0,Histamine H2 receptor,Ki,nM,,295.43,4.29
CHEMBL1082209,10000.0,C[C@H]1CN(C(=O)c2ccc(-c3cccc(C(F)(F)F)c3)cc2)CCN1C(=O)c1ccc2cc[nH]c2c1,Scientific Literature,Inhibition of histamine H2 receptor,B,,,Bioorg Med Chem Lett,2010.0,Histamine H2 receptor,Ki,nM,,491.51,5.84
CHEMBL66388,3781.0,c1ccc2c(NCCCN3CCCC3)c3c(nc2c1)CCCCC3,Scientific Literature,Compound was tested for its binding affinity towards human H2 receptor,B,,,Bioorg Med Chem Lett,2003.0,Histamine H2 receptor,Ki,nM,5.42,323.48,4.4
CHEMBL291394,22387.21,CCCCCC(=O)c1ccc(OCCCN2CCN(C(=O)c3ccncc3)CC2)cc1,Scientific Literature,Binding affinity for the human Histamine H2 receptor,B,,,Bioorg Med Chem Lett,2002.0,Histamine H2 receptor,Ki,nM,4.65,423.56,4.07
CHEMBL65518,17782.79,CCCCCC(=O)c1ccc(OCCCN2CCN(C(=O)N3CCOCC3)CC2)cc1,Scientific Literature,Binding affinity for the human Histamine H2 receptor,B,,,Bioorg Med Chem Lett,2002.0,Histamine H2 receptor,Ki,nM,4.75,431.58,3.29
CHEMBL4454158,10000.0,CC(C)(C)CNc1nccc(N2CCc3nc[nH]c3C2)n1.O=C(O)C(F)(F)F.O=C(O)C(F)(F)F,Scientific Literature,Displacement of 20 nM [3H]UR-DE257 from human H2R expressed in Sf9 cell membranes co-expressing GsalphaS by competition binding assay,B,Homo sapiens,,J Med Chem,2019.0,Histamine H2 receptor,Ki,nM,,514.43,2.22
CHEMBL1643902,4450.0,CN(CCc1cccc(F)c1)[C@H]1C2C3CC4C5C3CC2C5C41,Scientific Literature,Inhibition of H2 receptor,B,,,Bioorg Med Chem Lett,2011.0,Histamine H2 receptor,Ki,nM,5.35,297.42,3.45
CHEMBL4528651,10000.0,CC[C@H]1c2cc(C)ccc2OC[C@@]1(C)N,Scientific Literature,Displacement of [125I]-Iodoaminopotentidine from human recombinant histamine H2 receptor expressed in stable HEK cells after 90 mins by microbeta scintillation counting method,B,Homo sapiens,,ACS Med Chem Lett,2019.0,Histamine H2 receptor,Ki,nM,,205.3,2.6
CHEMBL2205814,1780.0,COc1ccc(CCN2C3C4C5CC6C7C5C3C7C2(O)C64)cc1OC,Scientific Literature,Binding affinity to Histamine H2 receptor,B,,,Bioorg Med Chem Lett,2012.0,Histamine H2 receptor,Ki,nM,5.75,339.44,2.01
CHEMBL419912,57543.99,CCOC(=O)N1CCN(CCCOc2ccc(-c3ccncc3)cc2)CC1,Scientific Literature,Binding affinity to the human cortical histamine H2 receptor,B,,,Bioorg Med Chem Lett,2002.0,Histamine H2 receptor,Ki,nM,4.24,369.47,3.29
CHEMBL5273718,26.0,CN(C)Cc1ccc(CSCCNc2nonc2N)o1,Scientific Literature,Antagonist activity at histamine H2 receptor (unknown origin) assessed as inhibition constant,B,Homo sapiens,,J Med Chem,2021.0,Histamine H2 receptor,Ki,nM,7.58,297.38,1.65
CHEMBL90,50118.72,NCCc1c[nH]cn1,Scientific Literature,Displacement of [125I]iodoaminopotentidine from human histamine H2 receptor expressed in CHO cells,B,Homo sapiens,,Bioorg Med Chem Lett,2010.0,Histamine H2 receptor,Ki,nM,4.3,111.15,-0.09
CHEMBL1632408,10000.0,Cc1nc(N)[se]c1CCN,Scientific Literature,Displacement of [125I]iodoaminopotentidine from human histamine H2 receptor expressed in CHO cells,B,Homo sapiens,,Bioorg Med Chem Lett,2010.0,Histamine H2 receptor,Ki,nM,5.0,204.13,
CHEMBL12608,501.19,Cc1[nH]cnc1CSCCNC(=N)NCCCc1c[nH]cn1,Scientific Literature,Displacement of [125I]iodoaminopotentidine from human histamine H2 receptor expressed in CHO cells,B,Homo sapiens,,Bioorg Med Chem Lett,2010.0,Histamine H2 receptor,Ki,nM,6.3,321.45,1.42
CHEMBL303369,31622.78,CCCCCC(=O)c1ccc(OCCCN2CCN(C(=O)[C@H](N)C(C)C)CC2)cc1,Scientific Literature,Binding affinity towards Histamine H2 receptor from human membranes,B,,,Bioorg Med Chem Lett,2002.0,Histamine H2 receptor,Ki,nM,4.5,417.59,3.35
CHEMBL104618,1550.0,O=C(c1ccc(OCCCN2CC[C@H](NS(=O)(=O)c3ccccc3F)C2)cc1)C1CC1,Scientific Literature,Binding affinity to the human Histamine H2 receptor,B,,,Bioorg Med Chem Lett,2002.0,Histamine H2 receptor,Ki,nM,5.81,446.54,3.24
CHEMBL72571,3981.07,S=C(NCCCCCc1c[nH]cn1)NC1CCCCC1,Scientific Literature,Displacement of [125 I]iodoaminopotentidine bound to membranes of CHO cells expressing human H2 receptors,B,Homo sapiens,,J Med Chem,1995.0,Histamine H2 receptor,Ki,nM,5.4,294.47,2.92
CHEMBL449040,2137.96,CCCCCCCC(=O)c1ccc(OCCCN2CCN(C(=O)OCC)CC2)cc1,Scientific Literature,Binding affinity for the human Histamine H2 receptor,B,,,Bioorg Med Chem Lett,2002.0,Histamine H2 receptor,Ki,nM,5.67,418.58,4.77
CHEMBL59798,9549.93,CCCCCC(=O)c1ccc(OCCCN2CCN(CC(C)C)CC2)cc1,Scientific Literature,Binding affinity for the human Histamine H2 receptor,B,,,Bioorg Med Chem Lett,2002.0,Histamine H2 receptor,Ki,nM,5.02,374.57,4.49
CHEMBL4871482,147.91,Cc1nc(N)sc1CCCN/C(N)=N/C(=O)NCC(C)c1ccc(C(C)C)cc1,Scientific Literature,Displacement of [3H]UR-DE257 from human histamine H2 receptor expressed in sf9 insect cell membranes co-expressing GSalphaS incubated for 60 mins by microbeta scintillation counting method,B,Homo sapiens,,Eur J Med Chem,2021.0,Histamine H2 receptor,Ki,nM,6.83,416.6,3.51
CHEMBL4856200,1445.44,Cc1nc(N)sc1CCCN/C(N)=N/C(=S)NCC(c1ccccc1)c1ccccc1,Scientific Literature,Displacement of [3H]UR-DE257 from human histamine H2 receptor expressed in sf9 insect cell membranes co-expressing GSalphaS incubated for 60 mins by microbeta scintillation counting method,B,Homo sapiens,,Eur J Med Chem,2021.0,Histamine H2 receptor,Ki,nM,5.84,452.65,3.58
CHEMBL5209081,457.09,CCCCCNC(=O)/N=C(\N)Nc1ccc(-c2sc(N)nc2C)cc1.O=C(O)C(F)(F)F.O=C(O)C(F)(F)F,Scientific Literature,Displacement of [3H]UR-DE257 from human histamine H2 receptor stably expressed in baculovirus infected Sf9 cell membrane co-expressing RG-Salpha S incubated for 60 mins by scintillation counting analysis,B,Homo sapiens,,J Med Chem,2021.0,Histamine H2 receptor,Ki,nM,6.34,588.53,3.33
CHEMBL5189006,1819.7,Cc1nnc(CCCN/C(N)=N/C(=O)NCCCCCCCCN)s1.O=C(O)C(F)(F)F.O=C(O)C(F)(F)F,Scientific Literature,Displacement of [3H]UR-DE257 from human histamine H2 receptor stably expressed in baculovirus infected Sf9 cell membrane co-expressing RG-Salpha S incubated for 60 mins by scintillation counting analysis,B,Homo sapiens,,J Med Chem,2021.0,Histamine H2 receptor,Ki,nM,5.74,597.58,1.69
CHEMBL5188592,4466.84,C[C@@H](NC(=O)/N=C(\N)NCCCn1cc(CN(C)C)nn1)c1ccccc1.O=C(O)C(F)(F)F.O=C(O)C(F)(F)F.O=C(O)C(F)(F)F,Scientific Literature,Displacement of [3H]UR-DE257 from human histamine H2 receptor stably expressed in baculovirus infected Sf9 cell membrane co-expressing RG-Salpha S incubated for 60 mins by scintillation counting analysis,B,Homo sapiens,,J Med Chem,2021.0,Histamine H2 receptor,Ki,nM,5.35,714.54,1.1
CHEMBL474991,850.0,CC(C)(C)c1ccc(-c2nc3c(N4CCN(Cc5ccc6nccnc6c5)CC4)cccc3[nH]2)cc1,Scientific Literature,Inhibition of human histamine H2 receptor,B,Homo sapiens,,J Med Chem,2009.0,Histamine H2 receptor,Ki,nM,6.07,476.63,5.79
CHEMBL594731,1000.0,Cc1ccccc1CNc1cc(N2CCN(C)CC2)nc(N)n1,Scientific Literature,Displacement of [3H]tiotidine from GsalphaS-fused human histamine H2 receptor expressed in Sf9 cells,B,Homo sapiens,,Bioorg Med Chem,2009.0,Histamine H2 receptor,Ki,nM,,312.42,1.73
CHEMBL64461,53703.18,O=C(c1ccc(OCCCN2CCN(C(=O)[C@H]3CCCN3)CC2)cc1)C1CC1,Scientific Literature,Binding affinity towards Histamine H2 receptor from human membranes,B,,,Bioorg Med Chem Lett,2002.0,Histamine H2 receptor,Ki,nM,4.27,385.51,1.94
CHEMBL62840,39810.72,CCOC(=O)N1CCN(CCCOc2ccc(C(C)=O)cc2)CC1,Scientific Literature,Binding affinity for the human Histamine H2 receptor,B,,,Bioorg Med Chem Lett,2002.0,Histamine H2 receptor,Ki,nM,4.4,334.42,2.43
CHEMBL64100,10232.93,CCCCCC(=O)c1ccc(OCCCN2CCN(C(=O)C3CCC3)CC2)cc1,Scientific Literature,Binding affinity for the human Histamine H2 receptor,B,,,Bioorg Med Chem Lett,2002.0,Histamine H2 receptor,Ki,nM,4.99,400.56,4.16
CHEMBL64799,12589.25,CCOC(=O)N1CCN(CCCOc2ccc(C(=O)Cc3ccccc3)cc2)CC1,Scientific Literature,Binding affinity for the human Histamine H2 receptor,B,,,Bioorg Med Chem Lett,2002.0,Histamine H2 receptor,Ki,nM,4.9,410.51,3.66
CHEMBL70811,1584.89,S=C(NCCCCCc1c[nH]cn1)NCc1ccccc1,Scientific Literature,Displacement of [125 I]iodoaminopotentidine bound to membranes of CHO cells expressing human H2 receptors,B,Homo sapiens,,J Med Chem,1995.0,Histamine H2 receptor,Ki,nM,5.8,302.45,2.79
CHEMBL4846380,31.62,Cc1nc(N)sc1CCCN/C(N)=N/C(=O)NC(C)c1ccco1,Scientific Literature,Displacement of [3H]UR-DE257 from human histamine H2 receptor expressed in sf9 insect cell membranes co-expressing GSalphaS incubated for 60 mins by microbeta scintillation counting method,B,Homo sapiens,,Eur J Med Chem,2021.0,Histamine H2 receptor,Ki,nM,7.5,350.45,1.93
CHEMBL4848815,77.62,CCC(CNC(=O)/N=C(\N)NCCCc1sc(N)nc1C)c1ccccc1,Scientific Literature,Displacement of [3H]UR-DE257 from human histamine H2 receptor expressed in sf9 insect cell membranes co-expressing GSalphaS incubated for 60 mins by microbeta scintillation counting method,B,Homo sapiens,,Eur J Med Chem,2021.0,Histamine H2 receptor,Ki,nM,7.11,388.54,2.77
CHEMBL4856572,102.33,Cc1nc(N)sc1CCCN/C(N)=N/C(=O)NCC(c1ccccc1)C(C)C,Scientific Literature,Displacement of [3H]UR-DE257 from human histamine H2 receptor expressed in sf9 insect cell membranes co-expressing GSalphaS incubated for 60 mins by microbeta scintillation counting method,B,Homo sapiens,,Eur J Med Chem,2021.0,Histamine H2 receptor,Ki,nM,6.99,402.57,3.02
CHEMBL4853772,114.82,Cc1nc(N)sc1CCCN/C(N)=N/C(=S)N[C@H](C)c1ccccc1,Scientific Literature,Displacement of [3H]UR-DE257 from human histamine H2 receptor expressed in sf9 insect cell membranes co-expressing GSalphaS incubated for 60 mins by microbeta scintillation counting method,B,Homo sapiens,,Eur J Med Chem,2021.0,Histamine H2 receptor,Ki,nM,6.94,376.56,2.51
CHEMBL4871221,3981.07,N/C(=N\C(=O)NCCc1ccccc1)Nc1cccc(-c2csc(N)n2)c1,Scientific Literature,Displacement of [3H]UR-DE257 from human histamine H2 receptor expressed in sf9 insect cell membranes co-expressing GSalphaS incubated for 60 mins by microbeta scintillation counting method,B,Homo sapiens,,Eur J Med Chem,2021.0,Histamine H2 receptor,Ki,nM,5.4,380.48,3.07
CHEMBL104344,290.0,O=C(c1ccc(OCCCN2CC[C@H](NS(=O)(=O)c3ccc(Cl)cc3)C2)cc1)C1CC1,Scientific Literature,Binding affinity to the human Histamine H2 receptor,B,,,Bioorg Med Chem Lett,2002.0,Histamine H2 receptor,Ki,nM,6.54,463.0,3.75
CHEMBL1632412,1000.0,Cc1ccc2[nH]c(/C(=N\O)C3CCN(C)CC3)cc2c1,Scientific Literature,Binding affinity to human recombinant histamine H2 receptor expressed in human SK-N-MC cells by radioligand displacement assay,B,Homo sapiens,,Bioorg Med Chem Lett,2010.0,Histamine H2 receptor,Ki,nM,,271.36,3.0
CHEMBL2031737,923.0,C[C@@H]1CCCN1CCc1cc2cc(C(=O)c3ccc([N+](=O)[O-])cc3)ccc2o1,Scientific Literature,Binding affinity to human recombinant H2 receptor,B,Homo sapiens,,J Med Chem,2012.0,Histamine H2 receptor,Ki,nM,6.04,378.43,4.6
CHEMBL526307,100000000.0,COc1cc(C(C)C)c(Oc2cnc(N)nc2N)cc1I,Scientific Literature,Inhibition of histamine H2 receptor,B,,,Bioorg Med Chem Lett,2009.0,Histamine H2 receptor,Ki,nM,,400.22,3.17
CHEMBL59931,57543.99,CC(C)(C)C[C@@H](N)C(=O)N1CCN(CCCOc2ccc(C(=O)C3CC3)cc2)CC1,Scientific Literature,Binding affinity towards Histamine H2 receptor from human membranes,B,,,Bioorg Med Chem Lett,2002.0,Histamine H2 receptor,Ki,nM,4.24,415.58,2.96
CHEMBL64408,12022.64,CCCCCC(=O)c1ccc(OCCCN2CCN(C(=O)OC)CC2)cc1,Scientific Literature,Binding affinity for the human Histamine H2 receptor,B,,,Bioorg Med Chem Lett,2002.0,Histamine H2 receptor,Ki,nM,4.92,376.5,3.6
CHEMBL3752270,6918.31,CN1CCN(c2nc(NCc3ccccc3)nc3c2CCc2ccccc2-3)CC1,Scientific Literature,Displacement of [3H]UR-DE257 from human histamine 2 receptor expressed in Sf9 cell membranes by liquid scintillation counting,B,Homo sapiens,,Bioorg Med Chem Lett,2016.0,Histamine H2 receptor,Ki,nM,5.16,385.52,3.61
CHEMBL519609,1400.0,CCN(CC)CCCOC(=O)N1c2ccccc2Sc2ccccc21,Scientific Literature,Antagonist activity at histamine H2 receptor (unknown origin) by PDSP assay,B,Homo sapiens,,Bioorg Med Chem Lett,2013.0,Histamine H2 receptor,Ki,nM,5.85,356.49,5.16
CHEMBL3804906,10000.0,CN/C(=N\C#N)NC[C@H]1CC[C@H](c2c[nH]cn2)C1,Scientific Literature,Displacement of [3H]tiotidine from human histamine H2 receptor expressed in sf9 cell membrane co-expressing Gsalphas incubated for 60 mins by liquid scintillation counting method,B,Homo sapiens,,J Med Chem,2016.0,Histamine H2 receptor,Ki,nM,,246.32,0.94
CHEMBL3806162,10000.0,CN/C(=N\C#N)NC[C@H]1CC[C@@H](c2c[nH]cn2)C1,Scientific Literature,Displacement of [3H]tiotidine from human histamine H2 receptor expressed in sf9 cell membrane co-expressing Gsalphas incubated for 60 mins by liquid scintillation counting method,B,Homo sapiens,,J Med Chem,2016.0,Histamine H2 receptor,Ki,nM,,246.32,0.94
CHEMBL3805220,9820.0,N#C/N=C(/NCCSc1ccccc1)NC[C@@H]1CC[C@@H](c2c[nH]cn2)C1,Scientific Literature,Displacement of [3H]tiotidine from human histamine H2 receptor expressed in sf9 cell membrane co-expressing Gsalphas incubated for 60 mins by liquid scintillation counting method,B,Homo sapiens,,J Med Chem,2016.0,Histamine H2 receptor,Ki,nM,5.01,368.51,3.1
CHEMBL105567,97723.72,CCOC(=O)N1CCN(CCCOc2ccc(-c3ccsc3)cc2)CC1,Scientific Literature,Binding affinity to the human cortical histamine H2 receptor,B,,,Bioorg Med Chem Lett,2002.0,Histamine H2 receptor,Ki,nM,4.01,374.51,3.96
CHEMBL2112461,15135.61,C[C@@]1(O)CCN(CCCOc2ccc(-c3ccc(C#N)cc3)cc2)C1,Scientific Literature,Binding affinity to the human cortical histamine H2 receptor,B,,,Bioorg Med Chem Lett,2002.0,Histamine H2 receptor,Ki,nM,4.82,336.44,3.45
CHEMBL103027,1800.0,Cc1cccc(S(=O)(=O)N[C@H]2CCN(CCCOc3ccc(C(=O)C4CC4)cc3)C2)c1,Scientific Literature,Binding affinity to the human Histamine H2 receptor,B,,,Bioorg Med Chem Lett,2002.0,Histamine H2 receptor,Ki,nM,5.75,442.58,3.41
CHEMBL64667,14791.08,CCCCCC(=O)c1ccc(OCCCN2CCN(C(=O)N3CCCC3)CC2)cc1,Scientific Literature,Binding affinity for the human Histamine H2 receptor,B,,,Bioorg Med Chem Lett,2002.0,Histamine H2 receptor,Ki,nM,4.83,415.58,4.05
CHEMBL62312,19952.62,CCCCCC(=O)c1ccc(OCCCN2CCN(C(=O)c3ccco3)CC2)cc1,Scientific Literature,Binding affinity for the human Histamine H2 receptor,B,,,Bioorg Med Chem Lett,2002.0,Histamine H2 receptor,Ki,nM,4.7,412.53,4.27
CHEMBL105967,7762.47,N#Cc1ccc(-c2ccc(OCCCN3CCCNCC3)cc2)cc1,Scientific Literature,Binding affinity to the human cortical histamine H2 receptor,B,,,Bioorg Med Chem Lett,2002.0,Histamine H2 receptor,Ki,nM,5.11,335.45,3.29
CHEMBL3805437,10000.0,CN/C(=N\C#N)NC[C@@H]1CC[C@@H](c2c[nH]cn2)C1,Scientific Literature,Displacement of [3H]tiotidine from human histamine H2 receptor expressed in sf9 cell membrane co-expressing Gsalphas incubated for 60 mins by liquid scintillation counting method,B,Homo sapiens,,J Med Chem,2016.0,Histamine H2 receptor,Ki,nM,,246.32,0.94
CHEMBL3806206,10000.0,CN/C(=N\C#N)NC[C@@H]1CC[C@H](c2c[nH]cn2)C1,Scientific Literature,Displacement of [3H]tiotidine from human histamine H2 receptor expressed in sf9 cell membrane co-expressing Gsalphas incubated for 60 mins by liquid scintillation counting method,B,Homo sapiens,,J Med Chem,2016.0,Histamine H2 receptor,Ki,nM,,246.32,0.94
CHEMBL4543119,10000.0,CN1CCCN(c2ccnc(NCC(C)(C)C)n2)CC1.O=C(O)C(F)(F)F.O=C(O)C(F)(F)F,Scientific Literature,Displacement of 5 nM [3H-pyrilamine from human H1R expressed in Sf9 cell membranes co-expressing RGS4 by competition binding assay,B,Homo sapiens,,J Med Chem,2019.0,Histamine H2 receptor,Ki,nM,,505.46,2.08
CHEMBL4576393,1000.0,CC(C)(C)CNc1nccc(N2CCN(C(=N)N)CC2)n1.O=C(O)C(F)(F)F.O=C(O)C(F)(F)F,Scientific Literature,Displacement of 5 nM [3H-pyrilamine from human H1R expressed in Sf9 cell membranes co-expressing RGS4 by competition binding assay,B,Homo sapiens,,J Med Chem,2019.0,Histamine H2 receptor,Ki,nM,,519.45,0.95
CHEMBL4471442,10000.0,CC(C)(C)CNc1nccc(N2CCCN(C(=N)N)CC2)n1.O=C(O)C(F)(F)F.O=C(O)C(F)(F)F,Scientific Literature,Displacement of 5 nM [3H-pyrilamine from human H1R expressed in Sf9 cell membranes co-expressing RGS4 by competition binding assay,B,Homo sapiens,,J Med Chem,2019.0,Histamine H2 receptor,Ki,nM,,533.47,1.34
CHEMBL64896,12302.69,O=C(c1ccc(OCCCN2CCN(C(=O)[C@@H]3CCN3)CC2)cc1)C1CC1,Scientific Literature,Binding affinity towards Histamine H2 receptor from human membranes,B,,,Bioorg Med Chem Lett,2002.0,Histamine H2 receptor,Ki,nM,4.91,371.48,1.55
CHEMBL2037608,10000.0,COCn1ncc(-c2ccc(OCCCN3CCC[C@H]3C)cc2)cc1=O,Scientific Literature,Binding affinity to human histamine H2 receptor,B,Homo sapiens,,Bioorg Med Chem,2012.0,Histamine H2 receptor,Ki,nM,,357.45,2.77
CHEMBL3217984,79.43,CN1CCC2C(C1)c1cccc3c1N2c1ccccc1CS3,Scientific Literature,Binding affinity to H2 histamine receptor (unknown origin) by PDSP assay,B,Homo sapiens,,Medchemcomm,2012.0,Histamine H2 receptor,Ki,nM,7.1,308.45,4.23
CHEMBL1243367,10000.0,FC(F)(F)c1ccc(SCC(c2ccncc2)c2c[nH]cn2)cc1,Scientific Literature,Binding affinity to human histamine H2 receptor,B,Homo sapiens,,J Med Chem,2010.0,Histamine H2 receptor,Ki,nM,,349.38,4.75
CHEMBL210514,1220.0,COc1nc(NCCCN2CCOCC2)nc(OC)c1NC(=O)c1ccc(Oc2cc3c(cc2C)CCC3(C)C)o1,Scientific Literature,Binding affinity to H2 receptor,B,Homo sapiens,,J Med Chem,2006.0,Histamine H2 receptor,Ki,nM,5.91,565.67,4.8
CHEMBL302445,14454.4,CCCCCC(=O)c1ccc(OCCCN2CCNCC2)cc1,Scientific Literature,Binding affinity for the human Histamine H2 receptor,B,,,Bioorg Med Chem Lett,2002.0,Histamine H2 receptor,Ki,nM,4.84,318.46,3.12
CHEMBL264761,22387.21,C=C(C)C(=O)c1ccc(OCCCN2CCN(C(=O)OCC)CC2)cc1,Scientific Literature,Binding affinity for the human Histamine H2 receptor,B,,,Bioorg Med Chem Lett,2002.0,Histamine H2 receptor,Ki,nM,4.65,360.45,2.99
CHEMBL5183205,22.91,CCCCCNC(=O)/N=C(\N)NCCCc1cnc(N)s1.O=C(O)C(F)(F)F.O=C(O)C(F)(F)F,Scientific Literature,Displacement of [3H]UR-DE257 from human histamine H2 receptor stably expressed in baculovirus infected Sf9 cell membrane co-expressing RG-Salpha S incubated for 60 mins by scintillation counting analysis,B,Homo sapiens,,J Med Chem,2021.0,Histamine H2 receptor,Ki,nM,7.64,540.49,1.46
CHEMBL229429,10000.0,N#Cc1cc(F)cc(C#Cc2csc(CF)n2)c1,Scientific Literature,Binding affinity to from histamine H2 receptor,B,Homo sapiens,,J Med Chem,2007.0,Histamine H2 receptor,Ki,nM,,260.27,3.02
CHEMBL72372,1584.89,S=C(NCCCCCc1c[nH]cn1)NCc1ccc(Cl)cc1,Scientific Literature,Displacement of [125 I]iodoaminopotentidine bound to membranes of CHO cells expressing human H2 receptors,B,Homo sapiens,,J Med Chem,1995.0,Histamine H2 receptor,Ki,nM,5.8,336.89,3.44
CHEMBL64608,10232.93,C[C@@H](CN)C(=O)N1CCN(CCCOc2ccc(C(=O)C3CC3)cc2)CC1,Scientific Literature,Binding affinity towards Histamine H2 receptor from human membranes,B,,,Bioorg Med Chem Lett,2002.0,Histamine H2 receptor,Ki,nM,4.99,373.5,1.79
CHEMBL64406,83176.38,C[C@@H](NC(=O)OC(C)(C)C)C(=O)N1CCN(CCCOc2ccc(C(=O)C3CC3)cc2)CC1,Scientific Literature,Binding affinity towards Histamine H2 receptor from human membranes,B,,,Bioorg Med Chem Lett,2002.0,Histamine H2 receptor,Ki,nM,4.08,459.59,3.11
CHEMBL3769968,3388.0,C=CCOc1cc(F)c(F)cc1C1CC1CN.Cl,Scientific Literature,Binding affinity to histamine H2 receptor (unknown origin) by radioligand binding assay,B,Homo sapiens,,J Med Chem,2016.0,Histamine H2 receptor,Ki,nM,5.47,275.73,2.59
CHEMBL1626,364.0,CN1CCC[C@@H]1CCO[C@](C)(c1ccccc1)c1ccc(Cl)cc1,DrugMatrix,DRUGMATRIX: Histamine H2 radioligand binding (ligand: [125I] Aminopotentidine),B,,,,,Histamine H2 receptor,Ki,nM,6.44,343.9,5.1
CHEMBL5207281,3.02,CCCCCNC(=O)/N=C(\N)NCCCc1nnc(N)s1.O=C(O)C(F)(F)F.O=C(O)C(F)(F)F,Scientific Literature,Displacement of [3H]UR-DE257 from human histamine H2 receptor stably expressed in baculovirus infected Sf9 cell membrane co-expressing RG-Salpha S incubated for 60 mins by scintillation counting analysis,B,Homo sapiens,,J Med Chem,2021.0,Histamine H2 receptor,Ki,nM,8.52,541.48,0.86
CHEMBL2432058,3038.0,CN(CCc1ccccc1)[C@H]1C2C3CC4C5C3CC2C5C41,Scientific Literature,Inhibition of histamine H2 receptor (unknown origin) by PDSP assay,B,Homo sapiens,,Bioorg Med Chem,2013.0,Histamine H2 receptor,Ki,nM,5.52,279.43,3.31
CHEMBL5174342,331.13,Cc1ccc(CC(C)CNC(=O)/N=C(\N)Nc2ccc(-c3sc(N)nc3C)cc2)cc1.O=C(O)C(F)(F)F.O=C(O)C(F)(F)F,Scientific Literature,Displacement of [3H]UR-DE257 from human histamine H2 receptor stably expressed in baculovirus infected Sf9 cell membrane co-expressing RG-Salpha S incubated for 60 mins by scintillation counting analysis,B,Homo sapiens,,J Med Chem,2021.0,Histamine H2 receptor,Ki,nM,6.48,664.63,4.32
CHEMBL5179906,234.42,Cc1nc(N)sc1-c1cccc(N/C(N)=N/C(=O)NCC(C)CCCc2ccccc2)c1.O=C(O)C(F)(F)F.O=C(O)C(F)(F)F,Scientific Literature,Displacement of [3H]UR-DE257 from human histamine H2 receptor stably expressed in baculovirus infected Sf9 cell membrane co-expressing RG-Salpha S incubated for 60 mins by scintillation counting analysis,B,Homo sapiens,,J Med Chem,2021.0,Histamine H2 receptor,Ki,nM,6.63,678.66,4.8
CHEMBL1632411,1000.0,CN1CCC(/C(=N/O)c2cc3ccccc3[nH]2)CC1,Scientific Literature,Binding affinity to human recombinant histamine H2 receptor expressed in human SK-N-MC cells by radioligand displacement assay,B,Homo sapiens,,Bioorg Med Chem Lett,2010.0,Histamine H2 receptor,Ki,nM,,257.34,2.69
CHEMBL62527,29512.09,CCCCCC(=O)c1ccc(OCCCN2CCN(C(=O)C(C)C)CC2)cc1,Scientific Literature,Binding affinity for the human Histamine H2 receptor,B,,,Bioorg Med Chem Lett,2002.0,Histamine H2 receptor,Ki,nM,4.53,388.55,4.02
CHEMBL319231,50000.0,CC(=O)c1ccc(OCCCN2CC[C@H](N)C2)cc1,Scientific Literature,Binding affinity to the human Histamine H2 receptor,B,,,Bioorg Med Chem Lett,2002.0,Histamine H2 receptor,Ki,nM,4.3,262.35,1.69
CHEMBL72372,1584.89,S=C(NCCCCCc1c[nH]cn1)NCc1ccc(Cl)cc1,Scientific Literature,Displacement of [125I]iodoaminopotentidine from human histamine H2 receptor expressed in CHO cells,B,Homo sapiens,,Bioorg Med Chem Lett,2010.0,Histamine H2 receptor,Ki,nM,5.8,336.89,3.44
CHEMBL4534254,10000.0,CN1CCN(c2ccnc(NCC(C)(C)C)n2)CC1.O=C(O)C(F)(F)F.O=C(O)C(F)(F)F,Scientific Literature,Displacement of 5 nM [3H-pyrilamine from human H1R expressed in Sf9 cell membranes co-expressing RGS4 by competition binding assay,B,Homo sapiens,,J Med Chem,2019.0,Histamine H2 receptor,Ki,nM,,491.43,1.69
CHEMBL418666,10715.19,CC[C@H](N)C(=O)N1CCN(CCCOc2ccc(C(=O)C3CC3)cc2)CC1,Scientific Literature,Binding affinity towards Histamine H2 receptor from human membranes,B,,,Bioorg Med Chem Lett,2002.0,Histamine H2 receptor,Ki,nM,4.97,373.5,1.93
CHEMBL60189,20417.38,N[C@H](Cc1ccc(-c2ccccc2)cc1)C(=O)N1CCN(CCCOc2ccc(C(=O)C3CC3)cc2)CC1,Scientific Literature,Binding affinity towards Histamine H2 receptor from human membranes,B,,,Bioorg Med Chem Lett,2002.0,Histamine H2 receptor,Ki,nM,4.69,511.67,4.43
CHEMBL302468,24547.09,N[C@@H](C(=O)N1CCN(CCCOc2ccc(C(=O)C3CC3)cc2)CC1)c1ccccc1,Scientific Literature,Binding affinity towards Histamine H2 receptor from human membranes,B,,,Bioorg Med Chem Lett,2002.0,Histamine H2 receptor,Ki,nM,4.61,421.54,2.89
CHEMBL417215,39810.72,N[C@H](Cc1ccc(F)cc1)C(=O)N1CCN(CCCOc2ccc(C(=O)C3CC3)cc2)CC1,Scientific Literature,Binding affinity towards Histamine H2 receptor from human membranes,B,,,Bioorg Med Chem Lett,2002.0,Histamine H2 receptor,Ki,nM,4.4,453.56,2.9
CHEMBL105071,730.0,CC(C)(C)c1ccc(S(=O)(=O)N[C@H]2CCN(CCCOc3ccc(C(=O)C4CC4)cc3)C2)cc1,Scientific Literature,Binding affinity to the human Histamine H2 receptor,B,,,Bioorg Med Chem Lett,2002.0,Histamine H2 receptor,Ki,nM,6.14,484.66,4.4
CHEMBL294502,31622.78,CCCCCC(=O)c1ccc(OCCCN2CCN(C(=O)CC)CC2)cc1,Scientific Literature,Binding affinity for the human Histamine H2 receptor,B,,,Bioorg Med Chem Lett,2002.0,Histamine H2 receptor,Ki,nM,4.5,374.53,3.77
CHEMBL1172775,1000.0,COc1ccc(N2CCC(Cc3c[nH]cn3)CC2)cc1,Scientific Literature,Displacement of [125I]aminopotentidine from human histamine H2 receptor expressed in CHO-K1 cells after 1 hr by liquid scintillation counting,B,Homo sapiens,,Bioorg Med Chem,2010.0,Histamine H2 receptor,Ki,nM,,271.36,2.88
CHEMBL4576393,10000.0,CC(C)(C)CNc1nccc(N2CCN(C(=N)N)CC2)n1.O=C(O)C(F)(F)F.O=C(O)C(F)(F)F,Scientific Literature,Displacement of 20 nM [3H]UR-DE257 from human H2R expressed in Sf9 cell membranes co-expressing GsalphaS by competition binding assay,B,Homo sapiens,,J Med Chem,2019.0,Histamine H2 receptor,Ki,nM,,519.45,0.95
CHEMBL1242950,1000.0,CCCCC1CCN(CCCC(=O)c2ccccc2C)CC1,Scientific Literature,Binding affinity to human histamine H2 receptor by radioligand displacement assay,B,Homo sapiens,,J Med Chem,2010.0,Histamine H2 receptor,Ki,nM,,301.47,4.86
CHEMBL4740135,5487.0,Clc1cccc(-c2ccc(OCCCN3CCN(c4ccncc4)CC3)cc2)c1,Scientific Literature,Displacement of [3H]UR-DE257 from Gsalphas-coupled human H2R expressed in Sf9 cell membranes measured after 60 mins by scintillation counting analysis,B,Homo sapiens,,Eur J Med Chem,2021.0,Histamine H2 receptor,Ki,nM,5.26,407.95,4.99
CHEMBL62421,40738.03,CCCCCC(=O)c1ccc(OCCCN2CCN(C(=O)[C@@H](C)N)CC2)cc1,Scientific Literature,Binding affinity towards Histamine H2 receptor from human membranes,B,,,Bioorg Med Chem Lett,2002.0,Histamine H2 receptor,Ki,nM,4.39,389.54,2.71
CHEMBL59733,97723.72,N[C@H](Cc1nccs1)C(=O)N1CCN(CCCOc2ccc(C(=O)C3CC3)cc2)CC1,Scientific Literature,Binding affinity towards Histamine H2 receptor from human membranes,B,,,Bioorg Med Chem Lett,2002.0,Histamine H2 receptor,Ki,nM,4.01,442.59,2.22
CHEMBL60598,13489.63,CCCCCC(=O)c1ccc(OCCCN2CCN(C(=O)[C@H](NC(=O)OC(C)(C)C)C(C)C)CC2)cc1,Scientific Literature,Binding affinity towards Histamine H2 receptor from human membranes,B,,,Bioorg Med Chem Lett,2002.0,Histamine H2 receptor,Ki,nM,4.87,517.71,4.91
CHEMBL44220,19952.62,C/N=C(\S)NCCCCCc1c[nH]cn1,Scientific Literature,Displacement of [125 I]iodoaminopotentidine bound to membranes of CHO cells expressing human H2 receptors,B,Homo sapiens,,J Med Chem,1995.0,Histamine H2 receptor,Ki,nM,4.7,226.35,1.63
CHEMBL2376800,14125.38,CCc1cnc2c(N3CC(NC)C3)nc(N)nc2c1,Scientific Literature,Displacement of [3H]histamine from human histamine H2 receptor expressed in HEK cells,B,Homo sapiens,,Bioorg Med Chem Lett,2013.0,Histamine H2 receptor,Ki,nM,4.85,258.33,0.58
CHEMBL451821,10000.0,CN[C@@H](C(=O)N(C)[C@H]1CC[C@@]2(C)C(=CC[C@H]3[C@@H]4CC[C@@H]5[C@H](C)N(C)C[C@@]54CC[C@@H]32)C1)C(C)C,Scientific Literature,Displacement of [3H]tiotidine from human histamine H2 receptor,B,Homo sapiens,,J Med Chem,2008.0,Histamine H2 receptor,Ki,nM,,455.73,4.95
CHEMBL1082211,10000.0,C[C@H]1CN(C(=O)c2ccc(-c3ccccc3)cc2)CCN1C(=O)c1ccc2cc[nH]c2c1,Scientific Literature,Inhibition of histamine H2 receptor,B,,,Bioorg Med Chem Lett,2010.0,Histamine H2 receptor,Ki,nM,,423.52,4.82
CHEMBL305371,33113.11,N[C@H](Cc1ccc(O)cc1)C(=O)N1CCN(CCCOc2ccc(C(=O)C3CC3)cc2)CC1,Scientific Literature,Binding affinity towards Histamine H2 receptor from human membranes,B,,,Bioorg Med Chem Lett,2002.0,Histamine H2 receptor,Ki,nM,4.48,451.57,2.47
CHEMBL61288,10715.19,C[C@H](CN)C(=O)N1CCN(CCCOc2ccc(C(=O)C3CC3)cc2)CC1,Scientific Literature,Binding affinity towards Histamine H2 receptor from human membranes,B,,,Bioorg Med Chem Lett,2002.0,Histamine H2 receptor,Ki,nM,4.97,373.5,1.79
CHEMBL5207206,154.88,CCCCCNC(=O)/N=C(\N)NCC1CCc2nc(N)sc2C1.O=C(O)C(F)(F)F.O=C(O)C(F)(F)F,Scientific Literature,Displacement of [3H]UR-DE257 from human histamine H2 receptor stably expressed in baculovirus infected Sf9 cell membrane co-expressing RG-Salpha S incubated for 60 mins by scintillation counting analysis,B,Homo sapiens,,J Med Chem,2021.0,Histamine H2 receptor,Ki,nM,6.81,566.53,1.63
CHEMBL593103,1000.0,CN1CCN(c2cc(NCc3ccc(F)cc3)nc(N)n2)CC1,Scientific Literature,Displacement of [3H]tiotidine from GsalphaS-fused human histamine H2 receptor expressed in Sf9 cells,B,Homo sapiens,,Bioorg Med Chem,2009.0,Histamine H2 receptor,Ki,nM,,316.38,1.56
CHEMBL4437371,1000.0,CC(C)(C)CNc1nccc(NCCCN)n1.O=C(O)C(F)(F)F.O=C(O)C(F)(F)F,Scientific Literature,Displacement of 20 nM [3H]UR-DE257 from human H2R expressed in Sf9 cell membranes co-expressing GsalphaS by competition binding assay,B,Homo sapiens,,J Med Chem,2019.0,Histamine H2 receptor,Ki,nM,,465.4,1.7
CHEMBL4443126,10000.0,CN[C@@H]1CCN(c2ccnc(NCC(C)(C)C)n2)C1.O=C(O)C(F)(F)F.O=C(O)C(F)(F)F,Scientific Literature,Displacement of 5 nM [3H-pyrilamine from human H1R expressed in Sf9 cell membranes co-expressing RGS4 by competition binding assay,B,Homo sapiens,,J Med Chem,2019.0,Histamine H2 receptor,Ki,nM,,491.43,1.73
CHEMBL105762,9120.11,C[C@@H]1CC[C@@H](C)N1CCCOc1ccc(-c2ccc(C#N)cc2)cc1,Scientific Literature,Binding affinity to the human cortical histamine H2 receptor,B,,,Bioorg Med Chem Lett,2002.0,Histamine H2 receptor,Ki,nM,5.04,334.46,4.87
CHEMBL459730,10000.0,N#Cc1ccc(S(=O)(=O)/N=C(\N)N2C[C@H](c3ccccc3)C(c3ccc(Cl)cc3)=N2)cc1,Scientific Literature,Displacement of [3H]tiotidine from human cloned histamine H2 receptor,B,Homo sapiens,,J Med Chem,2008.0,Histamine H2 receptor,Ki,nM,,463.95,3.72
CHEMBL62066,56234.13,CCOC(=O)N1CCN(CCCOc2ccc(C(=O)CC)cc2)CC1,Scientific Literature,Binding affinity for the human Histamine H2 receptor,B,,,Bioorg Med Chem Lett,2002.0,Histamine H2 receptor,Ki,nM,4.25,348.44,2.82
CHEMBL60383,8128.31,CCCCCC(=O)c1ccc(OCCCN2CCN(C(=O)c3ccc(C)s3)CC2)cc1,Scientific Literature,Binding affinity for the human Histamine H2 receptor,B,,,Bioorg Med Chem Lett,2002.0,Histamine H2 receptor,Ki,nM,5.09,442.63,5.05
CHEMBL64773,11220.18,CCCCCC(=O)c1ccc(OCCCN2CCN(C(=O)NC(C)C)CC2)cc1,Scientific Literature,Binding affinity for the human Histamine H2 receptor,B,,,Bioorg Med Chem Lett,2002.0,Histamine H2 receptor,Ki,nM,4.95,403.57,3.95
CHEMBL102331,3500.0,CC(=O)c1ccc(OCCCN2CC[C@H](NC(=O)c3cccnc3)C2)cc1,Scientific Literature,Binding affinity to the human Histamine H2 receptor,B,,,Bioorg Med Chem Lett,2002.0,Histamine H2 receptor,Ki,nM,5.46,367.45,2.56
CHEMBL101748,900.0,N#Cc1cccc(S(=O)(=O)N[C@H]2CCN(CCCOc3ccc(C(=O)C4CC4)cc3)C2)c1,Scientific Literature,Binding affinity to the human Histamine H2 receptor,B,,,Bioorg Med Chem Lett,2002.0,Histamine H2 receptor,Ki,nM,6.05,453.56,2.97
CHEMBL104808,500.0,O=C(c1ccc(OCCCN2CC[C@H](NS(=O)(=O)c3ccc(F)cc3)C2)cc1)C1CC1,Scientific Literature,Binding affinity to the human Histamine H2 receptor,B,,,Bioorg Med Chem Lett,2002.0,Histamine H2 receptor,Ki,nM,6.3,446.54,3.24
CHEMBL104947,69183.1,CCOC(=O)N1CCN(CCCOc2ccc(-c3c[nH]cn3)cc2)CC1,Scientific Literature,Binding affinity to the human cortical histamine H2 receptor,B,,,Bioorg Med Chem Lett,2002.0,Histamine H2 receptor,Ki,nM,4.16,358.44,2.62
CHEMBL5276441,2.0,CN(C)Cc1ccc(CSCCNc2nonc2NCCCc2ccccc2)o1,Scientific Literature,Antagonist activity at histamine H2 receptor (unknown origin) assessed as inhibition constant,B,Homo sapiens,,J Med Chem,2021.0,Histamine H2 receptor,Ki,nM,8.7,415.56,4.11
CHEMBL432144,27542.29,CCCCCC(=O)c1ccc(OCCCN2CCN(CCC)CC2)cc1,Scientific Literature,Binding affinity for the human Histamine H2 receptor,B,,,Bioorg Med Chem Lett,2002.0,Histamine H2 receptor,Ki,nM,4.56,360.54,4.25
CHEMBL4084262,596.0,COc1ccccc1N1CCC2(CCN(CCCSc3nnc(-c4ccccc4)n3C)CC2)CC1,Scientific Literature,Displacement of [125I]-Iodo-aminopotentidine from human histamine H2 receptor expressed in stable HEK cells after 90 mins by microbeta scintillation counting method,B,Homo sapiens,,J Med Chem,2019.0,Histamine H2 receptor,Ki,nM,6.22,491.71,5.36
CHEMBL4083252,871.0,COc1ccccc1N1CCN(CCCSc2nnc(-c3ccccc3)n2C)CC1,Scientific Literature,Displacement of [125I]-Iodo-aminopotentidine from human histamine H2 receptor expressed in stable HEK cells after 90 mins by microbeta scintillation counting method,B,Homo sapiens,,J Med Chem,2019.0,Histamine H2 receptor,Ki,nM,6.06,423.59,3.8
CHEMBL5413694,10000.0,c1ccc(Nc2ccc(OCCCN3CCCCC3)cc2)cc1,Scientific Literature,Displacement of [3H]UR-DE257 from human FLAG-tagged histamine H2 receptor stably expressed in HEK293T cells assessed as inhibition constant by competitive binding based radioligand depletion assay,B,Homo sapiens,,J Med Chem,2023.0,Histamine H2 receptor,Ki,nM,5.0,310.44,4.69
CHEMBL1935426,10000.0,O=S1(=O)CCC(COc2ccc3c(c2)CCC2(CCN(C4CCC4)CC2)O3)CC1,Scientific Literature,Binding affinity to human histamine H2 receptor,B,Homo sapiens,,Bioorg Med Chem Lett,2012.0,Histamine H2 receptor,Ki,nM,,419.59,3.6
CHEMBL305313,21877.62,CCOC(=O)N1CCN(CCCOc2ccc(C(=O)C=C(C)C)cc2)CC1,Scientific Literature,Binding affinity for the human Histamine H2 receptor,B,,,Bioorg Med Chem Lett,2002.0,Histamine H2 receptor,Ki,nM,4.66,374.48,3.38
CHEMBL2037604,10000.0,C[C@H](COc1ccc(-c2cn[nH]c(=O)c2)cc1)CN1CCC[C@H]1C,Scientific Literature,Binding affinity to human histamine H2 receptor,B,Homo sapiens,,Bioorg Med Chem,2012.0,Histamine H2 receptor,Ki,nM,,327.43,2.94
CHEMBL4466349,562.34,Cc1[nH]cnc1CSCCNc1ccnc(NCC(C)(C)C)n1.O=C(O)C(F)(F)F.O=C(O)C(F)(F)F,Scientific Literature,Displacement of 20 nM [3H]UR-DE257 from human H2R expressed in Sf9 cell membranes co-expressing GsalphaS by competition binding assay,B,Homo sapiens,,J Med Chem,2019.0,Histamine H2 receptor,Ki,nM,6.25,562.54,3.31
CHEMBL4445423,1000.0,CC(C)(C)CNc1nccc(N2CC[C@@H](NC(=N)N)C2)n1.O=C(O)C(F)(F)F.O=C(O)C(F)(F)F,Scientific Literature,Displacement of 20 nM [3H]UR-DE257 from human H2R expressed in Sf9 cell membranes co-expressing GsalphaS by competition binding assay,B,Homo sapiens,,J Med Chem,2019.0,Histamine H2 receptor,Ki,nM,,519.45,1.0
CHEMBL4543928,1000.0,CC(C)(C)CNc1nccc(NC2CCNC2)n1.O=C(O)C(F)(F)F.O=C(O)C(F)(F)F,Scientific Literature,Displacement of 20 nM [3H]UR-DE257 from human H2R expressed in Sf9 cell membranes co-expressing GsalphaS by competition binding assay,B,Homo sapiens,,J Med Chem,2019.0,Histamine H2 receptor,Ki,nM,,477.41,1.71
CHEMBL4538671,10000.0,CCC(=O)N[C@@H]1CCN(c2ccnc(NCC(C)(C)C)n2)C1.O=C(O)C(F)(F)F,Scientific Literature,Displacement of 5 nM [3H-pyrilamine from human H1R expressed in Sf9 cell membranes co-expressing RGS4 by competition binding assay,B,Homo sapiens,,J Med Chem,2019.0,Histamine H2 receptor,Ki,nM,,419.45,2.04
CHEMBL444307,25118.86,CCOC(=O)N1CCN(CCCOc2ccc(C(=O)/C=C/c3cccnc3)cc2)CC1,Scientific Literature,Binding affinity for the human Histamine H2 receptor,B,,,Bioorg Med Chem Lett,2002.0,Histamine H2 receptor,Ki,nM,4.6,423.51,3.52
CHEMBL66660,3211.0,C(#Cc1c2c(nc3ccccc13)CCCCC2)CCN1CCCCC1,Scientific Literature,Compound was tested for its binding affinity towards human H2 receptor,B,,,Bioorg Med Chem Lett,2003.0,Histamine H2 receptor,Ki,nM,5.49,332.49,4.73
CHEMBL1078642,4073.8,N#C/N=C(/NCCCCc1c[nH]cn1)NCCSc1ccccc1,Scientific Literature,Displacement of [3H]tiotidine from human histamine H2 receptor expressed in Sf9 cells,B,Homo sapiens,,J Med Chem,2009.0,Histamine H2 receptor,Ki,nM,5.39,342.47,2.54
CHEMBL60559,46773.51,N[C@H](Cc1ccsc1)C(=O)N1CCN(CCCOc2ccc(C(=O)C3CC3)cc2)CC1,Scientific Literature,Binding affinity towards Histamine H2 receptor from human membranes,B,,,Bioorg Med Chem Lett,2002.0,Histamine H2 receptor,Ki,nM,4.33,441.6,2.82
CHEMBL319231,31000.0,CC(=O)c1ccc(OCCCN2CC[C@H](N)C2)cc1,Scientific Literature,Binding affinity towards human Histamine H2 receptor (For compound 11),B,,,Bioorg Med Chem Lett,2002.0,Histamine H2 receptor,Ki,nM,4.51,262.35,1.69
CHEMBL104669,16982.44,N#Cc1ccc(-c2ccc(OCCCN3CC[C@@H](O)C3)cc2)cc1,Scientific Literature,Binding affinity at human cortical Histamine 2 receptor,B,Homo sapiens,,Bioorg Med Chem Lett,2002.0,Histamine H2 receptor,Ki,nM,4.77,322.41,3.06
CHEMBL4066784,443.0,Cc1cccc(Cl)c1-c1nc(CN2CCC(C(=O)NCCCN3C[C@H](C)C[C@H](C)C3)CC2)c(C)o1,Scientific Literature,Displacement of [3H]Cimetidine from human H2 receptor expressed in HEK cell membranes after 90 mins by scintillation counting method,A,Homo sapiens,,J Med Chem,2017.0,Histamine H2 receptor,Ki,nM,6.35,501.12,5.31
CHEMBL294519,12302.69,CCCCCC(=O)c1ccc(OCCCN2CCN(C(=O)c3ccccc3)CC2)cc1,Scientific Literature,Binding affinity for the human Histamine H2 receptor,B,,,Bioorg Med Chem Lett,2002.0,Histamine H2 receptor,Ki,nM,4.91,422.57,4.68
CHEMBL60620,23442.29,CCCCCC(=O)c1ccc(OCCCN2CCN(C(=O)NCC)CC2)cc1,Scientific Literature,Binding affinity for the human Histamine H2 receptor,B,,,Bioorg Med Chem Lett,2002.0,Histamine H2 receptor,Ki,nM,4.63,389.54,3.57
CHEMBL62592,38018.94,CCCCCC(=O)c1ccc(OCCCN2CCN(C(=O)[C@@H](N)C(C)C)CC2)cc1,Scientific Literature,Binding affinity towards Histamine H2 receptor from human membranes,B,,,Bioorg Med Chem Lett,2002.0,Histamine H2 receptor,Ki,nM,4.42,417.59,3.35
CHEMBL90019,794328.23,NCCCCc1c[nH]cn1,Scientific Literature,Binding affinity against human H2 receptor by the displacement of [125I]iodoaminopotentidine bound to membranes of CHO cells.,B,,,J Med Chem,1995.0,Histamine H2 receptor,Ki,nM,,139.2,0.69
CHEMBL92694,1000000.0,NCc1c[nH]cn1,Scientific Literature,"Binding affinity against human H2 receptor by the displacement of [125I]iodoaminopotentidine, bound to membranes of CHO cells.",B,,,J Med Chem,1995.0,Histamine H2 receptor,Ki,nM,,97.12,-0.13
CHEMBL302829,100000.0,CC[C@@H](N)C(=O)N1CCN(CCCOc2ccc(C(=O)C3CC3)cc2)CC1,Scientific Literature,Binding affinity towards Histamine H2 receptor from human membranes,B,,,Bioorg Med Chem Lett,2002.0,Histamine H2 receptor,Ki,nM,4.0,373.5,1.93
CHEMBL318801,19054.61,N#Cc1ccc(-c2ccc(OCCCN3CC[C@H](O)C3)cc2)cc1,Scientific Literature,Binding affinity at human cortical Histamine 2 receptor,B,Homo sapiens,,Bioorg Med Chem Lett,2002.0,Histamine H2 receptor,Ki,nM,4.72,322.41,3.06
CHEMBL105594,22908.68,N#Cc1ccc(-c2ccc(OCCCN3CCNCC3)cc2)cc1,Scientific Literature,Binding affinity to the human cortical histamine H2 receptor,B,,,Bioorg Med Chem Lett,2002.0,Histamine H2 receptor,Ki,nM,4.64,321.42,2.9
CHEMBL323562,9120.11,CC1CCN(CCCOc2ccc(-c3ccc(C#N)cc3)cc2)CC1,Scientific Literature,Binding affinity to the human cortical histamine H2 receptor,B,,,Bioorg Med Chem Lett,2002.0,Histamine H2 receptor,Ki,nM,5.04,334.46,4.73
CHEMBL643,1146.0,CC(CN1c2ccccc2Sc2ccccc21)N(C)C,DrugMatrix,DRUGMATRIX: Histamine H2 radioligand binding (ligand: [125I] Aminopotentidine),B,,,,,Histamine H2 receptor,Ki,nM,5.94,284.43,4.24
CHEMBL3221637,4000.0,CC(C)N1CCC(Oc2ccc(C3(C(N)=O)CCOCC3)cc2)CC1,Scientific Literature,Binding affinity to human histamine H2 receptor,B,Homo sapiens,,Medchemcomm,2012.0,Histamine H2 receptor,Ki,nM,,346.47,2.47
CHEMBL101691,1200.0,O=C(c1ccc(OCCCN2CC[C@H](NS(=O)(=O)c3ccccc3)C2)cc1)C1CC1,Scientific Literature,Binding affinity to the human Histamine H2 receptor,B,,,Bioorg Med Chem Lett,2002.0,Histamine H2 receptor,Ki,nM,5.92,428.55,3.1
CHEMBL321320,700.0,O=C(c1ccc(OCCCN2CC[C@H](NS(=O)(=O)c3cccc(Cl)c3)C2)cc1)C1CC1,Scientific Literature,Binding affinity to the human Histamine H2 receptor,B,,,Bioorg Med Chem Lett,2002.0,Histamine H2 receptor,Ki,nM,6.16,463.0,3.75
CHEMBL104809,1600.0,O=C(c1ccc(OCCCN2CC[C@H](NS(=O)(=O)c3cccc(F)c3)C2)cc1)C1CC1,Scientific Literature,Binding affinity to the human Histamine H2 receptor,B,,,Bioorg Med Chem Lett,2002.0,Histamine H2 receptor,Ki,nM,5.8,446.54,3.24
CHEMBL1081254,10000.0,COc1ccc(-c2ccc(C(=O)N3CCN(C(=O)c4ccc5cc[nH]c5c4)[C@@H](C)C3)cc2)cc1,Scientific Literature,Inhibition of histamine H2 receptor,B,,,Bioorg Med Chem Lett,2010.0,Histamine H2 receptor,Ki,nM,,453.54,4.83
CHEMBL4856059,17.78,Cc1nc(N)sc1CCCN/C(N)=N/C(=O)N[C@H](C)c1ccccc1,Scientific Literature,Displacement of [3H]UR-DE257 from human histamine H2 receptor expressed in sf9 insect cell membranes co-expressing GSalphaS incubated for 60 mins by microbeta scintillation counting method,B,Homo sapiens,,Eur J Med Chem,2021.0,Histamine H2 receptor,Ki,nM,7.75,360.49,2.34
CHEMBL4878215,512.86,N/C(=N\C(=O)NCc1ccccc1)NC1CCc2nc(N)sc2C1,Scientific Literature,Displacement of [3H]UR-DE257 from human histamine H2 receptor expressed in sf9 insect cell membranes co-expressing GSalphaS incubated for 60 mins by microbeta scintillation counting method,B,Homo sapiens,,Eur J Med Chem,2021.0,Histamine H2 receptor,Ki,nM,6.29,344.44,1.4
CHEMBL322695,5000.0,CC(=O)c1ccc(OCCCN2CC[C@H](NC(=O)c3cnccn3)C2)cc1,Scientific Literature,Binding affinity to the human Histamine H2 receptor,B,,,Bioorg Med Chem Lett,2002.0,Histamine H2 receptor,Ki,nM,5.3,368.44,1.95
CHEMBL5187758,2187.76,CCCCCNC(=O)/N=C(/N)NCCCc1nnc(C)s1.O=C(O)C(F)(F)F,Scientific Literature,Displacement of [3H]UR-DE257 from human histamine H2 receptor stably expressed in baculovirus infected Sf9 cell membrane co-expressing RG-Salpha S incubated for 60 mins by scintillation counting analysis,B,Homo sapiens,,J Med Chem,2021.0,Histamine H2 receptor,Ki,nM,5.66,426.46,1.58
CHEMBL5208327,234.42,Cc1ccc(CC(C)CNC(=O)/N=C(\N)Nc2cccc(-c3sc(N)nc3C)c2)cc1.O=C(O)C(F)(F)F.O=C(O)C(F)(F)F,Scientific Literature,Displacement of [3H]UR-DE257 from human histamine H2 receptor stably expressed in baculovirus infected Sf9 cell membrane co-expressing RG-Salpha S incubated for 60 mins by scintillation counting analysis,B,Homo sapiens,,J Med Chem,2021.0,Histamine H2 receptor,Ki,nM,6.63,664.63,4.32
CHEMBL1632158,3162.28,COC(=O)CCCCCN1CCC(CNC(=O)c2c3n(c4ccccc24)CCCO3)CC1,Scientific Literature,Binding affinity to Histamine receptor H2,B,,,Bioorg Med Chem,2010.0,Histamine H2 receptor,Ki,nM,5.5,441.57,3.6
CHEMBL5433976,10000.0,N#Cc1ccc(-c2ccc(OCCCN3CCC(c4ccncc4)CC3)cc2)cc1,Scientific Literature,Displacement of [3H]UR-DE257 from human FLAG-tagged histamine H2 receptor stably expressed in HEK293T cells assessed as inhibition constant by competitive binding based radioligand depletion assay,B,Homo sapiens,,J Med Chem,2023.0,Histamine H2 receptor,Ki,nM,5.0,397.52,5.27
CHEMBL63125,10715.19,CCCCCC(=O)c1ccc(OCCCN2CCN(C(=O)[C@@H](C)NC(=O)OC(C)(C)C)CC2)cc1,Scientific Literature,Binding affinity towards Histamine H2 receptor from human membranes,B,,,Bioorg Med Chem Lett,2002.0,Histamine H2 receptor,Ki,nM,4.97,489.66,4.28
CHEMBL418658,60255.96,CCCCCC(=O)c1ccc(OCCCN2CCN(C(=O)c3cccnc3)CC2)cc1,Scientific Literature,Binding affinity for the human Histamine H2 receptor,B,,,Bioorg Med Chem Lett,2002.0,Histamine H2 receptor,Ki,nM,4.22,423.56,4.07
CHEMBL2376801,3162.28,CCc1cnc2c(N3CC[C@@H](NC)C3)nc(N)nc2c1,Scientific Literature,Displacement of [3H]histamine from human histamine H2 receptor expressed in HEK cells,B,Homo sapiens,,Bioorg Med Chem Lett,2013.0,Histamine H2 receptor,Ki,nM,5.5,272.36,0.97
CHEMBL64021,3715.35,CCOC(=O)N1CCN(CCCOc2ccc(C(=O)c3cccc(C)c3)cc2)CC1,Scientific Literature,Binding affinity for the human Histamine H2 receptor,B,,,Bioorg Med Chem Lett,2002.0,Histamine H2 receptor,Ki,nM,5.43,410.51,3.77
CHEMBL62803,12589.25,CCCCCC(=O)c1ccc(OCCCN2CCN(C(=O)OCC)CC2)cc1,Scientific Literature,Binding affinity for the human Histamine H2 receptor,B,,,Bioorg Med Chem Lett,2002.0,Histamine H2 receptor,Ki,nM,4.9,390.52,3.99
CHEMBL291847,16595.87,CCCCCC(=O)c1ccc(OCCCN2CCN(C(=O)[C@@H](N)CC(C)C)CC2)cc1,Scientific Literature,Binding affinity towards Histamine H2 receptor from human membranes,B,,,Bioorg Med Chem Lett,2002.0,Histamine H2 receptor,Ki,nM,4.78,431.62,3.74
CHEMBL62903,12022.64,CCCCCC(=O)c1ccc(OCCCN2CCN(C(=O)[C@@H](Cc3ccncc3)NC(=O)OC(C)(C)C)CC2)cc1,Scientific Literature,Binding affinity towards Histamine H2 receptor from human membranes,B,,,Bioorg Med Chem Lett,2002.0,Histamine H2 receptor,Ki,nM,4.92,566.74,4.89
CHEMBL102390,100000.0,CC(=O)c1ccc(OCCCN2CC[C@H](NC(=O)[C@@H](CO)NC(=O)OC(C)(C)C)C2)cc1,Scientific Literature,Binding affinity to the human Histamine H2 receptor,B,,,Bioorg Med Chem Lett,2002.0,Histamine H2 receptor,Ki,nM,4.0,449.55,1.73
CHEMBL322678,7100.0,Cn1cnc(S(=O)(=O)N[C@H]2CCN(CCCOc3ccc(C(=O)C4CC4)cc3)C2)c1,Scientific Literature,Binding affinity to the human Histamine H2 receptor,B,,,Bioorg Med Chem Lett,2002.0,Histamine H2 receptor,Ki,nM,5.15,432.55,1.83
CHEMBL101634,6200.0,CC(=O)c1ccc(OCCCN2CC[C@H](NC(=O)c3csc(-c4cccnc4)n3)C2)cc1,Scientific Literature,Binding affinity to the human Histamine H2 receptor,B,,,Bioorg Med Chem Lett,2002.0,Histamine H2 receptor,Ki,nM,5.21,450.56,3.68
CHEMBL72424,10000.0,CC/N=C(\S)NCCCCCc1c[nH]cn1,Scientific Literature,Displacement of [125 I]iodoaminopotentidine bound to membranes of CHO cells expressing human H2 receptors,B,Homo sapiens,,J Med Chem,1995.0,Histamine H2 receptor,Ki,nM,5.0,240.38,2.02
CHEMBL4637893,19.5,Cc1cc(/C=C/C=C/c2ccc(N(C)C)cc2)cc(C)[n+]1CCCCCCNc1c(NCCCOc2cccc(CN3CCCCC3)c2)c(=O)c1=O.O=C(O)C(F)(F)F.O=C([O-])C(F)(F)F,Scientific Literature,Displacement of [3H]UR-DE257 from Gsalphas-coupled human H2R expressed in baculovirus infected Sf9 cells incubated for 60 mins by scintillation counting method,B,Homo sapiens,,ACS Med Chem Lett,2020.0,Histamine H2 receptor,Ki,nM,7.71,932.02,7.52
CHEMBL305660,2867.1,CC(C)(C)c1ccc(C(=O)CCCN2CCC(OC(c3ccccc3)c3ccccc3)CC2)cc1,DrugMatrix,DRUGMATRIX: Histamine H2 radioligand binding (ligand: [125I] Aminopotentidine),B,,,,,Histamine H2 receptor,Ki,nM,5.54,469.67,7.22
CHEMBL5090859,407.38,Cc1nc(N)sc1CCCN/C(N)=N/C(=O)NCCCCCCCCCC[n+]1c(C)cc(/C=C/C=C/c2ccc(N(C)C)cc2)cc1C,Scientific Literature,Displacement of [3H]UR-DE257 from Gsalphas-coupled human H2R expressed in Sf9 cell membranes by competitive binding assay,B,Homo sapiens,,Bioorg Med Chem Lett,2021.0,Histamine H2 receptor,Ki,nM,6.39,674.0,7.1
CHEMBL5088914,95.5,Cc1nc(N)sc1CCCN/C(N)=N/C(=O)NCCCCCCCCCCNC(=O)CCCCCN1/C(=C/C=C/C=C/C2=[N+](CCCCS(=O)(=O)[O-])c3ccccc3C2(C)C)c2ccccc2C1(C)C.O=C(O)C(F)(F)F.O=C(O)C(F)(F)F.O=C(O)C(F)(F)F,Scientific Literature,Displacement of [3H]UR-DE257 from Gsalphas-coupled human H2R expressed in Sf9 cell membranes by competitive binding assay,B,Homo sapiens,,Bioorg Med Chem Lett,2021.0,Histamine H2 receptor,Ki,nM,7.02,1340.48,9.48
CHEMBL4872375,691.83,CCCCCCNC(=O)/N=C(\N)Nc1cccc(-c2csc(N)n2)c1,Scientific Literature,Displacement of [3H]UR-DE257 from human histamine H2 receptor expressed in sf9 insect cell membranes co-expressing GSalphaS incubated for 60 mins by microbeta scintillation counting method,B,Homo sapiens,,Eur J Med Chem,2021.0,Histamine H2 receptor,Ki,nM,6.16,360.49,3.41
CHEMBL4872277,1995.26,N/C(=N\C(=O)NCc1ccccc1)Nc1cccc(-c2csc(N)n2)c1,Scientific Literature,Displacement of [3H]UR-DE257 from human histamine H2 receptor expressed in sf9 insect cell membranes co-expressing GSalphaS incubated for 60 mins by microbeta scintillation counting method,B,Homo sapiens,,Eur J Med Chem,2021.0,Histamine H2 receptor,Ki,nM,5.7,366.45,3.03
CHEMBL426317,2126.0,COc1cccc(N2CCN(CCCCn3ncc(=O)n(C)c3=O)CC2)c1,Scientific Literature,Binding affinity to histamine H2 receptor by radioligand binding assay,B,Homo sapiens,,Bioorg Med Chem Lett,2006.0,Histamine H2 receptor,Ki,nM,5.67,373.46,0.55
CHEMBL105669,3981.07,CCOC(=O)N1CCN(CCCOc2ccc(-c3ccc(C#N)cc3C)cc2)CC1,Scientific Literature,Binding affinity to the human cortical histamine H2 receptor,B,,,Bioorg Med Chem Lett,2002.0,Histamine H2 receptor,Ki,nM,5.4,407.51,4.08
CHEMBL30,490.0,CN/C(=N\CCSCc1nc[nH]c1C)NC#N,Scientific Literature,Displacement of [125I]APT from human recombinant histamine H2 receptor expressed in CHO cells after 120 mins by scintillation counting,B,Homo sapiens,,J Med Chem,2017.0,Histamine H2 receptor,Ki,nM,6.31,252.35,0.6
CHEMBL595180,1000.0,CN1CCN(c2cc(NCc3c(Cl)cccc3Cl)nc(N)n2)CC1,Scientific Literature,Displacement of [3H]tiotidine from GsalphaS-fused human histamine H2 receptor expressed in Sf9 cells,B,Homo sapiens,,Bioorg Med Chem,2009.0,Histamine H2 receptor,Ki,nM,,367.28,2.73
CHEMBL490632,827.0,COc1c(OCCF)cccc1C(=O)C1CCN(CCc2ccc(C)cc2)CC1,Scientific Literature,Inhibition of human cloned histamine H2 receptor by competitive binding experiment,B,Homo sapiens,,Bioorg Med Chem,2009.0,Histamine H2 receptor,Ki,nM,6.08,399.51,4.49
CHEMBL4518374,10000.0,CC(C)(C)CNc1nccc(N2CCCNCC2)n1.O=C(O)C(F)(F)F.O=C(O)C(F)(F)F,Scientific Literature,Displacement of 5 nM [3H-pyrilamine from human H1R expressed in Sf9 cell membranes co-expressing RGS4 by competition binding assay,B,Homo sapiens,,J Med Chem,2019.0,Histamine H2 receptor,Ki,nM,,491.43,1.73
CHEMBL62266,14791.08,CCCCCC(=O)c1ccc(OCCCN2CCN(C(=O)[C@H](Cc3ccncc3)NC(=O)OC(C)(C)C)CC2)cc1,Scientific Literature,Binding affinity towards Histamine H2 receptor from human membranes,B,,,Bioorg Med Chem Lett,2002.0,Histamine H2 receptor,Ki,nM,4.83,566.74,4.89
CHEMBL2203551,5157.0,c1ccc(OCc2cc(OC[C@@H]3CCCN3)no2)cc1,Scientific Literature,Displacement of [3H]tiotidine from human recombinant histamine H2 receptor after 1.5 hrs by microbeta scintillation counting analysis,B,Homo sapiens,,ACS Med Chem Lett,2012.0,Histamine H2 receptor,Ki,nM,5.29,274.32,2.38
CHEMBL1080907,10000.0,Cc1ccccc1-c1ccc(C(=O)N2CCN(C(=O)c3ccc4cc[nH]c4c3)[C@@H](C)C2)cc1,Scientific Literature,Inhibition of histamine H2 receptor,B,,,Bioorg Med Chem Lett,2010.0,Histamine H2 receptor,Ki,nM,,437.54,5.13
CHEMBL275443,7943.28,Cc1nc[nH]c1CCN,Scientific Literature,Displacement of [125I]iodoaminopotentidine from human histamine H2 receptor expressed in CHO cells,B,Homo sapiens,,Bioorg Med Chem Lett,2010.0,Histamine H2 receptor,Ki,nM,5.1,125.17,0.22
CHEMBL3104091,81.28,CN1CCc2c(c3cccc4c3n2-c2ccccc2CC4)C1,Scientific Literature,Displacement of [3H]Cimetidine from histamine H2 receptor (unknown origin),B,Homo sapiens,,Bioorg Med Chem Lett,2014.0,Histamine H2 receptor,Ki,nM,7.09,288.39,3.72
CHEMBL4439593,3640.0,Clc1ccc(C#Cc2nc(N[C@H]3C[C@H]4CC[C@@H]3C4)c3nc[nH]c3n2)s1,Scientific Literature,Displacement of [3H]Cimetidine from human H2 receptor expressed in HEK cells after 90 mins by scintillation counting method,B,Homo sapiens,,Medchemcomm,2018.0,Histamine H2 receptor,Ki,nM,5.44,369.88,4.07
CHEMBL4546937,520.0,Clc1ccc(C#Cc2nc(NCCc3ccccc3)c3nc[nH]c3n2)s1,Scientific Literature,Displacement of [3H]Cimetidine from human H2 receptor expressed in HEK cells after 90 mins by scintillation counting method,B,Homo sapiens,,Medchemcomm,2018.0,Histamine H2 receptor,Ki,nM,6.28,379.88,4.12
CHEMBL4541409,6380.0,CCOC(=O)[C@@]12C[C@@H]1[C@@H](n1cnc3c(NC(C4CC4)C4CC4)nc(Cl)nc31)[C@@H]1OC(C)(C)O[C@@H]12,Scientific Literature,Inhibition of histamine H2 receptor (unknown origin),B,Homo sapiens,,J Med Chem,2019.0,Histamine H2 receptor,Ki,nM,5.2,487.99,3.72
CHEMBL3805431,7360.0,N#C/N=C(/NCCSc1ccccc1)NC[C@H]1CC[C@@H](c2c[nH]cn2)C1,Scientific Literature,Displacement of [3H]tiotidine from human histamine H2 receptor expressed in sf9 cell membrane co-expressing Gsalphas incubated for 60 mins by liquid scintillation counting method,B,Homo sapiens,,J Med Chem,2016.0,Histamine H2 receptor,Ki,nM,5.13,368.51,3.1
CHEMBL291821,60255.96,CCC[C@@H](N)C(=O)N1CCN(CCCOc2ccc(C(=O)C3CC3)cc2)CC1,Scientific Literature,Binding affinity towards Histamine H2 receptor from human membranes,B,,,Bioorg Med Chem Lett,2002.0,Histamine H2 receptor,Ki,nM,4.22,387.52,2.32
CHEMBL2203406,224.0,CCCN(CC[C@]1(O)C[C@H](NC(=O)c2ccc3ccccc3c2)C1)[C@H]1CCc2nc(N)sc2C1,Scientific Literature,Displacement of [125I]-Iodo-aminopotentidine from human histamine H2 receptor expressed in stable HEK cell membranes after 90 mins by microbeta scintillation counting method,A,Homo sapiens,,J Med Chem,2020.0,Histamine H2 receptor,Ki,nM,6.65,478.66,4.16
CHEMBL4586599,10000.0,CC(C)(C)CNc1nccc(NCCN)n1.O=C(O)C(F)(F)F.O=C(O)C(F)(F)F,Scientific Literature,Displacement of 20 nM [3H]UR-DE257 from human H2R expressed in Sf9 cell membranes co-expressing GsalphaS by competition binding assay,B,Homo sapiens,,J Med Chem,2019.0,Histamine H2 receptor,Ki,nM,,451.37,1.31
CHEMBL4543928,10000.0,CC(C)(C)CNc1nccc(NC2CCNC2)n1.O=C(O)C(F)(F)F.O=C(O)C(F)(F)F,Scientific Literature,Displacement of 5 nM [3H-pyrilamine from human H1R expressed in Sf9 cell membranes co-expressing RGS4 by competition binding assay,B,Homo sapiens,,J Med Chem,2019.0,Histamine H2 receptor,Ki,nM,,477.41,1.71
CHEMBL1076586,10000.0,O=C(c1ccc(-c2ccccc2)cc1)N1CCN(C(=O)c2ccc3cc[nH]c3c2)CC1,Scientific Literature,Inhibition of histamine H2 receptor,B,,,Bioorg Med Chem Lett,2010.0,Histamine H2 receptor,Ki,nM,,409.49,4.43
CHEMBL4176474,1072.0,O=C(OCc1ccccc1)N1Cc2ccc(N3CCN(C4CCCC4)CC3)cc2C1,Scientific Literature,Displacement of [125I]-iodoaminopotentidine from human histamine H2 receptor expressed in stable HEK cells after 90 mins by microbeta scintillation counting method,B,Homo sapiens,,Eur J Med Chem,2018.0,Histamine H2 receptor,Ki,nM,5.97,405.54,4.4
CHEMBL4471442,10000.0,CC(C)(C)CNc1nccc(N2CCCN(C(=N)N)CC2)n1.O=C(O)C(F)(F)F.O=C(O)C(F)(F)F,Scientific Literature,Displacement of 20 nM [3H]UR-DE257 from human H2R expressed in Sf9 cell membranes co-expressing GsalphaS by competition binding assay,B,Homo sapiens,,J Med Chem,2019.0,Histamine H2 receptor,Ki,nM,,533.47,1.34
CHEMBL4445423,10000.0,CC(C)(C)CNc1nccc(N2CC[C@@H](NC(=N)N)C2)n1.O=C(O)C(F)(F)F.O=C(O)C(F)(F)F,Scientific Literature,Displacement of 5 nM [3H-pyrilamine from human H1R expressed in Sf9 cell membranes co-expressing RGS4 by competition binding assay,B,Homo sapiens,,J Med Chem,2019.0,Histamine H2 receptor,Ki,nM,,519.45,1.0
CHEMBL4645867,269.15,C[N+]1=C(/C=C/C=C/C=C2\N(CCCCCC(=O)NCCCCNc3c(NCCCOc4cccc(CN5CCCCC5)c4)c(=O)c3=O)c3ccccc3C2(C)C)C(C)(C)c2ccccc21.O=C(O)C(F)(F)F.O=C([O-])C(F)(F)F,Scientific Literature,Displacement of [3H]UR-DE257 from Gsalphas-coupled human H2R expressed in baculovirus infected Sf9 cells incubated for 60 mins by scintillation counting method,B,Homo sapiens,,ACS Med Chem Lett,2020.0,Histamine H2 receptor,Ki,nM,6.57,1107.25,9.52
CHEMBL213912,8709.64,CN1CCN(C2=Nc3ccc(Cl)cc3Oc3ccccc32)CC1,Scientific Literature,Displacement of [3H]APT from human histamine H2 receptor transfected in COS7 cells,B,Homo sapiens,,J Med Chem,2006.0,Histamine H2 receptor,Ki,nM,5.06,327.82,3.77
CHEMBL294349,24547.09,CCCCCC(=O)c1ccc(OCCCN2CCN(C(=O)C(C)(C)O)CC2)cc1,Scientific Literature,Binding affinity for the human Histamine H2 receptor,B,,,Bioorg Med Chem Lett,2002.0,Histamine H2 receptor,Ki,nM,4.61,404.55,3.13
CHEMBL1243335,10000.0,CC(C)(C)c1ccc(SCC(c2ccccn2)c2c[nH]cn2)cc1,Scientific Literature,Binding affinity to human histamine H2 receptor,B,Homo sapiens,,J Med Chem,2010.0,Histamine H2 receptor,Ki,nM,,337.49,5.03
CHEMBL4563834,10000.0,CC(C)(C)CNc1nccc(N2CCN(CCN)CC2)n1.O=C(O)C(F)(F)F.O=C(O)C(F)(F)F.O=C(O)C(F)(F)F,Scientific Literature,Displacement of 5 nM [3H-pyrilamine from human H1R expressed in Sf9 cell membranes co-expressing RGS4 by competition binding assay,B,Homo sapiens,,J Med Chem,2019.0,Histamine H2 receptor,Ki,nM,,634.5,1.02
CHEMBL4513421,10000.0,CC(C)(C)CNc1nccc(NC2CCNCC2)n1.O=C(O)C(F)(F)F.O=C(O)C(F)(F)F,Scientific Literature,Displacement of 5 nM [3H-pyrilamine from human H1R expressed in Sf9 cell membranes co-expressing RGS4 by competition binding assay,B,Homo sapiens,,J Med Chem,2019.0,Histamine H2 receptor,Ki,nM,,491.43,2.1
CHEMBL4454158,10000.0,CC(C)(C)CNc1nccc(N2CCc3nc[nH]c3C2)n1.O=C(O)C(F)(F)F.O=C(O)C(F)(F)F,Scientific Literature,Displacement of 5 nM [3H-pyrilamine from human H1R expressed in Sf9 cell membranes co-expressing RGS4 by competition binding assay,B,Homo sapiens,,J Med Chem,2019.0,Histamine H2 receptor,Ki,nM,,514.43,2.22
CHEMBL4173095,985.0,C=C(C)CN1CCN(c2ccc3c(c2)CN(C(=O)OCc2ccccc2)CC3)CC1,Scientific Literature,Displacement of [125I]-iodoaminopotentidine from human histamine H2 receptor expressed in stable HEK cells after 90 mins by microbeta scintillation counting method,B,Homo sapiens,,Eur J Med Chem,2018.0,Histamine H2 receptor,Ki,nM,6.01,405.54,4.08
CHEMBL481153,540.0,O=C(OCCN1CCCC1)N1c2ccccc2Sc2ccccc21,Scientific Literature,Antagonist activity at histamine H2 receptor (unknown origin) by PDSP assay,B,Homo sapiens,,Bioorg Med Chem Lett,2013.0,Histamine H2 receptor,Ki,nM,6.27,340.45,4.52
CHEMBL304888,50118.72,CC(C)N[C@H](C)C(=O)N1CCN(CCCOc2ccc(C(=O)C3CC3)cc2)CC1,Scientific Literature,Binding affinity towards Histamine H2 receptor from human membranes,B,,,Bioorg Med Chem Lett,2002.0,Histamine H2 receptor,Ki,nM,4.3,401.55,2.58
CHEMBL63112,3467.37,CCCCCC(=O)c1ccc(OCCCN2CCN(C(=O)[C@H](CC(C)C)NC(=O)OC(C)(C)C)CC2)cc1,Scientific Literature,Binding affinity towards Histamine H2 receptor from human membranes,B,,,Bioorg Med Chem Lett,2002.0,Histamine H2 receptor,Ki,nM,5.46,531.74,5.3
CHEMBL4282702,401.0,OC1(c2ccc(Cl)c(C(F)(F)F)c2)CCN(CCCCCc2ccc(F)cc2)CC1,Scientific Literature,Displacement of [3H]Cimetidine from human H2 receptor expressed in HEK cells by radioligand binding assay,B,Homo sapiens,,Bioorg Med Chem Lett,2018.0,Histamine H2 receptor,Ki,nM,6.4,443.91,6.19
CHEMBL4572167,10000.0,CC[C@H]1c2ccccc2N(c2ccccc2)C[C@@]1(C)N,Scientific Literature,Displacement of [125I]-Iodoaminopotentidine from human recombinant histamine H2 receptor expressed in stable HEK cells after 90 mins by microbeta scintillation counting method,B,Homo sapiens,,ACS Med Chem Lett,2019.0,Histamine H2 receptor,Ki,nM,,266.39,4.05
CHEMBL2205812,400.0,COc1ccc(CCN2C3C4C5CC6C7C5C3C7C2(O)C64)cc1,Scientific Literature,Binding affinity to Histamine H2 receptor,B,,,Bioorg Med Chem Lett,2012.0,Histamine H2 receptor,Ki,nM,6.4,309.41,2.0
CHEMBL4513421,10000.0,CC(C)(C)CNc1nccc(NC2CCNCC2)n1.O=C(O)C(F)(F)F.O=C(O)C(F)(F)F,Scientific Literature,Displacement of 20 nM [3H]UR-DE257 from human H2R expressed in Sf9 cell membranes co-expressing GsalphaS by competition binding assay,B,Homo sapiens,,J Med Chem,2019.0,Histamine H2 receptor,Ki,nM,,491.43,2.1
CHEMBL4586599,1000.0,CC(C)(C)CNc1nccc(NCCN)n1.O=C(O)C(F)(F)F.O=C(O)C(F)(F)F,Scientific Literature,Displacement of 5 nM [3H-pyrilamine from human H1R expressed in Sf9 cell membranes co-expressing RGS4 by competition binding assay,B,Homo sapiens,,J Med Chem,2019.0,Histamine H2 receptor,Ki,nM,,451.37,1.31
CHEMBL4466349,1000.0,Cc1[nH]cnc1CSCCNc1ccnc(NCC(C)(C)C)n1.O=C(O)C(F)(F)F.O=C(O)C(F)(F)F,Scientific Literature,Displacement of 5 nM [3H-pyrilamine from human H1R expressed in Sf9 cell membranes co-expressing RGS4 by competition binding assay,B,Homo sapiens,,J Med Chem,2019.0,Histamine H2 receptor,Ki,nM,,562.54,3.31
CHEMBL4439142,10000.0,CN(C)[C@@H]1CCN(c2ccnc(NCC(C)(C)C)n2)C1.O=C(O)C(F)(F)F.O=C(O)C(F)(F)F,Scientific Literature,Displacement of 5 nM [3H-pyrilamine from human H1R expressed in Sf9 cell membranes co-expressing RGS4 by competition binding assay,B,Homo sapiens,,J Med Chem,2019.0,Histamine H2 receptor,Ki,nM,,505.46,2.07
CHEMBL2113738,6165.95,CCOC(=O)N1CCN(CCCOc2ccc(C(=O)c3ccc(SC)cc3)cc2)CC1,Scientific Literature,Binding affinity for the human Histamine H2 receptor,B,,,Bioorg Med Chem Lett,2002.0,Histamine H2 receptor,Ki,nM,5.21,442.58,4.18
CHEMBL60401,79432.82,CNCC(=O)N1CCN(CCCOc2ccc(C(=O)C3CC3)cc2)CC1,Scientific Literature,Binding affinity towards Histamine H2 receptor from human membranes,B,,,Bioorg Med Chem Lett,2002.0,Histamine H2 receptor,Ki,nM,4.1,359.47,1.41
CHEMBL1243394,10000.0,FC(F)(F)c1ccc(SC[C@H](c2c[nH]cn2)C2CCNCC2)cc1,Scientific Literature,Binding affinity to human histamine H2 receptor,B,Homo sapiens,,J Med Chem,2010.0,Histamine H2 receptor,Ki,nM,,355.43,4.3
CHEMBL4457754,1995.26,C[C@@]12CN(c3ccccc3)c3ccccc3[C@@H]1CCN2,Scientific Literature,Displacement of [125I]-Iodoaminopotentidine from human recombinant histamine H2 receptor expressed in stable HEK cells after 90 mins by microbeta scintillation counting method,B,Homo sapiens,,ACS Med Chem Lett,2019.0,Histamine H2 receptor,Ki,nM,5.7,264.37,3.67
CHEMBL3805361,10300.0,N#C/N=C(/NCCSc1ccccc1)NC[C@H]1CC[C@H](c2c[nH]cn2)C1,Scientific Literature,Displacement of [3H]tiotidine from human histamine H2 receptor expressed in sf9 cell membrane co-expressing Gsalphas incubated for 60 mins by liquid scintillation counting method,B,Homo sapiens,,J Med Chem,2016.0,Histamine H2 receptor,Ki,nM,4.99,368.51,3.1
CHEMBL394755,7500.0,O=C(CCCc1ccccc1)N1c2ccccc2Sc2ccccc21,Scientific Literature,Antagonist activity at histamine H2 receptor (unknown origin) by PDSP assay,B,Homo sapiens,,Bioorg Med Chem Lett,2013.0,Histamine H2 receptor,Ki,nM,5.12,345.47,5.84
CHEMBL4644467,17.38,Cc1cc(/C=C/C=C/c2ccc(N(C)C)cc2)cc(C)[n+]1CCCCCCCNc1c(NCCCOc2cccc(CN3CCCCC3)c2)c(=O)c1=O.O=C(O)C(F)(F)F.O=C([O-])C(F)(F)F,Scientific Literature,Displacement of [3H]UR-DE257 from Gsalphas-coupled human H2R expressed in baculovirus infected Sf9 cells incubated for 60 mins by scintillation counting method,B,Homo sapiens,,ACS Med Chem Lett,2020.0,Histamine H2 receptor,Ki,nM,7.76,946.04,7.91
CHEMBL4637356,77.62,CC1(C)C(/C=C/C=C/C=C2\N(CCCCCC(=O)NCCCCCCNc3c(NCCCOc4cccc(CN5CCCCC5)c4)c(=O)c3=O)c3ccccc3C2(C)C)=[N+](CCCCS(=O)(=O)[O-])c2ccccc21.O=C(O)C(F)(F)F.O=C(O)C(F)(F)F,Scientific Literature,Displacement of [3H]UR-DE257 from Gsalphas-coupled human H2R expressed in baculovirus infected Sf9 cells incubated for 60 mins by scintillation counting method,B,Homo sapiens,,ACS Med Chem Lett,2020.0,Histamine H2 receptor,Ki,nM,7.11,1257.45,
CHEMBL4642292,10000.0,Cc1nccc2c1C(C)(C)Nc1cc(Br)ccc1-2,Scientific Literature,Binding affinity to histamine H2 receptor (unknown origin),B,Homo sapiens,,J Nat Prod,2020.0,Histamine H2 receptor,Ki,nM,,303.2,4.48
CHEMBL4846638,39.81,Cc1nc(N)sc1CCCN/C(N)=N/C(=O)NCC(C)C1CCCCC1,Scientific Literature,Displacement of [3H]UR-DE257 from human histamine H2 receptor expressed in sf9 insect cell membranes co-expressing GSalphaS incubated for 60 mins by microbeta scintillation counting method,B,Homo sapiens,,Eur J Med Chem,2021.0,Histamine H2 receptor,Ki,nM,7.4,380.56,2.8
CHEMBL5180504,6.457,Cc1ccc(CC(C)CNC(=O)/N=C(\N)NCCCc2nnc(N)s2)cc1.O=C(O)C(F)(F)F.O=C(O)C(F)(F)F,Scientific Literature,Displacement of [3H]UR-DE257 from human histamine H2 receptor stably expressed in baculovirus infected Sf9 cell membrane co-expressing RG-Salpha S incubated for 60 mins by scintillation counting analysis,B,Homo sapiens,,J Med Chem,2021.0,Histamine H2 receptor,Ki,nM,8.19,617.57,1.85
CHEMBL1081212,10000.0,COc1ccccc1-c1ccc(C(=O)N2CCN(C(=O)c3ccc4cc[nH]c4c3)[C@@H](C)C2)cc1,Scientific Literature,Inhibition of histamine H2 receptor,B,,,Bioorg Med Chem Lett,2010.0,Histamine H2 receptor,Ki,nM,,453.54,4.83
CHEMBL1080389,10000.0,C[C@H]1CN(C(=O)c2ccc(-c3ccccc3F)cc2)CCN1C(=O)c1ccc2cc[nH]c2c1,Scientific Literature,Inhibition of histamine H2 receptor,B,,,Bioorg Med Chem Lett,2010.0,Histamine H2 receptor,Ki,nM,,441.51,4.96
CHEMBL1080926,10000.0,C[C@H]1CN(C(=O)c2ccc(-c3ccc(F)cc3)cc2)CCN1C(=O)c1ccc2cc[nH]c2c1,Scientific Literature,Inhibition of histamine H2 receptor,B,,,Bioorg Med Chem Lett,2010.0,Histamine H2 receptor,Ki,nM,,441.51,4.96
CHEMBL65849,10131.0,CN(C)CCCNc1c2c(nc3ccccc13)CCCCC2,Scientific Literature,Compound was tested for its binding affinity towards human H2 receptor,B,,,Bioorg Med Chem Lett,2003.0,Histamine H2 receptor,Ki,nM,4.99,297.45,3.87
CHEMBL4576555,1725.74,CN1CCN(C(=O)C(C)(C)c2ccc(C(=O)Nc3cn4cc(-c5cc(C(C)(C)C)cc(C(C)(C)C)c5)ccc4n3)cc2)CC1,SGC Frankfurt - Donated Chemical Probes,GPCRScan assay: inhibition of H2,B,Homo sapiens,,,2021.0,Histamine H2 receptor,Ki,nM,5.76,593.82,6.9
CHEMBL1672288,10000.0,N#Cc1cc(F)cc(C#Cc2csc(F)n2)c1,Scientific Literature,Binding affinity to histamine H2 receptor,B,,,J Med Chem,2011.0,Histamine H2 receptor,Ki,nM,,246.24,2.69
CHEMBL5184846,302.0,N/C(=N\C(=O)NCc1ccccc1)NCC1CCc2nc(N)sc2C1.O=C(O)C(F)(F)F.O=C(O)C(F)(F)F,Scientific Literature,Displacement of [3H]UR-DE257 from human histamine H2 receptor stably expressed in baculovirus infected Sf9 cell membrane co-expressing RG-Salpha S incubated for 60 mins by scintillation counting analysis,B,Homo sapiens,,J Med Chem,2021.0,Histamine H2 receptor,Ki,nM,6.52,586.52,1.64
CHEMBL4439142,1000.0,CN(C)[C@@H]1CCN(c2ccnc(NCC(C)(C)C)n2)C1.O=C(O)C(F)(F)F.O=C(O)C(F)(F)F,Scientific Literature,Displacement of 20 nM [3H]UR-DE257 from human H2R expressed in Sf9 cell membranes co-expressing GsalphaS by competition binding assay,B,Homo sapiens,,J Med Chem,2019.0,Histamine H2 receptor,Ki,nM,,505.46,2.07
CHEMBL4455324,10000.0,CC(C)(C)CNc1nccc(N2CC[C@@H](N)C2)n1.O=C(O)C(F)(F)F.O=C(O)C(F)(F)F,Scientific Literature,Displacement of 5 nM [3H-pyrilamine from human H1R expressed in Sf9 cell membranes co-expressing RGS4 by competition binding assay,B,Homo sapiens,,J Med Chem,2019.0,Histamine H2 receptor,Ki,nM,,477.41,1.47
CHEMBL4513989,10000.0,CC(C)(C)CNc1nccc(N2CCNCC2)n1.O=C(O)C(F)(F)F.O=C(O)C(F)(F)F,Scientific Literature,Displacement of 5 nM [3H-pyrilamine from human H1R expressed in Sf9 cell membranes co-expressing RGS4 by competition binding assay,B,Homo sapiens,,J Med Chem,2019.0,Histamine H2 receptor,Ki,nM,,477.41,1.34
CHEMBL62726,14791.08,CCCCCC(=O)c1ccc(OCCCN2CCN(C(=O)c3cccs3)CC2)cc1,Scientific Literature,Binding affinity for the human Histamine H2 receptor,B,,,Bioorg Med Chem Lett,2002.0,Histamine H2 receptor,Ki,nM,4.83,428.6,4.74
CHEMBL101692,12882.5,CCOC(=O)N1CCN(CCCOc2ccc(-c3cc[nH]c3)cc2)CC1,Scientific Literature,Binding affinity to the human cortical histamine H2 receptor,B,,,Bioorg Med Chem Lett,2002.0,Histamine H2 receptor,Ki,nM,4.89,357.45,3.22
CHEMBL2207637,3200.0,COc1ccccc1N1CCN(Cc2cc(CN(C)C)c3cccccc2-3)CC1,Scientific Literature,Displacement of [3H]URDE257 from human histamine H2 receptor expressed in insect Sf9 cell membrane preparation after 60 mins by scintillation counting analysis,B,Homo sapiens,,Bioorg Med Chem Lett,2012.0,Histamine H2 receptor,Ki,nM,5.5,389.54,4.18
CHEMBL1935416,10000.0,CS(=O)(=O)CCCOc1ccc2c(c1)CCC1(CCN(C3CCC3)CC1)O2,Scientific Literature,Binding affinity to human histamine H2 receptor,B,Homo sapiens,,Bioorg Med Chem Lett,2012.0,Histamine H2 receptor,Ki,nM,,393.55,3.21
CHEMBL199824,302.0,Cn1c(=O)cnn(CCCCN2CCN(c3cccc4ccc(O[11CH3])cc34)CC2)c1=O,Scientific Literature,Binding affinity to histamine H2 receptor,B,Homo sapiens,,J Med Chem,2006.0,Histamine H2 receptor,Ki,nM,6.52,422.52,1.71
CHEMBL1935425,10000.0,O=S1(=O)CCC(Oc2ccc3c(c2)CCC2(CCN(C4CCC4)CC2)O3)CC1,Scientific Literature,Binding affinity to human histamine H2 receptor,B,Homo sapiens,,Bioorg Med Chem Lett,2012.0,Histamine H2 receptor,Ki,nM,,405.56,3.35
CHEMBL2207642,460.0,COc1ccccc1N1CCN(Cc2cc(CN3CCN(c4ccc(Cl)cc4)CC3)c3cccccc2-3)CC1,Scientific Literature,Displacement of [3H]URDE257 from human histamine H2 receptor expressed in insect Sf9 cell membrane preparation after 60 mins by scintillation counting analysis,B,Homo sapiens,,Bioorg Med Chem Lett,2012.0,Histamine H2 receptor,Ki,nM,6.34,541.14,6.1
CHEMBL304027,17378.01,CCOC(=O)N1CCN(CCCOc2ccc(C(=O)c3cccc(F)c3F)cc2)CC1,Scientific Literature,Binding affinity for the human Histamine H2 receptor,B,,,Bioorg Med Chem Lett,2002.0,Histamine H2 receptor,Ki,nM,4.76,432.47,3.74
CHEMBL102384,1000.0,O=C(c1ccc(OCCCN2CC[C@H](NS(=O)(=O)c3ccccc3Cl)C2)cc1)C1CC1,Scientific Literature,Binding affinity to the human Histamine H2 receptor,B,,,Bioorg Med Chem Lett,2002.0,Histamine H2 receptor,Ki,nM,6.0,463.0,3.75
CHEMBL2376803,2818.38,CNC1CN(c2nc(N)nc3cc(C4CCCC4)cnc23)C1,Scientific Literature,Displacement of [3H]histamine from human histamine H2 receptor expressed in HEK cells,B,Homo sapiens,,Bioorg Med Chem Lett,2013.0,Histamine H2 receptor,Ki,nM,5.55,298.39,1.67
CHEMBL5178472,26.92,N/C(=N\C(=O)NCc1ccccc1)NCCCc1cnc(N)s1.O=C(O)C(F)(F)F.O=C(O)C(F)(F)F,Scientific Literature,Displacement of [3H]UR-DE257 from human histamine H2 receptor stably expressed in baculovirus infected Sf9 cell membrane co-expressing RG-Salpha S incubated for 60 mins by scintillation counting analysis,B,Homo sapiens,,J Med Chem,2021.0,Histamine H2 receptor,Ki,nM,7.57,560.48,1.47
CHEMBL5176229,5.248,N/C(=N\C(=O)NCCCCCCNC(=O)/N=C(\N)NCCCc1nnc(N)s1)NCCCc1nnc(N)s1.O=C(O)C(F)(F)F.O=C(O)C(F)(F)F.O=C(O)C(F)(F)F.O=C(O)C(F)(F)F,Scientific Literature,Displacement of [3H]UR-DE257 from human histamine H2 receptor stably expressed in baculovirus infected Sf9 cell membrane co-expressing RG-Salpha S incubated for 60 mins by scintillation counting analysis,B,Homo sapiens,,J Med Chem,2021.0,Histamine H2 receptor,Ki,nM,8.28,1024.83,-0.09
CHEMBL2432046,1480.0,COc1ccc(CN[C@H]2C3C4CC5C6C4CC3C6C52)cc1OC,Scientific Literature,Inhibition of histamine H2 receptor (unknown origin) by PDSP assay,B,Homo sapiens,,Bioorg Med Chem,2013.0,Histamine H2 receptor,Ki,nM,5.83,311.43,2.94
CHEMBL5421122,10000.0,c1ccc(-c2ccc(OCCCN3CCCCCC3)cc2)cc1,Scientific Literature,Displacement of [3H]UR-DE257 from human FLAG-tagged histamine H2 receptor stably expressed in HEK293T cells assessed as inhibition constant by competitive binding based radioligand depletion assay,B,Homo sapiens,,J Med Chem,2023.0,Histamine H2 receptor,Ki,nM,,309.45,5.0
CHEMBL62050,17782.79,CN[C@H](Cc1ccccc1)C(=O)N1CCN(CCCOc2ccc(C(=O)C3CC3)cc2)CC1,Scientific Literature,Binding affinity towards Histamine H2 receptor from human membranes,B,,,Bioorg Med Chem Lett,2002.0,Histamine H2 receptor,Ki,nM,4.75,449.6,3.02
CHEMBL4469848,6700.0,FC(F)(F)c1cc(Oc2nccc3occc23)ccc1-c1cccc2nccn12,Scientific Literature,Displacement of [125I]-Iodo-aminopotentidine from human histamine H2 receptor expressed in stable HEK cells after 90 mins by microbeta scintillation counting method,B,Homo sapiens,,J Med Chem,2019.0,Histamine H2 receptor,Ki,nM,5.17,395.34,5.95
CHEMBL158595,10000.0,C[C@@H](NC(=O)c1ccc(N(C)C)cc1)C(=O)N1CCN(CCCOc2ccc(-c3noc(CC4CCCC4)n3)c(F)c2)CC1,Scientific Literature,Binding affinity towards histamine H2 receptor of human colon cells was determined,B,,,Bioorg Med Chem Lett,2004.0,Histamine H2 receptor,Ki,nM,,606.74,4.41
CHEMBL1915534,8820.0,CC(C)(C)CCNc1cc(N[C@H]2CCNC2)ncn1,Scientific Literature,Antagonist activity at histamine H2 receptor,F,,,Bioorg Med Chem Lett,2011.0,Histamine H2 receptor,Ki,nM,5.05,263.39,2.1
CHEMBL1628227,1836.0,CN(C)CCC=C1c2ccccc2COc2ccccc21,DrugMatrix,DRUGMATRIX: Histamine H2 radioligand binding (ligand: [125I] Aminopotentidine),B,,,,,Histamine H2 receptor,Ki,nM,5.74,279.38,3.96
CHEMBL564,2810.0,CN(C)CCCN1c2ccccc2Sc2ccccc21,DrugMatrix,DRUGMATRIX: Histamine H2 radioligand binding (ligand: [125I] Aminopotentidine),B,,,,,Histamine H2 receptor,Ki,nM,5.55,284.43,4.24
CHEMBL4448899,8078.0,Cc1c(NC(=O)c2cc(C(N)=O)nc3cc(F)ccc23)c(C(F)(F)F)nn1Cc1ccc(C#N)cc1,EUbOPEN Chemogenomic Library Literature Data,Selectivity interaction (GPCR panel (PDSP screen)) EUB0000307b HRH2,B,Homo sapiens,,,2023.0,Histamine H2 receptor,Ki,nM,5.09,496.42,4.17
CHEMBL1081649,10000.0,COc1cccc(-c2ccc(C(=O)N3CCN(C(=O)c4ccc5cc[nH]c5c4)[C@H](C)C3)cc2)c1,Scientific Literature,Inhibition of histamine H2 receptor,B,,,Bioorg Med Chem Lett,2010.0,Histamine H2 receptor,Ki,nM,,453.54,4.83
CHEMBL5209021,213.8,Cc1nc(N)sc1-c1ccc(N/C(N)=N/C(=O)NCc2ccccc2)cc1.O=C(O)C(F)(F)F.O=C(O)C(F)(F)F,Scientific Literature,Displacement of [3H]UR-DE257 from human histamine H2 receptor stably expressed in baculovirus infected Sf9 cell membrane co-expressing RG-Salpha S incubated for 60 mins by scintillation counting analysis,B,Homo sapiens,,J Med Chem,2021.0,Histamine H2 receptor,Ki,nM,6.67,608.52,3.34
CHEMBL3104092,10000.0,CN1CCc2c(c3cccc4c3n2Cc2ccccc2C4)C1,Scientific Literature,Displacement of [3H]Cimetidine from histamine H2 receptor (unknown origin),B,Homo sapiens,,Bioorg Med Chem Lett,2014.0,Histamine H2 receptor,Ki,nM,,288.39,3.58
CHEMBL25688,67608.3,N#Cc1ccc(-c2ccc(OCCCN3CCCC3)cc2)cc1,Scientific Literature,Binding affinity at human cortical Histamine 2 receptor,B,Homo sapiens,,Bioorg Med Chem Lett,2002.0,Histamine H2 receptor,Ki,nM,4.17,306.41,4.09
CHEMBL64235,22908.68,CCCCCC(=O)c1ccc(OCCCN2CCN(C(=O)CSCC)CC2)cc1,Scientific Literature,Binding affinity for the human Histamine H2 receptor,B,,,Bioorg Med Chem Lett,2002.0,Histamine H2 receptor,Ki,nM,4.64,420.62,4.12
CHEMBL60143,10000.0,CC(C)(C)OC(=O)N[C@H](Cc1ccccc1)C(=O)N1CCN(CCCOc2ccc(C(=O)C3CC3)cc2)CC1,Scientific Literature,Binding affinity towards Histamine H2 receptor from human membranes,B,,,Bioorg Med Chem Lett,2002.0,Histamine H2 receptor,Ki,nM,5.0,535.69,4.33
CHEMBL62716,19054.61,CC(C)(C)[C@@H](N)C(=O)N1CCN(CCCOc2ccc(C(=O)C3CC3)cc2)CC1,Scientific Literature,Binding affinity towards Histamine H2 receptor from human membranes,B,,,Bioorg Med Chem Lett,2002.0,Histamine H2 receptor,Ki,nM,4.72,401.55,2.57
CHEMBL4758080,9441.0,c1ccc(Nc2ccc(OCCCN3CCN(c4ccncc4)CC3)cc2)cc1,Scientific Literature,Displacement of [3H]UR-DE257 from Gsalphas-coupled human H2R expressed in Sf9 cell membranes measured after 60 mins by scintillation counting analysis,B,Homo sapiens,,Eur J Med Chem,2021.0,Histamine H2 receptor,Ki,nM,5.03,388.51,4.42
CHEMBL63002,15135.61,N[C@H](Cc1cc2ccccc2s1)C(=O)N1CCN(CCCOc2ccc(C(=O)C3CC3)cc2)CC1,Scientific Literature,Binding affinity towards Histamine H2 receptor from human membranes,B,,,Bioorg Med Chem Lett,2002.0,Histamine H2 receptor,Ki,nM,4.82,491.66,3.98
CHEMBL64321,37153.52,CCCCCC(=O)c1ccc(OCCCN2CCN(C(=O)[C@H](N)Cc3ccncc3)CC2)cc1,Scientific Literature,Binding affinity towards Histamine H2 receptor from human membranes,B,,,Bioorg Med Chem Lett,2002.0,Histamine H2 receptor,Ki,nM,4.43,466.63,3.33
CHEMBL312958,12589.25,CCCCCC(=O)c1ccc(OCCCN2CCN(C(=O)[C@@H](NC(=O)OC(C)(C)C)C(C)C)CC2)cc1,Scientific Literature,Binding affinity towards Histamine H2 receptor from human membranes,B,,,Bioorg Med Chem Lett,2002.0,Histamine H2 receptor,Ki,nM,4.9,517.71,4.91
CHEMBL61792,89125.09,N[C@H](Cc1c[nH]cn1)C(=O)N1CCN(CCCOc2ccc(C(=O)C3CC3)cc2)CC1,Scientific Literature,Binding affinity towards Histamine H2 receptor from human membranes,B,,,Bioorg Med Chem Lett,2002.0,Histamine H2 receptor,Ki,nM,4.05,425.53,1.49
CHEMBL294087,48977.88,CN[C@@H](C(=O)N1CCN(CCCOc2ccc(C(=O)C3CC3)cc2)CC1)C(C)C,Scientific Literature,Binding affinity towards Histamine H2 receptor from human membranes,B,,,Bioorg Med Chem Lett,2002.0,Histamine H2 receptor,Ki,nM,4.31,401.55,2.44
CHEMBL64334,7585.78,CCCCCC(=O)c1ccc(OCCCN2CCN(CCCC)CC2)cc1,Scientific Literature,Binding affinity for the human Histamine H2 receptor,B,,,Bioorg Med Chem Lett,2002.0,Histamine H2 receptor,Ki,nM,5.12,374.57,4.64
CHEMBL63003,20892.96,N[C@H](Cc1cccc2ccccc12)C(=O)N1CCN(CCCOc2ccc(C(=O)C3CC3)cc2)CC1,Scientific Literature,Binding affinity towards Histamine H2 receptor from human membranes,B,,,Bioorg Med Chem Lett,2002.0,Histamine H2 receptor,Ki,nM,4.68,485.63,3.92
CHEMBL70603,10000.0,CC(C)/N=C(\S)NCCCCCc1c[nH]cn1,Scientific Literature,Displacement of [125 I]iodoaminopotentidine bound to membranes of CHO cells expressing human H2 receptors,B,Homo sapiens,,J Med Chem,1995.0,Histamine H2 receptor,Ki,nM,5.0,254.4,2.41
CHEMBL106596,12882.5,N#Cc1ccc(-c2ccc(OCCCN3CCCC(O)C3)cc2)cc1,Scientific Literature,Binding affinity to the human cortical histamine H2 receptor,B,,,Bioorg Med Chem Lett,2002.0,Histamine H2 receptor,Ki,nM,4.89,336.44,3.45
CHEMBL320178,28840.32,CCOC(=O)N1CCN(CCCOc2ccc(-c3ccc(C#N)cc3)cc2)CC1,Scientific Literature,Binding affinity to the human cortical histamine H2 receptor,B,,,Bioorg Med Chem Lett,2002.0,Histamine H2 receptor,Ki,nM,4.54,393.49,3.77
CHEMBL430502,6100.0,CC(=O)c1ccc(OCCCN2CC[C@H](NC(=O)c3ccc(C#N)cc3)C2)cc1,Scientific Literature,Binding affinity to the human Histamine H2 receptor,B,,,Bioorg Med Chem Lett,2002.0,Histamine H2 receptor,Ki,nM,5.21,391.47,3.03
CHEMBL102984,18620.87,CC1CCCCN1CCCOc1ccc(-c2ccc(C#N)cc2)cc1,Scientific Literature,Binding affinity to the human cortical histamine H2 receptor,B,,,Bioorg Med Chem Lett,2002.0,Histamine H2 receptor,Ki,nM,4.73,334.46,4.87
CHEMBL420108,710.0,N#Cc1ccccc1S(=O)(=O)N[C@H]1CCN(CCCOc2ccc(C(=O)C3CC3)cc2)C1,Scientific Literature,Binding affinity to the human Histamine H2 receptor,B,,,Bioorg Med Chem Lett,2002.0,Histamine H2 receptor,Ki,nM,6.15,453.56,2.97
CHEMBL102925,330.0,CCc1ccc(S(=O)(=O)N[C@H]2CCN(CCCOc3ccc(C(=O)C4CC4)cc3)C2)cc1,Scientific Literature,Binding affinity to the human Histamine H2 receptor,B,,,Bioorg Med Chem Lett,2002.0,Histamine H2 receptor,Ki,nM,6.48,456.61,3.66
CHEMBL316968,46000.0,CC(=O)c1ccc(OCCCN2CC[C@H](NC(=O)[C@H](CO)NC(=O)OC(C)(C)C)C2)cc1,Scientific Literature,Binding affinity to the human Histamine H2 receptor,B,,,Bioorg Med Chem Lett,2002.0,Histamine H2 receptor,Ki,nM,4.34,449.55,1.73
CHEMBL102840,2300.0,CC(=O)c1ccc(OCCCN2CC[C@H](NS(=O)(=O)c3ccc(C#N)cc3)C2)cc1,Scientific Literature,Binding affinity to the human Histamine H2 receptor,B,,,Bioorg Med Chem Lett,2002.0,Histamine H2 receptor,Ki,nM,5.64,427.53,2.58
CHEMBL2205813,743.0,COc1cccc(CCN2C3C4C5CC6C7C5C3C7C2(O)C64)c1OC,Scientific Literature,Binding affinity to Histamine H2 receptor,B,,,Bioorg Med Chem Lett,2012.0,Histamine H2 receptor,Ki,nM,6.13,339.44,2.01
CHEMBL305144,14125.38,O=C(c1ccc(OCCCN2CCN(C(=O)[C@H]3CCN3)CC2)cc1)C1CC1,Scientific Literature,Binding affinity towards Histamine H2 receptor from human membranes,B,,,Bioorg Med Chem Lett,2002.0,Histamine H2 receptor,Ki,nM,4.85,371.48,1.55
CHEMBL304714,22387.21,CCCC(=O)c1ccc(OCCCN2CCN(C(=O)OCC)CC2)cc1,Scientific Literature,Binding affinity for the human Histamine H2 receptor,B,,,Bioorg Med Chem Lett,2002.0,Histamine H2 receptor,Ki,nM,4.65,362.47,3.21
CHEMBL292275,6760.83,CCOC(=O)N1CCN(CCCOc2ccc(C(=O)/C=C/c3ccc(OC)cc3)cc2)CC1,Scientific Literature,Binding affinity for the human Histamine H2 receptor,B,,,Bioorg Med Chem Lett,2002.0,Histamine H2 receptor,Ki,nM,5.17,452.55,4.13
CHEMBL418691,8317.64,CCOC(=O)N1CCN(CCCOc2ccc(C(=O)c3ccc(OC)cc3)cc2)CC1,Scientific Literature,Binding affinity for the human Histamine H2 receptor,B,,,Bioorg Med Chem Lett,2002.0,Histamine H2 receptor,Ki,nM,5.08,426.51,3.47
CHEMBL62948,79432.82,CCOC(=O)N1CCN(CCCOc2ccc(C(=O)C3CC3)cc2)CC1,Scientific Literature,Binding affinity for the human Histamine H2 receptor,B,,,Bioorg Med Chem Lett,2002.0,Histamine H2 receptor,Ki,nM,4.1,360.45,2.82
CHEMBL302829,10964.78,CC[C@@H](N)C(=O)N1CCN(CCCOc2ccc(C(=O)C3CC3)cc2)CC1,Scientific Literature,Binding affinity towards Histamine H2 receptor from human membranes,B,,,Bioorg Med Chem Lett,2002.0,Histamine H2 receptor,Ki,nM,4.96,373.5,1.93
CHEMBL321709,290.0,O=C(c1ccc(OCCCN2CC[C@H](NS(=O)(=O)c3ccc(Br)cc3)C2)cc1)C1CC1,Scientific Literature,Binding affinity to the human Histamine H2 receptor,B,,,Bioorg Med Chem Lett,2002.0,Histamine H2 receptor,Ki,nM,6.54,507.45,3.86
CHEMBL60509,27542.29,CCCCCC(=O)c1ccc(OCCCN2CCN(C(=O)c3cnco3)CC2)cc1,Scientific Literature,Binding affinity for the human Histamine H2 receptor,B,,,Bioorg Med Chem Lett,2002.0,Histamine H2 receptor,Ki,nM,4.56,413.52,3.66
CHEMBL62115,46773.51,CCCCCC(=O)c1ccc(OCCCN2CCN(C(=O)c3cnccn3)CC2)cc1,Scientific Literature,Binding affinity for the human Histamine H2 receptor,B,,,Bioorg Med Chem Lett,2002.0,Histamine H2 receptor,Ki,nM,4.33,424.55,3.47
CHEMBL305338,8912.51,CCCCCC(=O)c1ccc(OCCCN2CCN(C(=O)Cc3ccccc3)CC2)cc1,Scientific Literature,Binding affinity for the human Histamine H2 receptor,B,,,Bioorg Med Chem Lett,2002.0,Histamine H2 receptor,Ki,nM,5.05,436.6,4.61
CHEMBL2429890,1157.0,c1cc2c(cc1CN[C@H]1C3C4CC5C6C4CC3C6C51)OCO2,Scientific Literature,Inhibition of histamine H2 receptor (unknown origin) by PDSP assay,B,Homo sapiens,,Bioorg Med Chem,2013.0,Histamine H2 receptor,Ki,nM,5.94,295.38,2.65
CHEMBL2207635,10000.0,COc1ccccc1N1CCN(Cc2cc(CO)c3cccccc2-3)CC1,Scientific Literature,Displacement of [3H]URDE257 from human histamine H2 receptor expressed in insect Sf9 cell membrane preparation after 60 mins by scintillation counting analysis,B,Homo sapiens,,Bioorg Med Chem Lett,2012.0,Histamine H2 receptor,Ki,nM,,362.47,3.61
CHEMBL3633757,900.0,COc1cc2c3c(c1OCc1ccc(Br)cc1)-c1cc4c(cc1CC3N(C)CC2)OCO4,Scientific Literature,Displacement of [3H]-Tiotidine from recombinant human histamine H2 receptor after 1.5 hrs by Microbeta scintillation counting analysis,B,Homo sapiens,,Bioorg Med Chem Lett,2015.0,Histamine H2 receptor,Ki,nM,,494.39,5.52
CHEMBL941,1930.0,Cc1ccc(NC(=O)c2ccc(CN3CCN(C)CC3)cc2)cc1Nc1nccc(-c2cccnc2)n1,DrugMatrix,DRUGMATRIX: Histamine H2 radioligand binding (ligand: [125I] Aminopotentidine),B,,,,,Histamine H2 receptor,Ki,nM,5.71,493.62,4.59
CHEMBL4875600,2.042,Cc1nc(N)sc1CCCN/C(N)=N/C(=O)NC(C)c1cccc(F)c1,Scientific Literature,Displacement of [3H]UR-DE257 from human histamine H2 receptor expressed in sf9 insect cell membranes co-expressing GSalphaS incubated for 60 mins by microbeta scintillation counting method,B,Homo sapiens,,Eur J Med Chem,2021.0,Histamine H2 receptor,Ki,nM,8.69,378.48,2.48
CHEMBL4848026,37.15,COc1ccc(C(C)NC(=O)/N=C(\N)NCCCc2sc(N)nc2C)cc1,Scientific Literature,Displacement of [3H]UR-DE257 from human histamine H2 receptor expressed in sf9 insect cell membranes co-expressing GSalphaS incubated for 60 mins by microbeta scintillation counting method,B,Homo sapiens,,Eur J Med Chem,2021.0,Histamine H2 receptor,Ki,nM,7.43,390.51,2.35
CHEMBL4861704,63.1,Cc1nc(N)sc1CCCN/C(N)=N/C(=O)NC(C)c1cccs1,Scientific Literature,Displacement of [3H]UR-DE257 from human histamine H2 receptor expressed in sf9 insect cell membranes co-expressing GSalphaS incubated for 60 mins by microbeta scintillation counting method,B,Homo sapiens,,Eur J Med Chem,2021.0,Histamine H2 receptor,Ki,nM,7.2,366.52,2.4
CHEMBL4866734,87.1,Cc1nc(N)sc1CCCN/C(N)=N/C(=O)NCC(c1ccccc1)c1ccccc1,Scientific Literature,Displacement of [3H]UR-DE257 from human histamine H2 receptor expressed in sf9 insect cell membranes co-expressing GSalphaS incubated for 60 mins by microbeta scintillation counting method,B,Homo sapiens,,Eur J Med Chem,2021.0,Histamine H2 receptor,Ki,nM,7.06,436.59,3.41
CHEMBL2207640,5500.0,COc1ccccc1N1CCN(Cc2cc(CN3CCN(C)CC3)c3cccccc2-3)CC1,Scientific Literature,Displacement of [3H]URDE257 from human histamine H2 receptor expressed in insect Sf9 cell membrane preparation after 60 mins by scintillation counting analysis,B,Homo sapiens,,Bioorg Med Chem Lett,2012.0,Histamine H2 receptor,Ki,nM,5.26,444.62,3.87
CHEMBL3104091,81.0,CN1CCc2c(c3cccc4c3n2-c2ccccc2CC4)C1,Scientific Literature,Displacement of [3H]Cimetidine from histamine H2 receptor (unknown origin),B,Homo sapiens,,Bioorg Med Chem Lett,2014.0,Histamine H2 receptor,Ki,nM,7.09,288.39,3.72
CHEMBL5209479,1047.13,Cc1nnc(CCCN/C(N)=N/C(=O)NCC(C)C2CCCCC2)s1.O=C(O)C(F)(F)F,Scientific Literature,Displacement of [3H]UR-DE257 from human histamine H2 receptor stably expressed in baculovirus infected Sf9 cell membrane co-expressing RG-Salpha S incubated for 60 mins by scintillation counting analysis,B,Homo sapiens,,J Med Chem,2021.0,Histamine H2 receptor,Ki,nM,5.98,480.56,2.61
CHEMBL5198795,15.14,CC(CCCc1ccccc1)CNC(=O)/N=C(\N)NCCCc1nnc(N)s1.O=C(O)C(F)(F)F.O=C(O)C(F)(F)F,Scientific Literature,Displacement of [3H]UR-DE257 from human histamine H2 receptor stably expressed in baculovirus infected Sf9 cell membrane co-expressing RG-Salpha S incubated for 60 mins by scintillation counting analysis,B,Homo sapiens,,J Med Chem,2021.0,Histamine H2 receptor,Ki,nM,7.82,631.6,2.33
CHEMBL5173079,4.786,N/C(=N\C(=O)NCCCCCCCCNC(=O)/N=C(\N)NCCCc1nnc(N)s1)NCCCc1nnc(N)s1.O=C(O)C(F)(F)F.O=C(O)C(F)(F)F.O=C(O)C(F)(F)F.O=C(O)C(F)(F)F,Scientific Literature,Displacement of [3H]UR-DE257 from human histamine H2 receptor stably expressed in baculovirus infected Sf9 cell membrane co-expressing RG-Salpha S incubated for 60 mins by scintillation counting analysis,B,Homo sapiens,,J Med Chem,2021.0,Histamine H2 receptor,Ki,nM,8.32,1052.88,0.69
CHEMBL30,70.79,CN/C(=N\CCSCc1nc[nH]c1C)NC#N,Scientific Literature,Displacement of [3H]Cimetidine from histamine H2 receptor (unknown origin),B,Homo sapiens,,Bioorg Med Chem Lett,2014.0,Histamine H2 receptor,Ki,nM,7.15,252.35,0.6
CHEMBL1080735,10000.0,C[C@H]1CN(C(=O)c2ccc(-c3ccccc3C(F)(F)F)cc2)CCN1C(=O)c1ccc2cc[nH]c2c1,Scientific Literature,Inhibition of histamine H2 receptor,B,,,Bioorg Med Chem Lett,2010.0,Histamine H2 receptor,Ki,nM,,491.51,5.84
CHEMBL1632174,10000.0,O=C(O)CCCCCN1CCC(CNC(=O)c2c3n(c4ccccc24)CCCO3)CC1,Scientific Literature,Binding affinity to Histamine receptor H2,B,,,Bioorg Med Chem,2010.0,Histamine H2 receptor,Ki,nM,,427.55,3.51
CHEMBL59870,4466.84,CCCCCC(=O)c1ccc(OCCCN2CCN(C(=O)[C@@H](CC(C)C)NC(=O)OC(C)(C)C)CC2)cc1,Scientific Literature,Binding affinity towards Histamine H2 receptor from human membranes,B,,,Bioorg Med Chem Lett,2002.0,Histamine H2 receptor,Ki,nM,5.35,531.74,5.3
CHEMBL1080155,10000.0,C[C@H]1CN(C(=O)c2ccc(-c3cccc(OC(F)(F)F)c3)cc2)CCN1C(=O)c1ccc2cc[nH]c2c1,Scientific Literature,Inhibition of histamine H2 receptor,B,,,Bioorg Med Chem Lett,2010.0,Histamine H2 receptor,Ki,nM,,507.51,5.72
CHEMBL1243366,10000.0,CC(C)(C)c1ccc(SCC(c2cccnc2)c2c[nH]cn2)cc1,Scientific Literature,Binding affinity to human histamine H2 receptor,B,Homo sapiens,,J Med Chem,2010.0,Histamine H2 receptor,Ki,nM,,337.49,5.03
CHEMBL4865670,5248.07,CCCNC(=O)/N=C(\N)Nc1cccc(-c2csc(N)n2)c1,Scientific Literature,Displacement of [3H]UR-DE257 from human histamine H2 receptor expressed in sf9 insect cell membranes co-expressing GSalphaS incubated for 60 mins by microbeta scintillation counting method,B,Homo sapiens,,Eur J Med Chem,2021.0,Histamine H2 receptor,Ki,nM,5.28,318.41,2.24
CHEMBL2031876,10000.0,C[C@@H]1CCCN1C(=O)c1ccc(-c2ccc3c(c2)CCN(CCN2CCCC2)C3=O)cc1,Scientific Literature,Binding affinity to H2 receptor,B,,,J Med Chem,2012.0,Histamine H2 receptor,Ki,nM,,431.58,4.07
CHEMBL3092650,3162.28,O=C1CCCN1c1ccc(Oc2ccc3c(c2)CCN(C2CCC2)CC3)nc1,Scientific Literature,Binding affinity to human histamine H2 receptor,B,Homo sapiens,,Bioorg Med Chem Lett,2013.0,Histamine H2 receptor,Ki,nM,,377.49,3.95
CHEMBL3936289,10000.0,CN1CC[C@H]2CC(=O)[C@H](Cc3ccccc3)[C@H]3CCC[C@@H]1[C@H]23,Scientific Literature,Binding affinity to H2 receptor (unknown origin) expressed in HEKT cells measured after 90 mins by radioligand binding assay,B,Homo sapiens,,Bioorg Med Chem Lett,2016.0,Histamine H2 receptor,Ki,nM,,297.44,3.55
CHEMBL64247,1548.82,CCOC(=O)N1CCN(CCCOc2ccc(C(=O)c3ccc(C(C)(C)C)cc3)cc2)CC1,Scientific Literature,Binding affinity for the human Histamine H2 receptor,B,,,Bioorg Med Chem Lett,2002.0,Histamine H2 receptor,Ki,nM,5.81,452.6,4.76
CHEMBL2207639,6100.0,COc1ccccc1N1CCN(Cc2cc(CN3CCOCC3)c3cccccc2-3)CC1,Scientific Literature,Displacement of [3H]URDE257 from human histamine H2 receptor expressed in insect Sf9 cell membrane preparation after 60 mins by scintillation counting analysis,B,Homo sapiens,,Bioorg Med Chem Lett,2012.0,Histamine H2 receptor,Ki,nM,5.21,431.58,3.95
CHEMBL2207638,4200.0,COc1ccccc1N1CCN(Cc2cc(CN3CCCCC3)c3cccccc2-3)CC1,Scientific Literature,Displacement of [3H]URDE257 from human histamine H2 receptor expressed in insect Sf9 cell membrane preparation after 60 mins by scintillation counting analysis,B,Homo sapiens,,Bioorg Med Chem Lett,2012.0,Histamine H2 receptor,Ki,nM,5.38,429.61,5.11
CHEMBL61231,69183.1,CCOC(=O)N1CCN(CCCOc2ccc(C(=O)CC(C)C)cc2)CC1,Scientific Literature,Binding affinity for the human Histamine H2 receptor,B,,,Bioorg Med Chem Lett,2002.0,Histamine H2 receptor,Ki,nM,4.16,376.5,3.46
CHEMBL64775,3715.35,CCCCCC(=O)c1ccc(OCCCN2CCN(C(=O)OCC(C)C)CC2)cc1,Scientific Literature,Binding affinity for the human Histamine H2 receptor,B,,,Bioorg Med Chem Lett,2002.0,Histamine H2 receptor,Ki,nM,5.43,418.58,4.63
CHEMBL21731,393.0,CNCCCC12CCC(c3ccccc31)c1ccccc12,DrugMatrix,DRUGMATRIX: Histamine H2 radioligand binding (ligand: [125I] Aminopotentidine),B,,,,,Histamine H2 receptor,Ki,nM,6.41,277.41,4.21
CHEMBL3417585,10000.0,C[C@@H]1CCCN1CCCOc1ccc(C2=NNC(=O)[C@@H]3C[C@H]23)cc1,Scientific Literature,Inhibition of human H2R,B,Homo sapiens,,Eur J Med Chem,2015.0,Histamine H2 receptor,Ki,nM,,327.43,2.41
CHEMBL5184911,8.128,CC(NC(=O)/N=C(\N)NCCCc1nnc(N)s1)c1cccc(F)c1.Cl.Cl,Scientific Literature,Displacement of [3H]UR-DE257 from human histamine H2 receptor stably expressed in baculovirus infected Sf9 cell membrane co-expressing RG-Salpha S incubated for 60 mins by scintillation counting analysis,B,Homo sapiens,,J Med Chem,2021.0,Histamine H2 receptor,Ki,nM,8.09,438.36,1.57
CHEMBL5204599,19.5,CC(CNC(=O)/N=C(\N)NCCCc1nnc(N)s1)C1CCCCC1.O=C(O)C(F)(F)F.O=C(O)C(F)(F)F,Scientific Literature,Displacement of [3H]UR-DE257 from human histamine H2 receptor stably expressed in baculovirus infected Sf9 cell membrane co-expressing RG-Salpha S incubated for 60 mins by scintillation counting analysis,B,Homo sapiens,,J Med Chem,2021.0,Histamine H2 receptor,Ki,nM,7.71,595.57,1.88
CHEMBL5208845,12.88,C[C@@H](NC(=O)/N=C(\N)NCCCc1nnc(N)s1)c1ccccc1.Cl.Cl,Scientific Literature,Displacement of [3H]UR-DE257 from human histamine H2 receptor stably expressed in baculovirus infected Sf9 cell membrane co-expressing RG-Salpha S incubated for 60 mins by scintillation counting analysis,B,Homo sapiens,,J Med Chem,2021.0,Histamine H2 receptor,Ki,nM,7.89,420.37,1.43
CHEMBL5201074,53.7,C[C@@H](NC(=O)/N=C(\N)NCCCc1ncn[nH]1)c1ccccc1.Cl.Cl,Scientific Literature,Displacement of [3H]UR-DE257 from human histamine H2 receptor stably expressed in baculovirus infected Sf9 cell membrane co-expressing RG-Salpha S incubated for 60 mins by scintillation counting analysis,B,Homo sapiens,,J Med Chem,2021.0,Histamine H2 receptor,Ki,nM,7.27,388.3,1.11
CHEMBL5087637,251.19,Cc1nc(N)sc1CCCN/C(N)=N/C(=O)NCCCCCCNC(=O)CCCCCN1/C(=C/C=C/C=C/C2=[N+](CCCCS(=O)(=O)[O-])c3ccccc3C2(C)C)c2ccccc2C1(C)C.O=C(O)C(F)(F)F.O=C(O)C(F)(F)F.O=C(O)C(F)(F)F,Scientific Literature,Displacement of [3H]UR-DE257 from Gsalphas-coupled human H2R expressed in Sf9 cell membranes by competitive binding assay,B,Homo sapiens,,Bioorg Med Chem Lett,2021.0,Histamine H2 receptor,Ki,nM,6.6,1284.38,7.92
CHEMBL4563834,10000.0,CC(C)(C)CNc1nccc(N2CCN(CCN)CC2)n1.O=C(O)C(F)(F)F.O=C(O)C(F)(F)F.O=C(O)C(F)(F)F,Scientific Literature,Displacement of 20 nM [3H]UR-DE257 from human H2R expressed in Sf9 cell membranes co-expressing GsalphaS by competition binding assay,B,Homo sapiens,,J Med Chem,2019.0,Histamine H2 receptor,Ki,nM,,634.5,1.02
CHEMBL4543119,1000.0,CN1CCCN(c2ccnc(NCC(C)(C)C)n2)CC1.O=C(O)C(F)(F)F.O=C(O)C(F)(F)F,Scientific Literature,Displacement of 20 nM [3H]UR-DE257 from human H2R expressed in Sf9 cell membranes co-expressing GsalphaS by competition binding assay,B,Homo sapiens,,J Med Chem,2019.0,Histamine H2 receptor,Ki,nM,,505.46,2.08
CHEMBL4437371,10000.0,CC(C)(C)CNc1nccc(NCCCN)n1.O=C(O)C(F)(F)F.O=C(O)C(F)(F)F,Scientific Literature,Displacement of 5 nM [3H-pyrilamine from human H1R expressed in Sf9 cell membranes co-expressing RGS4 by competition binding assay,B,Homo sapiens,,J Med Chem,2019.0,Histamine H2 receptor,Ki,nM,,465.4,1.7
CHEMBL1644978,546.0,OC1(c2ccc(Cl)c(C(F)(F)F)c2)CCN(CCCCC(c2ccc(F)cc2)c2ccc(F)cc2)CC1,Scientific Literature,Displacement of [3H]Cimetidine from human H2 receptor expressed in HEK cells by radioligand binding assay,B,Homo sapiens,,Bioorg Med Chem Lett,2018.0,Histamine H2 receptor,Ki,nM,6.26,538.0,7.92
CHEMBL4472703,10000.0,CC[C@H]1c2cc(OC)ccc2CC[C@@]1(C)N,Scientific Literature,Displacement of [125I]-Iodoaminopotentidine from human recombinant histamine H2 receptor expressed in stable HEK cells after 90 mins by microbeta scintillation counting method,B,Homo sapiens,,ACS Med Chem Lett,2019.0,Histamine H2 receptor,Ki,nM,,219.33,2.85
CHEMBL4466483,2500.0,FC(F)(F)c1cc(Oc2nccc3ccsc23)ccc1-c1cccc2nccn12,Scientific Literature,Displacement of [125I]-Iodo-aminopotentidine from human histamine H2 receptor expressed in stable HEK cells after 90 mins by microbeta scintillation counting method,B,Homo sapiens,,J Med Chem,2019.0,Histamine H2 receptor,Ki,nM,5.6,411.41,6.42
CHEMBL4870510,63.1,CCC(NC(=O)/N=C(\N)NCCCc1sc(N)nc1C)c1ccccc1,Scientific Literature,Displacement of [3H]UR-DE257 from human histamine H2 receptor expressed in sf9 insect cell membranes co-expressing GSalphaS incubated for 60 mins by microbeta scintillation counting method,B,Homo sapiens,,Eur J Med Chem,2021.0,Histamine H2 receptor,Ki,nM,7.2,374.51,2.73
CHEMBL4876267,30.2,Cc1nc(N)sc1CCCN/C(N)=N/C(=O)NC(C)c1ccc(Br)cc1,Scientific Literature,Displacement of [3H]UR-DE257 from human histamine H2 receptor expressed in sf9 insect cell membranes co-expressing GSalphaS incubated for 60 mins by microbeta scintillation counting method,B,Homo sapiens,,Eur J Med Chem,2021.0,Histamine H2 receptor,Ki,nM,7.52,439.38,3.1
CHEMBL4864067,158.49,Cc1nc(N)sc1CCCN/C(N)=N/C(=O)NCCc1ccccc1,Scientific Literature,Displacement of [3H]UR-DE257 from human histamine H2 receptor expressed in sf9 insect cell membranes co-expressing GSalphaS incubated for 60 mins by microbeta scintillation counting method,B,Homo sapiens,,Eur J Med Chem,2021.0,Histamine H2 receptor,Ki,nM,6.8,360.49,1.82
CHEMBL4852212,100.0,Cc1nc(N)sc1CCCN/C(N)=N/C(=O)NC[C@H](C)c1ccccc1,Scientific Literature,Displacement of [3H]UR-DE257 from human histamine H2 receptor expressed in sf9 insect cell membranes co-expressing GSalphaS incubated for 60 mins by microbeta scintillation counting method,B,Homo sapiens,,Eur J Med Chem,2021.0,Histamine H2 receptor,Ki,nM,7.0,374.51,2.38
CHEMBL4869389,102.33,Cc1nc(N)sc1CCCN/C(N)=N/C(=O)NC[C@@H](C)c1ccccc1,Scientific Literature,Displacement of [3H]UR-DE257 from human histamine H2 receptor expressed in sf9 insect cell membranes co-expressing GSalphaS incubated for 60 mins by microbeta scintillation counting method,B,Homo sapiens,,Eur J Med Chem,2021.0,Histamine H2 receptor,Ki,nM,6.99,374.51,2.38
CHEMBL4857560,70.79,Cc1nc(N)sc1CCCN/C(N)=N/C(=O)NCC(C)CC1CCCCC1,Scientific Literature,Displacement of [3H]UR-DE257 from human histamine H2 receptor expressed in sf9 insect cell membranes co-expressing GSalphaS incubated for 60 mins by microbeta scintillation counting method,B,Homo sapiens,,Eur J Med Chem,2021.0,Histamine H2 receptor,Ki,nM,7.15,394.59,3.19
CHEMBL4850490,1148.15,Cc1nc(N)sc1CCCN/C(N)=N/C(=S)NC[C@H](C)c1ccccc1,Scientific Literature,Displacement of [3H]UR-DE257 from human histamine H2 receptor expressed in sf9 insect cell membranes co-expressing GSalphaS incubated for 60 mins by microbeta scintillation counting method,B,Homo sapiens,,Eur J Med Chem,2021.0,Histamine H2 receptor,Ki,nM,5.94,390.58,2.55
CHEMBL107162,1000.0,COc1ccc(S(=O)(=O)N[C@H]2CCN(CCCOc3ccc(C(=O)C4CC4)cc3)C2)cc1,Scientific Literature,Binding affinity to the human Histamine H2 receptor,B,,,Bioorg Med Chem Lett,2002.0,Histamine H2 receptor,Ki,nM,6.0,458.58,3.11
CHEMBL293762,6309.57,Cc1nc(N)sc1CCN,Scientific Literature,Displacement of [125I]iodoaminopotentidine from human histamine H2 receptor expressed in CHO cells,B,Homo sapiens,,Bioorg Med Chem Lett,2010.0,Histamine H2 receptor,Ki,nM,5.2,157.24,0.53
CHEMBL2205811,948.0,COc1cccc(CCN2C3C4C5CC6C7C5C3C7C2(O)C64)c1,Scientific Literature,Binding affinity to Histamine H2 receptor,B,,,Bioorg Med Chem Lett,2012.0,Histamine H2 receptor,Ki,nM,6.02,309.41,2.0
CHEMBL4874758,104.71,CCCNC(=O)/N=C(\N)NCCCc1sc(N)nc1C,Scientific Literature,Displacement of [3H]UR-DE257 from human histamine H2 receptor expressed in sf9 insect cell membranes co-expressing GSalphaS incubated for 60 mins by microbeta scintillation counting method,B,Homo sapiens,,Eur J Med Chem,2021.0,Histamine H2 receptor,Ki,nM,6.98,298.42,0.99
CHEMBL4858567,3162.28,Cc1nc(N)sc1CCCN/C(N)=N/C(=O)Nc1ccccc1,Scientific Literature,Displacement of [3H]UR-DE257 from human histamine H2 receptor expressed in sf9 insect cell membranes co-expressing GSalphaS incubated for 60 mins by microbeta scintillation counting method,B,Homo sapiens,,Eur J Med Chem,2021.0,Histamine H2 receptor,Ki,nM,5.5,332.43,2.1
CHEMBL4750996,10000.0,O=C(c1ccc(Cl)cc1)c1ccc(OCCCN2CCN(c3ccncc3)CC2)cc1,Scientific Literature,Displacement of [3H]UR-DE257 from Gsalphas-coupled human H2R expressed in Sf9 cell membranes measured after 60 mins by scintillation counting analysis,B,Homo sapiens,,Eur J Med Chem,2021.0,Histamine H2 receptor,Ki,nM,,435.95,4.56
CHEMBL4783066,6897.0,Clc1ccc(-c2ccc(OCCCN3CCN(c4ccncc4)CC3)cc2)cc1,Scientific Literature,Displacement of [3H]UR-DE257 from Gsalphas-coupled human H2R expressed in Sf9 cell membranes measured after 60 mins by scintillation counting analysis,B,Homo sapiens,,Eur J Med Chem,2021.0,Histamine H2 receptor,Ki,nM,5.16,407.95,4.99
CHEMBL4781093,7459.0,Fc1ccc(-c2ccc(OCCCN3CCN(c4ccncc4)CC3)cc2)cc1,Scientific Literature,Displacement of [3H]UR-DE257 from Gsalphas-coupled human H2R expressed in Sf9 cell membranes measured after 60 mins by scintillation counting analysis,B,Homo sapiens,,Eur J Med Chem,2021.0,Histamine H2 receptor,Ki,nM,5.13,391.49,4.48
CHEMBL4786308,10000.0,c1ccc(Cc2ccc(OCCCN3CCN(c4ccncc4)CC3)cc2)cc1,Scientific Literature,Displacement of [3H]UR-DE257 from Gsalphas-coupled human H2R expressed in Sf9 cell membranes measured after 60 mins by scintillation counting analysis,B,Homo sapiens,,Eur J Med Chem,2021.0,Histamine H2 receptor,Ki,nM,,387.53,4.26
CHEMBL1794855,10000.0,CCN(C)C1CCCc2ccncc21.O=C(O)/C=C\C(=O)O.O=C(O)/C=C\C(=O)O,Scientific Literature,Affinity towards histamine H2 receptor,B,Homo sapiens,,Bioorg Med Chem Lett,2004.0,Histamine H2 receptor,Ki,nM,,422.43,2.41
CHEMBL4854278,338.84,Cc1nc(N)sc1CCCN/C(N)=N/C(=S)N[C@@H](C)c1ccccc1,Scientific Literature,Displacement of [3H]UR-DE257 from human histamine H2 receptor expressed in sf9 insect cell membranes co-expressing GSalphaS incubated for 60 mins by microbeta scintillation counting method,B,Homo sapiens,,Eur J Med Chem,2021.0,Histamine H2 receptor,Ki,nM,6.47,376.56,2.51
CHEMBL18661,1000.0,c1nc(CC2CCNCC2)c[nH]1,Scientific Literature,Displacement of [125I]aminopotentidine from human histamine H2 receptor expressed in CHO-K1 cells after 1 hr by liquid scintillation counting,B,Homo sapiens,,Bioorg Med Chem,2010.0,Histamine H2 receptor,Ki,nM,,165.24,0.95
CHEMBL4572614,8200.0,Cc1ncc2nccn2c1-c1ccc(Oc2nccc3occc23)cc1C(F)(F)F,Scientific Literature,Displacement of [125I]-Iodo-aminopotentidine from human histamine H2 receptor expressed in stable HEK cells after 90 mins by microbeta scintillation counting method,B,Homo sapiens,,J Med Chem,2019.0,Histamine H2 receptor,Ki,nM,5.09,410.36,5.66
CHEMBL1643900,4423.0,Fc1cccc(CCN[C@H]2C3C4CC5C6C4CC3C6C52)c1,Scientific Literature,Inhibition of H2 receptor,B,,,Bioorg Med Chem Lett,2011.0,Histamine H2 receptor,Ki,nM,5.35,283.39,3.1
CHEMBL129198,8511.38,CN1CCN(C(=O)c2cc3cc(Cl)ccc3[nH]2)CC1,Scientific Literature,Binding affinity to human histamine H2 receptor,B,Homo sapiens,,J Med Chem,2008.0,Histamine H2 receptor,Ki,nM,,277.76,2.21
CHEMBL90,5000.0,NCCc1c[nH]cn1,Scientific Literature,Binding affinity to histamine H2 receptor (unknown origin),B,Homo sapiens,,J Med Chem,2015.0,Histamine H2 receptor,Ki,nM,5.3,111.15,-0.09
CHEMBL3609749,975.0,COc1cc(-c2cn([C@H]3CCc4c(F)cccc4N(CC(F)(F)F)C3=O)nn2)ccc1-n1cnc(C)c1,SGC Frankfurt - Donated Chemical Probes,GPCRScan assay: inhibition of H2,B,Homo sapiens,,,2021.0,Histamine H2 receptor,Ki,nM,6.01,514.48,4.67
CHEMBL4165863,1760.0,O=C(OCc1ccccc1)N1CCc2ccc(N3CCN(C4CCCC4)CC3)cc2C1,Scientific Literature,Displacement of [125I]-iodoaminopotentidine from human histamine H2 receptor expressed in stable HEK cells after 90 mins by microbeta scintillation counting method,B,Homo sapiens,,Eur J Med Chem,2018.0,Histamine H2 receptor,Ki,nM,5.75,419.57,4.45
CHEMBL3897499,10000.0,CCCN1CC[C@H]2c3cc4ccc(C(F)(F)F)cc4nc3[C@H](CC)[C@H]3CCC[C@@H]1[C@@H]32,Scientific Literature,Binding affinity to H2 receptor (unknown origin) expressed in HEKT cells measured after 90 mins by radioligand binding assay,B,Homo sapiens,,Bioorg Med Chem Lett,2016.0,Histamine H2 receptor,Ki,nM,,416.53,6.75
CHEMBL1632414,1000.0,CN1CCC(/C(=N/O)c2nc3cc(Cl)ccc3[nH]2)CC1,Scientific Literature,Binding affinity to human recombinant histamine H2 receptor expressed in human SK-N-MC cells by radioligand displacement assay,B,Homo sapiens,,Bioorg Med Chem Lett,2010.0,Histamine H2 receptor,Ki,nM,,292.77,2.74
CHEMBL1632413,1000.0,CN1CCN(/C(=N\O)c2cc3cc(Cl)ccc3[nH]2)CC1,Scientific Literature,Binding affinity to human recombinant histamine H2 receptor expressed in human SK-N-MC cells by radioligand displacement assay,B,Homo sapiens,,Bioorg Med Chem Lett,2010.0,Histamine H2 receptor,Ki,nM,,292.77,2.2
CHEMBL30,5431.0,CN/C(=N\CCSCc1nc[nH]c1C)NC#N,DrugMatrix,DRUGMATRIX: Histamine H2 radioligand binding (ligand: [125I] Aminopotentidine),B,,,,,Histamine H2 receptor,Ki,nM,5.26,252.35,0.6
CHEMBL72424,10000.0,CC/N=C(\S)NCCCCCc1c[nH]cn1,Scientific Literature,Displacement of [125I]iodoaminopotentidine from human histamine H2 receptor expressed in CHO cells,B,Homo sapiens,,Bioorg Med Chem Lett,2010.0,Histamine H2 receptor,Ki,nM,5.0,240.38,2.02
CHEMBL12160,3981.07,C/N=C(\S)NCCCCc1c[nH]cn1,Scientific Literature,Displacement of [125 I]iodoaminopotentidine bound to membranes of CHO cells expressing human H2 receptors,B,Homo sapiens,,J Med Chem,1995.0,Histamine H2 receptor,Ki,nM,5.4,212.32,1.24
CHEMBL296419,1654.0,COc1ccc(CCN2CCC(Nc3nc4ccccc4n3Cc3ccc(F)cc3)CC2)cc1,DrugMatrix,DRUGMATRIX: Histamine H2 radioligand binding (ligand: [125I] Aminopotentidine),B,,,,,Histamine H2 receptor,Ki,nM,5.78,458.58,5.35
CHEMBL4535474,139.64,CNCc1ccccc1-c1csc([C@@H](C)Nc2nc(C)nc3cc(OC)c(OC)cc23)c1,SGC Frankfurt - Donated Chemical Probes,GPCRScan assay: inhibition of H2,B,Homo sapiens,,,2021.0,Histamine H2 receptor,Ki,nM,6.86,448.59,5.58
CHEMBL1915535,3560.0,CN1CCN(c2cc(NCCC(C)(C)C)ncn2)CC1,Scientific Literature,Antagonist activity at histamine H2 receptor,F,,,Bioorg Med Chem Lett,2011.0,Histamine H2 receptor,Ki,nM,5.45,277.42,2.08
CHEMBL260374,10000.0,S=C(NC1CCCCC1)N1CCC(c2cnc[nH]2)CC1,Scientific Literature,Displacement of [3H]tiotidine from human histamine H2 receptor,B,Homo sapiens,,J Med Chem,2008.0,Histamine H2 receptor,Ki,nM,,292.45,2.8
CHEMBL1643899,2148.0,Fc1cccc(CN[C@H]2C3C4CC5C6C4CC3C6C52)c1,Scientific Literature,Inhibition of H2 receptor,B,,,Bioorg Med Chem Lett,2011.0,Histamine H2 receptor,Ki,nM,5.67,269.36,3.06
CHEMBL841,3030.0,CN(C)C(=O)C(CCN1CCC(O)(c2ccc(Cl)cc2)CC1)(c1ccccc1)c1ccccc1,DrugMatrix,DRUGMATRIX: Histamine H2 radioligand binding (ligand: [125I] Aminopotentidine),B,,,,,Histamine H2 receptor,Ki,nM,5.52,477.05,5.09
CHEMBL4776141,10000.0,O=C(c1ccc(OCCCN2CCC(c3ccncc3)CC2)cc1)C1CC1,Scientific Literature,Displacement of [3H]UR-DE257 from Gsalphas-coupled human H2R expressed in Sf9 cell membranes measured after 60 mins by scintillation counting analysis,B,Homo sapiens,,Eur J Med Chem,2021.0,Histamine H2 receptor,Ki,nM,,364.49,4.32
CHEMBL64894,1136.0,CN(C)c1ccc(C(=C2C=CC(=[N+](C)C)C=C2)c2ccc(N(C)C)cc2)cc1.[Cl-],DrugMatrix,DRUGMATRIX: Histamine H2 radioligand binding (ligand: [125I] Aminopotentidine),B,,,,,Histamine H2 receptor,Ki,nM,5.95,407.99,4.46
CHEMBL1200776,2624.52,C[C@@H](NCCCc1cccc(C(F)(F)F)c1)c1cccc2ccccc12.Cl,EUbOPEN Chemogenomic Library,"PDSP Secondary Binding target: HRH2 - Compounds are tested at 10 uM concentration, plate are incubated at room temperature in the dark for 90 minutes. Reaction are stopped by vacuum filtration onto 0.3% polyethyleneimine soaked filter mats using Filtermate harvester. Scintillation cocktail is then melted onto microwave-dried filters on a hot plate and the radio activity is counted in Microbia counter. Compounds showing a minimum of 50% inhibition at 10 uM concentration are carried forward in this secondary binding assay to determine equilibrium binding affinity.",B,Homo sapiens,,,2024.0,Histamine H2 receptor,Ki,nM,5.58,393.88,6.14
CHEMBL543113,593.75,CN1C2CCC1CC(OC(c1ccc(F)cc1)c1ccc(F)cc1)C2.Cl,EUbOPEN Chemogenomic Library,"PDSP Secondary Binding target: HRH2 - Compounds are tested at 10 uM concentration, plate are incubated at room temperature in the dark for 90 minutes. Reaction are stopped by vacuum filtration onto 0.3% polyethyleneimine soaked filter mats using Filtermate harvester. Scintillation cocktail is then melted onto microwave-dried filters on a hot plate and the radio activity is counted in Microbia counter. Compounds showing a minimum of 50% inhibition at 10 uM concentration are carried forward in this secondary binding assay to determine equilibrium binding affinity.",B,Homo sapiens,,,2024.0,Histamine H2 receptor,Ki,nM,6.23,379.88,4.7
CHEMBL3544974,5.754,CN1CC2c3ccccc3Oc3ccc(Cl)cc3C2C1.O=C(O)/C=C\C(=O)O,Scientific Literature,Displacement of [3H]Cimetidine from histamine H2 receptor (unknown origin),B,Homo sapiens,,Bioorg Med Chem Lett,2014.0,Histamine H2 receptor,Ki,nM,8.24,401.85,4.26
CHEMBL1201203,1185.0,CN1[C@@H]2CC[C@H]1C[C@@H](OC(c1ccccc1)c1ccccc1)C2,DrugMatrix,DRUGMATRIX: Histamine H2 radioligand binding (ligand: [125I] Aminopotentidine),B,,,,,Histamine H2 receptor,Ki,nM,5.93,307.44,4.42
CHEMBL2432039,6268.0,C1C2C3CC4C2C2C1C3[C@H](NCC13C5C6C7C5C1C7C63)C42,Scientific Literature,Inhibition of histamine H2 receptor (unknown origin) by PDSP assay,B,Homo sapiens,,Bioorg Med Chem,2013.0,Histamine H2 receptor,Ki,nM,5.2,277.41,2.09
CHEMBL1172754,1000.0,FC(F)(F)c1ccc(N2CCC(Cc3c[nH]cn3)CC2)cc1,Scientific Literature,Displacement of [125I]aminopotentidine from human histamine H2 receptor expressed in CHO-K1 cells after 1 hr by liquid scintillation counting,B,Homo sapiens,,Bioorg Med Chem,2010.0,Histamine H2 receptor,Ki,nM,,309.33,3.89
CHEMBL4848697,31.62,Cc1nc(N)sc1CCCN/C(N)=N/C(=O)NC(C)c1ccc(F)cc1,Scientific Literature,Displacement of [3H]UR-DE257 from human histamine H2 receptor expressed in sf9 insect cell membranes co-expressing GSalphaS incubated for 60 mins by microbeta scintillation counting method,B,Homo sapiens,,Eur J Med Chem,2021.0,Histamine H2 receptor,Ki,nM,7.5,378.48,2.48
CHEMBL90,295.12,NCCc1c[nH]cn1,Scientific Literature,Displacement of [3H]UR-DE257 from Gsalphas-coupled human H2R expressed in baculovirus infected Sf9 cells incubated for 60 mins by scintillation counting method,B,Homo sapiens,,ACS Med Chem Lett,2020.0,Histamine H2 receptor,Ki,nM,6.53,111.15,-0.09
CHEMBL1172,1080.0,Clc1ccc2c(c1)CCc1cccnc1C2=C1CCNCC1,DrugMatrix,DRUGMATRIX: Histamine H2 radioligand binding (ligand: [125I] Aminopotentidine),B,,,,,Histamine H2 receptor,Ki,nM,5.97,310.83,4.02
CHEMBL5076746,181.97,Cc1nc(N)sc1CCCN/C(N)=N/C(=O)NCCCCCCNC(=O)CCCCCN1/C(=C/C=C/C=C/C2=[N+](CCCCS(N)(=O)=O)c3ccccc3C2(C)C)c2cc(S(=O)(=O)[O-])ccc2C1(C)C.O=C(O)C(F)(F)F.O=C(O)C(F)(F)F.O=C(O)C(F)(F)F,Scientific Literature,Displacement of [3H]UR-DE257 from Gsalphas-coupled human H2R expressed in Sf9 cell membranes by competitive binding assay,B,Homo sapiens,,Bioorg Med Chem Lett,2021.0,Histamine H2 receptor,Ki,nM,6.74,1363.46,
CHEMBL4863347,46.77,Cc1nc(N)sc1CCCN/C(N)=N/C(=O)NC(C)c1ccc(Cl)cc1,Scientific Literature,Displacement of [3H]UR-DE257 from human histamine H2 receptor expressed in sf9 insect cell membranes co-expressing GSalphaS incubated for 60 mins by microbeta scintillation counting method,B,Homo sapiens,,Eur J Med Chem,2021.0,Histamine H2 receptor,Ki,nM,7.33,394.93,2.99
CHEMBL1090526,4.5,COc1nccnc1[C@H](C)C1=C(CCN(C)C)Cc2cc(F)ccc21,Scientific Literature,Inhibition of H2 receptor,B,,,Bioorg Med Chem Lett,2010.0,Histamine H2 receptor,Ki,nM,8.35,341.43,3.69
CHEMBL1643902,4450.0,CN(CCc1cccc(F)c1)[C@H]1C2C3CC4C5C3CC2C5C41,Scientific Literature,Inhibition of histamine H2 receptor (unknown origin) by PDSP assay,B,Homo sapiens,,Bioorg Med Chem,2013.0,Histamine H2 receptor,Ki,nM,5.35,297.42,3.45
CHEMBL4863393,371535.23,N/C(=N\C(=O)Nc1ccccc1)Nc1cccc(-c2csc(N)n2)c1,Scientific Literature,Displacement of [3H]UR-DE257 from human histamine H2 receptor expressed in sf9 insect cell membranes co-expressing GSalphaS incubated for 60 mins by microbeta scintillation counting method,B,Homo sapiens,,Eur J Med Chem,2021.0,Histamine H2 receptor,Ki,nM,,352.42,3.35
CHEMBL104,5079.0,Clc1ccccc1C(c1ccccc1)(c1ccccc1)n1ccnc1,DrugMatrix,DRUGMATRIX: Histamine H2 radioligand binding (ligand: [125I] Aminopotentidine),B,,,,,Histamine H2 receptor,Ki,nM,5.29,344.85,5.38
CHEMBL4846201,60.26,Cc1nc(N)sc1CCCN/C(N)=N/C(=O)NCC(C)CCCc1ccccc1,Scientific Literature,Displacement of [3H]UR-DE257 from human histamine H2 receptor expressed in sf9 insect cell membranes co-expressing GSalphaS incubated for 60 mins by microbeta scintillation counting method,B,Homo sapiens,,Eur J Med Chem,2021.0,Histamine H2 receptor,Ki,nM,7.22,416.6,3.24
CHEMBL4845733,426.58,Cc1nc(N)sc1CCCN/C(N)=N/C(=S)NC[C@@H](C)c1ccccc1,Scientific Literature,Displacement of [3H]UR-DE257 from human histamine H2 receptor expressed in sf9 insect cell membranes co-expressing GSalphaS incubated for 60 mins by microbeta scintillation counting method,B,Homo sapiens,,Eur J Med Chem,2021.0,Histamine H2 receptor,Ki,nM,6.37,390.58,2.55
CHEMBL4869194,30.9,Cc1ccc(C(C)NC(=O)/N=C(\N)NCCCc2sc(N)nc2C)cc1,Scientific Literature,Displacement of [3H]UR-DE257 from human histamine H2 receptor expressed in sf9 insect cell membranes co-expressing GSalphaS incubated for 60 mins by microbeta scintillation counting method,B,Homo sapiens,,Eur J Med Chem,2021.0,Histamine H2 receptor,Ki,nM,7.51,374.51,2.65
CHEMBL4876799,1122.02,CCCCCCNC(=O)/N=C(\N)NC1CCc2nc(N)sc2C1,Scientific Literature,Displacement of [3H]UR-DE257 from human histamine H2 receptor expressed in sf9 insect cell membranes co-expressing GSalphaS incubated for 60 mins by microbeta scintillation counting method,B,Homo sapiens,,Eur J Med Chem,2021.0,Histamine H2 receptor,Ki,nM,5.95,338.48,1.78
CHEMBL4853107,72.44,Cc1ccc(CC(C)CNC(=O)/N=C(\N)NCCCc2sc(N)nc2C)cc1,Scientific Literature,Displacement of [3H]UR-DE257 from human histamine H2 receptor expressed in sf9 insect cell membranes co-expressing GSalphaS incubated for 60 mins by microbeta scintillation counting method,B,Homo sapiens,,Eur J Med Chem,2021.0,Histamine H2 receptor,Ki,nM,7.14,402.57,2.77
CHEMBL4865765,63.1,Cc1nc(N)sc1CCCN/C(N)=N/C(=O)NCC(C)CCc1ccccc1,Scientific Literature,Displacement of [3H]UR-DE257 from human histamine H2 receptor expressed in sf9 insect cell membranes co-expressing GSalphaS incubated for 60 mins by microbeta scintillation counting method,B,Homo sapiens,,Eur J Med Chem,2021.0,Histamine H2 receptor,Ki,nM,7.2,402.57,2.85
CHEMBL4795065,949.61,C=CC(=O)Nc1ccc2[nH]c(=O)n(C3CCN(Cc4ccc(-c5nc6cc[nH]c(=O)c6cc5-c5ccccc5)cc4)CC3)c2c1,SGC Frankfurt - Donated Chemical Probes,GPCRScan assay: inhibition of H2,B,Homo sapiens,,,2021.0,Histamine H2 receptor,Ki,nM,6.02,596.69,5.86
CHEMBL2204360,180.0,Cc1ccc(Sc2ccccc2N2CCNCC2)c(C)c1.Cl,Scientific Literature,Binding affinity to human histamine H2 receptor,B,Homo sapiens,,J Med Chem,2011.0,Histamine H2 receptor,Ki,nM,6.75,334.92,3.86
CHEMBL4647775,21.38,C[N+]1=C(/C=C/C=C/C=C2\N(CCCCCC(=O)NCCCCCCNc3c(NCCCOc4cccc(CN5CCCCC5)c4)c(=O)c3=O)c3ccccc3C2(C)C)C(C)(C)c2ccccc21.O=C(O)C(F)(F)F.O=C([O-])C(F)(F)F,Scientific Literature,Displacement of [3H]UR-DE257 from Gsalphas-coupled human H2R expressed in baculovirus infected Sf9 cells incubated for 60 mins by scintillation counting method,B,Homo sapiens,,ACS Med Chem Lett,2020.0,Histamine H2 receptor,Ki,nM,7.67,1135.3,10.3
CHEMBL4641747,1318.26,CC1(C)C(/C=C/C=C/C=C2\N(CCCCCC(=O)NCCCCCCNc3c(NCCCOc4cccc(CN5CCCCC5)c4)c(=O)c3=O)c3cc(S(=O)(=O)O)ccc3C2(C)C)=[N+](CCCCS(=O)(=O)[O-])c2ccccc21.O=C(O)C(F)(F)F.O=C(O)C(F)(F)F,Scientific Literature,Displacement of [3H]UR-DE257 from Gsalphas-coupled human H2R expressed in baculovirus infected Sf9 cells incubated for 60 mins by scintillation counting method,B,Homo sapiens,,ACS Med Chem Lett,2020.0,Histamine H2 receptor,Ki,nM,5.88,1337.51,
CHEMBL2432055,10000.0,CN(Cc1ccccc1)[C@H]1C2C3CC4C5C3CC2C5C41,Scientific Literature,Inhibition of histamine H2 receptor (unknown origin) by PDSP assay,B,Homo sapiens,,Bioorg Med Chem,2013.0,Histamine H2 receptor,Ki,nM,,265.4,3.26
CHEMBL4853668,28.84,CCCCCCNC(=O)/N=C(\N)NCCCc1sc(N)nc1C,Scientific Literature,Displacement of [3H]UR-DE257 from human histamine H2 receptor expressed in sf9 insect cell membranes co-expressing GSalphaS incubated for 60 mins by microbeta scintillation counting method,B,Homo sapiens,,Eur J Med Chem,2021.0,Histamine H2 receptor,Ki,nM,7.54,340.5,2.16
CHEMBL5175558,5623.41,Cc1nnc(CCCN/C(N)=N/C(=O)NCc2ccccc2)s1.O=C(O)C(F)(F)F,Scientific Literature,Displacement of [3H]UR-DE257 from human histamine H2 receptor stably expressed in baculovirus infected Sf9 cell membrane co-expressing RG-Salpha S incubated for 60 mins by scintillation counting analysis,B,Homo sapiens,,J Med Chem,2021.0,Histamine H2 receptor,Ki,nM,5.25,446.46,1.59
CHEMBL1474387,2963.81,Cc1c(P(=S)(c2ccccc2)c2ccccc2)n2ccccc2[n+]1C/C=C/c1ccccc1.[Br-],EUbOPEN Chemogenomic Library,"PDSP Secondary Binding target: HRH2 - Compounds are tested at 10 uM concentration, plate are incubated at room temperature in the dark for 90 minutes. Reaction are stopped by vacuum filtration onto 0.3% polyethyleneimine soaked filter mats using Filtermate harvester. Scintillation cocktail is then melted onto microwave-dried filters on a hot plate and the radio activity is counted in Microbia counter. Compounds showing a minimum of 50% inhibition at 10 uM concentration are carried forward in this secondary binding assay to determine equilibrium binding affinity.",B,Homo sapiens,,,2024.0,Histamine H2 receptor,Ki,nM,5.53,545.49,5.0
CHEMBL2031873,10000.0,O=C(NC1CCCC1)c1ccc(-c2ccc3c(c2)CCN(CCN2CCCC2)C3=O)cc1,Scientific Literature,Binding affinity to H2 receptor,B,,,J Med Chem,2012.0,Histamine H2 receptor,Ki,nM,,431.58,4.12
CHEMBL2031877,10000.0,C[C@H]1CCCN1C(=O)c1ccc(-c2ccc3c(c2)CCN(CCN2CCCC2)C3=O)cc1,Scientific Literature,Binding affinity to H2 receptor,B,,,J Med Chem,2012.0,Histamine H2 receptor,Ki,nM,,431.58,4.07
CHEMBL2031884,10000.0,CCNC(=O)c1ccc(-c2ccc3c(c2)CCN(CCN2CCC[C@H]2C)C3=O)cc1,Scientific Literature,Binding affinity to H2 receptor,B,,,J Med Chem,2012.0,Histamine H2 receptor,Ki,nM,,405.54,3.59
CHEMBL2205825,7267.0,COc1ccc(CN2C3C4C5CC6C7C5C3C7C2(O)C64)cc1,Scientific Literature,Binding affinity to Histamine H2 receptor,B,,,Bioorg Med Chem Lett,2012.0,Histamine H2 receptor,Ki,nM,5.14,295.38,1.96
CHEMBL4642548,13.49,NCCCCCCNc1c(NCCCOc2cccc(CN3CCCCC3)c2)c(=O)c1=O.O=C(O)C(F)(F)F.O=C(O)C(F)(F)F,Scientific Literature,Displacement of [3H]UR-DE257 from Gsalphas-coupled human H2R expressed in baculovirus infected Sf9 cells incubated for 60 mins by scintillation counting method,B,Homo sapiens,,ACS Med Chem Lett,2020.0,Histamine H2 receptor,Ki,nM,7.87,670.65,3.08
CHEMBL4642520,1819.7,Cc1cc(/C=C/C=C/c2ccc(N(C)C)cc2)cc(C)[n+]1CCCCCc1c[nH]cn1.O=C(O)C(F)(F)F.O=C([O-])C(F)(F)F,Scientific Literature,Displacement of [3H]UR-DE257 from Gsalphas-coupled human recombinant H2R expressed in baculovirus infected Sf9 insect cell membranes,B,Homo sapiens,,J Med Chem,2020.0,Histamine H2 receptor,Ki,nM,5.74,642.64,5.52
CHEMBL94249,19952.62,NCCCCCCCCCCc1c[nH]cn1,Scientific Literature,"Binding affinity against human H2 receptor by the displacement of [125I]iodoaminopotentidine, bound to membranes of CHO cells.",B,,,J Med Chem,1995.0,Histamine H2 receptor,Ki,nM,4.7,223.36,3.03
CHEMBL3806079,7250.0,N#C/N=C(/NCCSc1ccccc1)NC[C@@H]1CC[C@H](c2c[nH]cn2)C1,Scientific Literature,Displacement of [3H]tiotidine from human histamine H2 receptor expressed in sf9 cell membrane co-expressing Gsalphas incubated for 60 mins by liquid scintillation counting method,B,Homo sapiens,,J Med Chem,2016.0,Histamine H2 receptor,Ki,nM,5.14,368.51,3.1
CHEMBL147077,10000.0,CNC(=O)C1=C(C)NC(C)=C(C(=O)NCCCN2CCC(C(=O)OC)(c3ccccc3)CC2)C1c1ccc([N+](=O)[O-])cc1,Scientific Literature,Binding affinity for recombinant human Histamine H2 receptor using [3H]tiotidine as radioligand.,B,,,J Med Chem,1998.0,Histamine H2 receptor,Ki,nM,,589.69,3.29
CHEMBL4562437,546.0,Cc1cccc(C)c1N1C(=O)[C@H](CC2CNc3ccccc32)NC2(CCN(C)CC2)C1=O,Scientific Literature,Binding affinity to human histamine 2 receptor expressed in HEK cells by radioligand binding assay,B,Homo sapiens,,Eur J Med Chem,2019.0,Histamine H2 receptor,Ki,nM,6.26,432.57,3.2
CHEMBL3769968,3388.44,C=CCOc1cc(F)c(F)cc1C1CC1CN.Cl,Scientific Literature,Binding affinity to histamine H2 receptor (unknown origin) by radioligand binding assay,B,Homo sapiens,,J Med Chem,2016.0,Histamine H2 receptor,Ki,nM,5.47,275.73,2.59
CHEMBL3735289,100.0,CNCc1cc(OCc2ccc3ccc(N)nc3c2)ccc1Cl.Cl.Cl,Scientific Literature,Binding affinity to histamine H2 receptor (unknown origin),B,Homo sapiens,,J Med Chem,2015.0,Histamine H2 receptor,Ki,nM,,400.74,3.77
CHEMBL633,10379.0,CCCCc1oc2ccccc2c1C(=O)c1cc(I)c(OCCN(CC)CC)c(I)c1,DrugMatrix,DRUGMATRIX: Histamine H2 radioligand binding (ligand: [125I] Aminopotentidine),B,,,,,Histamine H2 receptor,Ki,nM,4.98,645.32,6.94
CHEMBL808,1565.0,Clc1ccc(COC(Cn2ccnc2)c2ccc(Cl)cc2Cl)cc1,DrugMatrix,DRUGMATRIX: Histamine H2 radioligand binding (ligand: [125I] Aminopotentidine),B,,,,,Histamine H2 receptor,Ki,nM,5.8,381.69,5.8
CHEMBL4455324,10000.0,CC(C)(C)CNc1nccc(N2CC[C@@H](N)C2)n1.O=C(O)C(F)(F)F.O=C(O)C(F)(F)F,Scientific Literature,Displacement of 20 nM [3H]UR-DE257 from human H2R expressed in Sf9 cell membranes co-expressing GsalphaS by competition binding assay,B,Homo sapiens,,J Med Chem,2019.0,Histamine H2 receptor,Ki,nM,,477.41,1.47
CHEMBL4513989,10000.0,CC(C)(C)CNc1nccc(N2CCNCC2)n1.O=C(O)C(F)(F)F.O=C(O)C(F)(F)F,Scientific Literature,Displacement of 20 nM [3H]UR-DE257 from human H2R expressed in Sf9 cell membranes co-expressing GsalphaS by competition binding assay,B,Homo sapiens,,J Med Chem,2019.0,Histamine H2 receptor,Ki,nM,,477.41,1.34
CHEMBL2432056,1868.0,COc1ccc(CN(C)[C@H]2C3C4CC5C6C4CC3C6C52)cc1OC,Scientific Literature,Inhibition of histamine H2 receptor (unknown origin) by PDSP assay,B,Homo sapiens,,Bioorg Med Chem,2013.0,Histamine H2 receptor,Ki,nM,5.73,325.45,3.28
CHEMBL4447975,10000.0,COc1cc(OC)c2c(c1)OC[C@@]1(C)NCC[C@@H]21,Scientific Literature,Displacement of [125I]-Iodoaminopotentidine from human recombinant histamine H2 receptor expressed in stable HEK cells after 90 mins by microbeta scintillation counting method,B,Homo sapiens,,ACS Med Chem Lett,2019.0,Histamine H2 receptor,Ki,nM,,249.31,1.93
CHEMBL4522864,2600.0,O[C@H]1[C@H](n2cnc3c(NC(C4CCC4)C4CCC4)nc(Cl)nc32)[C@H]2C[C@@]2(CCl)[C@H]1O,Scientific Literature,Inhibition of histamine H2 receptor (unknown origin),B,Homo sapiens,,J Med Chem,2019.0,Histamine H2 receptor,Ki,nM,5.58,452.39,3.38
CHEMBL4644794,13.8,NCCCCCCCNc1c(NCCCOc2cccc(CN3CCCCC3)c2)c(=O)c1=O.O=C(O)C(F)(F)F.O=C(O)C(F)(F)F,Scientific Literature,Displacement of [3H]UR-DE257 from Gsalphas-coupled human H2R expressed in baculovirus infected Sf9 cells incubated for 60 mins by scintillation counting method,B,Homo sapiens,,ACS Med Chem Lett,2020.0,Histamine H2 receptor,Ki,nM,7.86,684.68,3.47
CHEMBL3480577,1909.67,Cc1ccc2nc(CNCCCOc3ccccc3)cc(O)c2c1,SGC Frankfurt - Donated Chemical Probes,GPCRScan assay: inhibition of H2,B,Homo sapiens,,,2021.0,Histamine H2 receptor,Ki,nM,5.72,322.41,3.81
CHEMBL3752085,10232.93,CN1CCN(c2cc(-c3ccccc3)nc(NCc3ccccc3)n2)CC1,Scientific Literature,Displacement of [3H]UR-DE257 from human histamine 2 receptor expressed in Sf9 cell membranes by liquid scintillation counting,B,Homo sapiens,,Bioorg Med Chem Lett,2016.0,Histamine H2 receptor,Ki,nM,4.99,359.48,3.51
CHEMBL2205827,3581.0,COc1ccc(CN2C3C4C5CC6C7C5C3C7C2(O)C64)cc1OC,Scientific Literature,Binding affinity to Histamine H2 receptor,B,,,Bioorg Med Chem Lett,2012.0,Histamine H2 receptor,Ki,nM,5.45,325.41,1.96
CHEMBL4534254,10000.0,CN1CCN(c2ccnc(NCC(C)(C)C)n2)CC1.O=C(O)C(F)(F)F.O=C(O)C(F)(F)F,Scientific Literature,Displacement of 20 nM [3H]UR-DE257 from human H2R expressed in Sf9 cell membranes co-expressing GsalphaS by competition binding assay,B,Homo sapiens,,J Med Chem,2019.0,Histamine H2 receptor,Ki,nM,,491.43,1.69
CHEMBL4538671,10000.0,CCC(=O)N[C@@H]1CCN(c2ccnc(NCC(C)(C)C)n2)C1.O=C(O)C(F)(F)F,Scientific Literature,Displacement of 20 nM [3H]UR-DE257 from human H2R expressed in Sf9 cell membranes co-expressing GsalphaS by competition binding assay,B,Homo sapiens,,J Med Chem,2019.0,Histamine H2 receptor,Ki,nM,,419.45,2.04
CHEMBL4287623,526.0,OC1(c2ccc(Cl)c(C(F)(F)F)c2)CCN(CCCC=C(c2ccc(F)cc2)c2ccc(F)cc2)CC1,Scientific Literature,Displacement of [3H]Cimetidine from human H2 receptor expressed in HEK cells by radioligand binding assay,B,Homo sapiens,,Bioorg Med Chem Lett,2018.0,Histamine H2 receptor,Ki,nM,6.28,535.98,7.83
CHEMBL59898,2836.94,CCOC(=O)c1c(C)[nH]c2ccc3c(c12)CN1CCc2cc(OC)ccc2C1O3,EUbOPEN Chemogenomic Library,"PDSP Secondary Binding target: HRH2 - Compounds are tested at 10 uM concentration, plate are incubated at room temperature in the dark for 90 minutes. Reaction are stopped by vacuum filtration onto 0.3% polyethyleneimine soaked filter mats using Filtermate harvester. Scintillation cocktail is then melted onto microwave-dried filters on a hot plate and the radio activity is counted in Microbia counter. Compounds showing a minimum of 50% inhibition at 10 uM concentration are carried forward in this secondary binding assay to determine equilibrium binding affinity.",B,Homo sapiens,,,2024.0,Histamine H2 receptor,Ki,nM,5.55,392.46,4.11
CHEMBL4635634,3548.13,Cc1cc(/C=C/C=C/c2ccc(N(C)C)cc2)cc(C)[n+]1CCCCc1c[nH]cn1.O=C(O)C(F)(F)F.O=C([O-])C(F)(F)F,Scientific Literature,Displacement of [3H]UR-DE257 from Gsalphas-coupled human recombinant H2R expressed in baculovirus infected Sf9 insect cell membranes,B,Homo sapiens,,J Med Chem,2020.0,Histamine H2 receptor,Ki,nM,5.45,628.61,5.13
CHEMBL4876743,169.82,Cc1nc(N)sc1CCCN/C(N)=N/C(=O)NC1CCCCC1,Scientific Literature,Displacement of [3H]UR-DE257 from human histamine H2 receptor expressed in sf9 insect cell membranes co-expressing GSalphaS incubated for 60 mins by microbeta scintillation counting method,B,Homo sapiens,,Eur J Med Chem,2021.0,Histamine H2 receptor,Ki,nM,6.77,338.48,1.91
CHEMBL4876025,43.65,Cc1nc(N)sc1CCCN/C(N)=N/C(=O)NC(c1ccccc1)c1ccccc1,Scientific Literature,Displacement of [3H]UR-DE257 from human histamine H2 receptor expressed in sf9 insect cell membranes co-expressing GSalphaS incubated for 60 mins by microbeta scintillation counting method,B,Homo sapiens,,Eur J Med Chem,2021.0,Histamine H2 receptor,Ki,nM,7.36,422.56,3.37
CHEMBL4867962,51.29,Cc1nc(N)sc1CCCN/C(N)=N/C(=O)N[C@@H](C)c1ccccc1,Scientific Literature,Displacement of [3H]UR-DE257 from human histamine H2 receptor expressed in sf9 insect cell membranes co-expressing GSalphaS incubated for 60 mins by microbeta scintillation counting method,B,Homo sapiens,,Eur J Med Chem,2021.0,Histamine H2 receptor,Ki,nM,7.29,360.49,2.34
CHEMBL4850448,229.09,Cc1nc(N)sc1CCCN/C(N)=N/C(=O)NC(c1ccccc1)C(F)(F)F,Scientific Literature,Displacement of [3H]UR-DE257 from human histamine H2 receptor expressed in sf9 insect cell membranes co-expressing GSalphaS incubated for 60 mins by microbeta scintillation counting method,B,Homo sapiens,,Eur J Med Chem,2021.0,Histamine H2 receptor,Ki,nM,6.64,414.46,2.88
CHEMBL4858849,35.48,Cc1nc(N)sc1CCCN/C(N)=N/C(=O)NC(c1ccccc1)C(C)C,Scientific Literature,Displacement of [3H]UR-DE257 from human histamine H2 receptor expressed in sf9 insect cell membranes co-expressing GSalphaS incubated for 60 mins by microbeta scintillation counting method,B,Homo sapiens,,Eur J Med Chem,2021.0,Histamine H2 receptor,Ki,nM,7.45,388.54,2.98
CHEMBL4863523,125.89,Cc1nc(N)sc1CCCN/C(N)=N/C(=O)NC(C)c1ccc(OC(F)(F)F)cc1,Scientific Literature,Displacement of [3H]UR-DE257 from human histamine H2 receptor expressed in sf9 insect cell membranes co-expressing GSalphaS incubated for 60 mins by microbeta scintillation counting method,B,Homo sapiens,,Eur J Med Chem,2021.0,Histamine H2 receptor,Ki,nM,6.9,444.48,3.24
CHEMBL4864852,28.84,Cc1nc(N)sc1CCCN/C(N)=N/C(=O)NC(C)c1ccccc1F,Scientific Literature,Displacement of [3H]UR-DE257 from human histamine H2 receptor expressed in sf9 insect cell membranes co-expressing GSalphaS incubated for 60 mins by microbeta scintillation counting method,B,Homo sapiens,,Eur J Med Chem,2021.0,Histamine H2 receptor,Ki,nM,7.54,378.48,2.48
CHEMBL4558518,3794.0,CC(C)(C)OC(=O)N1CCCC1CNC1CCC(c2cc(F)ccc2F)(S(=O)(=O)c2ccc(Cl)cc2)CC1,SGC Frankfurt - Donated Chemical Probes,GPCRScan assay: inhibition of H2,B,Homo sapiens,,,2021.0,Histamine H2 receptor,Ki,nM,5.42,569.11,6.22
CHEMBL555146,1708.0,C[C@@H]1CCCN1CCc1cc2cc(C(=O)c3ccc(F)cc3)ccc2o1,Scientific Literature,Binding affinity to human recombinant H2 receptor,B,Homo sapiens,,J Med Chem,2012.0,Histamine H2 receptor,Ki,nM,5.77,351.42,4.83
CHEMBL519240,9120.11,Nc1nc2c(c(N3CCNCC3)n1)CCC1=C2[C@@H]2CCCC[C@@H]2O1,Scientific Literature,Binding affinity to human histamine H2 receptor,B,Homo sapiens,,J Med Chem,2008.0,Histamine H2 receptor,Ki,nM,,327.43,1.71
CHEMBL5085542,112.2,Cc1nc(N)sc1CCCN/C(N)=N/C(=O)NCCCCCCCC[n+]1c(C)cc(/C=C/C=C/c2ccc(N(C)C)cc2)cc1C,Scientific Literature,Displacement of [3H]UR-DE257 from Gsalphas-coupled human H2R expressed in Sf9 cell membranes by competitive binding assay,B,Homo sapiens,,Bioorg Med Chem Lett,2021.0,Histamine H2 receptor,Ki,nM,6.95,645.94,6.32
CHEMBL5075713,66.07,CC1(C)C(/C=C/C=C/C=C2\c3ccccc3C(C)(C)N2CCCCCC(=O)NCCCCCCCCNC(=O)/N=C(\N)NCCCc2c[nH]cn2)=[N+](CCCCS(=O)(=O)[O-])c2ccccc21.O=C(O)C(F)(F)F.O=C(O)C(F)(F)F.O=C(O)C(F)(F)F,Scientific Literature,Displacement of [3H]UR-DE257 from Gsalphas-coupled human H2R expressed in Sf9 cell membranes by competitive binding assay,B,Homo sapiens,,Bioorg Med Chem Lett,2021.0,Histamine H2 receptor,Ki,nM,7.18,1266.34,8.08
CHEMBL5078202,30.13,Cc1nc(N)sc1CCCN/C(N)=N/C(=O)NCCCCCCCCNC(=O)CCCCCNC(=O)COc1ccc(/C=C/C2=[N+]3C(=Cc4ccc(-c5cccs5)n4[B-]3(F)F)C=C2)cc1.O=C(O)C(F)(F)F.O=C(O)C(F)(F)F,Scientific Literature,Displacement of [3H]UR-DE257 from Gsalphas-coupled human H2R expressed in Sf9 cell membranes by competitive binding assay,B,Homo sapiens,,Bioorg Med Chem Lett,2021.0,Histamine H2 receptor,Ki,nM,7.52,1157.03,
CHEMBL5183015,245.47,Cc1nc(N)oc1CCCN/C(N)=N/C(=O)NCC(C)C1CCCCC1.O=C(O)C(F)(F)F.O=C(O)C(F)(F)F,Scientific Literature,Displacement of [3H]UR-DE257 from human histamine H2 receptor stably expressed in baculovirus infected Sf9 cell membrane co-expressing RG-Salpha S incubated for 60 mins by scintillation counting analysis,B,Homo sapiens,,J Med Chem,2021.0,Histamine H2 receptor,Ki,nM,6.61,592.54,2.33
CHEMBL5197548,389.05,Cc1nc(N)oc1CCCN/C(N)=N/C(=O)NCc1ccccc1.O=C(O)C(F)(F)F.O=C(O)C(F)(F)F,Scientific Literature,Displacement of [3H]UR-DE257 from human histamine H2 receptor stably expressed in baculovirus infected Sf9 cell membrane co-expressing RG-Salpha S incubated for 60 mins by scintillation counting analysis,B,Homo sapiens,,J Med Chem,2021.0,Histamine H2 receptor,Ki,nM,6.41,558.44,1.31
CHEMBL5174278,380.19,Cc1nc(N)sc1-c1cccc(N/C(N)=N/C(=O)NCCCCCCNC(=O)/N=C(\N)Nc2cccc(-c3sc(N)nc3C)c2)c1.O=C(O)C(F)(F)F.O=C(O)C(F)(F)F.O=C(O)C(F)(F)F.O=C(O)C(F)(F)F,Scientific Literature,Displacement of [3H]UR-DE257 from human histamine H2 receptor stably expressed in baculovirus infected Sf9 cell membrane co-expressing RG-Salpha S incubated for 60 mins by scintillation counting analysis,B,Homo sapiens,,J Med Chem,2021.0,Histamine H2 receptor,Ki,nM,6.42,1118.94,4.85
CHEMBL5194860,109.65,CC(CCCc1ccccc1)CNC(=O)/N=C(\N)NCC1CCc2nc(N)sc2C1.O=C(O)C(F)(F)F.O=C(O)C(F)(F)F,Scientific Literature,Displacement of [3H]UR-DE257 from human histamine H2 receptor stably expressed in baculovirus infected Sf9 cell membrane co-expressing RG-Salpha S incubated for 60 mins by scintillation counting analysis,B,Homo sapiens,,J Med Chem,2021.0,Histamine H2 receptor,Ki,nM,6.96,656.65,3.1
CHEMBL71,2582.0,CN(C)CCCN1c2ccccc2Sc2ccc(Cl)cc21,DrugMatrix,DRUGMATRIX: Histamine H2 radioligand binding (ligand: [125I] Aminopotentidine),B,,,,,Histamine H2 receptor,Ki,nM,5.59,318.87,4.89
CHEMBL47050,1000.0,OC1(c2ccc(Cl)c(C(F)(F)F)c2)CCN(CCCC(c2ccc(F)cc2)c2ccc(F)cc2)CC1,Scientific Literature,Displacement of [3H]Cimetidine from human H2 receptor expressed in HEK cells by radioligand binding assay,B,Homo sapiens,,Bioorg Med Chem Lett,2018.0,Histamine H2 receptor,Ki,nM,6.0,523.97,7.53
CHEMBL5092102,33.11,NCCCCCCCCNC(=O)/N=C(\N)NCCCc1c[nH]cn1,Scientific Literature,Displacement of [3H]UR-DE257 from Gsalphas-coupled human H2R expressed in Sf9 cell membranes by competitive binding assay,B,Homo sapiens,,Bioorg Med Chem Lett,2021.0,Histamine H2 receptor,Ki,nM,7.48,337.47,1.26
CHEMBL5204739,190.55,CCCCCNC(=O)/N=C(\N)Nc1cccc(-c2sc(N)nc2C)c1.O=C(O)C(F)(F)F.O=C(O)C(F)(F)F,Scientific Literature,Displacement of [3H]UR-DE257 from human histamine H2 receptor stably expressed in baculovirus infected Sf9 cell membrane co-expressing RG-Salpha S incubated for 60 mins by scintillation counting analysis,B,Homo sapiens,,J Med Chem,2021.0,Histamine H2 receptor,Ki,nM,6.72,588.53,3.33
CHEMBL5170276,549.54,Cc1nc(N)sc1-c1ccc(N/C(N)=N/C(=O)NC2CCCCC2)cc1.O=C(O)C(F)(F)F.O=C(O)C(F)(F)F,Scientific Literature,Displacement of [3H]UR-DE257 from human histamine H2 receptor stably expressed in baculovirus infected Sf9 cell membrane co-expressing RG-Salpha S incubated for 60 mins by scintillation counting analysis,B,Homo sapiens,,J Med Chem,2021.0,Histamine H2 receptor,Ki,nM,6.26,600.54,3.47
CHEMBL5173373,302.0,Cc1nc(N)sc1-c1cccc(N/C(N)=N/C(=O)NCc2ccccc2)c1.O=C(O)C(F)(F)F.O=C(O)C(F)(F)F,Scientific Literature,Displacement of [3H]UR-DE257 from human histamine H2 receptor stably expressed in baculovirus infected Sf9 cell membrane co-expressing RG-Salpha S incubated for 60 mins by scintillation counting analysis,B,Homo sapiens,,J Med Chem,2021.0,Histamine H2 receptor,Ki,nM,6.52,608.52,3.34
CHEMBL5208722,6.166,C[C@@H](NC(=O)/N=C(\N)NCCCc1c[nH]cn1)c1ccccc1.O=C(O)C(F)(F)F.O=C(O)C(F)(F)F,Scientific Literature,Displacement of [3H]UR-DE257 from human histamine H2 receptor stably expressed in baculovirus infected Sf9 cell membrane co-expressing RG-Salpha S incubated for 60 mins by scintillation counting analysis,B,Homo sapiens,,J Med Chem,2021.0,Histamine H2 receptor,Ki,nM,8.21,542.44,1.72
CHEMBL3544974,5.7,CN1CC2c3ccccc3Oc3ccc(Cl)cc3C2C1.O=C(O)/C=C\C(=O)O,Scientific Literature,Displacement of [3H]Cimetidine from histamine H2 receptor (unknown origin),B,Homo sapiens,,Bioorg Med Chem Lett,2014.0,Histamine H2 receptor,Ki,nM,8.24,401.85,4.26
CHEMBL4645213,323.59,CC1(C)C(/C=C/C=C/C=C2\N(CCCCCC(=O)NCCCCNc3c(NCCCOc4cccc(CN5CCCCC5)c4)c(=O)c3=O)c3ccccc3C2(C)C)=[N+](CCCCS(=O)(=O)[O-])c2ccccc21.O=C(O)C(F)(F)F.O=C(O)C(F)(F)F,Scientific Literature,Displacement of [3H]UR-DE257 from Gsalphas-coupled human H2R expressed in baculovirus infected Sf9 cells incubated for 60 mins by scintillation counting method,B,Homo sapiens,,ACS Med Chem Lett,2020.0,Histamine H2 receptor,Ki,nM,6.49,1229.39,
CHEMBL3640290,4900.0,COc1nc(N2C[C@H]3C(=O)N(C)C(=N)N[C@@]3(c3ccc(F)cc3F)C2)nc(C)c1F,Scientific Literature,Inhibition of human histamine H2 receptor,B,Homo sapiens,,J Med Chem,2016.0,Histamine H2 receptor,Ki,nM,5.31,420.4,1.54
CHEMBL91,6637.0,Clc1ccc(COC(Cn2ccnc2)c2ccc(Cl)cc2Cl)c(Cl)c1,DrugMatrix,DRUGMATRIX: Histamine H2 radioligand binding (ligand: [125I] Aminopotentidine),B,,,,,Histamine H2 receptor,Ki,nM,5.18,416.13,6.45
CHEMBL6437,992.0,CN1CCN2c3ccccc3Cc3ccccc3C2C1,DrugMatrix,DRUGMATRIX: Histamine H2 radioligand binding (ligand: [125I] Aminopotentidine),B,,,,,Histamine H2 receptor,Ki,nM,6.0,264.37,3.08
CHEMBL4576555,1621.81,CN1CCN(C(=O)C(C)(C)c2ccc(C(=O)Nc3cn4cc(-c5cc(C(C)(C)C)cc(C(C)(C)C)c5)ccc4n3)cc2)CC1,SGC Frankfurt - Donated Chemical Probes,GPCRScan assay: inhibition of H2,B,Homo sapiens,,,2021.0,Histamine H2 receptor,Ki,nM,5.79,593.82,6.9
CHEMBL3139682,100.0,Nc1ccc2ccc(CCNCCc3cccc(Cl)c3)cc2n1,Scientific Literature,Displacement of [3H]Cimetidine from human H2 receptor expressed in HEK cells after 90 mins by scintillation counting method,B,Homo sapiens,,J Med Chem,2017.0,Histamine H2 receptor,Ki,nM,,325.84,3.85
CHEMBL5075106,1000.0,Cc1nc(N)sc1CCCN/C(N)=N/C(=O)NCCCCCCCCCCNC(=O)CCCCCN1/C(=C/C=C/C=C/C2=[N+](CCCCS(=O)(=O)O)c3ccccc3C2(C)C)c2cc(S(=O)(=O)[O-])ccc2C1(C)C.O=C(O)C(F)(F)F.O=C(O)C(F)(F)F.O=C(O)C(F)(F)F,Scientific Literature,Displacement of [3H]UR-DE257 from Gsalphas-coupled human H2R expressed in Sf9 cell membranes by competitive binding assay,B,Homo sapiens,,Bioorg Med Chem Lett,2021.0,Histamine H2 receptor,Ki,nM,,1420.55,
CHEMBL902,41.0,NC(N)=Nc1nc(CSCC/C(N)=N/S(N)(=O)=O)cs1,DrugMatrix,DRUGMATRIX: Histamine H2 radioligand binding (ligand: [125I] Aminopotentidine),B,,,,,Histamine H2 receptor,Ki,nM,7.39,337.46,-0.77
CHEMBL2107572,1401.85,COc1cccc([C@@H](C)NCCCc2ccccc2Cl)c1.Cl,EUbOPEN Chemogenomic Library,"PDSP Secondary Binding target: HRH2 - Compounds are tested at 10 uM concentration, plate are incubated at room temperature in the dark for 90 minutes. Reaction are stopped by vacuum filtration onto 0.3% polyethyleneimine soaked filter mats using Filtermate harvester. Scintillation cocktail is then melted onto microwave-dried filters on a hot plate and the radio activity is counted in Microbia counter. Compounds showing a minimum of 50% inhibition at 10 uM concentration are carried forward in this secondary binding assay to determine equilibrium binding affinity.",B,Homo sapiens,,,2024.0,Histamine H2 receptor,Ki,nM,5.85,340.29,4.63
CHEMBL2205827,3581.0,COc1ccc(CN2C3C4C5CC6C7C5C3C7C2(O)C64)cc1OC,Scientific Literature,Inhibition of histamine H2 receptor (unknown origin) by PDSP assay,B,Homo sapiens,,Bioorg Med Chem,2013.0,Histamine H2 receptor,Ki,nM,5.45,325.41,1.96
CHEMBL12160,3981.07,C/N=C(\S)NCCCCc1c[nH]cn1,Scientific Literature,Displacement of [125I]iodoaminopotentidine from human histamine H2 receptor expressed in CHO cells,B,Homo sapiens,,Bioorg Med Chem Lett,2010.0,Histamine H2 receptor,Ki,nM,5.4,212.32,1.24
CHEMBL3609749,977.24,COc1cc(-c2cn([C@H]3CCc4c(F)cccc4N(CC(F)(F)F)C3=O)nn2)ccc1-n1cnc(C)c1,SGC Frankfurt - Donated Chemical Probes,GPCRScan assay: inhibition of H2,B,Homo sapiens,,,2021.0,Histamine H2 receptor,Ki,nM,6.01,514.48,4.67
CHEMBL629,718.0,CN(C)CCC=C1c2ccccc2CCc2ccccc21,DrugMatrix,DRUGMATRIX: Histamine H2 radioligand binding (ligand: [125I] Aminopotentidine),B,,,,,Histamine H2 receptor,Ki,nM,6.14,277.41,4.17
CHEMBL5431371,750.0,CCN(CC)CCCC(C)Nc1cnc(C(=O)Nc2cc(F)cc3cccnc23)cn1,Scientific Literature,Binding affinity to histamine H2 receptor (unknown origin) assessed as inhibition constant,B,Homo sapiens,,J Med Chem,2023.0,Histamine H2 receptor,Ki,nM,6.12,424.52,4.34
CHEMBL589390,215.25,Cc1ccc2c(c1)c1c(n2CCc2ccc(C)nc2)CCN(C)C1,EUbOPEN Chemogenomic Library,"PDSP Secondary Binding target: HRH2 - Compounds are tested at 10 uM concentration, plate are incubated at room temperature in the dark for 90 minutes. Reaction are stopped by vacuum filtration onto 0.3% polyethyleneimine soaked filter mats using Filtermate harvester. Scintillation cocktail is then melted onto microwave-dried filters on a hot plate and the radio activity is counted in Microbia counter. Compounds showing a minimum of 50% inhibition at 10 uM concentration are carried forward in this secondary binding assay to determine equilibrium binding affinity.",B,Homo sapiens,,,2024.0,Histamine H2 receptor,Ki,nM,6.67,319.45,3.88
CHEMBL4291048,252.0,OC1(c2ccc(Cl)c(C(F)(F)F)c2)CCN(CCCN(c2ccc(F)cc2)c2ccc(F)cc2)CC1,Scientific Literature,Displacement of [3H]Cimetidine from human H2 receptor expressed in HEK cells by radioligand binding assay,B,Homo sapiens,,Bioorg Med Chem Lett,2018.0,Histamine H2 receptor,Ki,nM,6.6,524.96,7.15
CHEMBL726,1205.0,OCCN1CCN(CCCN2c3ccccc3Sc3ccc(C(F)(F)F)cc32)CC1,DrugMatrix,DRUGMATRIX: Histamine H2 radioligand binding (ligand: [125I] Aminopotentidine),B,,,,,Histamine H2 receptor,Ki,nM,5.92,437.53,4.31
CHEMBL54,1147.0,O=C(CCCN1CCC(O)(c2ccc(Cl)cc2)CC1)c1ccc(F)cc1,DrugMatrix,DRUGMATRIX: Histamine H2 radioligand binding (ligand: [125I] Aminopotentidine),B,,,,,Histamine H2 receptor,Ki,nM,5.94,375.87,4.43
CHEMBL301265,13803.84,CCCN[C@H]1CCc2nc(N)sc2C1,Scientific Literature,Displacement of [3H]UR-DE257 from human histamine H2 receptor stably expressed in baculovirus infected Sf9 cell membrane co-expressing RG-Salpha S incubated for 60 mins by scintillation counting analysis,B,Homo sapiens,,J Med Chem,2021.0,Histamine H2 receptor,Ki,nM,4.86,211.33,1.58
CHEMBL4643501,15.85,Nc1c(NCCCOc2cccc(CN3CCCCC3)c2)c(=O)c1=O,Scientific Literature,Binding affinity to human H2R expressing Sf9 cells incubated for 60 mins by microbeta scintillation counter method,B,Homo sapiens,,ACS Med Chem Lett,2020.0,Histamine H2 receptor,Ki,nM,7.8,343.43,1.73
CHEMBL4641916,17.78,Cc1cc(/C=C/C=C/c2ccc(N(C)C)cc2)cc(C)[n+]1CCCCNc1c(NCCCOc2cccc(CN3CCCCC3)c2)c(=O)c1=O.O=C(O)C(F)(F)F.O=C([O-])C(F)(F)F,Scientific Literature,Displacement of [3H]UR-DE257 from Gsalphas-coupled human H2R expressed in baculovirus infected Sf9 cells incubated for 60 mins by scintillation counting method,B,Homo sapiens,,ACS Med Chem Lett,2020.0,Histamine H2 receptor,Ki,nM,7.75,903.96,6.74
CHEMBL513136,2670.85,Cc1ccccc1C(c1ccccc1C)N1C2CCC1CC(O)(c1ccccc1)C2,EUbOPEN Chemogenomic Library,"PDSP Secondary Binding target: HRH2 - Compounds are tested at 10 uM concentration, plate are incubated at room temperature in the dark for 90 minutes. Reaction are stopped by vacuum filtration onto 0.3% polyethyleneimine soaked filter mats using Filtermate harvester. Scintillation cocktail is then melted onto microwave-dried filters on a hot plate and the radio activity is counted in Microbia counter. Compounds showing a minimum of 50% inhibition at 10 uM concentration are carried forward in this secondary binding assay to determine equilibrium binding affinity.",B,Homo sapiens,,,2024.0,Histamine H2 receptor,Ki,nM,5.57,397.56,5.91
CHEMBL1282,1481.0,CC(C)Cn1cnc2c(N)nc3ccccc3c21,DrugMatrix,DRUGMATRIX: Histamine H2 radioligand binding (ligand: [125I] Aminopotentidine),B,,,,,Histamine H2 receptor,Ki,nM,5.83,240.31,2.82
CHEMBL3480577,1909.67,Cc1ccc2nc(CNCCCOc3ccccc3)cc(O)c2c1,EUbOPEN Chemogenomic Library Literature Data,Selectivity interaction (PRESTO-Tango GPCR-ome screening) EUB0000539a HRH2,B,Homo sapiens,,,2023.0,Histamine H2 receptor,Ki,nM,5.72,322.41,3.81
CHEMBL1643900,4423.0,Fc1cccc(CCN[C@H]2C3C4CC5C6C4CC3C6C52)c1,Scientific Literature,Inhibition of histamine H2 receptor (unknown origin) by PDSP assay,B,Homo sapiens,,Bioorg Med Chem,2013.0,Histamine H2 receptor,Ki,nM,5.35,283.39,3.1
CHEMBL2205824,9794.0,COc1cccc(CN2C3C4C5CC6C7C5C3C7C2(O)C64)c1,Scientific Literature,Binding affinity to Histamine H2 receptor,B,,,Bioorg Med Chem Lett,2012.0,Histamine H2 receptor,Ki,nM,5.01,295.38,1.96
CHEMBL4748908,148.82,CN1CCN(c2ccnc(NCCc3ccccc3)n2)CC1,SGC Frankfurt - Donated Chemical Probes,GPCRScan assay: inhibition of H2,B,Homo sapiens,,,2021.0,Histamine H2 receptor,Ki,nM,6.83,297.41,1.88
CHEMBL1644980,278.0,OC1(c2ccc(Cl)c(C(F)(F)F)c2)CCN(CCCC(c2ccccc2)c2ccccc2)CC1,Scientific Literature,Displacement of [3H]Cimetidine from human H2 receptor expressed in HEK cells by radioligand binding assay,B,Homo sapiens,,Bioorg Med Chem Lett,2018.0,Histamine H2 receptor,Ki,nM,6.56,487.99,7.25
CHEMBL1098230,1000.0,CC(C)(C)c1ccc(SCCc2c[nH]cn2)cc1,Scientific Literature,Inhibition of histamine H2 receptor,B,,,J Med Chem,2010.0,Histamine H2 receptor,Ki,nM,,260.41,4.04
CHEMBL30,170.0,CN/C(=N\CCSCc1nc[nH]c1C)NC#N,Scientific Literature,Displacement of radiolabeled cimetidine from human histamine H2 receptor,B,Homo sapiens,,J Med Chem,2008.0,Histamine H2 receptor,Ki,nM,6.77,252.35,0.6
CHEMBL14638,10000.0,O=C(c1ccc(OCCCc2c[nH]cn2)cc1)C1CC1,Scientific Literature,Displacement of [3H]tiotidine from human histamine H2 receptor,B,Homo sapiens,,J Med Chem,2008.0,Histamine H2 receptor,Ki,nM,,270.33,3.01
CHEMBL269646,18.0,C/N=C(/NC#N)NCCSCc1csc(NC(=N)N)n1,Scientific Literature,Displacement of [125I]Aminopotentidine from human recombinant histamine H2 receptor expressed in CHOK1 cells after 2 hrs,B,Homo sapiens,,Bioorg Med Chem Lett,2013.0,Histamine H2 receptor,Ki,nM,7.75,312.43,0.33
CHEMBL1201353,8228.0,CN(C)CC[C@@H](c1ccc(Cl)cc1)c1ccccn1,DrugMatrix,DRUGMATRIX: Histamine H2 radioligand binding (ligand: [125I] Aminopotentidine),B,,,,,Histamine H2 receptor,Ki,nM,5.08,274.8,3.82
CHEMBL191703,10000.0,C[C@H]1[C@H]2CC[C@H]3[C@@H]4CC=C5C[C@@H](N(C)C)CC[C@]5(C)[C@H]4CC[C@]23CN1C,Scientific Literature,Displacement of [3H]tiotidine from human histamine H2 receptor,B,Homo sapiens,,J Med Chem,2008.0,Histamine H2 receptor,Ki,nM,,356.6,4.81
CHEMBL4795065,812.83,C=CC(=O)Nc1ccc2[nH]c(=O)n(C3CCN(Cc4ccc(-c5nc6cc[nH]c(=O)c6cc5-c5ccccc5)cc4)CC3)c2c1,SGC Frankfurt - Donated Chemical Probes,GPCRScan assay: inhibition of H2,B,Homo sapiens,,,2021.0,Histamine H2 receptor,Ki,nM,6.09,596.69,5.86
CHEMBL445,2295.0,CNCCC=C1c2ccccc2CCc2ccccc21,DrugMatrix,DRUGMATRIX: Histamine H2 radioligand binding (ligand: [125I] Aminopotentidine),B,,,,,Histamine H2 receptor,Ki,nM,5.64,263.38,3.83
CHEMBL4555711,9772.37,COc1cc(N[C@@H]2CCCC[C@]2(O)C(F)(F)F)ccc1F,SGC Frankfurt - Donated Chemical Probes,GPCRScan assay: inhibition of H2,B,Homo sapiens,,,2021.0,Histamine H2 receptor,Ki,nM,5.01,307.29,3.48
CHEMBL4558518,3794.0,CC(C)(C)OC(=O)N1CCCC1CNC1CCC(c2cc(F)ccc2F)(S(=O)(=O)c2ccc(Cl)cc2)CC1,EUbOPEN Chemogenomic Library Literature Data,Selectivity interaction (GPCR panel (PDSP screen)) EUB0000741a HRH2,B,Homo sapiens,,,2023.0,Histamine H2 receptor,Ki,nM,5.42,569.11,6.22
CHEMBL2413154,2126.0,COc1ccccc1N1CCN(CCCCn2ncc(=O)n(C)c2=O)CC1,Scientific Literature,Binding affinity to histamine H2 receptor (unknown origin),B,Homo sapiens,,Bioorg Med Chem,2013.0,Histamine H2 receptor,Ki,nM,5.67,373.46,0.55
CHEMBL42,3550.0,CN1CCN(C2=Nc3cc(Cl)ccc3Nc3ccccc32)CC1,DrugMatrix,DRUGMATRIX: Histamine H2 radioligand binding (ligand: [125I] Aminopotentidine),B,,,,,Histamine H2 receptor,Ki,nM,5.45,326.83,3.72
CHEMBL2207641,530.0,COc1ccccc1N1CCN(Cc2cc(CN3CCN(c4ccccc4OC)CC3)c3cccccc2-3)CC1,Scientific Literature,Displacement of [3H]URDE257 from human histamine H2 receptor expressed in insect Sf9 cell membrane preparation after 60 mins by scintillation counting analysis,B,Homo sapiens,,Bioorg Med Chem Lett,2012.0,Histamine H2 receptor,Ki,nM,6.28,536.72,5.45
CHEMBL1630578,13884.0,C[C@@H]1C[C@H]2[C@@H]3CCC4=CC(=O)C=C[C@]4(C)C3=CC[C@]2(C)[C@H]1C(=O)CN1CCN(c2cc(N3CCCC3)nc(N3CCCC3)n2)CC1,DrugMatrix,DRUGMATRIX: Histamine H2 radioligand binding (ligand: [125I] Aminopotentidine),B,,,,,Histamine H2 receptor,Ki,nM,4.86,624.87,5.46
CHEMBL534,4060.0,CN1CCC(=C2c3ccccc3CC(=O)c3sccc32)CC1,DrugMatrix,DRUGMATRIX: Histamine H2 radioligand binding (ligand: [125I] Aminopotentidine),B,,,,,Histamine H2 receptor,Ki,nM,5.39,309.43,4.01
CHEMBL5092267,63.1,Cc1nc(N)sc1CCCN/C(N)=N/C(=O)NCCCCCCC[n+]1c(C)cc(/C=C/C=C/c2ccc(N(C)C)cc2)cc1C,Scientific Literature,Displacement of [3H]UR-DE257 from Gsalphas-coupled human H2R expressed in Sf9 cell membranes by competitive binding assay,B,Homo sapiens,,Bioorg Med Chem Lett,2021.0,Histamine H2 receptor,Ki,nM,7.2,631.92,5.93
CHEMBL5200106,676.08,Cc1ccc(CC(C)CNC(=O)/N=C(\N)NCCCc2nnc(N)o2)cc1.O=C(O)C(F)(F)F.O=C(O)C(F)(F)F,Scientific Literature,Displacement of [3H]UR-DE257 from human histamine H2 receptor stably expressed in baculovirus infected Sf9 cell membrane co-expressing RG-Salpha S incubated for 60 mins by scintillation counting analysis,B,Homo sapiens,,J Med Chem,2021.0,Histamine H2 receptor,Ki,nM,6.17,601.51,1.39
CHEMBL516,195.0,CN1CCC(=C2c3ccccc3C=Cc3ccccc32)CC1,DrugMatrix,DRUGMATRIX: Histamine H2 radioligand binding (ligand: [125I] Aminopotentidine),B,,,,,Histamine H2 receptor,Ki,nM,6.71,287.41,4.7
CHEMBL1627,1.7,CNC(=O)C(CCN1CCC(O)(c2ccc(Cl)cc2)CC1)(c1ccccc1)c1ccccc1,Scientific Literature,Displacement of [3H]tiotidine from human histamine H2 receptor,B,Homo sapiens,,J Med Chem,2008.0,Histamine H2 receptor,Ki,nM,8.77,463.02,4.75
CHEMBL479,934.0,CSc1ccc2c(c1)N(CCC1CCCCN1C)c1ccccc1S2,DrugMatrix,DRUGMATRIX: Histamine H2 radioligand binding (ligand: [125I] Aminopotentidine),B,,,,,Histamine H2 receptor,Ki,nM,6.03,370.59,5.89
CHEMBL404849,88.5,CCCCCCCCNC(C)C(O)c1ccc(SC(C)C)cc1,DrugMatrix,DRUGMATRIX: Histamine H2 radioligand binding (ligand: [125I] Aminopotentidine),B,,,,,Histamine H2 receptor,Ki,nM,7.05,337.57,5.56
CHEMBL415,2015.0,CN(C)CCCN1c2ccccc2CCc2ccc(Cl)cc21,DrugMatrix,DRUGMATRIX: Histamine H2 radioligand binding (ligand: [125I] Aminopotentidine),B,,,,,Histamine H2 receptor,Ki,nM,5.7,314.86,4.53
CHEMBL1123,1598.0,CCN(CC)CCOC(=O)C1(C2CCCCC2)CCCCC1,DrugMatrix,DRUGMATRIX: Histamine H2 radioligand binding (ligand: [125I] Aminopotentidine),B,,,,,Histamine H2 receptor,Ki,nM,5.8,309.49,4.4
CHEMBL5395401,91134.0,CCN(CC)CCCC(C)Nc1cnc(C(=O)Nc2ccc(Cl)c3cccnc23)cn1,Scientific Literature,Binding affinity to histamine H2 receptor (unknown origin) assessed as inhibition constant,B,Homo sapiens,,J Med Chem,2023.0,Histamine H2 receptor,Ki,nM,4.04,440.98,4.85
CHEMBL90063,31622.78,NCCCCCCCCc1c[nH]cn1,Scientific Literature,"Binding affinity against human H2 receptor by the displacement of [125I]iodoaminopotentidine, bound to membranes of CHO cells.",B,,,J Med Chem,1995.0,Histamine H2 receptor,Ki,nM,4.5,195.31,2.25
CHEMBL83,9240.0,CC/C(=C(\c1ccccc1)c1ccc(OCCN(C)C)cc1)c1ccccc1,DrugMatrix,DRUGMATRIX: Histamine H2 radioligand binding (ligand: [125I] Aminopotentidine),B,,,,,Histamine H2 receptor,Ki,nM,5.03,371.52,6.0
CHEMBL7568,3476.0,CCN(CC)CCCC(C)Nc1c2ccc(Cl)cc2nc2ccc(OC)cc12,DrugMatrix,DRUGMATRIX: Histamine H2 radioligand binding (ligand: [125I] Aminopotentidine),B,,,,,Histamine H2 receptor,Ki,nM,5.46,399.97,5.97
CHEMBL18661,10000.0,c1nc(CC2CCNCC2)c[nH]1,Scientific Literature,Displacement of [125I]aminopotentidine binding to CHO cell membranes expressing human histamine H2 receptor,B,Homo sapiens,,J Med Chem,2005.0,Histamine H2 receptor,Ki,nM,,165.24,0.95
CHEMBL5430091,100000.0,CCC(=O)NC1CCN(Cc2ccc(OCCCN3CCCCC3)cc2)CC1,Scientific Literature,Displacement of [3H]UR-KAT479 from SP-FLAG tagged human histamine H2 receptor expressed in HEK293T cells assessed as inhibition constant incubated for 60 min by scintillation counter analysis,B,Homo sapiens,,ACS Med Chem Lett,2023.0,Histamine H2 receptor,Ki,nM,,387.57,3.43
CHEMBL157138,1022.0,CCN(CC)C(=O)N[C@H]1C=C2c3cccc4[nH]cc(c34)C[C@H]2N(C)C1,DrugMatrix,DRUGMATRIX: Histamine H2 radioligand binding (ligand: [125I] Aminopotentidine),B,,,,,Histamine H2 receptor,Ki,nM,5.99,338.46,2.84
CHEMBL19215,959.0,CN1C[C@H](CNC(=O)OCc2ccccc2)C[C@@H]2c3cccc4c3c(cn4C)C[C@H]21,DrugMatrix,DRUGMATRIX: Histamine H2 radioligand binding (ligand: [125I] Aminopotentidine),B,,,,,Histamine H2 receptor,Ki,nM,6.02,403.53,4.06
CHEMBL4648203,2041.74,CC1(C)C(/C=C/C=C/C=C2\N(CCCCCC(=O)NCCCCNc3c(NCCCOc4cccc(CN5CCCCC5)c4)c(=O)c3=O)c3cc(S(=O)(=O)O)ccc3C2(C)C)=[N+](CCCCS(=O)(=O)[O-])c2ccccc21.O=C(O)C(F)(F)F.O=C(O)C(F)(F)F,Scientific Literature,Displacement of [3H]UR-DE257 from Gsalphas-coupled human H2R expressed in baculovirus infected Sf9 cells incubated for 60 mins by scintillation counting method,B,Homo sapiens,,ACS Med Chem Lett,2020.0,Histamine H2 receptor,Ki,nM,5.69,1309.46,
CHEMBL900,6845.0,Cc1ccccc1C(OCCN(C)C)c1ccccc1,DrugMatrix,DRUGMATRIX: Histamine H2 radioligand binding (ligand: [125I] Aminopotentidine),B,,,,,Histamine H2 receptor,Ki,nM,5.17,269.39,3.66
CHEMBL4555711,9781.38,COc1cc(N[C@@H]2CCCC[C@]2(O)C(F)(F)F)ccc1F,SGC Frankfurt - Donated Chemical Probes,GPCRScan assay: inhibition of H2,B,Homo sapiens,,,2021.0,Histamine H2 receptor,Ki,nM,5.01,307.29,3.48
CHEMBL30713,10000.0,CC(N)Cc1c[nH]c2ccccc12,Scientific Literature,Displacement of [3H]Tiotidine from human recombinant histamine H2 receptor expressed in HEK293 cells after 1 to 1.5 hrs by scintillation counting analysis,B,Homo sapiens,,Bioorg Med Chem Lett,2013.0,Histamine H2 receptor,Ki,nM,,174.25,2.06
CHEMBL90,39810.72,NCCc1c[nH]cn1,Scientific Literature,"Binding affinity against human H2 receptor by the displacement of [125I]iodoaminopotentidine, bound to membranes of CHO cells.",B,,,J Med Chem,1995.0,Histamine H2 receptor,Ki,nM,4.4,111.15,-0.09
CHEMBL85,1458.0,Cc1nc2n(c(=O)c1CCN1CCC(c3noc4cc(F)ccc34)CC1)CCCC2,DrugMatrix,DRUGMATRIX: Histamine H2 radioligand binding (ligand: [125I] Aminopotentidine),B,,,,,Histamine H2 receptor,Ki,nM,5.84,410.49,3.59
CHEMBL4783744,100000.0,O=C(c1ccc(OCCCN2CCN(c3ccncc3)CC2)cc1)C1CC1,Scientific Literature,Displacement of [3H]UR-DE257 from Gsalphas-coupled human H2R expressed in Sf9 cell membranes measured after 60 mins by scintillation counting analysis,B,Homo sapiens,,Eur J Med Chem,2021.0,Histamine H2 receptor,Ki,nM,,365.48,3.27
CHEMBL4558518,3801.89,CC(C)(C)OC(=O)N1CCCC1CNC1CCC(c2cc(F)ccc2F)(S(=O)(=O)c2ccc(Cl)cc2)CC1,SGC Frankfurt - Donated Chemical Probes,GPCRScan assay: inhibition of H2,B,Homo sapiens,,,2021.0,Histamine H2 receptor,Ki,nM,5.42,569.11,6.22
CHEMBL717,27453.0,CC(=O)O[C@]1(C(C)=O)CC[C@H]2[C@@H]3C[C@H](C)C4=CC(=O)CC[C@]4(C)[C@H]3CC[C@@]21C,DrugMatrix,DRUGMATRIX: Histamine H2 radioligand binding (ligand: [125I] Aminopotentidine),B,,,,,Histamine H2 receptor,Ki,nM,4.56,386.53,4.66
CHEMBL4632998,302.0,NCCCCNc1c(NCCCOc2cccc(CN3CCCCC3)c2)c(=O)c1=O.O=C(O)C(F)(F)F.O=C(O)C(F)(F)F,Scientific Literature,Displacement of [3H]UR-DE257 from Gsalphas-coupled human H2R expressed in baculovirus infected Sf9 cells incubated for 60 mins by scintillation counting method,B,Homo sapiens,,ACS Med Chem Lett,2020.0,Histamine H2 receptor,Ki,nM,6.52,642.59,2.3
CHEMBL6966,2547.0,COc1ccc(CCN(C)CCCC(C#N)(c2ccc(OC)c(OC)c2)C(C)C)cc1OC,DrugMatrix,DRUGMATRIX: Histamine H2 radioligand binding (ligand: [125I] Aminopotentidine),B,,,,,Histamine H2 receptor,Ki,nM,5.59,454.61,5.09
CHEMBL1242923,1000.0,O=C(Cc1ccccc1)NC1CCN(CCCN2C(=O)COc3ccccc32)CC1,Scientific Literature,Binding affinity to human histamine H2 receptor by radioligand displacement assay,B,Homo sapiens,,J Med Chem,2010.0,Histamine H2 receptor,Ki,nM,,407.51,2.63
CHEMBL301265,2683.0,CCCN[C@H]1CCc2nc(N)sc2C1,Scientific Literature,Displacement of [125I]-Iodo-aminopotentidine from human histamine H2 receptor expressed in stable HEK cell membranes after 90 mins by microbeta scintillation counting method,A,Homo sapiens,,J Med Chem,2020.0,Histamine H2 receptor,Ki,nM,5.57,211.33,1.58
CHEMBL3480577,1778.28,Cc1ccc2nc(CNCCCOc3ccccc3)cc(O)c2c1,SGC Frankfurt - Donated Chemical Probes,GPCRScan assay: inhibition of H2,B,Homo sapiens,,,2021.0,Histamine H2 receptor,Ki,nM,5.75,322.41,3.81
CHEMBL5205197,309.03,Cc1nc(N)sc1-c1ccc(N/C(N)=N/C(=O)NCC(C)C2CCCCC2)cc1.O=C(O)C(F)(F)F.O=C(O)C(F)(F)F,Scientific Literature,Displacement of [3H]UR-DE257 from human histamine H2 receptor stably expressed in baculovirus infected Sf9 cell membrane co-expressing RG-Salpha S incubated for 60 mins by scintillation counting analysis,B,Homo sapiens,,J Med Chem,2021.0,Histamine H2 receptor,Ki,nM,6.51,642.62,4.35
CHEMBL5192993,316.23,Cc1nc(N)sc1-c1ccc(N/C(N)=N/C(=O)NCC(C)CCCc2ccccc2)cc1.O=C(O)C(F)(F)F.O=C(O)C(F)(F)F,Scientific Literature,Displacement of [3H]UR-DE257 from human histamine H2 receptor stably expressed in baculovirus infected Sf9 cell membrane co-expressing RG-Salpha S incubated for 60 mins by scintillation counting analysis,B,Homo sapiens,,J Med Chem,2021.0,Histamine H2 receptor,Ki,nM,6.5,678.66,4.8
CHEMBL5208113,107.15,Cc1ccc(CC(C)CNC(=O)/N=C(\N)NCC2CCc3nc(N)sc3C2)cc1.O=C(O)C(F)(F)F.O=C(O)C(F)(F)F,Scientific Literature,Displacement of [3H]UR-DE257 from human histamine H2 receptor stably expressed in baculovirus infected Sf9 cell membrane co-expressing RG-Salpha S incubated for 60 mins by scintillation counting analysis,B,Homo sapiens,,J Med Chem,2021.0,Histamine H2 receptor,Ki,nM,6.97,642.62,2.63
CHEMBL5172675,346.74,Cc1nc(N)sc1-c1ccc(N/C(N)=N/C(=O)NCCCCCCNC(=O)/N=C(\N)Nc2ccc(-c3sc(N)nc3C)cc2)cc1.O=C(O)C(F)(F)F.O=C(O)C(F)(F)F.O=C(O)C(F)(F)F.O=C(O)C(F)(F)F,Scientific Literature,Displacement of [3H]UR-DE257 from human histamine H2 receptor stably expressed in baculovirus infected Sf9 cell membrane co-expressing RG-Salpha S incubated for 60 mins by scintillation counting analysis,B,Homo sapiens,,J Med Chem,2021.0,Histamine H2 receptor,Ki,nM,6.46,1118.94,4.85
CHEMBL4520788,21.13,CNCc1ccccc1-c1csc([C@H](C)Nc2nc(C)nc3cc(OC)c(OC)cc23)c1,EUbOPEN Chemogenomic Library Literature Data,Selectivity interaction (GPCR panel (PDSP screen)) EUB0000743a HRH2,B,Homo sapiens,,,2023.0,Histamine H2 receptor,Ki,nM,7.67,448.59,5.58
CHEMBL12344,25118.86,CN(C)CCCSC(=N)N,Scientific Literature,Displacement of [125I]iodoaminopotentidine from human histamine H2 receptor expressed in CHO cells,B,Homo sapiens,,Bioorg Med Chem Lett,2010.0,Histamine H2 receptor,Ki,nM,4.6,161.27,0.56
CHEMBL417096,251188.64,NCCCCCc1c[nH]cn1,Scientific Literature,"Binding affinity against human H2 receptor by the displacement of [125I]iodoaminopotentidine, bound to membranes of CHO cells.",B,,,J Med Chem,1995.0,Histamine H2 receptor,Ki,nM,,153.23,1.08
CHEMBL90,263.03,NCCc1c[nH]cn1,Scientific Literature,Displacement of [3H]UR-DE257 from human histamine H2 receptor expressed in sf9 insect cell membranes co-expressing GSalphaS incubated for 60 mins by microbeta scintillation counting method,B,Homo sapiens,,Eur J Med Chem,2021.0,Histamine H2 receptor,Ki,nM,6.58,111.15,-0.09
CHEMBL30,70.0,CN/C(=N\CCSCc1nc[nH]c1C)NC#N,Scientific Literature,Displacement of [3H]Cimetidine from histamine H2 receptor (unknown origin),B,Homo sapiens,,Bioorg Med Chem Lett,2014.0,Histamine H2 receptor,Ki,nM,7.16,252.35,0.6
CHEMBL4448899,8078.0,Cc1c(NC(=O)c2cc(C(N)=O)nc3cc(F)ccc23)c(C(F)(F)F)nn1Cc1ccc(C#N)cc1,SGC Frankfurt - Donated Chemical Probes,GPCRScan assay: inhibition of H2,B,Homo sapiens,,,2021.0,Histamine H2 receptor,Ki,nM,5.09,496.42,4.17
CHEMBL4860528,4.467,CCCCCNC(=O)/N=C(\N)NCCCc1sc(N)nc1C,Scientific Literature,Displacement of [3H]UR-DE257 from human histamine H2 receptor expressed in sf9 insect cell membranes co-expressing GSalphaS incubated for 60 mins by microbeta scintillation counting method,B,Homo sapiens,,Eur J Med Chem,2021.0,Histamine H2 receptor,Ki,nM,8.35,326.47,1.77
CHEMBL4520788,21.13,CNCc1ccccc1-c1csc([C@H](C)Nc2nc(C)nc3cc(OC)c(OC)cc23)c1,SGC Frankfurt - Donated Chemical Probes,GPCRScan assay: inhibition of H2,B,Homo sapiens,,,2021.0,Histamine H2 receptor,Ki,nM,7.67,448.59,5.58
CHEMBL4535474,139.82,CNCc1ccccc1-c1csc([C@@H](C)Nc2nc(C)nc3cc(OC)c(OC)cc23)c1,SGC Frankfurt - Donated Chemical Probes,GPCRScan assay: inhibition of H2,B,Homo sapiens,,,2021.0,Histamine H2 receptor,Ki,nM,6.85,448.59,5.58
CHEMBL4217398,829.0,CC(C)(C)OC(=O)NCCCCCCn1cc(CCCCN2CCC(c3ccc(-c4cc(C(=O)O)cc5cc(-c6ccc(C(F)(F)F)cc6)ccc45)cc3)CC2)nn1,Scientific Literature,Displacement of [125I]-Iodoaminopotentidine from human histamine H2 receptor expressed in HEK293T cell membranes after 90 mins by scintillation counting method,B,Homo sapiens,,J Med Chem,2018.0,Histamine H2 receptor,Ki,nM,6.08,797.96,10.77
CHEMBL4535474,139.82,CNCc1ccccc1-c1csc([C@@H](C)Nc2nc(C)nc3cc(OC)c(OC)cc23)c1,EUbOPEN Chemogenomic Library Literature Data,Selectivity interaction (GPCR panel (PDSP screen)) EUB0000320b HRH2,B,Homo sapiens,,,2023.0,Histamine H2 receptor,Ki,nM,6.85,448.59,5.58
CHEMBL2391541,4247.0,C=CCN(CC=C)CCc1c[nH]c2ccc(OC)cc12,Scientific Literature,Displacement of [3H]Tiotidine from human recombinant histamine H2 receptor expressed in HEK293 cells after 1 to 1.5 hrs by scintillation counting analysis,B,Homo sapiens,,Bioorg Med Chem Lett,2013.0,Histamine H2 receptor,Ki,nM,5.37,270.38,3.39
CHEMBL4448899,7943.28,Cc1c(NC(=O)c2cc(C(N)=O)nc3cc(F)ccc23)c(C(F)(F)F)nn1Cc1ccc(C#N)cc1,SGC Frankfurt - Donated Chemical Probes,GPCRScan assay: inhibition of H2,B,Homo sapiens,,,2021.0,Histamine H2 receptor,Ki,nM,5.1,496.42,4.17
CHEMBL4520788,21.13,CNCc1ccccc1-c1csc([C@H](C)Nc2nc(C)nc3cc(OC)c(OC)cc23)c1,SGC Frankfurt - Donated Chemical Probes,GPCRScan assay: inhibition of H2,B,Homo sapiens,,,2021.0,Histamine H2 receptor,Ki,nM,7.67,448.59,5.58
CHEMBL249420,13803.84,CCCN[C@@H]1CCc2nc(N)sc2C1,Scientific Literature,Displacement of [3H]UR-DE257 from human histamine H2 receptor expressed in sf9 insect cell membranes co-expressing GSalphaS incubated for 60 mins by microbeta scintillation counting method,B,Homo sapiens,,Eur J Med Chem,2021.0,Histamine H2 receptor,Ki,nM,4.86,211.33,1.58
CHEMBL1790041,89.0,CNC(=C[N+](=O)[O-])NCCSCc1ccc(CN(C)C)o1,Scientific Literature,Antagonist activity at histamine H2 receptor (unknown origin) assessed as inhibition constant,B,Homo sapiens,,J Med Chem,2021.0,Histamine H2 receptor,Ki,nM,7.05,314.41,1.46
CHEMBL90,263.03,NCCc1c[nH]cn1,Scientific Literature,Displacement of [3H]UR-DE257 from human histamine H2 receptor stably expressed in baculovirus infected Sf9 cell membrane co-expressing RG-Salpha S incubated for 60 mins by scintillation counting analysis,B,Homo sapiens,,J Med Chem,2021.0,Histamine H2 receptor,Ki,nM,6.58,111.15,-0.09
CHEMBL90,263.03,NCCc1c[nH]cn1,Scientific Literature,Displacement of [3H]UR-DE257 from Gsalphas-coupled human H2R expressed in Sf9 cell membranes by competitive binding assay,B,Homo sapiens,,Bioorg Med Chem Lett,2021.0,Histamine H2 receptor,Ki,nM,6.58,111.15,-0.09
