Molecule ChEMBL ID,Standard Value,Smiles,Source Description,Assay Description,Assay Type,Assay Organism,Assay Tissue Name,Document Journal,Document Year,Target Name,Standard Type,Standard Units,pChEMBL Value,Molecular Weight,AlogP
CHEMBL68609,4.7,CC1(N)CCN(C(=O)[C@](O)(c2ccccc2)[C@@H]2CCC(F)(F)C2)CC1,Scientific Literature,Binding affinity against human Muscarinic acetylcholine receptor M1 in transfected CHO cells,B,,,Bioorg Med Chem Lett,2003.0,Muscarinic acetylcholine receptor M1,Ki,nM,8.33,352.43,2.65
CHEMBL136027,1995.26,COc1nsnc1OCCCCCCCCCCCCOc1nsnc1C1=CCCN(C)C1,Scientific Literature,Inhibition of [3H](R)-QNB to Muscarinic acetylcholine receptor M1 expressed in A9 L cells,B,Homo sapiens,,J Med Chem,2003.0,Muscarinic acetylcholine receptor M1,Ki,nM,5.7,495.72,5.48
CHEMBL22108,263.03,CC(C1=C(CCN(C)C)Cc2ccccc21)c1ccccn1,Scientific Literature,Affinity for Muscarinic acetylcholine receptor M1 expressed in CHO cells by [3H]NMS displacement.,B,,,Bioorg Med Chem Lett,2001.0,Muscarinic acetylcholine receptor M1,Ki,nM,6.58,292.43,4.15
CHEMBL105160,3090.3,CCCCCCc1[nH]c2ccc3c(c2c1C(=O)OCC)CN1CCc2cc(OC)ccc2C1O3,Scientific Literature,Inhibition of [3H]NMS binding to human muscarinic acetylcholine receptor M1 in transfected CHO cells.,B,,,J Med Chem,2002.0,Muscarinic acetylcholine receptor M1,Ki,nM,5.51,462.59,5.93
CHEMBL357444,220.0,COc1ccccc1C1=CN2CCC1CC2,Scientific Literature,Binding affinity for muscarinic acetylcholine receptor M1 by measuring displacement of [3H]QNB from guinea pig cerebral cortex,B,Cavia porcellus,Cerebral cortex,J Med Chem,1995.0,Muscarinic acetylcholine receptor M1,Ki,nM,6.66,215.3,2.76
CHEMBL1092813,10000.0,Cc1ncccc1[C@@H](C)c1c(CCN(C)C)sc2ccccc12,Scientific Literature,Displacement of [3H]N-methylscopolamine from human muscarinic M1 receptor expressed in CHO Flp-In cells after 90 mins by scintillation counting,B,Homo sapiens,,Bioorg Med Chem Lett,2010.0,Muscarinic acetylcholine receptor M1,Ki,nM,,324.49,4.86
CHEMBL1092765,10000.0,C[C@H](c1cccnc1F)c1c(CCN(C)C)sc2ccccc12,Scientific Literature,Displacement of [3H]N-methylscopolamine from human muscarinic M1 receptor expressed in CHO Flp-In cells after 90 mins by scintillation counting,B,Homo sapiens,,Bioorg Med Chem Lett,2010.0,Muscarinic acetylcholine receptor M1,Ki,nM,,328.46,4.69
CHEMBL28833,10000.0,CCCc1ccc(N2CCN(Cc3c[nH]c4ncccc34)CC2)cc1,Scientific Literature,Binding affinity to cloned Muscarinic acetylcholine receptor M1,B,,,Bioorg Med Chem Lett,2001.0,Muscarinic acetylcholine receptor M1,Ki,nM,,334.47,3.84
CHEMBL284137,2.9,CCN(CC)CCCOC(=O)C(C)(c1ccccc1)C1CCCCC1,Scientific Literature,Antimuscarinic potency and subset specificity was characterised by its inhibition of the [3H]NMS Binding to Muscarinic acetylcholine receptor M1 subtype,B,,,J Med Chem,1992.0,Muscarinic acetylcholine receptor M1,Ki,nM,8.54,345.53,4.8
CHEMBL70531,77.0,CC(c1ccc(S(=O)(=O)c2ccccc2)cc1)N1CCN(CCO)CC1,Scientific Literature,Binding affinity towards the cloned human Muscarinic acetylcholine receptor M1,B,,,Bioorg Med Chem Lett,2000.0,Muscarinic acetylcholine receptor M1,Ki,nM,7.11,374.51,2.19
CHEMBL3545181,4.409,C[N+]1(C)[C@@H]2C[C@@H](OC(=O)C(O)(c3cccs3)c3cccs3)C[C@H]1[C@@H]1O[C@@H]12.O.[Br-],EUbOPEN Chemogenomic Library,"PDSP Secondary Binding target: CHRM1 - Compounds are tested at 10 uM concentration, plate are incubated at room temperature in the dark for 90 minutes. Reaction are stopped by vacuum filtration onto 0.3% polyethyleneimine soaked filter mats using Filtermate harvester. Scintillation cocktail is then melted onto microwave-dried filters on a hot plate and the radio activity is counted in Microbia counter. Compounds showing a minimum of 50% inhibition at 10 uM concentration are carried forward in this secondary binding assay to determine equilibrium binding affinity.",B,Homo sapiens,,,2024.0,Muscarinic acetylcholine receptor M1,Ki,nM,8.36,490.44,2.35
CHEMBL359220,88.0,CC(C)=CCCN1CCC(NC(=O)[C@](O)(c2ccccc2)[C@H]2CC[C@H](O)C2)CC1,Scientific Literature,Inhibition of [3H]NMS binding to human muscarinic acetylcholine receptor M1 expressed in CHO cells,B,,,J Med Chem,2000.0,Muscarinic acetylcholine receptor M1,Ki,nM,7.06,400.56,2.97
CHEMBL559557,89.0,CN(CCc1ccccc1)C1CCN(c2nc3ccccc3n2Cc2ccc(F)cc2)CC1,Scientific Literature,Displacement of [3H]N-methyl Scopolamine from human muscarinic M1 receptor expressed in CHO Flp-In cells by liquid scintillation assay,B,Homo sapiens,,Bioorg Med Chem Lett,2009.0,Muscarinic acetylcholine receptor M1,Ki,nM,7.05,442.58,5.37
CHEMBL561489,10000.0,CN(c1ncccn1)C1CCN(c2nc3ccccc3n2Cc2ccc(F)cc2)CC1,Scientific Literature,Displacement of [3H]N-methyl Scopolamine from human muscarinic M1 receptor expressed in CHO Flp-In cells by liquid scintillation assay,B,Homo sapiens,,Bioorg Med Chem Lett,2009.0,Muscarinic acetylcholine receptor M1,Ki,nM,,416.5,4.12
CHEMBL430587,3235.94,C[C@@H]1OC(=O)[C@@H]2C[C@@H]3CCCC[C@@H]3[C@@H](C#C[C@H]3CCC[C@H](C)N3C)[C@H]12,Scientific Literature,Binding affinity against human muscarine receptor (hM1) cloned in CHO cells,B,Homo sapiens,,Bioorg Med Chem Lett,2002.0,Muscarinic acetylcholine receptor M1,Ki,nM,5.49,343.51,3.87
CHEMBL72219,75.0,CCN(CC)CCOCCOC(=O)C1(c2ccc(Cl)cc2)CCCC1,Scientific Literature,Binding affinity towards muscarinic m1 receptor,B,,,J Med Chem,1994.0,Muscarinic acetylcholine receptor M1,Ki,nM,7.12,367.92,4.05
CHEMBL145608,11600.0,OC1(c2cccs2)CN2CCC1CC2,Scientific Literature,Binding affinity for muscarinic acetylcholine receptor M1 by measuring displacement of [3H]QNB from guinea pig cerebral cortex,B,Cavia porcellus,Cerebral cortex,J Med Chem,1995.0,Muscarinic acetylcholine receptor M1,Ki,nM,4.94,209.31,1.66
CHEMBL69904,1900.0,O=C(N1CCC(CCN2CCCCC2)CC1)[C@](O)(c1ccccc1)[C@@H]1CCC(F)(F)C1,Scientific Literature,Binding affinity against human Muscarinic acetylcholine receptor M1 in transfected CHO cells,B,,,Bioorg Med Chem Lett,2003.0,Muscarinic acetylcholine receptor M1,Ki,nM,5.72,434.57,4.42
CHEMBL357200,1100.0,OC1(c2cc3ccccc3s2)CN2CCC1CC2,Scientific Literature,Binding affinity for muscarinic acetylcholine receptor M1 by measuring displacement of [3H]QNB from guinea pig cerebral cortex,B,Cavia porcellus,Cerebral cortex,J Med Chem,1995.0,Muscarinic acetylcholine receptor M1,Ki,nM,5.96,259.37,2.81
CHEMBL85,2800.0,Cc1nc2n(c(=O)c1CCN1CCC(c3noc4cc(F)ccc34)CC1)CCCC2,Scientific Literature,Binding affinity to human cloned muscarinic M1 receptor,B,Homo sapiens,,Bioorg Med Chem,2008.0,Muscarinic acetylcholine receptor M1,Ki,nM,5.55,410.49,3.59
CHEMBL564226,2.4,C[C@H](C1=C(CCN(C)C)Cc2ccccc21)c1ccccn1,Scientific Literature,Displacement of [3H]N-methylscopolamine from human muscarinic M1 receptor expressed in CHO Flp-In cells by liquid scintillation counting,B,Homo sapiens,,J Med Chem,2009.0,Muscarinic acetylcholine receptor M1,Ki,nM,8.62,292.43,4.15
CHEMBL559251,19.0,CN(C)CCC1=C(Cc2cnccn2)c2ccccc2C1,Scientific Literature,Displacement of [3H]N-methylscopolamine from human muscarinic M1 receptor expressed in CHO Flp-In cells by liquid scintillation counting,B,Homo sapiens,,J Med Chem,2009.0,Muscarinic acetylcholine receptor M1,Ki,nM,7.72,279.39,2.98
CHEMBL70848,116.68,C=C(c1ccc(S(=O)(=O)c2ccc(OC)cc2)cc1)C1CCN(C2CCN(C(=O)C(C)C)CC2)CC1,Scientific Literature,Binding affinity to muscarinic M1 receptor,B,Homo sapiens,,Bioorg Med Chem Lett,2007.0,Muscarinic acetylcholine receptor M1,Ki,nM,6.93,510.7,4.9
CHEMBL358289,170.0,O=C(NC1CCN(CC2CCCCCC2)CC1)[C@](O)(c1ccccc1)[C@@H]1CCC(F)(F)C1,Scientific Literature,Inhibition of [3H]NMS binding to human muscarinic acetylcholine receptor M1 expressed in CHO cells,B,,,J Med Chem,2000.0,Muscarinic acetylcholine receptor M1,Ki,nM,6.77,448.6,4.86
CHEMBL148310,1200.0,Cc1ccccc1CN1CCC(NC(=O)C(O)(c2ccccc2)C2CCCC2)CC1,Scientific Literature,Inhibition of [3H]NMS binding to human muscarinic acetylcholine receptor M1 expressed in CHO cells,B,,,J Med Chem,2000.0,Muscarinic acetylcholine receptor M1,Ki,nM,5.92,406.57,4.15
CHEMBL214898,71.0,O=C(NCC1CCN(CC2CCCC2)CC1)[C@H]1CCCN1C(=O)[C@@H]1C[C@@H](O)CN1C(=O)CC(c1ccc(F)cc1)(c1ccc(F)cc1)c1ccc(F)cc1,Scientific Literature,Inhibition of [3H]NMS binding to human cloned M1 receptor expressed in CHO cells,B,Homo sapiens,,J Med Chem,2006.0,Muscarinic acetylcholine receptor M1,Ki,nM,7.15,744.9,5.8
CHEMBL234439,12.0,CN(C)C1(CNCCC2CCCCCC2)COc2ccccc2OC1,Scientific Literature,Displacement of 1-[N-methyl- 3H]scopolamine from human muscarinic M1 receptor expressed in Sf9 cells,B,Homo sapiens,,Bioorg Med Chem Lett,2007.0,Muscarinic acetylcholine receptor M1,Ki,nM,7.92,346.52,3.71
CHEMBL64000,21000.0,CC(=O)OC1CC2CCCC1N2,Scientific Literature,The binding affinity measured as inhibition of binding of [3H]- quinuclidinyl benzilate to Muscarinic acetylcholine receptor M1 in membranes of CHO cells,B,,,J Med Chem,2000.0,Muscarinic acetylcholine receptor M1,Ki,nM,4.68,169.22,0.83
CHEMBL146464,2.6,O=C(NC1CCN(Cc2ccccc2)CC1)C(O)(c1ccccc1)C1CCCC1,Scientific Literature,Inhibition of [3H]NMS binding to human muscarinic acetylcholine receptor M1 expressed in CHO cells,B,,,J Med Chem,2000.0,Muscarinic acetylcholine receptor M1,Ki,nM,8.59,392.54,3.85
CHEMBL2368394,1000.0,O=C(CCC1=[N+]2C(=Cc3ccc(-c4cccs4)n3[B-]2(F)F)C=C1)NCCN1CCN(CC(=O)N2c3ccccc3C(=O)Nc3cccnc32)CC1,Scientific Literature,Inhibition of [3H]QNB binding to human muscarinic receptor M1,B,Homo sapiens,,J Med Chem,2004.0,Muscarinic acetylcholine receptor M1,Ki,nM,,708.6,
CHEMBL105674,5128.61,CCOC(=O)c1c(C)[nH]c2ccc3c(c12)CN1CCc2cc(Cl)ccc2C1O3,Scientific Literature,Inhibition of [3H]NMS binding to human muscarinic acetylcholine receptor M1 in transfected CHO cells.,B,,,J Med Chem,2002.0,Muscarinic acetylcholine receptor M1,Ki,nM,5.29,396.87,4.76
CHEMBL105122,1778.28,CCOC(=O)c1c(C)[nH]c2ccc3c(c12)CN1CCc2cc(SC)ccc2C1O3,Scientific Literature,Inhibition of [3H]NMS binding to human muscarinic acetylcholine receptor M1 in transfected CHO cells.,B,,,J Med Chem,2002.0,Muscarinic acetylcholine receptor M1,Ki,nM,5.75,408.52,4.82
CHEMBL292574,5600.0,c1cnc(O[C@@H]2CN3CCC2C3)cn1,Scientific Literature,Affinity towards human M1 receptor expressed in CHO cells using [3H]QNB as radioligand,B,,,Bioorg Med Chem Lett,1999.0,Muscarinic acetylcholine receptor M1,Ki,nM,5.25,191.23,0.56
CHEMBL1493369,190.55,C[C@@H](C1=C(CCN(C)C)Cc2ccccc21)c1ccccn1,Scientific Literature,Binding affinity towards cloned human muscarinic acetylcholine receptor M1 stably expressed in CHO-K1 cells using [3H]N-methylscopolamine,B,,,J Med Chem,2003.0,Muscarinic acetylcholine receptor M1,Ki,nM,6.72,292.43,4.15
CHEMBL303443,4770.0,CC(c1ccc(S(=O)(=O)c2ccccc2)cc1)N1CCN(c2ccccc2)CC1,Scientific Literature,Binding affinity towards the cloned human Muscarinic acetylcholine receptor M1,B,,,Bioorg Med Chem Lett,2000.0,Muscarinic acetylcholine receptor M1,Ki,nM,5.32,406.55,4.4
CHEMBL3629360,0.16,O=c1ccc2c([C@@H](O)CNCCc3ccc(CCN4CCC(Cn5cnc([C@](O)(c6ccccc6)C6CCCCC6)n5)CC4)cc3)ccc(O)c2[nH]1,Scientific Literature,Antagonist activity at muscarinic M1 receptor (unknown origin),B,Homo sapiens,,Bioorg Med Chem Lett,2015.0,Muscarinic acetylcholine receptor M1,Ki,nM,9.8,704.92,5.46
CHEMBL20732,7079.46,CN(C)CCOC(=O)C1=C/C(=C\c2ccccn2)c2ccccc21,Scientific Literature,Affinity for Muscarinic acetylcholine receptor M1 expressed in CHO cells by [3H]NMS displacement.,B,,,Bioorg Med Chem Lett,2001.0,Muscarinic acetylcholine receptor M1,Ki,nM,5.15,320.39,3.12
CHEMBL167223,151.36,CC(C1=C(CCN(C)C)Cc2cc(Cl)ccc21)c1ccccn1,Scientific Literature,Binding affinity towards cloned human muscarinic acetylcholine receptor M1 stably expressed in CHO-K1 cells using [3H]N-methylscopolamine,B,,,J Med Chem,2003.0,Muscarinic acetylcholine receptor M1,Ki,nM,6.82,326.87,4.8
CHEMBL551563,5623.41,Cc1ccc([C@@H]2CCC[N+]2(C)C)o1.[I-],Scientific Literature,Displacement of [3H]NMS from human muscarinic M1 receptor expressed in CHO cells by liquid scintillation counter,B,Homo sapiens,,J Med Chem,2008.0,Muscarinic acetylcholine receptor M1,Ki,nM,5.25,307.18,2.5
CHEMBL84113,120.0,O=C(OC1CC2CCCC1N2)c1ccccc1,Scientific Literature,Inhibition of [3H]- oxotremorine-M binding to human Muscarinic acetylcholine receptor M1 expressed in CHO cell membranes,B,Homo sapiens,,J Med Chem,2000.0,Muscarinic acetylcholine receptor M1,Ki,nM,6.92,231.29,2.13
CHEMBL142184,0.93,CN1CCC=C(c2nsnc2SCCCCSc2nsnc2C2=CCCN(C)C2)C1,Scientific Literature,Binding affinity towards M1 muscarinic receptor expressed in A9 L cells by displacing [3H](R)-QNB radioligand.,B,,,J Med Chem,2001.0,Muscarinic acetylcholine receptor M1,Ki,nM,9.03,480.75,4.49
CHEMBL106219,363.08,CCOC(=O)c1c(CC)n(Cc2ccccc2)c2ccc3c(c12)CN1CCc2cc(OC)ccc2C1O3,Scientific Literature,Inhibition of [3H]NMS binding to human muscarinic acetylcholine receptor M1 in transfected CHO cells.,B,,,J Med Chem,2002.0,Muscarinic acetylcholine receptor M1,Ki,nM,6.44,496.61,5.89
CHEMBL427145,68.0,C[C@@H]1OC(=O)[C@H]2C[C@H]3CCCC[C@@H]3[C@@H](CC[C@H]3CCC[C@H](C)N3)[C@@H]12,Scientific Literature,In vitro inhibitory activity against cloned human M1 muscarinic receptor,B,Homo sapiens,,Bioorg Med Chem Lett,2004.0,Muscarinic acetylcholine receptor M1,Ki,nM,7.17,333.52,4.3
CHEMBL2042552,4.571,CN(C)CC1COCC(c2ccccc2)(c2ccccc2)O1.O=C(O)C(=O)O,Scientific Literature,Displacement of [3H]N-methylscopolamine from human muscarinic M1 receptor expressed in CHO cells after 120 mins by scintillation counting,B,Homo sapiens,,J Med Chem,2012.0,Muscarinic acetylcholine receptor M1,Ki,nM,8.34,387.43,2.91
CHEMBL2042406,16.22,C[N+](C)(C)C[C@@H]1COCC(c2ccccc2)(c2ccccc2)O1.[I-],Scientific Literature,Displacement of [3H]N-methylscopolamine from human muscarinic M1 receptor expressed in CHO cells after 120 mins by scintillation counting,B,Homo sapiens,,J Med Chem,2012.0,Muscarinic acetylcholine receptor M1,Ki,nM,7.79,439.34,3.05
CHEMBL2042405,0.5012,C[N+](C)(C)C[C@H]1COCC(c2ccccc2)(c2ccccc2)O1.[I-],Scientific Literature,Displacement of [3H]N-methylscopolamine from human muscarinic M1 receptor expressed in CHO cells after 120 mins by scintillation counting,B,Homo sapiens,,J Med Chem,2012.0,Muscarinic acetylcholine receptor M1,Ki,nM,9.3,439.34,3.05
CHEMBL2031737,931.0,C[C@@H]1CCCN1CCc1cc2cc(C(=O)c3ccc([N+](=O)[O-])cc3)ccc2o1,Scientific Literature,Binding affinity to human recombinant M1 receptor,B,Homo sapiens,,J Med Chem,2012.0,Muscarinic acetylcholine receptor M1,Ki,nM,6.03,378.43,4.6
CHEMBL5395401,4200.0,CCN(CC)CCCC(C)Nc1cnc(C(=O)Nc2ccc(Cl)c3cccnc23)cn1,Scientific Literature,Binding affinity to M1 receptor (unknown origin) assessed as inhibition constant,B,Homo sapiens,,J Med Chem,2023.0,Muscarinic acetylcholine receptor M1,Ki,nM,5.38,440.98,4.85
CHEMBL302145,210.0,NCc1cccc(NC(=O)[C@](O)(c2ccccc2)[C@@H]2CCC(F)(F)C2)c1,Scientific Literature,Binding affinity against human Muscarinic acetylcholine receptor M1 in transfected CHO cells,B,,,Bioorg Med Chem Lett,2003.0,Muscarinic acetylcholine receptor M1,Ki,nM,6.68,360.4,3.41
CHEMBL68384,1.3,NCC=C1CCN(C(=O)[C@](O)(c2ccccc2)[C@@H]2CCC(F)(F)C2)CC1,Scientific Literature,Binding affinity against human Muscarinic acetylcholine receptor M1 in transfected CHO cells,B,,,Bioorg Med Chem Lett,2003.0,Muscarinic acetylcholine receptor M1,Ki,nM,8.89,364.44,2.82
CHEMBL9967,14.0,CN1CCN(CC(=O)N2c3ccccc3C(=O)Nc3cccnc32)CC1,Scientific Literature,Binding affinity for muscarinic acetylcholine receptor M1 by measuring displacement of [3H]QNB from guinea pig cerebral cortex,B,Cavia porcellus,Cerebral cortex,J Med Chem,1995.0,Muscarinic acetylcholine receptor M1,Ki,nM,7.85,351.41,1.56
CHEMBL556635,0.09,O=C(O[C@H]1C[N+]2(CCCOc3ccccc3)CCC1CC2)[C@](O)(c1cccs1)C1CCCC1.[Br-],Scientific Literature,Binding affinity to muscarinic M1 receptor,B,,,J Med Chem,2009.0,Muscarinic acetylcholine receptor M1,Ki,nM,10.05,550.56,4.75
CHEMBL144435,360.0,C[N+]12C=C(c3cc4ccccc4o3)C(CC1)CC2,Scientific Literature,Binding affinity for muscarinic acetylcholine receptor M1 by measuring displacement of [3H]QNB from guinea pig cerebral cortex,B,Cavia porcellus,Cerebral cortex,J Med Chem,1995.0,Muscarinic acetylcholine receptor M1,Ki,nM,6.44,240.33,3.64
CHEMBL127273,19.8,COc1ccccc1CN1CCC(C2CCN(CCCCCCCCN3CCC(C4CCN(Cc5ccccc5OC)CC4)CC3)CC2)CC1,Scientific Literature,Affinity for human M1 cloned muscarinic receptor subtype expressed in CHO-K1 cells,B,,,J Med Chem,2001.0,Muscarinic acetylcholine receptor M1,Ki,nM,7.7,687.07,8.59
CHEMBL343659,36.0,Cc1cccc(CN2CCC(NC(=O)C(O)(c3ccccc3)C3CCCC3)CC2)n1,Scientific Literature,Inhibition of [3H]NMS binding to human muscarinic acetylcholine receptor M1 expressed in CHO cells,B,,,J Med Chem,2000.0,Muscarinic acetylcholine receptor M1,Ki,nM,7.44,407.56,3.55
CHEMBL517712,0.329,CN1[C@@H]2CC[C@H]1C[C@@H](OC(=O)C(CO)c1ccccc1)C2,Scientific Literature,Inhibition of [3H]QNB binding to CHO cells bearing transfected muscarinic acetylcholine receptor M3,B,Cricetulus griseus,,J Med Chem,1991.0,Muscarinic acetylcholine receptor M1,Ki,nM,9.48,289.38,1.93
CHEMBL74736,135.0,CCN(CC)CCOCCOC(=O)C1(c2ccccc2)CCCCC1,Scientific Literature,Binding affinity towards muscarinic m1 receptor,B,,,J Med Chem,1994.0,Muscarinic acetylcholine receptor M1,Ki,nM,6.87,347.5,3.79
CHEMBL104804,2511.89,COc1ccc2c(c1)CCN1Cc3c(ccc4[nH]c(C)c(Cc5ccccc5)c34)OC21,Scientific Literature,Inhibition of [3H]NMS binding to human muscarinic acetylcholine receptor M1 in transfected CHO cells.,B,,,J Med Chem,2002.0,Muscarinic acetylcholine receptor M1,Ki,nM,5.6,410.52,5.53
CHEMBL290715,19000.0,C1OCC2(CN3CCC2CC3)O1,Scientific Literature,Compound was evaluated for its binding affinity against muscarinic acetylcholine receptor M1 in guinea pig cerebral cortex using (-)-[3H]-QNB as radioligand,B,Cavia porcellus,Cerebral cortex,J Med Chem,1992.0,Muscarinic acetylcholine receptor M1,Ki,nM,4.72,169.22,0.46
CHEMBL564144,5.3,C[C@@H](c1ccccn1)c1c(CCN(C)C)sc2ccccc12,Scientific Literature,Displacement of [3H]N-methylscopolamine from human muscarinic M1 receptor expressed in CHO Flp-In cells by liquid scintillation counting,B,Homo sapiens,,J Med Chem,2009.0,Muscarinic acetylcholine receptor M1,Ki,nM,8.28,310.47,4.55
CHEMBL356321,710.0,C1=C(c2ccsc2)C2CCN1CC2,Scientific Literature,Binding affinity for muscarinic acetylcholine receptor M1 by measuring displacement of [3H]QNB from guinea pig cerebral cortex,B,Cavia porcellus,Cerebral cortex,J Med Chem,1995.0,Muscarinic acetylcholine receptor M1,Ki,nM,6.15,191.3,2.81
CHEMBL423746,14900.0,OC1(c2cccnc2)CN2CCC1CC2,Scientific Literature,Binding affinity for muscarinic acetylcholine receptor M1 by measuring displacement of [3H]QNB from guinea pig cerebral cortex,B,Cavia porcellus,Cerebral cortex,J Med Chem,1995.0,Muscarinic acetylcholine receptor M1,Ki,nM,4.83,204.27,0.99
CHEMBL145301,810.0,OC1(c2cc3ccccc3o2)CN2CCC1CC2,Scientific Literature,Binding affinity for muscarinic acetylcholine receptor M1 by measuring displacement of [3H]QNB from guinea pig cerebral cortex,B,Cavia porcellus,Cerebral cortex,J Med Chem,1995.0,Muscarinic acetylcholine receptor M1,Ki,nM,6.09,243.31,2.35
CHEMBL900,36.0,Cc1ccccc1C(OCCN(C)C)c1ccccc1,DrugMatrix,DRUGMATRIX: Muscarinic M1 radioligand binding (ligand: [3H] N-Methylscopolamine),B,,,,,Muscarinic acetylcholine receptor M1,Ki,nM,7.44,269.39,3.66
CHEMBL21536,42.0,CCCCCCOc1nsnc1C1=CCCN(C)C1,Scientific Literature,Affinity towards human M1 receptor expressed in CHO cells using [3H]QNB as radioligand,B,,,Bioorg Med Chem Lett,1999.0,Muscarinic acetylcholine receptor M1,Ki,nM,7.38,281.42,3.22
CHEMBL1935446,340.0,Fc1ccc(Cn2c([C@H]3CNCCS3)nc3ccccc32)cc1,Scientific Literature,Inhibition of muscarinic M1 receptor,B,,,Bioorg Med Chem Lett,2012.0,Muscarinic acetylcholine receptor M1,Ki,nM,6.47,327.43,3.6
CHEMBL233199,540.0,CN(C)C1(CNCCc2c(Cl)cccc2Cl)COc2ccccc2OC1,Scientific Literature,Displacement of 1-[N-methyl- 3H]scopolamine from human muscarinic M1 receptor expressed in Sf9 cells,B,Homo sapiens,,Bioorg Med Chem Lett,2007.0,Muscarinic acetylcholine receptor M1,Ki,nM,6.27,395.33,3.9
CHEMBL667,13489.63,CC(=O)OCC[N+](C)(C)C,Scientific Literature,Displacement of [3H]NMS from human cloned muscarinic M1 receptor expressed in CHO cells,B,Homo sapiens,,Bioorg Med Chem Lett,2008.0,Muscarinic acetylcholine receptor M1,Ki,nM,4.87,146.21,0.26
CHEMBL308566,6.486,C=C(c1ccc(S(=O)(=O)c2ccc(OC)cc2)cc1)C1CCN(C2CCN(C(=O)OCC)CC2)CC1,Scientific Literature,Binding affinity to muscarinic M1 receptor,B,Homo sapiens,,Bioorg Med Chem Lett,2007.0,Muscarinic acetylcholine receptor M1,Ki,nM,8.19,512.67,4.87
CHEMBL219825,0.912,CN1CCC[C@@H]1[C@@H]1CS[C@@](c2ccccc2)(C2CCCCC2)O1,Scientific Literature,Binding affinity to human cloned muscarinic receptor M1 expressed in CHO cells,B,Homo sapiens,,J Med Chem,2007.0,Muscarinic acetylcholine receptor M1,Ki,nM,9.04,331.53,4.65
CHEMBL2377383,65.5,CC[N+](CC)(CC)CCOC(=O)C(c1ccccc1)c1ccccc1.[I-],Scientific Literature,Displacement of [3H] N-methylscopolamine from human muscarinic M1 receptor after 30 mins by scintillation counting analysis,B,Homo sapiens,,Bioorg Med Chem,2013.0,Muscarinic acetylcholine receptor M1,Ki,nM,7.18,467.39,4.24
CHEMBL76897,1.1,C[N+]1(C)CCC(OC(=O)C(c2ccccc2)c2ccccc2)CC1.[I-],Scientific Literature,Displacement of [3H]N-methylscopolamine from human recombinant muscarinic M1 receptor expressed in CHOK1 cells after 2 hrs,B,Homo sapiens,,Bioorg Med Chem Lett,2013.0,Muscarinic acetylcholine receptor M1,Ki,nM,8.96,451.35,3.6
CHEMBL629,2.724,CN(C)CCC=C1c2ccccc2CCc2ccccc21,DrugMatrix,DRUGMATRIX: Muscarinic M1 radioligand binding (ligand: [3H] N-Methylscopolamine),B,,,,,Muscarinic acetylcholine receptor M1,Ki,nM,8.56,277.41,4.17
CHEMBL422770,33.34,C=C(c1ccc(S(=O)(=O)c2ccc(OC)cc2)cc1)C1CCN(C2CCN(S(=O)(=O)Cc3ccccc3)CC2)CC1,Scientific Literature,Binding affinity to muscarinic M1 receptor,B,Homo sapiens,,Bioorg Med Chem Lett,2007.0,Muscarinic acetylcholine receptor M1,Ki,nM,7.48,594.8,5.25
CHEMBL2377266,0.594,COc1cc(Br)cc(C2Nc3c(c(C)nn3C)C(=O)CS2)c1,Scientific Literature,Displacement of [3H] N-methylscopolamine from human muscarinic M1 receptor expressed in CHOK1 cells after 30 mins by scintillation counting analysis,B,Homo sapiens,,Bioorg Med Chem,2013.0,Muscarinic acetylcholine receptor M1,Ki,nM,9.23,382.28,3.54
CHEMBL2377267,1.32,CCN(CC)CCOC(=O)C(O)(c1cccs1)C1CCCCC1,Scientific Literature,Displacement of [3H] N-methylscopolamine from human muscarinic M1 receptor expressed in CHOK1 cells after 30 mins by scintillation counting analysis,B,Homo sapiens,,Bioorg Med Chem,2013.0,Muscarinic acetylcholine receptor M1,Ki,nM,8.88,339.5,3.4
CHEMBL37372,0.881,CCN(CC)CCOC(=O)C(C)(c1ccccc1)c1ccc(O)cc1,Scientific Literature,Displacement of [3H] N-methylscopolamine from human muscarinic M1 receptor expressed in CHOK1 cells after 30 mins by scintillation counting analysis,B,Homo sapiens,,Bioorg Med Chem,2013.0,Muscarinic acetylcholine receptor M1,Ki,nM,9.05,341.45,3.58
CHEMBL2377385,5.78,CC[N+](C)(CC)CCOC(=O)C(c1ccccc1)c1ccccc1.[Br-],Scientific Literature,Displacement of [3H] N-methylscopolamine from human muscarinic M1 receptor expressed in CHOK1 cells after 30 mins by scintillation counting analysis,B,Homo sapiens,,Bioorg Med Chem,2013.0,Muscarinic acetylcholine receptor M1,Ki,nM,8.24,406.36,3.85
CHEMBL391977,19.0,CN(C)C1(CNCCC2CCC(O)CC2)COc2ccccc2OC1,Scientific Literature,Displacement of 1-[N-methyl- 3H]scopolamine from human muscarinic M1 receptor expressed in Sf9 cells,B,Homo sapiens,,Bioorg Med Chem Lett,2007.0,Muscarinic acetylcholine receptor M1,Ki,nM,7.72,348.49,2.29
CHEMBL234257,31.0,CN(C)C1(CNCC2CCCCC2)COc2ccccc2OC1,Scientific Literature,Displacement of 1-[N-methyl- 3H]scopolamine from human muscarinic M1 receptor expressed in Sf9 cells,B,Homo sapiens,,Bioorg Med Chem Lett,2007.0,Muscarinic acetylcholine receptor M1,Ki,nM,7.51,318.46,2.93
CHEMBL2030625,5541.0,C1CCC(CN2C3CCC2CC3)CC1,Scientific Literature,Inhibition of M1 muscarinic receptor,B,,,Bioorg Med Chem Lett,2012.0,Muscarinic acetylcholine receptor M1,Ki,nM,5.26,193.33,3.19
CHEMBL21536,82.0,CCCCCCOc1nsnc1C1=CCCN(C)C1,Scientific Literature,Binding affinity towards M1 muscarinic receptor expressed in A9 L cells by displacing [3H](R)-QNB radioligand.,B,,,J Med Chem,2001.0,Muscarinic acetylcholine receptor M1,Ki,nM,7.09,281.42,3.22
CHEMBL140142,1.5,CN1CCC=C(c2nsnc2OCCOCCOCCOCCOCCOc2nsnc2C2=CCCN(C)C2)C1,Scientific Literature,Binding affinity towards M1 muscarinic receptor expressed in A9 L cells by displacing [3H](R)-QNB radioligand.,B,,,J Med Chem,2001.0,Muscarinic acetylcholine receptor M1,Ki,nM,8.82,596.78,2.35
CHEMBL358493,3800.0,C[N+]12CCC(CC1)C(O)(c1cc3ccccc3o1)C2,Scientific Literature,Binding affinity for muscarinic acetylcholine receptor M1 by measuring displacement of [3H]QNB from guinea pig cerebral cortex,B,Cavia porcellus,Cerebral cortex,J Med Chem,1995.0,Muscarinic acetylcholine receptor M1,Ki,nM,5.42,258.34,2.49
CHEMBL9967,10.0,CN1CCN(CC(=O)N2c3ccccc3C(=O)Nc3cccnc32)CC1,Scientific Literature,Binding affinity to human muscarinic M1 receptor by radioligand displacement assay,B,Homo sapiens,,Eur J Med Chem,2013.0,Muscarinic acetylcholine receptor M1,Ki,nM,8.0,351.41,1.56
CHEMBL2432039,7468.0,C1C2C3CC4C2C2C1C3[C@H](NCC13C5C6C7C5C1C7C63)C42,Scientific Literature,Inhibition of muscarinic M1 receptor (unknown origin) by PDSP assay,B,Homo sapiens,,Bioorg Med Chem,2013.0,Muscarinic acetylcholine receptor M1,Ki,nM,5.13,277.41,2.09
CHEMBL3104093,10000.0,CN1CCc2c(c3cccc4c3n2CCc2ccccc2-4)C1,Scientific Literature,Displacement of [3H]QNB from muscarinic M1 receptor (unknown origin),B,Homo sapiens,,Bioorg Med Chem Lett,2014.0,Muscarinic acetylcholine receptor M1,Ki,nM,,288.39,3.85
CHEMBL221753,99.0,CC(C)(C)CC(C)(C)c1ccc(OCCOCC[N+](C)(C)Cc2ccccc2)cc1.[Cl-],DrugMatrix,DRUGMATRIX: Muscarinic M1 radioligand binding (ligand: [3H] N-Methylscopolamine),B,,,,,Muscarinic acetylcholine receptor M1,Ki,nM,7.0,448.09,6.07
CHEMBL1092600,10000.0,Cc1ccc2c(c1)CC(CCN(C)C)=C2Cc1cnccn1,Scientific Literature,Binding affinity at M1 receptor,B,,,Bioorg Med Chem Lett,2010.0,Muscarinic acetylcholine receptor M1,Ki,nM,,293.41,3.29
CHEMBL1090527,3500.0,C[C@H](C1=C(CCN(C)C)Cc2cc(F)ccc21)c1nccs1,Scientific Literature,Binding affinity at M1 receptor,B,,,Bioorg Med Chem Lett,2010.0,Muscarinic acetylcholine receptor M1,Ki,nM,5.46,316.44,4.35
CHEMBL563920,0.32,C[C@@H](c1ccccn1)c1c(CCN(C)C)oc2ccccc12,Scientific Literature,Displacement of [3H]N-methylscopolamine from human muscarinic M1 receptor expressed in CHO Flp-In cells by liquid scintillation counting,B,Homo sapiens,,J Med Chem,2009.0,Muscarinic acetylcholine receptor M1,Ki,nM,9.49,294.4,4.08
CHEMBL4059733,7.943,CCC(=O)NCCNC(=O)CCc1cn(CCCCC2CCN(CC(=O)N3c4ccccc4NC(=O)c4ccccc43)CC2)cn1,Scientific Literature,Displacement of [3H]-NMS from human muscarinic M1 receptor expressed in CHO cell membranes assessed as inhibition constant by radioligand competition analysis,B,Homo sapiens,,Eur J Med Chem,2021.0,Muscarinic acetylcholine receptor M1,Ki,nM,8.1,627.79,4.27
CHEMBL3629535,10000.0,COc1ccc(CCC(=O)NCC2(c3ccccc3)CCN(C)CC2)cc1OC,Scientific Literature,Displacement of [3H]NMS from human muscarinic M1 receptor expressed in CHO cells after 2 hrs by liquid scintillation spectrometry analysis,B,Homo sapiens,,Bioorg Med Chem Lett,2015.0,Muscarinic acetylcholine receptor M1,Ki,nM,,396.53,3.42
CHEMBL59898,2290.87,CCOC(=O)c1c(C)[nH]c2ccc3c(c12)CN1CCc2cc(OC)ccc2C1O3,Scientific Literature,Displacement of [3H]N-methylscopolamine from human muscarinic M1 receptor expressed in CHO-K1 cells,B,Homo sapiens,,Bioorg Med Chem Lett,2008.0,Muscarinic acetylcholine receptor M1,Ki,nM,5.64,392.46,4.11
CHEMBL227378,100000.0,C[C@@H]1COC[C@H](C[N+](C)(C)C)O1.[I-],Scientific Literature,Displacement of [3H]NMS from human cloned muscarinic M1 receptor expressed in CHO cells,B,Homo sapiens,,Bioorg Med Chem Lett,2008.0,Muscarinic acetylcholine receptor M1,Ki,nM,,301.17,0.5
CHEMBL43383,28.84,CCN(CC)CCCCC1CCN(CC(=O)N2c3ccccc3C(=O)Nc3cccnc32)CC1,Scientific Literature,Displacement of [3H]-NMS from human muscarinic M1 receptor expressed in stable CHO-K1 cells by radioligand binding assay,B,Homo sapiens,,J Med Chem,2019.0,Muscarinic acetylcholine receptor M1,Ki,nM,7.54,463.63,4.54
CHEMBL214642,1800.0,O=C(NCC1CCNCC1)[C@H]1CCCN1C(=O)[C@@H]1C[C@@H](O)CN1C(=O)CC(c1ccccc1)(c1ccccc1)c1ccccc1,Scientific Literature,Inhibition of [3H]NMS binding to human cloned M1 receptor expressed in CHO cells,B,Homo sapiens,,J Med Chem,2006.0,Muscarinic acetylcholine receptor M1,Ki,nM,5.75,608.78,3.48
CHEMBL478227,1445.44,CN1CCN(CC(=O)N2c3ccccc3C(=O)Nc3cccnc32)[C@@H]2CCCC[C@@H]21,Scientific Literature,Displacement of [3H]N-methylscopolamine chloride from human cloned muscarinic M1 receptor expressed in CHOK1 cells,B,Homo sapiens,,Bioorg Med Chem,2008.0,Muscarinic acetylcholine receptor M1,Ki,nM,5.84,405.5,2.87
CHEMBL2078942,1.259,CN(C)C[C@H]1COCC(c2ccccc2)(c2ccccc2)O1,Scientific Literature,Displacement of [3H]NMS from recombinant human muscarinic M1 receptor expressed in CHOK1 cell membranes after 120 mins by scintillation counting method,B,Homo sapiens,,Eur J Med Chem,2017.0,Muscarinic acetylcholine receptor M1,Ki,nM,8.9,297.4,2.91
CHEMBL715,4.7,Cc1cc2c(s1)Nc1ccccc1N=C2N1CCN(C)CC1,Scientific Literature,Binding affinity to human cloned muscarinic M1 receptor,B,Homo sapiens,,Bioorg Med Chem,2008.0,Muscarinic acetylcholine receptor M1,Ki,nM,8.33,312.44,3.44
CHEMBL2021478,6.31,CN(C)[C@@H]1CCCC[C@@H]1N(C)CC(=O)N1c2ccccc2NC(=O)c2ccccc21.O=C(O)C(=O)O.O=C(O)C(=O)O,Scientific Literature,Displacement of [3H]N-methylscopolamine chloride from human cloned muscarinic M1 receptor expressed in CHOK1 cells,B,Homo sapiens,,Bioorg Med Chem,2008.0,Muscarinic acetylcholine receptor M1,Ki,nM,8.2,586.6,3.72
CHEMBL352404,3715.35,COc1ccc2c(c1)C(C(C)c1ccccn1)=C(CCN(C)C)C2,Scientific Literature,Binding affinity towards cloned human muscarinic acetylcholine receptor M1 stably expressed in CHO-K1 cells using [3H]N-methylscopolamine,B,,,J Med Chem,2003.0,Muscarinic acetylcholine receptor M1,Ki,nM,5.43,322.45,4.16
CHEMBL167027,1548.82,COc1ccc2c(c1)CC(CCN(C)C)=C2C(C)c1ccccn1,Scientific Literature,Binding affinity towards cloned human muscarinic acetylcholine receptor M1 stably expressed in CHO-K1 cells using [3H]N-methylscopolamine,B,,,J Med Chem,2003.0,Muscarinic acetylcholine receptor M1,Ki,nM,5.81,322.45,4.16
CHEMBL394137,5.9,CN(C)C1(CNCCC23CC4CC(CC(C4)C2)C3)COc2ccccc2OC1,Scientific Literature,Displacement of 1-[N-methyl- 3H]scopolamine from human muscarinic M1 receptor expressed in Sf9 cells,B,Homo sapiens,,Bioorg Med Chem Lett,2007.0,Muscarinic acetylcholine receptor M1,Ki,nM,8.23,384.56,3.95
CHEMBL344327,81.0,C1=C(c2cc3ccccc3s2)C2CCN1CC2,Scientific Literature,Binding affinity for muscarinic acetylcholine receptor M1 by measuring displacement of [3H]QNB from guinea pig cerebral cortex,B,Cavia porcellus,Cerebral cortex,J Med Chem,1995.0,Muscarinic acetylcholine receptor M1,Ki,nM,7.09,241.36,3.97
CHEMBL263040,140.0,NCCCCC1CCN(C(=O)[C@](O)(c2ccccc2)[C@@H]2CCC(F)(F)C2)CC1,Scientific Literature,Binding affinity against human Muscarinic acetylcholine receptor M1 in transfected CHO cells,B,,,Bioorg Med Chem Lett,2003.0,Muscarinic acetylcholine receptor M1,Ki,nM,6.85,394.51,3.68
CHEMBL259662,8317.64,C[C@H]1COC[C@@H](C[N+](C)(C)C)O1,Scientific Literature,Binding affinity to human cloned muscarinic M1 receptor expressed in CHO cells,B,Homo sapiens,,Bioorg Med Chem,2008.0,Muscarinic acetylcholine receptor M1,Ki,nM,5.08,174.26,0.5
CHEMBL307668,10000.0,O=C(NCOCCN1CCOCC1)C1(c2ccc(Cl)c(Cl)c2)CCCCC1,Scientific Literature,Binding affinity towards muscarinic m1 receptor,B,,,J Med Chem,1994.0,Muscarinic acetylcholine receptor M1,Ki,nM,,415.36,3.62
CHEMBL554916,56.23,C[N+]1(C)CCC[C@@H]1[C@@H]1C[S+]([O-])[C@](c2ccccc2)(C2CCCCC2)O1.[I-],Scientific Literature,Displacement of [3H]NMS from human muscarinic M1 receptor expressed in CHO cells,B,Homo sapiens,,Bioorg Med Chem,2008.0,Muscarinic acetylcholine receptor M1,Ki,nM,7.25,489.46,3.81
CHEMBL239655,10000.0,Cc1cc(OCC#CC[N+](C)(C)C)no1.[I-],Scientific Literature,Displacement of [3H]QNB from human muscarinic M1 receptor expressed in CHO cells,B,Homo sapiens,,Bioorg Med Chem,2007.0,Muscarinic acetylcholine receptor M1,Ki,nM,,336.17,1.07
CHEMBL555992,199.53,CC(=O)OCCOCCOCCOCCOc1nsnc1C1=CCCN(C)C1.Cl,Scientific Literature,Inhibition of [3H](R)-QNB to Muscarinic acetylcholine receptor M1 expressed in A9 L cells,B,Homo sapiens,,J Med Chem,2003.0,Muscarinic acetylcholine receptor M1,Ki,nM,6.7,451.97,1.25
CHEMBL69452,250.0,CCO/C(O)=C1\CN2CC(CCC2COCc2ccccc2)C1=O,Scientific Literature,Binding affinity of compound was determined towards human Muscarinic acetylcholine receptor M1 using [3H]QNB radioligand,B,,,J Med Chem,2003.0,Muscarinic acetylcholine receptor M1,Ki,nM,6.6,331.41,2.67
CHEMBL306462,1200.0,CCO/C(O)=C1\CN2CCCC(C2)C1=O,Scientific Literature,Binding affinity of compound was determined towards human Muscarinic acetylcholine receptor M1 using [3H]QNB radioligand,B,,,J Med Chem,2003.0,Muscarinic acetylcholine receptor M1,Ki,nM,5.92,211.26,1.09
CHEMBL169680,4265.8,CN(C)CCC1=C(Cc2ccncc2)c2ccccc2C1,Scientific Literature,Binding affinity towards cloned human muscarinic acetylcholine receptor M1 stably expressed in CHO-K1 cells using [3H]N-methylscopolamine,B,,,J Med Chem,2003.0,Muscarinic acetylcholine receptor M1,Ki,nM,5.37,278.4,3.59
CHEMBL169594,3548.13,CN(C)CCOC(=O)C1=C(Cc2cccnc2)c2ccccc2C1,Scientific Literature,Binding affinity towards cloned human muscarinic acetylcholine receptor M1 stably expressed in CHO-K1 cells using [3H]N-methylscopolamine,B,,,J Med Chem,2003.0,Muscarinic acetylcholine receptor M1,Ki,nM,5.45,322.41,2.74
CHEMBL443780,4.0,CCN(CC)CCOC(=O)C(C)(c1ccccc1)C1CCCCC1,Scientific Literature,Antimuscarinic potency and subset specificity was characterised by its inhibition of the [3H]NMS Binding to Muscarinic acetylcholine receptor M1 subtype,B,,,J Med Chem,1992.0,Muscarinic acetylcholine receptor M1,Ki,nM,8.4,331.5,4.41
CHEMBL2172286,1000.0,O=C(CCC1=[N+]2C(C=C1)Cc1ccc(-c3cccs3)n1[B-]2(F)F)NCCN1CCN(CC(=O)N2c3ccccc3C(=O)Nc3cccnc32)CC1,Scientific Literature,Binding affinity to human muscarinic M1 receptor,B,Homo sapiens,,J Med Chem,2012.0,Muscarinic acetylcholine receptor M1,Ki,nM,,710.62,
CHEMBL219786,0.1175,C[N+]1(C)CCC[C@H]1[C@H]1CS[C@@](c2ccccc2)(C2CCCCC2)O1.[I-],Scientific Literature,Binding affinity to human cloned muscarinic receptor M1 expressed in CHO cells,B,Homo sapiens,,J Med Chem,2007.0,Muscarinic acetylcholine receptor M1,Ki,nM,9.93,473.46,4.79
CHEMBL142766,4.9,CN1CCC=C(c2nsnc2OCCOCCOc2nsnc2C2=CCCN(C)C2)C1,Scientific Literature,Binding affinity towards M1 muscarinic receptor expressed in A9 L cells by displacing [3H](R)-QNB radioligand.,B,,,J Med Chem,2001.0,Muscarinic acetylcholine receptor M1,Ki,nM,8.31,464.62,2.3
CHEMBL2103803,0.05012,C[N+]1(C)[C@@H]2CC[C@H]1C[C@@H](CC(C#N)(c1ccccc1)c1ccccc1)C2.[Br-],Scientific Literature,Displacement of [3H]N-methyl Scopolamine from human cloned muscarinic M1 receptor expressed in CHO cell membrane,B,Homo sapiens,,Bioorg Med Chem Lett,2009.0,Muscarinic acetylcholine receptor M1,Ki,nM,10.3,425.41,4.9
CHEMBL308566,6.5,C=C(c1ccc(S(=O)(=O)c2ccc(OC)cc2)cc1)C1CCN(C2CCN(C(=O)OCC)CC2)CC1,Scientific Literature,Binding affinity against Muscarinic acetylcholine receptor M1 expressed in CHO-K1 cells,B,Homo sapiens,,Bioorg Med Chem Lett,2000.0,Muscarinic acetylcholine receptor M1,Ki,nM,8.19,512.67,4.87
CHEMBL143434,0.32,CN1CCC=C(c2nsnc2SCCCCCCCCCCSc2nsnc2C2=CCCN(C)C2)C1,Scientific Literature,Binding affinity towards M1 muscarinic receptor expressed in A9 L cells by displacing [3H](R)-QNB radioligand.,B,,,J Med Chem,2001.0,Muscarinic acetylcholine receptor M1,Ki,nM,9.49,564.92,6.83
CHEMBL2312346,25300.0,COc1ccc(CCOC(=O)C2=C(c3ccccc3)CCN(C)C2)cc1OC,Scientific Literature,Displacement of [3H]-NMS from human muscarinic M1 receptor expressed in CHO cells by radioligand binding assay,B,Homo sapiens,,J Med Chem,2022.0,Muscarinic acetylcholine receptor M1,Ki,nM,4.6,381.47,3.58
CHEMBL222259,0.5012,C[N+]1(C)CCC[C@@H]1[C@@H]1CS[C@@](c2ccccc2)(C2CCCCC2)O1.[I-],Scientific Literature,Binding affinity to human cloned muscarinic receptor M1 expressed in CHO cells,B,Homo sapiens,,J Med Chem,2007.0,Muscarinic acetylcholine receptor M1,Ki,nM,9.3,473.46,4.79
CHEMBL352966,1621.81,Cc1ccc2c(c1)C(C(C)c1ccccn1)=C(CCN(C)C)C2,Scientific Literature,Binding affinity towards cloned human muscarinic acetylcholine receptor M1 stably expressed in CHO-K1 cells using [3H]N-methylscopolamine,B,,,J Med Chem,2003.0,Muscarinic acetylcholine receptor M1,Ki,nM,5.79,306.45,4.46
CHEMBL2312344,210.0,CN1CCC(C(=O)OCCc2ccc3c(c2)CCO3)=C(c2ccccc2)C1,Scientific Literature,Displacement of [3H]NMS from human M1 muscarinic receptor expressed in CHO-K1 cells,B,Homo sapiens,,J Med Chem,2013.0,Muscarinic acetylcholine receptor M1,Ki,nM,6.68,363.46,3.5
CHEMBL143469,0.84,CN1CCC=C(c2nsnc2OCCCCCCCCCOc2nsnc2C2=CCCN(C)C2)C1,Scientific Literature,Binding affinity towards M1 muscarinic receptor expressed in A9 L cells by displacing [3H](R)-QNB radioligand.,B,,,J Med Chem,2001.0,Muscarinic acetylcholine receptor M1,Ki,nM,9.08,518.75,5.02
CHEMBL170922,579.0,C[C@@H]1OC(=O)[C@H]2C[C@H]3CCCC[C@@H]3[C@@H](CCCN3CCN(C)CC3)[C@@H]12,Scientific Literature,Binding affinity towards human muscarinic M1 receptor in CHO-KI cells using [3H]- QNB as radioligand,B,,,Bioorg Med Chem Lett,1999.0,Muscarinic acetylcholine receptor M1,Ki,nM,6.24,348.53,3.02
CHEMBL198982,69.7,O=C(CCCCCNC(=O)CCc1ccc2n1[B-](F)(F)[N+]1=C(c3cccs3)C=CC1=C2)NCCCCN1CCN(CC(=O)N2c3ccccc3C(=O)Nc3cccnc32)CC1,Scientific Literature,Displacement of [3H]QNB from EGFP(delta-17)human M1 receptor expressed in HEK cells,B,Homo sapiens,,J Med Chem,2005.0,Muscarinic acetylcholine receptor M1,Ki,nM,7.16,849.82,
CHEMBL141452,0.19,CN1CCC=C(c2nsnc2OCCCCCCCCOc2nsnc2C2=CCCN(C)C2)C1,Scientific Literature,Binding affinity towards M1 muscarinic receptor expressed in A9 L cells by displacing [3H](R)-QNB radioligand.,B,,,J Med Chem,2001.0,Muscarinic acetylcholine receptor M1,Ki,nM,9.72,504.73,4.63
CHEMBL2093082,100000.0,C[C@H]1O[C@@H]([C@@H]2CCC[N+]2(C)C)C[S@@+]1[O-].[I-],Scientific Literature,Binding affinity to cloned human muscarinic M1 receptor expressed in CHO cells,B,Homo sapiens,,J Med Chem,2006.0,Muscarinic acetylcholine receptor M1,Ki,nM,,345.25,0.72
CHEMBL354678,239.88,CCC(C1=C(CCN(C)C)Cc2ccccc21)c1ccccn1,Scientific Literature,Binding affinity towards cloned human muscarinic acetylcholine receptor M1 stably expressed in CHO-K1 cells using [3H]N-methylscopolamine,B,,,J Med Chem,2003.0,Muscarinic acetylcholine receptor M1,Ki,nM,6.62,306.45,4.54
CHEMBL4650998,3.02,Cc1cc(/C=C/C=C/c2ccc(N(C)C)cc2)cc(C)[n+]1CCN1CCN(CCCCC2CCN(CC(=O)N3c4ccccc4NC(=O)c4ccccc43)CC2)CC1,Scientific Literature,Displacement of [3H]NMS from human recombinant muscarinic receptor M2 expressed in CHO-K9 cell membranes measured after 3 hrs by radioligand competition binding assay,B,Homo sapiens,,RSC Med Chem,2020.0,Muscarinic acetylcholine receptor M1,Ki,nM,8.52,781.08,7.81
CHEMBL421304,52.0,COc1ccc([S+]([O-])c2ccc(C(C3CCCCC3)N3CCN(C4CCCCC4)CC3)cc2)cc1,Scientific Literature,Binding affinity towards the cloned human Muscarinic acetylcholine receptor M1,B,,,Bioorg Med Chem Lett,2000.0,Muscarinic acetylcholine receptor M1,Ki,nM,7.28,494.75,6.43
CHEMBL314493,1000.0,CN1C2CCCC1C(OC(=O)OCC(Cl)(Cl)Cl)C2,Scientific Literature,Inhibition of [3H]- oxotremorine-M binding to human Muscarinic acetylcholine receptor M1 expressed in CHO cell membranes,B,Homo sapiens,,J Med Chem,2000.0,Muscarinic acetylcholine receptor M1,Ki,nM,6.0,316.61,3.14
CHEMBL4790083,19.0,N#Cc1ccc(N2C3CCC2CN(C(=O)CCS(=O)(=O)c2cccc4ncsc24)C3)nc1,Scientific Literature,Displacement of [3H]NMS from human recombinant muscarinic receptor M2 expressed in CHO-K1 cell membranes assessed as inhibition constant incubated for 1 hr by Radioligand binding assay,B,Homo sapiens,,ACS Med Chem Lett,2021.0,Muscarinic acetylcholine receptor M1,Ki,nM,7.72,467.58,2.61
CHEMBL169401,891.25,CC(C1=C(CCCN(C)C)Cc2ccccc21)c1ccccn1,Scientific Literature,Binding affinity towards cloned human muscarinic acetylcholine receptor M1 stably expressed in CHO-K1 cells using [3H]N-methylscopolamine,B,,,J Med Chem,2003.0,Muscarinic acetylcholine receptor M1,Ki,nM,6.05,306.45,4.54
CHEMBL96042,330.0,COc1ccccc1C(O)C1=CN2CCC1CC2,Scientific Literature,In vitro binding affinity towards muscarinic receptor in cerebral cortex (M1) was determined,B,,Cerebral cortex,Bioorg Med Chem Lett,1994.0,Muscarinic acetylcholine receptor M1,Ki,nM,6.48,245.32,2.34
CHEMBL172233,602.56,CC(C1=C(CCN(C)CCF)Cc2ccccc21)c1ccccn1,Scientific Literature,Binding affinity towards cloned human muscarinic acetylcholine receptor M1 stably expressed in CHO-K1 cells using [3H]N-methylscopolamine,B,,,J Med Chem,2003.0,Muscarinic acetylcholine receptor M1,Ki,nM,6.22,324.44,4.49
CHEMBL352723,870.96,CSc1ccc2c(c1)C(C(C)c1ccccn1)=C(CCN(C)C)C2,Scientific Literature,Binding affinity towards cloned human muscarinic acetylcholine receptor M1 stably expressed in CHO-K1 cells using [3H]N-methylscopolamine,B,,,J Med Chem,2003.0,Muscarinic acetylcholine receptor M1,Ki,nM,6.06,338.52,4.87
CHEMBL402282,7079.46,C[N+]1(CCCC(O)(c2ccccc2)c2ccccc2)CCN(CCCC(O)(c2ccccc2)c2ccccc2)CC1.[I-],Scientific Literature,Displacement of [3H]N-methylscopolamine from human muscarinic M1 receptor expressed in CHO-K1 cells,B,Homo sapiens,,Bioorg Med Chem Lett,2008.0,Muscarinic acetylcholine receptor M1,Ki,nM,5.15,676.68,6.18
CHEMBL404866,851138.04,Cl.Cl.OC(CCCN1CCN(CCCC(O)(c2ccccc2)c2ccccc2)CC1)(c1ccccc1)c1ccccc1,Scientific Literature,Displacement of [3H]N-methylscopolamine from human muscarinic M1 receptor expressed in CHO-K1 cells,B,Homo sapiens,,Bioorg Med Chem Lett,2008.0,Muscarinic acetylcholine receptor M1,Ki,nM,,607.67,6.04
CHEMBL436850,2951.21,C[N+]1(C)CCN(CCCC(O)(c2ccccc2)c2ccccc2)CC1.[I-],Scientific Literature,Displacement of [3H]N-methylscopolamine from human muscarinic M1 receptor expressed in CHO-K1 cells,B,Homo sapiens,,Bioorg Med Chem Lett,2008.0,Muscarinic acetylcholine receptor M1,Ki,nM,5.53,466.41,3.09
CHEMBL2312384,140.0,CCN1CCC(c2ccccc2)=C(C(=O)OCCc2ccsc2)C1,Scientific Literature,Displacement of [3H]NMS from human M1 muscarinic receptor expressed in CHO-K1 cells,B,Homo sapiens,,J Med Chem,2013.0,Muscarinic acetylcholine receptor M1,Ki,nM,6.85,341.48,4.01
CHEMBL1088899,10000.0,Cc1cnc(CC2=C(CCN(C)C)Cc3ccccc32)cn1,Scientific Literature,Binding affinity at M1 receptor,B,,,Bioorg Med Chem Lett,2010.0,Muscarinic acetylcholine receptor M1,Ki,nM,,293.41,3.29
CHEMBL1088900,15000.0,COc1nccnc1CC1=C(CCN(C)C)Cc2ccccc21,Scientific Literature,Binding affinity at M1 receptor,B,,,Bioorg Med Chem Lett,2010.0,Muscarinic acetylcholine receptor M1,Ki,nM,4.82,309.41,2.99
CHEMBL4634333,0.03162,Cc1scc2c1N(C(=O)CN1CCN(CCCCCCCCCCNC(=O)Cc3ccc4c(c3)C(C)(C)C3=C5C=C6C7=[N+](CCC6OC5CCN34)c3ccc(S(=O)(=O)[O-])cc3C7(C)C)CC1)c1ccccc1NC2=O,Scientific Literature,Displacement of [3H]NMS from human recombinant muscarinic receptor M1 expressed in CHO-K9 cell membranes measured after 3 hrs by radioligand competition binding assay,B,Homo sapiens,,RSC Med Chem,2020.0,Muscarinic acetylcholine receptor M1,Ki,nM,10.5,1054.39,
CHEMBL285440,40.7,CN(C)CCCCOC(=O)C(C)(c1ccccc1)C1CCCCC1,Scientific Literature,Antimuscarinic potency and subset specificity was characterised by its inhibition of the [3H]NMS Binding to Muscarinic acetylcholine receptor M1 subtype,B,,,J Med Chem,1992.0,Muscarinic acetylcholine receptor M1,Ki,nM,7.39,331.5,4.41
CHEMBL1090176,10000.0,COc1nccnc1[C@H](C)C1=C(CCN(C)C)Cc2cc(C)ccc21,Scientific Literature,Binding affinity at M1 receptor,B,,,Bioorg Med Chem Lett,2010.0,Muscarinic acetylcholine receptor M1,Ki,nM,,337.47,3.86
CHEMBL1093623,10000.0,COc1ccc2c(c1)CC(CCN(C)C)=C2[C@@H](C)c1nccs1,Scientific Literature,Binding affinity at M1 receptor,B,,,Bioorg Med Chem Lett,2010.0,Muscarinic acetylcholine receptor M1,Ki,nM,,328.48,4.22
CHEMBL5089005,1909.85,COc1ccc(NC(=O)c2ccc(-c3ccc(-c4noc(C)n4)cc3C)cc2)cc1OCCN(C)C.Cl,EUbOPEN Chemogenomic Library,"PDSP Secondary Binding target: CHRM1 - Compounds are tested at 10 uM concentration, plate are incubated at room temperature in the dark for 90 minutes. Reaction are stopped by vacuum filtration onto 0.3% polyethyleneimine soaked filter mats using Filtermate harvester. Scintillation cocktail is then melted onto microwave-dried filters on a hot plate and the radio activity is counted in Microbia counter. Compounds showing a minimum of 50% inhibition at 10 uM concentration are carried forward in this secondary binding assay to determine equilibrium binding affinity.",B,Homo sapiens,,,2024.0,Muscarinic acetylcholine receptor M1,Ki,nM,5.72,523.03,5.22
CHEMBL4582879,2.291,CC(=O)N[C@@H](CCCCN)C(=O)N[C@@H](C)C(=O)N[C@@H](CCCNC(=N)N)C(=O)NCCN1CCN(CCCCC2CCN(CC(=O)N3c4ccccc4NC(=O)c4ccccc43)CC2)CC1.O=C(O)C(F)(F)F.O=C(O)C(F)(F)F.O=C(O)C(F)(F)F.O=C(O)C(F)(F)F.O=C(O)C(F)(F)F,Scientific Literature,Displacement of [3H]-NMS from human muscarinic M1 receptor expressed in CHO-K9 cells after 3 hrs by microbeta2 scintillation counting method,B,Homo sapiens,,J Med Chem,2019.0,Muscarinic acetylcholine receptor M1,Ki,nM,8.64,1486.3,1.42
CHEMBL4563530,1047.13,CC(=O)N[C@@H](CCC(N)=O)C(=O)N[C@@H](CC(C)C)C(=O)NCCCCC1CCN(CC(=O)N2c3ccccc3NC(=O)c3ccccc32)CC1.O=C(O)C(F)(F)F,Scientific Literature,Displacement of [3H]-NMS from human muscarinic M1 receptor expressed in CHO-K9 cells after 3 hrs by microbeta2 scintillation counting method,B,Homo sapiens,,J Med Chem,2019.0,Muscarinic acetylcholine receptor M1,Ki,nM,5.98,803.88,3.22
CHEMBL4564922,32.36,CC(=O)N[C@@H](CCCCN)C(=O)N[C@@H](CCCNC(=N)N)C(=O)NCC(=O)NCCCCC1CCN(CC(=O)N2c3ccccc3NC(=O)c3ccccc32)CC1.O=C(O)C(F)(F)F.O=C(O)C(F)(F)F.O=C(O)C(F)(F)F,Scientific Literature,Displacement of [3H]-NMS from human muscarinic M1 receptor expressed in CHO-K9 cells after 3 hrs by microbeta2 scintillation counting method,B,Homo sapiens,,J Med Chem,2019.0,Muscarinic acetylcholine receptor M1,Ki,nM,7.49,1132.05,1.41
CHEMBL4569929,85.11,CCC(=O)NCCCCC1CCN(CC(=O)N2c3ccccc3NC(=O)c3ccccc32)CC1.O=C(O)C(F)(F)F,Scientific Literature,Displacement of [3H]-NMS from human muscarinic M1 receptor expressed in CHO-K9 cells after 3 hrs by microbeta2 scintillation counting method,B,Homo sapiens,,J Med Chem,2019.0,Muscarinic acetylcholine receptor M1,Ki,nM,7.07,576.62,4.33
CHEMBL171520,464.0,C[C@@H]1OC(=O)[C@H]2C[C@H]3CCCC[C@@H]3[C@@H](CCCN3CCN(C4CCCCC4)CC3)[C@@H]12,Scientific Literature,Binding affinity towards human muscarinic M1 receptor in CHO-KI cells using [3H]- QNB as radioligand,B,,,Bioorg Med Chem Lett,1999.0,Muscarinic acetylcholine receptor M1,Ki,nM,6.33,416.65,4.72
CHEMBL3354076,123.03,O=C1CCc2ccccc2N1CCCN1CCC(CCCCCCCCCCCO)CC1,Scientific Literature,Displacement of [3H]NMS from human M1 receptor expressed in CHO cells by microplate scintillation counting based radioligand binding assay,B,Homo sapiens,,J Med Chem,2014.0,Muscarinic acetylcholine receptor M1,Ki,nM,6.91,442.69,5.96
CHEMBL258907,5888.44,C[C@H]1O[C@@H]([C@H]2CCC[N+]2(C)C)CS1,Scientific Literature,Binding affinity to human cloned muscarinic M1 receptor expressed in CHO cells,B,Homo sapiens,,Bioorg Med Chem,2008.0,Muscarinic acetylcholine receptor M1,Ki,nM,5.23,202.34,1.7
CHEMBL390842,30199.52,C[C@H]1COC[C@@H](C[N+](C)(C)C)O1.[I-],Scientific Literature,Displacement of [3H]NMS from human muscarinic M1 receptor transfected in CHO cells after 120 mins by scintillation counting analysis,B,Homo sapiens,,Bioorg Med Chem Lett,2014.0,Muscarinic acetylcholine receptor M1,Ki,nM,4.52,301.17,0.5
CHEMBL2114067,103.8,COc1ccc([S@@+]([O-])c2ccc(C(=O)C3CCN(C4CCCCC4)CC3)cc2)cc1,Scientific Literature,Binding affinity against Muscarinic acetylcholine receptor M1,B,,,Bioorg Med Chem Lett,2000.0,Muscarinic acetylcholine receptor M1,Ki,nM,6.98,425.59,5.09
CHEMBL66400,1.8,NCC1CCN(C(=O)[C@](O)(c2ccccc2)C2CCCC2)CC1,Scientific Literature,Binding affinity against human Muscarinic acetylcholine receptor M1 in transfected CHO cells,B,,,Bioorg Med Chem Lett,2003.0,Muscarinic acetylcholine receptor M1,Ki,nM,8.74,316.45,2.26
CHEMBL4851265,51.29,CC(=O)NC(=O)[C@H](CCCNC(=N)N)NC(=O)[C@H](C)NC(=O)CNCCCCC1CCN(CC(=O)N2c3ccccc3NC(=O)c3ccccc32)CC1.O=C(O)C(F)(F)F.O=C(O)C(F)(F)F,Scientific Literature,Displacement of [3H]-NMS from human muscarinic M1 receptor expressed in CHO cell membranes assessed as inhibition constant by radioligand competition analysis,B,Homo sapiens,,Eur J Med Chem,2021.0,Muscarinic acetylcholine receptor M1,Ki,nM,7.29,960.93,1.3
CHEMBL4846958,38.9,CC(=O)N[C@H](CCCN)C(=O)NC(=O)[C@H](CCNC(=N)N)NCCCCC1CCN(CC(=O)N2c3ccccc3NC(=O)c3ccccc32)CC1.O=C(O)C(F)(F)F.O=C(O)C(F)(F)F.O=C(O)C(F)(F)F,Scientific Literature,Displacement of [3H]-NMS from human muscarinic M1 receptor expressed in CHO cell membranes assessed as inhibition constant by radioligand competition analysis,B,Homo sapiens,,Eur J Med Chem,2021.0,Muscarinic acetylcholine receptor M1,Ki,nM,7.41,1046.94,1.52
CHEMBL4863285,9.12,CC(=O)N[C@H](CCCN)C(=O)NC(=O)[C@H](C)NC(=O)[C@H](CCCNC(=N)N)NCCN1CCN(CCCC2CCN(CC(=O)N3c4ccccc4NC(=O)c4ccccc43)CC2)CC1.O=C(O)C(F)(F)F.O=C(O)C(F)(F)F.O=C(O)C(F)(F)F.O=C(O)C(F)(F)F.O=C(O)C(F)(F)F,Scientific Literature,Displacement of [3H]-NMS from human muscarinic M1 receptor expressed in CHO cell membranes assessed as inhibition constant by radioligand competition analysis,B,Homo sapiens,,Eur J Med Chem,2021.0,Muscarinic acetylcholine receptor M1,Ki,nM,8.04,1458.24,0.64
CHEMBL4856659,16.22,CC(=O)N[C@H](CCCN)C(=O)NC(=O)[C@H](C)NC(=O)[C@H](CCNC(=N)N)NCCN1CCN(CCCC2CCN(CC(=O)N3c4ccccc4NC(=O)c4ccccc43)CC2)CC1.O=C(O)C(F)(F)F.O=C(O)C(F)(F)F.O=C(O)C(F)(F)F.O=C(O)C(F)(F)F.O=C(O)C(F)(F)F,Scientific Literature,Displacement of [3H]-NMS from human muscarinic M1 receptor expressed in CHO cell membranes assessed as inhibition constant by radioligand competition analysis,B,Homo sapiens,,Eur J Med Chem,2021.0,Muscarinic acetylcholine receptor M1,Ki,nM,7.79,1444.21,0.25
CHEMBL4852868,8.128,CC(=O)NC(=O)[C@H](CC(N)=O)NC(=O)[C@H](CCCNC(=N)N)N[C@H](CCCN)C(=O)NCCN1CCN(CCCC2CCN(CC(=O)N3c4ccccc4NC(=O)c4ccccc43)CC2)CC1.O=C(O)C(F)(F)F.O=C(O)C(F)(F)F.O=C(O)C(F)(F)F.O=C(O)C(F)(F)F.O=C(O)C(F)(F)F,Scientific Literature,Displacement of [3H]-NMS from human muscarinic M1 receptor expressed in CHO cell membranes assessed as inhibition constant by radioligand competition analysis,B,Homo sapiens,,Eur J Med Chem,2021.0,Muscarinic acetylcholine receptor M1,Ki,nM,8.09,1501.27,-0.51
CHEMBL4872608,6.761,CC(=O)N[C@@H](CCCN)C(=O)NC(=O)[C@H](C)NC(=O)[C@@H](CCCNC(=N)N)NCCN1CCN(CCCC2CCN(CC(=O)N3c4ccccc4NC(=O)c4ccccc43)CC2)CC1.O=C(O)C(F)(F)F.O=C(O)C(F)(F)F.O=C(O)C(F)(F)F.O=C(O)C(F)(F)F.O=C(O)C(F)(F)F,Scientific Literature,Displacement of [3H]-NMS from human muscarinic M1 receptor expressed in CHO cell membranes assessed as inhibition constant by radioligand competition analysis,B,Homo sapiens,,Eur J Med Chem,2021.0,Muscarinic acetylcholine receptor M1,Ki,nM,8.17,1458.24,0.64
CHEMBL4858774,8128.31,CC(=O)N[C@@H](CCCN)C(=O)NC(=O)[C@H](C)NC(=O)[C@H](CCNC(=N)N)NCCN1CCN(CC(=O)NC2CCN(CC(=O)N3c4ccccc4NC(=O)c4ccccc43)CC2)CC1.O=C(O)C(F)(F)F.O=C(O)C(F)(F)F.O=C(O)C(F)(F)F.O=C(O)C(F)(F)F.O=C(O)C(F)(F)F,Scientific Literature,Displacement of [3H]-NMS from human muscarinic M1 receptor expressed in CHO cell membranes assessed as inhibition constant by radioligand competition analysis,B,Homo sapiens,,Eur J Med Chem,2021.0,Muscarinic acetylcholine receptor M1,Ki,nM,5.09,1459.19,-1.66
CHEMBL4862098,60.26,CC(=O)NC(=O)[C@H](CCCCN)NC(=O)[C@H](C)NC(=O)[C@H](CCCNC(=N)N)NCCN1CCN(CCC(=O)NC2CCN(CC(=O)N3c4ccccc4NC(=O)c4ccccc43)CC2)CC1.O=C(O)C(F)(F)F.O=C(O)C(F)(F)F.O=C(O)C(F)(F)F.O=C(O)C(F)(F)F.O=C(O)C(F)(F)F,Scientific Literature,Displacement of [3H]-NMS from human muscarinic M1 receptor expressed in CHO cell membranes assessed as inhibition constant by radioligand competition analysis,B,Homo sapiens,,Eur J Med Chem,2021.0,Muscarinic acetylcholine receptor M1,Ki,nM,7.22,1501.27,-0.49
CHEMBL4871153,1.148,CC(=O)NC(=O)[C@H](CCCCN)NC(=O)[C@H](C)NC(=O)[C@H](CCCNC(=N)N)NC1CCN(CCCCC2CCN(CC(=O)N3c4ccccc4NC(=O)c4ccccc43)CC2)CC1.O=C(O)C(F)(F)F.O=C(O)C(F)(F)F.O=C(O)C(F)(F)F.O=C(O)C(F)(F)F,Scientific Literature,Displacement of [3H]-NMS from human muscarinic M1 receptor expressed in CHO cell membranes assessed as inhibition constant by radioligand competition analysis,B,Homo sapiens,,Eur J Med Chem,2021.0,Muscarinic acetylcholine receptor M1,Ki,nM,8.94,1343.23,2.27
CHEMBL4861655,141.25,CC(=O)N[C@@H](CCCN)C(=O)NC(=O)[C@H](C)NC(=O)[C@H](CCCNC(=N)N)NCCN1CCN(C(=O)CCCC2CCN(CC(=O)N3c4ccccc4NC(=O)c4ccccc43)CC2)CC1.O=C(O)C(F)(F)F.O=C(O)C(F)(F)F.O=C(O)C(F)(F)F.O=C(O)C(F)(F)F,Scientific Literature,Displacement of [3H]-NMS from human muscarinic M1 receptor expressed in CHO cell membranes assessed as inhibition constant by radioligand competition analysis,B,Homo sapiens,,Eur J Med Chem,2021.0,Muscarinic acetylcholine receptor M1,Ki,nM,6.85,1372.23,0.56
CHEMBL67873,140.0,O=C(NCCC1CCNCC1)[C@](O)(c1ccccc1)[C@@H]1CCC(F)(F)C1,Scientific Literature,Binding affinity against human Muscarinic acetylcholine receptor M1 in transfected CHO cells,B,,,Bioorg Med Chem Lett,2003.0,Muscarinic acetylcholine receptor M1,Ki,nM,6.85,366.45,2.82
CHEMBL4078588,8.0,Cc1ccc(Cc2cc3c(=O)n([C@H]4CCCC[C@@H]4O)cnc3c3ccccc23)cn1,Scientific Literature,Displacement of [3H]PT-1284 human muscarinic acetylcholine receptor M1 expressed in CHO cell membranes after 90 mins scintillation counting method,A,Homo sapiens,,J Med Chem,2017.0,Muscarinic acetylcholine receptor M1,Ki,nM,8.1,399.49,4.32
CHEMBL3941520,512.86,Cc1nc(C(N)=O)ccc1-c1nnc(SCCCN2CC[C@]3(C[C@@H]3c3ccc(C(F)(F)F)cc3)C2)n1C,Scientific Literature,Activity at human muscarinic acetylcholine receptor M1 transfected in CHO-K1 cells assessed as intracellular calcium levels in presence of acetylcholine by FLIPR assay,F,Homo sapiens,,J Med Chem,2016.0,Muscarinic acetylcholine receptor M1,Ki,nM,6.29,530.62,4.67
CHEMBL4846562,21.38,CC(=O)NC(=O)[C@H](CCCNC(=N)N)NC(=O)CNC(=O)[C@H](CCCNC(=N)N)NCCCCC1CCN(CC(=O)N2c3ccccc3NC(=O)c3ccccc32)CC1.O=C(O)C(F)(F)F.O=C(O)C(F)(F)F.O=C(O)C(F)(F)F,Scientific Literature,Displacement of [3H]-NMS from human muscarinic M1 receptor expressed in CHO cell membranes assessed as inhibition constant by radioligand competition analysis,B,Homo sapiens,,Eur J Med Chem,2021.0,Muscarinic acetylcholine receptor M1,Ki,nM,7.67,1160.06,0.55
CHEMBL3309715,100000.0,C[C@@]1(C[N+](C)(C)C)COCCO1.[I-],Scientific Literature,Displacement of [3H]NMS from human muscarinic M1 receptor transfected in CHO cells after 120 mins by scintillation counting analysis,B,Homo sapiens,,Bioorg Med Chem Lett,2014.0,Muscarinic acetylcholine receptor M1,Ki,nM,,301.17,0.5
CHEMBL4794548,0.5012,Cc1scc2c1N(C(=O)CN1CCN(CCCCCCCCCCNC(=O)c3ccc(-c4c5ccc(=N)c(S(=O)(=O)O)c-5oc5c(S(=O)(=O)O)c(N)ccc45)c(C(=O)O)c3)CC1)c1ccccc1NC2=O,Scientific Literature,Displacement of [3H]NMS from human recombinant muscarinic receptor M1 expressed in CHO-K9 cell membranes measured after 3 hrs by radioligand competition binding assay,B,Homo sapiens,,RSC Med Chem,2020.0,Muscarinic acetylcholine receptor M1,Ki,nM,9.3,1028.2,
CHEMBL3217984,1000.0,CN1CCC2C(C1)c1cccc3c1N2c1ccccc1CS3,Scientific Literature,Binding affinity to M1 receptor (unknown origin) by PDSP assay,B,Homo sapiens,,Medchemcomm,2012.0,Muscarinic acetylcholine receptor M1,Ki,nM,,308.45,4.23
CHEMBL214342,270.0,CN1CCC(CNC(=O)[C@H]2CCCN2C(=O)[C@@H]2C[C@@H](O)CN2C(=O)CC(c2ccc(F)cc2)(c2ccc(F)cc2)c2ccc(F)cc2)CC1,Scientific Literature,Inhibition of [3H]NMS binding to human cloned M1 receptor expressed in CHO cells,B,Homo sapiens,,J Med Chem,2006.0,Muscarinic acetylcholine receptor M1,Ki,nM,6.57,676.78,4.24
CHEMBL359197,660.0,O=C(NC1CCN(Cc2ccncc2)CC1)C(O)(c1ccccc1)C1CCCC1,Scientific Literature,Inhibition of [3H]NMS binding to human muscarinic acetylcholine receptor M1 expressed in CHO cells,B,,,J Med Chem,2000.0,Muscarinic acetylcholine receptor M1,Ki,nM,6.18,393.53,3.24
CHEMBL75217,20.0,CCN(CC)CCOCOC(=O)C1(c2ccc(Cl)c(Cl)c2)CCCCC1,Scientific Literature,Binding affinity towards muscarinic m1 receptor,B,,,J Med Chem,1994.0,Muscarinic acetylcholine receptor M1,Ki,nM,7.7,402.36,5.05
CHEMBL56275,2344.23,C[C@@H]1OC(=O)[C@@H]2C[C@@H]3CCCC[C@@H]3[C@@H](/C=C\[C@H]3CCC[C@H](C)N3C)[C@H]12,Scientific Literature,Binding affinity against human muscarine receptor (hM1) cloned in CHO cells,B,Homo sapiens,,Bioorg Med Chem Lett,2002.0,Muscarinic acetylcholine receptor M1,Ki,nM,5.63,345.53,4.42
CHEMBL386983,398.11,COc1nsnc1OCCOCCOCCOCCOCCOc1nsnc1C1=CCCN(C)C1,Scientific Literature,Inhibition of [3H](R)-QNB binding to human M1 receptor expressed in A9 L cells,B,Homo sapiens,,J Med Chem,2006.0,Muscarinic acetylcholine receptor M1,Ki,nM,6.4,531.66,1.64
CHEMBL335542,0.1,CN1CCC=C(c2nsnc2OCCOCCOCCOCCOc2nsnc2C2=CCCN(C)C2)C1,Scientific Literature,Inhibition of [3H](R)-QNB binding to human M1 receptor expressed in A9 L cells,B,Homo sapiens,,J Med Chem,2006.0,Muscarinic acetylcholine receptor M1,Ki,nM,10.0,552.72,2.33
CHEMBL144751,100.0,C1=C(c2nc3ccccc3o2)C2CCN1CC2,Scientific Literature,Binding affinity for muscarinic acetylcholine receptor M1 by measuring displacement of [3H]QNB from guinea pig cerebral cortex,B,Cavia porcellus,Cerebral cortex,J Med Chem,1995.0,Muscarinic acetylcholine receptor M1,Ki,nM,7.0,226.28,2.89
CHEMBL167004,150.0,CN(C)c1ccnc(N2CCc3ccccc3C2)c1,Scientific Literature,Displacement of [3H]pirenzepine from M1 receptor,B,,,Bioorg Med Chem Lett,2003.0,Muscarinic acetylcholine receptor M1,Ki,nM,6.82,253.35,2.71
CHEMBL3351105,100000.0,C[C@@H]1O[C@H]([C@@H]2CCCN2C)C[S@+]1[O-],Scientific Literature,Binding affinity to cloned human muscarinic M1 receptor expressed in CHO cells,B,Homo sapiens,,J Med Chem,2006.0,Muscarinic acetylcholine receptor M1,Ki,nM,,203.31,0.57
CHEMBL2092737,100000.0,C[C@H]1O[C@@H]([C@@H]2CCCN2C)C[S@+]1[O-],Scientific Literature,Binding affinity to cloned human muscarinic M1 receptor expressed in CHO cells,B,Homo sapiens,,J Med Chem,2006.0,Muscarinic acetylcholine receptor M1,Ki,nM,,203.31,0.57
CHEMBL4541518,200.0,Cc1ccc(CCCOC(=O)N(c2ccccc2)C2CN3CCC2CC3)cc1F,Scientific Literature,Displacement of [3H]NMS from human M1 AChR expressed in CHO cell membranes after 1 to 2 hrs by liquid scintillation spectrometry method,B,Homo sapiens,,Bioorg Med Chem Lett,2019.0,Muscarinic acetylcholine receptor M1,Ki,nM,6.7,396.51,4.8
CHEMBL4570052,770.0,COc1ccc(COC(=O)N(c2ccccc2)C2CN3CCC2CC3)cc1OC,Scientific Literature,Displacement of [3H]NMS from human M1 AChR expressed in CHO cell membranes after 1 to 2 hrs by liquid scintillation spectrometry method,B,Homo sapiens,,Bioorg Med Chem Lett,2019.0,Muscarinic acetylcholine receptor M1,Ki,nM,6.11,396.49,3.94
CHEMBL145488,1500.0,C1=C(c2ccoc2)C2CCN1CC2,Scientific Literature,Binding affinity for muscarinic acetylcholine receptor M1 by measuring displacement of [3H]QNB from guinea pig cerebral cortex,B,Cavia porcellus,Cerebral cortex,J Med Chem,1995.0,Muscarinic acetylcholine receptor M1,Ki,nM,5.82,175.23,2.35
CHEMBL346194,26.0,O=C(NC1CCN(Cc2ccccn2)CC1)C(O)(c1ccccc1)C1CCCC1,Scientific Literature,Inhibition of [3H]NMS binding to human muscarinic acetylcholine receptor M1 expressed in CHO cells,B,,,J Med Chem,2000.0,Muscarinic acetylcholine receptor M1,Ki,nM,7.58,393.53,3.24
CHEMBL147554,17.0,O=C(NC1CCN(Cc2cccc(CO)c2)CC1)[C@](O)(c1ccccc1)[C@@H]1CCC(F)(F)C1,Scientific Literature,Inhibition of [3H]NMS binding to human muscarinic acetylcholine receptor M1 expressed in CHO cells,B,,,J Med Chem,2000.0,Muscarinic acetylcholine receptor M1,Ki,nM,7.77,458.55,3.58
CHEMBL57485,1737.8,C[C@@H]1OC(=O)[C@H]2C[C@H]3CCCC[C@H]3[C@H](/C=C/[C@H]3CCC[C@H](C)N3C)[C@@H]12,Scientific Literature,Binding affinity against human muscarine receptor (hM1) cloned in CHO cells,B,Homo sapiens,,Bioorg Med Chem Lett,2002.0,Muscarinic acetylcholine receptor M1,Ki,nM,5.76,345.53,4.42
CHEMBL576663,35.48,CN1CCCC1c1ccc(C(O)(c2ccccc2)c2ccccc2)o1,Scientific Literature,Displacement of [3H]NMS from human cloned muscarinic M1 receptor expressed in CHO cells by scintillation counting,B,Homo sapiens,,J Med Chem,2010.0,Muscarinic acetylcholine receptor M1,Ki,nM,7.45,333.43,4.33
CHEMBL571123,42.66,CN1CCCC1c1ccc(C(c2ccccc2)c2ccccc2)o1,Scientific Literature,Displacement of [3H]NMS from human cloned muscarinic M1 receptor expressed in CHO cells by scintillation counting,B,Homo sapiens,,J Med Chem,2010.0,Muscarinic acetylcholine receptor M1,Ki,nM,7.37,317.43,5.23
CHEMBL569729,23.44,C[N+]1(C)CCCC1c1ccc(C(O)(c2ccccc2)c2ccccc2)o1.[I-],Scientific Literature,Displacement of [3H]NMS from human cloned muscarinic M1 receptor expressed in CHO cells by scintillation counting,B,Homo sapiens,,J Med Chem,2010.0,Muscarinic acetylcholine receptor M1,Ki,nM,7.63,475.37,4.48
CHEMBL569307,0.6918,C[N+]1(C)CCC[C@@H]1c1ccc([C@](O)(c2ccccc2)C2CCCCC2)o1.[I-],Scientific Literature,Displacement of [3H]NMS from human cloned muscarinic M1 receptor expressed in CHO cells by scintillation counting,B,Homo sapiens,,J Med Chem,2010.0,Muscarinic acetylcholine receptor M1,Ki,nM,9.16,481.42,5.01
CHEMBL394255,86.0,CN(C)C1(CNCC=C2CCOCC2)COc2ccccc2OC1,Scientific Literature,Displacement of 1-[N-methyl- 3H]scopolamine from human muscarinic M1 receptor expressed in Sf9 cells,B,Homo sapiens,,Bioorg Med Chem Lett,2007.0,Muscarinic acetylcholine receptor M1,Ki,nM,7.07,332.44,2.08
CHEMBL3747016,40.0,Cn1ccc(-c2ccc(Cn3cc(C(=O)N[C@H]4CCOC[C@@H]4O)c4ncccc43)cc2)n1,Scientific Literature,Displacement of [3H]PT-1284 human muscarinic acetylcholine receptor M1 expressed in CHO cell membranes after 90 mins scintillation counting method,A,Homo sapiens,,J Med Chem,2017.0,Muscarinic acetylcholine receptor M1,Ki,nM,7.4,431.5,2.36
CHEMBL294663,3235.94,C[C@@H]1OC(=O)[C@H]2C[C@H]3CCCC[C@@H]3[C@@H](C#C[C@H]3CCC[C@H](C)N3C)[C@@H]12,Scientific Literature,Binding affinity against human muscarine receptor (hM1) cloned in CHO cells,B,Homo sapiens,,Bioorg Med Chem Lett,2002.0,Muscarinic acetylcholine receptor M1,Ki,nM,5.49,343.51,3.87
CHEMBL4061384,7300.0,COc1cccc(C2CC2C[N+](C)(C)C)c1.O=C[O-],Scientific Literature,Displacement of [3H]N-methyl-scopolamine bromide from human recombinant muscarinic M1 receptor expressed in HEK293T cell membranes after 1 hr by liquid scintillation counting method,B,Homo sapiens,,J Med Chem,2017.0,Muscarinic acetylcholine receptor M1,Ki,nM,5.14,265.35,2.5
CHEMBL4064668,7100.0,COc1ccc(F)c(CC[N+](C)(C)C)c1.O=C[O-],Scientific Literature,Displacement of [3H]N-methyl-scopolamine bromide from human recombinant muscarinic M1 receptor expressed in HEK293T cell membranes after 1 hr by liquid scintillation counting method,B,Homo sapiens,,J Med Chem,2017.0,Muscarinic acetylcholine receptor M1,Ki,nM,5.15,257.3,2.08
CHEMBL4084607,13000.0,COc1cccc(C(O)C[N+](C)(C)C)c1.O=C[O-],Scientific Literature,Displacement of [3H]N-methyl-scopolamine bromide from human recombinant muscarinic M1 receptor expressed in HEK293T cell membranes after 1 hr by liquid scintillation counting method,B,Homo sapiens,,J Med Chem,2017.0,Muscarinic acetylcholine receptor M1,Ki,nM,4.89,255.31,1.43
CHEMBL4072787,4200.0,c1csc(COC2CCNC2)n1,Scientific Literature,Displacement of [3H]N-methyl-scopolamine bromide from human recombinant muscarinic M1 receptor expressed in HEK293T cell membranes after 1 hr by liquid scintillation counting method,B,Homo sapiens,,J Med Chem,2017.0,Muscarinic acetylcholine receptor M1,Ki,nM,5.38,184.26,1.02
CHEMBL74117,68.08,C=C(c1ccc(S(=O)(=O)c2ccc(OC)cc2)cc1)C1CCN(C2CCN(C(=O)C3CC3)CC2)CC1,Scientific Literature,Binding affinity to muscarinic M1 receptor,B,Homo sapiens,,Bioorg Med Chem Lett,2007.0,Muscarinic acetylcholine receptor M1,Ki,nM,7.17,508.68,4.65
CHEMBL4865137,2884.03,CC(=O)NC(=O)[C@H](CCCNC(=N)N)NC(=O)[C@H](C)NC(=O)[C@H](CCCNC(=N)N)NC1CCN(CC(=O)N2c3ccccc3NC(=O)c3ccccc32)CC1.O=C(O)C(F)(F)F.O=C(O)C(F)(F)F.O=C(O)C(F)(F)F,Scientific Literature,Displacement of [3H]-NMS from human muscarinic M1 receptor expressed in CHO cell membranes assessed as inhibition constant by radioligand competition analysis,B,Homo sapiens,,Eur J Med Chem,2021.0,Muscarinic acetylcholine receptor M1,Ki,nM,5.54,1117.98,-0.48
CHEMBL4854472,3981.07,CC(=O)NC(=O)[C@H](CCCNC(=N)N)NC(=O)[C@H](C)NC(=O)[C@H](CCCNC(=N)N)NCC(=O)NC1CCN(CC(=O)N2c3ccccc3NC(=O)c3ccccc32)CC1.O=C(O)C(F)(F)F.O=C(O)C(F)(F)F.O=C(O)C(F)(F)F,Scientific Literature,Displacement of [3H]-NMS from human muscarinic M1 receptor expressed in CHO cell membranes assessed as inhibition constant by radioligand competition analysis,B,Homo sapiens,,Eur J Med Chem,2021.0,Muscarinic acetylcholine receptor M1,Ki,nM,5.4,1175.03,-1.37
CHEMBL4852079,6025.6,CC(=O)N[C@@H](CCCN)C(=O)NC(=O)[C@H](C)NC(=O)[C@H](CCCNC(=N)N)NCCN1CCN(CC(=O)NC2CCN(CC(=O)N3c4ccccc4NC(=O)c4ccccc43)CC2)CC1.O=C(O)C(F)(F)F.O=C(O)C(F)(F)F.O=C(O)C(F)(F)F.O=C(O)C(F)(F)F.O=C(O)C(F)(F)F,Scientific Literature,Displacement of [3H]-NMS from human muscarinic M1 receptor expressed in CHO cell membranes assessed as inhibition constant by radioligand competition analysis,B,Homo sapiens,,Eur J Med Chem,2021.0,Muscarinic acetylcholine receptor M1,Ki,nM,5.22,1473.21,-1.27
CHEMBL1091774,5.8,C[C@@H](c1ccccn1)c1c(CCN2CCCC2)sc2ccccc12,Scientific Literature,Displacement of [3H]N-methylscopolamine from human muscarinic M1 receptor expressed in CHO Flp-In cells after 90 mins by scintillation counting,B,Homo sapiens,,Bioorg Med Chem Lett,2010.0,Muscarinic acetylcholine receptor M1,Ki,nM,8.24,336.5,5.09
CHEMBL1091790,5.6,CC(c1ccncc1)c1c(CCN(C)C)sc2ccccc12,Scientific Literature,Displacement of [3H]N-methylscopolamine from human muscarinic M1 receptor expressed in CHO Flp-In cells after 90 mins by scintillation counting,B,Homo sapiens,,Bioorg Med Chem Lett,2010.0,Muscarinic acetylcholine receptor M1,Ki,nM,8.25,310.47,4.55
CHEMBL366819,399.0,CC1CCCCN1CCC[C@@H]1[C@H]2CCCC[C@@H]2C[C@@H]2C(=O)O[C@@H](C)[C@H]12,Scientific Literature,Binding affinity towards human muscarinic M1 receptor in CHO-KI cells using [3H]- QNB as radioligand,B,,,Bioorg Med Chem Lett,1999.0,Muscarinic acetylcholine receptor M1,Ki,nM,6.4,347.54,4.65
CHEMBL368990,857.0,C[C@@H]1CN(CCC[C@@H]2[C@H]3CCCC[C@@H]3C[C@@H]3C(=O)O[C@@H](C)[C@H]23)CCN1,Scientific Literature,Binding affinity towards human muscarinic M1 receptor in CHO-KI cells using [3H]- QNB as radioligand,B,,,Bioorg Med Chem Lett,1999.0,Muscarinic acetylcholine receptor M1,Ki,nM,6.07,348.53,3.06
CHEMBL308924,100000.0,CCO/C(O)=C1\CN2CC(CCC2CN(C)C)C1=O,Scientific Literature,Binding affinity of compound was determined towards human Muscarinic acetylcholine receptor M1 using [3H]QNB radioligand,B,,,J Med Chem,2003.0,Muscarinic acetylcholine receptor M1,Ki,nM,,268.36,1.02
CHEMBL556390,53.7,C[N+]1(C)CCC[C@@H]1[C@@H]1C[S+]([O-])C(c2ccccc2)(c2ccccc2)O1.[I-],Scientific Literature,Displacement of [3H]NMS from human muscarinic M1 receptor expressed in CHO cells,B,Homo sapiens,,Bioorg Med Chem,2008.0,Muscarinic acetylcholine receptor M1,Ki,nM,7.27,483.42,3.27
CHEMBL461087,177827.94,c1coc(C2CCCN2)c1,Scientific Literature,Displacement of [3H]NMS from human muscarinic M1 receptor expressed in CHO cells by liquid scintillation counter,B,Homo sapiens,,J Med Chem,2008.0,Muscarinic acetylcholine receptor M1,Ki,nM,,137.18,1.7
CHEMBL14,38018.94,C[N+](C)(C)CCOC(N)=O.[Cl-],Scientific Literature,Displacement of [3H]NMS from human muscarinic M1 receptor expressed in CHO cells by liquid scintillation counter,B,Homo sapiens,,J Med Chem,2008.0,Muscarinic acetylcholine receptor M1,Ki,nM,4.42,182.65,-0.21
CHEMBL451335,63095.73,c1coc([C@@H]2CCCN2)c1,Scientific Literature,Displacement of [3H]NMS from human muscarinic M1 receptor expressed in CHO cells by liquid scintillation counter,B,Homo sapiens,,J Med Chem,2008.0,Muscarinic acetylcholine receptor M1,Ki,nM,4.2,137.18,1.7
CHEMBL461088,46773.51,c1coc([C@H]2CCCN2)c1,Scientific Literature,Displacement of [3H]NMS from human muscarinic M1 receptor expressed in CHO cells by liquid scintillation counter,B,Homo sapiens,,J Med Chem,2008.0,Muscarinic acetylcholine receptor M1,Ki,nM,4.33,137.18,1.7
CHEMBL5076314,717.05,CN1CCN(c2ccc(Nc3c4ccccc4nc4ccccc34)cc2)CC1.Cl.Cl.O,EUbOPEN Chemogenomic Library,"PDSP Secondary Binding target: CHRM1 - Compounds are tested at 10 uM concentration, plate are incubated at room temperature in the dark for 90 minutes. Reaction are stopped by vacuum filtration onto 0.3% polyethyleneimine soaked filter mats using Filtermate harvester. Scintillation cocktail is then melted onto microwave-dried filters on a hot plate and the radio activity is counted in Microbia counter. Compounds showing a minimum of 50% inhibition at 10 uM concentration are carried forward in this secondary binding assay to determine equilibrium binding affinity.",B,Homo sapiens,,,2024.0,Muscarinic acetylcholine receptor M1,Ki,nM,6.14,459.42,4.88
CHEMBL4748004,0.955,Cc1cc(/C=C/c2cc3c4c(c2)CCCN4CCC3)cc(C)[n+]1CCN1CCN(CCCCC2CCN(CC(=O)N3c4ccccc4NC(=O)c4ccccc43)CC2)CC1.O=C(O)C(F)(F)F.O=C(O)C(F)(F)F.O=C(O)C(F)(F)F.O=C([O-])C(F)(F)F,Scientific Literature,Displacement of [3H]NMS from human recombinant muscarinic receptor M2 expressed in CHO-K9 cell membranes measured after 3 hrs by radioligand competition binding assay,B,Homo sapiens,,RSC Med Chem,2020.0,Muscarinic acetylcholine receptor M1,Ki,nM,9.02,1262.2,7.89
CHEMBL4091231,2884.03,O=C1CCc2ccccc2N1CCCN1CCC(c2ccccc2)CC1,Scientific Literature,Displacement of [3H]NMS from human muscarinic M1 receptor expressed in CHO cell membranes after 2 hrs by liquid scintillation counting method,B,Homo sapiens,,J Med Chem,2018.0,Muscarinic acetylcholine receptor M1,Ki,nM,5.54,348.49,4.24
CHEMBL4072818,363.08,O=C1CCc2ccccc2N1CCCN1CCC(Cc2ccccc2)CC1,Scientific Literature,Displacement of [3H]NMS from human muscarinic M1 receptor expressed in CHO cell membranes after 2 hrs by liquid scintillation counting method,B,Homo sapiens,,J Med Chem,2018.0,Muscarinic acetylcholine receptor M1,Ki,nM,6.44,362.52,4.31
CHEMBL4091058,1479.11,O=C1CCc2ccccc2N1CCCN1CCN(Cc2ccccc2)CC1,Scientific Literature,Displacement of [3H]NMS from human muscarinic M1 receptor expressed in CHO cell membranes after 2 hrs by liquid scintillation counting method,B,Homo sapiens,,J Med Chem,2018.0,Muscarinic acetylcholine receptor M1,Ki,nM,5.83,363.51,3.17
CHEMBL4063176,2290.87,O=C1CCc2ccccc2N1CCCN1CCN(CCc2ccccc2)CC1,Scientific Literature,Displacement of [3H]NMS from human muscarinic M1 receptor expressed in CHO cell membranes after 2 hrs by liquid scintillation counting method,B,Homo sapiens,,J Med Chem,2018.0,Muscarinic acetylcholine receptor M1,Ki,nM,5.64,377.53,3.22
CHEMBL3084679,1.0,CN1[C@@H]2CC[C@H]1C[C@@H](CC(CO)(c1ccccc1)c1ccccc1)C2,Scientific Literature,Displacement of [3H]N-methyl Scopolamine from human cloned muscarinic M1 receptor expressed in CHO cell membrane,B,Homo sapiens,,Bioorg Med Chem Lett,2009.0,Muscarinic acetylcholine receptor M1,Ki,nM,9.0,335.49,4.23
CHEMBL139603,0.69,CN1CCC=C(c2nsnc2SCCCCCCCCCCCCSc2nsnc2C2=CCCN(C)C2)C1,Scientific Literature,Binding affinity towards M1 muscarinic receptor expressed in A9 L cells by displacing [3H](R)-QNB radioligand.,B,,,J Med Chem,2001.0,Muscarinic acetylcholine receptor M1,Ki,nM,9.16,592.97,7.61
CHEMBL4780759,63.1,O=C(CCCCNC(=O)CCC1=[N+]2C(=Cc3ccc(-c4cccs4)n3[B-]2(F)F)C=C1)NCCCN1CCN(CC(=O)N2c3ccccc3NC(=O)c3cccnc32)CC1,Scientific Literature,Displacement of [3H]-QNB from truncated EGFP-fused human muscarinic M1 receptor expressed in HEK293 cells by UV-visible spectroscopy,B,Homo sapiens,,RSC Med Chem,2020.0,Muscarinic acetylcholine receptor M1,Ki,nM,7.2,821.76,
CHEMBL300998,30.0,CCCCCCOc1nccnc1OC1CN2CCC1C2,Scientific Literature,Affinity towards human M1 receptor expressed in CHO cells using [3H]QNB as radioligand,B,,,Bioorg Med Chem Lett,1999.0,Muscarinic acetylcholine receptor M1,Ki,nM,7.52,291.4,2.52
CHEMBL143466,0.57,CN1CCC=C(c2nsnc2SCCCCCCCCCCCSc2nsnc2C2=CCCN(C)C2)C1,Scientific Literature,Binding affinity towards M1 muscarinic receptor expressed in A9 L cells by displacing [3H](R)-QNB radioligand.,B,,,J Med Chem,2001.0,Muscarinic acetylcholine receptor M1,Ki,nM,9.24,578.94,7.22
CHEMBL271108,4.6,CC(C)N(CC[C@H](c1ccccc1)c1cc(CCNC(=O)CCCCCNC(=O)COc2ccc(/C=C/C3=[N+]4C(=Cc5ccc(-c6cccs6)n5[B-]4(F)F)C=C3)cc2)ccc1O)C(C)C,Scientific Literature,Displacement of [3H]N-methyl Scopolamine from human cloned muscarinic M1 receptor expressed in CHO cells,B,Homo sapiens,,Bioorg Med Chem Lett,2008.0,Muscarinic acetylcholine receptor M1,Ki,nM,8.34,899.96,
CHEMBL291339,124.0,CCCCCCSc1nccnc1O[C@H]1CN2CCC1C2,Scientific Literature,Affinity towards human M1 receptor expressed in CHO cells using [3H]QNB as radioligand,B,,,Bioorg Med Chem Lett,1999.0,Muscarinic acetylcholine receptor M1,Ki,nM,6.91,307.46,3.23
CHEMBL544152,398.11,CCOCCOCCOCCOCCOc1nsnc1C1=CCCN(C)C1.Cl,Scientific Literature,Inhibition of [3H](R)-QNB to Muscarinic acetylcholine receptor M1 expressed in A9 L cells,B,Homo sapiens,,J Med Chem,2003.0,Muscarinic acetylcholine receptor M1,Ki,nM,6.4,437.99,1.72
CHEMBL142126,0.61,CN1CCC=C(c2nsnc2OCCCCCCOc2nsnc2C2=CCCN(C)C2)C1,Scientific Literature,Binding affinity towards M1 muscarinic receptor expressed in A9 L cells by displacing [3H](R)-QNB radioligand.,B,,,J Med Chem,2001.0,Muscarinic acetylcholine receptor M1,Ki,nM,9.21,476.67,3.85
CHEMBL4129723,162.18,c1ccc(C2(c3ccccc3)COC[C@@H](CO[C@H]3CN4CCC3CC4)O2)cc1,Scientific Literature,Displacement of [3H]NMS from recombinant human muscarinic M1 receptor expressed in CHOK1 cell membranes after 120 mins by scintillation counting method,B,Homo sapiens,,Eur J Med Chem,2017.0,Muscarinic acetylcholine receptor M1,Ki,nM,6.79,379.5,3.46
CHEMBL2441756,100000.0,C[N+](C)(C)C[C@@H]1CNC(=O)O1,Scientific Literature,Displacement of [3H]NMS from human muscarinic M1 receptor expressed in CHO cells,B,Homo sapiens,,Bioorg Med Chem Lett,2013.0,Muscarinic acetylcholine receptor M1,Ki,nM,,159.21,-0.2
CHEMBL3983937,741.31,Cc1ncoc1-c1nnc(SCCCN2CC[C@@]3(C[C@H]3c3ccccc3)C2)n1C,Scientific Literature,Activity at human muscarinic acetylcholine receptor M1 transfected in CHO-K1 cells assessed as intracellular calcium levels in presence of acetylcholine by FLIPR assay,F,Homo sapiens,,J Med Chem,2016.0,Muscarinic acetylcholine receptor M1,Ki,nM,6.13,409.56,4.14
CHEMBL3975147,389.05,Cc1ncoc1-c1nnc(SCCCN2CC[C@@]3(C[C@H]3c3ccc(F)cc3C(F)(F)F)C2)n1C,Scientific Literature,Activity at human muscarinic acetylcholine receptor M1 transfected in CHO-K1 cells assessed as intracellular calcium levels in presence of acetylcholine by FLIPR assay,F,Homo sapiens,,J Med Chem,2016.0,Muscarinic acetylcholine receptor M1,Ki,nM,6.41,495.55,5.3
CHEMBL3236549,10.0,CC(C)c1cc(N2CC[C@@H](N)C2)nc(N)n1,SGC Frankfurt - Donated Chemical Probes,M1 (h) CEREP panel,B,Homo sapiens,,,2022.0,Muscarinic acetylcholine receptor M1,Ki,nM,,221.31,0.72
CHEMBL279225,21877.62,CN(C)CCN(C)C(=O)C1=C/C(=C\c2ccccn2)c2ccccc21,Scientific Literature,Affinity for Muscarinic acetylcholine receptor M1 expressed in CHO cells by [3H]NMS displacement.,B,,,Bioorg Med Chem Lett,2001.0,Muscarinic acetylcholine receptor M1,Ki,nM,4.66,333.44,3.04
CHEMBL608151,158.49,CCOC[C@H]1[C@@H]2CNC[C@@]21c1ccc(Cl)c(Cl)c1,Scientific Literature,Inhibition of muscarinic M1 receptor,B,,,J Med Chem,2010.0,Muscarinic acetylcholine receptor M1,Ki,nM,6.8,286.2,3.12
CHEMBL308924,100000.0,CCO/C(O)=C1\CN2CC(CCC2CN(C)C)C1=O,Scientific Literature,Binding affinity of compound was determined towards human Muscarinic acetylcholine receptor M1 using [3H]QNB radioligand,B,,,J Med Chem,2003.0,Muscarinic acetylcholine receptor M1,Ki,nM,,268.36,1.02
CHEMBL1092495,10000.0,C[C@@H](c1ccc(F)cn1)c1c(CCN(C)C)sc2ccccc12,Scientific Literature,Displacement of [3H]N-methylscopolamine from human muscarinic M1 receptor expressed in CHO Flp-In cells after 90 mins by scintillation counting,B,Homo sapiens,,Bioorg Med Chem Lett,2010.0,Muscarinic acetylcholine receptor M1,Ki,nM,,328.46,4.69
CHEMBL147653,2.4,O=C(NC1CCN(Cc2ccccc2)CC1)[C@](O)(c1ccccc1)[C@@H]1CCC(F)(F)C1,Scientific Literature,Inhibition of [3H]NMS binding to human muscarinic acetylcholine receptor M1 expressed in CHO cells,B,,,J Med Chem,2000.0,Muscarinic acetylcholine receptor M1,Ki,nM,8.62,428.52,4.09
CHEMBL149484,4.4,COc1cccc(CN2CCC(NC(=O)[C@](O)(c3ccccc3)[C@@H]3CCC(F)(F)C3)CC2)c1,Scientific Literature,Inhibition of [3H]NMS binding to human muscarinic acetylcholine receptor M1 expressed in CHO cells,B,,,J Med Chem,2000.0,Muscarinic acetylcholine receptor M1,Ki,nM,8.36,458.55,4.1
CHEMBL312085,1.3,CC(c1ccc(S(=O)(=O)c2ccccc2)cc1)N1CCN(C2CCCCC2)CC1,Scientific Literature,Binding affinity towards the cloned human Muscarinic acetylcholine receptor M1,B,,,Bioorg Med Chem Lett,2000.0,Muscarinic acetylcholine receptor M1,Ki,nM,8.89,412.6,4.53
CHEMBL70860,10.79,C=C(c1ccc(S(=O)(=O)c2ccc(OC)cc2)cc1)C1CCN(C2CCN(C(=O)OCc3ccccc3)CC2)CC1,Scientific Literature,Binding affinity to muscarinic M1 receptor,B,Homo sapiens,,Bioorg Med Chem Lett,2007.0,Muscarinic acetylcholine receptor M1,Ki,nM,7.97,574.74,6.05
CHEMBL73893,31.7,C=C(c1ccc(S(=O)(=O)c2ccc(OC)cc2)cc1)C1CCN(C2CCN(S(=O)(=O)C(C)C)CC2)CC1,Scientific Literature,Binding affinity to muscarinic M1 receptor,B,Homo sapiens,,Bioorg Med Chem Lett,2007.0,Muscarinic acetylcholine receptor M1,Ki,nM,7.5,546.76,4.46
CHEMBL3092753,1000.0,NC(N)=NC(=O)c1ccc2c(c1)Cc1ccccc1-2,Scientific Literature,Binding affinity to muscarinic M1 receptor (unknown origin),B,Homo sapiens,,Bioorg Med Chem,2013.0,Muscarinic acetylcholine receptor M1,Ki,nM,,251.29,1.67
CHEMBL292408,465.0,CCCCCCOc1nccnc1O[C@@H]1CN2CCC1C2,Scientific Literature,Affinity towards human M1 receptor expressed in CHO cells using [3H]QNB as radioligand,B,,,Bioorg Med Chem Lett,1999.0,Muscarinic acetylcholine receptor M1,Ki,nM,6.33,291.4,2.52
CHEMBL311795,575.0,Cc1ncnc(C)c1C(=O)N1CCC(C)(N2CCN([C@@H](C)c3ccc(C(F)(F)F)cc3)[C@@H](C)C2)CC1,Scientific Literature,Antagonistic activity against muscarinic M1 receptor,F,,,J Med Chem,2004.0,Muscarinic acetylcholine receptor M1,Ki,nM,6.24,503.61,4.87
CHEMBL352596,416.0,C[C@@H]1OC(=O)[C@H]2C[C@H]3CCCC[C@@H]3[C@@H](CCCN3CCCC(C)(C)C3)[C@@H]12,Scientific Literature,Binding affinity towards human muscarinic M1 receptor in CHO-KI cells using [3H]- QNB as radioligand,B,,,Bioorg Med Chem Lett,1999.0,Muscarinic acetylcholine receptor M1,Ki,nM,6.38,361.57,4.89
CHEMBL171216,229.09,CC(C1=C(CN(C)C(C)C)Cc2ccccc21)c1ccccn1,Scientific Literature,Binding affinity towards cloned human muscarinic acetylcholine receptor M1 stably expressed in CHO-K1 cells using [3H]N-methylscopolamine,B,,,J Med Chem,2003.0,Muscarinic acetylcholine receptor M1,Ki,nM,6.64,306.45,4.54
CHEMBL2436555,10000.0,Cl.NC1=Nc2ccc(Cl)cc2CN1,Scientific Literature,Binding affinity to human recombinant muscarinic M1 receptor expressed in CHO cells after 90 mins by radioligand displacement assay,B,Homo sapiens,,Bioorg Med Chem Lett,2013.0,Muscarinic acetylcholine receptor M1,Ki,nM,,218.09,1.39
CHEMBL112297,707.95,CCCCCCCCCCCCCCCC(=O)OC[C@H](NC(=O)CNC(=O)CCCCCCCCCCCCC)C(=O)OCc1ccccc1,Scientific Literature,Ability to displace [3H]QNB from HM1 receptor binding to acetylcholine was evaluated by ligand inhibition assay,B,,,Bioorg Med Chem Lett,1999.0,Muscarinic acetylcholine receptor M1,Ki,nM,6.15,701.05,10.06
CHEMBL327664,8000.0,OC1(C2=CN3CCC2CC3)c2ccccc2Oc2ccccc21,Scientific Literature,In vitro binding affinity towards muscarinic receptor in cerebral cortex (M1) was determined,B,,Cerebral cortex,Bioorg Med Chem Lett,1994.0,Muscarinic acetylcholine receptor M1,Ki,nM,,305.38,3.64
CHEMBL94921,480.0,CC(=O)c1ccc(C2=CN3CCC2CC3)s1,Scientific Literature,In vitro binding affinity towards muscarinic receptor in cerebral cortex (M1) was determined,B,,Cerebral cortex,Bioorg Med Chem Lett,1994.0,Muscarinic acetylcholine receptor M1,Ki,nM,6.32,233.34,3.02
CHEMBL569212,190.55,CN1CCC[C@@H]1c1ccc([C@@](O)(c2ccccc2)C2CCCCC2)o1,Scientific Literature,Displacement of [3H]NMS from human cloned muscarinic M1 receptor expressed in CHO cells by scintillation counting,B,Homo sapiens,,J Med Chem,2010.0,Muscarinic acetylcholine receptor M1,Ki,nM,6.72,339.48,4.86
CHEMBL3354071,44.67,CN1CCC=C(c2nsnc2OCCCCCCCCCCCCCC2CCN(CCCN3C(=O)CCc4ccccc43)CC2)C1,Scientific Literature,Displacement of [3H]NMS from human M1 receptor expressed in CHO cells by microplate scintillation counting based radioligand binding assay,B,Homo sapiens,,J Med Chem,2014.0,Muscarinic acetylcholine receptor M1,Ki,nM,7.35,649.99,8.4
CHEMBL343697,1700.0,C[N+]12CCC(CC1)C(C1Cc3ccccc3O1)C2,Scientific Literature,Binding affinity for muscarinic acetylcholine receptor M1 by measuring displacement of [3H]QNB from guinea pig cerebral cortex,B,Cavia porcellus,Cerebral cortex,J Med Chem,1995.0,Muscarinic acetylcholine receptor M1,Ki,nM,5.77,244.36,2.48
CHEMBL64779,2200.0,C1=C(c2cccnc2)C2CCN1CC2,Scientific Literature,Binding affinity for muscarinic acetylcholine receptor M1 by measuring displacement of [3H]QNB from guinea pig cerebral cortex,B,Cavia porcellus,Cerebral cortex,J Med Chem,1995.0,Muscarinic acetylcholine receptor M1,Ki,nM,5.66,186.26,2.15
CHEMBL1162116,91.2,Cc1nccn1CC#CCOc1ccon1,Scientific Literature,Binding affinity to human cloned muscarinic M1 receptor expressed in CHO cells,B,Homo sapiens,,Bioorg Med Chem,2008.0,Muscarinic acetylcholine receptor M1,Ki,nM,7.04,217.23,1.26
CHEMBL56106,22.0,CCCCCCSc1cncc(OC2CN3CCC2C3)n1,Scientific Literature,Affinity towards human M1 receptor expressed in CHO cells using [3H]QNB as radioligand,B,,,Bioorg Med Chem Lett,1999.0,Muscarinic acetylcholine receptor M1,Ki,nM,7.66,307.46,3.23
CHEMBL233201,52.0,CN(C)C1(CNCCC2CCSCC2)COc2ccccc2OC1,Scientific Literature,Displacement of 1-[N-methyl- 3H]scopolamine from human muscarinic M1 receptor expressed in Sf9 cells,B,Homo sapiens,,Bioorg Med Chem Lett,2007.0,Muscarinic acetylcholine receptor M1,Ki,nM,7.28,350.53,2.88
CHEMBL354841,562.34,Cc1ccc2c(c1)CC(CCN(C)C)=C2C(C)c1ccccn1,Scientific Literature,Binding affinity towards cloned human muscarinic acetylcholine receptor M1 stably expressed in CHO-K1 cells using [3H]N-methylscopolamine,B,,,J Med Chem,2003.0,Muscarinic acetylcholine receptor M1,Ki,nM,6.25,306.45,4.46
CHEMBL24083,550.0,Cc1cc(NCCN2CCOCC2)nnc1-c1ccccc1,Scientific Literature,Binding affinity towards muscarinic M1 receptor,B,,,J Med Chem,2004.0,Muscarinic acetylcholine receptor M1,Ki,nM,6.26,298.39,2.2
CHEMBL297690,30.0,CCCCCCSc1nccnc1SC1CN2CCC1C2,Scientific Literature,Affinity towards human M1 receptor expressed in CHO cells using [3H]QNB as radioligand,B,,,Bioorg Med Chem Lett,1999.0,Muscarinic acetylcholine receptor M1,Ki,nM,7.52,323.53,3.95
CHEMBL541671,154.88,C[N+]1(C)CCC[C@H]1[C@H]1C[S+]([O-])[C@](c2ccccc2)(C2CCCCC2)O1.[I-],Scientific Literature,Displacement of [3H]NMS from human muscarinic M1 receptor expressed in CHO cells,B,Homo sapiens,,Bioorg Med Chem,2008.0,Muscarinic acetylcholine receptor M1,Ki,nM,6.81,489.46,3.81
CHEMBL539120,12.02,C[N+]1(C)CCC[C@H]1[C@H]1C[S+]([O-])[C@@](c2ccccc2)(C2CCCCC2)O1.[I-],Scientific Literature,Displacement of [3H]NMS from human muscarinic M1 receptor expressed in CHO cells,B,Homo sapiens,,Bioorg Med Chem,2008.0,Muscarinic acetylcholine receptor M1,Ki,nM,7.92,489.46,3.81
CHEMBL69648,2.1,NCCC1CCN(C(=O)[C@](O)(c2ccccc2)C2CCCC2)CC1,Scientific Literature,Binding affinity against human Muscarinic acetylcholine receptor M1 in transfected CHO cells,B,,,Bioorg Med Chem Lett,2003.0,Muscarinic acetylcholine receptor M1,Ki,nM,8.68,330.47,2.65
CHEMBL71799,55.0,NCC1CCC(NC(=O)[C@](O)(c2ccccc2)[C@@H]2CCC(F)(F)C2)CC1,Scientific Literature,Binding affinity against human Muscarinic acetylcholine receptor M1 in transfected CHO cells,B,,,Bioorg Med Chem Lett,2003.0,Muscarinic acetylcholine receptor M1,Ki,nM,7.26,366.45,2.94
CHEMBL1161713,135.0,CCN1/C(=C/C=C/C2N(CCCCCC(=O)NCCOCCOCCN3CCN(CC(=O)N4c5ccccc5C(=O)Nc5cccnc54)CC3)c3ccc(S(=O)(=O)O)cc3C2(C)C)C(C)(C)c2cc(S(=O)(=O)O)ccc21,Scientific Literature,Inhibition of [3H]QNB binding to human muscarinic receptor M1,B,Homo sapiens,,J Med Chem,2004.0,Muscarinic acetylcholine receptor M1,Ki,nM,6.87,1083.34,
CHEMBL3351104,100000.0,C[C@H]1O[C@@H]([C@H]2CCCN2C)C[S@@+]1[O-],Scientific Literature,Binding affinity to cloned human muscarinic M1 receptor expressed in CHO cells,B,Homo sapiens,,J Med Chem,2006.0,Muscarinic acetylcholine receptor M1,Ki,nM,,203.31,0.57
CHEMBL519609,64.0,CCN(CC)CCCOC(=O)N1c2ccccc2Sc2ccccc21,Scientific Literature,Antagonist activity at muscarinic M1 receptor (unknown origin) by PDSP assay,B,Homo sapiens,,Bioorg Med Chem Lett,2013.0,Muscarinic acetylcholine receptor M1,Ki,nM,7.19,356.49,5.16
CHEMBL55698,1513.56,C[C@@H]1OC(=O)[C@H]2C[C@H]3CCCC[C@@H]3[C@@H](/C=C\[C@H]3CCC[C@H](C)N3C)[C@@H]12,Scientific Literature,Binding affinity against human muscarine receptor (hM1) cloned in CHO cells,B,Homo sapiens,,Bioorg Med Chem Lett,2002.0,Muscarinic acetylcholine receptor M1,Ki,nM,5.82,345.53,4.42
CHEMBL72551,42.17,C=C(c1ccc(S(=O)(=O)c2ccc(OC)cc2)cc1)C1CCN(C2CCN(C(=O)CCC)CC2)CC1,Scientific Literature,Binding affinity to muscarinic M1 receptor,B,Homo sapiens,,Bioorg Med Chem Lett,2007.0,Muscarinic acetylcholine receptor M1,Ki,nM,7.38,510.7,5.04
CHEMBL73245,74.47,C=C(c1ccc(S(=O)(=O)c2ccc(OC)cc2)cc1)C1CCN(C2CCN(S(=O)(=O)CC)CC2)CC1,Scientific Literature,Binding affinity to muscarinic M1 receptor,B,Homo sapiens,,Bioorg Med Chem Lett,2007.0,Muscarinic acetylcholine receptor M1,Ki,nM,7.13,532.73,4.07
CHEMBL355193,353.0,CC1CN(CCC[C@@H]2[C@H]3CCCC[C@@H]3C[C@@H]3C(=O)O[C@@H](C)[C@H]23)C(C)CN1,Scientific Literature,Binding affinity towards human muscarinic M1 receptor in CHO-KI cells using [3H]- QNB as radioligand,B,,,Bioorg Med Chem Lett,1999.0,Muscarinic acetylcholine receptor M1,Ki,nM,6.45,362.56,3.45
CHEMBL299294,6100.0,OCCNc1ccnc(N2CCc3ccccc3C2)c1,Scientific Literature,Displacement of [3H]pirenzepine from M1 receptor,B,,,Bioorg Med Chem Lett,2003.0,Muscarinic acetylcholine receptor M1,Ki,nM,5.21,269.35,2.05
CHEMBL358193,9.0,O=C(NC1CCN(Cc2ccsc2)CC1)C(O)(c1ccccc1)C1CCCC1,Scientific Literature,Inhibition of [3H]NMS binding to human muscarinic acetylcholine receptor M1 expressed in CHO cells,B,,,J Med Chem,2000.0,Muscarinic acetylcholine receptor M1,Ki,nM,8.05,398.57,3.91
CHEMBL69452,6600.0,CCO/C(O)=C1\CN2CC(CCC2COCc2ccccc2)C1=O,Scientific Literature,Binding affinity of compound was determined towards human Muscarinic acetylcholine receptor M1 using [3H]QNB radioligand,B,,,J Med Chem,2003.0,Muscarinic acetylcholine receptor M1,Ki,nM,5.18,331.41,2.67
CHEMBL144247,10000.0,OC1(c2ccccn2)CN2CCC1CC2,Scientific Literature,Binding affinity for muscarinic acetylcholine receptor M1 by measuring displacement of [3H]QNB from guinea pig cerebral cortex,B,Cavia porcellus,Cerebral cortex,J Med Chem,1995.0,Muscarinic acetylcholine receptor M1,Ki,nM,5.0,204.27,0.99
CHEMBL128365,1230.27,C#CCOC(=O)C1=CCCN(C)C1,Scientific Literature,Binding affinity to cloned human muscarinic M1 receptor expressed in CHO cells,B,Homo sapiens,,J Med Chem,2006.0,Muscarinic acetylcholine receptor M1,Ki,nM,5.91,179.22,0.42
CHEMBL343242,9200.0,OC1(c2ccsc2)CN2CCC1CC2,Scientific Literature,Binding affinity for muscarinic acetylcholine receptor M1 by measuring displacement of [3H]QNB from guinea pig cerebral cortex,B,Cavia porcellus,Cerebral cortex,J Med Chem,1995.0,Muscarinic acetylcholine receptor M1,Ki,nM,5.04,209.31,1.66
CHEMBL144385,34.0,C1=C(c2coc3ccccc23)C2CCN1CC2,Scientific Literature,Binding affinity for muscarinic acetylcholine receptor M1 by measuring displacement of [3H]QNB from guinea pig cerebral cortex,B,Cavia porcellus,Cerebral cortex,J Med Chem,1995.0,Muscarinic acetylcholine receptor M1,Ki,nM,7.47,225.29,3.5
CHEMBL344568,30000.0,OC1(c2ccco2)CN2CCC1CC2,Scientific Literature,Binding affinity for muscarinic acetylcholine receptor M1 by measuring displacement of [3H]QNB from guinea pig cerebral cortex,B,Cavia porcellus,Cerebral cortex,J Med Chem,1995.0,Muscarinic acetylcholine receptor M1,Ki,nM,4.52,193.25,1.19
CHEMBL169469,510.0,Nc1cc(N2CCc3ccccc3C2)nc2c1CCC2,Scientific Literature,Displacement of [3H]pirenzepine from M1 receptor,B,,,Bioorg Med Chem Lett,2003.0,Muscarinic acetylcholine receptor M1,Ki,nM,6.29,265.36,2.72
CHEMBL144434,360.0,Oc1ccccc1C1=CN2CCC1CC2,Scientific Literature,Binding affinity for muscarinic acetylcholine receptor M1 by measuring displacement of [3H]QNB from guinea pig cerebral cortex,B,Cavia porcellus,Cerebral cortex,J Med Chem,1995.0,Muscarinic acetylcholine receptor M1,Ki,nM,6.44,201.27,2.46
CHEMBL168704,446.68,CCN(CC)CCC1=C(C(C)c2ccccn2)c2ccccc2C1,Scientific Literature,Binding affinity towards cloned human muscarinic acetylcholine receptor M1 stably expressed in CHO-K1 cells using [3H]N-methylscopolamine,B,,,J Med Chem,2003.0,Muscarinic acetylcholine receptor M1,Ki,nM,6.35,320.48,4.93
CHEMBL583051,1.23,CN1CCCC1c1ccc(C(O)(c2ccccc2)C2CCCCC2)o1,Scientific Literature,Displacement of [3H]NMS from human cloned muscarinic M1 receptor expressed in CHO cells by scintillation counting,B,Homo sapiens,,J Med Chem,2010.0,Muscarinic acetylcholine receptor M1,Ki,nM,8.91,339.48,4.86
CHEMBL583027,11.48,C[N+]1(C)CCCC1c1ccc(C(c2ccccc2)c2ccccc2)o1.[I-],Scientific Literature,Displacement of [3H]NMS from human cloned muscarinic M1 receptor expressed in CHO cells by scintillation counting,B,Homo sapiens,,J Med Chem,2010.0,Muscarinic acetylcholine receptor M1,Ki,nM,7.94,459.37,5.37
CHEMBL3968272,1659.59,Cc1ncccc1-c1nnc(SCCCN2CC[C@]3(C[C@@H]3c3ccc(C(F)(F)F)cc3)C2)n1C,Scientific Literature,Activity at human muscarinic acetylcholine receptor M1 transfected in CHO-K1 cells assessed as intracellular calcium levels in presence of acetylcholine by FLIPR assay,F,Homo sapiens,,J Med Chem,2016.0,Muscarinic acetylcholine receptor M1,Ki,nM,5.78,487.6,5.57
CHEMBL3084658,1.585,C[N+]1(C)[C@@H]2CC[C@H]1C[C@@H](CC(O)(c1ccccc1)c1ccccc1)C2.[Br-],Scientific Literature,Displacement of [3H]N-methyl Scopolamine from human cloned muscarinic M1 receptor expressed in CHO cell membrane,B,Homo sapiens,,Bioorg Med Chem Lett,2009.0,Muscarinic acetylcholine receptor M1,Ki,nM,8.8,416.4,4.33
CHEMBL4128341,4.571,c1ccc(C2(c3ccccc3)COC[C@H](CO[C@@H]3CN4CCC3CC4)O2)cc1,Scientific Literature,Displacement of [3H]NMS from recombinant human muscarinic M1 receptor expressed in CHOK1 cell membranes after 120 mins by scintillation counting method,B,Homo sapiens,,Eur J Med Chem,2017.0,Muscarinic acetylcholine receptor M1,Ki,nM,8.34,379.5,3.46
CHEMBL4127428,120.23,C[C@@]1(C(=O)O[C@H]2CN3CCC2CC3)COCC(c2ccccc2)(c2ccccc2)O1,Scientific Literature,Displacement of [3H]NMS from recombinant human muscarinic M1 receptor expressed in CHOK1 cell membranes after 120 mins by scintillation counting method,B,Homo sapiens,,Eur J Med Chem,2017.0,Muscarinic acetylcholine receptor M1,Ki,nM,6.92,407.51,3.37
CHEMBL4127373,67.61,C[C@]1(C(=O)O[C@H]2CN3CCC2CC3)COCC(c2ccccc2)(c2ccccc2)O1,Scientific Literature,Displacement of [3H]NMS from recombinant human muscarinic M1 receptor expressed in CHOK1 cell membranes after 120 mins by scintillation counting method,B,Homo sapiens,,Eur J Med Chem,2017.0,Muscarinic acetylcholine receptor M1,Ki,nM,7.17,407.51,3.37
CHEMBL4128667,380.19,O=C(O[C@H]1CN2CCC1CC2)[C@@H]1COCC(c2ccccc2)(c2ccccc2)O1,Scientific Literature,Displacement of [3H]NMS from recombinant human muscarinic M1 receptor expressed in CHOK1 cell membranes after 120 mins by scintillation counting method,B,Homo sapiens,,Eur J Med Chem,2017.0,Muscarinic acetylcholine receptor M1,Ki,nM,6.42,393.48,2.98
CHEMBL337131,1.2,CN1CCC=C(c2nsnc2SCCCSc2nsnc2C2=CCCN(C)C2)C1,Scientific Literature,Binding affinity towards M1 muscarinic receptor expressed in A9 L cells by displacing [3H](R)-QNB radioligand.,B,,,J Med Chem,2001.0,Muscarinic acetylcholine receptor M1,Ki,nM,8.92,466.73,4.1
CHEMBL373515,3.467,CN1CCC[C@H]1[C@H]1CSC(c2ccccc2)(c2ccccc2)O1,Scientific Literature,Binding affinity to human cloned muscarinic receptor M1 expressed in CHO cells,B,Homo sapiens,,J Med Chem,2007.0,Muscarinic acetylcholine receptor M1,Ki,nM,8.46,325.48,4.11
CHEMBL376057,0.2512,C[N+]1(C)CCC[C@H]1[C@H]1CS[C@](c2ccccc2)(C2CCCCC2)O1.[I-],Scientific Literature,Binding affinity to human cloned muscarinic receptor M1 expressed in CHO cells,B,Homo sapiens,,J Med Chem,2007.0,Muscarinic acetylcholine receptor M1,Ki,nM,9.6,473.46,4.79
CHEMBL385328,1.38,CN1CCC[C@H]1[C@H]1CS[C@@](c2ccccc2)(C2CCCCC2)O1,Scientific Literature,Binding affinity to human cloned muscarinic receptor M1 expressed in CHO cells,B,Homo sapiens,,J Med Chem,2007.0,Muscarinic acetylcholine receptor M1,Ki,nM,8.86,331.53,4.65
CHEMBL341759,0.87,CN1CCC=C(c2nsnc2SCCCCCCSc2nsnc2C2=CCCN(C)C2)C1,Scientific Literature,Binding affinity towards M1 muscarinic receptor expressed in A9 L cells by displacing [3H](R)-QNB radioligand.,B,,,J Med Chem,2001.0,Muscarinic acetylcholine receptor M1,Ki,nM,9.06,508.81,5.27
CHEMBL1231,2.399,CCN(CC)CC#CCOC(=O)C(O)(c1ccccc1)C1CCCCC1,Scientific Literature,Displacement of [3H]N-methylscopolamine from human muscarinic M1 receptor expressed in CHO cells after 120 mins by scintillation counting,B,Homo sapiens,,J Med Chem,2012.0,Muscarinic acetylcholine receptor M1,Ki,nM,8.62,357.49,3.34
CHEMBL307810,6.0,COc1ccc([S+]([O-])c2ccc(C(C)N3CCN(C4CCCCC4)CC3)cc2)cc1,Scientific Literature,Binding affinity towards the cloned human Muscarinic acetylcholine receptor M1,B,,,Bioorg Med Chem Lett,2000.0,Muscarinic acetylcholine receptor M1,Ki,nM,8.22,426.63,4.87
CHEMBL1794855,10000.0,CCN(C)C1CCCc2ccncc21.O=C(O)/C=C\C(=O)O.O=C(O)/C=C\C(=O)O,Scientific Literature,Affinity towards human muscarinic acetylcholine receptor M1,B,Homo sapiens,,Bioorg Med Chem Lett,2004.0,Muscarinic acetylcholine receptor M1,Ki,nM,,422.43,2.41
CHEMBL66322,11.0,NCC1CCN(C(=O)[C@](O)(c2ccccc2)[C@@H]2CCC(F)(F)C2)CC1,Scientific Literature,Binding affinity against human Muscarinic acetylcholine receptor M1 in transfected CHO cells,B,,,Bioorg Med Chem Lett,2003.0,Muscarinic acetylcholine receptor M1,Ki,nM,7.96,352.43,2.51
CHEMBL73341,117.0,COc1ccc([S+]([O-])c2ccc(C(C#N)N3CCN(C4CCCCC4)CC3)cc2)cc1,Scientific Literature,Binding affinity towards the cloned human Muscarinic acetylcholine receptor M1,B,,,Bioorg Med Chem Lett,2000.0,Muscarinic acetylcholine receptor M1,Ki,nM,6.93,437.61,4.38
CHEMBL1191560,166.0,CCN(CC)CCOC(=O)C(CC)(c1ccccc1)c1ccccc1,Scientific Literature,Displacement of [3H] N-methylscopolamine from human muscarinic M1 receptor expressed in CHOK1 cells after 30 mins by scintillation counting analysis,B,Homo sapiens,,Bioorg Med Chem,2013.0,Muscarinic acetylcholine receptor M1,Ki,nM,6.78,339.48,4.27
CHEMBL451542,843.0,CCN(CC)CCOCCN(C)CC1(c2ccccc2)CCCC1,Scientific Literature,Binding affinity towards muscarinic m1 receptor,B,,,J Med Chem,1994.0,Muscarinic acetylcholine receptor M1,Ki,nM,6.07,332.53,3.79
CHEMBL146249,61.0,CC(C)=CCCN1CCC(NC(=O)[C@](O)(c2ccccc2)[C@H]2CC[C@@H](F)C2)CC1,Scientific Literature,Inhibition of [3H]NMS binding to human muscarinic acetylcholine receptor M1 expressed in CHO cells,B,,,J Med Chem,2000.0,Muscarinic acetylcholine receptor M1,Ki,nM,7.21,402.55,3.95
CHEMBL3629537,2910.0,COc1ccc(CCOC(=O)NCC2(c3ccccc3)CCN(C)CC2)cc1,Scientific Literature,Displacement of [3H]NMS from human muscarinic M1 receptor expressed in CHO cells after 2 hrs by liquid scintillation spectrometry analysis,B,Homo sapiens,,Bioorg Med Chem Lett,2015.0,Muscarinic acetylcholine receptor M1,Ki,nM,5.54,382.5,3.63
CHEMBL410890,6.6,NCCC1CCN(C(=O)[C@](O)(c2ccccc2)[C@@H]2CCC(F)(F)C2)CC1,Scientific Literature,Binding affinity against human Muscarinic acetylcholine receptor M1 in transfected CHO cells,B,,,Bioorg Med Chem Lett,2003.0,Muscarinic acetylcholine receptor M1,Ki,nM,8.18,366.45,2.9
CHEMBL302809,1.5,CC1(CCN)CCN(C(=O)[C@](O)(c2ccccc2)[C@@H]2CCC(F)(F)C2)CC1,Scientific Literature,Binding affinity against human Muscarinic acetylcholine receptor M1 in transfected CHO cells,B,,,Bioorg Med Chem Lett,2003.0,Muscarinic acetylcholine receptor M1,Ki,nM,8.82,380.48,3.29
CHEMBL112297,0.01288,CCCCCCCCCCCCCCCC(=O)OC[C@H](NC(=O)CNC(=O)CCCCCCCCCCCCC)C(=O)OCc1ccccc1,Scientific Literature,Ability to displace [3H]QNB from HM1 receptor binding to acetylcholine was evaluated by ligand inhibition assay,B,,,Bioorg Med Chem Lett,1999.0,Muscarinic acetylcholine receptor M1,Ki,nM,10.89,701.05,10.06
CHEMBL166697,2600.0,Cc1cc(N)cc(N2CCc3ccccc3C2)n1,Scientific Literature,Displacement of [3H]pirenzepine from M1 receptor,B,,,Bioorg Med Chem Lett,2003.0,Muscarinic acetylcholine receptor M1,Ki,nM,5.58,239.32,2.53
CHEMBL4103087,2900.0,C[N+](C)(C)C1CCc2cccc(O)c2C1.[I-],Scientific Literature,Displacement of [3H]N-methyl-scopolamine bromide from human recombinant muscarinic M1 receptor expressed in HEK293T cell membranes after 1 hr by liquid scintillation counting method,B,Homo sapiens,,J Med Chem,2017.0,Muscarinic acetylcholine receptor M1,Ki,nM,5.54,333.21,1.96
CHEMBL4075227,2000.0,COc1cccc2c1CC(N(C)C)CC2,Scientific Literature,Displacement of [3H]N-methyl-scopolamine bromide from human recombinant muscarinic M1 receptor expressed in HEK293T cell membranes after 1 hr by liquid scintillation counting method,B,Homo sapiens,,J Med Chem,2017.0,Muscarinic acetylcholine receptor M1,Ki,nM,5.7,205.3,2.11
CHEMBL4099673,18000.0,c1cncc(COCC2CCNC2)c1,Scientific Literature,Displacement of [3H]N-methyl-scopolamine bromide from human recombinant muscarinic M1 receptor expressed in HEK293T cell membranes after 1 hr by liquid scintillation counting method,B,Homo sapiens,,J Med Chem,2017.0,Muscarinic acetylcholine receptor M1,Ki,nM,4.75,192.26,1.21
CHEMBL4091032,38000.0,CN1CCC(COCc2cccnc2)C1,Scientific Literature,Displacement of [3H]N-methyl-scopolamine bromide from human recombinant muscarinic M1 receptor expressed in HEK293T cell membranes after 1 hr by liquid scintillation counting method,B,Homo sapiens,,J Med Chem,2017.0,Muscarinic acetylcholine receptor M1,Ki,nM,4.42,206.29,1.55
CHEMBL356305,2.1,Cc1cc(CN2CCC(NC(=O)C(O)(c3ccccc3)C3CCCC3)CC2)cs1,Scientific Literature,Inhibition of [3H]NMS binding to human muscarinic acetylcholine receptor M1 expressed in CHO cells,B,,,J Med Chem,2000.0,Muscarinic acetylcholine receptor M1,Ki,nM,8.68,412.6,4.22
CHEMBL149486,3.5,Cc1ccc(CN2CCC(NC(=O)C(O)(c3ccccc3)C3CCCC3)CC2)cc1,Scientific Literature,Inhibition of [3H]NMS binding to human muscarinic acetylcholine receptor M1 expressed in CHO cells,B,,,J Med Chem,2000.0,Muscarinic acetylcholine receptor M1,Ki,nM,8.46,406.57,4.15
CHEMBL177040,300.0,O=C(CCCNC(=O)CNC(=O)CC(c1ccccc1)(c1ccccc1)c1ccccc1)NCC1CCCN(CC2CCCCC2)C1,Scientific Literature,Binding affinity (Ki) against binding of [3H]NMS using membranes from CHO cells expressing cloned human Muscarinic acetylcholine receptor M1,B,Homo sapiens,,J Med Chem,2002.0,Muscarinic acetylcholine receptor M1,Ki,nM,6.52,636.88,5.83
CHEMBL4790083,0.14,N#Cc1ccc(N2C3CCC2CN(C(=O)CCS(=O)(=O)c2cccc4ncsc24)C3)nc1,Scientific Literature,Displacement of [3H]NMS from human recombinant muscarinic receptor M1 expressed in CHO-K1 cell membranes assessed as inhibition constant incubated for 1 hr by Radioligand binding assay,B,Homo sapiens,,ACS Med Chem Lett,2021.0,Muscarinic acetylcholine receptor M1,Ki,nM,9.85,467.58,2.61
CHEMBL170552,3800.0,Cc1cc(NCCO)cc(N2CCc3ccccc3C2)n1,Scientific Literature,Displacement of [3H]pirenzepine from M1 receptor,B,,,Bioorg Med Chem Lett,2003.0,Muscarinic acetylcholine receptor M1,Ki,nM,5.42,283.38,2.36
CHEMBL4129580,8.913,c1ccc(C2(c3ccccc3)COC[C@H](CO[C@H]3CN4CCC3CC4)O2)cc1,Scientific Literature,Displacement of [3H]NMS from recombinant human muscarinic M1 receptor expressed in CHOK1 cell membranes after 120 mins by scintillation counting method,B,Homo sapiens,,Eur J Med Chem,2017.0,Muscarinic acetylcholine receptor M1,Ki,nM,8.05,379.5,3.46
CHEMBL3774649,1023.29,Cn1c(SCCCN2CC3CCN(c4ccccc4)C3C2)nnc1C1CCOCC1,Scientific Literature,Antagonist activity at recombinant human muscarinic M1 receptor expressed in CHO-K1 cells assessed as inhibition of acetylcholine induced calcium mobilization preincubated for 10 mins followed by acetylcholine addition measured after 1 hr by fluo-4 AM dye-based FLIPR assay,F,Homo sapiens,,Bioorg Med Chem,2016.0,Muscarinic acetylcholine receptor M1,Ki,nM,5.99,427.62,3.4
CHEMBL3085024,50.0,CN1[C@@H]2CC[C@H]1C[C@@H](NC(c1ccc(Cl)cc1)c1ccc(Cl)cc1)C2,Scientific Literature,Displacement of [3H]pirenzepine from Muscarinic receptor M1,B,Homo sapiens,,Bioorg Med Chem Lett,2005.0,Muscarinic acetylcholine receptor M1,Ki,nM,7.3,375.34,5.3
CHEMBL3964512,489.78,Cn1c(SCCCN2CC[C@]3(C[C@@H]3c3ccc(C(F)(F)F)cc3)C2)nnc1C1=CCC(=O)N=C1,Scientific Literature,Activity at human muscarinic acetylcholine receptor M1 transfected in CHO-K1 cells assessed as intracellular calcium levels in presence of acetylcholine by FLIPR assay,F,Homo sapiens,,J Med Chem,2016.0,Muscarinic acetylcholine receptor M1,Ki,nM,6.31,489.57,4.58
CHEMBL4744856,302.0,CC1CCN(C(=O)CCN2CCCc3ccccc32)CC1,Scientific Literature,Displacement of [3H]-NMS from muscarinic M1 receptor (unknown origin) expressed in CHO-K1 cell membranes assessed as inhibition constant by radioligand competition analysis,B,Homo sapiens,,Bioorg Med Chem Lett,2020.0,Muscarinic acetylcholine receptor M1,Ki,nM,6.52,286.42,3.09
CHEMBL4800495,100000.0,CC1CCCCN1CC(=O)n1c2ccccc2c2ccccc21,Scientific Literature,Displacement of [3H]-NMS from muscarinic M1 receptor (unknown origin) expressed in CHO-K1 cell membranes assessed as inhibition constant by radioligand competition analysis,B,Homo sapiens,,Bioorg Med Chem Lett,2020.0,Muscarinic acetylcholine receptor M1,Ki,nM,,306.41,4.31
CHEMBL365093,1000.0,CNC(=O)CCC1=[N+]2C(=Cc3ccc(-c4cccs4)n3[B-]2(F)F)C=C1,Scientific Literature,Inhibition of [3H]QNB binding to human muscarinic receptor M1,B,Homo sapiens,,J Med Chem,2004.0,Muscarinic acetylcholine receptor M1,Ki,nM,,359.21,
CHEMBL168149,129.0,CCN(CCCCC1CCN(CC(=O)N2c3ccccc3C(=O)N(C(=O)c3ccc(F)cc3)c3ccccc32)CC1)C(=O)c1ccc(F)cc1,Scientific Literature,Tested in vitro for the binding affinity against muscarinic receptor subtype 1 (M1),B,,,Bioorg Med Chem Lett,1997.0,Muscarinic acetylcholine receptor M1,Ki,nM,6.89,678.78,7.47
CHEMBL551888,3581.0,CN(Cc1ccccc1)C1CCN(c2nc3ccccc3n2Cc2ccc(F)cc2)CC1,Scientific Literature,Displacement of [3H]N-methyl Scopolamine from human muscarinic M1 receptor expressed in CHO Flp-In cells by liquid scintillation assay,B,Homo sapiens,,Bioorg Med Chem Lett,2009.0,Muscarinic acetylcholine receptor M1,Ki,nM,5.45,428.56,5.32
CHEMBL169695,870.0,Cc1cnc(N2CCc3ccccc3C2)cc1N,Scientific Literature,Displacement of [3H]pirenzepine from M1 receptor,B,,,Bioorg Med Chem Lett,2003.0,Muscarinic acetylcholine receptor M1,Ki,nM,6.06,239.32,2.53
CHEMBL2106570,1.59,CC[N+](C)(CC)CCOC(=O)C(O)(c1ccccc1)c1ccccc1.[Br-],Scientific Literature,Displacement of [3H] N-methylscopolamine from human muscarinic M1 receptor expressed in CHOK1 cells after 30 mins by scintillation counting analysis,B,Homo sapiens,,Bioorg Med Chem,2013.0,Muscarinic acetylcholine receptor M1,Ki,nM,8.8,422.36,2.95
CHEMBL2377387,1.29,CCN(CC)CCSC(=O)C(O)(c1ccccc1)c1ccccc1,Scientific Literature,Displacement of [3H] N-methylscopolamine from human muscarinic M1 receptor expressed in CHOK1 cells after 30 mins by scintillation counting analysis,B,Homo sapiens,,Bioorg Med Chem,2013.0,Muscarinic acetylcholine receptor M1,Ki,nM,8.89,343.49,3.52
CHEMBL2377261,971.0,CC(C)N(CCOC(=O)C(O)(c1ccccc1)c1ccccc1)C(C)C,Scientific Literature,Displacement of [3H] N-methylscopolamine from human muscarinic M1 receptor expressed in CHOK1 cells after 30 mins by scintillation counting analysis,B,Homo sapiens,,Bioorg Med Chem,2013.0,Muscarinic acetylcholine receptor M1,Ki,nM,6.01,355.48,3.58
CHEMBL426032,341.0,CCC1CCCCN1CCC[C@@H]1[C@H]2CCCC[C@@H]2C[C@@H]2C(=O)O[C@@H](C)[C@H]12,Scientific Literature,Binding affinity towards human muscarinic M1 receptor in CHO-KI cells using [3H]- QNB as radioligand,B,,,Bioorg Med Chem Lett,1999.0,Muscarinic acetylcholine receptor M1,Ki,nM,6.47,361.57,5.04
CHEMBL423438,1361.0,CC1CN(CCC[C@@H]2[C@H]3CCCC[C@@H]3C[C@@H]3C(=O)O[C@@H](C)[C@H]23)CC(C)N1,Scientific Literature,Binding affinity towards human muscarinic M1 receptor in CHO-KI cells using [3H]- QNB as radioligand,B,,,Bioorg Med Chem Lett,1999.0,Muscarinic acetylcholine receptor M1,Ki,nM,5.87,362.56,3.45
CHEMBL2432054,10000.0,CN(CCCc1cccc(F)c1)[C@H]1C2C3CC4C2C(=O)C2C4C3C21,Scientific Literature,Inhibition of muscarinic M1 receptor (unknown origin) by PDSP assay,B,Homo sapiens,,Bioorg Med Chem,2013.0,Muscarinic acetylcholine receptor M1,Ki,nM,,325.43,3.02
CHEMBL3104091,3981.07,CN1CCc2c(c3cccc4c3n2-c2ccccc2CC4)C1,Scientific Literature,Displacement of [3H]QNB from muscarinic M1 receptor (unknown origin),B,Homo sapiens,,Bioorg Med Chem Lett,2014.0,Muscarinic acetylcholine receptor M1,Ki,nM,5.4,288.39,3.72
CHEMBL282829,10000.0,CCc1ccc(N2CCN(Cc3c[nH]c4ncccc34)CC2)cc1,Scientific Literature,Binding affinity to cloned Muscarinic acetylcholine receptor M1,B,,,Bioorg Med Chem Lett,2001.0,Muscarinic acetylcholine receptor M1,Ki,nM,,320.44,3.45
CHEMBL2206333,1000.0,CCN(CC)c1ccc2c(-c3ccc(S(=O)(=O)NCCCCCC4CCN(CCCC(=O)c5ccccc5C)CC4)cc3S(=O)(=O)[O-])c3ccc(=[N+](CC)CC)cc-3oc2c1,Scientific Literature,Displacement of [3H]NMS from EGFP-fused human M1 receptor N-terminal truncated at 17 residues expressed in HEK293 cells after 22 hrs by liquid scintillation counting,B,Homo sapiens,,J Med Chem,2012.0,Muscarinic acetylcholine receptor M1,Ki,nM,6.0,871.18,8.29
CHEMBL263555,3900.0,CC[C@@H](c1ccc(C(F)(F)F)cc1)N1CCN(C2(C)CCN(C(=O)c3c(C)ncnc3C)CC2)C[C@@H]1C,Scientific Literature,Antagonistic activity against muscarinic M1 receptor,F,,,J Med Chem,2004.0,Muscarinic acetylcholine receptor M1,Ki,nM,5.41,517.64,5.26
CHEMBL105945,1174.9,COC(=O)c1c(C)n(C)c2ccc3c(c12)CN1CCc2cc(OC)ccc2C1O3,Scientific Literature,Inhibition of [3H]NMS binding to human muscarinic acetylcholine receptor M1 in transfected CHO cells.,B,,,J Med Chem,2002.0,Muscarinic acetylcholine receptor M1,Ki,nM,5.93,392.46,3.73
CHEMBL2312380,100000.0,CCN1CCC(c2ccccc2)=C(C(=O)OCCc2cc(OC)c(OC)c(OC)c2)C1,Scientific Literature,Displacement of [3H]NMS from human M1 muscarinic receptor expressed in CHO-K1 cells,B,Homo sapiens,,J Med Chem,2013.0,Muscarinic acetylcholine receptor M1,Ki,nM,,425.53,3.98
CHEMBL2312376,1390.0,CCN1CCC(c2ccccc2)=C(C(=O)OCCc2ccc3c(c2)CCO3)C1,Scientific Literature,Displacement of [3H]NMS from human M1 muscarinic receptor expressed in CHO-K1 cells,B,Homo sapiens,,J Med Chem,2013.0,Muscarinic acetylcholine receptor M1,Ki,nM,5.86,377.48,3.89
CHEMBL2312392,100.0,CCN1CCC(c2ccccc2)=C(C(=O)OCCc2ccc(F)cc2)C1,Scientific Literature,Displacement of [3H]NMS from human M1 muscarinic receptor expressed in CHO-K1 cells,B,Homo sapiens,,J Med Chem,2013.0,Muscarinic acetylcholine receptor M1,Ki,nM,7.0,353.44,4.09
CHEMBL2312388,3060.0,CCN1CCC(c2ccccc2)=C(C(=O)OCc2ccc(OC)cc2)C1,Scientific Literature,Displacement of [3H]NMS from human M1 muscarinic receptor expressed in CHO-K1 cells,B,Homo sapiens,,J Med Chem,2013.0,Muscarinic acetylcholine receptor M1,Ki,nM,5.51,351.45,3.92
CHEMBL542240,630.96,CCOCCOCCOCCOc1nsnc1C1=CCCN(C)C1.Cl,Scientific Literature,Inhibition of [3H](R)-QNB to Muscarinic acetylcholine receptor M1 expressed in A9 L cells,B,Homo sapiens,,J Med Chem,2003.0,Muscarinic acetylcholine receptor M1,Ki,nM,6.2,393.94,1.71
CHEMBL5287315,2.0,C#CCCCCCN1CCC(OC(=O)Nc2ccc(F)cc2-c2ccc(F)c(Cl)c2)CC1,Scientific Literature,Displacement of [3H]N-methylscopolamine from human muscarinic M1 receptor expressed in human HEK293T cell membranes by radioligand competition binding based analysis,B,Homo sapiens,,J Med Chem,2022.0,Muscarinic acetylcholine receptor M1,Ki,nM,8.7,460.95,6.49
CHEMBL72956,106.0,CC(c1ccc(S(=O)(=O)c2ccc(S(C)(=O)=O)cc2)cc1)N1CCN(C2CCCCC2)CC1,Scientific Literature,Binding affinity towards the cloned human Muscarinic acetylcholine receptor M1,B,,,Bioorg Med Chem Lett,2000.0,Muscarinic acetylcholine receptor M1,Ki,nM,6.97,490.69,3.93
CHEMBL4462631,40.0,Cc1ccc(COC(=O)N(c2ccccc2)C2CN3CCC2CC3)cc1F,Scientific Literature,Displacement of [3H]NMS from human M1 AChR expressed in CHO cell membranes after 1 to 2 hrs by liquid scintillation spectrometry method,B,Homo sapiens,,Bioorg Med Chem Lett,2019.0,Muscarinic acetylcholine receptor M1,Ki,nM,7.4,368.45,4.37
CHEMBL545077,50.12,CN1CCC=C(c2nsnc2OCCCCCCCCCCCCO)C1.Cl,Scientific Literature,Inhibition of [3H](R)-QNB to Muscarinic acetylcholine receptor M1 expressed in A9 L cells,B,Homo sapiens,,J Med Chem,2003.0,Muscarinic acetylcholine receptor M1,Ki,nM,7.3,418.05,4.53
CHEMBL434684,34.67,CC(C1=C(CN(C)C)Cc2ccccc21)c1ccccn1,Scientific Literature,Binding affinity towards cloned human muscarinic acetylcholine receptor M1 stably expressed in CHO-K1 cells using [3H]N-methylscopolamine,B,,,J Med Chem,2003.0,Muscarinic acetylcholine receptor M1,Ki,nM,7.46,278.4,3.76
CHEMBL80251,3700.0,Cc1ncnc(C)c1C(=O)N1CCC(C)(N2CCN([C@@H](CCC(F)(F)F)c3ccc(C(F)(F)F)cc3)[C@@H](C)C2)CC1,Scientific Literature,Antagonistic activity against muscarinic M1 receptor,F,,,J Med Chem,2004.0,Muscarinic acetylcholine receptor M1,Ki,nM,,585.64,6.2
CHEMBL2368390,45.4,O=C(CCC1=[N+]2C(=Cc3ccc(-c4cccs4)n3[B-]2(F)F)C=C1)NCCOCCOCCN1CCN(CC(=O)N2c3ccccc3C(=O)Nc3cccnc32)CC1,Scientific Literature,Inhibition of [3H]QNB binding to human muscarinic receptor M1,B,Homo sapiens,,J Med Chem,2004.0,Muscarinic acetylcholine receptor M1,Ki,nM,7.34,796.71,
CHEMBL171102,43.65,CN(C)CCC1=C(C(c2ccccc2)c2ccccn2)c2ccccc2C1,Scientific Literature,Binding affinity towards cloned human muscarinic acetylcholine receptor M1 stably expressed in CHO-K1 cells using [3H]N-methylscopolamine,B,,,J Med Chem,2003.0,Muscarinic acetylcholine receptor M1,Ki,nM,7.36,354.5,5.18
CHEMBL4847898,0.8511,CC(=O)NC(=O)[C@H](CCCNC(=N)N)NC(=O)[C@H](C)NC(=O)CNCCN1CCN(CCCCC2CCN(CC(=O)N3c4ccccc4NC(=O)c4ccccc43)CC2)CC1.O=C(O)C(F)(F)F.O=C(O)C(F)(F)F.O=C(O)C(F)(F)F.O=C(O)C(F)(F)F,Scientific Literature,Displacement of [3H]-NMS from human muscarinic M1 receptor expressed in CHO cell membranes assessed as inhibition constant by radioligand competition analysis,B,Homo sapiens,,Eur J Med Chem,2021.0,Muscarinic acetylcholine receptor M1,Ki,nM,9.07,1301.15,0.92
CHEMBL4861252,1.288,CC(=O)N[C@@H](CCCN)C(=O)NC(=O)[C@H](C)NC(=O)[C@H](CCNC(=N)N)NC1CCN(CCCCC2CCN(CC(=O)N3c4ccccc4NC(=O)c4ccccc43)CC2)CC1.O=C(O)C(F)(F)F.O=C(O)C(F)(F)F.O=C(O)C(F)(F)F.O=C(O)C(F)(F)F,Scientific Literature,Displacement of [3H]-NMS from human muscarinic M1 receptor expressed in CHO cell membranes assessed as inhibition constant by radioligand competition analysis,B,Homo sapiens,,Eur J Med Chem,2021.0,Muscarinic acetylcholine receptor M1,Ki,nM,8.89,1315.18,1.49
CHEMBL4862221,6165.95,CC(=O)NC(=O)[C@H](CCCCN)NC(=O)[C@H](C)NC(=O)[C@H](CCCNC(=N)N)NCCN1CCN(C(=O)CC2CCN(CC(=O)N3c4ccccc4NC(=O)c4ccccc43)CC2)CC1.O=C(O)C(F)(F)F.O=C(O)C(F)(F)F.O=C(O)C(F)(F)F.O=C(O)C(F)(F)F,Scientific Literature,Displacement of [3H]-NMS from human muscarinic M1 receptor expressed in CHO cell membranes assessed as inhibition constant by radioligand competition analysis,B,Homo sapiens,,Eur J Med Chem,2021.0,Muscarinic acetylcholine receptor M1,Ki,nM,5.21,1358.2,0.17
CHEMBL4873979,223.87,CC(=O)NC(=O)[C@H](CCCCN)NC(=O)[C@H](CCCNC(=N)N)NCCN1CCN(C(=O)CCCC2CCN(CC(=O)N3c4ccccc4NC(=O)c4ccccc43)CC2)CC1.O=C(O)C(F)(F)F.O=C(O)C(F)(F)F.O=C(O)C(F)(F)F.O=C(O)C(F)(F)F,Scientific Literature,Displacement of [3H]-NMS from human muscarinic M1 receptor expressed in CHO cell membranes assessed as inhibition constant by radioligand competition analysis,B,Homo sapiens,,Eur J Med Chem,2021.0,Muscarinic acetylcholine receptor M1,Ki,nM,6.65,1315.18,1.44
CHEMBL433566,1400.0,C[C@@H]1OC(=O)[C@H]2C[C@H]3CCCC[C@@H]3[C@@H](/C=C/[C@@H]3CCC[C@H](C)N3C)[C@@H]12,Scientific Literature,In vitro inhibitory activity against cloned human M1 muscarinic receptor,B,Homo sapiens,,Bioorg Med Chem Lett,2004.0,Muscarinic acetylcholine receptor M1,Ki,nM,,345.53,4.42
CHEMBL173155,420.0,C[C@@H]1OC(=O)[C@H]2C[C@H]3CCCC[C@@H]3[C@@H](CCCN3CCNCC3)[C@@H]12,Scientific Literature,Binding affinity towards human muscarinic M1 receptor in CHO-KI cells using [3H]- QNB as radioligand,B,,,Bioorg Med Chem Lett,1999.0,Muscarinic acetylcholine receptor M1,Ki,nM,,334.5,2.68
CHEMBL220095,53.5,CCN(CC)c1ccc2c(-c3ccc(S(=O)(=O)NCCCCCC(=O)NCCOCCOCCN4CCN(CC(=O)N5c6ccccc6C(=O)Nc6cccnc65)CC4)cc3S(=O)(=O)[O-])c3ccc(=[N+](CC)CC)cc-3oc2c1,Scientific Literature,Displacement of [3H]QNB from EGFP(delta-17)human M1 receptor expressed in HEK cells,B,Homo sapiens,,J Med Chem,2005.0,Muscarinic acetylcholine receptor M1,Ki,nM,7.27,1122.38,
CHEMBL3409256,1000.0,NC(=O)c1ccccc1OCCCN1CCN(c2cccc3c2ccn3S(=O)(=O)c2ccccc2)CC1,Scientific Literature,Displacement of [3H]pirenzepine from human muscarinic M1 receptor expressed in CHO cells,B,Homo sapiens,,Eur J Med Chem,2015.0,Muscarinic acetylcholine receptor M1,Ki,nM,,518.64,3.57
CHEMBL212141,800.0,CC(C)NC(=O)[C@H]1CCCN1C(=O)[C@@H]1C[C@@H](O)CN1C(=O)CC(c1ccc(F)cc1)(c1ccc(F)cc1)c1ccc(F)cc1,Scientific Literature,Inhibition of [3H]NMS binding to human cloned M1 receptor expressed in CHO cells,B,Homo sapiens,,J Med Chem,2006.0,Muscarinic acetylcholine receptor M1,Ki,nM,6.1,607.67,4.31
CHEMBL493979,79.43,CN1CCC[C@@H]1[C@@H]1C[S+]([O-])[C@](c2ccccc2)(C2CCCCC2)O1,Scientific Literature,Displacement of [3H]NMS from human muscarinic M1 receptor expressed in CHO cells,B,Homo sapiens,,Bioorg Med Chem,2008.0,Muscarinic acetylcholine receptor M1,Ki,nM,7.1,347.52,3.66
CHEMBL252258,230.0,CC(=O)N1C2C=C(CN3C4CCC3CC(NC(=O)Nc3cc(F)cc(C(F)(F)F)c3)C4)CC1CCC2,Scientific Literature,Inhibition of muscarinic M1 receptor,B,,,Bioorg Med Chem Lett,2008.0,Muscarinic acetylcholine receptor M1,Ki,nM,6.64,508.56,5.06
CHEMBL1424807,19952.62,Clc1cccc(N2CCNCC2)c1Cl,Scientific Literature,Displacement of [3H]-NMS from recombinant muscarinic M1 receptor (unknown origin) expressed in CHOK1 cells after 60 mins by liquid scintillation counting analysis,B,Homo sapiens,,J Med Chem,2013.0,Muscarinic acetylcholine receptor M1,Ki,nM,,231.13,2.4
CHEMBL461709,44668.36,Cc1ccc([C@H]2CCCN2C)o1,Scientific Literature,Displacement of [3H]NMS from human muscarinic M1 receptor expressed in CHO cells by liquid scintillation counter,B,Homo sapiens,,J Med Chem,2008.0,Muscarinic acetylcholine receptor M1,Ki,nM,4.35,165.24,2.35
CHEMBL2312345,100000.0,CN1CC=C(c2ccccc2C(=O)OCCc2ccc3c(c2)CCO3)CC1,Scientific Literature,Displacement of [3H]NMS from human M1 muscarinic receptor expressed in CHO-K1 cells,B,Homo sapiens,,J Med Chem,2013.0,Muscarinic acetylcholine receptor M1,Ki,nM,,363.46,3.74
CHEMBL2312390,100000.0,CCN1CCC(c2ccccc2)=C(C(=O)O[C@@H](C)Cc2ccc(OC)cc2)C1,Scientific Literature,Displacement of [3H]NMS from human M1 muscarinic receptor expressed in CHO-K1 cells,B,Homo sapiens,,J Med Chem,2013.0,Muscarinic acetylcholine receptor M1,Ki,nM,,379.5,4.35
CHEMBL2172285,8.8,O=C(CCC1=[N+]2C(C=C1)Cc1ccc(-c3cccs3)n1[B-]2(F)F)NCCCCCCN1CCN(CC(=O)N2c3ccccc3C(=O)Nc3cccnc32)CC1,Scientific Literature,Binding affinity to human muscarinic M1 receptor,B,Homo sapiens,,J Med Chem,2012.0,Muscarinic acetylcholine receptor M1,Ki,nM,8.06,766.73,
CHEMBL2368391,55.1,O=C(CCCCCNC(=O)CCC1=[N+]2C(=Cc3ccc(-c4cccs4)n3[B-]2(F)F)C=C1)NCCCCCC(=O)NCCCCN1CCN(CC(=O)N2c3ccccc3C(=O)Nc3cccnc32)CC1,Scientific Literature,Inhibition of [3H]QNB binding to human muscarinic receptor M1,B,Homo sapiens,,J Med Chem,2004.0,Muscarinic acetylcholine receptor M1,Ki,nM,7.26,962.98,
CHEMBL234254,260.0,CN(C)C1(CNCCc2ccc(Cl)cc2)COc2ccccc2OC1,Scientific Literature,Displacement of 1-[N-methyl- 3H]scopolamine from human muscarinic M1 receptor expressed in Sf9 cells,B,Homo sapiens,,Bioorg Med Chem Lett,2007.0,Muscarinic acetylcholine receptor M1,Ki,nM,6.58,360.88,3.24
CHEMBL496915,107.15,CN1CCC[C@@H]1[C@@H]1C[S+]([O-])[C@@](c2ccccc2)(C2CCCCC2)O1,Scientific Literature,Displacement of [3H]NMS from human muscarinic M1 receptor expressed in CHO cells,B,Homo sapiens,,Bioorg Med Chem,2008.0,Muscarinic acetylcholine receptor M1,Ki,nM,6.97,347.52,3.66
CHEMBL72506,910.0,CCN(CC)CCOCCOCC1(c2ccccc2)CCCC1,Scientific Literature,Binding affinity towards muscarinic m1 receptor,B,,,J Med Chem,1994.0,Muscarinic acetylcholine receptor M1,Ki,nM,6.04,319.49,3.87
CHEMBL281456,3.0,Cc1cc(NCCN2C3CCCC2CC3)nnc1-c1ccccc1O,Scientific Literature,Binding affinity towards muscarinic M1 receptor,B,,,J Med Chem,2004.0,Muscarinic acetylcholine receptor M1,Ki,nM,8.52,338.46,3.59
CHEMBL72455,11.0,Cc1ccc(S(=O)(=O)c2ccc(C(C)N3CCN(C4CCCCC4)CC3)cc2)cc1,Scientific Literature,Binding affinity towards the cloned human Muscarinic acetylcholine receptor M1,B,,,Bioorg Med Chem Lett,2000.0,Muscarinic acetylcholine receptor M1,Ki,nM,7.96,426.63,4.84
CHEMBL3085031,2540.0,O=C(CCN1[C@@H]2CC[C@H]1C[C@@H](NC(c1ccc(F)cc1)c1ccc(F)cc1)C2)Nc1ccccc1,Scientific Literature,Displacement of [3H]pirenzepine from Muscarinic receptor M1,B,Homo sapiens,,Bioorg Med Chem Lett,2005.0,Muscarinic acetylcholine receptor M1,Ki,nM,5.59,475.58,5.67
CHEMBL423831,52.48,CN(C)CCC1=C(C(C)(C)c2ccccn2)c2ccccc2C1,Scientific Literature,Binding affinity towards cloned human muscarinic acetylcholine receptor M1 stably expressed in CHO-K1 cells using [3H]N-methylscopolamine,B,,,J Med Chem,2003.0,Muscarinic acetylcholine receptor M1,Ki,nM,7.28,306.45,4.32
CHEMBL79061,3900.0,Cc1ncnc(C)c1C(=O)N1CCC(C)(N2CCN([C@@H](Cc3ccccc3)c3ccc(C(F)(F)F)cc3)[C@@H](C)C2)CC1,Scientific Literature,Antagonistic activity against muscarinic M1 receptor,F,,,J Med Chem,2004.0,Muscarinic acetylcholine receptor M1,Ki,nM,,579.71,6.1
CHEMBL440138,230.0,CCC(=O)OC1CC2CCCC1N2C,Scientific Literature,Inhibition of [3H]- oxotremorine-M binding to human Muscarinic acetylcholine receptor M1 expressed in CHO cell membranes,B,Homo sapiens,,J Med Chem,2000.0,Muscarinic acetylcholine receptor M1,Ki,nM,6.64,197.28,1.56
CHEMBL593620,38018.94,C[C@@H]1OC[C@@H](C[N+](C)(C)C)OC1(C)C.[I-],Scientific Literature,Displacement of [3H]NMS from human muscarinic M1 receptor expressed in CHO cells by microplate scintillation counting,B,Homo sapiens,,Bioorg Med Chem,2009.0,Muscarinic acetylcholine receptor M1,Ki,nM,4.42,329.22,1.28
CHEMBL4874412,724.44,NCCN1CCN(C(=O)CCCC2CCN(CC(=O)N3c4ccccc4NC(=O)c4ccccc43)CC2)CC1.O=C(O)C(F)(F)F.O=C(O)C(F)(F)F.O=C(O)C(F)(F)F,Scientific Literature,Displacement of [3H]-NMS from human muscarinic M1 receptor expressed in CHO cell membranes assessed as inhibition constant by radioligand competition analysis,B,Homo sapiens,,Eur J Med Chem,2021.0,Muscarinic acetylcholine receptor M1,Ki,nM,6.14,874.76,2.9
CHEMBL4863723,154.88,CC(=O)NC(=O)[C@H](CCCCN)NC(=O)[C@H](CCCNC(=N)N)NCCN1CCN(CC(=O)NC2CCN(CC(=O)N3c4ccccc4NC(=O)c4ccccc43)CC2)CC1.O=C(O)C(F)(F)F.O=C(O)C(F)(F)F.O=C(O)C(F)(F)F.O=C(O)C(F)(F)F.O=C(O)C(F)(F)F,Scientific Literature,Displacement of [3H]-NMS from human muscarinic M1 receptor expressed in CHO cell membranes assessed as inhibition constant by radioligand competition analysis,B,Homo sapiens,,Eur J Med Chem,2021.0,Muscarinic acetylcholine receptor M1,Ki,nM,6.81,1416.16,-0.39
CHEMBL4876651,1995.26,CC(=O)N[C@H](CCCN)C(=O)NC(=O)[C@H](C)NC(=O)[C@@H](CCNC(=N)N)NCCN1CCN(CC(=O)NC2CCN(CC(=O)N3c4ccccc4NC(=O)c4ccccc43)CC2)CC1.O=C(O)C(F)(F)F.O=C(O)C(F)(F)F.O=C(O)C(F)(F)F.O=C(O)C(F)(F)F.O=C(O)C(F)(F)F,Scientific Literature,Displacement of [3H]-NMS from human muscarinic M1 receptor expressed in CHO cell membranes assessed as inhibition constant by radioligand competition analysis,B,Homo sapiens,,Eur J Med Chem,2021.0,Muscarinic acetylcholine receptor M1,Ki,nM,5.7,1459.19,-1.66
CHEMBL4863121,3801.89,CC(=O)N[C@@H](CCCN)C(=O)NC(=O)[C@H](C)NC(=O)[C@H](CCNC(=N)N)NCCN1CCN(C(=O)CC2CCN(CC(=O)N3c4ccccc4NC(=O)c4ccccc43)CC2)CC1.O=C(O)C(F)(F)F.O=C(O)C(F)(F)F.O=C(O)C(F)(F)F.O=C(O)C(F)(F)F,Scientific Literature,Displacement of [3H]-NMS from human muscarinic M1 receptor expressed in CHO cell membranes assessed as inhibition constant by radioligand competition analysis,B,Homo sapiens,,Eur J Med Chem,2021.0,Muscarinic acetylcholine receptor M1,Ki,nM,5.42,1330.15,-0.61
CHEMBL4864987,0.7244,CC(=O)NC(=O)[C@H](CCCNC(=N)N)NC(=O)[C@H](C)NCCN1CCN(CCCCC2CCN(CC(=O)N3c4ccccc4NC(=O)c4ccccc43)CC2)CC1.O=C(O)C(F)(F)F.O=C(O)C(F)(F)F.O=C(O)C(F)(F)F.O=C(O)C(F)(F)F,Scientific Literature,Displacement of [3H]-NMS from human muscarinic M1 receptor expressed in CHO cell membranes assessed as inhibition constant by radioligand competition analysis,B,Homo sapiens,,Eur J Med Chem,2021.0,Muscarinic acetylcholine receptor M1,Ki,nM,9.14,1244.1,1.81
CHEMBL3629529,10800.0,COc1ccc(CCOC(=O)C2(c3ccccc3)CCN(C)CC2)cc1OC,Scientific Literature,Displacement of [3H]NMS from human muscarinic M1 receptor expressed in CHO cells after 2 hrs by liquid scintillation spectrometry analysis,B,Homo sapiens,,Bioorg Med Chem Lett,2015.0,Muscarinic acetylcholine receptor M1,Ki,nM,4.97,383.49,3.45
CHEMBL2377384,85.7,C[N+](C)(C)CCOC(=O)C(c1ccccc1)c1ccccc1.[Br-],Scientific Literature,Displacement of [3H] N-methylscopolamine from human muscarinic M1 receptor expressed in CHOK1 cells after 30 mins by scintillation counting analysis,B,Homo sapiens,,Bioorg Med Chem,2013.0,Muscarinic acetylcholine receptor M1,Ki,nM,7.07,378.31,3.07
CHEMBL3084643,1.259,C[N+]1(C)[C@@H]2CC[C@H]1C[C@@H](CC(CO)(c1ccccc1)c1ccccc1)C2.[Br-],Scientific Literature,Displacement of [3H]N-methyl Scopolamine from human cloned muscarinic M1 receptor expressed in CHO cell membrane,B,Homo sapiens,,Bioorg Med Chem Lett,2009.0,Muscarinic acetylcholine receptor M1,Ki,nM,8.9,430.43,4.37
CHEMBL2377383,5.75,CC[N+](CC)(CC)CCOC(=O)C(c1ccccc1)c1ccccc1.[I-],Scientific Literature,Displacement of [3H] N-methylscopolamine from human muscarinic M1 receptor expressed in CHOK1 cells after 30 mins by scintillation counting analysis,B,Homo sapiens,,Bioorg Med Chem,2013.0,Muscarinic acetylcholine receptor M1,Ki,nM,8.24,467.39,4.24
CHEMBL482496,500.0,[3H]C([3H])([3H])Oc1cc(I)c(OC)cc1CCNCc1ccccc1OC([3H])([3H])[3H],Scientific Literature,Binding affinity to muscarinic M1 receptor,B,,,Bioorg Med Chem,2008.0,Muscarinic acetylcholine receptor M1,Ki,nM,,439.33,3.65
CHEMBL239436,7367.0,C[N+]1(CC#CCOC2=NOCC2)CCCCC1.[I-],Scientific Literature,Displacement of [3H]QNB from human muscarinic M1 receptor expressed in CHO cells,B,Homo sapiens,,Bioorg Med Chem,2007.0,Muscarinic acetylcholine receptor M1,Ki,nM,5.13,364.23,1.37
CHEMBL74300,1949.84,C[N+](C)(C)CC#CCOC(=O)Nc1cccc(Cl)c1.[Cl-],Scientific Literature,Displacement of [3H]NMS from human muscarinic M1 receptor transfected in CHO cells after 120 mins by scintillation counting analysis,B,Homo sapiens,,Bioorg Med Chem Lett,2014.0,Muscarinic acetylcholine receptor M1,Ki,nM,5.71,317.22,2.6
CHEMBL3309717,100000.0,C[C@H]1OCCO[C@@H]1C[N+](C)(C)C.[I-],Scientific Literature,Displacement of [3H]NMS from human muscarinic M1 receptor transfected in CHO cells after 120 mins by scintillation counting analysis,B,Homo sapiens,,Bioorg Med Chem Lett,2014.0,Muscarinic acetylcholine receptor M1,Ki,nM,,301.17,0.5
CHEMBL2441755,100000.0,CN(C)C[C@H]1CNC(=O)O1,Scientific Literature,Displacement of [3H]NMS from human muscarinic M1 receptor expressed in CHO cells,B,Homo sapiens,,Bioorg Med Chem Lett,2013.0,Muscarinic acetylcholine receptor M1,Ki,nM,,144.17,-0.34
CHEMBL2312375,100000.0,CCN1CCC(c2ccccc2)=C(C(=O)OCCc2ccc(S(C)(=O)=O)cc2)C1,Scientific Literature,Displacement of [3H]NMS from human M1 muscarinic receptor expressed in CHO-K1 cells,B,Homo sapiens,,J Med Chem,2013.0,Muscarinic acetylcholine receptor M1,Ki,nM,,413.54,3.36
CHEMBL2042553,1.259,CN(C)C[C@H]1COCC(c2ccccc2)(c2ccccc2)O1.O=C(O)C(=O)O,Scientific Literature,Displacement of [3H]N-methylscopolamine from human muscarinic M1 receptor expressed in CHO cells after 120 mins by scintillation counting,B,Homo sapiens,,J Med Chem,2012.0,Muscarinic acetylcholine receptor M1,Ki,nM,8.9,387.43,2.91
CHEMBL313738,7000.0,CN1C2CCCC1C(OC(=O)C1CCCCC1)C2,Scientific Literature,The binding affinity was measured as inhibition of binding of [3H]- quinuclidinyl benzilate to Muscarinic acetylcholine receptor M1 in membranes of CHO cells,B,,,J Med Chem,2000.0,Muscarinic acetylcholine receptor M1,Ki,nM,5.16,251.37,2.74
CHEMBL2312372,560.0,CCN1CCC(c2ccccc2)=C(C(=O)OCCc2ccc(Cl)cc2)C1,Scientific Literature,Displacement of [3H]NMS from human M1 muscarinic receptor expressed in CHO-K1 cells,B,Homo sapiens,,J Med Chem,2013.0,Muscarinic acetylcholine receptor M1,Ki,nM,6.25,369.89,4.61
CHEMBL4443613,780.0,O=C(OCCCc1ccccc1)N(c1ccccc1)C1CN2CCC1CC2,Scientific Literature,Displacement of [3H]NMS from human M1 AChR expressed in CHO cell membranes after 1 to 2 hrs by liquid scintillation spectrometry method,B,Homo sapiens,,Bioorg Med Chem Lett,2019.0,Muscarinic acetylcholine receptor M1,Ki,nM,6.11,364.49,4.36
CHEMBL53325,23442.29,COc1cccc2c1CCCC2CCCN1CCN(C2CCCCC2)CC1,SARS-CoV-2 Screening Data,Activity of compound against Muscarinic acetylcholine receptor M1 (CHRM1) by displacement of 3H-QNB,B,Homo sapiens,,Nature,2020.0,Muscarinic acetylcholine receptor M1,Ki,nM,4.63,370.58,4.85
CHEMBL92387,7943.28,Cc1ccc(C[N+](C)(C)C)o1,Scientific Literature,Displacement of [3H]NMS from human muscarinic M1 receptor expressed in CHO cells by liquid scintillation counter,B,Homo sapiens,,J Med Chem,2008.0,Muscarinic acetylcholine receptor M1,Ki,nM,5.1,154.23,1.79
CHEMBL4089027,7800.0,C[N+](C)(C)CCc1cccc(OC(F)(F)F)c1.O=C[O-],Scientific Literature,Displacement of [3H]N-methyl-scopolamine bromide from human recombinant muscarinic M1 receptor expressed in HEK293T cell membranes after 1 hr by liquid scintillation counting method,B,Homo sapiens,,J Med Chem,2017.0,Muscarinic acetylcholine receptor M1,Ki,nM,5.11,293.28,2.83
CHEMBL94772,2040.0,OC1(C2=CN3CCC2CC3)c2ccccc2CCc2ccccc21,Scientific Literature,In vitro binding affinity towards muscarinic receptor in cerebral cortex (M1) was determined,B,,Cerebral cortex,Bioorg Med Chem Lett,1994.0,Muscarinic acetylcholine receptor M1,Ki,nM,5.69,317.43,3.63
CHEMBL2335158,7943.28,Clc1cc(Cl)cc(N2CCNCC2)c1,Scientific Literature,Displacement of [3H]-NMS from recombinant muscarinic M1 receptor (unknown origin) expressed in CHOK1 cells after 60 mins by liquid scintillation counting analysis,B,Homo sapiens,,J Med Chem,2013.0,Muscarinic acetylcholine receptor M1,Ki,nM,5.1,231.13,2.4
CHEMBL569270,10000.0,CNc1cc(-c2csc(N(C)C(=O)c3ccc(F)cc3)n2)ncn1,Scientific Literature,Binding affinity to human muscarinic M1 receptor by PDSP assay,B,Homo sapiens,,J Med Chem,2013.0,Muscarinic acetylcholine receptor M1,Ki,nM,,343.39,3.06
CHEMBL376255,1.479,CN1CCC[C@H]1[C@H]1CS[C@](c2ccccc2)(C2CCCCC2)O1,Scientific Literature,Binding affinity to human cloned muscarinic receptor M1 expressed in CHO cells,B,Homo sapiens,,J Med Chem,2007.0,Muscarinic acetylcholine receptor M1,Ki,nM,8.83,331.53,4.65
CHEMBL345985,4300.0,O=C(NC1CCN(CC2CCCC2)CC1)C(O)(c1ccccc1)C1CCCC1,Scientific Literature,Inhibition of [3H]NMS binding to human muscarinic acetylcholine receptor M1 expressed in CHO cells,B,,,J Med Chem,2000.0,Muscarinic acetylcholine receptor M1,Ki,nM,5.37,384.56,3.84
CHEMBL286008,1.9,CN(C)CCCOC(=O)C(C)(c1ccccc1)C1CCCCC1,Scientific Literature,Antimuscarinic potency and subset specificity was characterised by its inhibition of the [3H]NMS Binding to Muscarinic acetylcholine receptor M1 subtype,B,,,J Med Chem,1992.0,Muscarinic acetylcholine receptor M1,Ki,nM,8.72,317.47,4.02
CHEMBL54,1600.0,O=C(CCCN1CCC(O)(c2ccc(Cl)cc2)CC1)c1ccc(F)cc1,Scientific Literature,Displacement of [3H]QNB from human M1 receptor by liquid scintillation counting,B,Homo sapiens,,Bioorg Med Chem,2012.0,Muscarinic acetylcholine receptor M1,Ki,nM,5.8,375.87,4.43
CHEMBL24369,298.0,CCN(CC)CCCCCOC(=O)C(C)(c1ccccc1)C1CCCCC1,Scientific Literature,Antimuscarinic potency and subset specificity was characterised by its inhibition of the [3H]NMS Binding to Muscarinic acetylcholine receptor M1 subtype,B,,,J Med Chem,1992.0,Muscarinic acetylcholine receptor M1,Ki,nM,6.53,373.58,5.58
CHEMBL369062,77.0,O=C(CCCNC(=O)CC(c1ccccc1)(c1ccccc1)c1ccccc1)NCCC(=O)NCC1CCCN(CC2CCCCC2)C1,Scientific Literature,Binding affinity (Ki) against binding of [3H]NMS using membranes from CHO cells expressing cloned human Muscarinic acetylcholine receptor M1,B,Homo sapiens,,J Med Chem,2002.0,Muscarinic acetylcholine receptor M1,Ki,nM,7.11,650.91,6.22
CHEMBL373888,794.33,COc1nsnc1OCCOCCOc1nsnc1C1=CCCN(C)C1,Scientific Literature,Inhibition of [3H](R)-QNB binding to human M1 receptor expressed in A9 L cells,B,Homo sapiens,,J Med Chem,2006.0,Muscarinic acetylcholine receptor M1,Ki,nM,6.1,399.5,1.59
CHEMBL45454,1.096,C[N+](C)(C)C[C@@H]1CS[C@@](c2ccccc2)(C2CCCCC2)O1.[I-],Scientific Literature,Binding affinity to human cloned muscarinic receptor M1 expressed in CHO cells,B,Homo sapiens,,J Med Chem,2007.0,Muscarinic acetylcholine receptor M1,Ki,nM,8.96,447.43,4.26
CHEMBL292222,690.0,CCCCCCOc1nccnc1O[C@H]1CN2CCC1C2,Scientific Literature,Affinity towards human M1 receptor expressed in CHO cells using [3H]QNB as radioligand,B,,,Bioorg Med Chem Lett,1999.0,Muscarinic acetylcholine receptor M1,Ki,nM,6.16,291.4,2.52
CHEMBL256923,1348.96,CN(CCCN(C)CCCC(O)(c1ccccc1)c1ccccc1)CCCC(O)(c1ccccc1)c1ccccc1.Cl.Cl,Scientific Literature,Displacement of [3H]N-methylscopolamine from human muscarinic M1 receptor expressed in CHO-K1 cells,B,Homo sapiens,,Bioorg Med Chem Lett,2008.0,Muscarinic acetylcholine receptor M1,Ki,nM,5.87,623.71,6.67
CHEMBL255692,245470.89,CN(CCCC(O)(c1ccccc1)c1ccccc1)CCN(C)CCCC(O)(c1ccccc1)c1ccccc1.Cl.Cl,Scientific Literature,Displacement of [3H]N-methylscopolamine from human muscarinic M1 receptor expressed in CHO-K1 cells,B,Homo sapiens,,Bioorg Med Chem Lett,2008.0,Muscarinic acetylcholine receptor M1,Ki,nM,,609.68,6.28
CHEMBL3629531,30000.0,COc1ccc(CCNC(=O)C2(c3ccccc3)CCN(C)CC2)cc1OC,Scientific Literature,Displacement of [3H]NMS from human muscarinic M1 receptor expressed in CHO cells after 2 hrs by liquid scintillation spectrometry analysis,B,Homo sapiens,,Bioorg Med Chem Lett,2015.0,Muscarinic acetylcholine receptor M1,Ki,nM,,382.5,3.03
CHEMBL7303,14.0,COC(=O)C1=CCCN(C)C1,Scientific Literature,Inhibition of [3H]- oxotremorine-M binding to human Muscarinic acetylcholine receptor M1 expressed in CHO cell membranes,B,Homo sapiens,,J Med Chem,2000.0,Muscarinic acetylcholine receptor M1,Ki,nM,7.85,155.2,0.42
CHEMBL21509,9549.93,CN(C)CCC1=C/C(=C\c2ccccn2)c2ccccc21,Scientific Literature,Affinity for Muscarinic acetylcholine receptor M1 expressed in CHO cells by [3H]NMS displacement.,B,,,Bioorg Med Chem Lett,2001.0,Muscarinic acetylcholine receptor M1,Ki,nM,5.02,276.38,3.97
CHEMBL21328,48977.88,CN(C)CCN(C)C(=O)C1=C/C(=C\c2cccnc2)c2ccccc21,Scientific Literature,Affinity for Muscarinic acetylcholine receptor M1 expressed in CHO cells by [3H]NMS displacement.,B,,,Bioorg Med Chem Lett,2001.0,Muscarinic acetylcholine receptor M1,Ki,nM,4.31,333.44,3.04
CHEMBL144580,520.0,C[N+]12CCC(CC1)C(c1cc3ccccc3o1)C2,Scientific Literature,Binding affinity for muscarinic acetylcholine receptor M1 by measuring displacement of [3H]QNB from guinea pig cerebral cortex,B,Cavia porcellus,Cerebral cortex,J Med Chem,1995.0,Muscarinic acetylcholine receptor M1,Ki,nM,6.28,242.34,3.39
CHEMBL82754,20000.0,O=C(OC1CC2CCCC1N2)C1CCCCC1,Scientific Literature,The binding affinity was measured as inhibition of binding of [3H]- quinuclidinyl benzilate to Muscarinic acetylcholine receptor M1 in membranes of CHO cells,B,,,J Med Chem,2000.0,Muscarinic acetylcholine receptor M1,Ki,nM,4.7,237.34,2.39
CHEMBL144737,15000.0,OC1(c2ccoc2)CN2CCC1CC2,Scientific Literature,Binding affinity for muscarinic acetylcholine receptor M1 by measuring displacement of [3H]QNB from guinea pig cerebral cortex,B,Cavia porcellus,Cerebral cortex,J Med Chem,1995.0,Muscarinic acetylcholine receptor M1,Ki,nM,,193.25,1.19
CHEMBL27979,1621.81,C[C@H]1CC[C@H](C)N1CCCOc1ccc(-c2ccc(C(=O)N3CCOCC3)cc2)cc1,Scientific Literature,Binding affinity towards human muscarinic M1 receptor,B,,,Bioorg Med Chem Lett,2003.0,Muscarinic acetylcholine receptor M1,Ki,nM,5.79,422.57,4.47
CHEMBL170221,158.49,CC(C1=C(CCN(C)C)Cc2ccccc21)c1ccccc1,Scientific Literature,Binding affinity towards cloned human muscarinic acetylcholine receptor M1 stably expressed in CHO-K1 cells using [3H]N-methylscopolamine,B,,,J Med Chem,2003.0,Muscarinic acetylcholine receptor M1,Ki,nM,6.8,291.44,4.75
CHEMBL3775589,1000.0,Cc1ncoc1-c1nnc(SCCCN2CC3CCN(c4ccccc4)C3C2)n1C,Scientific Literature,Antagonist activity at recombinant human muscarinic M1 receptor expressed in CHO-K1 cells assessed as inhibition of acetylcholine induced calcium mobilization preincubated for 10 mins followed by acetylcholine addition measured after 1 hr by fluo-4 AM dye-based FLIPR assay,F,Homo sapiens,,Bioorg Med Chem,2016.0,Muscarinic acetylcholine receptor M1,Ki,nM,6.0,424.57,3.47
CHEMBL354934,601.0,CC1CN(CCC[C@@H]2[C@H]3CCCC[C@@H]3C[C@@H]3C(=O)O[C@@H](C)[C@H]23)CC(C)O1,Scientific Literature,Binding affinity towards human muscarinic M1 receptor in CHO-KI cells using [3H]- QNB as radioligand,B,,,Bioorg Med Chem Lett,1999.0,Muscarinic acetylcholine receptor M1,Ki,nM,6.22,363.54,3.88
CHEMBL420255,5000.0,OC1(C2=CN3CCC2CC3)c2ccccc2-c2ccccc21,Scientific Literature,In vitro binding affinity towards muscarinic receptor in cerebral cortex (M1) was determined,B,,Cerebral cortex,Bioorg Med Chem Lett,1994.0,Muscarinic acetylcholine receptor M1,Ki,nM,,289.38,3.51
CHEMBL380759,1949.84,C[N+](C)(C)CC#CCOC(=O)Nc1ccc(Cl)cc1.[Cl-],Scientific Literature,Binding affinity to cloned human muscarinic M1 receptor expressed in CHO cells,B,Homo sapiens,,J Med Chem,2006.0,Muscarinic acetylcholine receptor M1,Ki,nM,5.71,317.22,2.6
CHEMBL3351103,100000.0,C[C@@H]1O[C@H]([C@H]2CCCN2C)C[S@+]1[O-],Scientific Literature,Binding affinity to cloned human muscarinic M1 receptor expressed in CHO cells,B,Homo sapiens,,J Med Chem,2006.0,Muscarinic acetylcholine receptor M1,Ki,nM,,203.31,0.57
CHEMBL1935435,10000.0,Fc1ccc(Cn2c(C3CCCN(Cc4ncco4)C3)nc3ccccc32)cc1,Scientific Literature,Inhibition of muscarinic M1 receptor,B,,,Bioorg Med Chem Lett,2012.0,Muscarinic acetylcholine receptor M1,Ki,nM,,390.46,4.59
CHEMBL1935442,10000.0,Fc1ccc(Cn2c([C@H]3CNCCO3)nc3ccccc32)cc1,Scientific Literature,Inhibition of muscarinic M1 receptor,B,,,Bioorg Med Chem Lett,2012.0,Muscarinic acetylcholine receptor M1,Ki,nM,,311.36,2.88
CHEMBL1092597,3700.0,COc1nccnc1[C@H](C)C1=C(CCN(C)C)Cc2ccccc21,Scientific Literature,Binding affinity at M1 receptor,B,,,Bioorg Med Chem Lett,2010.0,Muscarinic acetylcholine receptor M1,Ki,nM,5.43,323.44,3.55
CHEMBL4648229,9.333,C[N+](C)(C)C[C@@H]1COC[C@@](c2ccccc2)(C2CCCCC2)O1.[I-],Scientific Literature,Displacement of [3H]NMS from human recombinant muscarinic receptor M1 expressed in CHO-K1 cell membranes incubated for 2 hrs by scintillation counting method,B,Homo sapiens,,J Med Chem,2020.0,Muscarinic acetylcholine receptor M1,Ki,nM,8.03,445.39,3.58
CHEMBL4633679,3715.35,C[N+](C)(C)C[C@@H]1CO[C@H](c2ccc(Sc3ccccc3)cc2)CO1.[I-],Scientific Literature,Displacement of [3H]NMS from human recombinant muscarinic receptor M1 expressed in CHO-K1 cell membranes incubated for 2 hrs by scintillation counting method,B,Homo sapiens,,J Med Chem,2020.0,Muscarinic acetylcholine receptor M1,Ki,nM,5.43,471.4,4.0
CHEMBL4646457,501.19,C[N+](C)(C)C[C@@H]1CO[C@H](c2ccccc2)[C@@H](c2ccccc2)O1.[I-],Scientific Literature,Displacement of [3H]NMS from human recombinant muscarinic receptor M1 expressed in CHO-K1 cell membranes incubated for 2 hrs by scintillation counting method,B,Homo sapiens,,J Med Chem,2020.0,Muscarinic acetylcholine receptor M1,Ki,nM,6.3,439.34,3.59
CHEMBL1091792,10000.0,COc1cccc(C(C)c2c(CCN(C)C)sc3ccccc23)n1,Scientific Literature,Displacement of [3H]N-methylscopolamine from human muscarinic M1 receptor expressed in CHO Flp-In cells after 90 mins by scintillation counting,B,Homo sapiens,,Bioorg Med Chem Lett,2010.0,Muscarinic acetylcholine receptor M1,Ki,nM,,340.49,4.56
CHEMBL4758316,1445.44,O=C(CCN1CCCc2ccccc21)N1CCCC(CO)C1,Scientific Literature,Displacement of [3H]-NMS from muscarinic M1 receptor (unknown origin) expressed in CHO-K1 cell membranes assessed as inhibition constant by radioligand competition analysis,B,Homo sapiens,,Bioorg Med Chem Lett,2020.0,Muscarinic acetylcholine receptor M1,Ki,nM,5.84,302.42,2.06
CHEMBL4763422,11481.54,O=C(CCN1CCCc2ccccc21)N1CCCCC1CO,Scientific Literature,Displacement of [3H]-NMS from muscarinic M1 receptor (unknown origin) expressed in CHO-K1 cell membranes assessed as inhibition constant by radioligand competition analysis,B,Homo sapiens,,Bioorg Med Chem Lett,2020.0,Muscarinic acetylcholine receptor M1,Ki,nM,4.94,302.42,2.2
CHEMBL4759774,12882.5,CC(C)(C)OC(=O)N1CCN(CC(=O)n2c3ccccc3c3ccccc32)CC1,Scientific Literature,Displacement of [3H]-NMS from muscarinic M1 receptor (unknown origin) expressed in CHO-K1 cell membranes assessed as inhibition constant by radioligand competition analysis,B,Homo sapiens,,Bioorg Med Chem Lett,2020.0,Muscarinic acetylcholine receptor M1,Ki,nM,4.89,393.49,3.99
CHEMBL4778178,2630.27,O=C(CCN1CCCc2ccccc21)NCc1ccco1,Scientific Literature,Displacement of [3H]-NMS from muscarinic M1 receptor (unknown origin) expressed in CHO-K1 cell membranes assessed as inhibition constant by radioligand competition analysis,B,Homo sapiens,,Bioorg Med Chem Lett,2020.0,Muscarinic acetylcholine receptor M1,Ki,nM,5.58,284.36,2.74
CHEMBL142538,1.6,CN1CCC=C(c2nsnc2OCCCCCCCCCCCCOc2nsnc2C2=CCCN(C)C2)C1,Scientific Literature,Binding affinity towards M1 muscarinic receptor expressed in A9 L cells by displacing [3H](R)-QNB radioligand.,B,,,J Med Chem,2001.0,Muscarinic acetylcholine receptor M1,Ki,nM,8.8,560.83,6.19
CHEMBL376897,0.3236,C[N+]1(C)[C@@H]2C[C@@H](OC(=O)[C@H](CO)c3ccccc3)C[C@H]1[C@@H]1O[C@@H]12,Scientific Literature,Binding affinity to human cloned muscarinic receptor M1 expressed in CHO cells,B,Homo sapiens,,J Med Chem,2007.0,Muscarinic acetylcholine receptor M1,Ki,nM,9.49,318.39,1.06
CHEMBL375073,0.7586,CN1CCC[C@@H]1[C@@H]1CSC(c2ccccc2)(c2ccccc2)O1,Scientific Literature,Binding affinity to human cloned muscarinic receptor M1 expressed in CHO cells,B,Homo sapiens,,J Med Chem,2007.0,Muscarinic acetylcholine receptor M1,Ki,nM,9.12,325.48,4.11
CHEMBL294273,2300.0,CC(=O)OC1CC2CCCC1N2C,Scientific Literature,Inhibition of [3H]- oxotremorine-M binding to human Muscarinic acetylcholine receptor M1 expressed in CHO cell membranes,B,Homo sapiens,,J Med Chem,2000.0,Muscarinic acetylcholine receptor M1,Ki,nM,5.64,183.25,1.17
CHEMBL85190,7700.0,CN1C2CCCC1C(OC(=O)c1ccccc1)C2,Scientific Literature,The binding affinity was measured as inhibition of binding of [3H]- quinuclidinyl benzilate to Muscarinic acetylcholine receptor M1 in membranes of CHO cells,B,,,J Med Chem,2000.0,Muscarinic acetylcholine receptor M1,Ki,nM,5.11,245.32,2.47
CHEMBL85190,270.0,CN1C2CCCC1C(OC(=O)c1ccccc1)C2,Scientific Literature,Inhibition of [3H]- oxotremorine-M binding to human Muscarinic acetylcholine receptor M1 expressed in CHO cell membranes,B,Homo sapiens,,J Med Chem,2000.0,Muscarinic acetylcholine receptor M1,Ki,nM,6.57,245.32,2.47
CHEMBL39843,20000.0,C[C@@H]1CCC2(CN3CCC2CC3)O1,Scientific Literature,Compound was evaluated for its binding affinity against Muscarinic acetylcholine receptor M1 in guinea pig cerebral cortex using (-)-[3H]-QNB as radioligand,B,Cavia porcellus,Cerebral cortex,J Med Chem,1992.0,Muscarinic acetylcholine receptor M1,Ki,nM,4.7,181.28,1.65
CHEMBL105593,4365.16,CCOC(=O)c1c(C)[nH]c2ccc3c(c12)CN1CCc2cccc(Cl)c2C1O3,Scientific Literature,Inhibition of [3H]NMS binding to human muscarinic acetylcholine receptor M1 in transfected CHO cells.,B,,,J Med Chem,2002.0,Muscarinic acetylcholine receptor M1,Ki,nM,,396.87,4.76
CHEMBL233202,140.0,CN(C)C1(CNCCC2=CCSCC2)COc2ccccc2OC1,Scientific Literature,Displacement of 1-[N-methyl- 3H]scopolamine from human muscarinic M1 receptor expressed in Sf9 cells,B,Homo sapiens,,Bioorg Med Chem Lett,2007.0,Muscarinic acetylcholine receptor M1,Ki,nM,6.85,348.51,2.8
CHEMBL420008,9.099,C=C(c1ccc(S(=O)(=O)c2ccc(OC)cc2)cc1)C1CCN(C2CCNCC2)CC1,Scientific Literature,Binding affinity to muscarinic M1 receptor,B,Homo sapiens,,Bioorg Med Chem Lett,2007.0,Muscarinic acetylcholine receptor M1,Ki,nM,8.04,440.61,4.01
CHEMBL2093082,100000.0,C[C@H]1O[C@@H]([C@@H]2CCC[N+]2(C)C)C[S@@+]1[O-].[I-],Scientific Literature,Binding affinity to cloned human muscarinic M1 receptor expressed in CHO cells,B,Homo sapiens,,J Med Chem,2006.0,Muscarinic acetylcholine receptor M1,Ki,nM,,345.25,0.72
CHEMBL403592,7244.36,C[N+](C)(CCCC(O)(c1ccccc1)c1ccccc1)CCC[N+](C)(C)CCCC(O)(c1ccccc1)c1ccccc1.[I-].[I-],Scientific Literature,Displacement of [3H]N-methylscopolamine from human muscarinic M1 receptor expressed in CHO-K1 cells,B,Homo sapiens,,Bioorg Med Chem Lett,2008.0,Muscarinic acetylcholine receptor M1,Ki,nM,5.14,834.67,6.96
CHEMBL71971,71.8,COc1ccc(S(=O)(=O)c2ccc(C(C#N)N3CCN(C4CCCCC4)CC3)cc2)cc1,Scientific Literature,Binding affinity against Muscarinic acetylcholine receptor M1,B,,,Bioorg Med Chem Lett,2000.0,Muscarinic acetylcholine receptor M1,Ki,nM,7.14,453.61,4.04
CHEMBL70828,4.4,C=C(c1ccc(Sc2ccc(OC)cc2)cc1)C1CCN(C2CCCCC2)CC1,Scientific Literature,Binding affinity against Muscarinic acetylcholine receptor M1,B,,,Bioorg Med Chem Lett,2000.0,Muscarinic acetylcholine receptor M1,Ki,nM,8.36,407.62,6.9
CHEMBL2205823,313.0,COc1ccccc1CN1C2C3C4CC5C6C4C2C6C1(O)C53,Scientific Literature,Binding affinity to M1 muscarinic receptor,B,,,Bioorg Med Chem Lett,2012.0,Muscarinic acetylcholine receptor M1,Ki,nM,6.5,295.38,1.96
CHEMBL343449,3.5,Nc1ccc(CN2CCC(NC(=O)[C@](O)(c3ccccc3)[C@@H]3CCC(F)(F)C3)CC2)cc1,Scientific Literature,Inhibition of [3H]NMS binding to human muscarinic acetylcholine receptor M1 expressed in CHO cells,B,,,J Med Chem,2000.0,Muscarinic acetylcholine receptor M1,Ki,nM,8.46,443.54,3.67
CHEMBL278129,12022.64,CN(C)CCOC(=O)C1=C/C(=C\c2ccncc2)c2ccccc21,Scientific Literature,Affinity for Muscarinic acetylcholine receptor M1 expressed in CHO cells by [3H]NMS displacement.,B,,,Bioorg Med Chem Lett,2001.0,Muscarinic acetylcholine receptor M1,Ki,nM,4.92,320.39,3.12
CHEMBL422665,3.2,Nc1cccc(CN2CCC(NC(=O)[C@](O)(c3ccccc3)[C@@H]3CCC(F)(F)C3)CC2)c1,Scientific Literature,Inhibition of [3H]NMS binding to human muscarinic acetylcholine receptor M1 expressed in CHO cells,B,,,J Med Chem,2000.0,Muscarinic acetylcholine receptor M1,Ki,nM,8.49,443.54,3.67
CHEMBL144123,410.0,C1=C(c2ccc[se]2)C2CCN1CC2,Scientific Literature,Binding affinity for muscarinic acetylcholine receptor M1 by measuring displacement of [3H]QNB from guinea pig cerebral cortex,B,Cavia porcellus,Cerebral cortex,J Med Chem,1995.0,Muscarinic acetylcholine receptor M1,Ki,nM,6.39,238.19,
CHEMBL4442996,710.0,COc1ccc(COC(=O)N(c2ccccc2)C2CN3CCC2CC3)cc1,Scientific Literature,Displacement of [3H]NMS from human M1 AChR expressed in CHO cell membranes after 1 to 2 hrs by liquid scintillation spectrometry method,B,Homo sapiens,,Bioorg Med Chem Lett,2019.0,Muscarinic acetylcholine receptor M1,Ki,nM,6.15,366.46,3.93
CHEMBL216983,1000.0,CN1CCC=C(c2nsnc2OCCOCCOCCOCCO)C1,Scientific Literature,Inhibition of [3H](R)-QNB binding to human M1 receptor expressed in A9 L cells,B,Homo sapiens,,J Med Chem,2006.0,Muscarinic acetylcholine receptor M1,Ki,nM,6.0,373.48,0.68
CHEMBL213709,580.0,CCN1CCC(CNC(=O)[C@H]2CCCN2C(=O)[C@@H]2C[C@@H](O)CN2C(=O)CC(c2ccc(F)cc2)(c2ccc(F)cc2)c2ccc(F)cc2)CC1,Scientific Literature,Inhibition of [3H]NMS binding to human cloned M1 receptor expressed in CHO cells,B,Homo sapiens,,J Med Chem,2006.0,Muscarinic acetylcholine receptor M1,Ki,nM,6.24,690.81,4.63
CHEMBL220393,0.955,C[N+]1(C)CCC[C@@H]1[C@@H]1CS[C@](c2ccccc2)(C2CCCCC2)O1.[I-],Scientific Literature,Binding affinity to human cloned muscarinic receptor M1 expressed in CHO cells,B,Homo sapiens,,J Med Chem,2007.0,Muscarinic acetylcholine receptor M1,Ki,nM,9.02,473.46,4.79
CHEMBL375969,0.2951,C[N+]1(C)CCC[C@H]1[C@H]1CSC(c2ccccc2)(c2ccccc2)O1.[I-],Scientific Literature,Binding affinity to human cloned muscarinic receptor M1 expressed in CHO cells,B,Homo sapiens,,J Med Chem,2007.0,Muscarinic acetylcholine receptor M1,Ki,nM,9.53,467.42,4.26
CHEMBL355475,376.0,CC1CCCN(CCC[C@@H]2[C@H]3CCCC[C@@H]3C[C@@H]3C(=O)O[C@@H](C)[C@H]23)C1,Scientific Literature,Binding affinity towards human muscarinic M1 receptor in CHO-KI cells using [3H]- QNB as radioligand,B,,,Bioorg Med Chem Lett,1999.0,Muscarinic acetylcholine receptor M1,Ki,nM,6.42,347.54,4.5
CHEMBL396845,6958.0,C[N+]1(CC#CCOC2=NOCC2)CCc2ccccc2C1.[I-],Scientific Literature,Displacement of [3H]QNB from human muscarinic M1 receptor expressed in CHO cells,B,Homo sapiens,,Bioorg Med Chem,2007.0,Muscarinic acetylcholine receptor M1,Ki,nM,5.16,412.27,1.94
CHEMBL292574,2500.0,c1cnc(O[C@@H]2CN3CCC2C3)cn1,Scientific Literature,Affinity towards human M1 receptor expressed in CHO cells using [3H]QNB as radioligand,B,,,Bioorg Med Chem Lett,1999.0,Muscarinic acetylcholine receptor M1,Ki,nM,5.6,191.23,0.56
CHEMBL301826,26000.0,CNC(=O)O[C@@H]1CN2CCC1C2,Scientific Literature,Affinity towards human M1 receptor expressed in CHO cells using [3H]QNB as radioligand,B,,,Bioorg Med Chem Lett,1999.0,Muscarinic acetylcholine receptor M1,Ki,nM,4.58,170.21,0.05
CHEMBL242345,19.95,COc1ccccc1CNCCCCCCN1CCC(CCC2CCN(CCCCCCNCc3ccccc3OC)CC2)CC1,Scientific Literature,Displacement of [3H] N-methyl-scopolamine chloride from human muscarinic receptor M1 expressed in CHO cells,B,Homo sapiens,,Bioorg Med Chem,2007.0,Muscarinic acetylcholine receptor M1,Ki,nM,7.7,634.99,7.91
CHEMBL421113,25.7,C=C(c1ccc(S(=O)(=O)c2ccc(OC)cc2)cc1)C1CCN(C2CCN(S(=O)(=O)CCC)CC2)CC1,Scientific Literature,Binding affinity against Muscarinic acetylcholine receptor M1 expressed in CHO-K1 cells,B,Homo sapiens,,Bioorg Med Chem Lett,2000.0,Muscarinic acetylcholine receptor M1,Ki,nM,7.59,546.76,4.46
CHEMBL2368393,8.8,O=C(CCC1=[N+]2C(=Cc3ccc(-c4cccs4)n3[B-]2(F)F)C=C1)NCCCCCCN1CCN(CC(=O)N2c3ccccc3C(=O)Nc3cccnc32)CC1,Scientific Literature,Inhibition of [3H]QNB binding to human muscarinic receptor M1,B,Homo sapiens,,J Med Chem,2004.0,Muscarinic acetylcholine receptor M1,Ki,nM,8.06,764.71,
CHEMBL257804,8317.64,C[N+]1(C)CCC(C2CC[N+](C)(CCCC(O)(c3ccccc3)c3ccccc3)CC2)CC1.[I-].[I-],Scientific Literature,Displacement of [3H]N-methylscopolamine from human muscarinic M1 receptor expressed in CHO-K1 cells,B,Homo sapiens,,Bioorg Med Chem Lett,2008.0,Muscarinic acetylcholine receptor M1,Ki,nM,5.08,690.49,5.05
CHEMBL140746,14.0,CN1CCC=C(c2nsnc2SCCCCCSc2nsnc2C2=CCCN(C)C2)C1,Scientific Literature,Binding affinity towards M1 muscarinic receptor expressed in A9 L cells by displacing [3H](R)-QNB radioligand.,B,,,J Med Chem,2001.0,Muscarinic acetylcholine receptor M1,Ki,nM,7.85,494.78,4.88
CHEMBL84113,2800.0,O=C(OC1CC2CCCC1N2)c1ccccc1,Scientific Literature,The binding affinity was measured as inhibition of binding of [3H]- quinuclidinyl benzilate to Muscarinic acetylcholine receptor M1 in membranes of CHO cells,B,,,J Med Chem,2000.0,Muscarinic acetylcholine receptor M1,Ki,nM,5.55,231.29,2.13
CHEMBL2114068,0.68,C=C(c1ccc([S@@+]([O-])c2ccc(OC)cc2)cc1)C1CCN(C2CCCCC2)CC1,Scientific Literature,Binding affinity against Muscarinic acetylcholine receptor M1,B,,,Bioorg Med Chem Lett,2000.0,Muscarinic acetylcholine receptor M1,Ki,nM,9.17,423.62,5.92
CHEMBL310912,6.0,COc1ccc(S(=O)(=O)c2ccc(C(C)N3CCN(C4CCCCC4)CC3)cc2)cc1,Scientific Literature,Binding affinity towards the cloned human Muscarinic acetylcholine receptor M1,B,,,Bioorg Med Chem Lett,2000.0,Muscarinic acetylcholine receptor M1,Ki,nM,8.22,442.63,4.54
CHEMBL420662,1318.26,C=CCOC(=O)c1c(C)[nH]c2ccc3c(c12)CN1CCc2cc(OC)ccc2C1O3,Scientific Literature,Inhibition of [3H]NMS binding to human muscarinic acetylcholine receptor M1 in transfected CHO cells.,B,,,J Med Chem,2002.0,Muscarinic acetylcholine receptor M1,Ki,nM,5.88,404.47,4.28
CHEMBL553155,30902.95,C[N+]1(C)CCC[C@H]1c1ccco1.[I-],Scientific Literature,Displacement of [3H]NMS from human muscarinic M1 receptor expressed in CHO cells by liquid scintillation counter,B,Homo sapiens,,J Med Chem,2008.0,Muscarinic acetylcholine receptor M1,Ki,nM,4.51,293.15,2.19
CHEMBL1095819,2800.0,CN1CCC[C@@H](c2nc3ccccc3n2Cc2ccc(F)cc2)C1,Scientific Literature,Inhibition of muscarinic M1 receptor,B,,,Bioorg Med Chem Lett,2012.0,Muscarinic acetylcholine receptor M1,Ki,nM,5.55,323.42,4.03
CHEMBL3354068,0.912,CN1CCC=C(c2nsnc2OCCCCCCCC2CCN(CCCN3C(=O)CCc4ccccc43)CC2)C1,Scientific Literature,Displacement of [3H]NMS from human M1 receptor expressed in CHO cells by microplate scintillation counting based radioligand binding assay,B,Homo sapiens,,J Med Chem,2014.0,Muscarinic acetylcholine receptor M1,Ki,nM,9.04,565.83,6.06
CHEMBL4859378,1.514,C[C@H](NC(=O)[C@H](CCCNC(=N)N)NCCN1CCN(CCCCC2CCN(CC(=O)N3c4ccccc4NC(=O)c4ccccc43)CC2)CC1)C(=O)NC(=O)[C@@H](N)CCCN.O=C(O)C(F)(F)F.O=C(O)C(F)(F)F.O=C(O)C(F)(F)F.O=C(O)C(F)(F)F.O=C(O)C(F)(F)F,Scientific Literature,Displacement of [3H]-NMS from human muscarinic M1 receptor expressed in CHO cell membranes assessed as inhibition constant by radioligand competition analysis,B,Homo sapiens,,Eur J Med Chem,2021.0,Muscarinic acetylcholine receptor M1,Ki,nM,8.82,1430.23,0.85
CHEMBL4874785,10232.93,CC(=O)NC(=O)[C@H](CCCNC(=N)N)NC(=O)[C@H](C)NC(=O)[C@@H](CCCNC(=N)N)NCC(=O)NC1CCN(CC(=O)N2c3ccccc3NC(=O)c3ccccc32)CC1.O=C(O)C(F)(F)F.O=C(O)C(F)(F)F.O=C(O)C(F)(F)F,Scientific Literature,Displacement of [3H]-NMS from human muscarinic M1 receptor expressed in CHO cell membranes assessed as inhibition constant by radioligand competition analysis,B,Homo sapiens,,Eur J Med Chem,2021.0,Muscarinic acetylcholine receptor M1,Ki,nM,4.99,1175.03,-1.37
CHEMBL4864101,2951.21,NCC(=O)NC1CCN(CC(=O)N2c3ccccc3NC(=O)c3ccccc32)CC1.O=C(O)C(F)(F)F.O=C(O)C(F)(F)F,Scientific Literature,Displacement of [3H]-NMS from human muscarinic M1 receptor expressed in CHO cell membranes assessed as inhibition constant by radioligand competition analysis,B,Homo sapiens,,Eur J Med Chem,2021.0,Muscarinic acetylcholine receptor M1,Ki,nM,5.53,635.52,1.46
CHEMBL4878646,2.57,NC1CCN(CCCCC2CCN(CC(=O)N3c4ccccc4NC(=O)c4ccccc43)CC2)CC1.O=C(O)C(F)(F)F.O=C(O)C(F)(F)F.O=C(O)C(F)(F)F,Scientific Literature,Displacement of [3H]-NMS from human muscarinic M1 receptor expressed in CHO cell membranes assessed as inhibition constant by radioligand competition analysis,B,Homo sapiens,,Eur J Med Chem,2021.0,Muscarinic acetylcholine receptor M1,Ki,nM,8.59,831.73,4.22
CHEMBL2312379,11700.0,CCN1CCC(c2ccccc2)=C(C(=O)OCCc2ccc(OC)c(F)c2)C1,Scientific Literature,Displacement of [3H]NMS from human M1 muscarinic receptor expressed in CHO-K1 cells,B,Homo sapiens,,J Med Chem,2013.0,Muscarinic acetylcholine receptor M1,Ki,nM,4.93,383.46,4.1
CHEMBL2312389,3290.0,CCN1CCC(c2ccccc2)=C(C(=O)OCCCc2ccc(OC)cc2)C1,Scientific Literature,Displacement of [3H]NMS from human M1 muscarinic receptor expressed in CHO-K1 cells,B,Homo sapiens,,J Med Chem,2013.0,Muscarinic acetylcholine receptor M1,Ki,nM,5.48,379.5,4.35
CHEMBL2312357,100000.0,COc1ccc(CCOC(=O)C2=C(c3ccccc3OC)CCN(C)C2)cc1OC,Scientific Literature,Displacement of [3H]NMS from human M1 muscarinic receptor expressed in CHO-K1 cells,B,Homo sapiens,,J Med Chem,2013.0,Muscarinic acetylcholine receptor M1,Ki,nM,,411.5,3.59
CHEMBL2312365,100000.0,CN1CCC(c2ccccc2)=C(C(=O)OCc2ccc3c(c2)CCO3)C1,Scientific Literature,Displacement of [3H]NMS from human M1 muscarinic receptor expressed in CHO-K1 cells,B,Homo sapiens,,J Med Chem,2013.0,Muscarinic acetylcholine receptor M1,Ki,nM,,349.43,3.45
CHEMBL4871563,5370.32,CC(=O)NC(=O)[C@H](CCCCN)NC(=O)[C@H](C)NC(=O)[C@H](CCCNC(=N)N)NCCN1CCN(CC(=O)NC2CCN(CC(=O)N3c4ccccc4NC(=O)c4ccccc43)CC2)CC1.O=C(O)C(F)(F)F.O=C(O)C(F)(F)F.O=C(O)C(F)(F)F.O=C(O)C(F)(F)F.O=C(O)C(F)(F)F,Scientific Literature,Displacement of [3H]-NMS from human muscarinic M1 receptor expressed in CHO cell membranes assessed as inhibition constant by radioligand competition analysis,B,Homo sapiens,,Eur J Med Chem,2021.0,Muscarinic acetylcholine receptor M1,Ki,nM,5.27,1487.24,-0.88
CHEMBL2312381,100000.0,CCN1CCC(c2ccccc2)=C(C(=O)OCCc2c(C)cc(C)cc2C)C1,Scientific Literature,Displacement of [3H]NMS from human M1 muscarinic receptor expressed in CHO-K1 cells,B,Homo sapiens,,J Med Chem,2013.0,Muscarinic acetylcholine receptor M1,Ki,nM,,377.53,4.88
CHEMBL2312387,470.0,CCN1CCC(c2ccccc2)=C(C(=O)OCCc2cccc(OC)c2)C1,Scientific Literature,Displacement of [3H]NMS from human M1 muscarinic receptor expressed in CHO-K1 cells,B,Homo sapiens,,J Med Chem,2013.0,Muscarinic acetylcholine receptor M1,Ki,nM,6.33,365.47,3.96
CHEMBL1094510,40.0,CN1CCCC(c2nc3ccccc3n2CCOc2ccccc2)C1,Scientific Literature,Inhibition of muscarinic M1 receptor,B,,,Bioorg Med Chem Lett,2012.0,Muscarinic acetylcholine receptor M1,Ki,nM,7.4,335.45,3.92
CHEMBL1935439,10000.0,CN(C)C(=O)CN1CCCC(c2nc3ccccc3n2CCOc2ccccc2)C1,Scientific Literature,Inhibition of muscarinic M1 receptor,B,,,Bioorg Med Chem Lett,2012.0,Muscarinic acetylcholine receptor M1,Ki,nM,,406.53,3.38
CHEMBL499519,490.0,CCCCCCCCCCCC(OC(=O)C(CCCCN(O)C(C)=O)NC(=O)c1coc(-c2ccccc2O)n1)C(C)C(=O)NC1CCCCN(O)C1=O,Scientific Literature,Binding affinity to human muscarinic M1 receptor expressed in insect Sf9 cells,B,Homo sapiens,,J Nat Prod,2005.0,Muscarinic acetylcholine receptor M1,Ki,nM,6.31,757.93,5.91
CHEMBL527880,51286.14,C[N+]1(C)CCC[C@@H]1c1ccco1.[I-],Scientific Literature,Displacement of [3H]NMS from human muscarinic M1 receptor expressed in CHO cells by liquid scintillation counter,B,Homo sapiens,,J Med Chem,2008.0,Muscarinic acetylcholine receptor M1,Ki,nM,4.29,293.15,2.19
CHEMBL450463,36307.81,Cc1ccc([C@@H]2CCCN2C)o1,Scientific Literature,Displacement of [3H]NMS from human muscarinic M1 receptor expressed in CHO cells by liquid scintillation counter,B,Homo sapiens,,J Med Chem,2008.0,Muscarinic acetylcholine receptor M1,Ki,nM,4.44,165.24,2.35
CHEMBL74305,1058.0,CCN(CC)CCOCCOC(=O)C1(c2ccc(OC)cc2)CCCC1,Scientific Literature,Binding affinity towards muscarinic m1 receptor,B,,,J Med Chem,1994.0,Muscarinic acetylcholine receptor M1,Ki,nM,5.98,363.5,3.41
CHEMBL58824,2570.4,C[C@@H]1OC(=O)[C@H]2C[C@H]3CCCC[C@H]3[C@H](/C=C\[C@H]3CCC[C@H](C)N3C)[C@@H]12,Scientific Literature,Binding affinity against human muscarine receptor (hM1) cloned in CHO cells,B,Homo sapiens,,Bioorg Med Chem Lett,2002.0,Muscarinic acetylcholine receptor M1,Ki,nM,5.59,345.53,4.42
CHEMBL539373,15.85,C[N+]1(C)CCC[C@H]1[C@H]1C[S+]([O-])C(c2ccccc2)(c2ccccc2)O1.[I-],Scientific Literature,Displacement of [3H]NMS from human muscarinic M1 receptor expressed in CHO cells,B,Homo sapiens,,Bioorg Med Chem,2008.0,Muscarinic acetylcholine receptor M1,Ki,nM,7.8,483.42,3.27
CHEMBL493980,10.0,CN1CCC[C@H]1[C@H]1C[S+]([O-])[C@@](c2ccccc2)(C2CCCCC2)O1,Scientific Literature,Displacement of [3H]NMS from human muscarinic M1 receptor expressed in CHO cells,B,Homo sapiens,,Bioorg Med Chem,2008.0,Muscarinic acetylcholine receptor M1,Ki,nM,8.0,347.52,3.66
CHEMBL4100938,23.0,C[N+](C)(C)CCc1ccc2ccoc2c1.O=C[O-],Scientific Literature,Displacement of [3H]N-methyl-scopolamine bromide from human recombinant muscarinic M1 receptor expressed in HEK293T cell membranes after 1 hr by liquid scintillation counting method,B,Homo sapiens,,J Med Chem,2017.0,Muscarinic acetylcholine receptor M1,Ki,nM,7.64,249.31,2.68
CHEMBL4091934,52000.0,COc1cccc(CC[N+](C)(C)C)c1.O=C[O-],Scientific Literature,Displacement of [3H]N-methyl-scopolamine from human recombinant muscarinic M1 receptor expressed in CHO-FlpIn cells after 6 hrs by liquid scintillation counting method,B,Homo sapiens,,J Med Chem,2017.0,Muscarinic acetylcholine receptor M1,Ki,nM,4.28,239.32,1.94
CHEMBL2311980,100000.0,CCOC(=O)C1=C(c2ccccc2)CCN(C2CCN(C(=O)c3c(C)cccc3C)CC2)C1,Scientific Literature,Displacement of [3H]NMS from human M1 muscarinic receptor expressed in CHO-K1 cells,B,Homo sapiens,,J Med Chem,2013.0,Muscarinic acetylcholine receptor M1,Ki,nM,,446.59,4.63
CHEMBL2312360,100000.0,CCCCN1CCC(c2ccccc2)=C(C(=O)OCCc2ccc(OC)cc2)C1,Scientific Literature,Displacement of [3H]NMS from human M1 muscarinic receptor expressed in CHO-K1 cells,B,Homo sapiens,,J Med Chem,2013.0,Muscarinic acetylcholine receptor M1,Ki,nM,,393.53,4.74
CHEMBL229429,10000.0,N#Cc1cc(F)cc(C#Cc2csc(CF)n2)c1,Scientific Literature,Displacement of [3H]QNB from muscarinic M1 receptor,B,Homo sapiens,,J Med Chem,2007.0,Muscarinic acetylcholine receptor M1,Ki,nM,,260.27,3.02
CHEMBL2112955,120.0,O=C(CCNC(=O)CNC(=O)CC(c1ccccc1)(c1ccccc1)c1ccccc1)NC[C@H]1CCCN(CC2CCCCC2)C1,Scientific Literature,Binding affinity (Ki) against binding of [3H]NMS using membranes from CHO cells expressing cloned human Muscarinic acetylcholine receptor M1,B,Homo sapiens,,J Med Chem,2002.0,Muscarinic acetylcholine receptor M1,Ki,nM,6.92,622.85,5.44
CHEMBL2112961,150.0,O=C(CNC(=O)[C@@H]1CCCN1C(=O)CC(c1ccccc1)(c1ccccc1)c1ccccc1)NC[C@H]1CCCN(CC2CCCCC2)C1,Scientific Literature,Binding affinity (Ki) against binding of [3H]NMS using membranes from CHO cells expressing cloned human Muscarinic acetylcholine receptor M1,B,Homo sapiens,,J Med Chem,2002.0,Muscarinic acetylcholine receptor M1,Ki,nM,6.82,648.89,5.93
CHEMBL1092598,2400.0,C[C@H](C1=C(CCN(C)C)Cc2ccccc21)c1nccs1,Scientific Literature,Binding affinity at M1 receptor,B,,,Bioorg Med Chem Lett,2010.0,Muscarinic acetylcholine receptor M1,Ki,nM,5.62,298.46,4.21
CHEMBL500313,100000.0,CN1CCC[C@H]1[C@@H]1CNC(=O)O1,Scientific Literature,Displacement of [3H]NMS from human muscarinic M1 receptor expressed in CHO cells,B,Homo sapiens,,Bioorg Med Chem Lett,2013.0,Muscarinic acetylcholine receptor M1,Ki,nM,,170.21,0.19
CHEMBL104332,199.53,C=CCOC(=O)c1c(C)n(Cc2ccc(OC)cc2)c2ccc3c(c12)CN1CCc2cc(OC)ccc2C1O3,Scientific Literature,Inhibition of [3H]NMS binding to human muscarinic acetylcholine receptor M1 in transfected CHO cells.,B,,,J Med Chem,2002.0,Muscarinic acetylcholine receptor M1,Ki,nM,6.7,524.62,5.81
CHEMBL105148,2187.76,CCOC(=O)c1c(CC)[nH]c2ccc3c(c12)CN1CCc2cc(OC)ccc2C1O3,Scientific Literature,Inhibition of [3H]NMS binding to human muscarinic acetylcholine receptor M1 in transfected CHO cells.,B,,,J Med Chem,2002.0,Muscarinic acetylcholine receptor M1,Ki,nM,5.66,406.48,4.36
CHEMBL3354067,6.761,CN1CCC=C(c2nsnc2OCCCCCC2CCN(CCCN3C(=O)CCc4ccccc43)CC2)C1,Scientific Literature,Displacement of [3H]NMS from human M1 receptor expressed in CHO cells by microplate scintillation counting based radioligand binding assay,B,Homo sapiens,,J Med Chem,2014.0,Muscarinic acetylcholine receptor M1,Ki,nM,8.17,537.77,5.28
CHEMBL3354074,354.81,O=C1CCc2ccccc2N1CCCN1CCC(CCCCCCCO)CC1,Scientific Literature,Displacement of [3H]NMS from human M1 receptor expressed in CHO cells by microplate scintillation counting based radioligand binding assay,B,Homo sapiens,,J Med Chem,2014.0,Muscarinic acetylcholine receptor M1,Ki,nM,6.45,386.58,4.4
CHEMBL2021476,22.39,CN(C)[C@@H]1CCCC[C@H]1N(C)CC(=O)N1c2ccccc2NC(=O)c2ccccc21.O=C(O)C(=O)O.O=C(O)C(=O)O,Scientific Literature,Displacement of [3H]N-methylscopolamine chloride from human cloned muscarinic M1 receptor expressed in CHOK1 cells,B,Homo sapiens,,Bioorg Med Chem,2008.0,Muscarinic acetylcholine receptor M1,Ki,nM,7.65,586.6,3.72
CHEMBL555475,7413.1,Cc1ccc(C2CCC[N+]2(C)C)o1.[I-],Scientific Literature,Displacement of [3H]NMS from human muscarinic M1 receptor expressed in CHO cells by liquid scintillation counter,B,Homo sapiens,,J Med Chem,2008.0,Muscarinic acetylcholine receptor M1,Ki,nM,5.13,307.18,2.5
CHEMBL173950,581.0,C[C@@H]1OC(=O)[C@H]2C[C@H]3CCCC[C@@H]3[C@@H](CCCN3CCN[C@@H](C)C3)[C@@H]12,Scientific Literature,Binding affinity towards human muscarinic M1 receptor in CHO-KI cells using [3H]- QNB as radioligand,B,,,Bioorg Med Chem Lett,1999.0,Muscarinic acetylcholine receptor M1,Ki,nM,6.24,348.53,3.06
CHEMBL1935447,10000.0,COc1ccc(Cn2c([C@H]3CNCCS3)nc3ccccc32)cc1,Scientific Literature,Inhibition of muscarinic M1 receptor,B,,,Bioorg Med Chem Lett,2012.0,Muscarinic acetylcholine receptor M1,Ki,nM,,339.46,3.47
CHEMBL4748774,1047.13,O=C(CCN1CCCc2ccccc21)N1CCCC1,Scientific Literature,Displacement of [3H]-NMS from muscarinic M1 receptor (unknown origin) expressed in CHO-K1 cell membranes assessed as inhibition constant by radioligand competition analysis,B,Homo sapiens,,Bioorg Med Chem Lett,2020.0,Muscarinic acetylcholine receptor M1,Ki,nM,5.98,258.37,2.45
CHEMBL4791819,602.56,CC1CCCN(C(=O)CCN2CCCc3ccccc32)C1,Scientific Literature,Displacement of [3H]-NMS from muscarinic M1 receptor (unknown origin) expressed in CHO-K1 cell membranes assessed as inhibition constant by radioligand competition analysis,B,Homo sapiens,,Bioorg Med Chem Lett,2020.0,Muscarinic acetylcholine receptor M1,Ki,nM,6.22,286.42,3.09
CHEMBL4745885,17378.01,COC1CN(C(=O)CCN2CCCc3ccccc32)C1,Scientific Literature,Displacement of [3H]-NMS from muscarinic M1 receptor (unknown origin) expressed in CHO-K1 cell membranes assessed as inhibition constant by radioligand competition analysis,B,Homo sapiens,,Bioorg Med Chem Lett,2020.0,Muscarinic acetylcholine receptor M1,Ki,nM,4.76,274.36,1.69
CHEMBL4752380,51286.14,O=C(CCN1CCCc2ccccc21)N1CCC(O)C1,Scientific Literature,Displacement of [3H]-NMS from muscarinic M1 receptor (unknown origin) expressed in CHO-K1 cell membranes assessed as inhibition constant by radioligand competition analysis,B,Homo sapiens,,Bioorg Med Chem Lett,2020.0,Muscarinic acetylcholine receptor M1,Ki,nM,4.29,274.36,1.42
CHEMBL4756237,93325.43,O=C(CN1CCCc2cnccc21)N1CCCC1,Scientific Literature,Displacement of [3H]-NMS from muscarinic M1 receptor (unknown origin) expressed in CHO-K1 cell membranes assessed as inhibition constant by radioligand competition analysis,B,Homo sapiens,,Bioorg Med Chem Lett,2020.0,Muscarinic acetylcholine receptor M1,Ki,nM,4.03,245.33,1.46
CHEMBL4775999,44668.36,CC1CCc2ccccc2N1CC(=O)N1CCCC1,Scientific Literature,Displacement of [3H]-NMS from muscarinic M1 receptor (unknown origin) expressed in CHO-K1 cell membranes assessed as inhibition constant by radioligand competition analysis,B,Homo sapiens,,Bioorg Med Chem Lett,2020.0,Muscarinic acetylcholine receptor M1,Ki,nM,4.35,258.37,2.45
CHEMBL4761549,100000.0,O=C(CN1CCCc2ccc(O)cc21)N1CCCCC1,Scientific Literature,Displacement of [3H]-NMS from muscarinic M1 receptor (unknown origin) expressed in CHO-K1 cell membranes assessed as inhibition constant by radioligand competition analysis,B,Homo sapiens,,Bioorg Med Chem Lett,2020.0,Muscarinic acetylcholine receptor M1,Ki,nM,,274.36,2.16
CHEMBL4762755,4897.79,O=C(CCN1CCCc2ccccc21)Nc1cccc2cccnc12,Scientific Literature,Displacement of [3H]-NMS from muscarinic M1 receptor (unknown origin) expressed in CHO-K1 cell membranes assessed as inhibition constant by radioligand competition analysis,B,Homo sapiens,,Bioorg Med Chem Lett,2020.0,Muscarinic acetylcholine receptor M1,Ki,nM,5.31,331.42,4.02
CHEMBL1834350,10000.0,CCN/C(=N\S(=O)(=O)c1cccc(Cl)c1)N1CC2(C=N1)CCNCC2,Scientific Literature,Inhibition of human muscarinic M1 receptor,B,Homo sapiens,,J Med Chem,2011.0,Muscarinic acetylcholine receptor M1,Ki,nM,5.0,383.91,1.67
CHEMBL289894,6300.0,C[C@@H]1CC2(CO1)CN1CCC2CC1,Scientific Literature,Compound was evaluated for its binding affinity against muscarinic acetylcholine receptor M1 in guinea pig cerebral cortex using (-)-[3H]-QNB as radioligand,B,Cavia porcellus,Cerebral cortex,J Med Chem,1992.0,Muscarinic acetylcholine receptor M1,Ki,nM,5.2,181.28,1.51
CHEMBL287834,15000.0,C[C@H]1CCC2(CN3CCC2CC3)O1,Scientific Literature,Compound was evaluated for its binding affinity against muscarinic acetylcholine receptor M1 in guinea pig cerebral cortex using (-)-[3H]-QNB as radioligand,B,Cavia porcellus,Cerebral cortex,J Med Chem,1992.0,Muscarinic acetylcholine receptor M1,Ki,nM,4.82,181.28,1.65
CHEMBL73501,581.0,CCN(CC)CCOCNC(=O)C1(c2ccc(Cl)c(Cl)c2)CCCCC1,Scientific Literature,Binding affinity towards muscarinic m1 receptor,B,,,J Med Chem,1994.0,Muscarinic acetylcholine receptor M1,Ki,nM,6.24,401.38,4.63
CHEMBL150219,22.0,CC(C)=CCCN1CCC(NC(=O)[C@](O)(c2ccccc2)[C@@H]2CCC(F)(F)C2)CC1,Scientific Literature,Inhibition of [3H]NMS binding to human muscarinic acetylcholine receptor M1 expressed in CHO cells,B,,,J Med Chem,2000.0,Muscarinic acetylcholine receptor M1,Ki,nM,7.66,420.54,4.25
CHEMBL2112957,14.0,O=C(NC[C@H]1CCCN(CC2CCCCC2)C1)[C@H]1CCCN1C(=O)[C@@H]1CCCN1C(=O)CC(c1ccccc1)(c1ccccc1)c1ccccc1,Scientific Literature,Binding affinity (Ki) against binding of [3H]NMS using membranes from CHO cells expressing cloned human Muscarinic acetylcholine receptor M1,B,Homo sapiens,,J Med Chem,2002.0,Muscarinic acetylcholine receptor M1,Ki,nM,7.85,688.96,6.8
CHEMBL2112956,110.0,O=C(CCCCCNC(=O)CC(c1ccccc1)(c1ccccc1)c1ccccc1)NC[C@H]1CCCN(CC2CCCCC2)C1,Scientific Literature,Binding affinity (Ki) against binding of [3H]NMS using membranes from CHO cells expressing cloned human Muscarinic acetylcholine receptor M1,B,Homo sapiens,,J Med Chem,2002.0,Muscarinic acetylcholine receptor M1,Ki,nM,6.96,607.88,7.5
CHEMBL307628,3110.0,O=C(OCOCCN1CCOCC1)C1(c2ccc(Cl)c(Cl)c2)CCCCC1,Scientific Literature,Binding affinity towards muscarinic m1 receptor,B,,,J Med Chem,1994.0,Muscarinic acetylcholine receptor M1,Ki,nM,5.51,416.35,4.04
CHEMBL305531,2.1,NCC1CCN(C(=O)[C@](O)(c2ccccc2)[C@@H]2CCC(F)(F)C2)C1,Scientific Literature,Binding affinity against human Muscarinic acetylcholine receptor M1 in transfected CHO cells,B,,,Bioorg Med Chem Lett,2003.0,Muscarinic acetylcholine receptor M1,Ki,nM,8.68,338.4,2.12
CHEMBL352779,16218.1,CN(C)CCNC(=O)C1=C(Cc2ccccn2)c2ccccc2C1,Scientific Literature,Binding affinity towards cloned human muscarinic acetylcholine receptor M1 stably expressed in CHO-K1 cells using [3H]N-methylscopolamine,B,,,J Med Chem,2003.0,Muscarinic acetylcholine receptor M1,Ki,nM,4.79,321.42,2.31
CHEMBL183331,811.0,CCN1C(CCC2[C@H]3[C@H](C)OC(=O)[C@H]3C[C@H]3CCCC[C@H]23)CCC1(C)C,Scientific Literature,In vitro inhibitory activity against cloned human M1 muscarinic receptor,B,Homo sapiens,,Bioorg Med Chem Lett,2004.0,Muscarinic acetylcholine receptor M1,Ki,nM,6.09,361.57,5.03
CHEMBL314493,27000.0,CN1C2CCCC1C(OC(=O)OCC(Cl)(Cl)Cl)C2,Scientific Literature,The binding affinity was measured as inhibition of binding of [3H]- quinuclidinyl benzilate to Muscarinic acetylcholine receptor M1 in membranes of CHO cells,B,,,J Med Chem,2000.0,Muscarinic acetylcholine receptor M1,Ki,nM,4.57,316.61,3.14
CHEMBL553434,13803.84,Cc1ccc([C@H]2CCC[N+]2(C)C)o1.[I-],Scientific Literature,Displacement of [3H]NMS from human muscarinic M1 receptor expressed in CHO cells by liquid scintillation counter,B,Homo sapiens,,J Med Chem,2008.0,Muscarinic acetylcholine receptor M1,Ki,nM,4.86,307.18,2.5
CHEMBL3913607,478.63,Cc1ncoc1-c1nnc(SCCCN2CC[C@]3(C[C@H]3c3ccc(C(F)(F)F)cc3)C2)n1C,Scientific Literature,Activity at human muscarinic acetylcholine receptor M1 transfected in CHO-K1 cells assessed as intracellular calcium levels in presence of acetylcholine by FLIPR assay,F,Homo sapiens,,J Med Chem,2016.0,Muscarinic acetylcholine receptor M1,Ki,nM,6.32,477.56,5.16
CHEMBL1258452,10000.0,CCCCN1CCC(COC(=O)c2ccc(N)c(OC)c2)CC1,Scientific Literature,Binding affinity to human muscarinic M1 receptor,B,Homo sapiens,,J Med Chem,2010.0,Muscarinic acetylcholine receptor M1,Ki,nM,,320.43,2.95
CHEMBL145533,1800.0,OC1(c2nc3ccccc3o2)CN2CCC1CC2,Scientific Literature,Binding affinity for muscarinic acetylcholine receptor M1 by measuring displacement of [3H]QNB from guinea pig cerebral cortex,B,Cavia porcellus,Cerebral cortex,J Med Chem,1995.0,Muscarinic acetylcholine receptor M1,Ki,nM,5.75,244.29,1.74
CHEMBL168496,6500.0,Cc1cnc(N2CCc3ccccc3C2)cc1NCCO,Scientific Literature,Displacement of [3H]pirenzepine from M1 receptor,B,,,Bioorg Med Chem Lett,2003.0,Muscarinic acetylcholine receptor M1,Ki,nM,5.19,283.38,2.36
CHEMBL451821,11.0,CN[C@@H](C(=O)N(C)[C@H]1CC[C@@]2(C)C(=CC[C@H]3[C@@H]4CC[C@@H]5[C@H](C)N(C)C[C@@]54CC[C@@H]32)C1)C(C)C,Scientific Literature,Binding affinity to muscarinic M1 receptor,B,,,J Med Chem,2009.0,Muscarinic acetylcholine receptor M1,Ki,nM,7.96,455.73,4.95
CHEMBL4074104,12022.64,CC1CCN(CCCN2C(=O)CCc3ccccc32)CC1,Scientific Literature,Displacement of [3H]NMS from human muscarinic M1 receptor expressed in CHO cell membranes after 2 hrs by liquid scintillation counting method,B,Homo sapiens,,J Med Chem,2018.0,Muscarinic acetylcholine receptor M1,Ki,nM,4.92,286.42,3.09
CHEMBL2078987,35.48,CN(C)C[C@@H]1COCC(c2ccccc2)(c2ccccc2)O1,Scientific Literature,Displacement of [3H]NMS from recombinant human muscarinic M1 receptor expressed in CHOK1 cell membranes after 120 mins by scintillation counting method,B,Homo sapiens,,Eur J Med Chem,2017.0,Muscarinic acetylcholine receptor M1,Ki,nM,7.45,297.4,2.91
CHEMBL3350063,100000.0,C[C@H]1O[C@@H]([C@H]2CCCN2C)C[S@+]1[O-],Scientific Literature,Binding affinity to cloned human muscarinic M1 receptor expressed in CHO cells,B,Homo sapiens,,J Med Chem,2006.0,Muscarinic acetylcholine receptor M1,Ki,nM,,203.31,0.57
CHEMBL353140,59.4,CCN(CCCCC1CCN(CC(=O)N2c3ccccc3NC(=O)c3ccccc32)CC1)C(=O)c1ccc(F)cc1,Scientific Literature,Tested in vitro for the binding affinity against muscarinic receptor subtype 1 (M1),B,,,Bioorg Med Chem Lett,1997.0,Muscarinic acetylcholine receptor M1,Ki,nM,7.23,556.68,6.1
CHEMBL68584,3.0,NC1CCN(C(=O)[C@](O)(c2ccccc2)[C@@H]2CCC(F)(F)C2)CC1,Scientific Literature,Binding affinity against human Muscarinic acetylcholine receptor M1 in transfected CHO cells,B,,,Bioorg Med Chem Lett,2003.0,Muscarinic acetylcholine receptor M1,Ki,nM,8.52,338.4,2.26
CHEMBL404557,100000.0,C[C@@H]1COC[C@@H](C[N+](C)(C)C)O1.[I-],Scientific Literature,Displacement of [3H]NMS from human cloned muscarinic M1 receptor expressed in CHO cells,B,Homo sapiens,,Bioorg Med Chem Lett,2008.0,Muscarinic acetylcholine receptor M1,Ki,nM,,301.17,0.5
CHEMBL257547,17378.01,C[N+]1(CCCC(O)(c2ccccc2)c2ccccc2)CCN(c2ccccc2)CC1.[I-],Scientific Literature,Displacement of [3H]N-methylscopolamine from human muscarinic M1 receptor expressed in CHO-K1 cells,B,Homo sapiens,,Bioorg Med Chem Lett,2008.0,Muscarinic acetylcholine receptor M1,Ki,nM,4.76,528.48,4.67
CHEMBL4758633,14125.38,O=C(CCN1CCCc2ccccc21)N1CCC[C@H]1CO,Scientific Literature,Displacement of [3H]-NMS from muscarinic M1 receptor (unknown origin) expressed in CHO-K1 cell membranes assessed as inhibition constant by radioligand competition analysis,B,Homo sapiens,,Bioorg Med Chem Lett,2020.0,Muscarinic acetylcholine receptor M1,Ki,nM,4.85,288.39,1.81
CHEMBL70464,23.0,COc1ccc([S+]([O-])c2ccc(C(N3CCN(C4CCCCC4)CC3)C(F)(F)F)cc2)cc1,Scientific Literature,Binding affinity towards the cloned human Muscarinic acetylcholine receptor M1,B,,,Bioorg Med Chem Lett,2000.0,Muscarinic acetylcholine receptor M1,Ki,nM,7.64,480.6,5.42
CHEMBL73145,200.0,CCOC(=O)N1CCN(C(C)c2ccc(S(=O)(=O)c3ccccc3)cc2)CC1,Scientific Literature,Binding affinity towards the cloned human Muscarinic acetylcholine receptor M1,B,,,Bioorg Med Chem Lett,2000.0,Muscarinic acetylcholine receptor M1,Ki,nM,6.7,402.52,3.35
CHEMBL360154,640.0,CCN1C(C/C=C2\[C@H]3[C@H](C)OC(=O)[C@H]3C=C3CCCC[C@@H]32)CCC1(C)C,Scientific Literature,In vitro inhibitory activity against cloned human M1 muscarinic receptor,B,Homo sapiens,,Bioorg Med Chem Lett,2004.0,Muscarinic acetylcholine receptor M1,Ki,nM,6.19,357.54,4.87
CHEMBL4468100,1071.52,CCCC(C)(C)C(=O)N(CC)CCCC1CCN(CC(=O)N2c3ccc(Cl)cc3C(=O)Nc3cccnc32)CC1,Scientific Literature,Displacement of [3H]-NMS from human muscarinic M1 receptor expressed in CHO-K1 cells by scintillation counting method,B,Homo sapiens,,J Med Chem,2019.0,Muscarinic acetylcholine receptor M1,Ki,nM,5.97,568.16,6.13
CHEMBL4472832,70.0,CN1CCC(OC(=O)N(CCc2ccc(F)cc2)c2ccccc2)CC1,Scientific Literature,Displacement of [3H]NMS from human M1 AChR expressed in CHO cell membranes after 1 to 2 hrs by liquid scintillation spectrometry method,B,Homo sapiens,,Bioorg Med Chem Lett,2019.0,Muscarinic acetylcholine receptor M1,Ki,nM,7.16,356.44,4.11
CHEMBL4519301,2.0,O=C(OC1CN2CCC1CC2)N(CCc1ccc(F)cc1)c1ccccc1,Scientific Literature,Displacement of [3H]NMS from human M1 AChR expressed in CHO cell membranes after 1 to 2 hrs by liquid scintillation spectrometry method,B,Homo sapiens,,Bioorg Med Chem Lett,2019.0,Muscarinic acetylcholine receptor M1,Ki,nM,8.7,368.45,4.11
CHEMBL4461216,760.0,COc1ccc(CCOC(=O)N(c2ccccc2)C2CN3CCC2CC3)cc1,Scientific Literature,Displacement of [3H]NMS from human M1 AChR expressed in CHO cell membranes after 1 to 2 hrs by liquid scintillation spectrometry method,B,Homo sapiens,,Bioorg Med Chem Lett,2019.0,Muscarinic acetylcholine receptor M1,Ki,nM,6.12,380.49,3.98
CHEMBL4573269,6980.0,COc1ccc(CCOC(=O)N(c2ccccc2)C2CN3CCC2CC3)cc1OC,Scientific Literature,Displacement of [3H]NMS from human M1 AChR expressed in CHO cell membranes after 1 to 2 hrs by liquid scintillation spectrometry method,B,Homo sapiens,,Bioorg Med Chem Lett,2019.0,Muscarinic acetylcholine receptor M1,Ki,nM,5.16,410.51,3.98
CHEMBL4545030,350.0,COc1ccc(CCN(C(=O)OC2C[C@H]3CC[C@H](C2)N3C)c2ccccc2)cc1,Scientific Literature,Displacement of [3H]NMS from human M1 AChR expressed in CHO cell membranes after 1 to 2 hrs by liquid scintillation spectrometry method,B,Homo sapiens,,Bioorg Med Chem Lett,2019.0,Muscarinic acetylcholine receptor M1,Ki,nM,6.46,394.52,4.51
CHEMBL4634475,6760.83,C[N+](C)(C)C[C@@H]1CO[C@@H](c2ccc([S+]([O-])c3ccccc3)cc2)CO1.[I-],Scientific Literature,Displacement of [3H]NMS from human recombinant muscarinic receptor M1 expressed in CHO-K1 cell membranes incubated for 2 hrs by scintillation counting method,B,Homo sapiens,,J Med Chem,2020.0,Muscarinic acetylcholine receptor M1,Ki,nM,5.17,487.4,3.02
CHEMBL5282659,1.9,NCCCCCCN1CCC(OC(=O)Nc2ccc(F)cc2-c2ccc(F)c(Cl)c2)CC1,Scientific Literature,Displacement of [3H]N-methylscopolamine from human muscarinic M1 receptor expressed in human HEK293T cell membranes by radioligand competition binding based analysis,B,Homo sapiens,,J Med Chem,2022.0,Muscarinic acetylcholine receptor M1,Ki,nM,8.72,465.97,5.82
CHEMBL238825,7680.0,Cc1cc(OCC#CC[N+]2(C)CCCC2)no1.[I-],Scientific Literature,Displacement of [3H]QNB from human muscarinic M1 receptor expressed in CHO cells,B,Homo sapiens,,Bioorg Med Chem,2007.0,Muscarinic acetylcholine receptor M1,Ki,nM,5.12,362.21,1.61
CHEMBL275104,905.0,O=C1CCON1CC#CCN1CCCC1,Scientific Literature,Displacement of [3H]QNB from human muscarinic M1 receptor expressed in CHO cells,B,Homo sapiens,,Bioorg Med Chem,2007.0,Muscarinic acetylcholine receptor M1,Ki,nM,6.04,208.26,0.25
CHEMBL392186,36.0,CN(C)C1(CNCCC2CCOCC2)COc2ccc(F)cc2OC1,Scientific Literature,Displacement of 1-[N-methyl- 3H]scopolamine from human muscarinic M1 receptor expressed in Sf9 cells,B,Homo sapiens,,Bioorg Med Chem Lett,2007.0,Muscarinic acetylcholine receptor M1,Ki,nM,7.44,352.45,2.3
CHEMBL435353,58.0,CN(C)C1(CNCCC2CCOCC2)COc2ccccc2OC1,Scientific Literature,Displacement of 1-[N-methyl- 3H]scopolamine from human muscarinic M1 receptor expressed in Sf9 cells,B,Homo sapiens,,Bioorg Med Chem Lett,2007.0,Muscarinic acetylcholine receptor M1,Ki,nM,7.24,334.46,2.16
CHEMBL234438,18.0,CN(C)C1(CNCCC2CCCCC2)COc2ccccc2OC1,Scientific Literature,Displacement of 1-[N-methyl- 3H]scopolamine from human muscarinic M1 receptor expressed in Sf9 cells,B,Homo sapiens,,Bioorg Med Chem Lett,2007.0,Muscarinic acetylcholine receptor M1,Ki,nM,7.75,332.49,3.32
CHEMBL558933,2745.0,CN(C1CCCCC1)C1CCN(c2nc3ccccc3n2Cc2ccc(F)cc2)CC1,Scientific Literature,Displacement of [3H]N-methyl Scopolamine from human muscarinic M1 receptor expressed in CHO Flp-In cells by liquid scintillation assay,B,Homo sapiens,,Bioorg Med Chem Lett,2009.0,Muscarinic acetylcholine receptor M1,Ki,nM,5.56,420.58,5.46
CHEMBL144693,57.0,c1ccc2oc(C3CN4CCC3CC4)cc2c1,Scientific Literature,Binding affinity for muscarinic acetylcholine receptor M1 by measuring displacement of [3H]QNB from guinea pig cerebral cortex,B,Cavia porcellus,Cerebral cortex,J Med Chem,1995.0,Muscarinic acetylcholine receptor M1,Ki,nM,7.24,227.31,3.24
CHEMBL1090433,990.0,C[C@H](c1ccccn1)c1c(CCN(C)C)sc2ccccc12,Scientific Literature,Displacement of [3H]N-methylscopolamine from human muscarinic M1 receptor expressed in CHO Flp-In cells after 90 mins by scintillation counting,B,Homo sapiens,,Bioorg Med Chem Lett,2010.0,Muscarinic acetylcholine receptor M1,Ki,nM,6.0,310.47,4.55
CHEMBL125764,290.0,C1=C(c2cccs2)C2CCN1CC2,Scientific Literature,Binding affinity for muscarinic acetylcholine receptor M1 by measuring displacement of [3H]QNB from guinea pig cerebral cortex,B,Cavia porcellus,Cerebral cortex,J Med Chem,1995.0,Muscarinic acetylcholine receptor M1,Ki,nM,6.54,191.3,2.81
CHEMBL71124,0.53,COc1ccc([S+]([O-])c2ccc(C(C)C3CCN(C4CCCCC4)CC3)cc2)cc1,Scientific Literature,Binding affinity against Muscarinic acetylcholine receptor M1,B,,,Bioorg Med Chem Lett,2000.0,Muscarinic acetylcholine receptor M1,Ki,nM,9.28,425.64,6.01
CHEMBL1092377,2200.0,C[C@@H](c1ncccc1F)c1c(CCN(C)C)sc2ccccc12,Scientific Literature,Displacement of [3H]N-methylscopolamine from human muscarinic M1 receptor expressed in CHO Flp-In cells after 90 mins by scintillation counting,B,Homo sapiens,,Bioorg Med Chem Lett,2010.0,Muscarinic acetylcholine receptor M1,Ki,nM,5.66,328.46,4.69
CHEMBL5274390,2.8,O=C(Nc1ccc(F)cc1-c1ccc(F)c(Cl)c1)OC1CCNCC1,Scientific Literature,Displacement of [3H]N-methylscopolamine from human muscarinic M1 receptor expressed in human HEK293T cell membranes by radioligand competition binding based analysis,B,Homo sapiens,,J Med Chem,2022.0,Muscarinic acetylcholine receptor M1,Ki,nM,8.55,366.8,4.59
CHEMBL106224,1318.26,CCCc1c(C(=O)OCC)c2c3c(ccc2n1C)OC1c2ccc(OC)cc2CCN1C3,Scientific Literature,Inhibition of [3H]NMS binding to human muscarinic acetylcholine receptor M1 in transfected CHO cells.,B,,,J Med Chem,2002.0,Muscarinic acetylcholine receptor M1,Ki,nM,5.88,434.54,4.77
CHEMBL12098,653.0,Cc1cccc(C(=O)N2CCC(N3CCC(Cc4ccc(S(=O)(=O)c5cccc(Cl)c5)cc4)CC3)CC2)c1N,Scientific Literature,Binding affinity to human M1 muscarinic receptor,B,Homo sapiens,,J Med Chem,2013.0,Muscarinic acetylcholine receptor M1,Ki,nM,6.18,566.17,5.62
CHEMBL493795,144.54,CN1CCC[C@H]1[C@H]1C[S+]([O-])C(c2ccccc2)(c2ccccc2)O1,Scientific Literature,Displacement of [3H]NMS from human muscarinic M1 receptor expressed in CHO cells,B,Homo sapiens,,Bioorg Med Chem,2008.0,Muscarinic acetylcholine receptor M1,Ki,nM,6.84,341.48,3.13
CHEMBL458416,154881.66,Cc1ccc([C@@H]2CCCN2)o1,Scientific Literature,Displacement of [3H]NMS from human muscarinic M1 receptor expressed in CHO cells by liquid scintillation counter,B,Homo sapiens,,J Med Chem,2008.0,Muscarinic acetylcholine receptor M1,Ki,nM,,151.21,2.01
CHEMBL1092652,10000.0,CN(C)CCC1=C(Cc2cccnn2)c2ccc(Cl)cc2C1,Scientific Literature,Binding affinity at M1 receptor,B,,,Bioorg Med Chem Lett,2010.0,Muscarinic acetylcholine receptor M1,Ki,nM,,313.83,3.63
CHEMBL2312371,2700.0,COc1ccc(CCOC(=O)C2=C(c3ccccc3)CCN(C)C2)cc1C,Scientific Literature,Displacement of [3H]NMS from human M1 muscarinic receptor expressed in CHO-K1 cells,B,Homo sapiens,,J Med Chem,2013.0,Muscarinic acetylcholine receptor M1,Ki,nM,5.57,365.47,3.88
CHEMBL2312370,330.0,CN1CCC(c2ccccc2)=C(C(=O)OCCc2cccc(F)c2)C1,Scientific Literature,Displacement of [3H]NMS from human M1 muscarinic receptor expressed in CHO-K1 cells,B,Homo sapiens,,J Med Chem,2013.0,Muscarinic acetylcholine receptor M1,Ki,nM,6.48,339.41,3.7
CHEMBL476108,871.6,O=C(CCCN1CCCN(c2ccc(Cl)cc2)CC1)c1ccc(F)cc1,Scientific Literature,Binding affinity to human cloned muscarinic M1 receptor,B,Homo sapiens,,Bioorg Med Chem,2008.0,Muscarinic acetylcholine receptor M1,Ki,nM,6.06,374.89,4.65
CHEMBL146307,340.0,NCc1cccc(CN2CCC(NC(=O)[C@](O)(c3ccccc3)[C@@H]3CCC(F)(F)C3)CC2)c1,Scientific Literature,Inhibition of [3H]NMS binding to human muscarinic acetylcholine receptor M1 expressed in CHO cells,B,,,J Med Chem,2000.0,Muscarinic acetylcholine receptor M1,Ki,nM,6.47,457.57,3.55
CHEMBL5431371,717.0,CCN(CC)CCCC(C)Nc1cnc(C(=O)Nc2cc(F)cc3cccnc23)cn1,Scientific Literature,Binding affinity to M1 receptor (unknown origin) assessed as inhibition constant,B,Homo sapiens,,J Med Chem,2023.0,Muscarinic acetylcholine receptor M1,Ki,nM,6.14,424.52,4.34
CHEMBL1092494,10000.0,C[C@@H](c1ncccc1Cl)c1c(CCN(C)C)sc2ccccc12,Scientific Literature,Displacement of [3H]N-methylscopolamine from human muscarinic M1 receptor expressed in CHO Flp-In cells after 90 mins by scintillation counting,B,Homo sapiens,,Bioorg Med Chem Lett,2010.0,Muscarinic acetylcholine receptor M1,Ki,nM,,344.91,5.21
CHEMBL1092812,10000.0,COc1ccc(C(C)c2c(CCN(C)C)sc3ccccc23)cn1,Scientific Literature,Displacement of [3H]N-methylscopolamine from human muscarinic M1 receptor expressed in CHO Flp-In cells after 90 mins by scintillation counting,B,Homo sapiens,,Bioorg Med Chem Lett,2010.0,Muscarinic acetylcholine receptor M1,Ki,nM,,340.49,4.56
CHEMBL354636,38.0,C[C@@H]1OC(=O)[C@H]2C[C@H]3CCCC[C@@H]3[C@@H](CCCN3CCCC4CCCCC43)[C@@H]12,Scientific Literature,Binding affinity towards human muscarinic M1 receptor in CHO-KI cells using [3H]- QNB as radioligand,B,,,Bioorg Med Chem Lett,1999.0,Muscarinic acetylcholine receptor M1,Ki,nM,7.42,387.61,5.43
CHEMBL1935439,10000.0,CN(C)C(=O)CN1CCCC(c2nc3ccccc3n2CCOc2ccccc2)C1,Scientific Literature,Inhibition of muscarinic M1 receptor,B,,,Bioorg Med Chem Lett,2012.0,Muscarinic acetylcholine receptor M1,Ki,nM,,406.53,3.38
CHEMBL258906,14125.38,C[C@@H]1O[C@H]([C@@H]2CCC[N+]2(C)C)CS1,Scientific Literature,Binding affinity to human cloned muscarinic M1 receptor expressed in CHO cells,B,Homo sapiens,,Bioorg Med Chem,2008.0,Muscarinic acetylcholine receptor M1,Ki,nM,4.85,202.34,1.7
CHEMBL259131,52480.75,C[C@H]1OC[C@@H]([C@H]2CCC[N+]2(C)C)O1,Scientific Literature,Binding affinity to human cloned muscarinic M1 receptor expressed in CHO cells,B,Homo sapiens,,Bioorg Med Chem,2008.0,Muscarinic acetylcholine receptor M1,Ki,nM,4.28,186.28,0.99
CHEMBL604798,14000.0,Cc1ccc2oc(N3CCN4CCC3CC4)nc2n1,Scientific Literature,Inhibition of muscarinic M1 receptor,B,,,J Med Chem,2010.0,Muscarinic acetylcholine receptor M1,Ki,nM,4.85,258.32,1.82
CHEMBL2368392,8.9,O=C(CCC1=[N+]2C(=Cc3ccc(-c4cccs4)n3[B-]2(F)F)C=C1)NCCOCCOCCOCCOCCOCCOCCN1CCN(CC(=O)N2c3ccccc3C(=O)Nc3cccnc32)CC1,Scientific Literature,Inhibition of [3H]QNB binding to human muscarinic receptor M1,B,Homo sapiens,,J Med Chem,2004.0,Muscarinic acetylcholine receptor M1,Ki,nM,8.05,972.92,
CHEMBL569089,331.13,C[N+]1(C)CCC[C@H]1c1ccc([C@@](O)(c2ccccc2)C2CCCCC2)o1.[I-],Scientific Literature,Displacement of [3H]NMS from human cloned muscarinic M1 receptor expressed in CHO cells by scintillation counting,B,Homo sapiens,,J Med Chem,2010.0,Muscarinic acetylcholine receptor M1,Ki,nM,6.48,481.42,5.01
CHEMBL234253,220.0,Cc1ccc(CCNCC2(N(C)C)COc3ccccc3OC2)cc1,Scientific Literature,Displacement of 1-[N-methyl- 3H]scopolamine from human muscarinic M1 receptor expressed in Sf9 cells,B,Homo sapiens,,Bioorg Med Chem Lett,2007.0,Muscarinic acetylcholine receptor M1,Ki,nM,6.66,340.47,2.9
CHEMBL440491,10.5,C=C(c1ccc(S(=O)(=O)c2ccc(OC)cc2)cc1)C1CCN(C2CCN(C(=O)OCC(C)C)CC2)CC1,Scientific Literature,Binding affinity to muscarinic M1 receptor,B,Homo sapiens,,Bioorg Med Chem Lett,2007.0,Muscarinic acetylcholine receptor M1,Ki,nM,7.98,540.73,5.51
CHEMBL343182,2200.0,C1COC(C2CN3CCC2CC3)C1,Scientific Literature,Binding affinity for muscarinic acetylcholine receptor M1 by measuring displacement of [3H]QNB from guinea pig cerebral cortex,B,Cavia porcellus,Cerebral cortex,J Med Chem,1995.0,Muscarinic acetylcholine receptor M1,Ki,nM,5.66,181.28,1.51
CHEMBL539373,29.51,C[N+]1(C)CCC[C@H]1[C@H]1C[S+]([O-])C(c2ccccc2)(c2ccccc2)O1.[I-],Scientific Literature,Displacement of [3H]NMS from human muscarinic M1 receptor expressed in CHO cells,B,Homo sapiens,,Bioorg Med Chem,2008.0,Muscarinic acetylcholine receptor M1,Ki,nM,7.53,483.42,3.27
CHEMBL493795,109.65,CN1CCC[C@H]1[C@H]1C[S+]([O-])C(c2ccccc2)(c2ccccc2)O1,Scientific Literature,Displacement of [3H]NMS from human muscarinic M1 receptor expressed in CHO cells,B,Homo sapiens,,Bioorg Med Chem,2008.0,Muscarinic acetylcholine receptor M1,Ki,nM,6.96,341.48,3.13
CHEMBL354523,223.87,CCC(C1=C(CCN(C)C)Cc2cc(Cl)ccc21)c1ccccn1,Scientific Literature,Binding affinity towards cloned human muscarinic acetylcholine receptor M1 stably expressed in CHO-K1 cells using [3H]N-methylscopolamine,B,,,J Med Chem,2003.0,Muscarinic acetylcholine receptor M1,Ki,nM,6.65,340.9,5.19
CHEMBL7568,359.0,CCN(CC)CCCC(C)Nc1c2ccc(Cl)cc2nc2ccc(OC)cc12,DrugMatrix,DRUGMATRIX: Muscarinic M1 radioligand binding (ligand: [3H] N-Methylscopolamine),B,,,,,Muscarinic acetylcholine receptor M1,Ki,nM,6.45,399.97,5.97
CHEMBL58,180.3,O=C1c2c(O)ccc(O)c2C(=O)c2c(NCCNCCO)ccc(NCCNCCO)c21,DrugMatrix,DRUGMATRIX: Muscarinic M1 radioligand binding (ligand: [3H] N-Methylscopolamine),B,,,,,Muscarinic acetylcholine receptor M1,Ki,nM,6.74,444.49,-0.14
CHEMBL2092735,100000.0,C[C@H]1O[C@@H]([C@@H]2CCC[N+]2(C)C)C[S@+]1[O-].[I-],Scientific Literature,Binding affinity to cloned human muscarinic M1 receptor expressed in CHO cells,B,Homo sapiens,,J Med Chem,2006.0,Muscarinic acetylcholine receptor M1,Ki,nM,,345.25,0.72
CHEMBL148450,8.5,COc1cccc(CN2CCC(NC(=O)C(O)(c3ccccc3)C3CCCC3)CC2)c1,Scientific Literature,Inhibition of [3H]NMS binding to human muscarinic acetylcholine receptor M1 expressed in CHO cells,B,,,J Med Chem,2000.0,Muscarinic acetylcholine receptor M1,Ki,nM,8.07,422.57,3.85
CHEMBL310558,190.0,CCC(=O)OC1CC2CCCC1N2,Scientific Literature,Inhibition of [3H]- oxotremorine-M binding to human Muscarinic acetylcholine receptor M1 expressed in CHO cell membranes,B,Homo sapiens,,J Med Chem,2000.0,Muscarinic acetylcholine receptor M1,Ki,nM,6.72,183.25,1.22
CHEMBL360904,1400.0,C[C@@H]1OC(=O)[C@H]2C[C@H]3CCCC[C@@H]3[C@@H](/C=C/[C@@H]3CCC[C@H](C)N3)[C@@H]12,Scientific Literature,In vitro inhibitory activity against cloned human M1 muscarinic receptor,B,Homo sapiens,,Bioorg Med Chem Lett,2004.0,Muscarinic acetylcholine receptor M1,Ki,nM,,331.5,4.08
CHEMBL360988,1567.0,C[C@@H]1OC(=O)[C@H]2C[C@H]3CCCC[C@@H]3[C@@H](/C(O)=C/[C@H]3CCC[C@H](C)N3C)[C@@H]12,Scientific Literature,In vitro inhibitory activity against cloned human M1 muscarinic receptor,B,Homo sapiens,,Bioorg Med Chem Lett,2004.0,Muscarinic acetylcholine receptor M1,Ki,nM,5.8,361.53,4.31
CHEMBL593443,100000.0,C[C@H]1CO[C@H](C[N+](C)(C)C)CO1.[I-],Scientific Literature,Displacement of [3H]NMS from human muscarinic M1 receptor expressed in CHO cells by microplate scintillation counting,B,Homo sapiens,,Bioorg Med Chem,2009.0,Muscarinic acetylcholine receptor M1,Ki,nM,,301.17,0.5
CHEMBL69678,1.5,Nc1cccc(CN2CCC(NC(=O)[C@](O)(c3ccccc3)[C@@H]3CCC(F)(F)C3)CC2)n1,Scientific Literature,Inhibition of [3H]NMS binding to human muscarinic acetylcholine receptor M1 expressed in CHO cells,B,,,J Med Chem,2000.0,Muscarinic acetylcholine receptor M1,Ki,nM,8.82,444.53,3.07
CHEMBL1092649,10000.0,CN(C)CCC1=C(Cc2cnccn2)c2ccc(F)cc2C1,Scientific Literature,Binding affinity at M1 receptor,B,,,Bioorg Med Chem Lett,2010.0,Muscarinic acetylcholine receptor M1,Ki,nM,,297.38,3.12
CHEMBL1621597,2.11,CC(C)[N+]1(C)[C@@H]2CC[C@H]1C[C@@H](OC(=O)C(CO)c1ccccc1)C2,Scientific Literature,Displacement of [3H]-Pirenzepine from human muscarinic M1 expressed in CHO-K1 cells membrane incubated for 1 hr by microbeta liquid scintillation counting analysis,B,Homo sapiens,,Eur J Med Chem,2023.0,Muscarinic acetylcholine receptor M1,Ki,nM,8.68,332.46,2.85
CHEMBL569953,1230.27,CN1CCC[C@H]1c1ccc([C@@](O)(c2ccccc2)C2CCCCC2)o1,Scientific Literature,Displacement of [3H]NMS from human cloned muscarinic M1 receptor expressed in CHO cells by scintillation counting,B,Homo sapiens,,J Med Chem,2010.0,Muscarinic acetylcholine receptor M1,Ki,nM,5.91,339.48,4.86
CHEMBL576707,13.49,CN1CCCC1c1ccc(C(c2ccccc2)C2CCCCC2)o1,Scientific Literature,Displacement of [3H]NMS from human cloned muscarinic M1 receptor expressed in CHO cells by scintillation counting,B,Homo sapiens,,J Med Chem,2010.0,Muscarinic acetylcholine receptor M1,Ki,nM,7.87,323.48,5.76
CHEMBL1910856,0.115,CC(C)(CCC(C(N)=O)(c1ccccc1)c1ccccc1)N1CC(Oc2cccc(O)c2)C1,Scientific Literature,Displacement of [3H]-NMS from human recombinant M1 receptor expressed in CHO cells after 24 hrs by filter binding assay,B,Homo sapiens,,J Med Chem,2011.0,Muscarinic acetylcholine receptor M1,Ki,nM,9.94,444.58,4.49
CHEMBL2042404,0.7943,C[N+](C)(C)CC1COCC(c2ccccc2)(c2ccccc2)O1.[I-],Scientific Literature,Displacement of [3H]N-methylscopolamine from human muscarinic M1 receptor expressed in CHO cells after 120 mins by scintillation counting,B,Homo sapiens,,J Med Chem,2012.0,Muscarinic acetylcholine receptor M1,Ki,nM,9.1,439.34,3.05
CHEMBL2042402,6760.83,C[N+](C)(C)C[C@@H]1COC[C@H](c2ccccc2)O1.[I-],Scientific Literature,Displacement of [3H]N-methylscopolamine from human muscarinic M1 receptor expressed in CHO cells after 120 mins by scintillation counting,B,Homo sapiens,,J Med Chem,2012.0,Muscarinic acetylcholine receptor M1,Ki,nM,5.17,363.24,1.85
CHEMBL4454300,0.871,CC(=O)N[C@@H](Cc1c[nH]c2ccccc12)C(=O)N[C@@H](Cc1ccc(O)cc1)C(=O)NCCN1CCN(CCCCC2CCN(CC(=O)N3c4ccccc4NC(=O)c4ccccc43)CC2)CC1.O=C(O)C(F)(F)F.O=C(O)C(F)(F)F.O=C(O)C(F)(F)F,Scientific Literature,Displacement of [3H]-NMS from human muscarinic M1 receptor expressed in CHO-K9 cells after 3 hrs by microbeta2 scintillation counting method,B,Homo sapiens,,J Med Chem,2019.0,Muscarinic acetylcholine receptor M1,Ki,nM,9.06,1252.2,5.19
CHEMBL4568151,2.399,CC(=O)N[C@@H](CCC(N)=O)C(=O)N[C@@H](CC(C)C)C(=O)NCCN1CCN(CCCCC2CCN(CC(=O)N3c4ccccc4NC(=O)c4ccccc43)CC2)CC1.O=C(O)C(F)(F)F.O=C(O)C(F)(F)F.O=C(O)C(F)(F)F,Scientific Literature,Displacement of [3H]-NMS from human muscarinic M1 receptor expressed in CHO-K9 cells after 3 hrs by microbeta2 scintillation counting method,B,Homo sapiens,,J Med Chem,2019.0,Muscarinic acetylcholine receptor M1,Ki,nM,8.62,1144.1,2.83
CHEMBL4454134,114.82,CC(=O)N[C@@H](CCCCN)C(=O)N[C@@H](C)C(=O)N[C@@H](CCCNC(=N)N)C(=O)NCCCCC1CCN(CC(=O)N2c3ccccc3NC(=O)c3ccccc32)CC1.O=C(O)C(F)(F)F.O=C(O)C(F)(F)F.O=C(O)C(F)(F)F,Scientific Literature,Displacement of [3H]-NMS from human muscarinic M1 receptor expressed in CHO-K9 cells after 3 hrs by microbeta2 scintillation counting method,B,Homo sapiens,,J Med Chem,2019.0,Muscarinic acetylcholine receptor M1,Ki,nM,6.94,1146.08,1.8
CHEMBL4092769,20000.0,COc1cccc(C#CC[N+](C)(C)C)c1.O=C[O-],Scientific Literature,Displacement of [3H]N-methyl-scopolamine bromide from human recombinant muscarinic M1 receptor expressed in HEK293T cell membranes after 1 hr by liquid scintillation counting method,B,Homo sapiens,,J Med Chem,2017.0,Muscarinic acetylcholine receptor M1,Ki,nM,4.7,249.31,1.75
CHEMBL516,3.943,CN1CCC(=C2c3ccccc3C=Cc3ccccc32)CC1,DrugMatrix,DRUGMATRIX: Muscarinic M1 radioligand binding (ligand: [3H] N-Methylscopolamine),B,,,,,Muscarinic acetylcholine receptor M1,Ki,nM,8.4,287.41,4.7
CHEMBL1935443,10000.0,Cc1ccc(Cn2c(C3CNCCO3)nc3ccccc32)cc1C,Scientific Literature,Inhibition of muscarinic M1 receptor,B,,,Bioorg Med Chem Lett,2012.0,Muscarinic acetylcholine receptor M1,Ki,nM,,321.42,3.36
CHEMBL568870,9.12,C[N+]1(C)CCC[C@H]1c1ccc([C@](O)(c2ccccc2)C2CCCCC2)o1.[I-],Scientific Literature,Displacement of [3H]NMS from human cloned muscarinic M1 receptor expressed in CHO cells by scintillation counting,B,Homo sapiens,,J Med Chem,2010.0,Muscarinic acetylcholine receptor M1,Ki,nM,8.04,481.42,5.01
CHEMBL411,3654.0,CC/C(=C(/CC)c1ccc(O)cc1)c1ccc(O)cc1,DrugMatrix,DRUGMATRIX: Muscarinic M1 radioligand binding (ligand: [3H] N-Methylscopolamine),B,,,,,Muscarinic acetylcholine receptor M1,Ki,nM,5.44,268.36,4.83
CHEMBL2377385,164.0,CC[N+](C)(CC)CCOC(=O)C(c1ccccc1)c1ccccc1.[Br-],Scientific Literature,Displacement of [3H] N-methylscopolamine from human muscarinic M1 receptor after 30 mins by scintillation counting analysis,B,Homo sapiens,,Bioorg Med Chem,2013.0,Muscarinic acetylcholine receptor M1,Ki,nM,6.79,406.36,3.85
CHEMBL936,78.0,OC(CCCN1CCCCC1)(c1ccccc1)c1ccccc1,DrugMatrix,DRUGMATRIX: Muscarinic M1 radioligand binding (ligand: [3H] N-Methylscopolamine),B,,,,,Muscarinic acetylcholine receptor M1,Ki,nM,7.11,309.45,4.19
CHEMBL104693,870.96,CCCc1[nH]c2ccc3c(c2c1C(=O)OCC)CN1CCc2cc(SC)ccc2C1O3,Scientific Literature,Inhibition of [3H]NMS binding to human muscarinic acetylcholine receptor M1 in transfected CHO cells.,B,,,J Med Chem,2002.0,Muscarinic acetylcholine receptor M1,Ki,nM,6.06,436.58,5.47
CHEMBL4872882,363.08,NCCN1CCN(CCC(=O)NC2CCN(CC(=O)N3c4ccccc4NC(=O)c4ccccc43)CC2)CC1.O=C(O)C(F)(F)F.O=C(O)C(F)(F)F.O=C(O)C(F)(F)F.O=C(O)C(F)(F)F,Scientific Literature,Displacement of [3H]-NMS from human muscarinic M1 receptor expressed in CHO cell membranes assessed as inhibition constant by radioligand competition analysis,B,Homo sapiens,,Eur J Med Chem,2021.0,Muscarinic acetylcholine receptor M1,Ki,nM,6.44,989.77,1.46
CHEMBL2311976,100000.0,CCOC(=O)C1=C(c2ccccc2)CCN(CCc2ccccc2)C1,Scientific Literature,Displacement of [3H]NMS from human M1 muscarinic receptor expressed in CHO-K1 cells,B,Homo sapiens,,J Med Chem,2013.0,Muscarinic acetylcholine receptor M1,Ki,nM,,335.45,3.95
CHEMBL69733,1584.89,COc1ccc(CCCN2CCC(CCC(=O)c3cc(Cl)c(N)c4c3OCCO4)CC2)cc1OC,Scientific Literature,Compound was evaluated for binding affinity against Muscarinic M1 receptor using radioligand binding assay,B,,,Bioorg Med Chem Lett,1995.0,Muscarinic acetylcholine receptor M1,Ki,nM,5.8,503.04,5.02
CHEMBL264747,990.0,O=Cc1ccc(C2=CN3CCC2CC3)s1,Scientific Literature,In vitro binding affinity towards muscarinic receptor in cerebral cortex (M1) was determined,B,,Cerebral cortex,Bioorg Med Chem Lett,1994.0,Muscarinic acetylcholine receptor M1,Ki,nM,6.0,219.31,2.63
CHEMBL3941818,676.08,Cn1c(SCCCN2CC[C@]3(C[C@@H]3c3ccc(C(F)(F)F)cc3)C2)nnc1-c1ccc(-c2ncco2)cc1,Scientific Literature,Activity at human muscarinic acetylcholine receptor M1 transfected in CHO-K1 cells assessed as intracellular calcium levels in presence of acetylcholine by FLIPR assay,F,Homo sapiens,,J Med Chem,2016.0,Muscarinic acetylcholine receptor M1,Ki,nM,6.17,539.63,6.52
CHEMBL4645678,8.913,O=C(CCC1=[N+]2C(=Cc3ccc(-c4cccs4)n3[B-]2(F)F)C=C1)NCCOCCOCCOCCOCCOCCOCCCN1CCN(CC(=O)N2c3ccccc3C(=O)Nc3cccnc32)CC1,Scientific Literature,Displacement of [3H]-QNB from truncated EGFP-fused human muscarinic M1 receptor expressed in HEK293 cells by UV-visible spectroscopy,B,Homo sapiens,,J Med Chem,2020.0,Muscarinic acetylcholine receptor M1,Ki,nM,8.05,986.95,
CHEMBL4641726,2.884,CC1(C)C(/C=C/C=C/C=C2/N(CCCCCC(=O)NCCN3CCN(CCCCC4CCN(CC(=O)N5c6ccccc6NC(=O)c6ccccc65)CC4)CC3)c3ccc(S(=O)(=O)O)cc3C2(C)C)=[N+](CCCCS(=O)(=O)[O-])c2ccccc21.O=C(O)C(F)(F)F.O=C(O)C(F)(F)F,Scientific Literature,Displacement of [3H]-NMS from human muscarinic M1 receptor stably expressed in CHO-K9 cells by radioligand competitive binding assay,B,Homo sapiens,,J Med Chem,2020.0,Muscarinic acetylcholine receptor M1,Ki,nM,8.54,1413.61,
CHEMBL4085451,2500.0,COc1cccc2c1CCC([N+](C)(C)C)C2.[I-],Scientific Literature,Displacement of [3H]N-methyl-scopolamine bromide from human recombinant muscarinic M1 receptor expressed in HEK293T cell membranes after 1 hr by liquid scintillation counting method,B,Homo sapiens,,J Med Chem,2017.0,Muscarinic acetylcholine receptor M1,Ki,nM,5.6,347.24,2.26
CHEMBL309172,10000.0,CCN(CC)CCOCCOC(=O)C(C)c1ccccc1,Scientific Literature,Binding affinity towards muscarinic m1 receptor,B,,,J Med Chem,1994.0,Muscarinic acetylcholine receptor M1,Ki,nM,,293.41,2.69
CHEMBL168223,53703.18,CN(C)CCNC(=O)C1=C(Cc2ccncc2)c2ccccc2C1,Scientific Literature,Binding affinity towards cloned human muscarinic acetylcholine receptor M1 stably expressed in CHO-K1 cells using [3H]N-methylscopolamine,B,,,J Med Chem,2003.0,Muscarinic acetylcholine receptor M1,Ki,nM,4.27,321.42,2.31
CHEMBL145913,1.2,O=C(NC1CCN(Cc2cccc(O)c2)CC1)[C@](O)(c1ccccc1)[C@@H]1CCC(F)(F)C1,Scientific Literature,Inhibition of [3H]NMS binding to human muscarinic acetylcholine receptor M1 expressed in CHO cells,B,,,J Med Chem,2000.0,Muscarinic acetylcholine receptor M1,Ki,nM,8.92,444.52,3.8
CHEMBL369575,4365.16,CC(C1=C(CCN2CCOCC2)Cc2ccccc21)c1ccccn1,Scientific Literature,Binding affinity towards cloned human muscarinic acetylcholine receptor M1 stably expressed in CHO-K1 cells using [3H]N-methylscopolamine,B,,,J Med Chem,2003.0,Muscarinic acetylcholine receptor M1,Ki,nM,5.36,334.46,3.92
CHEMBL423832,112.0,CCCc1cc(NCC(C)(C)N(CC)CC)nnc1-c1ccccc1,Scientific Literature,Compound was tested for its affinity for muscarinic M1 receptor,B,,,Bioorg Med Chem Lett,1992.0,Muscarinic acetylcholine receptor M1,Ki,nM,6.95,340.52,4.63
CHEMBL343055,20.0,CN1CCC=C(c2nsnc2SCCSc2nsnc2C2=CCCN(C)C2)C1,Scientific Literature,Binding affinity towards M1 muscarinic receptor expressed in A9 L cells by displacing [3H](R)-QNB radioligand.,B,,,J Med Chem,2001.0,Muscarinic acetylcholine receptor M1,Ki,nM,7.7,452.7,3.71
CHEMBL166935,2500.0,CCc1cc(N)cc(N2CCc3ccccc3C2)n1,Scientific Literature,Displacement of [3H]pirenzepine from M1 receptor,B,,,Bioorg Med Chem Lett,2003.0,Muscarinic acetylcholine receptor M1,Ki,nM,5.6,253.35,2.79
CHEMBL1411979,1150.0,CN(C)CCN(Cc1cccs1)c1ccccn1,DrugMatrix,DRUGMATRIX: Muscarinic M1 radioligand binding (ligand: [3H] N-Methylscopolamine),B,,,,,Muscarinic acetylcholine receptor M1,Ki,nM,5.94,261.39,2.71
CHEMBL4070055,17000.0,COc1cccc2c1C[N+](C)(C)CC2.O=C[O-],Scientific Literature,Displacement of [3H]N-methyl-scopolamine bromide from human recombinant muscarinic M1 receptor expressed in HEK293T cell membranes after 1 hr by liquid scintillation counting method,B,Homo sapiens,,J Med Chem,2017.0,Muscarinic acetylcholine receptor M1,Ki,nM,4.77,237.3,1.83
CHEMBL182777,1400.0,C[C@@H]1OC(=O)[C@H]2C=C3CCCC[C@@H]3[C@@H]([C@@H]3CC4CCC(C)(C)N4O3)[C@@H]12,Scientific Literature,In vitro inhibitory activity against cloned human M1 muscarinic receptor,B,Homo sapiens,,Bioorg Med Chem Lett,2004.0,Muscarinic acetylcholine receptor M1,Ki,nM,,345.48,3.86
CHEMBL4872720,33.11,CC(=O)N[C@H](CCCN)C(=O)NC(=O)[C@H](CCCNC(=N)N)NCCCCC1CCN(CC(=O)N2c3ccccc3NC(=O)c3ccccc32)CC1.O=C(O)C(F)(F)F.O=C(O)C(F)(F)F.O=C(O)C(F)(F)F,Scientific Literature,Displacement of [3H]-NMS from human muscarinic M1 receptor expressed in CHO cell membranes assessed as inhibition constant by radioligand competition analysis,B,Homo sapiens,,Eur J Med Chem,2021.0,Muscarinic acetylcholine receptor M1,Ki,nM,7.48,1060.97,1.91
CHEMBL4869723,61.66,CC(=O)N[C@@H](CCCN)C(=O)NC(=O)[C@H](C)NC(=O)[C@H](CCNC(=N)N)NCCN1CCN(CCC(=O)NC2CCN(CC(=O)N3c4ccccc4NC(=O)c4ccccc43)CC2)CC1.O=C(O)C(F)(F)F.O=C(O)C(F)(F)F.O=C(O)C(F)(F)F.O=C(O)C(F)(F)F.O=C(O)C(F)(F)F,Scientific Literature,Displacement of [3H]-NMS from human muscarinic M1 receptor expressed in CHO cell membranes assessed as inhibition constant by radioligand competition analysis,B,Homo sapiens,,Eur J Med Chem,2021.0,Muscarinic acetylcholine receptor M1,Ki,nM,7.21,1473.21,-1.27
CHEMBL4865939,53.7,CC(=O)N[C@H](CCCN)C(=O)NC(=O)[C@H](C)NC(=O)[C@H](CCCNC(=N)N)NCCN1CCN(CCC(=O)NC2CCN(CC(=O)N3c4ccccc4NC(=O)c4ccccc43)CC2)CC1.O=C(O)C(F)(F)F.O=C(O)C(F)(F)F.O=C(O)C(F)(F)F.O=C(O)C(F)(F)F.O=C(O)C(F)(F)F,Scientific Literature,Displacement of [3H]-NMS from human muscarinic M1 receptor expressed in CHO cell membranes assessed as inhibition constant by radioligand competition analysis,B,Homo sapiens,,Eur J Med Chem,2021.0,Muscarinic acetylcholine receptor M1,Ki,nM,7.27,1487.24,-0.88
CHEMBL4867483,87.1,CC(=O)N[C@@H](CCCN)C(=O)NC(=O)[C@H](C)NC(=O)[C@H](CCNC(=N)N)NCCN1CCN(C(=O)CCCC2CCN(CC(=O)N3c4ccccc4NC(=O)c4ccccc43)CC2)CC1.O=C(O)C(F)(F)F.O=C(O)C(F)(F)F.O=C(O)C(F)(F)F.O=C(O)C(F)(F)F,Scientific Literature,Displacement of [3H]-NMS from human muscarinic M1 receptor expressed in CHO cell membranes assessed as inhibition constant by radioligand competition analysis,B,Homo sapiens,,Eur J Med Chem,2021.0,Muscarinic acetylcholine receptor M1,Ki,nM,7.06,1358.2,0.17
CHEMBL4466483,6600.0,FC(F)(F)c1cc(Oc2nccc3ccsc23)ccc1-c1cccc2nccn12,Scientific Literature,Displacement of [3H]-QNB/[3H]-NMS from human muscarinic M1 receptor expressed in stable CHO cells after 90 mins by microbeta scintillation counting method,B,Homo sapiens,,J Med Chem,2019.0,Muscarinic acetylcholine receptor M1,Ki,nM,5.18,411.41,6.42
CHEMBL2206334,1737.8,CCCCC1CCN(CCCC(=O)c2ccccc2C)CC1.Cl,Scientific Literature,Displacement of [3H]NMS from EGFP-fused human M1 receptor N-terminal truncated at 17 residues expressed in HEK293 cells after 22 hrs by liquid scintillation counting,B,Homo sapiens,,J Med Chem,2012.0,Muscarinic acetylcholine receptor M1,Ki,nM,5.76,337.94,4.86
CHEMBL2312374,810.0,CCN1CCC(c2ccccc2)=C(C(=O)OCCc2ccc([N+](=O)[O-])cc2)C1,Scientific Literature,Displacement of [3H]NMS from human M1 muscarinic receptor expressed in CHO-K1 cells,B,Homo sapiens,,J Med Chem,2013.0,Muscarinic acetylcholine receptor M1,Ki,nM,6.09,380.44,3.86
CHEMBL234440,1.8,CN(C)C1(CNCCC2CCOCC2)COc2cc(Cl)c(Cl)cc2OC1,Scientific Literature,Displacement of 1-[N-methyl- 3H]scopolamine from human muscarinic M1 receptor expressed in Sf9 cells,B,Homo sapiens,,Bioorg Med Chem Lett,2007.0,Muscarinic acetylcholine receptor M1,Ki,nM,8.74,403.35,3.47
CHEMBL4597498,2.512,CC(=O)N[C@@H](CCCCN)C(=O)N[C@@H](C)C(=O)N[C@@H](CCCNC(=N)N)C(=O)NCCN1CCN(CCCCC2CCN(CC(=O)N3c4ccccc4NC(=O)c4ccccc43)CC2)CC1,Scientific Literature,Displacement of [3H]-NMS from human muscarinic M1 receptor expressed in CHO cell membranes assessed as inhibition constant by radioligand competition analysis,B,Homo sapiens,,Eur J Med Chem,2021.0,Muscarinic acetylcholine receptor M1,Ki,nM,8.6,916.19,1.42
CHEMBL2312386,1730.0,CCN1CCC(c2ccccc2)=C(C(=O)OCCc2ccccc2OC)C1,Scientific Literature,Displacement of [3H]NMS from human M1 muscarinic receptor expressed in CHO-K1 cells,B,Homo sapiens,,J Med Chem,2013.0,Muscarinic acetylcholine receptor M1,Ki,nM,5.76,365.47,3.96
CHEMBL2092736,100000.0,C[C@@H]1O[C@H]([C@@H]2CCC[N+]2(C)C)C[S@+]1[O-].[I-],Scientific Literature,Binding affinity to cloned human muscarinic M1 receptor expressed in CHO cells,B,Homo sapiens,,J Med Chem,2006.0,Muscarinic acetylcholine receptor M1,Ki,nM,,345.25,0.72
CHEMBL71933,140.0,CNCCC1CCN(C(=O)[C@](O)(c2ccccc2)[C@@H]2CCC(F)(F)C2)CC1,Scientific Literature,Binding affinity against human Muscarinic acetylcholine receptor M1 in transfected CHO cells,B,,,Bioorg Med Chem Lett,2003.0,Muscarinic acetylcholine receptor M1,Ki,nM,6.85,380.48,3.16
CHEMBL69678,1.5,Nc1cccc(CN2CCC(NC(=O)[C@](O)(c3ccccc3)[C@@H]3CCC(F)(F)C3)CC2)n1,Scientific Literature,Binding affinity against human Muscarinic acetylcholine receptor M1 in transfected CHO cells,B,,,Bioorg Med Chem Lett,2003.0,Muscarinic acetylcholine receptor M1,Ki,nM,8.82,444.53,3.07
CHEMBL402473,21379.62,C[C@H]1OC[C@@H]([C@@H]2CCC[N+]2(C)C)O1,Scientific Literature,Binding affinity to human cloned muscarinic M1 receptor expressed in CHO cells,B,Homo sapiens,,Bioorg Med Chem,2008.0,Muscarinic acetylcholine receptor M1,Ki,nM,4.67,186.28,0.99
CHEMBL315428,780.0,O=C(OC1CC2CCCC1N2)c1ccc([N+](=O)[O-])cc1,Scientific Literature,The binding affinity was measured as inhibition of binding of [3H]- quinuclidinyl benzilate to Muscarinic acetylcholine receptor M1 in membranes of CHO cells,B,,,J Med Chem,2000.0,Muscarinic acetylcholine receptor M1,Ki,nM,6.11,276.29,2.03
CHEMBL64000,4.6,CC(=O)OC1CC2CCCC1N2,Scientific Literature,Inhibition of [3H]- oxotremorine-M binding to human Muscarinic acetylcholine receptor M1 expressed in CHO cell membranes,B,Homo sapiens,,J Med Chem,2000.0,Muscarinic acetylcholine receptor M1,Ki,nM,8.34,169.22,0.83
CHEMBL313738,450.0,CN1C2CCCC1C(OC(=O)C1CCCCC1)C2,Scientific Literature,Inhibition of [3H]- oxotremorine-M binding to human Muscarinic acetylcholine receptor M1 expressed in CHO cell membranes,B,Homo sapiens,,J Med Chem,2000.0,Muscarinic acetylcholine receptor M1,Ki,nM,6.35,251.37,2.74
CHEMBL554532,5248.07,C[N+]1(C)CCCC1c1ccco1.[I-],Scientific Literature,Displacement of [3H]NMS from human muscarinic M1 receptor expressed in CHO cells by liquid scintillation counter,B,Homo sapiens,,J Med Chem,2008.0,Muscarinic acetylcholine receptor M1,Ki,nM,5.28,293.15,2.19
CHEMBL450729,43651.58,CN1CCC[C@H]1c1ccco1,Scientific Literature,Displacement of [3H]NMS from human muscarinic M1 receptor expressed in CHO cells by liquid scintillation counter,B,Homo sapiens,,J Med Chem,2008.0,Muscarinic acetylcholine receptor M1,Ki,nM,4.36,151.21,2.05
CHEMBL461089,14454.4,Cc1ccc([C@H]2CCCN2)o1,Scientific Literature,Displacement of [3H]NMS from human muscarinic M1 receptor expressed in CHO cells by liquid scintillation counter,B,Homo sapiens,,J Med Chem,2008.0,Muscarinic acetylcholine receptor M1,Ki,nM,4.84,151.21,2.01
CHEMBL4548432,3.162,CC(=O)N[C@@H](C)C(=O)N[C@@H](C)C(=O)NCCN1CCN(CCCCC2CCN(CC(=O)N3c4ccccc4NC(=O)c4ccccc43)CC2)CC1.O=C(O)C(F)(F)F.O=C(O)C(F)(F)F.O=C(O)C(F)(F)F,Scientific Literature,Displacement of [3H]-NMS from human muscarinic M1 receptor expressed in CHO-K9 cells after 3 hrs by microbeta2 scintillation counting method,B,Homo sapiens,,J Med Chem,2019.0,Muscarinic acetylcholine receptor M1,Ki,nM,8.5,1044.97,2.56
CHEMBL553058,25.12,COc1nsnc1OCCOCCOCCOCCOc1nsnc1C1=CCCN(C)C1.Cl,Scientific Literature,Inhibition of [3H](R)-QNB to Muscarinic acetylcholine receptor M1 expressed in A9 L cells,B,Homo sapiens,,J Med Chem,2003.0,Muscarinic acetylcholine receptor M1,Ki,nM,7.6,524.07,1.62
CHEMBL608985,100000.0,C[C@@H]1O[C@H](C[N+](C)(C)C)CO[C@@H]1C.[I-],Scientific Literature,Displacement of [3H]NMS from human muscarinic M1 receptor expressed in CHO cells by microplate scintillation counting,B,Homo sapiens,,Bioorg Med Chem,2009.0,Muscarinic acetylcholine receptor M1,Ki,nM,,315.2,0.88
CHEMBL593871,100000.0,C[C@H]1OC[C@@H](C[N+](C)(C)C)O[C@@H]1C.[I-],Scientific Literature,Displacement of [3H]NMS from human muscarinic M1 receptor expressed in CHO cells by microplate scintillation counting,B,Homo sapiens,,Bioorg Med Chem,2009.0,Muscarinic acetylcholine receptor M1,Ki,nM,,315.2,0.88
CHEMBL594376,100000.0,C[C@@H]1CO[C@H](C[N+](C)(C)C)CO1.[I-],Scientific Literature,Displacement of [3H]NMS from human muscarinic M1 receptor expressed in CHO cells by microplate scintillation counting,B,Homo sapiens,,Bioorg Med Chem,2009.0,Muscarinic acetylcholine receptor M1,Ki,nM,,301.17,0.5
CHEMBL4071109,4900.0,COc1ccccc1CC[N+](C)(C)C.O=C[O-],Scientific Literature,Displacement of [3H]N-methyl-scopolamine bromide from human recombinant muscarinic M1 receptor expressed in HEK293T cell membranes after 1 hr by liquid scintillation counting method,B,Homo sapiens,,J Med Chem,2017.0,Muscarinic acetylcholine receptor M1,Ki,nM,5.31,239.32,1.94
CHEMBL4097248,14000.0,COc1cccc2c1CC[N+](C)(C)C2.O=C[O-],Scientific Literature,Displacement of [3H]N-methyl-scopolamine bromide from human recombinant muscarinic M1 receptor expressed in HEK293T cell membranes after 1 hr by liquid scintillation counting method,B,Homo sapiens,,J Med Chem,2017.0,Muscarinic acetylcholine receptor M1,Ki,nM,4.85,237.3,1.83
CHEMBL196598,10000.0,COc1ccc(NC(=O)N2CCN(c3ccc(C(F)(F)F)cc3)CC2)cc1N1CCN(C)CC1,Scientific Literature,Affinity towards cloned Muscarinic acetylcholine receptor M1,B,Homo sapiens,,Bioorg Med Chem Lett,2005.0,Muscarinic acetylcholine receptor M1,Ki,nM,,477.53,3.82
CHEMBL4456524,302.0,CC(=O)N[C@@H](C)C(=O)N[C@@H](C)C(=O)NCCCCC1CCN(CC(=O)N2c3ccccc3NC(=O)c3ccccc32)CC1.O=C(O)C(F)(F)F,Scientific Literature,Displacement of [3H]-NMS from human muscarinic M1 receptor expressed in CHO-K9 cells after 3 hrs by microbeta2 scintillation counting method,B,Homo sapiens,,J Med Chem,2019.0,Muscarinic acetylcholine receptor M1,Ki,nM,6.52,704.75,2.94
CHEMBL4080675,489.78,CCCCCC1CCN(CCCN2C(=O)CCc3ccccc32)CC1,Scientific Literature,Displacement of [3H]NMS from human muscarinic M1 receptor expressed in CHO cell membranes after 2 hrs by liquid scintillation counting method,B,Homo sapiens,,J Med Chem,2018.0,Muscarinic acetylcholine receptor M1,Ki,nM,6.31,342.53,4.65
CHEMBL21716,1479.11,O=C(OC1CN2CCC1CC2)C1=C/C(=C\c2ccccn2)c2ccccc21,Scientific Literature,Affinity for Muscarinic acetylcholine receptor M1 expressed in CHO cells by [3H]NMS displacement.,B,,,Bioorg Med Chem Lett,2001.0,Muscarinic acetylcholine receptor M1,Ki,nM,5.83,358.44,3.66
CHEMBL343182,8100.0,C1COC(C2CN3CCC2CC3)C1,Scientific Literature,Binding affinity for muscarinic acetylcholine receptor M1 by measuring displacement of [3H]QNB from guinea pig cerebral cortex,B,Cavia porcellus,Cerebral cortex,J Med Chem,1995.0,Muscarinic acetylcholine receptor M1,Ki,nM,5.09,181.28,1.51
CHEMBL166991,1900.0,Nc1ccnc(N2CCc3ccccc3C2)c1,Scientific Literature,Displacement of [3H]pirenzepine from M1 receptor,B,,,Bioorg Med Chem Lett,2003.0,Muscarinic acetylcholine receptor M1,Ki,nM,5.72,225.29,2.23
CHEMBL3905582,169.82,Cn1c(SCCCN2CC[C@]3(C[C@@H]3c3ccc(C(F)(F)F)cc3)C2)nnc1-c1csnn1,Scientific Literature,Activity at human muscarinic acetylcholine receptor M1 transfected in CHO-K1 cells assessed as intracellular calcium levels in presence of acetylcholine by FLIPR assay,F,Homo sapiens,,J Med Chem,2016.0,Muscarinic acetylcholine receptor M1,Ki,nM,6.77,480.59,4.71
CHEMBL355769,870.96,CC(C1=C(CCN(C)C(C)C)Cc2ccccc21)c1ccccn1,Scientific Literature,Binding affinity towards cloned human muscarinic acetylcholine receptor M1 stably expressed in CHO-K1 cells using [3H]N-methylscopolamine,B,,,J Med Chem,2003.0,Muscarinic acetylcholine receptor M1,Ki,nM,6.06,320.48,4.93
CHEMBL2107687,2.78,CCC(C)C(C(=O)OCC[N+](C)(CC)CC)c1ccccc1.[Br-],DrugMatrix,DRUGMATRIX: Muscarinic M1 radioligand binding (ligand: [3H] N-Methylscopolamine),B,,,,,Muscarinic acetylcholine receptor M1,Ki,nM,8.56,386.37,3.85
CHEMBL170205,427.0,C[C@@H]1OC(=O)[C@H]2C[C@H]3CCCC[C@@H]3[C@@H](CCCN3CCCCC3)[C@@H]12,Scientific Literature,Binding affinity towards human muscarinic M1 receptor in CHO-KI cells using [3H]- QNB as radioligand,B,,,Bioorg Med Chem Lett,1999.0,Muscarinic acetylcholine receptor M1,Ki,nM,6.37,333.52,4.26
CHEMBL239017,10000.0,Cc1cc(OCC#CCN(C)C)no1.O=C(O)/C=C/C(=O)O,Scientific Literature,Displacement of [3H]QNB from human muscarinic M1 receptor expressed in CHO cells,B,Homo sapiens,,Bioorg Med Chem,2007.0,Muscarinic acetylcholine receptor M1,Ki,nM,,310.31,0.93
CHEMBL517712,0.3,CN1[C@@H]2CC[C@H]1C[C@@H](OC(=O)C(CO)c1ccccc1)C2,Scientific Literature,Displacement of [3H]pirenzepine from muscarinic M1 receptor,B,,,J Nat Prod,1993.0,Muscarinic acetylcholine receptor M1,Ki,nM,9.52,289.38,1.93
CHEMBL2449003,0.2692,CN1[C@@H]2CC[C@H]1CC(OC(=O)[C@H](CO)c1ccccc1)C2,Scientific Literature,Displacement of [3H]QNB from muscarinic M1 receptor (unknown origin),B,Homo sapiens,,Bioorg Med Chem Lett,2014.0,Muscarinic acetylcholine receptor M1,Ki,nM,9.57,289.38,1.93
CHEMBL5403404,10000.0,CCCN1CCN(c2ccc3c(c2)C(N(C)C(=O)OCc2ccccc2)CCC3)CC1,Scientific Literature,Binding affinity at human muscarinic M1 receptor assessed as inhibition constant,B,Homo sapiens,,Eur J Med Chem,2022.0,Muscarinic acetylcholine receptor M1,Ki,nM,,421.59,4.86
CHEMBL4754371,0.912,Cc1cc(/C=C/C=C/c2ccc(N(C)C)cc2)cc(C)[n+]1CCNC(=O)CCc1cn(CCCCC2CCN(CC(=O)N3c4ccccc4NC(=O)c4ccccc43)CC2)cn1.O=C(O)C(F)(F)F.O=C(O)C(F)(F)F.O=C([O-])C(F)(F)F,Scientific Literature,Displacement of [3H]NMS from human recombinant muscarinic receptor M2 expressed in CHO-K9 cell membranes measured after 3 hrs by radioligand competition binding assay,B,Homo sapiens,,RSC Med Chem,2020.0,Muscarinic acetylcholine receptor M1,Ki,nM,9.04,1175.16,8.14
CHEMBL4855492,0.955,CC(=O)N[C@H](CCCN)C(=O)NC(=O)[C@H](C)NC(=O)[C@H](CCCNC(=N)N)NCCN1CCN(CCCCC2CCN(CC(=O)N3c4ccccc4NC(=O)c4ccccc43)CC2)CC1.O=C(O)C(F)(F)F.O=C(O)C(F)(F)F.O=C(O)C(F)(F)F.O=C(O)C(F)(F)F.O=C(O)C(F)(F)F,Scientific Literature,Displacement of [3H]-NMS from human muscarinic M1 receptor expressed in CHO cell membranes assessed as inhibition constant by radioligand competition analysis,B,Homo sapiens,,Eur J Med Chem,2021.0,Muscarinic acetylcholine receptor M1,Ki,nM,9.02,1472.27,1.03
CHEMBL4874955,1.259,CC(=O)NC(=O)[C@H](CC(N)=O)NC(=O)[C@H](CCNC(=N)N)N[C@@H](CCCN)C(=O)NCCN1CCN(CCCCC2CCN(CC(=O)N3c4ccccc4NC(=O)c4ccccc43)CC2)CC1.O=C(O)C(F)(F)F.O=C(O)C(F)(F)F.O=C(O)C(F)(F)F.O=C(O)C(F)(F)F.O=C(O)C(F)(F)F,Scientific Literature,Displacement of [3H]-NMS from human muscarinic M1 receptor expressed in CHO cell membranes assessed as inhibition constant by radioligand competition analysis,B,Homo sapiens,,Eur J Med Chem,2021.0,Muscarinic acetylcholine receptor M1,Ki,nM,8.9,1501.27,-0.51
CHEMBL4847458,11748.98,CC(=O)NC(=O)[C@H](CCCNC(=N)N)NC(=O)[C@H](C)NC(=O)CNCC(=O)NC1CCN(CC(=O)N2c3ccccc3NC(=O)c3ccccc32)CC1.O=C(O)C(F)(F)F.O=C(O)C(F)(F)F,Scientific Literature,Displacement of [3H]-NMS from human muscarinic M1 receptor expressed in CHO cell membranes assessed as inhibition constant by radioligand competition analysis,B,Homo sapiens,,Eur J Med Chem,2021.0,Muscarinic acetylcholine receptor M1,Ki,nM,4.93,961.88,-1.0
CHEMBL277642,4.5,C[C@@H]1OC(=O)[C@H]2C[C@H]3CCCC[C@@H]3[C@@H](/C=C/[C@H]3CCC[C@H](C)N3C)[C@@H]12,Scientific Literature,Binding affinity towards human muscarinic M1 receptor in CHO-KI cells using [3H]- QNB as radioligand,B,,,Bioorg Med Chem Lett,1999.0,Muscarinic acetylcholine receptor M1,Ki,nM,8.35,345.53,4.42
CHEMBL1221,885.0,Clc1ccc(CSC(Cn2ccnc2)c2ccc(Cl)cc2Cl)cc1,DrugMatrix,DRUGMATRIX: Muscarinic M1 radioligand binding (ligand: [3H] N-Methylscopolamine),B,,,,,Muscarinic acetylcholine receptor M1,Ki,nM,6.05,397.76,6.52
CHEMBL228144,30199.52,CC1COCC(C[N+](C)(C)C)O1.[I-],Scientific Literature,Displacement of [3H]NMS from human cloned muscarinic M1 receptor expressed in CHO cells,B,Homo sapiens,,Bioorg Med Chem Lett,2008.0,Muscarinic acetylcholine receptor M1,Ki,nM,4.52,301.17,0.5
CHEMBL355392,1905.46,CC(C1=C(CCN2CCCCC2)Cc2ccccc21)c1ccccn1,Scientific Literature,Binding affinity towards cloned human muscarinic acetylcholine receptor M1 stably expressed in CHO-K1 cells using [3H]N-methylscopolamine,B,,,J Med Chem,2003.0,Muscarinic acetylcholine receptor M1,Ki,nM,5.72,332.49,5.07
CHEMBL3608450,10000.0,COc1cc2c3c(c1OC)-c1cc4c(cc1CC3N(C)CC2c1ccccc1)OCO4,Scientific Literature,Binding affinity to muscarinic M1 receptor (unknown origin),B,Homo sapiens,,Bioorg Med Chem Lett,2015.0,Muscarinic acetylcholine receptor M1,Ki,nM,,415.49,4.77
CHEMBL4091934,52480.75,COc1cccc(CC[N+](C)(C)C)c1.O=C[O-],Scientific Literature,Displacement of [3H]N-methyl-scopolamine from human recombinant muscarinic M1 receptor expressed in CHO-FlpIn cells after 6 hrs by liquid scintillation counting method,B,Homo sapiens,,J Med Chem,2017.0,Muscarinic acetylcholine receptor M1,Ki,nM,4.28,239.32,1.94
CHEMBL4060823,6760.83,C[N+](C)(C)CCc1ccc2c(c1)OCC2.O=C[O-],Scientific Literature,Displacement of [3H]N-methyl-scopolamine from human recombinant muscarinic M1 receptor expressed in CHO-FlpIn cells after 6 hrs by liquid scintillation counting method,B,Homo sapiens,,J Med Chem,2017.0,Muscarinic acetylcholine receptor M1,Ki,nM,5.17,251.33,1.87
CHEMBL143468,0.23,CN1CCC=C(c2nsnc2OCCCCCCCCCCOc2nsnc2C2=CCCN(C)C2)C1,Scientific Literature,Binding affinity towards M1 muscarinic receptor expressed in A9 L cells by displacing [3H](R)-QNB radioligand.,B,,,J Med Chem,2001.0,Muscarinic acetylcholine receptor M1,Ki,nM,9.64,532.78,5.41
CHEMBL4094819,4500.0,C[N+](C)(C)CCc1cccc(Cl)c1.O=C[O-],Scientific Literature,Displacement of [3H]N-methyl-scopolamine bromide from human recombinant muscarinic M1 receptor expressed in HEK293T cell membranes after 1 hr by liquid scintillation counting method,B,Homo sapiens,,J Med Chem,2017.0,Muscarinic acetylcholine receptor M1,Ki,nM,5.35,243.73,2.59
CHEMBL4060823,6400.0,C[N+](C)(C)CCc1ccc2c(c1)OCC2.O=C[O-],Scientific Literature,Displacement of [3H]N-methyl-scopolamine bromide from human recombinant muscarinic M1 receptor expressed in HEK293T cell membranes after 1 hr by liquid scintillation counting method,B,Homo sapiens,,J Med Chem,2017.0,Muscarinic acetylcholine receptor M1,Ki,nM,5.19,251.33,1.87
CHEMBL4081662,330.0,COc1cccc(CCC[N+](C)(C)C)c1.[I-],Scientific Literature,Displacement of [3H]N-methyl-scopolamine bromide from human recombinant muscarinic M1 receptor expressed in HEK293T cell membranes after 1 hr by liquid scintillation counting method,B,Homo sapiens,,J Med Chem,2017.0,Muscarinic acetylcholine receptor M1,Ki,nM,6.48,335.23,2.33
CHEMBL220553,100000.0,CN1CCC[C@H]1[C@H]1CNC(=O)O1,Scientific Literature,Displacement of [3H]NMS from human muscarinic M1 receptor expressed in CHO cells,B,Homo sapiens,,Bioorg Med Chem Lett,2013.0,Muscarinic acetylcholine receptor M1,Ki,nM,,170.21,0.19
CHEMBL2441750,100000.0,CN(C)C[C@H]1CN(C)C(=O)O1,Scientific Literature,Displacement of [3H]NMS from human muscarinic M1 receptor expressed in CHO cells,B,Homo sapiens,,Bioorg Med Chem Lett,2013.0,Muscarinic acetylcholine receptor M1,Ki,nM,,158.2,0.0
CHEMBL4758742,43651.58,CCn1c2ccccc2c2ccc(NCC(=O)N3CCCCC3)cc21,Scientific Literature,Displacement of [3H]-NMS from muscarinic M1 receptor (unknown origin) expressed in CHO-K1 cell membranes assessed as inhibition constant by radioligand competition analysis,B,Homo sapiens,,Bioorg Med Chem Lett,2020.0,Muscarinic acetylcholine receptor M1,Ki,nM,4.36,335.45,4.24
CHEMBL151938,5623.41,CO/N=C/C1=CCCN(C)C1,Scientific Literature,Binding affinity to human cloned muscarinic M1 receptor expressed in CHO cells,B,Homo sapiens,,Bioorg Med Chem,2008.0,Muscarinic acetylcholine receptor M1,Ki,nM,5.25,154.21,0.88
CHEMBL258905,19054.61,C[C@@H]1O[C@H]([C@H]2CCC[N+]2(C)C)CS1,Scientific Literature,Binding affinity to human cloned muscarinic M1 receptor expressed in CHO cells,B,Homo sapiens,,Bioorg Med Chem,2008.0,Muscarinic acetylcholine receptor M1,Ki,nM,4.72,202.34,1.7
CHEMBL1090432,1400.0,CC(c1ccccn1)c1c(CCN(C)C)sc2ccccc12,Scientific Literature,Displacement of [3H]N-methylscopolamine from human muscarinic M1 receptor expressed in CHO Flp-In cells after 90 mins by scintillation counting,B,Homo sapiens,,Bioorg Med Chem Lett,2010.0,Muscarinic acetylcholine receptor M1,Ki,nM,5.85,310.47,4.55
CHEMBL69582,11.0,NCCN1CCN(C(=O)[C@](O)(c2ccccc2)[C@@H]2CCC(F)(F)C2)CC1,Scientific Literature,Binding affinity against human Muscarinic acetylcholine receptor M1 in transfected CHO cells,B,,,Bioorg Med Chem Lett,2003.0,Muscarinic acetylcholine receptor M1,Ki,nM,7.96,367.44,1.41
CHEMBL355874,6.98,CCNCCCCC1CCN(CC(=O)N2c3ccccc3NC(=O)c3ccccc32)CC1,Scientific Literature,Tested in vitro for the binding affinity against muscarinic receptor subtype 1 (M1),B,,,Bioorg Med Chem Lett,1997.0,Muscarinic acetylcholine receptor M1,Ki,nM,8.16,434.58,4.41
CHEMBL569712,6.607,C[N+]1(C)CCCC1c1ccc(C(c2ccccc2)C2CCCCC2)o1.[I-],Scientific Literature,Displacement of [3H]NMS from human cloned muscarinic M1 receptor expressed in CHO cells by scintillation counting,B,Homo sapiens,,J Med Chem,2010.0,Muscarinic acetylcholine receptor M1,Ki,nM,8.18,465.42,5.9
CHEMBL352375,5888.44,CC(C1=C(CCN(C(C)C)C(C)C)Cc2ccccc21)c1ccccn1,Scientific Literature,Binding affinity towards cloned human muscarinic acetylcholine receptor M1 stably expressed in CHO-K1 cells using [3H]N-methylscopolamine,B,,,J Med Chem,2003.0,Muscarinic acetylcholine receptor M1,Ki,nM,5.23,348.53,5.7
CHEMBL170088,245.47,CCCC(C1=C(CCN(C)C)Cc2ccccc21)c1ccccn1,Scientific Literature,Binding affinity towards cloned human muscarinic acetylcholine receptor M1 stably expressed in CHO-K1 cells using [3H]N-methylscopolamine,B,,,J Med Chem,2003.0,Muscarinic acetylcholine receptor M1,Ki,nM,6.61,320.48,4.93
CHEMBL569760,2.089,C[N+]1(C)CCCC1c1ccc(C(O)(c2ccccc2)C2CCCCC2)o1.[I-],Scientific Literature,Displacement of [3H]NMS from human cloned muscarinic M1 receptor expressed in CHO cells by scintillation counting,B,Homo sapiens,,J Med Chem,2010.0,Muscarinic acetylcholine receptor M1,Ki,nM,8.68,481.42,5.01
CHEMBL2115128,2.14,C=C(c1ccc([S@+]([O-])c2ccc(OC)cc2)cc1)C1CCN(C2CCCCC2)CC1,Scientific Literature,Binding affinity against Muscarinic acetylcholine receptor M1,B,,,Bioorg Med Chem Lett,2000.0,Muscarinic acetylcholine receptor M1,Ki,nM,8.67,423.62,5.92
CHEMBL181447,177.0,C[C@@H]1OC(=O)[C@H]2C=C3CCCC[C@@H]3/C(=C/CC3CCC(C)(C)N3C)[C@@H]12,Scientific Literature,In vitro inhibitory activity against cloned human M1 muscarinic receptor,B,Homo sapiens,,Bioorg Med Chem Lett,2004.0,Muscarinic acetylcholine receptor M1,Ki,nM,6.75,343.51,4.48
CHEMBL2206334,891.25,CCCCC1CCN(CCCC(=O)c2ccccc2C)CC1.Cl,Scientific Literature,Competitive inhibition of EGFP-fused human M1 receptor N-terminal truncated at 17 residues expressed in HEK293 cells after 4 hrs by FRET assay in presence of para-LRB-AC42,B,Homo sapiens,,J Med Chem,2012.0,Muscarinic acetylcholine receptor M1,Ki,nM,6.05,337.94,4.86
CHEMBL4576555,2092.27,CN1CCN(C(=O)C(C)(C)c2ccc(C(=O)Nc3cn4cc(-c5cc(C(C)(C)C)cc(C(C)(C)C)c5)ccc4n3)cc2)CC1,SGC Frankfurt - Donated Chemical Probes,GPCRScan assay: inhibition of M1,B,Homo sapiens,,,2021.0,Muscarinic acetylcholine receptor M1,Ki,nM,5.68,593.82,6.9
CHEMBL648,163.0,CN1CCN(C(c2ccccc2)c2ccccc2)CC1,DrugMatrix,DRUGMATRIX: Muscarinic M1 radioligand binding (ligand: [3H] N-Methylscopolamine),B,,,,,Muscarinic acetylcholine receptor M1,Ki,nM,6.79,266.39,3.02
CHEMBL2112958,150.0,O=C(CCNC(=O)[C@@H]1CCCN1C(=O)CC(c1ccccc1)(c1ccccc1)c1ccccc1)NC[C@H]1CCCN(CC2CCCCC2)C1,Scientific Literature,Binding affinity (Ki) against binding of [3H]NMS using membranes from CHO cells expressing cloned human Muscarinic acetylcholine receptor M1,B,Homo sapiens,,J Med Chem,2002.0,Muscarinic acetylcholine receptor M1,Ki,nM,6.82,662.92,6.32
CHEMBL4069313,350.0,C[N+](C)(C)CC#CCOC1=NOCC1.[I-],Scientific Literature,Displacement of [3H]N-methyl-scopolamine bromide from human recombinant muscarinic M1 receptor expressed in HEK293T cell membranes after 1 hr by liquid scintillation counting method,B,Homo sapiens,,J Med Chem,2017.0,Muscarinic acetylcholine receptor M1,Ki,nM,6.46,324.16,0.45
CHEMBL4070061,20000.0,CN1CCCC(OCc2cccnc2)C1,Scientific Literature,Displacement of [3H]N-methyl-scopolamine bromide from human recombinant muscarinic M1 receptor expressed in HEK293T cell membranes after 1 hr by liquid scintillation counting method,B,Homo sapiens,,J Med Chem,2017.0,Muscarinic acetylcholine receptor M1,Ki,nM,4.7,206.29,1.69
CHEMBL571121,1.23,CN1CCC[C@@H]1c1ccc([C@](O)(c2ccccc2)C2CCCCC2)o1,Scientific Literature,Displacement of [3H]NMS from human cloned muscarinic M1 receptor expressed in CHO cells by scintillation counting,B,Homo sapiens,,J Med Chem,2010.0,Muscarinic acetylcholine receptor M1,Ki,nM,8.91,339.48,4.86
CHEMBL107679,1318.26,CCOC(=O)c1c(C)n(CC)c2ccc3c(c12)CN1CCc2cc(OC)ccc2C1O3,Scientific Literature,Inhibition of [3H]NMS binding to human muscarinic acetylcholine receptor M1 in transfected CHO cells.,B,,,J Med Chem,2002.0,Muscarinic acetylcholine receptor M1,Ki,nM,5.88,420.51,4.6
CHEMBL571341,22.91,CN1CCC[C@H]1c1ccc([C@](O)(c2ccccc2)C2CCCCC2)o1,Scientific Literature,Displacement of [3H]NMS from human cloned muscarinic M1 receptor expressed in CHO cells by scintillation counting,B,Homo sapiens,,J Med Chem,2010.0,Muscarinic acetylcholine receptor M1,Ki,nM,7.64,339.48,4.86
CHEMBL355854,4.3,C[C@@H]1OC(=O)[C@H]2C[C@H]3CCCC[C@@H]3[C@@H](CC[C@H]3CCC[C@H](C)N3C)[C@@H]12,Scientific Literature,Binding affinity towards human muscarinic M1 receptor in CHO-KI cells using [3H]- QNB as radioligand,B,,,Bioorg Med Chem Lett,1999.0,Muscarinic acetylcholine receptor M1,Ki,nM,8.37,347.54,4.64
CHEMBL359847,1400.0,C[C@@H]1OC(=O)[C@H]2C[C@H]3CCCC[C@@H]3[C@@H]([C@@H](O)C[C@H]3CCC(C)(C)N3C)[C@@H]12,Scientific Literature,In vitro inhibitory activity against cloned human M1 muscarinic receptor,B,Homo sapiens,,Bioorg Med Chem Lett,2004.0,Muscarinic acetylcholine receptor M1,Ki,nM,,363.54,3.61
CHEMBL257586,26302.68,C[N+](C)(CCCC(O)(c1ccccc1)c1ccccc1)CC[N+](C)(C)CCCC(O)(c1ccccc1)c1ccccc1.[I-].[I-],Scientific Literature,Displacement of [3H]N-methylscopolamine from human muscarinic M1 receptor expressed in CHO-K1 cells,B,Homo sapiens,,Bioorg Med Chem Lett,2008.0,Muscarinic acetylcholine receptor M1,Ki,nM,4.58,820.64,6.57
CHEMBL196169,10000.0,COc1ccc(NC(=O)N2CCN(c3ccccc3F)CC2)cc1N1CCN(C)CC1,Scientific Literature,Affinity towards cloned Muscarinic acetylcholine receptor M1,B,Homo sapiens,,Bioorg Med Chem Lett,2005.0,Muscarinic acetylcholine receptor M1,Ki,nM,,427.52,2.94
CHEMBL524097,0.64,OC(c1ccccc1)(c1ccccc1)C12CC[N+](CCCOc3ccccc3)(CC1)CC2.[Br-],Scientific Literature,Displacement of [3H]N-methyl scopolamine from human cloned muscarinic M1 receptor expressed in CHO cells coexpressing Gqi5 by scintillation proximity assay,B,Homo sapiens,,J Med Chem,2009.0,Muscarinic acetylcholine receptor M1,Ki,nM,9.19,508.5,5.39
CHEMBL239866,4550.0,C(#CCN1CCCCC1)COC1=NOCC1.O=C(O)C(=O)O,Scientific Literature,Displacement of [3H]QNB from human muscarinic M1 receptor expressed in CHO cells,B,Homo sapiens,,Bioorg Med Chem,2007.0,Muscarinic acetylcholine receptor M1,Ki,nM,5.34,312.32,1.23
CHEMBL398043,819.0,O=C(O)C(=O)O.O=C1CCON1CC#CCN1CCCCC1,Scientific Literature,Displacement of [3H]QNB from human muscarinic M1 receptor expressed in CHO cells,B,Homo sapiens,,Bioorg Med Chem,2007.0,Muscarinic acetylcholine receptor M1,Ki,nM,6.09,312.32,0.64
CHEMBL73410,96.0,CC(c1ccc(S(=O)(=O)c2ccccc2)cc1)N1CCN(C)CC1,Scientific Literature,Binding affinity towards the cloned human Muscarinic acetylcholine receptor M1,B,,,Bioorg Med Chem Lett,2000.0,Muscarinic acetylcholine receptor M1,Ki,nM,7.02,344.48,2.83
CHEMBL358505,1200.0,OC1(c2nc3ccccc3s2)CN2CCC1CC2,Scientific Literature,Binding affinity for muscarinic acetylcholine receptor M1 by measuring displacement of [3H]QNB from guinea pig cerebral cortex,B,Cavia porcellus,Cerebral cortex,J Med Chem,1995.0,Muscarinic acetylcholine receptor M1,Ki,nM,5.92,260.36,2.21
CHEMBL312344,1894.0,Cc1ncnc(C)c1C(=O)N1CCC(C)(N2CCN([C@@H](CC3CC3)c3ccc(C(F)(F)F)cc3)[C@@H](C)C2)CC1,Scientific Literature,Antagonistic activity against muscarinic M1 receptor,F,,,J Med Chem,2004.0,Muscarinic acetylcholine receptor M1,Ki,nM,5.72,543.68,5.65
CHEMBL146567,0.88,Cc1cccc(CN2CCC(NC(=O)[C@](O)(c3ccccc3)[C@@H]3CCC(F)(F)C3)CC2)c1,Scientific Literature,Inhibition of [3H]NMS binding to human muscarinic acetylcholine receptor M1 expressed in CHO cells,B,,,J Med Chem,2000.0,Muscarinic acetylcholine receptor M1,Ki,nM,9.06,442.55,4.4
CHEMBL69402,21.0,NCC(=O)N1CCN(C(=O)[C@](O)(c2ccccc2)[C@@H]2CCC(F)(F)C2)CC1,Scientific Literature,Binding affinity against human Muscarinic acetylcholine receptor M1 in transfected CHO cells,B,,,Bioorg Med Chem Lett,2003.0,Muscarinic acetylcholine receptor M1,Ki,nM,7.68,381.42,0.94
CHEMBL115078,758.58,CCCCCCCCCCCCCC(=O)NCC(=O)N[C@@H](CO)C(=O)OCc1ccccc1,Scientific Literature,Ability to displace [3H]QNB from HM1 receptor binding to acetylcholine was evaluated by ligand inhibition assay,B,,,Bioorg Med Chem Lett,1999.0,Muscarinic acetylcholine receptor M1,Ki,nM,6.12,462.63,4.02
CHEMBL298612,25118.86,Cn1cc(C(=O)C(=O)N[C@@H]2CN3CCC2CC3)c2ccccc21,Scientific Literature,Binding affinity against Muscarinic M1 receptor,B,Homo sapiens,,Bioorg Med Chem Lett,1995.0,Muscarinic acetylcholine receptor M1,Ki,nM,4.6,311.38,1.57
CHEMBL554916,117.49,C[N+]1(C)CCC[C@@H]1[C@@H]1C[S+]([O-])[C@](c2ccccc2)(C2CCCCC2)O1.[I-],Scientific Literature,Displacement of [3H]NMS from human muscarinic M1 receptor expressed in CHO cells,B,Homo sapiens,,Bioorg Med Chem,2008.0,Muscarinic acetylcholine receptor M1,Ki,nM,6.93,489.46,3.81
CHEMBL370564,10000.0,CCN(CC)c1ccc(C(=C2C=CC(=[N+](CC)CC)C=C2)c2ccc(S(=O)(=O)NCCCCCC(=O)O)cc2S(=O)(=O)[O-])cc1,Scientific Literature,Displacement of [3H]QNB from EGFP(delta-17)human M1 receptor expressed in HEK cells,B,Homo sapiens,,J Med Chem,2005.0,Muscarinic acetylcholine receptor M1,Ki,nM,,657.85,4.78
CHEMBL4637749,45.0,C[N@+]12CC[C@H](CC1)[C@@H](NC(=O)Nc1ccc(F)cc1-c1ccccc1)C2.O=C([O-])C(F)(F)F,Scientific Literature,Displacement of [3H]N-methylscopolamine from human muscarinic M1 receptor transiently expressed in HEK293T cell membranes incubated for 1 hr by scintillation counting method,B,Homo sapiens,,J Med Chem,2020.0,Muscarinic acetylcholine receptor M1,Ki,nM,7.35,467.46,3.85
CHEMBL2021479,12.59,CN(C)[C@H]1CCCC[C@H]1N(C)CC(=O)N1c2ccccc2NC(=O)c2ccccc21.O=C(O)C(=O)O.O=C(O)C(=O)O,Scientific Literature,Displacement of [3H]N-methylscopolamine chloride from human cloned muscarinic M1 receptor expressed in CHOK1 cells,B,Homo sapiens,,Bioorg Med Chem,2008.0,Muscarinic acetylcholine receptor M1,Ki,nM,7.9,586.6,3.72
CHEMBL1091775,10000.0,C[C@@H](c1ccccn1)c1c(CCN2CCC2)sc2ccccc12,Scientific Literature,Displacement of [3H]N-methylscopolamine from human muscarinic M1 receptor expressed in CHO Flp-In cells after 90 mins by scintillation counting,B,Homo sapiens,,Bioorg Med Chem Lett,2010.0,Muscarinic acetylcholine receptor M1,Ki,nM,,322.48,4.7
CHEMBL1092662,10000.0,CN(C)CCC1=C(Cc2cccnn2)c2ccc(F)cc2C1,Scientific Literature,Binding affinity at M1 receptor,B,,,Bioorg Med Chem Lett,2010.0,Muscarinic acetylcholine receptor M1,Ki,nM,,297.38,3.12
CHEMBL5092328,7200.0,CCS(=O)(=O)[C@]1(C)CC[C@@](CF)(c2cc(NC(=O)c3cc4c(cn3)OC(F)(F)O4)ccc2F)N=C1N,Scientific Literature,Displacement of [3H]-pirenzepine from human recombinant muscarinic 1 receptor after 60 mins by scintillation counting analysis,B,Homo sapiens,,J Med Chem,2021.0,Muscarinic acetylcholine receptor M1,Ki,nM,5.14,530.5,3.3
CHEMBL541671,19.5,C[N+]1(C)CCC[C@H]1[C@H]1C[S+]([O-])[C@](c2ccccc2)(C2CCCCC2)O1.[I-],Scientific Literature,Displacement of [3H]NMS from human muscarinic M1 receptor expressed in CHO cells,B,Homo sapiens,,Bioorg Med Chem,2008.0,Muscarinic acetylcholine receptor M1,Ki,nM,7.71,489.46,3.81
CHEMBL1091793,10000.0,CC(c1cccc(F)n1)c1c(CCN(C)C)sc2ccccc12,Scientific Literature,Displacement of [3H]N-methylscopolamine from human muscarinic M1 receptor expressed in CHO Flp-In cells after 90 mins by scintillation counting,B,Homo sapiens,,Bioorg Med Chem Lett,2010.0,Muscarinic acetylcholine receptor M1,Ki,nM,,328.46,4.69
CHEMBL1092126,10000.0,Cc1cccnc1[C@H](C)c1c(CCN(C)C)sc2ccccc12,Scientific Literature,Displacement of [3H]N-methylscopolamine from human muscarinic M1 receptor expressed in CHO Flp-In cells after 90 mins by scintillation counting,B,Homo sapiens,,Bioorg Med Chem Lett,2010.0,Muscarinic acetylcholine receptor M1,Ki,nM,,324.49,4.86
CHEMBL1091069,10000.0,COc1cccnc1[C@H](C)c1c(CCN(C)C)sc2ccccc12,Scientific Literature,Displacement of [3H]N-methylscopolamine from human muscarinic M1 receptor expressed in CHO Flp-In cells after 90 mins by scintillation counting,B,Homo sapiens,,Bioorg Med Chem Lett,2010.0,Muscarinic acetylcholine receptor M1,Ki,nM,,340.49,4.56
CHEMBL478226,2290.87,CN1CCN(CC(=O)N2c3ccccc3C(=O)Nc3cccnc32)[C@@H]2CCCC[C@H]21,Scientific Literature,Displacement of [3H]N-methylscopolamine chloride from human cloned muscarinic M1 receptor expressed in CHOK1 cells,B,Homo sapiens,,Bioorg Med Chem,2008.0,Muscarinic acetylcholine receptor M1,Ki,nM,5.64,405.5,2.87
CHEMBL4744233,1.349,Cc1cc(/C=C/c2cc3c4c(c2)CCCN4CCC3)cc(C)[n+]1CCNC(=O)CCc1cn(CCCCC2CCN(CC(=O)N3c4ccccc4NC(=O)c4ccccc43)CC2)cn1.O=C(O)C(F)(F)F.O=C(O)C(F)(F)F.O=C([O-])C(F)(F)F,Scientific Literature,Displacement of [3H]NMS from human recombinant muscarinic receptor M2 expressed in CHO-K9 cell membranes measured after 3 hrs by radioligand competition binding assay,B,Homo sapiens,,RSC Med Chem,2020.0,Muscarinic acetylcholine receptor M1,Ki,nM,8.87,1201.2,8.22
CHEMBL4742721,0.6918,O=C(CCCCCNC(=O)COc1ccc(/C=C/C2=[N+]3C(=Cc4ccc(-c5cccs5)n4[B-]3(F)F)C=C2)cc1)NCCNC(=O)CCc1cn(CCCCC2CCN(CC(=O)N3c4ccccc4NC(=O)c4ccccc43)CC2)cn1.O=C(O)C(F)(F)F.O=C(O)C(F)(F)F,Scientific Literature,Displacement of [3H]NMS from human recombinant muscarinic receptor M2 expressed in CHO-K9 cell membranes measured after 3 hrs by radioligand competition binding assay,B,Homo sapiens,,RSC Med Chem,2020.0,Muscarinic acetylcholine receptor M1,Ki,nM,9.16,1345.19,
CHEMBL4754371,4.898,Cc1cc(/C=C/C=C/c2ccc(N(C)C)cc2)cc(C)[n+]1CCNC(=O)CCc1cn(CCCCC2CCN(CC(=O)N3c4ccccc4NC(=O)c4ccccc43)CC2)cn1.O=C(O)C(F)(F)F.O=C(O)C(F)(F)F.O=C([O-])C(F)(F)F,Scientific Literature,Displacement of [3H]NMS from human recombinant muscarinic receptor M1 expressed in CHO-K9 cell membranes measured after 3 hrs by radioligand competition binding assay,B,Homo sapiens,,RSC Med Chem,2020.0,Muscarinic acetylcholine receptor M1,Ki,nM,8.31,1175.16,8.14
CHEMBL564057,0.08,O=C(O[C@H]1C[N+]2(CCc3ccccc3)CCC1CC2)C(O)(c1cccs1)c1cccs1.[Br-],Scientific Literature,Binding affinity to muscarinic M1 receptor,B,,,J Med Chem,2009.0,Muscarinic acetylcholine receptor M1,Ki,nM,10.1,534.54,4.44
CHEMBL4852544,12589.25,CC(=O)NC(=O)[C@H](CCCNC(=N)N)NC(=O)[C@H](C)NC(=O)CNC(=O)[C@H](CCCNC(=N)N)NC1CCN(CC(=O)N2c3ccccc3NC(=O)c3ccccc32)CC1.O=C(O)C(F)(F)F.O=C(O)C(F)(F)F.O=C(O)C(F)(F)F,Scientific Literature,Displacement of [3H]-NMS from human muscarinic M1 receptor expressed in CHO cell membranes assessed as inhibition constant by radioligand competition analysis,B,Homo sapiens,,Eur J Med Chem,2021.0,Muscarinic acetylcholine receptor M1,Ki,nM,4.9,1175.03,-1.37
CHEMBL4860171,6918.31,CC(=O)NC(=O)[C@H](CCCNC(=N)N)NC(=O)[C@H](C)NCC(=O)NC1CCN(CC(=O)N2c3ccccc3NC(=O)c3ccccc32)CC1.O=C(O)C(F)(F)F.O=C(O)C(F)(F)F,Scientific Literature,Displacement of [3H]-NMS from human muscarinic M1 receptor expressed in CHO cell membranes assessed as inhibition constant by radioligand competition analysis,B,Homo sapiens,,Eur J Med Chem,2021.0,Muscarinic acetylcholine receptor M1,Ki,nM,5.16,904.82,-0.11
CHEMBL4878717,3.89,N=C(N)NCCCCC(=O)NC1CCN(CCCCC2CCN(CC(=O)N3c4ccccc4NC(=O)c4ccccc43)CC2)CC1.O=C(O)C(F)(F)F.O=C(O)C(F)(F)F.O=C(O)C(F)(F)F.O=C(O)C(F)(F)F,Scientific Literature,Displacement of [3H]-NMS from human muscarinic M1 receptor expressed in CHO cell membranes assessed as inhibition constant by radioligand competition analysis,B,Homo sapiens,,Eur J Med Chem,2021.0,Muscarinic acetylcholine receptor M1,Ki,nM,8.41,1086.93,4.03
CHEMBL4871700,0.9333,N=C(N)NCCC[C@@H](NC1CCN(CCCCC2CCN(CC(=O)N3c4ccccc4NC(=O)c4ccccc43)CC2)CC1)C(=O)O.O=C(O)C(F)(F)F.O=C(O)C(F)(F)F.O=C(O)C(F)(F)F.O=C(O)C(F)(F)F,Scientific Literature,Displacement of [3H]-NMS from human muscarinic M1 receptor expressed in CHO cell membranes assessed as inhibition constant by radioligand competition analysis,B,Homo sapiens,,Eur J Med Chem,2021.0,Muscarinic acetylcholine receptor M1,Ki,nM,9.03,1102.93,3.57
CHEMBL72363,57.02,C=C(c1ccc(S(=O)(=O)c2ccc(OC)cc2)cc1)C1CCN(C2CCN(S(=O)(=O)CCCC)CC2)CC1,Scientific Literature,Binding affinity to muscarinic M1 receptor,B,Homo sapiens,,Bioorg Med Chem Lett,2007.0,Muscarinic acetylcholine receptor M1,Ki,nM,7.24,560.78,4.85
CHEMBL421113,25.82,C=C(c1ccc(S(=O)(=O)c2ccc(OC)cc2)cc1)C1CCN(C2CCN(S(=O)(=O)CCC)CC2)CC1,Scientific Literature,Binding affinity to muscarinic M1 receptor,B,Homo sapiens,,Bioorg Med Chem Lett,2007.0,Muscarinic acetylcholine receptor M1,Ki,nM,7.59,546.76,4.46
CHEMBL72494,37.41,C=C(c1ccc(S(=O)(=O)c2ccc(OC)cc2)cc1)C1CCN(C2CCN(S(=O)(=O)c3ccccc3)CC2)CC1,Scientific Literature,Binding affinity to muscarinic M1 receptor,B,Homo sapiens,,Bioorg Med Chem Lett,2007.0,Muscarinic acetylcholine receptor M1,Ki,nM,7.43,580.77,5.11
CHEMBL72957,14.76,C=C(c1ccc(S(=O)(=O)c2ccc(OC)cc2)cc1)C1CCN(C2CCN(C(=O)OC(C)C)CC2)CC1,Scientific Literature,Binding affinity to muscarinic M1 receptor,B,Homo sapiens,,Bioorg Med Chem Lett,2007.0,Muscarinic acetylcholine receptor M1,Ki,nM,7.83,526.7,5.26
CHEMBL4061390,6100.0,C[N+]1(C)CCC(OCc2nccs2)C1.O=C[O-],Scientific Literature,Displacement of [3H]N-methyl-scopolamine bromide from human recombinant muscarinic M1 receptor expressed in HEK293T cell membranes after 1 hr by liquid scintillation counting method,B,Homo sapiens,,J Med Chem,2017.0,Muscarinic acetylcholine receptor M1,Ki,nM,5.21,258.34,1.51
CHEMBL147778,26.0,Cc1cccc(CN2CCC(NC(=O)[C@](O)(c3ccccc3)[C@@H]3CCC(F)(F)C3)CC2)n1,Scientific Literature,Inhibition of [3H]NMS binding to human muscarinic acetylcholine receptor M1 expressed in CHO cells,B,,,J Med Chem,2000.0,Muscarinic acetylcholine receptor M1,Ki,nM,7.58,443.54,3.79
CHEMBL280684,11481.54,CN(C)CCOC(=O)C1=C/C(=C\c2cccnc2)c2ccccc21,Scientific Literature,Affinity for Muscarinic acetylcholine receptor M1 expressed in CHO cells by [3H]NMS displacement.,B,,,Bioorg Med Chem Lett,2001.0,Muscarinic acetylcholine receptor M1,Ki,nM,4.94,320.39,3.12
CHEMBL146351,57.0,CC(C)=CCCN1CCC(NC(=O)[C@](O)(c2ccccc2)[C@H]2CCC(F)(F)C2)CC1,Scientific Literature,Inhibition of [3H]NMS binding to human muscarinic acetylcholine receptor M1 expressed in CHO cells,B,,,J Med Chem,2000.0,Muscarinic acetylcholine receptor M1,Ki,nM,7.24,420.54,4.25
CHEMBL147695,72.0,O=C(NC1CCN(Cc2ccoc2)CC1)[C@](O)(c1ccccc1)[C@@H]1CCC(F)(F)C1,Scientific Literature,Inhibition of [3H]NMS binding to human muscarinic acetylcholine receptor M1 expressed in CHO cells,B,,,J Med Chem,2000.0,Muscarinic acetylcholine receptor M1,Ki,nM,7.14,418.48,3.68
CHEMBL29808,10000.0,C=Cc1ccc(N2CCN(Cc3c[nH]c4ncccc34)CC2)cc1,Scientific Literature,Binding affinity to cloned Muscarinic acetylcholine receptor M1,B,,,Bioorg Med Chem Lett,2001.0,Muscarinic acetylcholine receptor M1,Ki,nM,,318.42,3.53
CHEMBL66820,92.0,NCCCC1CCN(C(=O)[C@](O)(c2ccccc2)[C@@H]2CCC(F)(F)C2)CC1,Scientific Literature,Binding affinity against human Muscarinic acetylcholine receptor M1 in transfected CHO cells,B,,,Bioorg Med Chem Lett,2003.0,Muscarinic acetylcholine receptor M1,Ki,nM,7.04,380.48,3.29
CHEMBL4789054,263.03,O=C(CCN1CCCc2ccccc21)Nc1ccccc1,Scientific Literature,Displacement of [3H]-NMS from muscarinic M1 receptor (unknown origin) expressed in CHO-K1 cell membranes assessed as inhibition constant by radioligand competition analysis,B,Homo sapiens,,Bioorg Med Chem Lett,2020.0,Muscarinic acetylcholine receptor M1,Ki,nM,6.58,280.37,3.47
CHEMBL4763304,1047.13,O=C(O)C1CCCN1C(=O)CCN1CCCc2ccccc21,Scientific Literature,Displacement of [3H]-NMS from muscarinic M1 receptor (unknown origin) expressed in CHO-K1 cell membranes assessed as inhibition constant by radioligand competition analysis,B,Homo sapiens,,Bioorg Med Chem Lett,2020.0,Muscarinic acetylcholine receptor M1,Ki,nM,5.98,302.37,1.9
CHEMBL4787283,17782.79,Cc1ccc2c(c1)CCCN2CC(=O)N1CCCCC1,Scientific Literature,Displacement of [3H]-NMS from muscarinic M1 receptor (unknown origin) expressed in CHO-K1 cell membranes assessed as inhibition constant by radioligand competition analysis,B,Homo sapiens,,Bioorg Med Chem Lett,2020.0,Muscarinic acetylcholine receptor M1,Ki,nM,4.75,272.39,2.76
CHEMBL4786868,100000.0,O=C(CN1CCCc2cnccc21)N1CCCCC1,Scientific Literature,Displacement of [3H]-NMS from muscarinic M1 receptor (unknown origin) expressed in CHO-K1 cell membranes assessed as inhibition constant by radioligand competition analysis,B,Homo sapiens,,Bioorg Med Chem Lett,2020.0,Muscarinic acetylcholine receptor M1,Ki,nM,,259.35,1.85
CHEMBL4747590,6309.57,CC1CCCCN1C(=O)CCN1CCCc2ccccc21,Scientific Literature,Displacement of [3H]-NMS from muscarinic M1 receptor (unknown origin) expressed in CHO-K1 cell membranes assessed as inhibition constant by radioligand competition analysis,B,Homo sapiens,,Bioorg Med Chem Lett,2020.0,Muscarinic acetylcholine receptor M1,Ki,nM,5.2,286.42,3.23
CHEMBL234258,18.0,CN(C)C1(CNCCC2CCC(CO)CC2)COc2ccccc2OC1,Scientific Literature,Displacement of 1-[N-methyl- 3H]scopolamine from human muscarinic M1 receptor expressed in Sf9 cells,B,Homo sapiens,,Bioorg Med Chem Lett,2007.0,Muscarinic acetylcholine receptor M1,Ki,nM,7.75,362.51,2.54
CHEMBL233200,380.0,CN(C)C1(CNCCc2ccccc2F)COc2ccccc2OC1,Scientific Literature,Displacement of 1-[N-methyl- 3H]scopolamine from human muscarinic M1 receptor expressed in Sf9 cells,B,Homo sapiens,,Bioorg Med Chem Lett,2007.0,Muscarinic acetylcholine receptor M1,Ki,nM,6.42,344.43,2.73
CHEMBL3085023,2110.0,NCCN1[C@@H]2CC[C@H]1C[C@@H](NC(c1ccc(F)cc1)c1ccc(F)cc1)C2,Scientific Literature,Inhibition of muscarinic M1 receptor,B,,,Bioorg Med Chem Lett,2011.0,Muscarinic acetylcholine receptor M1,Ki,nM,5.68,371.48,3.6
CHEMBL4787944,7585.78,Cn1ccc(NC(=O)CCN2CCCc3ccccc32)n1,Scientific Literature,Displacement of [3H]-NMS from muscarinic M1 receptor (unknown origin) expressed in CHO-K1 cell membranes assessed as inhibition constant by radioligand competition analysis,B,Homo sapiens,,Bioorg Med Chem Lett,2020.0,Muscarinic acetylcholine receptor M1,Ki,nM,5.12,284.36,2.2
CHEMBL4756873,14125.38,O=C(CCN1CCCc2ccccc21)Nc1cccnn1,Scientific Literature,Displacement of [3H]-NMS from muscarinic M1 receptor (unknown origin) expressed in CHO-K1 cell membranes assessed as inhibition constant by radioligand competition analysis,B,Homo sapiens,,Bioorg Med Chem Lett,2020.0,Muscarinic acetylcholine receptor M1,Ki,nM,4.85,282.35,2.26
CHEMBL72408,9.795,C=C(c1ccc(S(=O)(=O)c2ccc(OC)cc2)cc1)C1CCN(C2CCN(C(=O)OCCCC)CC2)CC1,Scientific Literature,Binding affinity to muscarinic M1 receptor,B,Homo sapiens,,Bioorg Med Chem Lett,2007.0,Muscarinic acetylcholine receptor M1,Ki,nM,8.01,540.73,5.65
CHEMBL72787,95.72,C=C(c1ccc(S(=O)(=O)c2ccc(OC)cc2)cc1)C1CCN(C2CCN(C(=O)Cc3ccccc3)CC2)CC1,Scientific Literature,Binding affinity to muscarinic M1 receptor,B,Homo sapiens,,Bioorg Med Chem Lett,2007.0,Muscarinic acetylcholine receptor M1,Ki,nM,7.02,558.74,5.49
CHEMBL320465,2041.74,CCCc1[nH]c2ccc3c(c2c1C(=O)OCC)CN1CCc2cc(OC)ccc2C1O3,Scientific Literature,Inhibition of [3H]NMS binding to human muscarinic acetylcholine receptor M1 in transfected CHO cells.,B,,,J Med Chem,2002.0,Muscarinic acetylcholine receptor M1,Ki,nM,5.69,420.51,4.76
CHEMBL4740422,2041.74,O=C(CCN1CCCc2ccccc21)NCc1cccc(F)c1,Scientific Literature,Displacement of [3H]-NMS from muscarinic M1 receptor (unknown origin) expressed in CHO-K1 cell membranes assessed as inhibition constant by radioligand competition analysis,B,Homo sapiens,,Bioorg Med Chem Lett,2020.0,Muscarinic acetylcholine receptor M1,Ki,nM,5.69,312.39,3.28
CHEMBL21321,891.25,O=C(OC1CN2CCC1CC2)C1=C/C(=C\c2cccnc2)c2ccccc21,Scientific Literature,Affinity for Muscarinic acetylcholine receptor M1 expressed in CHO cells by [3H]NMS displacement.,B,,,Bioorg Med Chem Lett,2001.0,Muscarinic acetylcholine receptor M1,Ki,nM,6.05,358.44,3.66
CHEMBL106218,1513.56,CCOC(=O)c1c(CC)n(C)c2ccc3c(c12)CN1CCc2cc(OC)ccc2C1O3,Scientific Literature,Inhibition of [3H]NMS binding to human muscarinic acetylcholine receptor M1 in transfected CHO cells.,B,,,J Med Chem,2002.0,Muscarinic acetylcholine receptor M1,Ki,nM,5.82,420.51,4.38
CHEMBL378859,260.0,O=C(NCCC1CCNCC1)[C@H]1CCCN1C(=O)[C@@H]1C[C@@H](O)CN1C(=O)CC(c1ccc(Cl)cc1)(c1ccc(Cl)cc1)c1ccc(Cl)cc1,Scientific Literature,Inhibition of [3H]NMS binding to human cloned M1 receptor expressed in CHO cells,B,Homo sapiens,,J Med Chem,2006.0,Muscarinic acetylcholine receptor M1,Ki,nM,6.58,726.14,5.83
CHEMBL378885,2600.0,O=C(NC[C@@H]1CCCNC1)[C@H]1CCCN1C(=O)[C@@H]1C[C@@H](O)CN1C(=O)CC(c1ccccc1)(c1ccccc1)c1ccccc1,Scientific Literature,Inhibition of [3H]NMS binding to human cloned M1 receptor expressed in CHO cells,B,Homo sapiens,,J Med Chem,2006.0,Muscarinic acetylcholine receptor M1,Ki,nM,,608.78,3.48
CHEMBL211976,2000.0,O=C(NCCC1CCNCC1)[C@H]1CCCN1C(=O)[C@@H]1C[C@@H](O)CN1C(=O)CC(c1ccccc1)(c1ccccc1)c1ccccc1,Scientific Literature,Inhibition of [3H]NMS binding to human cloned M1 receptor expressed in CHO cells,B,Homo sapiens,,J Med Chem,2006.0,Muscarinic acetylcholine receptor M1,Ki,nM,5.7,622.81,3.87
CHEMBL431787,242.0,COc1ccc([S+]([O-])c2ccc(C(C(N)=O)N3CCN(C4CCCCC4)CC3)cc2)cc1,Scientific Literature,Binding affinity towards the cloned human Muscarinic acetylcholine receptor M1,B,,,Bioorg Med Chem Lett,2000.0,Muscarinic acetylcholine receptor M1,Ki,nM,6.62,455.62,3.34
CHEMBL287671,10000.0,c1ccc(-c2ccc(N3CCN(Cc4c[nH]c5ncccc45)CC3)cc2)cc1,Scientific Literature,Binding affinity to cloned Muscarinic acetylcholine receptor M1,B,,,Bioorg Med Chem Lett,2001.0,Muscarinic acetylcholine receptor M1,Ki,nM,,368.48,4.55
CHEMBL216928,199.53,COc1nsc(OCCOCCOCCOCCOc2nsnc2C2C=CCCN2C)n1,Scientific Literature,Inhibition of [3H](R)-QNB binding to human M1 receptor expressed in A9 L cells,B,Homo sapiens,,J Med Chem,2006.0,Muscarinic acetylcholine receptor M1,Ki,nM,6.7,487.6,1.84
CHEMBL104210,20417.38,CCCCCc1[nH]c2ccc3c(c2c1C(=O)OCC)CN1CCc2cc(OC)ccc2C1O3,Scientific Literature,Inhibition of [3H]NMS binding to human muscarinic acetylcholine receptor M1 in transfected CHO cells.,B,,,J Med Chem,2002.0,Muscarinic acetylcholine receptor M1,Ki,nM,4.69,448.56,5.54
CHEMBL2312348,100000.0,COC(COC(=O)C1=C(c2ccccc2)CCN(C)C1)c1ccccc1,Scientific Literature,Displacement of [3H]NMS from human M1 muscarinic receptor expressed in CHO-K1 cells,B,Homo sapiens,,J Med Chem,2013.0,Muscarinic acetylcholine receptor M1,Ki,nM,,351.45,3.71
CHEMBL4074319,42000.0,CCOc1cccc(CC[N+](C)(C)C)c1.O=C[O-],Scientific Literature,Displacement of [3H]N-methyl-scopolamine bromide from human recombinant muscarinic M1 receptor expressed in HEK293T cell membranes after 1 hr by liquid scintillation counting method,B,Homo sapiens,,J Med Chem,2017.0,Muscarinic acetylcholine receptor M1,Ki,nM,4.38,253.34,2.33
CHEMBL2021477,45.71,CN(C)[C@H]1CCCC[C@@H]1N(C)CC(=O)N1c2ccccc2NC(=O)c2ccccc21.O=C(O)C(=O)O.O=C(O)C(=O)O,Scientific Literature,Displacement of [3H]N-methylscopolamine chloride from human cloned muscarinic M1 receptor expressed in CHOK1 cells,B,Homo sapiens,,Bioorg Med Chem,2008.0,Muscarinic acetylcholine receptor M1,Ki,nM,7.34,586.6,3.72
CHEMBL53463,3693.0,COc1cccc2c1C(=O)c1c(O)c3c(c(O)c1C2=O)C[C@@](O)(C(=O)CO)C[C@@H]3O[C@H]1C[C@H](N)[C@H](O)[C@H](C)O1,DrugMatrix,DRUGMATRIX: Muscarinic M1 radioligand binding (ligand: [3H] N-Methylscopolamine),B,,,,,Muscarinic acetylcholine receptor M1,Ki,nM,5.43,543.53,0.0
CHEMBL71483,37.0,CC(C)(N)CC1CCN(C(=O)[C@](O)(c2ccccc2)[C@@H]2CCC(F)(F)C2)CC1,Scientific Literature,Binding affinity against human Muscarinic acetylcholine receptor M1 in transfected CHO cells,B,,,Bioorg Med Chem Lett,2003.0,Muscarinic acetylcholine receptor M1,Ki,nM,7.43,394.51,3.68
CHEMBL3948167,251.19,Cn1c(SCCCN2CC[C@]3(C[C@@H]3c3ccc(C(F)(F)F)cc3)C2)nnc1C1CCOCC1,Scientific Literature,Activity at human muscarinic acetylcholine receptor M1 transfected in CHO-K1 cells assessed as intracellular calcium levels in presence of acetylcholine by FLIPR assay,F,Homo sapiens,,J Med Chem,2016.0,Muscarinic acetylcholine receptor M1,Ki,nM,6.6,480.6,5.09
CHEMBL69383,310.0,O=C(NC1CCNCC1)[C@](O)(c1ccccc1)[C@@H]1CCC(F)(F)C1,Scientific Literature,Binding affinity against human Muscarinic acetylcholine receptor M1 in transfected CHO cells,B,,,Bioorg Med Chem Lett,2003.0,Muscarinic acetylcholine receptor M1,Ki,nM,6.51,338.4,2.18
CHEMBL4092348,20000.0,C[N+](C)(C)CCc1cccc(O)c1.O=C[O-],Scientific Literature,Displacement of [3H]N-methyl-scopolamine bromide from human recombinant muscarinic M1 receptor expressed in HEK293T cell membranes after 1 hr by liquid scintillation counting method,B,Homo sapiens,,J Med Chem,2017.0,Muscarinic acetylcholine receptor M1,Ki,nM,4.7,225.29,1.64
CHEMBL283036,10000.0,FC(F)(F)c1ccc(N2CCN(Cc3c[nH]c4ncccc34)CC2)cc1,Scientific Literature,Binding affinity to cloned Muscarinic acetylcholine receptor M1,B,,,Bioorg Med Chem Lett,2001.0,Muscarinic acetylcholine receptor M1,Ki,nM,,360.38,3.9
CHEMBL210514,4120.0,COc1nc(NCCCN2CCOCC2)nc(OC)c1NC(=O)c1ccc(Oc2cc3c(cc2C)CCC3(C)C)o1,Scientific Literature,Binding affinity to human M1 receptor,B,Homo sapiens,,J Med Chem,2006.0,Muscarinic acetylcholine receptor M1,Ki,nM,5.38,565.67,4.8
CHEMBL1201353,333.0,CN(C)CC[C@@H](c1ccc(Cl)cc1)c1ccccn1,DrugMatrix,DRUGMATRIX: Muscarinic M1 radioligand binding (ligand: [3H] N-Methylscopolamine),B,,,,,Muscarinic acetylcholine receptor M1,Ki,nM,6.48,274.8,3.82
CHEMBL2112959,36.0,O=C(CCNC(=O)CC(c1ccccc1)(c1ccccc1)c1ccccc1)NCCC(=O)NC[C@H]1CCCN(CC2CCCCC2)C1,Scientific Literature,Binding affinity (Ki) against binding of [3H]NMS using membranes from CHO cells expressing cloned human Muscarinic acetylcholine receptor M1,B,Homo sapiens,,J Med Chem,2002.0,Muscarinic acetylcholine receptor M1,Ki,nM,7.44,636.88,5.83
CHEMBL38423,6500.0,C[C@H]1CC2(CO1)CN1CCC2CC1,Scientific Literature,Compound was evaluated for its binding affinity against Muscarinic acetylcholine receptor M1 in guinea pig cerebral cortex using (-)-[3H]-QNB as radioligand,B,Cavia porcellus,Cerebral cortex,J Med Chem,1992.0,Muscarinic acetylcholine receptor M1,Ki,nM,5.19,181.28,1.51
CHEMBL71531,31.09,COc1ccc(S(=O)(=O)c2ccc(C(=O)C3CCN(C4CCCCC4)CC3)cc2)cc1,Scientific Literature,Binding affinity against Muscarinic acetylcholine receptor M1,B,,,Bioorg Med Chem Lett,2000.0,Muscarinic acetylcholine receptor M1,Ki,nM,7.51,441.59,4.76
CHEMBL212645,210.0,O=C(NCC1CCN(C2CCCC2)CC1)[C@H]1CCCN1C(=O)[C@@H]1C[C@@H](O)CN1C(=O)CC(c1ccc(F)cc1)(c1ccc(F)cc1)c1ccc(F)cc1,Scientific Literature,Inhibition of [3H]NMS binding to human cloned M1 receptor expressed in CHO cells,B,Homo sapiens,,J Med Chem,2006.0,Muscarinic acetylcholine receptor M1,Ki,nM,6.68,730.87,5.55
CHEMBL1632174,10000.0,O=C(O)CCCCCN1CCC(CNC(=O)c2c3n(c4ccccc24)CCCO3)CC1,Scientific Literature,Binding affinity to muscarinic acetylcholine receptor M1,B,,,Bioorg Med Chem,2010.0,Muscarinic acetylcholine receptor M1,Ki,nM,,427.55,3.51
CHEMBL234252,220.0,CN(C)C1(CNCCc2ccccc2)COc2ccccc2OC1,Scientific Literature,Displacement of 1-[N-methyl- 3H]scopolamine from human muscarinic M1 receptor expressed in Sf9 cells,B,Homo sapiens,,Bioorg Med Chem Lett,2007.0,Muscarinic acetylcholine receptor M1,Ki,nM,6.66,326.44,2.59
CHEMBL376295,100.0,COc1nsnc1OCCCOCCCOCCCOc1nsnc1-c1cccnc1,Scientific Literature,Inhibition of [3H](R)-QNB binding to human M1 receptor expressed in A9 L cells,B,Homo sapiens,,J Med Chem,2006.0,Muscarinic acetylcholine receptor M1,Ki,nM,7.0,467.57,3.12
CHEMBL4448108,1.585,CN(CCCCCCCCN(C)CCCCCCN(CC(=O)N1c2ccccc2C(=O)Nc2cccnc21)CC(=O)N1c2ccccc2C(=O)Nc2cccnc21)CCCCCCNCC(=O)N1c2ncccc2NC(=O)c2cccnc21,Scientific Literature,Displacement of [3H]-NMS from human muscarinic M1 receptor expressed in CHO-K1 cells after 3 hrs by beta counting method,B,Homo sapiens,,J Med Chem,2019.0,Muscarinic acetylcholine receptor M1,Ki,nM,8.8,1125.39,
CHEMBL295388,3.981,CCN(CC)CCCCC1CCN(CC(=O)N2c3ccccc3NC(=O)c3ccccc32)CC1,Scientific Literature,Displacement of [3H]-NMS from muscarinic M1 receptor (unknown origin) expressed in mouse A9L cells after 60 mins by scintillation counting method,B,Homo sapiens,,J Med Chem,2019.0,Muscarinic acetylcholine receptor M1,Ki,nM,8.4,462.64,5.14
CHEMBL147105,15.0,O=C(NC1CCN(Cc2ccccn2)CC1)[C@](O)(c1ccccc1)[C@@H]1CCC(F)(F)C1,Scientific Literature,Inhibition of [3H]NMS binding to human muscarinic acetylcholine receptor M1 expressed in CHO cells,B,,,J Med Chem,2000.0,Muscarinic acetylcholine receptor M1,Ki,nM,7.82,429.51,3.49
CHEMBL4645580,0.302,C[N+](C)(C)C[C@H]1COC[C@@](c2ccccc2)(C2CCCCC2)O1.[I-],Scientific Literature,Displacement of [3H]NMS from human recombinant muscarinic receptor M1 expressed in CHO-K1 cell membranes incubated for 2 hrs by scintillation counting method,B,Homo sapiens,,J Med Chem,2020.0,Muscarinic acetylcholine receptor M1,Ki,nM,9.52,445.39,3.58
CHEMBL4633816,0.12,C[N+]12CCC(CC1)[C@@H](OC(=O)Nc1ccc(F)cc1-c1ccc(F)c(Cl)c1)C2.O=C[O-],Scientific Literature,Displacement of [3H]N-methylscopolamine from human muscarinic M1 receptor transiently expressed in HEK293T cell membranes incubated for 1 hr by scintillation counting method,B,Homo sapiens,,J Med Chem,2020.0,Muscarinic acetylcholine receptor M1,Ki,nM,9.92,452.89,5.07
CHEMBL4644192,0.4,C[N@+]12CC[C@H](CC1)[C@@H](OC(=O)Nc1ccccc1-c1ccccc1)C2.O=C([O-])C(F)(F)F,Scientific Literature,Displacement of [3H]N-methylscopolamine from human muscarinic M1 receptor transiently expressed in HEK293T cell membranes incubated for 1 hr by scintillation counting method,B,Homo sapiens,,J Med Chem,2020.0,Muscarinic acetylcholine receptor M1,Ki,nM,9.4,450.46,4.14
CHEMBL326450,13180.0,CCCCc1[nH]c2ccc3c(c2c1C(=O)OCC)CN1CCc2cc(OC)ccc2C1O3,Scientific Literature,Binding affinity to human M1 muscarinic receptor,B,Homo sapiens,,J Med Chem,2013.0,Muscarinic acetylcholine receptor M1,Ki,nM,4.88,434.54,5.15
CHEMBL2205812,32.0,COc1ccc(CCN2C3C4C5CC6C7C5C3C7C2(O)C64)cc1,Scientific Literature,Binding affinity to M1 muscarinic receptor,B,,,Bioorg Med Chem Lett,2012.0,Muscarinic acetylcholine receptor M1,Ki,nM,7.5,309.41,2.0
CHEMBL353311,136.0,C[C@@H]1OC(=O)[C@H]2C[C@H]3CCCC[C@@H]3[C@@H](CCCNC34CC5CC(CC(C5)C3)C4)[C@@H]12,Scientific Literature,Binding affinity towards human muscarinic M1 receptor in CHO-KI cells using [3H]- QNB as radioligand,B,,,Bioorg Med Chem Lett,1999.0,Muscarinic acetylcholine receptor M1,Ki,nM,6.87,399.62,5.33
CHEMBL172969,554.0,CC1CCN(CCC[C@@H]2[C@H]3CCCC[C@@H]3C[C@@H]3C(=O)O[C@@H](C)[C@H]23)CC1,Scientific Literature,Binding affinity towards human muscarinic M1 receptor in CHO-KI cells using [3H]- QNB as radioligand,B,,,Bioorg Med Chem Lett,1999.0,Muscarinic acetylcholine receptor M1,Ki,nM,6.26,347.54,4.5
CHEMBL107680,21877.62,CCOC(=O)c1c(C)[nH]c2ccc3c(c12)CN1CCc2cc(O)ccc2C1O3,Scientific Literature,Inhibition of [3H]NMS binding to human muscarinic acetylcholine receptor M1 in transfected CHO cells.,B,,,J Med Chem,2002.0,Muscarinic acetylcholine receptor M1,Ki,nM,,378.43,3.81
CHEMBL4642292,10000.0,Cc1nccc2c1C(C)(C)Nc1cc(Br)ccc1-2,Scientific Literature,Binding affinity to muscarinic acetylcholine receptor M1 (unknown origin),B,Homo sapiens,,J Nat Prod,2020.0,Muscarinic acetylcholine receptor M1,Ki,nM,,303.2,4.48
CHEMBL4641328,1.622,NCc1cc(C(=O)NCCN2CCC(N3CCC(n4c(=O)[nH]c5ccccc54)CC3)CC2)cc(C(=O)NCCN2CCN(CCCCC3CCN(CC(=O)N4c5ccccc5NC(=O)c5ccccc54)CC3)CC2)c1.O=C(O)C(F)(F)F.O=C(O)C(F)(F)F.O=C(O)C(F)(F)F.O=C(O)C(F)(F)F.O=C(O)C(F)(F)F.O=C(O)C(F)(F)F,Scientific Literature,Displacement of [3H]-NMS from human muscarinic M1 receptor stably expressed in CHO-K9 cells by radioligand competitive binding assay,B,Homo sapiens,,J Med Chem,2020.0,Muscarinic acetylcholine receptor M1,Ki,nM,8.79,1705.46,
CHEMBL2441760,100000.0,CN1CCC[C@H]1[C@@H]1COC(=O)N1,Scientific Literature,Displacement of [3H]NMS from human muscarinic M1 receptor expressed in CHO cells,B,Homo sapiens,,Bioorg Med Chem Lett,2013.0,Muscarinic acetylcholine receptor M1,Ki,nM,,170.21,0.19
CHEMBL1200406,109.0,CN(C)CCOC(c1ccccc1)c1ccccc1.Cn1c(=O)c2[nH]c(Cl)nc2n(C)c1=O,DrugMatrix,DRUGMATRIX: Muscarinic M1 radioligand binding (ligand: [3H] N-Methylscopolamine),B,,,,,Muscarinic acetylcholine receptor M1,Ki,nM,6.96,469.97,
CHEMBL104803,7585.78,COc1ccc2c(c1)CCN1Cc3c(ccc4[nH]c(C)c(-c5nc(C)no5)c34)OC21,Scientific Literature,Inhibition of [3H]NMS binding to human muscarinic acetylcholine receptor M1 in transfected CHO cells.,B,,,J Med Chem,2002.0,Muscarinic acetylcholine receptor M1,Ki,nM,5.12,402.45,4.29
CHEMBL377241,260.0,CN[C@@H]1CCN(c2ccc(-n3ncc4cc(-c5ccc(C(F)(F)F)cc5)sc4c3=O)cn2)C1,Scientific Literature,Binding affinity to muscarinic M1R,B,Homo sapiens,,J Med Chem,2006.0,Muscarinic acetylcholine receptor M1,Ki,nM,6.58,471.51,4.33
CHEMBL428916,6141.0,C(#CCN1CCCC1)COc1cc(-c2ccccc2)on1.O=C(O)/C=C/C(=O)O,Scientific Literature,Displacement of [3H]QNB from human muscarinic M1 receptor expressed in CHO cells,B,Homo sapiens,,Bioorg Med Chem,2007.0,Muscarinic acetylcholine receptor M1,Ki,nM,5.21,398.42,2.82
CHEMBL394329,10000.0,C[N+]1(CC#CCOC2=NOCC2)CCc2ccccc21.[I-],Scientific Literature,Displacement of [3H]QNB from human muscarinic M1 receptor expressed in CHO cells,B,Homo sapiens,,Bioorg Med Chem,2007.0,Muscarinic acetylcholine receptor M1,Ki,nM,,398.24,1.93
CHEMBL3354078,29.51,O=C1CCc2ccccc2N1CCCN1CCC(CCCCCCCCCC2CCN(CCCN3C(=O)CCc4ccccc43)CC2)CC1,Scientific Literature,Displacement of [3H]NMS from human M1 receptor expressed in CHO cells by microplate scintillation counting based radioligand binding assay,B,Homo sapiens,,J Med Chem,2014.0,Muscarinic acetylcholine receptor M1,Ki,nM,7.53,669.01,8.66
CHEMBL37372,44.0,CCN(CC)CCOC(=O)C(C)(c1ccccc1)c1ccc(O)cc1,Scientific Literature,Displacement of [3H] N-methylscopolamine from human muscarinic M1 receptor after 30 mins by scintillation counting analysis,B,Homo sapiens,,Bioorg Med Chem,2013.0,Muscarinic acetylcholine receptor M1,Ki,nM,7.36,341.45,3.58
CHEMBL1535,15488.17,CCN(CCO)CCCC(C)Nc1ccnc2cc(Cl)ccc12,SARS-CoV-2 Screening Data,Activity of compound against Muscarinic acetylcholine receptor M1 (CHRM1) by displacement of 3H-QNB,B,Homo sapiens,,Nature,2020.0,Muscarinic acetylcholine receptor M1,Ki,nM,4.81,335.88,3.78
CHEMBL4870127,0.6918,N=C(N)NCCC[C@@H](N)C(=O)NCCN1CCN(CCCCC2CCN(CC(=O)N3c4ccccc4NC(=O)c4ccccc43)CC2)CC1.O=C(O)C(F)(F)F.O=C(O)C(F)(F)F.O=C(O)C(F)(F)F.O=C(O)C(F)(F)F.O=C(O)C(F)(F)F,Scientific Literature,Displacement of [3H]-NMS from human muscarinic M1 receptor expressed in CHO cell membranes assessed as inhibition constant by radioligand competition analysis,B,Homo sapiens,,Eur J Med Chem,2021.0,Muscarinic acetylcholine receptor M1,Ki,nM,9.16,1245.01,2.12
CHEMBL4856113,1.259,CC(=O)N[C@@H](CCCN)C(=O)NC(=O)[C@H](C)NC(=O)[C@H](CCNC(=N)N)NCCN1CCN(CCCCC2CCN(CC(=O)N3c4ccccc4NC(=O)c4ccccc43)CC2)CC1.O=C(O)C(F)(F)F.O=C(O)C(F)(F)F.O=C(O)C(F)(F)F.O=C(O)C(F)(F)F.O=C(O)C(F)(F)F,Scientific Literature,Displacement of [3H]-NMS from human muscarinic M1 receptor expressed in CHO cell membranes assessed as inhibition constant by radioligand competition analysis,B,Homo sapiens,,Eur J Med Chem,2021.0,Muscarinic acetylcholine receptor M1,Ki,nM,8.9,1458.24,0.64
CHEMBL3085030,438.0,Fc1ccc(C(N[C@H]2C[C@H]3CC[C@@H](C2)N3CCCCc2ccccc2)c2ccc(F)cc2)cc1,Scientific Literature,Displacement of [3H]pirenzepine from Muscarinic receptor M1,B,Homo sapiens,,Bioorg Med Chem Lett,2005.0,Muscarinic acetylcholine receptor M1,Ki,nM,6.36,460.61,6.66
CHEMBL3985877,562.34,Cc1ncoc1-c1nnc(SCCCN2CC[C@]3(C[C@H]3c3ccc(F)cc3C(F)(F)F)C2)n1C,Scientific Literature,Activity at human muscarinic acetylcholine receptor M1 transfected in CHO-K1 cells assessed as intracellular calcium levels in presence of acetylcholine by FLIPR assay,F,Homo sapiens,,J Med Chem,2016.0,Muscarinic acetylcholine receptor M1,Ki,nM,6.25,495.55,5.3
CHEMBL54,1600.0,O=C(CCCN1CCC(O)(c2ccc(Cl)cc2)CC1)c1ccc(F)cc1,Scientific Literature,Binding affinity to human cloned muscarinic M1 receptor,B,Homo sapiens,,Bioorg Med Chem,2008.0,Muscarinic acetylcholine receptor M1,Ki,nM,5.8,375.87,4.43
CHEMBL39922,9300.0,CC1(C)OCC2(CN3CCC2CC3)O1,Scientific Literature,Compound was evaluated for its binding affinity against muscarinic acetylcholine receptor M1 in guinea pig cerebral cortex using (-)-[3H]-QNB as radioligand,B,Cavia porcellus,Cerebral cortex,J Med Chem,1992.0,Muscarinic acetylcholine receptor M1,Ki,nM,5.03,197.28,1.23
CHEMBL4293999,1000.0,O=C(CCCCN1CCC(c2noc3cc(F)ccc23)CC1)c1cc2c3c(c1)CCN3C(=O)CC2,Scientific Literature,Displacement of [3H]-QNB from M1 receptor (unknown origin) in cell membrane homogenates after 30 mins by liquid scintillation counting,B,Homo sapiens,,J Med Chem,2018.0,Muscarinic acetylcholine receptor M1,Ki,nM,,475.56,5.03
CHEMBL233198,200.0,CC(C)c1ccc(CCNCC2(N(C)C)COc3ccccc3OC2)cc1,Scientific Literature,Displacement of 1-[N-methyl- 3H]scopolamine from human muscarinic M1 receptor expressed in Sf9 cells,B,Homo sapiens,,Bioorg Med Chem Lett,2007.0,Muscarinic acetylcholine receptor M1,Ki,nM,6.7,368.52,3.71
CHEMBL4435123,590.0,COc1ccc(CCCOC(=O)N(c2ccccc2)C2CN3CCC2CC3)cc1,Scientific Literature,Displacement of [3H]NMS from human M1 AChR expressed in CHO cell membranes after 1 to 2 hrs by liquid scintillation spectrometry method,B,Homo sapiens,,Bioorg Med Chem Lett,2019.0,Muscarinic acetylcholine receptor M1,Ki,nM,6.23,394.52,4.37
CHEMBL451821,11.0,CN[C@@H](C(=O)N(C)[C@H]1CC[C@@]2(C)C(=CC[C@H]3[C@@H]4CC[C@@H]5[C@H](C)N(C)C[C@@]54CC[C@@H]32)C1)C(C)C,Scientific Literature,Binding affinity at muscarinic M1 receptor,B,,,J Med Chem,2008.0,Muscarinic acetylcholine receptor M1,Ki,nM,7.96,455.73,4.95
CHEMBL523518,109.65,CN1CCC[C@@H]1[C@@H]1C[S+]([O-])C(c2ccccc2)(c2ccccc2)O1,Scientific Literature,Displacement of [3H]NMS from human muscarinic M1 receptor expressed in CHO cells,B,Homo sapiens,,Bioorg Med Chem,2008.0,Muscarinic acetylcholine receptor M1,Ki,nM,6.96,341.48,3.13
CHEMBL4088272,31622.78,CCCN1CCC=C(c2cc(-c3ccc(C)cc3)no2)C1,SARS-CoV-2 Screening Data,Activity of compound against Muscarinic acetylcholine receptor M1 (CHRM1) by displacement of 3H-QNB,B,Homo sapiens,,Nature,2020.0,Muscarinic acetylcholine receptor M1,Ki,nM,,282.39,4.15
CHEMBL611476,82.4,CC1CCN(CC(=O)N2c3ccccc3C(=O)Nc3cccnc32)CC1,Scientific Literature,Compound was evaluated for displacement of [3H]QNB from human Muscarinic m1 receptor in CHO cells.,B,,,Bioorg Med Chem Lett,1996.0,Muscarinic acetylcholine receptor M1,Ki,nM,7.08,350.42,3.04
CHEMBL2093081,100000.0,C[C@@H]1O[C@H]([C@H]2CCC[N+]2(C)C)C[S@+]1[O-].[I-],Scientific Literature,Binding affinity to cloned human muscarinic M1 receptor expressed in CHO cells,B,Homo sapiens,,J Med Chem,2006.0,Muscarinic acetylcholine receptor M1,Ki,nM,,345.25,0.72
CHEMBL4085150,1000.0,COc1cccc2c1CC([N+](C)(C)C)CC2.[I-],Scientific Literature,Displacement of [3H]N-methyl-scopolamine bromide from human recombinant muscarinic M1 receptor expressed in HEK293T cell membranes after 1 hr by liquid scintillation counting method,B,Homo sapiens,,J Med Chem,2017.0,Muscarinic acetylcholine receptor M1,Ki,nM,6.0,347.24,2.26
CHEMBL4102555,170.0,COc1cccc(C(=O)C[N+](C)(C)C)c1.O=C[O-],Scientific Literature,Displacement of [3H]N-methyl-scopolamine bromide from human recombinant muscarinic M1 receptor expressed in HEK293T cell membranes after 1 hr by liquid scintillation counting method,B,Homo sapiens,,J Med Chem,2017.0,Muscarinic acetylcholine receptor M1,Ki,nM,6.77,253.3,1.58
CHEMBL365702,69.7,C[N+]1=C(CCC(=O)NCCCCCC(=O)NCCCCN2CCN(CC(=O)N3c4ccccc4C(=O)Nc4cccnc43)CC2)C=C/C1=C/c1ccc(-c2cccs2)n1[BH-](F)F,Scientific Literature,Inhibition of [3H]QNB binding to human muscarinic receptor M1,B,Homo sapiens,,J Med Chem,2004.0,Muscarinic acetylcholine receptor M1,Ki,nM,7.16,865.86,
CHEMBL362864,446.0,C[C@@H]1OC(=O)[C@H]2C=C3CCCC[C@@H]3/C(=C/CC3CCC(C)(C)[N+]3(C)C)[C@@H]12.[I-],Scientific Literature,In vitro inhibitory activity against cloned human M1 muscarinic receptor,B,Homo sapiens,,Bioorg Med Chem Lett,2004.0,Muscarinic acetylcholine receptor M1,Ki,nM,6.35,485.45,4.63
CHEMBL182761,65.9,C[C@@H]1OC(=O)[C@H]2C[C@H]3CCCC[C@@H]3/C(=C/C[C@H]3CCC[C@H](C)N3C)[C@@H]12,Scientific Literature,In vitro inhibitory activity against cloned human M1 muscarinic receptor,B,Homo sapiens,,Bioorg Med Chem Lett,2004.0,Muscarinic acetylcholine receptor M1,Ki,nM,7.18,345.53,4.56
CHEMBL4646531,10000.0,C[N+](C)(C)C[C@@H]1CO[C@@H](c2ccc(Cc3ccccc3)cc2)CO1.[I-],Scientific Literature,Displacement of [3H]NMS from human recombinant muscarinic receptor M1 expressed in CHO-K1 cell membranes incubated for 2 hrs by scintillation counting method,B,Homo sapiens,,J Med Chem,2020.0,Muscarinic acetylcholine receptor M1,Ki,nM,,453.36,3.44
CHEMBL4649668,8317.64,C[N+](C)(C)C[C@@H]1COC[C@H](c2ccc(S(=O)(=O)c3ccccc3)cc2)O1.[I-],Scientific Literature,Displacement of [3H]NMS from human recombinant muscarinic receptor M1 expressed in CHO-K1 cell membranes incubated for 2 hrs by scintillation counting method,B,Homo sapiens,,J Med Chem,2020.0,Muscarinic acetylcholine receptor M1,Ki,nM,5.08,503.4,2.68
CHEMBL4638935,831.76,C[N+](C)(C)C[C@@H]1CO[C@@H](C(c2ccccc2)c2ccccc2)CO1.[I-],Scientific Literature,Displacement of [3H]NMS from human recombinant muscarinic receptor M1 expressed in CHO-K1 cell membranes incubated for 2 hrs by scintillation counting method,B,Homo sapiens,,J Med Chem,2020.0,Muscarinic acetylcholine receptor M1,Ki,nM,6.08,453.36,3.31
CHEMBL1092258,10000.0,COc1ccc2c(c1)CC(CCN(C)C)=C2Cc1cnccn1,Scientific Literature,Binding affinity at M1 receptor,B,,,Bioorg Med Chem Lett,2010.0,Muscarinic acetylcholine receptor M1,Ki,nM,,309.41,2.99
CHEMBL4639938,1.1,CN1[C@@H]2C[C@H](OC(=O)Nc3ccc(F)cc3-c3ccccc3)C[C@H]1[C@@H]1O[C@@H]12,Scientific Literature,Displacement of [3H]N-methylscopolamine from human muscarinic M1 receptor transiently expressed in HEK293T cell membranes incubated for 1 hr by scintillation counting method,B,Homo sapiens,,J Med Chem,2020.0,Muscarinic acetylcholine receptor M1,Ki,nM,8.96,368.41,3.65
CHEMBL4126071,41.69,O=C(O[C@H]1CN2CCC1CC2)[C@H]1COCC(c2ccccc2)(c2ccccc2)O1,Scientific Literature,Displacement of [3H]NMS from recombinant human muscarinic M1 receptor expressed in CHOK1 cell membranes after 120 mins by scintillation counting method,B,Homo sapiens,,Eur J Med Chem,2017.0,Muscarinic acetylcholine receptor M1,Ki,nM,7.38,393.48,2.98
CHEMBL4129382,1698.24,O=C(O[C@@H]1CN2CCC1CC2)[C@@H]1COCC(c2ccccc2)(c2ccccc2)O1,Scientific Literature,Displacement of [3H]NMS from recombinant human muscarinic M1 receptor expressed in CHOK1 cell membranes after 120 mins by scintillation counting method,B,Homo sapiens,,Eur J Med Chem,2017.0,Muscarinic acetylcholine receptor M1,Ki,nM,5.77,393.48,2.98
CHEMBL4441786,190.0,O=C(OCc1ccccc1)N(c1ccccc1)C1CN2CCC1CC2,Scientific Literature,Displacement of [3H]NMS from human M1 AChR expressed in CHO cell membranes after 1 to 2 hrs by liquid scintillation spectrometry method,B,Homo sapiens,,Bioorg Med Chem Lett,2019.0,Muscarinic acetylcholine receptor M1,Ki,nM,6.72,336.44,3.92
CHEMBL4554682,1.259,CC(=O)N[C@@H](CCCCN)C(=O)N[C@@H](C)C(=O)N[C@@H](Cc1ccc(O)cc1)C(=O)NCCN1CCN(CCCCC2CCN(CC(=O)N3c4ccccc4NC(=O)c4ccccc43)CC2)CC1.O=C(O)C(F)(F)F.O=C(O)C(F)(F)F.O=C(O)C(F)(F)F.O=C(O)C(F)(F)F,Scientific Literature,Displacement of [3H]-NMS from human muscarinic M1 receptor expressed in CHO-K9 cells after 3 hrs by microbeta2 scintillation counting method,B,Homo sapiens,,J Med Chem,2019.0,Muscarinic acetylcholine receptor M1,Ki,nM,8.9,1379.26,3.1
CHEMBL4515788,2.344,CC(=O)N[C@@H](Cc1ccc(O)cc1)C(=O)N[C@@H](C)C(=O)N[C@@H](CCCCN)C(=O)NCCN1CCN(CCCCC2CCN(CC(=O)N3c4ccccc4NC(=O)c4ccccc43)CC2)CC1.O=C(O)C(F)(F)F.O=C(O)C(F)(F)F.O=C(O)C(F)(F)F.O=C(O)C(F)(F)F,Scientific Literature,Displacement of [3H]-NMS from human muscarinic M1 receptor expressed in CHO-K9 cells after 3 hrs by microbeta2 scintillation counting method,B,Homo sapiens,,J Med Chem,2019.0,Muscarinic acetylcholine receptor M1,Ki,nM,8.63,1379.26,3.1
CHEMBL4540949,1.23,CC(=O)N[C@@H](CCCCN)C(=O)N[C@@H](CCCNC(=N)N)C(=O)NCCN1CCN(CCCCC2CCN(CC(=O)N3c4ccccc4NC(=O)c4ccccc43)CC2)CC1.O=C(O)C(F)(F)F.O=C(O)C(F)(F)F.O=C(O)C(F)(F)F.O=C(O)C(F)(F)F.O=C(O)C(F)(F)F,Scientific Literature,Displacement of [3H]-NMS from human muscarinic M1 receptor expressed in CHO-K9 cells after 3 hrs by microbeta2 scintillation counting method,B,Homo sapiens,,J Med Chem,2019.0,Muscarinic acetylcholine receptor M1,Ki,nM,8.91,1415.22,1.91
CHEMBL4579642,537.03,CC(=O)N[C@@H](CCC(N)=O)C(=O)N[C@@H](C)C(=O)N[C@@H](CC(C)C)C(=O)NCCCCC1CCN(CC(=O)N2c3ccccc3NC(=O)c3ccccc32)CC1.O=C(O)C(F)(F)F,Scientific Literature,Displacement of [3H]-NMS from human muscarinic M1 receptor expressed in CHO-K9 cells after 3 hrs by microbeta2 scintillation counting method,B,Homo sapiens,,J Med Chem,2019.0,Muscarinic acetylcholine receptor M1,Ki,nM,6.27,874.96,2.72
CHEMBL4461081,95.5,CC(=O)N[C@@H](CCCNC(=N)N)C(=O)N[C@@H](CCCCN)C(=O)NCCCCC1CCN(CC(=O)N2c3ccccc3NC(=O)c3ccccc32)CC1.O=C(O)C(F)(F)F.O=C(O)C(F)(F)F.O=C(O)C(F)(F)F,Scientific Literature,Displacement of [3H]-NMS from human muscarinic M1 receptor expressed in CHO-K9 cells after 3 hrs by microbeta2 scintillation counting method,B,Homo sapiens,,J Med Chem,2019.0,Muscarinic acetylcholine receptor M1,Ki,nM,7.02,1075.0,2.3
CHEMBL4450522,97.72,CC(=O)N[C@@H](CCCNC(=N)N)C(=O)NCCCCC1CCN(CC(=O)N2c3ccccc3NC(=O)c3ccccc32)CC1.O=C(O)C(F)(F)F.O=C(O)C(F)(F)F,Scientific Literature,Displacement of [3H]-NMS from human muscarinic M1 receptor expressed in CHO-K9 cells after 3 hrs by microbeta2 scintillation counting method,B,Homo sapiens,,J Med Chem,2019.0,Muscarinic acetylcholine receptor M1,Ki,nM,7.01,832.8,2.68
CHEMBL326450,13182.57,CCCCc1[nH]c2ccc3c(c2c1C(=O)OCC)CN1CCc2cc(OC)ccc2C1O3,Scientific Literature,Inhibition of [3H]NMS binding to human muscarinic acetylcholine receptor M1 in transfected CHO cells.,B,,,J Med Chem,2002.0,Muscarinic acetylcholine receptor M1,Ki,nM,4.88,434.54,5.15
CHEMBL4528651,10000.0,CC[C@H]1c2cc(C)ccc2OC[C@@]1(C)N,Scientific Literature,Displacement of [3H]-QNB/[3H]-NMS from human recombinant Muscarinic acetylcholine M1 receptor expressed in stable CHO cells after 90 mins by microbeta scintillation counting method,B,Homo sapiens,,ACS Med Chem Lett,2019.0,Muscarinic acetylcholine receptor M1,Ki,nM,,205.3,2.6
CHEMBL4851514,0.4786,CC(=O)NC(=O)[C@H](CCCNC(=N)N)NC(=O)[C@H](C)NC(=O)[C@H](CCCNC(=N)N)NCCN1CCN(CCCCC2CCN(CC(=O)N3c4ccccc4NC(=O)c4ccccc43)CC2)CC1.O=C(O)C(F)(F)F.O=C(O)C(F)(F)F.O=C(O)C(F)(F)F.O=C(O)C(F)(F)F.O=C(O)C(F)(F)F,Scientific Literature,Displacement of [3H]-NMS from human muscarinic M1 receptor expressed in CHO cell membranes assessed as inhibition constant by radioligand competition analysis,B,Homo sapiens,,Eur J Med Chem,2021.0,Muscarinic acetylcholine receptor M1,Ki,nM,9.32,1514.31,0.55
CHEMBL2441757,100000.0,C[N+](C)(C)C[C@H]1CNC(=O)O1,Scientific Literature,Displacement of [3H]NMS from human muscarinic M1 receptor expressed in CHO cells,B,Homo sapiens,,Bioorg Med Chem Lett,2013.0,Muscarinic acetylcholine receptor M1,Ki,nM,,159.21,-0.2
CHEMBL387632,10964.78,C[C@H]1OC[C@@H](C[N+](C)(C)C)O1.[I-],Scientific Literature,Displacement of [3H]NMS from human muscarinic M1 receptor transfected in CHO cells after 120 mins by scintillation counting analysis,B,Homo sapiens,,Bioorg Med Chem Lett,2014.0,Muscarinic acetylcholine receptor M1,Ki,nM,4.96,287.14,0.45
CHEMBL3309718,100000.0,C[N+](C)(C)C[C@@H]1COCCO1.[I-],Scientific Literature,Displacement of [3H]NMS from human muscarinic M1 receptor transfected in CHO cells after 120 mins by scintillation counting analysis,B,Homo sapiens,,Bioorg Med Chem Lett,2014.0,Muscarinic acetylcholine receptor M1,Ki,nM,,287.14,0.11
CHEMBL4093527,263.03,O=C1CCc2ccccc2N1CCCN1CCC(CCc2ccccc2)CC1,Scientific Literature,Displacement of [3H]NMS from human muscarinic M1 receptor expressed in CHO cell membranes after 2 hrs by liquid scintillation counting method,B,Homo sapiens,,J Med Chem,2018.0,Muscarinic acetylcholine receptor M1,Ki,nM,6.58,376.54,4.7
CHEMBL4174189,2473.0,CCOC(=O)CCN1CCN(c2ccc3c(c2)CN(C(=O)OCc2ccccc2)C3)CC1,Scientific Literature,Displacement of [3H]-QNB/[3H]-NMS from human muscarinic M1 receptor expressed in stable CHO cells after 90 mins by microbeta scintillation counting method,B,Homo sapiens,,Eur J Med Chem,2018.0,Muscarinic acetylcholine receptor M1,Ki,nM,5.61,437.54,3.41
CHEMBL4635566,34.0,O=C(Nc1ccccc1-c1ccc(Cl)cc1)OCC1CCNCC1,Scientific Literature,Displacement of [3H]N-methylscopolamine from human muscarinic M1 receptor transiently expressed in HEK293T cell membranes incubated for 1 hr by scintillation counting method,B,Homo sapiens,,J Med Chem,2020.0,Muscarinic acetylcholine receptor M1,Ki,nM,7.47,344.84,4.56
CHEMBL4128497,194.98,C[C@]1(C(=O)O[C@@H]2CN3CCC2CC3)COCC(c2ccccc2)(c2ccccc2)O1,Scientific Literature,Displacement of [3H]NMS from recombinant human muscarinic M1 receptor expressed in CHOK1 cell membranes after 120 mins by scintillation counting method,B,Homo sapiens,,Eur J Med Chem,2017.0,Muscarinic acetylcholine receptor M1,Ki,nM,6.71,407.51,3.37
CHEMBL4580590,95.0,COc1ccc(CCN(C(=O)OC2CN3CCC2CC3)c2ccccc2)cc1OC,Scientific Literature,Displacement of [3H]NMS from human M1 AChR expressed in CHO cell membranes after 1 to 2 hrs by liquid scintillation spectrometry method,B,Homo sapiens,,Bioorg Med Chem Lett,2019.0,Muscarinic acetylcholine receptor M1,Ki,nM,7.02,410.51,3.98
CHEMBL1201207,1676.0,C[C@H]1C[C@H]2[C@@H]3CCC4=CC(=O)C=C[C@]4(C)[C@@]3(F)[C@@H](O)C[C@]2(C)[C@@]1(O)C(=O)COP(=O)(O)O,DrugMatrix,DRUGMATRIX: Muscarinic M1 radioligand binding (ligand: [3H] N-Methylscopolamine),B,,,,,Muscarinic acetylcholine receptor M1,Ki,nM,5.78,472.45,2.01
CHEMBL394254,21.0,CN(C)C1(CNCCC2CCCC2)COc2ccccc2OC1,Scientific Literature,Displacement of 1-[N-methyl- 3H]scopolamine from human muscarinic M1 receptor expressed in Sf9 cells,B,Homo sapiens,,Bioorg Med Chem Lett,2007.0,Muscarinic acetylcholine receptor M1,Ki,nM,7.68,318.46,2.93
CHEMBL215189,220.0,O=C(NCC1CCN(CC2CCC2)CC1)[C@H]1CCCN1C(=O)[C@@H]1C[C@@H](O)CN1C(=O)CC(c1ccc(F)cc1)(c1ccc(F)cc1)c1ccc(F)cc1,Scientific Literature,Inhibition of [3H]NMS binding to human cloned M1 receptor expressed in CHO cells,B,Homo sapiens,,J Med Chem,2006.0,Muscarinic acetylcholine receptor M1,Ki,nM,6.66,730.87,5.41
CHEMBL378872,93.0,O=C(NCC1CCNCC1)[C@H]1CCCN1C(=O)[C@@H]1C[C@@H](O)CN1C(=O)CC(c1ccc(Cl)cc1)(c1ccc(Cl)cc1)c1ccc(Cl)cc1,Scientific Literature,Inhibition of [3H]NMS binding to human cloned M1 receptor expressed in CHO cells,B,Homo sapiens,,J Med Chem,2006.0,Muscarinic acetylcholine receptor M1,Ki,nM,7.03,712.12,5.44
CHEMBL4128764,660.69,C[C@@]1(C(=O)O[C@@H]2CN3CCC2CC3)COCC(c2ccccc2)(c2ccccc2)O1,Scientific Literature,Displacement of [3H]NMS from recombinant human muscarinic M1 receptor expressed in CHOK1 cell membranes after 120 mins by scintillation counting method,B,Homo sapiens,,Eur J Med Chem,2017.0,Muscarinic acetylcholine receptor M1,Ki,nM,6.18,407.51,3.37
CHEMBL1087367,2500.0,COc1ccc(Cn2c(N3CC[C@@H](N(C)C)C3)nc3ccccc32)cc1,Scientific Literature,Displacement of [3H]N-methyl Scopolamine from human muscarinic M1 receptor expressed in CHO Flp-In cells by liquid scintillation counting,B,Homo sapiens,,Bioorg Med Chem Lett,2010.0,Muscarinic acetylcholine receptor M1,Ki,nM,5.6,350.47,3.23
CHEMBL1092767,2072000.0,CC(c1nccs1)c1c(CCN(C)C)sc2ccccc12,Scientific Literature,Displacement of [3H]N-methylscopolamine from human muscarinic M1 receptor expressed in CHO Flp-In cells after 90 mins by scintillation counting,B,Homo sapiens,,Bioorg Med Chem Lett,2010.0,Muscarinic acetylcholine receptor M1,Ki,nM,,316.49,4.61
CHEMBL1092496,10000.0,Cc1ccc(C(C)c2c(CCN(C)C)sc3ccccc23)cn1,Scientific Literature,Displacement of [3H]N-methylscopolamine from human muscarinic M1 receptor expressed in CHO Flp-In cells after 90 mins by scintillation counting,B,Homo sapiens,,Bioorg Med Chem Lett,2010.0,Muscarinic acetylcholine receptor M1,Ki,nM,,324.49,4.86
CHEMBL257431,44.0,CCCCN(CCCC)c1ccc(/C=C/c2cc[n+](CCC[N+](CC)(CC)CC)cc2)cc1.[Br-].[Br-],Scientific Literature,Displacement of [3H]N-methyl Scopolamine from human cloned muscarinic M1 receptor expressed in CHO cells,B,Homo sapiens,,Bioorg Med Chem Lett,2008.0,Muscarinic acetylcholine receptor M1,Ki,nM,7.36,611.55,6.82
CHEMBL403029,363078.05,Cl.OC(CCCN1CCN(c2ccccc2)CC1)(c1ccccc1)c1ccccc1,Scientific Literature,Displacement of [3H]N-methylscopolamine from human muscarinic M1 receptor expressed in CHO-K1 cells,B,Homo sapiens,,Bioorg Med Chem Lett,2008.0,Muscarinic acetylcholine receptor M1,Ki,nM,,423.0,4.52
CHEMBL540359,0.3162,CC(C)OC(=O)c1ccc(NC(=O)N[C@@H](Cc2ccc(O)cc2)C(=O)N[C@H]2CCC[N+](C)(Cc3cccc(O)c3)C2)cc1.[I-],Scientific Literature,Displacement of [3H]N-methyl Scopolamine from human muscarinic acetylcholine M1 receptor expressed in CHO cells by scintillation proximity assay,B,Homo sapiens,,J Med Chem,2008.0,Muscarinic acetylcholine receptor M1,Ki,nM,9.5,716.62,4.32
CHEMBL372453,10000.0,COc1ccc(NC(=O)N2CCN(c3ccc(Cl)cc3)CC2)cc1N1CCN(C)CC1,Scientific Literature,Affinity towards cloned Muscarinic acetylcholine receptor M1,B,Homo sapiens,,Bioorg Med Chem Lett,2005.0,Muscarinic acetylcholine receptor M1,Ki,nM,,443.98,3.45
CHEMBL197796,10000.0,COc1ccc(NC(=O)N2CCN(c3ccc(SC)cc3)CC2)cc1N1CCN(C)CC1,Scientific Literature,Affinity towards cloned Muscarinic acetylcholine receptor M1,B,Homo sapiens,,Bioorg Med Chem Lett,2005.0,Muscarinic acetylcholine receptor M1,Ki,nM,,455.63,3.52
CHEMBL148404,14.0,Nc1ccc(CN2CCC(NC(=O)[C@](O)(c3ccccc3)[C@@H]3CCC(F)(F)C3)CC2)nc1,Scientific Literature,Inhibition of [3H]NMS binding to human muscarinic acetylcholine receptor M1 expressed in CHO cells,B,,,J Med Chem,2000.0,Muscarinic acetylcholine receptor M1,Ki,nM,7.85,444.53,3.07
CHEMBL4647437,0.11,C[N+]12CCC(CC1)[C@@H](OC(=O)Nc1ccc(F)cc1-c1cccc(Cl)c1)C2.O=C[O-],Scientific Literature,Displacement of [3H]N-methylscopolamine from human muscarinic M1 receptor transiently expressed in HEK293T cell membranes incubated for 1 hr by scintillation counting method,B,Homo sapiens,,J Med Chem,2020.0,Muscarinic acetylcholine receptor M1,Ki,nM,9.96,434.9,4.93
CHEMBL4648196,4.8,O=C(Nc1ccc(F)cc1-c1ccc(F)cc1)OCC1CCNCC1,Scientific Literature,Displacement of [3H]N-methylscopolamine from human muscarinic M1 receptor transiently expressed in HEK293T cell membranes incubated for 1 hr by scintillation counting method,B,Homo sapiens,,J Med Chem,2020.0,Muscarinic acetylcholine receptor M1,Ki,nM,8.32,346.38,4.18
CHEMBL2441759,100000.0,C[N+]1(C)CCC[C@H]1COC(N)=O,Scientific Literature,Displacement of [3H]NMS from human muscarinic M1 receptor expressed in CHO cells,B,Homo sapiens,,Bioorg Med Chem Lett,2013.0,Muscarinic acetylcholine receptor M1,Ki,nM,,173.24,0.32
CHEMBL2441751,100000.0,CN(C)C[C@@H]1CN(C)C(=O)O1,Scientific Literature,Displacement of [3H]NMS from human muscarinic M1 receptor expressed in CHO cells,B,Homo sapiens,,Bioorg Med Chem Lett,2013.0,Muscarinic acetylcholine receptor M1,Ki,nM,,158.2,0.0
CHEMBL356181,2.5,Nc1ccc(CN2CCC(NC(=O)[C@](O)(c3ccccc3)[C@@H]3CCC(F)(F)C3)CC2)cc1F,Scientific Literature,Inhibition of [3H]NMS binding to human muscarinic acetylcholine receptor M1 expressed in CHO cells,B,,,J Med Chem,2000.0,Muscarinic acetylcholine receptor M1,Ki,nM,8.6,461.53,3.81
CHEMBL196370,10000.0,COc1ccc(NC(=O)N2CCN(c3ccccc3OC)CC2)cc1N1CCN(C)CC1,Scientific Literature,Affinity towards cloned Muscarinic acetylcholine receptor M1,B,Homo sapiens,,Bioorg Med Chem Lett,2005.0,Muscarinic acetylcholine receptor M1,Ki,nM,,439.56,2.81
CHEMBL595265,24547.09,C[C@@H]1OC[C@@H](C[N+](C)(C)C)O[C@H]1C.[I-],Scientific Literature,Displacement of [3H]NMS from human muscarinic M1 receptor expressed in CHO cells by microplate scintillation counting,B,Homo sapiens,,Bioorg Med Chem,2009.0,Muscarinic acetylcholine receptor M1,Ki,nM,4.61,315.2,0.88
CHEMBL3955505,323.59,Cc1ncoc1-c1nnc(SCCCN2CC[C@@]3(C[C@H]3c3ccc(C(F)(F)F)cc3F)C2)n1C,Scientific Literature,Activity at human muscarinic acetylcholine receptor M1 transfected in CHO-K1 cells assessed as intracellular calcium levels in presence of acetylcholine by FLIPR assay,F,Homo sapiens,,J Med Chem,2016.0,Muscarinic acetylcholine receptor M1,Ki,nM,6.49,495.55,5.3
CHEMBL3899125,457.09,Cn1c(SCCCN2CC[C@]3(C[C@@H]3c3ccc(C(F)(F)F)cc3)C2)nnc1-c1ccc(C(N)=O)cc1,Scientific Literature,Activity at human muscarinic acetylcholine receptor M1 transfected in CHO-K1 cells assessed as intracellular calcium levels in presence of acetylcholine by FLIPR assay,F,Homo sapiens,,J Med Chem,2016.0,Muscarinic acetylcholine receptor M1,Ki,nM,6.34,515.61,4.96
CHEMBL3894853,302.0,Cn1c(SCCCN2CC[C@]3(C[C@@H]3c3ccc(C(F)(F)F)cc3)C2)nnc1-c1ccn(C)c(=O)c1,Scientific Literature,Activity at human muscarinic acetylcholine receptor M1 transfected in CHO-K1 cells assessed as intracellular calcium levels in presence of acetylcholine by FLIPR assay,F,Homo sapiens,,J Med Chem,2016.0,Muscarinic acetylcholine receptor M1,Ki,nM,6.52,503.59,4.56
CHEMBL467094,10000.0,COc1cc2c3c(c1OC)-c1cc4c(cc1CC3N(C)CC2)OCO4,Scientific Literature,Displacement of [3H]QNB from human muscarinic M1 receptor,B,Homo sapiens,,Bioorg Med Chem Lett,2010.0,Muscarinic acetylcholine receptor M1,Ki,nM,,339.39,3.18
CHEMBL2377384,254.0,C[N+](C)(C)CCOC(=O)C(c1ccccc1)c1ccccc1.[Br-],Scientific Literature,Displacement of [3H] N-methylscopolamine from human muscarinic M1 receptor after 30 mins by scintillation counting analysis,B,Homo sapiens,,Bioorg Med Chem,2013.0,Muscarinic acetylcholine receptor M1,Ki,nM,6.59,378.31,3.07
CHEMBL69595,16.4,COc1ccc(S(=O)(=O)c2ccc(C(C#N)C3CCN(C4CCCCC4)CC3)cc2)cc1,Scientific Literature,Binding affinity against Muscarinic acetylcholine receptor M1,B,,,Bioorg Med Chem Lett,2000.0,Muscarinic acetylcholine receptor M1,Ki,nM,7.79,452.62,5.18
CHEMBL355851,48977.88,CN(C)CCNC(=O)C1=C(Cc2cccnc2)c2ccccc2C1,Scientific Literature,Binding affinity towards cloned human muscarinic acetylcholine receptor M1 stably expressed in CHO-K1 cells using [3H]N-methylscopolamine,B,,,J Med Chem,2003.0,Muscarinic acetylcholine receptor M1,Ki,nM,4.31,321.42,2.31
CHEMBL1090197,17000.0,CN(C)CCC1=C(Cc2cccnn2)c2ccccc2C1,Scientific Literature,Binding affinity at M1 receptor,B,,,Bioorg Med Chem Lett,2010.0,Muscarinic acetylcholine receptor M1,Ki,nM,4.77,279.39,2.98
CHEMBL1092259,10000.0,CN(C)CCC1=C(Cc2cnccn2)c2ccc(Cl)cc2C1,Scientific Literature,Binding affinity at M1 receptor,B,,,Bioorg Med Chem Lett,2010.0,Muscarinic acetylcholine receptor M1,Ki,nM,,313.83,3.63
CHEMBL197408,10000.0,COc1ccc(NC(=O)N2CCN(c3ccc(-c4ccccc4)cc3)CC2)cc1N1CCN(C)CC1,Scientific Literature,Affinity towards cloned Muscarinic acetylcholine receptor M1,B,Homo sapiens,,Bioorg Med Chem Lett,2005.0,Muscarinic acetylcholine receptor M1,Ki,nM,,485.63,4.47
CHEMBL2114064,113.1,COc1ccc([S@@+]([O-])c2ccc(C(C#N)C3CCN(C4CCCCC4)CC3)cc2)cc1,Scientific Literature,Binding affinity against Muscarinic acetylcholine receptor M1,B,,,Bioorg Med Chem Lett,2000.0,Muscarinic acetylcholine receptor M1,Ki,nM,6.95,436.62,5.51
CHEMBL4589047,2.291,CC(=O)N[C@@H](Cc1c[nH]c2ccccc12)C(=O)N[C@@H](C)C(=O)N[C@@H](Cc1ccc(O)cc1)C(=O)NCCN1CCN(CCCCC2CCN(CC(=O)N3c4ccccc4NC(=O)c4ccccc43)CC2)CC1.O=C(O)C(F)(F)F.O=C(O)C(F)(F)F.O=C(O)C(F)(F)F,Scientific Literature,Displacement of [3H]-NMS from human muscarinic M1 receptor expressed in CHO-K9 cells after 3 hrs by microbeta2 scintillation counting method,B,Homo sapiens,,J Med Chem,2019.0,Muscarinic acetylcholine receptor M1,Ki,nM,8.64,1323.28,4.7
CHEMBL4443219,58.88,CC(=O)N[C@@H](CCCCN)C(=O)N[C@@H](C)C(=O)N[C@@H](Cc1ccc(O)cc1)C(=O)NCCCCC1CCN(CC(=O)N2c3ccccc3NC(=O)c3ccccc32)CC1.O=C(O)C(F)(F)F.O=C(O)C(F)(F)F,Scientific Literature,Displacement of [3H]-NMS from human muscarinic M1 receptor expressed in CHO-K9 cells after 3 hrs by microbeta2 scintillation counting method,B,Homo sapiens,,J Med Chem,2019.0,Muscarinic acetylcholine receptor M1,Ki,nM,7.23,1039.04,3.49
CHEMBL4439675,19.95,CC(=O)N[C@@H](CCCNC(=N)N)C(=O)N[C@@H](CCCNC(=N)N)C(=O)NCCCCC1CCN(CC(=O)N2c3ccccc3NC(=O)c3ccccc32)CC1.O=C(O)C(F)(F)F.O=C(O)C(F)(F)F.O=C(O)C(F)(F)F,Scientific Literature,Displacement of [3H]-NMS from human muscarinic M1 receptor expressed in CHO-K9 cells after 3 hrs by microbeta2 scintillation counting method,B,Homo sapiens,,J Med Chem,2019.0,Muscarinic acetylcholine receptor M1,Ki,nM,7.7,1103.01,1.43
CHEMBL4565234,22.91,CC(=O)N[C@@H](CCCNC(=N)N)C(=O)N[C@@H](CCCCN)C(=O)NCC(=O)NCCCCC1CCN(CC(=O)N2c3ccccc3NC(=O)c3ccccc32)CC1.O=C(O)C(F)(F)F.O=C(O)C(F)(F)F.O=C(O)C(F)(F)F,Scientific Literature,Displacement of [3H]-NMS from human muscarinic M1 receptor expressed in CHO-K9 cells after 3 hrs by microbeta2 scintillation counting method,B,Homo sapiens,,J Med Chem,2019.0,Muscarinic acetylcholine receptor M1,Ki,nM,7.64,1132.05,1.41
CHEMBL353290,331.13,CC(C1=C(CCN(C)C)Cc2ccc(F)cc21)c1ccccn1,Scientific Literature,Binding affinity towards cloned human muscarinic acetylcholine receptor M1 stably expressed in CHO-K1 cells using [3H]N-methylscopolamine,B,,,J Med Chem,2003.0,Muscarinic acetylcholine receptor M1,Ki,nM,6.48,310.42,4.29
CHEMBL4648657,524.81,C[N+](C)(C)C[C@@H]1CO[C@H](C(c2ccccc2)c2ccccc2)CO1.[I-],Scientific Literature,Displacement of [3H]NMS from human recombinant muscarinic receptor M1 expressed in CHO-K1 cell membranes incubated for 2 hrs by scintillation counting method,B,Homo sapiens,,J Med Chem,2020.0,Muscarinic acetylcholine receptor M1,Ki,nM,6.28,453.36,3.31
CHEMBL3310123,1000.0,CC1(O)c2ccccc2-c2ccc(C(=O)N=C(N)N)cc21.Cl,Scientific Literature,Binding affinity to muscarinic M1 receptor (unknown origin),B,Homo sapiens,,Bioorg Med Chem,2014.0,Muscarinic acetylcholine receptor M1,Ki,nM,,317.78,1.34
CHEMBL71088,57.0,CC(c1ccc(S(=O)(=O)c2ccccc2)cc1)N1CCNCC1,Scientific Literature,Binding affinity towards the cloned human Muscarinic acetylcholine receptor M1,B,,,Bioorg Med Chem Lett,2000.0,Muscarinic acetylcholine receptor M1,Ki,nM,7.24,330.45,2.49
CHEMBL3901587,138.04,Cc1ncoc1-c1nnc(SCCCN2CC[C@@]3(C[C@@H]3c3ccc(C(F)(F)F)cc3F)C2)n1C,Scientific Literature,Activity at human muscarinic acetylcholine receptor M1 transfected in CHO-K1 cells assessed as intracellular calcium levels in presence of acetylcholine by FLIPR assay,F,Homo sapiens,,J Med Chem,2016.0,Muscarinic acetylcholine receptor M1,Ki,nM,6.86,495.55,5.3
CHEMBL3936289,10000.0,CN1CC[C@H]2CC(=O)[C@H](Cc3ccccc3)[C@H]3CCC[C@@H]1[C@H]23,Scientific Literature,Binding affinity to human M1 receptor expressed in CHO cells measured after 90 mins by radioligand binding assay,B,Homo sapiens,,Bioorg Med Chem Lett,2016.0,Muscarinic acetylcholine receptor M1,Ki,nM,,297.44,3.55
CHEMBL4748004,4.786,Cc1cc(/C=C/c2cc3c4c(c2)CCCN4CCC3)cc(C)[n+]1CCN1CCN(CCCCC2CCN(CC(=O)N3c4ccccc4NC(=O)c4ccccc43)CC2)CC1.O=C(O)C(F)(F)F.O=C(O)C(F)(F)F.O=C(O)C(F)(F)F.O=C([O-])C(F)(F)F,Scientific Literature,Displacement of [3H]NMS from human recombinant muscarinic receptor M1 expressed in CHO-K9 cell membranes measured after 3 hrs by radioligand competition binding assay,B,Homo sapiens,,RSC Med Chem,2020.0,Muscarinic acetylcholine receptor M1,Ki,nM,8.32,1262.2,7.89
CHEMBL4650998,13.8,Cc1cc(/C=C/C=C/c2ccc(N(C)C)cc2)cc(C)[n+]1CCN1CCN(CCCCC2CCN(CC(=O)N3c4ccccc4NC(=O)c4ccccc43)CC2)CC1,Scientific Literature,Displacement of [3H]NMS from human recombinant muscarinic receptor M1 expressed in CHO-K9 cell membranes measured after 3 hrs by radioligand competition binding assay,B,Homo sapiens,,RSC Med Chem,2020.0,Muscarinic acetylcholine receptor M1,Ki,nM,7.86,781.08,7.81
CHEMBL4451770,370.0,O=C(OCCc1ccc(Cl)c(Cl)c1)N(c1ccccc1)C1CN2CCC1CC2,Scientific Literature,Displacement of [3H]NMS from human M1 AChR expressed in CHO cell membranes after 1 to 2 hrs by liquid scintillation spectrometry method,B,Homo sapiens,,Bioorg Med Chem Lett,2019.0,Muscarinic acetylcholine receptor M1,Ki,nM,6.43,419.35,5.27
CHEMBL4447975,10000.0,COc1cc(OC)c2c(c1)OC[C@@]1(C)NCC[C@@H]21,Scientific Literature,Displacement of [3H]-QNB/[3H]-NMS from human recombinant Muscarinic acetylcholine M1 receptor expressed in stable CHO cells after 90 mins by microbeta scintillation counting method,B,Homo sapiens,,ACS Med Chem Lett,2019.0,Muscarinic acetylcholine receptor M1,Ki,nM,,249.31,1.93
CHEMBL378772,65.0,O=C(NCC1CCN(CC2CC2)CC1)[C@H]1CCCN1C(=O)[C@@H]1C[C@@H](O)CN1C(=O)CC(c1ccc(F)cc1)(c1ccc(F)cc1)c1ccc(F)cc1,Scientific Literature,Inhibition of [3H]NMS binding to human cloned M1 receptor expressed in CHO cells,B,Homo sapiens,,J Med Chem,2006.0,Muscarinic acetylcholine receptor M1,Ki,nM,7.19,716.84,5.02
CHEMBL215894,460.0,O=C(NC[C@@H]1CCCNC1)[C@H]1CCCN1C(=O)[C@@H]1C[C@@H](O)CN1C(=O)CC(c1ccc(Cl)cc1)(c1ccc(Cl)cc1)c1ccc(Cl)cc1,Scientific Literature,Inhibition of [3H]NMS binding to human cloned M1 receptor expressed in CHO cells,B,Homo sapiens,,J Med Chem,2006.0,Muscarinic acetylcholine receptor M1,Ki,nM,6.34,712.12,5.44
CHEMBL375340,189.0,CCN(CC)c1ccc(C(=C2C=CC(=[N+](CC)CC)C=C2)c2ccc(S(=O)(=O)NCCCCCC(=O)NCCOCCOCCN3CCN(CC(=O)N4c5ccccc5C(=O)Nc5cccnc54)CC3)cc2S(=O)(=O)[O-])cc1,Scientific Literature,Displacement of [3H]QNB from EGFP(delta-17)human M1 receptor expressed in HEK cells,B,Homo sapiens,,J Med Chem,2005.0,Muscarinic acetylcholine receptor M1,Ki,nM,6.72,1108.4,
CHEMBL9967,23.5,CN1CCN(CC(=O)N2c3ccccc3C(=O)Nc3cccnc32)CC1,Scientific Literature,Displacement of [3H]QNB from EGFP(delta-17)human M1 receptor expressed in HEK cells,B,Homo sapiens,,J Med Chem,2005.0,Muscarinic acetylcholine receptor M1,Ki,nM,7.63,351.41,1.56
CHEMBL2114066,253.3,COc1ccc([S@+]([O-])c2ccc(C(C#N)N3CCN(C4CCCCC4)CC3)cc2)cc1,Scientific Literature,Binding affinity against Muscarinic acetylcholine receptor M1,B,,,Bioorg Med Chem Lett,2000.0,Muscarinic acetylcholine receptor M1,Ki,nM,6.6,437.61,4.38
CHEMBL318995,870.96,CCCCc1[nH]c2ccc3c(c2c1C(=O)OCC)CN1CCc2cc(SC)ccc2C1O3,Scientific Literature,Inhibition of [3H]NMS binding to human muscarinic acetylcholine receptor M1 in transfected CHO cells.,B,,,J Med Chem,2002.0,Muscarinic acetylcholine receptor M1,Ki,nM,6.06,450.6,5.86
CHEMBL4455481,430.0,COc1ccc(CCCOC(=O)N(c2ccccc2)C2CN3CCC2CC3)cc1F,Scientific Literature,Displacement of [3H]NMS from human M1 AChR expressed in CHO cell membranes after 1 to 2 hrs by liquid scintillation spectrometry method,B,Homo sapiens,,Bioorg Med Chem Lett,2019.0,Muscarinic acetylcholine receptor M1,Ki,nM,6.37,412.51,4.5
CHEMBL2312356,100000.0,COc1cccc(C2=C(C(=O)OCCc3ccc(OC)c(OC)c3)CN(C)CC2)c1,Scientific Literature,Displacement of [3H]NMS from human M1 muscarinic receptor expressed in CHO-K1 cells,B,Homo sapiens,,J Med Chem,2013.0,Muscarinic acetylcholine receptor M1,Ki,nM,,411.5,3.59
CHEMBL2115127,69.5,COc1ccc([S@+]([O-])c2ccc(C(=O)C3CCN(C4CCCCC4)CC3)cc2)cc1,Scientific Literature,Binding affinity against Muscarinic acetylcholine receptor M1,B,,,Bioorg Med Chem Lett,2000.0,Muscarinic acetylcholine receptor M1,Ki,nM,7.16,425.59,5.09
CHEMBL54219,292.0,CCCCCCOc1nccnc1SC1CN2CCC1C2,Scientific Literature,Affinity towards human M1 receptor expressed in CHO cells using [3H]QNB as radioligand,B,,,Bioorg Med Chem Lett,1999.0,Muscarinic acetylcholine receptor M1,Ki,nM,6.54,307.46,3.23
CHEMBL322251,350.0,Cc1cc[n+]([O-])c(C)c1C(=O)N1CCC(C)(N2CCN([C@@H](C)c3ccc(C(F)(F)F)cc3)[C@@H](C)C2)CC1,Scientific Literature,Binding affinity towards muscarinic receptor M1,B,,,Bioorg Med Chem Lett,2003.0,Muscarinic acetylcholine receptor M1,Ki,nM,6.46,518.62,4.72
CHEMBL250403,1000.0,CCCN1CCO[C@H](c2cccc(O)c2)C1,Scientific Literature,Binding affinity to human muscarinic M1 receptor,B,Homo sapiens,,Bioorg Med Chem Lett,2007.0,Muscarinic acetylcholine receptor M1,Ki,nM,,221.3,2.18
CHEMBL246794,370.0,COc1cc(N2CC(=O)N(c3ccc(Oc4ccccc4)cc3)C2=O)ccc1OCCN1CCCC1,Scientific Literature,Binding affinity to muscarinic M1 receptor,B,,,Bioorg Med Chem Lett,2007.0,Muscarinic acetylcholine receptor M1,Ki,nM,6.43,487.56,4.94
CHEMBL214029,300.0,O=C(NCCC1CCNCC1)[C@H]1CCCN1C(=O)[C@@H]1C[C@@H](O)CN1C(=O)CC(c1ccc(F)cc1)(c1ccc(F)cc1)c1ccc(F)cc1,Scientific Literature,Inhibition of [3H]NMS binding to human cloned M1 receptor expressed in CHO cells,B,Homo sapiens,,J Med Chem,2006.0,Muscarinic acetylcholine receptor M1,Ki,nM,6.52,676.78,4.29
CHEMBL4448667,120.0,CN1CCCC(OC(=O)N(CCc2ccc(F)cc2)c2ccccc2)C1,Scientific Literature,Displacement of [3H]NMS from human M1 AChR expressed in CHO cell membranes after 1 to 2 hrs by liquid scintillation spectrometry method,B,Homo sapiens,,Bioorg Med Chem Lett,2019.0,Muscarinic acetylcholine receptor M1,Ki,nM,6.92,356.44,4.11
CHEMBL4451030,41.69,CC(=O)N[C@@H](CCCCN)C(=O)N[C@@H](CCCNC(=N)N)C(=O)NCCCCC1CCN(CC(=O)N2c3ccccc3NC(=O)c3ccccc32)CC1.O=C(O)C(F)(F)F.O=C(O)C(F)(F)F.O=C(O)C(F)(F)F,Scientific Literature,Displacement of [3H]-NMS from human muscarinic M1 receptor expressed in CHO-K9 cells after 3 hrs by microbeta2 scintillation counting method,B,Homo sapiens,,J Med Chem,2019.0,Muscarinic acetylcholine receptor M1,Ki,nM,7.38,1075.0,2.3
CHEMBL4636899,2.291,CC1(C)C(/C=C/C=C/C=C2/N(CCCCCC(=O)NCc3cc(C(=O)NCCNC(=O)CCc4cn(CCCCC5CCN(CC(=O)N6c7ccccc7NC(=O)c7ccccc76)CC5)cn4)cc(C(=O)NCCNC(=O)CCc4cn(CCCCC5CCN(CC(=O)N6c7ccccc7NC(=O)c7ccccc76)CC5)cn4)c3)c3ccc(S(=O)(=O)O)cc3C2(C)C)=[N+](CCCCS(=O)(=O)[O-])c2ccccc21.O=C(O)C(F)(F)F.O=C(O)C(F)(F)F.O=C(O)C(F)(F)F,Scientific Literature,Displacement of [3H]-NMS from human muscarinic M1 receptor stably expressed in CHO-K9 cells by radioligand competitive binding assay,B,Homo sapiens,,J Med Chem,2020.0,Muscarinic acetylcholine receptor M1,Ki,nM,8.64,2311.52,
CHEMBL4636083,5.888,NCCN1CCN(CCCCC2CCN(CC(=O)N3c4ccccc4NC(=O)c4ccccc43)CC2)CC1.O=C(O)C(F)(F)F.O=C(O)C(F)(F)F.O=C(O)C(F)(F)F.O=C(O)C(F)(F)F,Scientific Literature,Displacement of [3H]-NMS from human muscarinic M1 receptor stably expressed in CHO-K9 cells by radioligand competitive binding assay,B,Homo sapiens,,J Med Chem,2020.0,Muscarinic acetylcholine receptor M1,Ki,nM,8.23,974.79,3.38
CHEMBL3290012,1000.0,O=S(=O)(NCCCCN1CCC(c2noc3cc(F)ccc23)CC1)c1cc2ccccc2s1,Scientific Literature,Displacement of [3H]pirenzepine from human recombinant M1 receptor expressed in CHO cells,B,Homo sapiens,,J Med Chem,2014.0,Muscarinic acetylcholine receptor M1,Ki,nM,,487.62,5.12
CHEMBL405526,53.5,CCN(CC)c1ccc2c(-c3ccc(S(=O)(=O)N(C)CCCCCC(=O)NCCOCCOCCN4CCN(CC(=O)N5c6ccccc6C(=O)Nc6cccnc65)CC4)cc3S(=O)(=O)[O-])c3ccc(=[N+](CC)CC)cc-3oc2c1,Scientific Literature,Inhibition of [3H]QNB binding to human muscarinic receptor M1,B,Homo sapiens,,J Med Chem,2004.0,Muscarinic acetylcholine receptor M1,Ki,nM,7.27,1136.41,
CHEMBL4635148,10000.0,C[N+](C)(C)C[C@@H]1COC[C@H](c2ccc(-c3ccccc3)cc2)O1.[I-],Scientific Literature,Displacement of [3H]NMS from human recombinant muscarinic receptor M1 expressed in CHO-K1 cell membranes incubated for 2 hrs by scintillation counting method,B,Homo sapiens,,J Med Chem,2020.0,Muscarinic acetylcholine receptor M1,Ki,nM,,439.34,3.52
CHEMBL4645019,3090.3,C[N+](C)(C)C[C@@H]1COC[C@@H](c2ccc(Sc3ccccc3)cc2)O1.[I-],Scientific Literature,Displacement of [3H]NMS from human recombinant muscarinic receptor M1 expressed in CHO-K1 cell membranes incubated for 2 hrs by scintillation counting method,B,Homo sapiens,,J Med Chem,2020.0,Muscarinic acetylcholine receptor M1,Ki,nM,5.51,471.4,4.0
CHEMBL4646245,10000.0,C[N+](C)(C)C[C@@H]1CO[C@@H](c2ccccc2)CO1.[I-],Scientific Literature,Displacement of [3H]NMS from human recombinant muscarinic receptor M1 expressed in CHO-K1 cell membranes incubated for 2 hrs by scintillation counting method,B,Homo sapiens,,J Med Chem,2020.0,Muscarinic acetylcholine receptor M1,Ki,nM,,363.24,1.85
CHEMBL4634066,36.31,C[N+](C)(C)C[C@@H]1COC(c2ccccc2)(c2ccccc2)CO1.[I-],Scientific Literature,Displacement of [3H]NMS from human recombinant muscarinic receptor M1 expressed in CHO-K1 cell membranes incubated for 2 hrs by scintillation counting method,B,Homo sapiens,,J Med Chem,2020.0,Muscarinic acetylcholine receptor M1,Ki,nM,7.44,439.34,3.05
CHEMBL197275,10000.0,CCN1/C(=C/C=C/c2ccc3cc(NC(=O)CCCCC(=O)O)ccc3[n+]2CC)C=Cc2ccccc21,Scientific Literature,Displacement of [3H]QNB from EGFP(delta-17)human M1 receptor expressed in HEK cells,B,Homo sapiens,,J Med Chem,2005.0,Muscarinic acetylcholine receptor M1,Ki,nM,,496.63,6.18
CHEMBL4435641,170.0,O=C(OCCCc1ccc(Cl)c(Cl)c1)N(c1ccccc1)C1CN2CCC1CC2,Scientific Literature,Displacement of [3H]NMS from human M1 AChR expressed in CHO cell membranes after 1 to 2 hrs by liquid scintillation spectrometry method,B,Homo sapiens,,Bioorg Med Chem Lett,2019.0,Muscarinic acetylcholine receptor M1,Ki,nM,6.77,433.38,5.66
CHEMBL4644999,3.3,O=C(Nc1ccc(F)cc1-c1cc(Cl)cc(Cl)c1)OCC1CCNCC1,Scientific Literature,Displacement of [3H]N-methylscopolamine from human muscarinic M1 receptor transiently expressed in HEK293T cell membranes incubated for 1 hr by scintillation counting method,B,Homo sapiens,,J Med Chem,2020.0,Muscarinic acetylcholine receptor M1,Ki,nM,8.48,397.28,5.35
CHEMBL4632545,34.0,O=C(Nc1ccc(F)cc1-c1ccc(Cl)cc1)OCC1CCNCC1,Scientific Literature,Displacement of [3H]N-methylscopolamine from human muscarinic M1 receptor transiently expressed in HEK293T cell membranes incubated for 1 hr by scintillation counting method,B,Homo sapiens,,J Med Chem,2020.0,Muscarinic acetylcholine receptor M1,Ki,nM,7.47,362.83,4.69
CHEMBL4636302,1.8,O=C(Nc1ccccc1-c1ccccc1)OCC1CCNCC1,Scientific Literature,Displacement of [3H]N-methylscopolamine from human muscarinic M1 receptor transiently expressed in HEK293T cell membranes incubated for 1 hr by scintillation counting method,B,Homo sapiens,,J Med Chem,2020.0,Muscarinic acetylcholine receptor M1,Ki,nM,8.74,310.4,3.9
CHEMBL481153,2.0,O=C(OCCN1CCCC1)N1c2ccccc2Sc2ccccc21,Scientific Literature,Antagonist activity at muscarinic M1 receptor (unknown origin) by PDSP assay,B,Homo sapiens,,Bioorg Med Chem Lett,2013.0,Muscarinic acetylcholine receptor M1,Ki,nM,8.7,340.45,4.52
CHEMBL4469848,9000.0,FC(F)(F)c1cc(Oc2nccc3occc23)ccc1-c1cccc2nccn12,Scientific Literature,Displacement of [3H]-QNB/[3H]-NMS from human muscarinic M1 receptor expressed in stable CHO cells after 90 mins by microbeta scintillation counting method,B,Homo sapiens,,J Med Chem,2019.0,Muscarinic acetylcholine receptor M1,Ki,nM,5.05,395.34,5.95
CHEMBL5285607,1.5,CN(C)c1ccc2c(-c3ccc(-c4cn(CCCCCn5cc(CCCCCCN6CCC(COC(=O)Nc7ccc(F)cc7-c7ccc(F)c(Cl)c7)CC6)nn5)nn4)cc3C(=O)[O-])c3ccc(=[N+](C)C)cc-3oc2c1,Scientific Literature,Displacement of [3H]N-methylscopolamine from human muscarinic M1 receptor expressed in human HEK293T cell membranes by radioligand competition binding based analysis,B,Homo sapiens,,J Med Chem,2022.0,Muscarinic acetylcholine receptor M1,Ki,nM,8.82,1053.66,
CHEMBL279520,28183.83,CN(C)CCNC(=O)C1=C/C(=C\c2cccnc2)c2ccccc21,Scientific Literature,Affinity for Muscarinic acetylcholine receptor M1 expressed in CHO cells by [3H]NMS displacement.,B,,,Bioorg Med Chem Lett,2001.0,Muscarinic acetylcholine receptor M1,Ki,nM,4.55,319.41,2.7
CHEMBL215180,170.0,O=C(NCC1CCNCC1)[C@H]1CCCN1C(=O)[C@@H]1C[C@@H](O)CN1C(=O)CC(c1ccc(F)cc1)(c1ccc(F)cc1)c1ccc(F)cc1,Scientific Literature,Inhibition of [3H]NMS binding to human cloned M1 receptor expressed in CHO cells,B,Homo sapiens,,J Med Chem,2006.0,Muscarinic acetylcholine receptor M1,Ki,nM,6.77,662.75,3.9
CHEMBL4644285,20.89,CN(C)C[C@@H]1COC[C@](c2ccccc2)(C2CCCCC2)O1,Scientific Literature,Displacement of [3H]NMS from human recombinant muscarinic receptor M1 expressed in CHO-K1 cell membranes incubated for 2 hrs by scintillation counting method,B,Homo sapiens,,J Med Chem,2020.0,Muscarinic acetylcholine receptor M1,Ki,nM,7.68,303.45,3.44
CHEMBL195927,10000.0,COc1ccccc1N1CCC(C(=O)Nc2ccc(OC)c(N3CCN(C)CC3)c2)CC1,Scientific Literature,Affinity towards cloned Muscarinic acetylcholine receptor M1,B,Homo sapiens,,Bioorg Med Chem Lett,2005.0,Muscarinic acetylcholine receptor M1,Ki,nM,,438.57,3.31
CHEMBL146291,70.0,O=C(NC1CCN(CC2CCCCCCC2)CC1)C(O)(c1ccccc1)C1CCCC1,Scientific Literature,Inhibition of [3H]NMS binding to human muscarinic acetylcholine receptor M1 expressed in CHO cells,B,,,J Med Chem,2000.0,Muscarinic acetylcholine receptor M1,Ki,nM,7.16,426.65,5.01
CHEMBL4572167,10000.0,CC[C@H]1c2ccccc2N(c2ccccc2)C[C@@]1(C)N,Scientific Literature,Displacement of [3H]-QNB/[3H]-NMS from human recombinant Muscarinic acetylcholine M1 receptor expressed in stable CHO cells after 90 mins by microbeta scintillation counting method,B,Homo sapiens,,ACS Med Chem Lett,2019.0,Muscarinic acetylcholine receptor M1,Ki,nM,,266.39,4.05
CHEMBL2441758,100000.0,CN1CCC[C@H]1COC(N)=O,Scientific Literature,Displacement of [3H]NMS from human muscarinic M1 receptor expressed in CHO cells,B,Homo sapiens,,Bioorg Med Chem Lett,2013.0,Muscarinic acetylcholine receptor M1,Ki,nM,,158.2,0.18
CHEMBL2312361,290.0,CN1CCC(c2ccccc2)=C(C(=O)OCCc2ccc3c(c2)CCO3)C1,Scientific Literature,Displacement of [3H]NMS from human M1 muscarinic receptor expressed in CHO-K1 cells,B,Homo sapiens,,J Med Chem,2013.0,Muscarinic acetylcholine receptor M1,Ki,nM,6.54,363.46,3.5
CHEMBL2311979,100000.0,CCOC(=O)C1=C(c2ccccc2)CCN(CCc2ccc3c(c2)OCO3)C1,Scientific Literature,Displacement of [3H]NMS from human M1 muscarinic receptor expressed in CHO-K1 cells,B,Homo sapiens,,J Med Chem,2013.0,Muscarinic acetylcholine receptor M1,Ki,nM,,379.46,3.68
CHEMBL523299,0.16,OC(c1ccccc1)(c1ccccc1)C12CC[N+](CCOCc3ccccc3)(CC1)CC2.[Br-],Scientific Literature,Displacement of [3H]N-methyl scopolamine from human cloned muscarinic M1 receptor expressed in CHO cells coexpressing Gqi5 by scintillation proximity assay,B,Homo sapiens,,J Med Chem,2009.0,Muscarinic acetylcholine receptor M1,Ki,nM,9.8,508.5,5.14
CHEMBL5284000,0.34,NCCCCCCCCN1CCC(OC(=O)Nc2ccc(F)cc2-c2ccc(F)c(Cl)c2)CC1,Scientific Literature,Displacement of [3H]N-methylscopolamine from human muscarinic M1 receptor expressed in human HEK293T cell membranes by radioligand competition binding based analysis,B,Homo sapiens,,J Med Chem,2022.0,Muscarinic acetylcholine receptor M1,Ki,nM,9.47,494.03,6.6
CHEMBL5265833,0.64,C#CCCCCCCN1CCC(COC(=O)Nc2ccc(F)cc2-c2ccc(F)c(Cl)c2)CC1,Scientific Literature,Displacement of [3H]N-methylscopolamine from human muscarinic M1 receptor expressed in human HEK293T cell membranes by radioligand competition binding based analysis,B,Homo sapiens,,J Med Chem,2022.0,Muscarinic acetylcholine receptor M1,Ki,nM,9.19,489.01,7.13
CHEMBL5289667,1.0,CN1/C(=C/C=C/C=C/C2=[N+](CCCCCC(=O)NCCCCCCCCN3CCC(OC(=O)Nc4ccc(F)cc4-c4ccc(F)c(Cl)c4)CC3)c3ccccc3C2(C)C)C(C)(C)c2ccccc21,Scientific Literature,Displacement of [3H]N-methylscopolamine from human muscarinic M1 receptor expressed in human HEK293T cell membranes by radioligand competition binding based analysis,B,Homo sapiens,,J Med Chem,2022.0,Muscarinic acetylcholine receptor M1,Ki,nM,9.0,959.69,13.82
CHEMBL3104092,10000.0,CN1CCc2c(c3cccc4c3n2Cc2ccccc2C4)C1,Scientific Literature,Displacement of [3H]QNB from muscarinic M1 receptor (unknown origin),B,Homo sapiens,,Bioorg Med Chem Lett,2014.0,Muscarinic acetylcholine receptor M1,Ki,nM,,288.39,3.58
CHEMBL275914,2500.0,O=C(NC[C@H]1CCCNC1)[C@H]1CCCN1C(=O)[C@@H]1CCCN1C(=O)CC(c1ccccc1)(c1ccccc1)c1ccccc1,Scientific Literature,Inhibition of [3H]NMS binding to human cloned M1 receptor expressed in CHO cells,B,Homo sapiens,,J Med Chem,2006.0,Muscarinic acetylcholine receptor M1,Ki,nM,,592.78,4.51
CHEMBL106259,21877.62,CCN(C)C(=O)c1c(C)[nH]c2ccc3c(c12)CN1CCc2cc(OC)ccc2C1O3,Scientific Literature,Inhibition of [3H]NMS binding to human muscarinic acetylcholine receptor M1 in transfected CHO cells.,B,,,J Med Chem,2002.0,Muscarinic acetylcholine receptor M1,Ki,nM,4.66,405.5,4.03
CHEMBL359027,37.0,C1=C(c2csc3ccccc23)C2CCN1CC2,Scientific Literature,Binding affinity for muscarinic acetylcholine receptor M1 by measuring displacement of [3H]QNB from guinea pig cerebral cortex,B,Cavia porcellus,Cerebral cortex,J Med Chem,1995.0,Muscarinic acetylcholine receptor M1,Ki,nM,7.43,241.36,3.97
CHEMBL4756833,2.57,CN(C)c1ccc2c(-c3ccc(C(=O)NCCN4CCN(CCCCC5CCN(CC(=O)N6c7ccccc7NC(=O)c7ccccc76)CC5)CC4)cc3C(=O)[O-])c3ccc(=[N+](C)C)cc-3oc2c1.O=C(O)C(F)(F)F.O=C(O)C(F)(F)F.O=C(O)C(F)(F)F,Scientific Literature,Displacement of [3H]NMS from human recombinant muscarinic receptor M1 expressed in CHO-K9 cell membranes measured after 3 hrs by radioligand competition binding assay,B,Homo sapiens,,RSC Med Chem,2020.0,Muscarinic acetylcholine receptor M1,Ki,nM,8.59,1273.22,5.83
CHEMBL4636083,0.5623,NCCN1CCN(CCCCC2CCN(CC(=O)N3c4ccccc4NC(=O)c4ccccc43)CC2)CC1.O=C(O)C(F)(F)F.O=C(O)C(F)(F)F.O=C(O)C(F)(F)F.O=C(O)C(F)(F)F,Scientific Literature,Displacement of [3H]NMS from human recombinant muscarinic receptor M2 expressed in CHO-K9 cell membranes measured after 3 hrs by radioligand competition binding assay,B,Homo sapiens,,RSC Med Chem,2020.0,Muscarinic acetylcholine receptor M1,Ki,nM,9.25,974.79,3.38
CHEMBL168145,67.1,CCN(CCCCC1CCN(CC(=O)N2c3ccccc3NC(=O)c3ccccc32)CC1)C(=O)c1cccc(I)c1,Scientific Literature,Tested in vitro for the binding affinity against muscarinic receptor subtype 1 (M1),B,,,Bioorg Med Chem Lett,1997.0,Muscarinic acetylcholine receptor M1,Ki,nM,7.17,664.59,6.57
CHEMBL1672288,10000.0,N#Cc1cc(F)cc(C#Cc2csc(F)n2)c1,Scientific Literature,Binding affinity to muscarinic M1 receptor,B,,,J Med Chem,2011.0,Muscarinic acetylcholine receptor M1,Ki,nM,,246.24,2.69
CHEMBL354482,1100.0,Nc1cc(CO)nc(N2CCc3ccccc3C2)c1,Scientific Literature,Displacement of [3H]pirenzepine from M1 receptor,B,,,Bioorg Med Chem Lett,2003.0,Muscarinic acetylcholine receptor M1,Ki,nM,5.96,255.32,1.72
CHEMBL215180,170.0,O=C(NCC1CCNCC1)[C@H]1CCCN1C(=O)[C@@H]1C[C@@H](O)CN1C(=O)CC(c1ccc(F)cc1)(c1ccc(F)cc1)c1ccc(F)cc1,Scientific Literature,Binding affinity to human M1 muscarinic receptor,B,Homo sapiens,,J Med Chem,2013.0,Muscarinic acetylcholine receptor M1,Ki,nM,6.77,662.75,3.9
CHEMBL2312353,2430.0,COc1cccc(C2=C(C(=O)OCCc3ccc4c(c3)CCO4)CN(C)CC2)c1,Scientific Literature,Displacement of [3H]NMS from human M1 muscarinic receptor expressed in CHO-K1 cells,B,Homo sapiens,,J Med Chem,2013.0,Muscarinic acetylcholine receptor M1,Ki,nM,5.61,393.48,3.51
CHEMBL2312367,340.0,CSc1ccc(CCOC(=O)C2=C(c3ccccc3)CCN(C)C2)cc1,Scientific Literature,Displacement of [3H]NMS from human M1 muscarinic receptor expressed in CHO-K1 cells,B,Homo sapiens,,J Med Chem,2013.0,Muscarinic acetylcholine receptor M1,Ki,nM,6.47,367.51,4.28
CHEMBL355854,32.0,C[C@@H]1OC(=O)[C@H]2C[C@H]3CCCC[C@@H]3[C@@H](CC[C@H]3CCC[C@H](C)N3C)[C@@H]12,Scientific Literature,In vitro inhibitory activity against cloned human M1 muscarinic receptor,B,Homo sapiens,,Bioorg Med Chem Lett,2004.0,Muscarinic acetylcholine receptor M1,Ki,nM,7.5,347.54,4.64
CHEMBL73017,63.0,O=C(OCOCCN1CCCC1)C1(c2ccc(Cl)c(Cl)c2)CCCCC1,Scientific Literature,Binding affinity towards muscarinic m1 receptor,B,,,J Med Chem,1994.0,Muscarinic acetylcholine receptor M1,Ki,nM,7.2,400.35,4.81
CHEMBL146359,140.0,O=C(NC1CCN(CC2CCCCC2)CC1)[C@](O)(c1ccccc1)[C@@H]1CCC(F)(F)C1,Scientific Literature,Inhibition of [3H]NMS binding to human muscarinic acetylcholine receptor M1 expressed in CHO cells,B,,,J Med Chem,2000.0,Muscarinic acetylcholine receptor M1,Ki,nM,6.85,434.57,4.47
CHEMBL280220,3311.31,CCCc1c(C(=O)OCC)c2c3c(ccc2n1C)OC1c2ccc(SC)cc2CCN1C3,Scientific Literature,Inhibition of [3H]NMS binding to human muscarinic acetylcholine receptor M1 in transfected CHO cells.,B,,,J Med Chem,2002.0,Muscarinic acetylcholine receptor M1,Ki,nM,5.48,450.6,5.48
CHEMBL438822,300.0,O=C(NC[C@@H]1CCCNC1)[C@H]1CCCN1C(=O)[C@@H]1C[C@@H](O)CN1C(=O)CC(c1ccc(F)cc1)(c1ccc(F)cc1)c1ccc(F)cc1,Scientific Literature,Inhibition of [3H]NMS binding to human cloned M1 receptor expressed in CHO cells,B,Homo sapiens,,J Med Chem,2006.0,Muscarinic acetylcholine receptor M1,Ki,nM,6.52,662.75,3.9
CHEMBL104574,1174.9,COc1ccc2c(c1)CCN1Cc3c(ccc4[nH]c(C)c(C(=O)OCc5ccccc5)c34)OC21,Scientific Literature,Inhibition of [3H]NMS binding to human muscarinic acetylcholine receptor M1 in transfected CHO cells.,B,,,J Med Chem,2002.0,Muscarinic acetylcholine receptor M1,Ki,nM,5.93,454.53,5.29
CHEMBL3359597,100000.0,C[C@@H]1OCCO[C@@H]1C[N+](C)(C)C.[I-],Scientific Literature,Displacement of [3H]NMS from human muscarinic M1 receptor transfected in CHO cells after 120 mins by scintillation counting analysis,B,Homo sapiens,,Bioorg Med Chem Lett,2014.0,Muscarinic acetylcholine receptor M1,Ki,nM,,301.17,0.5
CHEMBL3350062,100000.0,C[C@@H]1O[C@H]([C@H]2CCCN2C)C[S@@+]1[O-],Scientific Literature,Binding affinity to cloned human muscarinic M1 receptor expressed in CHO cells,B,Homo sapiens,,J Med Chem,2006.0,Muscarinic acetylcholine receptor M1,Ki,nM,,203.31,0.57
CHEMBL1262,1140.7,Clc1ccc(CO/N=C(\Cn2ccnc2)c2ccc(Cl)cc2Cl)c(Cl)c1,DrugMatrix,DRUGMATRIX: Muscarinic M1 radioligand binding (ligand: [3H] N-Methylscopolamine),B,,,,,Muscarinic acetylcholine receptor M1,Ki,nM,5.94,429.13,6.12
CHEMBL2115126,136.3,COc1ccc([S@+]([O-])c2ccc(C(C#N)C3CCN(C4CCCCC4)CC3)cc2)cc1,Scientific Literature,Binding affinity against Muscarinic acetylcholine receptor M1,B,,,Bioorg Med Chem Lett,2000.0,Muscarinic acetylcholine receptor M1,Ki,nM,6.87,436.62,5.51
CHEMBL40554,1949.84,C[N+](C)(C)CC#CCOC(=O)Nc1cccc(Cl)c1,Scientific Literature,Displacement of [3H]NMS from human muscarinic M1 receptor expressed in CHO cells by liquid scintillation counter,B,Homo sapiens,,J Med Chem,2008.0,Muscarinic acetylcholine receptor M1,Ki,nM,5.71,281.76,2.6
CHEMBL513277,26915.35,Cc1ccc(C2CCCN2C)o1,Scientific Literature,Displacement of [3H]NMS from human muscarinic M1 receptor expressed in CHO cells by liquid scintillation counter,B,Homo sapiens,,J Med Chem,2008.0,Muscarinic acetylcholine receptor M1,Ki,nM,4.57,165.24,2.35
CHEMBL461502,77624.71,CN1CCC[C@@H]1c1ccco1,Scientific Literature,Displacement of [3H]NMS from human muscarinic M1 receptor expressed in CHO cells by liquid scintillation counter,B,Homo sapiens,,J Med Chem,2008.0,Muscarinic acetylcholine receptor M1,Ki,nM,4.11,151.21,2.05
CHEMBL1091791,10000.0,Cc1ccnc(C(C)c2c(CCN(C)C)sc3ccccc23)c1,Scientific Literature,Displacement of [3H]N-methylscopolamine from human muscarinic M1 receptor expressed in CHO Flp-In cells after 90 mins by scintillation counting,B,Homo sapiens,,Bioorg Med Chem Lett,2010.0,Muscarinic acetylcholine receptor M1,Ki,nM,,324.49,4.86
CHEMBL2092820,100000.0,C[C@@H]1O[C@H]([C@H]2CCC[N+]2(C)C)C[S@@+]1[O-].[I-],Scientific Literature,Binding affinity to cloned human muscarinic M1 receptor expressed in CHO cells,B,Homo sapiens,,J Med Chem,2006.0,Muscarinic acetylcholine receptor M1,Ki,nM,,345.25,0.72
CHEMBL2311983,6160.0,COc1ccc(CCOC(=O)C2=C(c3ccccc3)CN(C)CC2)cc1OC,Scientific Literature,Displacement of [3H]NMS from human M1 muscarinic receptor expressed in CHO-K1 cells,B,Homo sapiens,,J Med Chem,2013.0,Muscarinic acetylcholine receptor M1,Ki,nM,5.21,381.47,3.58
CHEMBL2312352,5270.0,CN1CCC(c2ccccc2F)=C(C(=O)OCCc2ccc3c(c2)CCO3)C1,Scientific Literature,Displacement of [3H]NMS from human M1 muscarinic receptor expressed in CHO-K1 cells,B,Homo sapiens,,J Med Chem,2013.0,Muscarinic acetylcholine receptor M1,Ki,nM,5.28,381.45,3.64
CHEMBL1935438,430.0,c1ccc(OCCn2c(C3CCCNC3)nc3ccccc32)cc1,Scientific Literature,Inhibition of muscarinic M1 receptor,B,,,Bioorg Med Chem Lett,2012.0,Muscarinic acetylcholine receptor M1,Ki,nM,6.37,321.42,3.58
CHEMBL1087089,2900.0,CN1CCCC(c2nc3ccccc3n2Cc2ccc(F)cc2)C1,Scientific Literature,Inhibition of muscarinic M1 receptor,B,,,Bioorg Med Chem Lett,2012.0,Muscarinic acetylcholine receptor M1,Ki,nM,5.54,323.42,4.03
CHEMBL4645845,0.5888,NCCNC(=O)CCc1cn(CCCCC2CCN(CC(=O)N3c4ccccc4NC(=O)c4ccccc43)CC2)cn1.O=C(O)C(F)(F)F.O=C(O)C(F)(F)F.O=C(O)C(F)(F)F,Scientific Literature,Displacement of [3H]NMS from human recombinant muscarinic receptor M2 expressed in CHO-K9 cell membranes measured after 3 hrs by radioligand competition binding assay,B,Homo sapiens,,RSC Med Chem,2020.0,Muscarinic acetylcholine receptor M1,Ki,nM,9.23,913.79,3.7
CHEMBL4743049,955.21,Cl.Clc1cccc(COc2cncc(N3CCNCC3)n2)c1,EUbOPEN Chemogenomic Library,"PDSP Secondary Binding target: CHRM1 - Compounds are tested at 10 uM concentration, plate are incubated at room temperature in the dark for 90 minutes. Reaction are stopped by vacuum filtration onto 0.3% polyethyleneimine soaked filter mats using Filtermate harvester. Scintillation cocktail is then melted onto microwave-dried filters on a hot plate and the radio activity is counted in Microbia counter. Compounds showing a minimum of 50% inhibition at 10 uM concentration are carried forward in this secondary binding assay to determine equilibrium binding affinity.",B,Homo sapiens,,,2024.0,Muscarinic acetylcholine receptor M1,Ki,nM,6.02,341.24,2.12
CHEMBL2311981,100000.0,CCOC(=O)C1=C(c2ccccc2)CCN(C2CCN(C(=O)c3c(Cl)cccc3Cl)CC2)C1,Scientific Literature,Displacement of [3H]NMS from human M1 muscarinic receptor expressed in CHO-K1 cells,B,Homo sapiens,,J Med Chem,2013.0,Muscarinic acetylcholine receptor M1,Ki,nM,,487.43,5.32
CHEMBL2311978,100000.0,CCOC(=O)C1=C(c2ccccc2)CCN(CCc2ccc3c(c2)CCO3)C1,Scientific Literature,Displacement of [3H]NMS from human M1 muscarinic receptor expressed in CHO-K1 cells,B,Homo sapiens,,J Med Chem,2013.0,Muscarinic acetylcholine receptor M1,Ki,nM,,377.48,3.89
CHEMBL4777543,2884.03,O=C(CN1CCCc2ccccc21)N1CCCC1,Scientific Literature,Displacement of [3H]-NMS from muscarinic M1 receptor (unknown origin) expressed in CHO-K1 cell membranes assessed as inhibition constant by radioligand competition analysis,B,Homo sapiens,,Bioorg Med Chem Lett,2020.0,Muscarinic acetylcholine receptor M1,Ki,nM,5.54,244.34,2.06
CHEMBL4760904,28183.83,CC1CCc2ccccc2N1CC(=O)N1CCCCC1,Scientific Literature,Displacement of [3H]-NMS from muscarinic M1 receptor (unknown origin) expressed in CHO-K1 cell membranes assessed as inhibition constant by radioligand competition analysis,B,Homo sapiens,,Bioorg Med Chem Lett,2020.0,Muscarinic acetylcholine receptor M1,Ki,nM,4.55,272.39,2.84
CHEMBL4796491,645.65,O=C(CCN1CCCc2ccccc21)NCc1cccs1,Scientific Literature,Displacement of [3H]-NMS from muscarinic M1 receptor (unknown origin) expressed in CHO-K1 cell membranes assessed as inhibition constant by radioligand competition analysis,B,Homo sapiens,,Bioorg Med Chem Lett,2020.0,Muscarinic acetylcholine receptor M1,Ki,nM,6.19,300.43,3.21
CHEMBL26505,26.5,CCN(CC)CCOC(=O)C(C)(c1ccccc1)c1ccccc1,Scientific Literature,Displacement of [3H] N-methylscopolamine from human muscarinic M1 receptor after 30 mins by scintillation counting analysis,B,Homo sapiens,,Bioorg Med Chem,2013.0,Muscarinic acetylcholine receptor M1,Ki,nM,7.58,325.45,3.88
CHEMBL107444,1995.26,CCOC(=O)c1c(C)n(C)c2ccc3c(c12)CN1CCc2cc(OC)ccc2C1O3,Scientific Literature,Inhibition of [3H]NMS binding to human muscarinic acetylcholine receptor M1 in transfected CHO cells.,B,,,J Med Chem,2002.0,Muscarinic acetylcholine receptor M1,Ki,nM,5.7,406.48,4.12
CHEMBL5277670,2.7,CN1/C(=C/C=C/C=C/C2=[N+](CCCCCC(=O)NCCCCCCN3CCC(OC(=O)Nc4ccc(F)cc4-c4ccc(F)c(Cl)c4)CC3)c3ccccc3C2(C)C)C(C)(C)c2ccccc21,Scientific Literature,Displacement of [3H]N-methylscopolamine from human muscarinic M1 receptor expressed in human HEK293T cell membranes by radioligand competition binding based analysis,B,Homo sapiens,,J Med Chem,2022.0,Muscarinic acetylcholine receptor M1,Ki,nM,8.57,931.63,13.04
CHEMBL5289601,1.8,CN1/C(=C/C=C/C=C/C2=[N+](CCCCCC(=O)NCCCCCCCCN3CCC(COC(=O)Nc4ccc(F)cc4-c4ccc(F)c(Cl)c4)CC3)c3ccccc3C2(C)C)C(C)(C)c2ccccc21,Scientific Literature,Displacement of [3H]N-methylscopolamine from human muscarinic M1 receptor expressed in human HEK293T cell membranes by radioligand competition binding based analysis,B,Homo sapiens,,J Med Chem,2022.0,Muscarinic acetylcholine receptor M1,Ki,nM,8.74,973.71,14.06
CHEMBL594802,100000.0,CC1(C)CO[C@H](C[N+](C)(C)C)CO1.[I-],Scientific Literature,Displacement of [3H]NMS from human muscarinic M1 receptor expressed in CHO cells by microplate scintillation counting,B,Homo sapiens,,Bioorg Med Chem,2009.0,Muscarinic acetylcholine receptor M1,Ki,nM,,315.2,0.89
CHEMBL82754,970.0,O=C(OC1CC2CCCC1N2)C1CCCCC1,Scientific Literature,Inhibition of [3H]- oxotremorine-M binding to human Muscarinic acetylcholine receptor M1 expressed in CHO cell membranes,B,Homo sapiens,,J Med Chem,2000.0,Muscarinic acetylcholine receptor M1,Ki,nM,6.01,237.34,2.39
CHEMBL166599,1200.0,CNc1ccnc(N2CCc3ccccc3C2)c1,Scientific Literature,Displacement of [3H]pirenzepine from M1 receptor,B,,,Bioorg Med Chem Lett,2003.0,Muscarinic acetylcholine receptor M1,Ki,nM,5.92,239.32,2.69
CHEMBL306903,23.0,O=C(NCC1CCNCC1)[C@](O)(c1ccccc1)[C@@H]1CCC(F)(F)C1,Scientific Literature,Binding affinity against human Muscarinic acetylcholine receptor M1 in transfected CHO cells,B,,,Bioorg Med Chem Lett,2003.0,Muscarinic acetylcholine receptor M1,Ki,nM,7.64,352.43,2.43
CHEMBL75448,8.0,CC(c1ccc(S(=O)(=O)c2ccc(Cl)cc2)cc1)N1CCN(C2CCCCC2)CC1,Scientific Literature,Binding affinity towards the cloned human Muscarinic acetylcholine receptor M1,B,,,Bioorg Med Chem Lett,2000.0,Muscarinic acetylcholine receptor M1,Ki,nM,8.1,447.04,5.18
CHEMBL194206,10000.0,COc1ccc(NC(=O)N2CCN(c3ccc(F)cc3)CC2)cc1N1CCN(C)CC1,Scientific Literature,Affinity towards cloned Muscarinic acetylcholine receptor M1,B,Homo sapiens,,Bioorg Med Chem Lett,2005.0,Muscarinic acetylcholine receptor M1,Ki,nM,,427.52,2.94
CHEMBL172272,312.0,C[C@@H]1OC(=O)[C@H]2C[C@H]3CCCC[C@@H]3[C@@H](CCCN3CCC(N4CCCCC4)CC3)[C@@H]12,Scientific Literature,Binding affinity towards human muscarinic M1 receptor in CHO-KI cells using [3H]- QNB as radioligand,B,,,Bioorg Med Chem Lett,1999.0,Muscarinic acetylcholine receptor M1,Ki,nM,6.51,416.65,4.72
CHEMBL25564,50.0,Cc1cc(NCCN2C3CCCC2CC3)nnc1-c1ccccc1,Scientific Literature,Binding affinity towards muscarinic M1 receptor,B,,,J Med Chem,2004.0,Muscarinic acetylcholine receptor M1,Ki,nM,7.3,322.46,3.88
CHEMBL355560,3715.35,CN(C)CCC1=C(Cc2cccnc2)c2ccccc2C1,Scientific Literature,Binding affinity towards cloned human muscarinic acetylcholine receptor M1 stably expressed in CHO-K1 cells using [3H]N-methylscopolamine,B,,,J Med Chem,2003.0,Muscarinic acetylcholine receptor M1,Ki,nM,5.43,278.4,3.59
CHEMBL93709,422.0,COc1ccccc1C(=O)C1=CN2CCC1CC2,Scientific Literature,In vitro binding affinity towards muscarinic receptor in cerebral cortex (M1) was determined,B,,Cerebral cortex,Bioorg Med Chem Lett,1994.0,Muscarinic acetylcholine receptor M1,Ki,nM,6.38,243.31,2.49
CHEMBL115078,0.007943,CCCCCCCCCCCCCC(=O)NCC(=O)N[C@@H](CO)C(=O)OCc1ccccc1,Scientific Literature,Ability to displace [3H]QNB from HM1 receptor binding to acetylcholine was evaluated by ligand inhibition assay,B,,,Bioorg Med Chem Lett,1999.0,Muscarinic acetylcholine receptor M1,Ki,nM,,462.63,4.02
CHEMBL342958,170.0,C1=C(c2nc3ccccc3s2)C2CCN1CC2,Scientific Literature,Binding affinity for muscarinic acetylcholine receptor M1 by measuring displacement of [3H]QNB from guinea pig cerebral cortex,B,Cavia porcellus,Cerebral cortex,J Med Chem,1995.0,Muscarinic acetylcholine receptor M1,Ki,nM,6.77,242.35,3.36
CHEMBL12587,56.0,C[C@@H]1O[C@H](C[N+](C)(C)C)C[C@H]1O,Scientific Literature,Inhibition of [3H]- oxotremorine-M binding to human Muscarinic acetylcholine receptor M1 expressed in CHO cell membranes,B,Homo sapiens,,J Med Chem,2000.0,Muscarinic acetylcholine receptor M1,Ki,nM,7.25,174.26,0.23
CHEMBL445134,900.0,C[C@@H]1OC(=O)[C@H]2C[C@H]3CCCC[C@@H]3[C@@H](CCCN3CCC(O)CC3)[C@@H]12,Scientific Literature,Binding affinity towards human muscarinic M1 receptor in CHO-KI cells using [3H]- QNB as radioligand,B,,,Bioorg Med Chem Lett,1999.0,Muscarinic acetylcholine receptor M1,Ki,nM,,349.52,3.23
CHEMBL273586,50.0,c1ccc2c(c1)C(=C1CN3CCC1CC3)c1ccccc1-2,Scientific Literature,In vitro binding affinity towards muscarinic receptor in cerebral cortex (M1) was determined,B,,Cerebral cortex,Bioorg Med Chem Lett,1994.0,Muscarinic acetylcholine receptor M1,Ki,nM,7.3,273.38,4.19
CHEMBL2449003,0.27,CN1[C@@H]2CC[C@H]1CC(OC(=O)[C@H](CO)c1ccccc1)C2,Scientific Literature,Displacement of [3H]QNB from muscarinic M1 receptor (unknown origin),B,Homo sapiens,,Bioorg Med Chem Lett,2014.0,Muscarinic acetylcholine receptor M1,Ki,nM,9.57,289.38,1.93
CHEMBL2441761,100000.0,CN1CCC[C@H]1[C@H]1COC(=O)N1,Scientific Literature,Displacement of [3H]NMS from human muscarinic M1 receptor expressed in CHO cells,B,Homo sapiens,,Bioorg Med Chem Lett,2013.0,Muscarinic acetylcholine receptor M1,Ki,nM,,170.21,0.19
CHEMBL2441754,100000.0,CN(C)C[C@@H]1CNC(=O)O1,Scientific Literature,Displacement of [3H]NMS from human muscarinic M1 receptor expressed in CHO cells,B,Homo sapiens,,Bioorg Med Chem Lett,2013.0,Muscarinic acetylcholine receptor M1,Ki,nM,,144.17,-0.34
CHEMBL2441753,100000.0,CN1C[C@H](C[N+](C)(C)C)OC1=O,Scientific Literature,Displacement of [3H]NMS from human muscarinic M1 receptor expressed in CHO cells,B,Homo sapiens,,Bioorg Med Chem Lett,2013.0,Muscarinic acetylcholine receptor M1,Ki,nM,,173.24,0.14
CHEMBL292408,14.0,CCCCCCOc1nccnc1O[C@@H]1CN2CCC1C2,Scientific Literature,Affinity towards human M1 receptor expressed in CHO cells using [3H]QNB as radioligand,B,,,Bioorg Med Chem Lett,1999.0,Muscarinic acetylcholine receptor M1,Ki,nM,7.85,291.4,2.52
CHEMBL14,38018.94,C[N+](C)(C)CCOC(N)=O.[Cl-],Scientific Literature,Displacement of [3H]NMS from human muscarinic M1 receptor transfected in CHO cells after 120 mins by scintillation counting analysis,B,Homo sapiens,,Bioorg Med Chem Lett,2014.0,Muscarinic acetylcholine receptor M1,Ki,nM,4.42,182.65,-0.21
CHEMBL1935431,10000.0,CN(C)C(=O)CN1CCCC(c2nc3ccccc3n2Cc2ccc(F)cc2)C1,Scientific Literature,Inhibition of muscarinic M1 receptor,B,,,Bioorg Med Chem Lett,2012.0,Muscarinic acetylcholine receptor M1,Ki,nM,,394.49,3.49
CHEMBL145081,820.0,OC1(c2csc3ccccc23)CN2CCC1CC2,Scientific Literature,Binding affinity for muscarinic acetylcholine receptor M1 by measuring displacement of [3H]QNB from guinea pig cerebral cortex,B,Cavia porcellus,Cerebral cortex,J Med Chem,1995.0,Muscarinic acetylcholine receptor M1,Ki,nM,6.09,259.37,2.81
CHEMBL357404,7400.0,COc1ccccc1C1(O)CN2CCC1CC2,Scientific Literature,Binding affinity for muscarinic acetylcholine receptor M1 by measuring displacement of [3H]QNB from guinea pig cerebral cortex,B,Cavia porcellus,Cerebral cortex,J Med Chem,1995.0,Muscarinic acetylcholine receptor M1,Ki,nM,5.13,233.31,1.61
CHEMBL4643329,6760.83,C[N+](C)(C)C[C@@H]1COC[C@@H](c2ccc([S+]([O-])c3ccccc3)cc2)O1.[I-],Scientific Literature,Displacement of [3H]NMS from human recombinant muscarinic receptor M1 expressed in CHO-K1 cell membranes incubated for 2 hrs by scintillation counting method,B,Homo sapiens,,J Med Chem,2020.0,Muscarinic acetylcholine receptor M1,Ki,nM,5.17,487.4,3.02
CHEMBL542622,2.0,CCCCCCSc1nccnc1O[C@H]1CN2CCC1C2.Cl,Scientific Literature,Affinity towards human M1 receptor expressed in CHO cells using [3H]QNB as radioligand,B,,,Bioorg Med Chem Lett,1999.0,Muscarinic acetylcholine receptor M1,Ki,nM,8.7,343.92,3.23
CHEMBL4277264,8800.0,Cc1cc(Oc2nccc3occc23)ccc1-c1c(C)ncc2nccn12,Scientific Literature,Displacement of [3H]-QNB/[3H]-NMS from human muscarinic M1 receptor expressed in stable CHO cells after 90 mins by microbeta scintillation counting method,B,Homo sapiens,,J Med Chem,2019.0,Muscarinic acetylcholine receptor M1,Ki,nM,5.06,356.39,4.95
CHEMBL2377262,519.0,CCN(CC)CCOC(=O)c1ccccc1Sc1ccc(Cl)cc1,Scientific Literature,Displacement of [3H] N-methylscopolamine from human muscarinic M1 receptor expressed in CHOK1 cells after 30 mins by scintillation counting analysis,B,Homo sapiens,,Bioorg Med Chem,2013.0,Muscarinic acetylcholine receptor M1,Ki,nM,6.29,363.91,4.99
CHEMBL4520788,614.14,CNCc1ccccc1-c1csc([C@H](C)Nc2nc(C)nc3cc(OC)c(OC)cc23)c1,EUbOPEN Chemogenomic Library Literature Data,Selectivity interaction (GPCR panel (PDSP screen)) EUB0000743a CHRM1,B,Homo sapiens,,,2023.0,Muscarinic acetylcholine receptor M1,Ki,nM,6.21,448.59,5.58
CHEMBL293345,75.0,CCCCCCSc1nccnc1O[C@@H]1CN2CCC1C2,Scientific Literature,Affinity towards human M1 receptor expressed in CHO cells using [3H]QNB as radioligand,B,,,Bioorg Med Chem Lett,1999.0,Muscarinic acetylcholine receptor M1,Ki,nM,7.12,307.46,3.23
CHEMBL1935437,480.0,Fc1ccc(Cn2c([C@@H]3CCCNC3)nc3ccccc32)cc1,Scientific Literature,Inhibition of muscarinic M1 receptor,B,,,Bioorg Med Chem Lett,2012.0,Muscarinic acetylcholine receptor M1,Ki,nM,6.32,309.39,3.69
CHEMBL1935445,230.0,Fc1ccc(Cn2c(C3CNCCS3)nc3ccccc32)cc1,Scientific Literature,Inhibition of muscarinic M1 receptor,B,,,Bioorg Med Chem Lett,2012.0,Muscarinic acetylcholine receptor M1,Ki,nM,6.64,327.43,3.6
CHEMBL4640846,2691.53,C[N+](C)(C)C[C@@H]1CO[C@@H](c2ccc(Sc3ccccc3)cc2)CO1.[I-],Scientific Literature,Displacement of [3H]NMS from human recombinant muscarinic receptor M1 expressed in CHO-K1 cell membranes incubated for 2 hrs by scintillation counting method,B,Homo sapiens,,J Med Chem,2020.0,Muscarinic acetylcholine receptor M1,Ki,nM,5.57,471.4,4.0
CHEMBL41,771.0,CNCCC(Oc1ccc(C(F)(F)F)cc1)c1ccccc1,DrugMatrix,DRUGMATRIX: Muscarinic M1 radioligand binding (ligand: [3H] N-Methylscopolamine),B,,,,,Muscarinic acetylcholine receptor M1,Ki,nM,6.11,309.33,4.44
CHEMBL3935692,309.03,Cc1ncoc1-c1nnc(SCCCN2CC[C@]3(C[C@@H]3c3ccc(C(F)(F)F)cc3)C2)n1C,Scientific Literature,Activity at human muscarinic acetylcholine receptor M1 transfected in CHO-K1 cells assessed as intracellular calcium levels in presence of acetylcholine by FLIPR assay,F,Homo sapiens,,J Med Chem,2016.0,Muscarinic acetylcholine receptor M1,Ki,nM,6.51,477.56,5.16
CHEMBL3912801,173.78,CC(=O)NC1CCC(c2nnc(SCCCN3CC[C@]4(C[C@@H]4c4ccc(C(F)(F)F)cc4)C3)n2C)CC1,Scientific Literature,Activity at human muscarinic acetylcholine receptor M1 transfected in CHO-K1 cells assessed as intracellular calcium levels in presence of acetylcholine by FLIPR assay,F,Homo sapiens,,J Med Chem,2016.0,Muscarinic acetylcholine receptor M1,Ki,nM,6.76,535.68,5.36
CHEMBL2042407,3801.89,C[N+](C)(C)C[C@@H]1COC[C@H](C(c2ccccc2)c2ccccc2)O1.[I-],Scientific Literature,Displacement of [3H]N-methylscopolamine from human muscarinic M1 receptor expressed in CHO cells after 120 mins by scintillation counting,B,Homo sapiens,,J Med Chem,2012.0,Muscarinic acetylcholine receptor M1,Ki,nM,5.42,453.36,3.31
CHEMBL2042403,26302.68,C[N+](C)(C)C[C@@H]1COC[C@@H](c2ccccc2)O1.[I-],Scientific Literature,Displacement of [3H]N-methylscopolamine from human muscarinic M1 receptor expressed in CHO cells after 120 mins by scintillation counting,B,Homo sapiens,,J Med Chem,2012.0,Muscarinic acetylcholine receptor M1,Ki,nM,4.58,363.24,1.85
CHEMBL148129,200.0,O=C(NC1CCN(CC2CCCCCC2)CC1)C(O)(c1ccccc1)C1CCCC1,Scientific Literature,Inhibition of [3H]NMS binding to human muscarinic acetylcholine receptor M1 expressed in CHO cells,B,,,J Med Chem,2000.0,Muscarinic acetylcholine receptor M1,Ki,nM,6.7,412.62,4.62
CHEMBL1090198,10000.0,CN(C)CCC1=C(Cc2ncccn2)c2ccccc2C1,Scientific Literature,Binding affinity at M1 receptor,B,,,Bioorg Med Chem Lett,2010.0,Muscarinic acetylcholine receptor M1,Ki,nM,,279.39,2.98
CHEMBL1354199,0.321,C[N+]1(C)[C@@H]2C[C@@H](OC(=O)[C@H](CO)c3ccccc3)C[C@H]1[C@@H]1O[C@@H]12.[Br-],DrugMatrix,DRUGMATRIX: Muscarinic M1 radioligand binding (ligand: [3H] N-Methylscopolamine),B,,,,,Muscarinic acetylcholine receptor M1,Ki,nM,9.49,398.3,1.06
CHEMBL3350064,100000.0,C[C@@H]1O[C@H]([C@@H]2CCCN2C)C[S@@+]1[O-],Scientific Literature,Binding affinity to cloned human muscarinic M1 receptor expressed in CHO cells,B,Homo sapiens,,J Med Chem,2006.0,Muscarinic acetylcholine receptor M1,Ki,nM,,203.31,0.57
CHEMBL538793,3.981,CC(=O)OCCCCCCCCCCCCOc1nsnc1C1=CCCN(C)C1.Cl,Scientific Literature,Inhibition of [3H](R)-QNB to Muscarinic acetylcholine receptor M1 expressed in A9 L cells,B,Homo sapiens,,J Med Chem,2003.0,Muscarinic acetylcholine receptor M1,Ki,nM,8.4,460.08,5.1
CHEMBL64000,21379.62,CC(=O)OC1CC2CCCC1N2,Scientific Literature,Binding affinity to human cloned muscarinic M1 receptor expressed in CHO cells,B,Homo sapiens,,Bioorg Med Chem,2008.0,Muscarinic acetylcholine receptor M1,Ki,nM,4.67,169.22,0.83
CHEMBL370128,10000.0,COc1ccc(NC(=O)N2CCN(c3ccccc3Cl)CC2)cc1N1CCN(C)CC1,Scientific Literature,Affinity towards cloned Muscarinic acetylcholine receptor M1,B,Homo sapiens,,Bioorg Med Chem Lett,2005.0,Muscarinic acetylcholine receptor M1,Ki,nM,,443.98,3.45
CHEMBL1087493,1500.0,CCOCCn1c(N2CC[C@H](N(C)C)C2)nc2ccccc21,Scientific Literature,Displacement of [3H]N-methyl Scopolamine from human muscarinic M1 receptor expressed in CHO Flp-In cells by liquid scintillation counting,B,Homo sapiens,,Bioorg Med Chem Lett,2010.0,Muscarinic acetylcholine receptor M1,Ki,nM,5.82,302.42,2.21
CHEMBL402207,602.56,C[N+]1(CCCC(O)(c2ccccc2)c2ccccc2)CCC(C2CC[N+](C)(CCCC(O)(c3ccccc3)c3ccccc3)CC2)CC1.[I-].[I-],Scientific Literature,Displacement of [3H]N-methylscopolamine from human muscarinic M1 receptor expressed in CHO-K1 cells,B,Homo sapiens,,Bioorg Med Chem Lett,2008.0,Muscarinic acetylcholine receptor M1,Ki,nM,6.22,900.77,8.13
CHEMBL254586,199.53,C[N+]1(CCCC(O)(c2ccccc2)c2ccccc2)CCCCC1.[I-],Scientific Literature,Displacement of [3H]N-methylscopolamine from human muscarinic M1 receptor expressed in CHO-K1 cells,B,Homo sapiens,,Bioorg Med Chem Lett,2008.0,Muscarinic acetylcholine receptor M1,Ki,nM,6.7,451.39,4.33
CHEMBL144493,1200.0,C1=C(c2ccccn2)C2CCN1CC2,Scientific Literature,Binding affinity for muscarinic acetylcholine receptor M1 by measuring displacement of [3H]QNB from guinea pig cerebral cortex,B,Cavia porcellus,Cerebral cortex,J Med Chem,1995.0,Muscarinic acetylcholine receptor M1,Ki,nM,5.92,186.26,2.15
CHEMBL404557,100000.0,C[C@@H]1COC[C@@H](C[N+](C)(C)C)O1.[I-],Scientific Literature,Displacement of [3H]NMS from human muscarinic M1 receptor expressed in CHO cells by microplate scintillation counting,B,Homo sapiens,,Bioorg Med Chem,2009.0,Muscarinic acetylcholine receptor M1,Ki,nM,,301.17,0.5
CHEMBL2377264,1040.0,CCN(CC)CCSC(C(=O)OCC=C(C)C)c1ccccc1,Scientific Literature,Displacement of [3H] N-methylscopolamine from human muscarinic M1 receptor expressed in CHOK1 cells after 30 mins by scintillation counting analysis,B,Homo sapiens,,Bioorg Med Chem,2013.0,Muscarinic acetylcholine receptor M1,Ki,nM,5.98,335.51,4.31
CHEMBL2110892,517.0,CCN(CC)CCOC(=O)C(c1ccccc1)N1CCCCC1,Scientific Literature,Displacement of [3H] N-methylscopolamine from human muscarinic M1 receptor after 30 mins by scintillation counting analysis,B,Homo sapiens,,Bioorg Med Chem,2013.0,Muscarinic acetylcholine receptor M1,Ki,nM,6.29,318.46,3.1
CHEMBL420008,9.1,C=C(c1ccc(S(=O)(=O)c2ccc(OC)cc2)cc1)C1CCN(C2CCNCC2)CC1,Scientific Literature,Binding affinity against Muscarinic acetylcholine receptor M1 expressed in CHO-K1 cells,B,Homo sapiens,,Bioorg Med Chem Lett,2000.0,Muscarinic acetylcholine receptor M1,Ki,nM,8.04,440.61,4.01
CHEMBL287868,0.088,CN1CC2CC(OC(=O)C(C)(c3ccccc3)c3ccccc3)CC1C2,Scientific Literature,Inhibition of [3H]QNB binding to CHO cells bearing transfected muscarinic acetylcholine receptor M1,B,Cricetulus griseus,,J Med Chem,1991.0,Muscarinic acetylcholine receptor M1,Ki,nM,10.06,349.47,4.02
CHEMBL556450,10000.0,Cc1cnn(C2CCN(c3nc4ccccc4n3Cc3ccc(F)cc3)CC2)c1,Scientific Literature,Inhibition of muscarinic M1 receptor,B,,,Bioorg Med Chem Lett,2012.0,Muscarinic acetylcholine receptor M1,Ki,nM,,389.48,4.57
CHEMBL285898,111.0,CCN(CC)CCCCOC(=O)C(C)(c1ccccc1)C1CCCCC1,Scientific Literature,Antimuscarinic potency and subset specificity was characterised by its inhibition of the [3H]NMS Binding to Muscarinic acetylcholine receptor M1 subtype,B,,,J Med Chem,1992.0,Muscarinic acetylcholine receptor M1,Ki,nM,6.96,359.55,5.19
CHEMBL2312362,100000.0,CCCN1CCC(c2ccccc2)=C(C(=O)OCCc2ccc3c(c2)CCO3)C1,Scientific Literature,Displacement of [3H]NMS from human M1 muscarinic receptor expressed in CHO-K1 cells,B,Homo sapiens,,J Med Chem,2013.0,Muscarinic acetylcholine receptor M1,Ki,nM,,391.51,4.28
CHEMBL336933,17.0,CN1CCC=C(c2nsnc2SCCCCCCCCCSc2nsnc2C2=CCCN(C)C2)C1,Scientific Literature,Binding affinity towards M1 muscarinic receptor expressed in A9 L cells by displacing [3H](R)-QNB radioligand.,B,,,J Med Chem,2001.0,Muscarinic acetylcholine receptor M1,Ki,nM,7.77,550.89,6.44
CHEMBL149769,200.0,O=C(NC1CCN(CC2CCCCC2)CC1)C(O)(c1ccccc1)C1CCCC1,Scientific Literature,Inhibition of [3H]NMS binding to human muscarinic acetylcholine receptor M1 expressed in CHO cells,B,,,J Med Chem,2000.0,Muscarinic acetylcholine receptor M1,Ki,nM,6.7,398.59,4.23
CHEMBL283320,23988.33,CN(C)CCNC(=O)C1=C/C(=C\c2ccncc2)c2ccccc21,Scientific Literature,Affinity for Muscarinic acetylcholine receptor M1 expressed in CHO cells by [3H]NMS displacement.,B,,,Bioorg Med Chem Lett,2001.0,Muscarinic acetylcholine receptor M1,Ki,nM,4.62,319.41,2.7
CHEMBL21508,18620.87,CN(C)CCC1=C/C(=C\c2cccnc2)c2ccccc21,Scientific Literature,Affinity for Muscarinic acetylcholine receptor M1 expressed in CHO cells by [3H]NMS displacement.,B,,,Bioorg Med Chem Lett,2001.0,Muscarinic acetylcholine receptor M1,Ki,nM,4.73,276.38,3.97
CHEMBL148328,470.0,O=C(NC1CCN(Cc2cccnc2)CC1)C(O)(c1ccccc1)C1CCCC1,Scientific Literature,Inhibition of [3H]NMS binding to human muscarinic acetylcholine receptor M1 expressed in CHO cells,B,,,J Med Chem,2000.0,Muscarinic acetylcholine receptor M1,Ki,nM,6.33,393.53,3.24
CHEMBL59836,19.0,CC(C)=CCCN1CCC(NC(=O)[C@](O)(c2ccccc2)C2CCCC2)CC1,Scientific Literature,Inhibition of [3H]NMS binding to human muscarinic acetylcholine receptor M1 expressed in CHO cells,B,,,J Med Chem,2000.0,Muscarinic acetylcholine receptor M1,Ki,nM,7.72,384.56,4.0
CHEMBL308707,1697.0,CCN(CC)CCOCCNCC1(c2ccccc2)CCCC1,Scientific Literature,Binding affinity towards muscarinic m1 receptor,B,,,J Med Chem,1994.0,Muscarinic acetylcholine receptor M1,Ki,nM,5.77,318.5,3.45
CHEMBL301670,426.58,C[C@@H]1OC(=O)[C@@H]2C[C@@H]3CCCC[C@@H]3[C@@H](/C=C/[C@H]3CCC[C@H](C)N3C)[C@H]12,Scientific Literature,Binding affinity against human muscarine receptor (hM1) cloned in CHO cells,B,Homo sapiens,,Bioorg Med Chem Lett,2002.0,Muscarinic acetylcholine receptor M1,Ki,nM,6.37,345.53,4.42
CHEMBL443267,1.0,CCC1(CCN)CCN(C(=O)[C@](O)(c2ccccc2)[C@@H]2CCC(F)(F)C2)CC1,Scientific Literature,Binding affinity against human Muscarinic acetylcholine receptor M1 in transfected CHO cells,B,,,Bioorg Med Chem Lett,2003.0,Muscarinic acetylcholine receptor M1,Ki,nM,9.0,394.51,3.68
CHEMBL2312351,100000.0,CN1CCC(c2cccc(F)c2)=C(C(=O)OCCc2ccc3c(c2)CCO3)C1,Scientific Literature,Displacement of [3H]NMS from human M1 muscarinic receptor expressed in CHO-K1 cells,B,Homo sapiens,,J Med Chem,2013.0,Muscarinic acetylcholine receptor M1,Ki,nM,,381.45,3.64
CHEMBL2312350,7900.0,CCN1CCC(c2ccc(F)cc2)=C(C(=O)OCCc2ccc3c(c2)CCO3)C1,Scientific Literature,Displacement of [3H]NMS from human M1 muscarinic receptor expressed in CHO-K1 cells,B,Homo sapiens,,J Med Chem,2013.0,Muscarinic acetylcholine receptor M1,Ki,nM,5.1,395.47,4.03
CHEMBL2312369,880.0,Cc1cccc(CCOC(=O)C2=C(c3ccccc3)CCN(C)C2)c1,Scientific Literature,Displacement of [3H]NMS from human M1 muscarinic receptor expressed in CHO-K1 cells,B,Homo sapiens,,J Med Chem,2013.0,Muscarinic acetylcholine receptor M1,Ki,nM,6.06,335.45,3.87
CHEMBL172646,1533.0,C[C@@H]1OC(=O)[C@H]2C[C@H]3CCCC[C@@H]3[C@@H](CCCN3CCCC(O)C3)[C@@H]12,Scientific Literature,Binding affinity towards human muscarinic M1 receptor in CHO-KI cells using [3H]- QNB as radioligand,B,,,Bioorg Med Chem Lett,1999.0,Muscarinic acetylcholine receptor M1,Ki,nM,5.81,349.52,3.23
CHEMBL366640,445.0,C[C@@H]1OC(=O)[C@H]2C[C@H]3CCCC[C@@H]3[C@@H](CCCN3CCN(C(=O)OC(C)(C)C)CC3)[C@@H]12,Scientific Literature,Binding affinity towards human muscarinic M1 receptor in CHO-KI cells using [3H]- QNB as radioligand,B,,,Bioorg Med Chem Lett,1999.0,Muscarinic acetylcholine receptor M1,Ki,nM,6.35,434.62,4.32
CHEMBL330692,200.0,OC1(C2=CN3CCC2CC3)c2ccccc2C=Cc2ccccc21,Scientific Literature,In vitro binding affinity towards muscarinic receptor in cerebral cortex (M1) was determined,B,,Cerebral cortex,Bioorg Med Chem Lett,1994.0,Muscarinic acetylcholine receptor M1,Ki,nM,,315.42,4.02
CHEMBL170977,179.0,C[C@@H]1OC(=O)[C@H]2C[C@H]3CCCC[C@@H]3[C@@H](CCCN3CCSCC3)[C@@H]12,Scientific Literature,Binding affinity towards human muscarinic M1 receptor in CHO-KI cells using [3H]- QNB as radioligand,B,,,Bioorg Med Chem Lett,1999.0,Muscarinic acetylcholine receptor M1,Ki,nM,6.75,351.56,3.82
CHEMBL4633296,10000.0,C[N+](C)(C)C[C@@H]1COC[C@@H](c2ccc(-c3ccccc3)cc2)O1.[I-],Scientific Literature,Displacement of [3H]NMS from human recombinant muscarinic receptor M1 expressed in CHO-K1 cell membranes incubated for 2 hrs by scintillation counting method,B,Homo sapiens,,J Med Chem,2020.0,Muscarinic acetylcholine receptor M1,Ki,nM,,439.34,3.52
CHEMBL4645254,10000.0,C[N+](C)(C)C[C@@H]1CO[C@@H](c2ccc(-c3ccccc3)cc2)CO1.[I-],Scientific Literature,Displacement of [3H]NMS from human recombinant muscarinic receptor M1 expressed in CHO-K1 cell membranes incubated for 2 hrs by scintillation counting method,B,Homo sapiens,,J Med Chem,2020.0,Muscarinic acetylcholine receptor M1,Ki,nM,,439.34,3.52
CHEMBL1180343,170.0,CCN1CCC(c2ccccc2)=C(C(=O)OCCc2ccc(OC)cc2)C1,Scientific Literature,Displacement of [3H]NMS from human M1 muscarinic receptor expressed in CHO-K1 cells,B,Homo sapiens,,J Med Chem,2013.0,Muscarinic acetylcholine receptor M1,Ki,nM,6.77,365.47,3.96
CHEMBL1098230,1000.0,CC(C)(C)c1ccc(SCCc2c[nH]cn2)cc1,Scientific Literature,Inhibition of muscarinic M1 receptor,B,,,J Med Chem,2010.0,Muscarinic acetylcholine receptor M1,Ki,nM,,260.41,4.04
CHEMBL568775,47.86,C[N+]1(C)CCC[C@@H]1c1ccc([C@@](O)(c2ccccc2)C2CCCCC2)o1.[I-],Scientific Literature,Displacement of [3H]NMS from human cloned muscarinic M1 receptor expressed in CHO cells by scintillation counting,B,Homo sapiens,,J Med Chem,2010.0,Muscarinic acetylcholine receptor M1,Ki,nM,7.32,481.42,5.01
CHEMBL343644,75.0,CC(C)=CCCN1CCC(NC(=O)[C@](O)(c2ccccc2)[C@H]2CC[C@H](F)C2)CC1,Scientific Literature,Inhibition of [3H]NMS binding to human muscarinic acetylcholine receptor M1 expressed in CHO cells,B,,,J Med Chem,2000.0,Muscarinic acetylcholine receptor M1,Ki,nM,7.12,402.55,3.95
CHEMBL358726,1.4,Cc1cccc(CN2CCC(NC(=O)C(O)(c3ccccc3)C3CCCC3)CC2)c1,Scientific Literature,Inhibition of [3H]NMS binding to human muscarinic acetylcholine receptor M1 expressed in CHO cells,B,,,J Med Chem,2000.0,Muscarinic acetylcholine receptor M1,Ki,nM,8.85,406.57,4.15
CHEMBL147611,2.5,O=C(NC1CCN(Cc2cccc(F)c2)CC1)[C@](O)(c1ccccc1)[C@@H]1CCC(F)(F)C1,Scientific Literature,Inhibition of [3H]NMS binding to human muscarinic acetylcholine receptor M1 expressed in CHO cells,B,,,J Med Chem,2000.0,Muscarinic acetylcholine receptor M1,Ki,nM,8.6,446.51,4.23
CHEMBL352618,222.0,C[C@@H]1OC(=O)[C@H]2C[C@H]3CCCC[C@@H]3[C@@H](CCCN3CCOCC3)[C@@H]12,Scientific Literature,Binding affinity towards human muscarinic M1 receptor in CHO-KI cells using [3H]- QNB as radioligand,B,,,Bioorg Med Chem Lett,1999.0,Muscarinic acetylcholine receptor M1,Ki,nM,6.65,335.49,3.1
CHEMBL218755,316.23,COc1nsnc1OCCOCCOCCOc1nsnc1C1=CCCN(C)C1,Scientific Literature,Inhibition of [3H](R)-QNB binding to human M1 receptor expressed in A9 L cells,B,Homo sapiens,,J Med Chem,2006.0,Muscarinic acetylcholine receptor M1,Ki,nM,6.5,443.55,1.61
CHEMBL139887,1.9,CN1CCC=C(c2nsnc2OCCOCCOCCOCCOCCOCCOc2nsnc2C2=CCCN(C)C2)C1,Scientific Literature,Binding affinity towards M1 muscarinic receptor expressed in A9 L cells by displacing [3H](R)-QNB radioligand.,B,,,J Med Chem,2001.0,Muscarinic acetylcholine receptor M1,Ki,nM,8.72,640.83,2.37
CHEMBL315428,29.0,O=C(OC1CC2CCCC1N2)c1ccc([N+](=O)[O-])cc1,Scientific Literature,Inhibition of [3H]- oxotremorine-M binding to human Muscarinic acetylcholine receptor M1 expressed in CHO cell membranes,B,Homo sapiens,,J Med Chem,2000.0,Muscarinic acetylcholine receptor M1,Ki,nM,7.54,276.29,2.03
CHEMBL140985,7.6,CN1CCC=C(c2nsnc2SCCCCCCCSc2nsnc2C2=CCCN(C)C2)C1,Scientific Literature,Binding affinity towards M1 muscarinic receptor expressed in A9 L cells by displacing [3H](R)-QNB radioligand.,B,,,J Med Chem,2001.0,Muscarinic acetylcholine receptor M1,Ki,nM,8.12,522.84,5.66
CHEMBL2103803,0.05,C[N+]1(C)[C@@H]2CC[C@H]1C[C@@H](CC(C#N)(c1ccccc1)c1ccccc1)C2.[Br-],Scientific Literature,Displacement of [3H]N-methyl Scopolamine from human muscarinic M1 receptor expressed in CHO cells by scintillation proximity assay,B,Homo sapiens,,J Med Chem,2009.0,Muscarinic acetylcholine receptor M1,Ki,nM,10.3,425.41,4.9
CHEMBL1632158,10000.0,COC(=O)CCCCCN1CCC(CNC(=O)c2c3n(c4ccccc24)CCCO3)CC1,Scientific Literature,Binding affinity to muscarinic acetylcholine receptor M1,B,,,Bioorg Med Chem,2010.0,Muscarinic acetylcholine receptor M1,Ki,nM,,441.57,3.6
CHEMBL4646116,13.8,Cc1cc(/C=C/C=C/c2ccc(N(C)C)cc2)cc(C)[n+]1CCN1CCN(CCCCC2CCN(CC(=O)N3c4ccccc4NC(=O)c4ccccc43)CC2)CC1.O=C(O)C(F)(F)F.O=C(O)C(F)(F)F.O=C(O)C(F)(F)F.O=C([O-])C(F)(F)F,Scientific Literature,Displacement of [3H]-NMS from human muscarinic M1 receptor stably expressed in CHO-K9 cells by radioligand competitive binding assay,B,Homo sapiens,,J Med Chem,2020.0,Muscarinic acetylcholine receptor M1,Ki,nM,7.86,1236.16,7.81
CHEMBL2312383,370.0,CCN1CCC(c2ccccc2)=C(C(=O)OCCc2ccncc2)C1,Scientific Literature,Displacement of [3H]NMS from human M1 muscarinic receptor expressed in CHO-K1 cells,B,Homo sapiens,,J Med Chem,2013.0,Muscarinic acetylcholine receptor M1,Ki,nM,6.43,336.44,3.35
CHEMBL2312382,410.0,CCN1CCC(c2ccccc2)=C(C(=O)OCCc2ccccn2)C1,Scientific Literature,Displacement of [3H]NMS from human M1 muscarinic receptor expressed in CHO-K1 cells,B,Homo sapiens,,J Med Chem,2013.0,Muscarinic acetylcholine receptor M1,Ki,nM,6.39,336.44,3.35
CHEMBL2312378,60.0,CCN1CCC(c2ccccc2)=C(C(=O)OCc2ccc3c(c2)OCO3)C1,Scientific Literature,Displacement of [3H]NMS from human M1 muscarinic receptor expressed in CHO-K1 cells,B,Homo sapiens,,J Med Chem,2013.0,Muscarinic acetylcholine receptor M1,Ki,nM,7.22,365.43,3.64
CHEMBL2312373,240.0,CCN1CCC(c2ccccc2)=C(C(=O)OCCc2ccc(Br)cc2)C1,Scientific Literature,Displacement of [3H]NMS from human M1 muscarinic receptor expressed in CHO-K1 cells,B,Homo sapiens,,J Med Chem,2013.0,Muscarinic acetylcholine receptor M1,Ki,nM,6.62,414.34,4.71
CHEMBL2377388,176.0,CCN(CC)CCOC(=O)C(O)(c1ccccc1)c1c(C)cccc1C,Scientific Literature,Displacement of [3H] N-methylscopolamine from human muscarinic M1 receptor expressed in CHOK1 cells after 30 mins by scintillation counting analysis,B,Homo sapiens,,Bioorg Med Chem,2013.0,Muscarinic acetylcholine receptor M1,Ki,nM,6.75,355.48,3.42
CHEMBL71147,2.8,C=C(c1ccc(S(=O)(=O)c2ccc(OC)cc2)cc1)C1CCN(C2CCCCC2)CC1,Scientific Literature,Binding affinity against Muscarinic acetylcholine receptor M1 expressed in CHO-K1 cells,B,Homo sapiens,,Bioorg Med Chem Lett,2000.0,Muscarinic acetylcholine receptor M1,Ki,nM,8.55,439.62,5.59
CHEMBL302720,740.0,NCc1ccc(NC(=O)[C@](O)(c2ccccc2)[C@@H]2CCC(F)(F)C2)cc1,Scientific Literature,Binding affinity against human Muscarinic acetylcholine receptor M1 in transfected CHO cells,B,,,Bioorg Med Chem Lett,2003.0,Muscarinic acetylcholine receptor M1,Ki,nM,6.13,360.4,3.41
CHEMBL73661,85.0,CC(c1ccc(S(=O)(=O)c2ccc(C(C)(C)C)cc2)cc1)N1CCN(C2CCCCC2)CC1,Scientific Literature,Binding affinity towards the cloned human Muscarinic acetylcholine receptor M1,B,,,Bioorg Med Chem Lett,2000.0,Muscarinic acetylcholine receptor M1,Ki,nM,7.07,468.71,5.83
CHEMBL3897772,371.54,Cn1c(SCCCN2CC[C@]3(C[C@@H]3c3ccc(C(F)(F)F)cc3)C2)nnc1C1=CC=NC(=O)C1,Scientific Literature,Activity at human muscarinic acetylcholine receptor M1 transfected in CHO-K1 cells assessed as intracellular calcium levels in presence of acetylcholine by FLIPR assay,F,Homo sapiens,,J Med Chem,2016.0,Muscarinic acetylcholine receptor M1,Ki,nM,6.43,489.57,4.58
CHEMBL307554,630.0,O=C(Nc1ccc2c(c1)CNC2)[C@](O)(c1ccccc1)[C@@H]1CCC(F)(F)C1,Scientific Literature,Binding affinity against human Muscarinic acetylcholine receptor M1 in transfected CHO cells,B,,,Bioorg Med Chem Lett,2003.0,Muscarinic acetylcholine receptor M1,Ki,nM,6.2,372.42,3.55
CHEMBL67814,30.0,O=C(N1CCNCC1)[C@](O)(c1ccccc1)[C@@H]1CCC(F)(F)C1,Scientific Literature,Binding affinity against human Muscarinic acetylcholine receptor M1 in transfected CHO cells,B,,,Bioorg Med Chem Lett,2003.0,Muscarinic acetylcholine receptor M1,Ki,nM,7.52,324.37,1.74
CHEMBL424416,14.0,O=C(N1CCCNCC1)[C@](O)(c1ccccc1)[C@@H]1CCC(F)(F)C1,Scientific Literature,Binding affinity against human Muscarinic acetylcholine receptor M1 in transfected CHO cells,B,,,Bioorg Med Chem Lett,2003.0,Muscarinic acetylcholine receptor M1,Ki,nM,7.85,338.4,2.13
CHEMBL2111540,112.0,COc1ccc([S@@+]([O-])c2ccc(C(C#N)N3CCN(C4CCCCC4)CC3)cc2)cc1,Scientific Literature,Binding affinity towards the cloned human Muscarinic acetylcholine receptor M1,B,,,Bioorg Med Chem Lett,2000.0,Muscarinic acetylcholine receptor M1,Ki,nM,6.95,437.61,4.38
CHEMBL140789,5.0,CN1CCC=C(c2nsnc2SCCCCCCCCSc2nsnc2C2=CCCN(C)C2)C1,Scientific Literature,Binding affinity towards M1 muscarinic receptor expressed in A9 L cells by displacing [3H](R)-QNB radioligand.,B,,,J Med Chem,2001.0,Muscarinic acetylcholine receptor M1,Ki,nM,8.3,536.86,6.05
CHEMBL1093294,10000.0,COc1ncccc1[C@@H](C)c1c(CCN(C)C)sc2ccccc12,Scientific Literature,Displacement of [3H]N-methylscopolamine from human muscarinic M1 receptor expressed in CHO Flp-In cells after 90 mins by scintillation counting,B,Homo sapiens,,Bioorg Med Chem Lett,2010.0,Muscarinic acetylcholine receptor M1,Ki,nM,,340.49,4.56
CHEMBL3629532,10000.0,COc1ccc(CCNC(=O)C2(c3ccccc3)CCN(C)CC2)cc1,Scientific Literature,Displacement of [3H]NMS from human muscarinic M1 receptor expressed in CHO cells after 2 hrs by liquid scintillation spectrometry analysis,B,Homo sapiens,,Bioorg Med Chem Lett,2015.0,Muscarinic acetylcholine receptor M1,Ki,nM,,352.48,3.02
CHEMBL2205827,4610.0,COc1ccc(CN2C3C4C5CC6C7C5C3C7C2(O)C64)cc1OC,Scientific Literature,Inhibition of muscarinic M1 receptor (unknown origin) by PDSP assay,B,Homo sapiens,,Bioorg Med Chem,2013.0,Muscarinic acetylcholine receptor M1,Ki,nM,5.34,325.41,1.96
CHEMBL593861,100000.0,CC1(C)OC[C@@H](C[N+](C)(C)C)OC1(C)C.[I-],Scientific Literature,Displacement of [3H]NMS from human muscarinic M1 receptor expressed in CHO cells by microplate scintillation counting,B,Homo sapiens,,Bioorg Med Chem,2009.0,Muscarinic acetylcholine receptor M1,Ki,nM,,343.25,1.67
CHEMBL14,38018.94,C[N+](C)(C)CCOC(N)=O.[Cl-],Scientific Literature,Displacement of [3H]NMS from human muscarinic M1 receptor expressed in CHO cells by microplate scintillation counting,B,Homo sapiens,,Bioorg Med Chem,2009.0,Muscarinic acetylcholine receptor M1,Ki,nM,4.42,182.65,-0.21
CHEMBL4097258,1.514,CCC(=O)NCc1cc(C(=O)NCCNC(=O)CCc2cn(CCCCC3CCN(CC(=O)N4c5ccccc5NC(=O)c5ccccc54)CC3)cn2)cc(C(=O)NCCNC(=O)CCc2cn(CCCCC3CCN(CC(=O)N4c5ccccc5NC(=O)c5ccccc54)CC3)cn2)c1.O=C(O)C(F)(F)F.O=C(O)C(F)(F)F.O=C(O)C(F)(F)F.O=C(O)C(F)(F)F,Scientific Literature,Displacement of [3H]NMS from human muscarinic acetylcholine receptor M1 expressed in CHOK9 cells after 3 hrs by liquid scintillation counting assay,B,Homo sapiens,,J Med Chem,2017.0,Muscarinic acetylcholine receptor M1,Ki,nM,8.82,1814.75,
CHEMBL1092766,10000.0,C[C@H](c1cccnc1Cl)c1c(CCN(C)C)sc2ccccc12,Scientific Literature,Displacement of [3H]N-methylscopolamine from human muscarinic M1 receptor expressed in CHO Flp-In cells after 90 mins by scintillation counting,B,Homo sapiens,,Bioorg Med Chem Lett,2010.0,Muscarinic acetylcholine receptor M1,Ki,nM,,344.91,5.21
CHEMBL1091777,28000.0,C[C@H](c1cccnc1)c1c(CCN(C)C)sc2ccccc12,Scientific Literature,Displacement of [3H]N-methylscopolamine from human muscarinic M1 receptor expressed in CHO Flp-In cells after 90 mins by scintillation counting,B,Homo sapiens,,Bioorg Med Chem Lett,2010.0,Muscarinic acetylcholine receptor M1,Ki,nM,4.55,310.47,4.55
CHEMBL4758635,1148.15,C[C@@H]1CCC[C@H](C)N1C(=O)CCN1CCCc2ccccc21,Scientific Literature,Displacement of [3H]-NMS from muscarinic M1 receptor (unknown origin) expressed in CHO-K1 cell membranes assessed as inhibition constant by radioligand competition analysis,B,Homo sapiens,,Bioorg Med Chem Lett,2020.0,Muscarinic acetylcholine receptor M1,Ki,nM,5.94,300.45,3.62
CHEMBL3629539,5400.0,COc1ccc(CCNC(=O)NCC2(c3ccccc3)CCN(C)CC2)cc1,Scientific Literature,Displacement of [3H]NMS from human muscarinic M1 receptor expressed in CHO cells after 2 hrs by liquid scintillation spectrometry analysis,B,Homo sapiens,,Bioorg Med Chem Lett,2015.0,Muscarinic acetylcholine receptor M1,Ki,nM,5.27,381.52,3.2
CHEMBL4126290,54.95,c1ccc(C2(c3ccccc3)COC[C@@H](CO[C@@H]3CN4CCC3CC4)O2)cc1,Scientific Literature,Displacement of [3H]NMS from recombinant human muscarinic M1 receptor expressed in CHOK1 cell membranes after 120 mins by scintillation counting method,B,Homo sapiens,,Eur J Med Chem,2017.0,Muscarinic acetylcholine receptor M1,Ki,nM,7.26,379.5,3.46
CHEMBL4756833,0.2399,CN(C)c1ccc2c(-c3ccc(C(=O)NCCN4CCN(CCCCC5CCN(CC(=O)N6c7ccccc7NC(=O)c7ccccc76)CC5)CC4)cc3C(=O)[O-])c3ccc(=[N+](C)C)cc-3oc2c1.O=C(O)C(F)(F)F.O=C(O)C(F)(F)F.O=C(O)C(F)(F)F,Scientific Literature,Displacement of [3H]NMS from human recombinant muscarinic receptor M2 expressed in CHO-K9 cell membranes measured after 3 hrs by radioligand competition binding assay,B,Homo sapiens,,RSC Med Chem,2020.0,Muscarinic acetylcholine receptor M1,Ki,nM,9.62,1273.22,5.83
CHEMBL3629533,3630.0,COc1ccc(CCC(=O)OCC2(c3ccccc3)CCN(C)CC2)cc1OC,Scientific Literature,Displacement of [3H]NMS from human muscarinic M1 receptor expressed in CHO cells after 2 hrs by liquid scintillation spectrometry analysis,B,Homo sapiens,,Bioorg Med Chem Lett,2015.0,Muscarinic acetylcholine receptor M1,Ki,nM,5.44,397.52,3.84
CHEMBL3629538,10000.0,COc1ccc(CCNC(=O)NCC2(c3ccccc3)CCN(C)CC2)cc1OC,Scientific Literature,Displacement of [3H]NMS from human muscarinic M1 receptor expressed in CHO cells after 2 hrs by liquid scintillation spectrometry analysis,B,Homo sapiens,,Bioorg Med Chem Lett,2015.0,Muscarinic acetylcholine receptor M1,Ki,nM,,411.55,3.21
CHEMBL3350391,7.81,CN1[C@@H]2CC[C@H]1C[C@@H](NC(c1ccc(F)cc1)c1ccc(F)cc1)C2,Scientific Literature,Displacement of [3H]pirenzepine from Muscarinic receptor M1,B,Homo sapiens,,Bioorg Med Chem Lett,2005.0,Muscarinic acetylcholine receptor M1,Ki,nM,8.11,342.43,4.27
CHEMBL2042551,15848.93,C[N+](C)(C)C[C@@H]1COC[C@@H](C(c2ccccc2)c2ccccc2)O1.[I-],Scientific Literature,Displacement of [3H]N-methylscopolamine from human muscarinic M1 receptor expressed in CHO cells after 120 mins by scintillation counting,B,Homo sapiens,,J Med Chem,2012.0,Muscarinic acetylcholine receptor M1,Ki,nM,4.8,453.36,3.31
CHEMBL7634,1.122,O=C1CCCN1CC#CCN1CCCC1,Scientific Literature,Binding affinity to human cloned muscarinic M1 receptor expressed in CHO cells,B,Homo sapiens,,Bioorg Med Chem,2008.0,Muscarinic acetylcholine receptor M1,Ki,nM,8.95,206.29,0.71
CHEMBL4747438,1122.02,O=C(CCN1CCCc2ccccc21)Nc1nccs1,Scientific Literature,Displacement of [3H]-NMS from muscarinic M1 receptor (unknown origin) expressed in CHO-K1 cell membranes assessed as inhibition constant by radioligand competition analysis,B,Homo sapiens,,Bioorg Med Chem Lett,2020.0,Muscarinic acetylcholine receptor M1,Ki,nM,5.95,287.39,2.92
CHEMBL4860752,47863.01,NCCN1CCN(CC(=O)NC2CCN(CC(=O)N3c4ccccc4NC(=O)c4ccccc43)CC2)CC1.O=C(O)C(F)(F)F.O=C(O)C(F)(F)F.O=C(O)C(F)(F)F.O=C(O)C(F)(F)F,Scientific Literature,Displacement of [3H]-NMS from human muscarinic M1 receptor expressed in CHO cell membranes assessed as inhibition constant by radioligand competition analysis,B,Homo sapiens,,Eur J Med Chem,2021.0,Muscarinic acetylcholine receptor M1,Ki,nM,4.32,975.74,1.07
CHEMBL4794548,1.585,Cc1scc2c1N(C(=O)CN1CCN(CCCCCCCCCCNC(=O)c3ccc(-c4c5ccc(=N)c(S(=O)(=O)O)c-5oc5c(S(=O)(=O)O)c(N)ccc45)c(C(=O)O)c3)CC1)c1ccccc1NC2=O,Scientific Literature,Displacement of [3H]NMS from human recombinant muscarinic receptor M2 expressed in CHO-K9 cell membranes measured after 3 hrs by radioligand competition binding assay,B,Homo sapiens,,RSC Med Chem,2020.0,Muscarinic acetylcholine receptor M1,Ki,nM,8.8,1028.2,
CHEMBL4744233,7.079,Cc1cc(/C=C/c2cc3c4c(c2)CCCN4CCC3)cc(C)[n+]1CCNC(=O)CCc1cn(CCCCC2CCN(CC(=O)N3c4ccccc4NC(=O)c4ccccc43)CC2)cn1.O=C(O)C(F)(F)F.O=C(O)C(F)(F)F.O=C([O-])C(F)(F)F,Scientific Literature,Displacement of [3H]NMS from human recombinant muscarinic receptor M1 expressed in CHO-K9 cell membranes measured after 3 hrs by radioligand competition binding assay,B,Homo sapiens,,RSC Med Chem,2020.0,Muscarinic acetylcholine receptor M1,Ki,nM,8.15,1201.2,8.22
CHEMBL4762056,2884.03,O=C(CN1CCCc2ccccc21)N1CCCCC1,Scientific Literature,Displacement of [3H]-NMS from muscarinic M1 receptor (unknown origin) expressed in CHO-K1 cell membranes assessed as inhibition constant by radioligand competition analysis,B,Homo sapiens,,Bioorg Med Chem Lett,2020.0,Muscarinic acetylcholine receptor M1,Ki,nM,5.54,258.36,2.45
CHEMBL4862996,19.05,CC(=O)NC(=O)[C@H](CCCCN)NC(=O)[C@H](C)NC(=O)[C@H](CCCNC(=N)N)NCCN1CCN(CCCC2CCN(CC(=O)N3c4ccccc4NC(=O)c4ccccc43)CC2)CC1.O=C(O)C(F)(F)F.O=C(O)C(F)(F)F.O=C(O)C(F)(F)F.O=C(O)C(F)(F)F.O=C(O)C(F)(F)F,Scientific Literature,Displacement of [3H]-NMS from human muscarinic M1 receptor expressed in CHO cell membranes assessed as inhibition constant by radioligand competition analysis,B,Homo sapiens,,Eur J Med Chem,2021.0,Muscarinic acetylcholine receptor M1,Ki,nM,7.72,1472.27,1.03
CHEMBL4852186,1.995,CC(=O)N[C@@H](CCCN)C(=O)NC(=O)[C@H](C)NC(=O)[C@H](CCCNC(=N)N)NC1CCN(CCCCC2CCN(CC(=O)N3c4ccccc4NC(=O)c4ccccc43)CC2)CC1.O=C(O)C(F)(F)F.O=C(O)C(F)(F)F.O=C(O)C(F)(F)F.O=C(O)C(F)(F)F,Scientific Literature,Displacement of [3H]-NMS from human muscarinic M1 receptor expressed in CHO cell membranes assessed as inhibition constant by radioligand competition analysis,B,Homo sapiens,,Eur J Med Chem,2021.0,Muscarinic acetylcholine receptor M1,Ki,nM,8.7,1329.2,1.88
CHEMBL4870729,257.04,CC(=O)N[C@H](CCCN)C(=O)NC(=O)[C@H](C)NC(=O)[C@H](CCCNC(=N)N)NCCN1CCN(C(=O)CCCC2CCN(CC(=O)N3c4ccccc4NC(=O)c4ccccc43)CC2)CC1.O=C(O)C(F)(F)F.O=C(O)C(F)(F)F.O=C(O)C(F)(F)F.O=C(O)C(F)(F)F,Scientific Literature,Displacement of [3H]-NMS from human muscarinic M1 receptor expressed in CHO cell membranes assessed as inhibition constant by radioligand competition analysis,B,Homo sapiens,,Eur J Med Chem,2021.0,Muscarinic acetylcholine receptor M1,Ki,nM,6.59,1372.23,0.56
CHEMBL43383,257.66,CCN(CC)CCCCC1CCN(CC(=O)N2c3ccccc3C(=O)Nc3cccnc32)CC1,EUbOPEN Chemogenomic Library,"PDSP Secondary Binding target: CHRM1 - Compounds are tested at 10 uM concentration, plate are incubated at room temperature in the dark for 90 minutes. Reaction are stopped by vacuum filtration onto 0.3% polyethyleneimine soaked filter mats using Filtermate harvester. Scintillation cocktail is then melted onto microwave-dried filters on a hot plate and the radio activity is counted in Microbia counter. Compounds showing a minimum of 50% inhibition at 10 uM concentration are carried forward in this secondary binding assay to determine equilibrium binding affinity.",B,Homo sapiens,,,2024.0,Muscarinic acetylcholine receptor M1,Ki,nM,6.59,463.63,4.54
CHEMBL4756442,23442.29,O=C(CCN1CCCc2ccccc21)N1CCC(O)CC1,Scientific Literature,Displacement of [3H]-NMS from muscarinic M1 receptor (unknown origin) expressed in CHO-K1 cell membranes assessed as inhibition constant by radioligand competition analysis,B,Homo sapiens,,Bioorg Med Chem Lett,2020.0,Muscarinic acetylcholine receptor M1,Ki,nM,4.63,288.39,1.81
CHEMBL4792675,100000.0,O=C(CN1CCc2ccc(F)cc21)N1CCCC1,Scientific Literature,Displacement of [3H]-NMS from muscarinic M1 receptor (unknown origin) expressed in CHO-K1 cell membranes assessed as inhibition constant by radioligand competition analysis,B,Homo sapiens,,Bioorg Med Chem Lett,2020.0,Muscarinic acetylcholine receptor M1,Ki,nM,,248.3,1.81
CHEMBL4793864,100000.0,CC1Cc2ccccc2N1CC(=O)N1CCCCC1,Scientific Literature,Displacement of [3H]-NMS from muscarinic M1 receptor (unknown origin) expressed in CHO-K1 cell membranes assessed as inhibition constant by radioligand competition analysis,B,Homo sapiens,,Bioorg Med Chem Lett,2020.0,Muscarinic acetylcholine receptor M1,Ki,nM,,258.37,2.45
CHEMBL2030626,7958.0,C1CC2CCC1N2CC12C3C4C5C3C1C5C42,Scientific Literature,Inhibition of M1 muscarinic receptor,B,,,Bioorg Med Chem Lett,2012.0,Muscarinic acetylcholine receptor M1,Ki,nM,5.1,213.32,1.98
CHEMBL334255,7.941,CCCCCCCCCCCCCCCC[n+]1ccccc1.[Br-],DrugMatrix,DRUGMATRIX: Muscarinic M1 radioligand binding (ligand: [3H] N-Methylscopolamine),B,,,,,Muscarinic acetylcholine receptor M1,Ki,nM,8.1,384.45,6.46
CHEMBL3085025,9.3,CN1[C@@H]2CC[C@H]1C[C@@H](NC(c1ccccc1)c1ccc(Cl)cc1)C2,Scientific Literature,Displacement of [3H]pirenzepine from Muscarinic receptor M1,B,Homo sapiens,,Bioorg Med Chem Lett,2005.0,Muscarinic acetylcholine receptor M1,Ki,nM,8.03,340.9,4.64
CHEMBL1123,0.834,CCN(CC)CCOC(=O)C1(C2CCCCC2)CCCCC1,DrugMatrix,DRUGMATRIX: Muscarinic M1 radioligand binding (ligand: [3H] N-Methylscopolamine),B,,,,,Muscarinic acetylcholine receptor M1,Ki,nM,9.08,309.49,4.4
CHEMBL2042401,100000.0,CC[C@@H]1COC[C@@H](C[N+](C)(C)C)O1.[I-],Scientific Literature,Displacement of [3H]N-methylscopolamine from human muscarinic M1 receptor expressed in CHO cells after 120 mins by scintillation counting,B,Homo sapiens,,J Med Chem,2012.0,Muscarinic acetylcholine receptor M1,Ki,nM,,315.2,0.89
CHEMBL555146,3266.0,C[C@@H]1CCCN1CCc1cc2cc(C(=O)c3ccc(F)cc3)ccc2o1,Scientific Literature,Binding affinity to human recombinant M1 receptor,B,Homo sapiens,,J Med Chem,2012.0,Muscarinic acetylcholine receptor M1,Ki,nM,5.49,351.42,4.83
CHEMBL4742721,1.0,O=C(CCCCCNC(=O)COc1ccc(/C=C/C2=[N+]3C(=Cc4ccc(-c5cccs5)n4[B-]3(F)F)C=C2)cc1)NCCNC(=O)CCc1cn(CCCCC2CCN(CC(=O)N3c4ccccc4NC(=O)c4ccccc43)CC2)cn1.O=C(O)C(F)(F)F.O=C(O)C(F)(F)F,Scientific Literature,Displacement of [3H]NMS from human recombinant muscarinic receptor M1 expressed in CHO-K9 cell membranes measured after 3 hrs by radioligand competition binding assay,B,Homo sapiens,,RSC Med Chem,2020.0,Muscarinic acetylcholine receptor M1,Ki,nM,9.0,1345.19,
CHEMBL4789147,6.166,CN(C)c1ccc2c(-c3ccc(C(=O)NCCNC(=O)CCc4cn(CCCCC5CCN(CC(=O)N6c7ccccc7NC(=O)c7ccccc76)CC5)cn4)cc3C(=O)[O-])c3ccc(=[N+](C)C)cc-3oc2c1.O=C(O)C(F)(F)F.O=C(O)C(F)(F)F,Scientific Literature,Displacement of [3H]NMS from human recombinant muscarinic receptor M1 expressed in CHO-K9 cell membranes measured after 3 hrs by radioligand competition binding assay,B,Homo sapiens,,RSC Med Chem,2020.0,Muscarinic acetylcholine receptor M1,Ki,nM,8.21,1212.21,6.15
CHEMBL216927,50.12,COc1nsnc1OCCOCCOCCOCCOc1nsnc1C1=CCCN(C)C1,Scientific Literature,Inhibition of [3H](R)-QNB binding to human M1 receptor expressed in A9 L cells,B,Homo sapiens,,J Med Chem,2006.0,Muscarinic acetylcholine receptor M1,Ki,nM,7.3,487.6,1.62
CHEMBL219118,63.1,COc1nsc(OCCCOCCCOCCCOc2nsnc2-c2cccnc2)n1,Scientific Literature,Inhibition of [3H](R)-QNB binding to human M1 receptor expressed in A9 L cells,B,Homo sapiens,,J Med Chem,2006.0,Muscarinic acetylcholine receptor M1,Ki,nM,7.2,467.57,3.12
CHEMBL14,3162.28,C[N+](C)(C)CCOC(N)=O.[Cl-],Scientific Literature,Inhibition of [3H](R)-QNB binding to human M1 receptor expressed in A9 L cells,B,Homo sapiens,,J Med Chem,2006.0,Muscarinic acetylcholine receptor M1,Ki,nM,5.5,182.65,-0.21
CHEMBL375851,2.344,C[N+]1(C)CCC[C@@H]1[C@@H]1CSC(c2ccccc2)(c2ccccc2)O1.[I-],Scientific Literature,Binding affinity to human cloned muscarinic receptor M1 expressed in CHO cells,B,Homo sapiens,,J Med Chem,2007.0,Muscarinic acetylcholine receptor M1,Ki,nM,8.63,467.42,4.26
CHEMBL258385,602.56,Cl.Cl.OC(CCCN1CCNCC1)(c1ccccc1)c1ccccc1,Scientific Literature,Displacement of [3H]N-methylscopolamine from human muscarinic M1 receptor expressed in CHO-K1 cells,B,Homo sapiens,,Bioorg Med Chem Lett,2008.0,Muscarinic acetylcholine receptor M1,Ki,nM,6.22,383.36,2.61
CHEMBL564,117.0,CN(C)CCCN1c2ccccc2Sc2ccccc21,DrugMatrix,DRUGMATRIX: Muscarinic M1 radioligand binding (ligand: [3H] N-Methylscopolamine),B,,,,,Muscarinic acetylcholine receptor M1,Ki,nM,6.93,284.43,4.24
CHEMBL147672,140.0,O=C(NC1CCN(Cc2ccoc2)CC1)C(O)(c1ccccc1)C1CCCC1,Scientific Literature,Inhibition of [3H]NMS binding to human muscarinic acetylcholine receptor M1 expressed in CHO cells,B,,,J Med Chem,2000.0,Muscarinic acetylcholine receptor M1,Ki,nM,6.85,382.5,3.44
CHEMBL291562,5370.32,C[C@@H]1OC(=O)[C@H]2C[C@H]3CCCC[C@H]3[C@H](C#C[C@H]3CCC[C@H](C)N3C)[C@@H]12,Scientific Literature,Binding affinity against human muscarine receptor (hM1) cloned in CHO cells,B,Homo sapiens,,Bioorg Med Chem Lett,2002.0,Muscarinic acetylcholine receptor M1,Ki,nM,5.27,343.51,3.87
CHEMBL71431,0.98,NC1CCN(C(=O)[C@](O)(c2ccccc2)C2CCCC2)CC1,Scientific Literature,Binding affinity against human Muscarinic acetylcholine receptor M1 in transfected CHO cells,B,,,Bioorg Med Chem Lett,2003.0,Muscarinic acetylcholine receptor M1,Ki,nM,9.01,302.42,2.01
CHEMBL109405,9.6,C1=C(c2cc3ccccc3o2)C2CCN1CC2,Scientific Literature,Binding affinity for muscarinic acetylcholine receptor M1 by measuring displacement of [3H]QNB from guinea pig cerebral cortex,B,Cavia porcellus,Cerebral cortex,J Med Chem,1995.0,Muscarinic acetylcholine receptor M1,Ki,nM,8.02,225.29,3.5
CHEMBL4758449,4466.84,O=C(CCN1CCCc2ccccc21)N1CCC1,Scientific Literature,Displacement of [3H]-NMS from muscarinic M1 receptor (unknown origin) expressed in CHO-K1 cell membranes assessed as inhibition constant by radioligand competition analysis,B,Homo sapiens,,Bioorg Med Chem Lett,2020.0,Muscarinic acetylcholine receptor M1,Ki,nM,5.35,244.34,2.06
CHEMBL278074,1258.93,O=C(OC1CN2CCC1CC2)C1=C/C(=C\c2ccncc2)c2ccccc21,Scientific Literature,Affinity for Muscarinic acetylcholine receptor M1 expressed in CHO cells by [3H]NMS displacement.,B,,,Bioorg Med Chem Lett,2001.0,Muscarinic acetylcholine receptor M1,Ki,nM,5.9,358.44,3.66
CHEMBL4632615,5.3,O=C(Nc1ccc(F)cc1-c1ccccc1)N[C@H]1CN2CCC1CC2,Scientific Literature,Displacement of [3H]N-methylscopolamine from human muscarinic M1 receptor transiently expressed in HEK293T cell membranes incubated for 1 hr by scintillation counting method,B,Homo sapiens,,J Med Chem,2020.0,Muscarinic acetylcholine receptor M1,Ki,nM,8.28,339.41,3.71
CHEMBL4645543,0.53,O=C(Nc1ccc(F)cc1-c1ccccc1)O[C@H]1CN2CCC1CC2,Scientific Literature,Displacement of [3H]N-methylscopolamine from human muscarinic M1 receptor transiently expressed in HEK293T cell membranes incubated for 1 hr by scintillation counting method,B,Homo sapiens,,J Med Chem,2020.0,Muscarinic acetylcholine receptor M1,Ki,nM,9.28,340.4,4.14
CHEMBL4641288,250.0,COc1ccc(-c2cc(F)ccc2NC(=O)OCC2CCNCC2)cc1,Scientific Literature,Displacement of [3H]N-methylscopolamine from human muscarinic M1 receptor transiently expressed in HEK293T cell membranes incubated for 1 hr by scintillation counting method,B,Homo sapiens,,J Med Chem,2020.0,Muscarinic acetylcholine receptor M1,Ki,nM,6.6,358.41,4.05
CHEMBL73762,10000.0,CCN(CC)CCOCCOC(=O)C1(c2ccccc2)CC1,Scientific Literature,Binding affinity towards muscarinic m1 receptor,B,,,J Med Chem,1994.0,Muscarinic acetylcholine receptor M1,Ki,nM,,305.42,2.62
CHEMBL72551,42.0,C=C(c1ccc(S(=O)(=O)c2ccc(OC)cc2)cc1)C1CCN(C2CCN(C(=O)CCC)CC2)CC1,Scientific Literature,Binding affinity against Muscarinic acetylcholine receptor M1 expressed in CHO-K1 cells,B,Homo sapiens,,Bioorg Med Chem Lett,2000.0,Muscarinic acetylcholine receptor M1,Ki,nM,7.38,510.7,5.04
CHEMBL544840,79.43,CN1CCC=C(c2nsnc2OCCOCCOCCOCCO)C1.Cl,Scientific Literature,Inhibition of [3H](R)-QNB to Muscarinic acetylcholine receptor M1 expressed in A9 L cells,B,Homo sapiens,,J Med Chem,2003.0,Muscarinic acetylcholine receptor M1,Ki,nM,7.1,409.94,0.68
CHEMBL1088882,10000.0,Cc1cncc(CC2=C(CCN(C)C)Cc3ccccc32)n1,Scientific Literature,Binding affinity at M1 receptor,B,,,Bioorg Med Chem Lett,2010.0,Muscarinic acetylcholine receptor M1,Ki,nM,,293.41,3.29
CHEMBL1088898,10000.0,Cc1nccnc1CC1=C(CCN(C)C)Cc2ccccc21,Scientific Literature,Binding affinity at M1 receptor,B,,,Bioorg Med Chem Lett,2010.0,Muscarinic acetylcholine receptor M1,Ki,nM,,293.41,3.29
CHEMBL1092599,3600.0,Cc1csc([C@H](C)C2=C(CCN(C)C)Cc3ccccc32)n1,Scientific Literature,Binding affinity at M1 receptor,B,,,Bioorg Med Chem Lett,2010.0,Muscarinic acetylcholine receptor M1,Ki,nM,5.44,312.48,4.52
CHEMBL4644389,10000.0,C[N+](C)(C)C[C@@H]1COC[C@H](c2ccc([S+]([O-])c3ccccc3)cc2)O1.[I-],Scientific Literature,Displacement of [3H]NMS from human recombinant muscarinic receptor M1 expressed in CHO-K1 cell membranes incubated for 2 hrs by scintillation counting method,B,Homo sapiens,,J Med Chem,2020.0,Muscarinic acetylcholine receptor M1,Ki,nM,,487.4,3.02
CHEMBL4637731,676.08,C[N+](C)(C)C[C@@H]1CO[C@H](c2ccccc2)C(c2ccccc2)(c2ccccc2)O1.[I-],Scientific Literature,Displacement of [3H]NMS from human recombinant muscarinic receptor M1 expressed in CHO-K1 cell membranes incubated for 2 hrs by scintillation counting method,B,Homo sapiens,,J Med Chem,2020.0,Muscarinic acetylcholine receptor M1,Ki,nM,6.17,515.44,4.79
CHEMBL2312377,200.0,CCN1CCC(c2ccccc2)=C(C(=O)OCCc2ccc3c(c2)OCO3)C1,Scientific Literature,Displacement of [3H]NMS from human M1 muscarinic receptor expressed in CHO-K1 cells,B,Homo sapiens,,J Med Chem,2013.0,Muscarinic acetylcholine receptor M1,Ki,nM,6.7,379.46,3.68
CHEMBL184843,418.0,C[C@@H]1OC(=O)[C@H]2C[C@H]3CCCC[C@@H]3/C(=C/CC3CCC(C)(C)N3C)[C@@H]12,Scientific Literature,In vitro inhibitory activity against cloned human M1 muscarinic receptor,B,Homo sapiens,,Bioorg Med Chem Lett,2004.0,Muscarinic acetylcholine receptor M1,Ki,nM,6.38,345.53,4.56
CHEMBL363895,790.0,C[C@@H]1OC(=O)[C@H]2C=C3CCCC[C@@H]3[C@@H]([C@@H]3CC4CCC(C)(C)[N+]4(C)O3)[C@@H]12.[I-],Scientific Literature,In vitro inhibitory activity against cloned human M1 muscarinic receptor,B,Homo sapiens,,Bioorg Med Chem Lett,2004.0,Muscarinic acetylcholine receptor M1,Ki,nM,6.1,487.42,4.0
CHEMBL4576555,1949.84,CN1CCN(C(=O)C(C)(C)c2ccc(C(=O)Nc3cn4cc(-c5cc(C(C)(C)C)cc(C(C)(C)C)c5)ccc4n3)cc2)CC1,SGC Frankfurt - Donated Chemical Probes,GPCRScan assay: inhibition of M1,B,Homo sapiens,,,2021.0,Muscarinic acetylcholine receptor M1,Ki,nM,5.71,593.82,6.9
CHEMBL4457754,10000.0,C[C@@]12CN(c3ccccc3)c3ccccc3[C@@H]1CCN2,Scientific Literature,Displacement of [3H]-QNB/[3H]-NMS from human recombinant Muscarinic acetylcholine M1 receptor expressed in stable CHO cells after 90 mins by microbeta scintillation counting method,B,Homo sapiens,,ACS Med Chem Lett,2019.0,Muscarinic acetylcholine receptor M1,Ki,nM,,264.37,3.67
CHEMBL1200633,1190.7,CC[C@H](C)[C@H]1O[C@]2(CC[C@@H]1C)C[C@@H]1C[C@@H](C/C=C(\C)[C@@H](O[C@H]3C[C@H](OC)[C@@H](O[C@H]4C[C@H](OC)[C@@H](O)[C@H](C)O4)[C@H](C)O3)[C@@H](C)/C=C/C=C3\CO[C@@H]4[C@H](O)C(C)=C[C@@H](C(=O)O1)[C@]34O)O2.CO[C@H]1C[C@H](O[C@H]2[C@H](C)O[C@@H](O[C@@H]3/C(C)=C/C[C@@H]4C[C@@H](C[C@]5(CC[C@H](C)[C@@H](C(C)C)O5)O4)OC(=O)[C@@H]4C=C(C)[C@@H](O)[C@H]5OC/C(=C\C=C\[C@@H]3C)[C@]54O)C[C@@H]2OC)O[C@@H](C)[C@@H]1O,DrugMatrix,DRUGMATRIX: Muscarinic M1 radioligand binding (ligand: [3H] N-Methylscopolamine),B,,,,,Muscarinic acetylcholine receptor M1,Ki,nM,5.92,1736.18,
CHEMBL440686,10000.0,CCN(CC)CCOCCNC(=O)C1(c2ccccc2)CCCC1,Scientific Literature,Binding affinity towards muscarinic m1 receptor,B,,,J Med Chem,1994.0,Muscarinic acetylcholine receptor M1,Ki,nM,,332.49,2.97
CHEMBL166385,70.0,CCOC(=O)N(CC)CCCCC1CCN(CC(=O)N2c3ccccc3NC(=O)c3ccccc32)CC1,Scientific Literature,Tested in vitro for the binding affinity against muscarinic receptor subtype 1 (M1),B,,,Bioorg Med Chem Lett,1997.0,Muscarinic acetylcholine receptor M1,Ki,nM,7.16,506.65,5.28
CHEMBL21937,26915.35,CN(C)CCNC(=O)C1=C/C(=C\c2ccccn2)c2ccccc21,Scientific Literature,Affinity for Muscarinic acetylcholine receptor M1 expressed in CHO cells by [3H]NMS displacement.,B,,,Bioorg Med Chem Lett,2001.0,Muscarinic acetylcholine receptor M1,Ki,nM,4.57,319.41,2.7
CHEMBL424214,29512.09,CN1CCN(C(=O)C2=C/C(=C\c3ccncc3)c3ccccc32)CC1,Scientific Literature,Affinity for Muscarinic acetylcholine receptor M1 expressed in CHO cells by [3H]NMS displacement.,B,,,Bioorg Med Chem Lett,2001.0,Muscarinic acetylcholine receptor M1,Ki,nM,4.53,331.42,2.79
CHEMBL376870,0.3467,CN1CCC[C@@H]1[C@@H]1CS[C@](c2ccccc2)(C2CCCCC2)O1,Scientific Literature,Binding affinity to human cloned muscarinic receptor M1 expressed in CHO cells,B,Homo sapiens,,J Med Chem,2007.0,Muscarinic acetylcholine receptor M1,Ki,nM,9.46,331.53,4.65
CHEMBL5281043,0.43,NCCCCCCN1CCC(COC(=O)Nc2ccc(F)cc2-c2ccc(F)c(Cl)c2)CC1,Scientific Literature,Displacement of [3H]N-methylscopolamine from human muscarinic M1 receptor expressed in human HEK293T cell membranes by radioligand competition binding based analysis,B,Homo sapiens,,J Med Chem,2022.0,Muscarinic acetylcholine receptor M1,Ki,nM,9.37,480.0,6.06
CHEMBL5267836,2.0,CN(C)c1ccc2c(-c3ccc(-c4cn(CCCCCn5cc(CCCCCCN6CCC(OC(=O)Nc7ccc(F)cc7-c7ccc(F)c(Cl)c7)CC6)nn5)nn4)cc3C(=O)[O-])c3ccc(=[N+](C)C)cc-3oc2c1,Scientific Literature,Displacement of [3H]N-methylscopolamine from human muscarinic M1 receptor expressed in human HEK293T cell membranes by radioligand competition binding based analysis,B,Homo sapiens,,J Med Chem,2022.0,Muscarinic acetylcholine receptor M1,Ki,nM,8.7,1039.63,
CHEMBL1258671,10000.0,CCCCN1CCC(COC(=O)c2cc(F)c(N)c3c2OCCO3)CC1,Scientific Literature,Binding affinity to human muscarinic M1 receptor,B,Homo sapiens,,J Med Chem,2010.0,Muscarinic acetylcholine receptor M1,Ki,nM,,366.43,2.85
CHEMBL9967,15.0,CN1CCN(CC(=O)N2c3ccccc3C(=O)Nc3cccnc32)CC1,Scientific Literature,Displacement of [3H]pirenzepine from human recombinant M1 receptor expressed in CHO cells,B,Homo sapiens,,J Med Chem,2014.0,Muscarinic acetylcholine receptor M1,Ki,nM,7.82,351.41,1.56
CHEMBL106505,1318.26,CCCCOC(=O)c1c(C)[nH]c2ccc3c(c12)CN1CCc2cc(OC)ccc2C1O3,Scientific Literature,Inhibition of [3H]NMS binding to human muscarinic acetylcholine receptor M1 in transfected CHO cells.,B,,,J Med Chem,2002.0,Muscarinic acetylcholine receptor M1,Ki,nM,5.88,420.51,4.89
CHEMBL1474387,1183.45,Cc1c(P(=S)(c2ccccc2)c2ccccc2)n2ccccc2[n+]1C/C=C/c1ccccc1.[Br-],EUbOPEN Chemogenomic Library,"PDSP Secondary Binding target: CHRM1 - Compounds are tested at 10 uM concentration, plate are incubated at room temperature in the dark for 90 minutes. Reaction are stopped by vacuum filtration onto 0.3% polyethyleneimine soaked filter mats using Filtermate harvester. Scintillation cocktail is then melted onto microwave-dried filters on a hot plate and the radio activity is counted in Microbia counter. Compounds showing a minimum of 50% inhibition at 10 uM concentration are carried forward in this secondary binding assay to determine equilibrium binding affinity.",B,Homo sapiens,,,2024.0,Muscarinic acetylcholine receptor M1,Ki,nM,5.93,545.49,5.0
CHEMBL352756,304.0,C[C@@H]1OC(=O)[C@H]2C[C@H]3CCCC[C@@H]3[C@@H](CCCN3CCc4ccccc4C3)[C@@H]12,Scientific Literature,Binding affinity towards human muscarinic M1 receptor in CHO-KI cells using [3H]- QNB as radioligand,B,,,Bioorg Med Chem Lett,1999.0,Muscarinic acetylcholine receptor M1,Ki,nM,6.52,381.56,4.83
CHEMBL2023764,0.12,C=CCCCC[N@+]1(C)C2CCC1C[C@H](CC(C#N)(c1ccccc1)c1ccccc1)C2.[Br-],Scientific Literature,Displacement of [3H]-N-methyl scopolamine from muscarinic acetylcholine M1 receptor expressed in CHO cell membrane,B,,,Bioorg Med Chem Lett,2012.0,Muscarinic acetylcholine receptor M1,Ki,nM,9.92,493.53,6.63
CHEMBL356505,5.3,O=C(NC1CCN(Cc2ccsc2)CC1)[C@](O)(c1ccccc1)[C@@H]1CCC(F)(F)C1,Scientific Literature,Inhibition of [3H]NMS binding to human muscarinic acetylcholine receptor M1 expressed in CHO cells,B,,,J Med Chem,2000.0,Muscarinic acetylcholine receptor M1,Ki,nM,8.28,434.55,4.15
CHEMBL4097569,19.0,Cc1cnc(C(=O)N[C@H]2CCOC[C@@H]2O)cc1Cc1ccc(-c2cscn2)cc1,Scientific Literature,Displacement of [3H]PT-1284 human muscarinic acetylcholine receptor M1 expressed in CHO cell membranes after 90 mins scintillation counting method,A,Homo sapiens,,J Med Chem,2017.0,Muscarinic acetylcholine receptor M1,Ki,nM,7.72,409.51,2.98
CHEMBL4091934,33000.0,COc1cccc(CC[N+](C)(C)C)c1.O=C[O-],Scientific Literature,Displacement of [3H]N-methyl-scopolamine bromide from human recombinant muscarinic M1 receptor expressed in HEK293T cell membranes after 1 hr by liquid scintillation counting method,B,Homo sapiens,,J Med Chem,2017.0,Muscarinic acetylcholine receptor M1,Ki,nM,4.48,239.32,1.94
CHEMBL2042400,15488.17,CC[C@H]1COC[C@@H](C[N+](C)(C)C)O1.[I-],Scientific Literature,Displacement of [3H]N-methylscopolamine from human muscarinic M1 receptor expressed in CHO cells after 120 mins by scintillation counting,B,Homo sapiens,,J Med Chem,2012.0,Muscarinic acetylcholine receptor M1,Ki,nM,4.81,315.2,0.89
CHEMBL2042554,35.48,CN(C)C[C@@H]1COCC(c2ccccc2)(c2ccccc2)O1.O=C(O)C(=O)O,Scientific Literature,Displacement of [3H]N-methylscopolamine from human muscarinic M1 receptor expressed in CHO cells after 120 mins by scintillation counting,B,Homo sapiens,,J Med Chem,2012.0,Muscarinic acetylcholine receptor M1,Ki,nM,7.45,387.43,2.91
CHEMBL4857722,46.77,CC(=O)NC(=O)[C@H](CCCNC(=N)N)NC(=O)[C@H](C)NCCCCC1CCN(CC(=O)N2c3ccccc3NC(=O)c3ccccc32)CC1.O=C(O)C(F)(F)F.O=C(O)C(F)(F)F,Scientific Literature,Displacement of [3H]-NMS from human muscarinic M1 receptor expressed in CHO cell membranes assessed as inhibition constant by radioligand competition analysis,B,Homo sapiens,,Eur J Med Chem,2021.0,Muscarinic acetylcholine receptor M1,Ki,nM,7.33,903.88,2.19
CHEMBL4867301,67.61,CC(=O)N[C@@H](CCCN)C(=O)NC(=O)[C@H](CCCNC(=N)N)NCCCCC1CCN(CC(=O)N2c3ccccc3NC(=O)c3ccccc32)CC1.O=C(O)C(F)(F)F.O=C(O)C(F)(F)F.O=C(O)C(F)(F)F,Scientific Literature,Displacement of [3H]-NMS from human muscarinic M1 receptor expressed in CHO cell membranes assessed as inhibition constant by radioligand competition analysis,B,Homo sapiens,,Eur J Med Chem,2021.0,Muscarinic acetylcholine receptor M1,Ki,nM,7.17,1060.97,1.91
CHEMBL2311977,100000.0,CCOC(=O)C1=C(c2ccccc2)CCN(CCc2ccc(OC)cc2)C1,Scientific Literature,Displacement of [3H]NMS from human M1 muscarinic receptor expressed in CHO-K1 cells,B,Homo sapiens,,J Med Chem,2013.0,Muscarinic acetylcholine receptor M1,Ki,nM,,365.47,3.96
CHEMBL3085018,413.0,Fc1ccc(C(N[C@H]2C[C@H]3CC[C@@H](C2)N3CCc2c[nH]c3ccccc23)c2ccc(F)cc2)cc1,Scientific Literature,Displacement of [3H]pirenzepine from Muscarinic receptor M1,B,Homo sapiens,,Bioorg Med Chem Lett,2005.0,Muscarinic acetylcholine receptor M1,Ki,nM,6.38,471.6,6.36
CHEMBL2312347,24400.0,CN1CCC(c2ccccc2)=C(C(=O)OCCc2cccc3ccccc23)C1,Scientific Literature,Displacement of [3H]NMS from human M1 muscarinic receptor expressed in CHO-K1 cells,B,Homo sapiens,,J Med Chem,2013.0,Muscarinic acetylcholine receptor M1,Ki,nM,4.61,371.48,4.71
CHEMBL4645235,1.1,C[N+]1(C)CCC(COC(=O)Nc2ccc(F)cc2-c2ccc(F)c(Cl)c2)CC1.O=C[O-],Scientific Literature,Displacement of [3H]N-methylscopolamine from human muscarinic M1 receptor transiently expressed in HEK293T cell membranes incubated for 1 hr by scintillation counting method,B,Homo sapiens,,J Med Chem,2020.0,Muscarinic acetylcholine receptor M1,Ki,nM,8.96,454.9,5.32
CHEMBL3354072,2511.89,O=C1CCc2ccccc2N1CCCN1CCC(CCCO)CC1,Scientific Literature,Displacement of [3H]NMS from human M1 receptor expressed in CHO cells by microplate scintillation counting based radioligand binding assay,B,Homo sapiens,,J Med Chem,2014.0,Muscarinic acetylcholine receptor M1,Ki,nM,5.6,330.47,2.84
CHEMBL42,6.31,CN1CCN(C2=Nc3cc(Cl)ccc3Nc3ccccc32)CC1,Scientific Literature,Displacement of [3H]pirenzepine from human M1 receptor expressed in CHO cells,B,Homo sapiens,,J Med Chem,2007.0,Muscarinic acetylcholine receptor M1,Ki,nM,8.2,326.83,3.72
CHEMBL5270870,0.35,NCCCCCCCCN1CCC(COC(=O)Nc2ccc(F)cc2-c2ccc(F)c(Cl)c2)CC1,Scientific Literature,Displacement of [3H]N-methylscopolamine from human muscarinic M1 receptor expressed in human HEK293T cell membranes by radioligand competition binding based analysis,B,Homo sapiens,,J Med Chem,2022.0,Muscarinic acetylcholine receptor M1,Ki,nM,9.46,508.05,6.85
CHEMBL5279174,1.3,C#CCCCCCN1CCC(COC(=O)Nc2ccc(F)cc2-c2ccc(F)c(Cl)c2)CC1,Scientific Literature,Displacement of [3H]N-methylscopolamine from human muscarinic M1 receptor expressed in human HEK293T cell membranes by radioligand competition binding based analysis,B,Homo sapiens,,J Med Chem,2022.0,Muscarinic acetylcholine receptor M1,Ki,nM,8.89,474.98,6.74
CHEMBL5273907,2.3,CN1/C(=C/C=C/C=C/C2=[N+](CCCCCC(=O)NCCCCCCN3CCC(COC(=O)Nc4ccc(F)cc4-c4ccc(F)c(Cl)c4)CC3)c3ccccc3C2(C)C)C(C)(C)c2ccccc21,Scientific Literature,Displacement of [3H]N-methylscopolamine from human muscarinic M1 receptor expressed in human HEK293T cell membranes by radioligand competition binding based analysis,B,Homo sapiens,,J Med Chem,2022.0,Muscarinic acetylcholine receptor M1,Ki,nM,8.64,945.66,13.28
CHEMBL5283759,4.1,CN(C)c1ccc2c(-c3ccc(-c4cn(CCCCCn5cc(CCCCCN6CCC(OC(=O)Nc7ccc(F)cc7-c7ccc(F)c(Cl)c7)CC6)nn5)nn4)cc3C(=O)[O-])c3ccc(=[N+](C)C)cc-3oc2c1,Scientific Literature,Displacement of [3H]N-methylscopolamine from human muscarinic M1 receptor expressed in human HEK293T cell membranes by radioligand competition binding based analysis,B,Homo sapiens,,J Med Chem,2022.0,Muscarinic acetylcholine receptor M1,Ki,nM,8.39,1025.6,
CHEMBL4852646,7.079,CC(=O)NC(=O)[C@H](CCNC(=N)N)NC(=O)[C@@H]1CC(=O)NCCC[C@@H](C(=O)NCCN2CCN(CCCC3CCN(CC(=O)N4c5ccccc5NC(=O)c5ccccc54)CC3)CC2)N1.O=C(O)C(F)(F)F.O=C(O)C(F)(F)F.O=C(O)C(F)(F)F.O=C(O)C(F)(F)F.O=C(O)C(F)(F)F,Scientific Literature,Displacement of [3H]-NMS from human muscarinic M1 receptor expressed in CHO cell membranes assessed as inhibition constant by radioligand competition analysis,B,Homo sapiens,,Eur J Med Chem,2021.0,Muscarinic acetylcholine receptor M1,Ki,nM,8.15,1470.21,-0.21
CHEMBL460470,33113.11,CN1CCCC1c1ccco1,Scientific Literature,Displacement of [3H]NMS from human muscarinic M1 receptor expressed in CHO cells by liquid scintillation counter,B,Homo sapiens,,J Med Chem,2008.0,Muscarinic acetylcholine receptor M1,Ki,nM,4.48,151.21,2.05
CHEMBL505086,38018.94,Cc1ccc(C2CCCN2)o1,Scientific Literature,Displacement of [3H]NMS from human muscarinic M1 receptor expressed in CHO cells by liquid scintillation counter,B,Homo sapiens,,J Med Chem,2008.0,Muscarinic acetylcholine receptor M1,Ki,nM,4.42,151.21,2.01
CHEMBL708,5100.0,O=C1Cc2cc(CCN3CCN(c4nsc5ccccc45)CC3)c(Cl)cc2N1,Scientific Literature,Binding affinity to human cloned muscarinic M1 receptor,B,Homo sapiens,,Bioorg Med Chem,2008.0,Muscarinic acetylcholine receptor M1,Ki,nM,5.29,412.95,3.81
CHEMBL9967,20.0,CN1CCN(CC(=O)N2c3ccccc3C(=O)Nc3cccnc32)CC1,Scientific Literature,Displacement of [3H]-pyrilamine from human recombinant M1 receptor expressed in CHO cells after 60 mins by scintillation counting,B,Homo sapiens,,J Med Chem,2017.0,Muscarinic acetylcholine receptor M1,Ki,nM,7.7,351.41,1.56
CHEMBL14,12022.64,C[N+](C)(C)CCOC(N)=O.[Cl-],Scientific Literature,Binding affinity to human cloned muscarinic M1 receptor expressed in CHO cells,B,Homo sapiens,,Bioorg Med Chem,2008.0,Muscarinic acetylcholine receptor M1,Ki,nM,4.92,182.65,-0.21
CHEMBL355455,1047.13,CC(C1=C(CCN2CCCC2)Cc2ccccc21)c1ccccn1,Scientific Literature,Binding affinity towards cloned human muscarinic acetylcholine receptor M1 stably expressed in CHO-K1 cells using [3H]N-methylscopolamine,B,,,J Med Chem,2003.0,Muscarinic acetylcholine receptor M1,Ki,nM,5.98,318.46,4.68
CHEMBL432170,6075.0,CCC[C@@H](c1ccc(C(F)(F)F)cc1)N1CCN(C2(C)CCN(C(=O)c3c(C)ncnc3C)CC2)C[C@@H]1C,Scientific Literature,Antagonistic activity against muscarinic M1 receptor,F,,,J Med Chem,2004.0,Muscarinic acetylcholine receptor M1,Ki,nM,5.22,531.67,5.65
CHEMBL4873621,52.48,CC(=O)NC(=O)[C@H](CCCNC(=N)N)NC(=O)[C@H](C)NC(=O)[C@@H](CCCNC(=N)N)NCCCCC1CCN(CC(=O)N2c3ccccc3NC(=O)c3ccccc32)CC1.O=C(O)C(F)(F)F.O=C(O)C(F)(F)F.O=C(O)C(F)(F)F,Scientific Literature,Displacement of [3H]-NMS from human muscarinic M1 receptor expressed in CHO cell membranes assessed as inhibition constant by radioligand competition analysis,B,Homo sapiens,,Eur J Med Chem,2021.0,Muscarinic acetylcholine receptor M1,Ki,nM,7.28,1174.09,0.94
CHEMBL4858398,7.762,N=C(N)NCCC[C@@H](NCCN1CCN(CCCC2CCN(CC(=O)N3c4ccccc4NC(=O)c4ccccc43)CC2)CC1)C(=O)O.O=C(O)C(F)(F)F.O=C(O)C(F)(F)F.O=C(O)C(F)(F)F.O=C(O)C(F)(F)F.O=C(O)C(F)(F)F,Scientific Literature,Displacement of [3H]-NMS from human muscarinic M1 receptor expressed in CHO cell membranes assessed as inhibition constant by radioligand competition analysis,B,Homo sapiens,,Eur J Med Chem,2021.0,Muscarinic acetylcholine receptor M1,Ki,nM,8.11,1231.96,2.33
CHEMBL4093215,380.0,C[N+](C)(C)C1CCc2ccc3ccoc3c2C1.O=C[O-],Scientific Literature,Displacement of [3H]N-methyl-scopolamine bromide from human recombinant muscarinic M1 receptor expressed in HEK293T cell membranes after 1 hr by liquid scintillation counting method,B,Homo sapiens,,J Med Chem,2017.0,Muscarinic acetylcholine receptor M1,Ki,nM,6.42,275.35,3.0
CHEMBL4073256,740.0,CNCCc1cccc(OC)c1,Scientific Literature,Displacement of [3H]N-methyl-scopolamine bromide from human recombinant muscarinic M1 receptor expressed in HEK293T cell membranes after 1 hr by liquid scintillation counting method,B,Homo sapiens,,J Med Chem,2017.0,Muscarinic acetylcholine receptor M1,Ki,nM,6.13,165.24,1.46
CHEMBL550,6606.93,CC[C@@H]1C(=O)OC[C@@H]1Cc1cncn1C,Scientific Literature,Binding affinity to human cloned muscarinic M1 receptor expressed in CHO cells,B,Homo sapiens,,Bioorg Med Chem,2008.0,Muscarinic acetylcholine receptor M1,Ki,nM,5.18,208.26,1.16
CHEMBL3085029,454.0,CCCCN1[C@@H]2CC[C@H]1C[C@@H](NC(c1ccc(F)cc1)c1ccc(F)cc1)C2,Scientific Literature,Displacement of [3H]pirenzepine from Muscarinic receptor M1,B,Homo sapiens,,Bioorg Med Chem Lett,2005.0,Muscarinic acetylcholine receptor M1,Ki,nM,6.34,384.51,5.44
CHEMBL3085027,154.0,Fc1ccc(C(N[C@H]2C[C@H]3CC[C@@H](C2)N3)c2ccc(F)cc2)cc1,Scientific Literature,Displacement of [3H]pirenzepine from Muscarinic receptor M1,B,Homo sapiens,,Bioorg Med Chem Lett,2005.0,Muscarinic acetylcholine receptor M1,Ki,nM,6.81,328.41,3.93
CHEMBL2312354,8350.0,COc1ccccc1C1=C(C(=O)OCCc2ccc3c(c2)CCO3)CN(C)CC1,Scientific Literature,Displacement of [3H]NMS from human M1 muscarinic receptor expressed in CHO-K1 cells,B,Homo sapiens,,J Med Chem,2013.0,Muscarinic acetylcholine receptor M1,Ki,nM,5.08,393.48,3.51
CHEMBL2312364,5400.0,COc1ccc(CCCCOC(=O)C2=C(c3ccccc3)CCN(C)C2)cc1,Scientific Literature,Displacement of [3H]NMS from human M1 muscarinic receptor expressed in CHO-K1 cells,B,Homo sapiens,,J Med Chem,2013.0,Muscarinic acetylcholine receptor M1,Ki,nM,5.27,379.5,4.35
CHEMBL2312359,100000.0,CCCN1CCC(c2ccccc2)=C(C(=O)OCCc2ccc(OC)cc2)C1,Scientific Literature,Displacement of [3H]NMS from human M1 muscarinic receptor expressed in CHO-K1 cells,B,Homo sapiens,,J Med Chem,2013.0,Muscarinic acetylcholine receptor M1,Ki,nM,,379.5,4.35
CHEMBL172234,5370.32,CN(C)CCOC(=O)C1=C(Cc2ccccn2)c2ccccc2C1,Scientific Literature,Binding affinity towards cloned human muscarinic acetylcholine receptor M1 stably expressed in CHO-K1 cells using [3H]N-methylscopolamine,B,,,J Med Chem,2003.0,Muscarinic acetylcholine receptor M1,Ki,nM,5.27,322.41,2.74
CHEMBL169494,1584.89,CN(C)CCC1=C(Cc2ccccn2)c2ccccc2C1,Scientific Literature,Binding affinity towards cloned human muscarinic acetylcholine receptor M1 stably expressed in CHO-K1 cells using [3H]N-methylscopolamine,B,,,J Med Chem,2003.0,Muscarinic acetylcholine receptor M1,Ki,nM,5.8,278.4,3.59
CHEMBL2312349,6190.0,COc1ccc(OCCOC(=O)C2=C(c3ccccc3)CCN(C)C2)cc1,Scientific Literature,Displacement of [3H]NMS from human M1 muscarinic receptor expressed in CHO-K1 cells,B,Homo sapiens,,J Med Chem,2013.0,Muscarinic acetylcholine receptor M1,Ki,nM,5.21,367.45,3.41
CHEMBL168707,346.74,CC(C1=C(CCN(C)C)Cc2ccc(Cl)cc21)c1ccccn1,Scientific Literature,Binding affinity towards cloned human muscarinic acetylcholine receptor M1 stably expressed in CHO-K1 cells using [3H]N-methylscopolamine,B,,,J Med Chem,2003.0,Muscarinic acetylcholine receptor M1,Ki,nM,6.46,326.87,4.8
CHEMBL517712,2.0,CN1[C@@H]2CC[C@H]1C[C@@H](OC(=O)C(CO)c1ccccc1)C2,Scientific Literature,Binding affinity towards muscarinic m1 receptor,B,,,J Med Chem,1994.0,Muscarinic acetylcholine receptor M1,Ki,nM,8.7,289.38,1.93
CHEMBL539121,93.33,C[N+]1(C)CCC[C@@H]1[C@@H]1C[S+]([O-])[C@@](c2ccccc2)(C2CCCCC2)O1.[I-],Scientific Literature,Displacement of [3H]NMS from human muscarinic M1 receptor expressed in CHO cells,B,Homo sapiens,,Bioorg Med Chem,2008.0,Muscarinic acetylcholine receptor M1,Ki,nM,7.03,489.46,3.81
CHEMBL539121,6.918,C[N+]1(C)CCC[C@@H]1[C@@H]1C[S+]([O-])[C@@](c2ccccc2)(C2CCCCC2)O1.[I-],Scientific Literature,Displacement of [3H]NMS from human muscarinic M1 receptor expressed in CHO cells,B,Homo sapiens,,Bioorg Med Chem,2008.0,Muscarinic acetylcholine receptor M1,Ki,nM,8.16,489.46,3.81
CHEMBL493979,14.13,CN1CCC[C@@H]1[C@@H]1C[S+]([O-])[C@](c2ccccc2)(C2CCCCC2)O1,Scientific Literature,Displacement of [3H]NMS from human muscarinic M1 receptor expressed in CHO cells,B,Homo sapiens,,Bioorg Med Chem,2008.0,Muscarinic acetylcholine receptor M1,Ki,nM,7.85,347.52,3.66
CHEMBL343236,59.0,c1ccc2c(c1)CC(C1CN3CCC1CC3)O2,Scientific Literature,Binding affinity for muscarinic acetylcholine receptor M1 by measuring displacement of [3H]QNB from guinea pig cerebral cortex,B,Cavia porcellus,Cerebral cortex,J Med Chem,1995.0,Muscarinic acetylcholine receptor M1,Ki,nM,7.23,229.32,2.33
CHEMBL239038,3376.0,C[N+]1(CC#CCOc2cc(-c3ccccc3)on2)CCCC1.[I-],Scientific Literature,Displacement of [3H]QNB from human muscarinic M1 receptor expressed in CHO cells,B,Homo sapiens,,Bioorg Med Chem,2007.0,Muscarinic acetylcholine receptor M1,Ki,nM,5.47,424.28,2.96
CHEMBL74352,40.74,C=C(c1ccc(S(=O)(=O)c2ccc(OC)cc2)cc1)C1CCN(C2CCN(C(=O)OCCC)CC2)CC1,Scientific Literature,Binding affinity to muscarinic M1 receptor,B,Homo sapiens,,Bioorg Med Chem Lett,2007.0,Muscarinic acetylcholine receptor M1,Ki,nM,7.39,526.7,5.26
CHEMBL183903,122.0,C[C@@H]1OC(=O)[C@H]2C[C@H]3CCCC[C@@H]3C(CCC3CCC(C)(C)N3C)[C@@H]12,Scientific Literature,In vitro inhibitory activity against cloned human M1 muscarinic receptor,B,Homo sapiens,,Bioorg Med Chem Lett,2004.0,Muscarinic acetylcholine receptor M1,Ki,nM,6.91,347.54,4.64
CHEMBL524061,537.03,CN1CCC[C@H]1[C@H]1C[S+]([O-])[C@](c2ccccc2)(C2CCCCC2)O1,Scientific Literature,Displacement of [3H]NMS from human muscarinic M1 receptor expressed in CHO cells,B,Homo sapiens,,Bioorg Med Chem,2008.0,Muscarinic acetylcholine receptor M1,Ki,nM,6.27,347.52,3.66
CHEMBL3104091,4465.0,CN1CCc2c(c3cccc4c3n2-c2ccccc2CC4)C1,Scientific Literature,Displacement of [3H]QNB from muscarinic M1 receptor (unknown origin),B,Homo sapiens,,Bioorg Med Chem Lett,2014.0,Muscarinic acetylcholine receptor M1,Ki,nM,5.35,288.39,3.72
CHEMBL2377392,10.7,CC[C@H](C)C(C(=O)OCCCN(CC)CC)c1ccccc1,Scientific Literature,Displacement of [3H] N-methylscopolamine from human muscarinic M1 receptor expressed in CHOK1 cells after 30 mins by scintillation counting analysis,B,Homo sapiens,,Bioorg Med Chem,2013.0,Muscarinic acetylcholine receptor M1,Ki,nM,7.97,305.46,4.09
CHEMBL26505,2.1,CCN(CC)CCOC(=O)C(C)(c1ccccc1)c1ccccc1,Scientific Literature,Antimuscarinic potency and subset specificity was characterised by inhibition of the [3H]NMS Binding to Muscarinic acetylcholine receptor M1 subtype,B,,,J Med Chem,1992.0,Muscarinic acetylcholine receptor M1,Ki,nM,8.68,325.45,3.88
CHEMBL4789147,1.778,CN(C)c1ccc2c(-c3ccc(C(=O)NCCNC(=O)CCc4cn(CCCCC5CCN(CC(=O)N6c7ccccc7NC(=O)c7ccccc76)CC5)cn4)cc3C(=O)[O-])c3ccc(=[N+](C)C)cc-3oc2c1.O=C(O)C(F)(F)F.O=C(O)C(F)(F)F,Scientific Literature,Displacement of [3H]NMS from human recombinant muscarinic receptor M2 expressed in CHO-K9 cell membranes measured after 3 hrs by radioligand competition binding assay,B,Homo sapiens,,RSC Med Chem,2020.0,Muscarinic acetylcholine receptor M1,Ki,nM,8.75,1212.21,6.15
CHEMBL4067722,16.0,Cc1cc2c(cc1Cc1ccc(-c3cocn3)cc1)C(=O)N([C@H]1CCOC[C@@H]1O)C2,Scientific Literature,Displacement of [3H]PT-1284 human muscarinic acetylcholine receptor M1 expressed in CHO cell membranes after 90 mins scintillation counting method,A,Homo sapiens,,J Med Chem,2017.0,Muscarinic acetylcholine receptor M1,Ki,nM,7.8,404.47,3.35
CHEMBL3085023,2110.0,NCCN1[C@@H]2CC[C@H]1C[C@@H](NC(c1ccc(F)cc1)c1ccc(F)cc1)C2,Scientific Literature,Displacement of [3H]pirenzepine from Muscarinic receptor M1,B,Homo sapiens,,Bioorg Med Chem Lett,2005.0,Muscarinic acetylcholine receptor M1,Ki,nM,5.68,371.48,3.6
CHEMBL4099667,16000.0,COc1cccc(/C=C/C[N+](C)(C)C)c1.O=C[O-],Scientific Literature,Displacement of [3H]N-methyl-scopolamine bromide from human recombinant muscarinic M1 receptor expressed in HEK293T cell membranes after 1 hr by liquid scintillation counting method,B,Homo sapiens,,J Med Chem,2017.0,Muscarinic acetylcholine receptor M1,Ki,nM,4.8,251.33,2.41
CHEMBL4596065,39.81,CC(=O)N[C@@H](CCCCN)C(=O)N[C@@H](CCCNC(=N)N)C(=O)NCCCCC1CCN(CC(=O)N2c3ccccc3NC(=O)c3ccccc32)CC1,Scientific Literature,Displacement of [3H]-NMS from human muscarinic M1 receptor expressed in CHO cell membranes assessed as inhibition constant by radioligand competition analysis,B,Homo sapiens,,Eur J Med Chem,2021.0,Muscarinic acetylcholine receptor M1,Ki,nM,7.4,732.93,2.3
CHEMBL4541656,1870.0,COc1ccc(CCN(C(=O)OC2C[C@H]3CC[C@H](C2)N3C)c2ccccc2)cc1OC,Scientific Literature,Displacement of [3H]NMS from human M1 AChR expressed in CHO cell membranes after 1 to 2 hrs by liquid scintillation spectrometry method,B,Homo sapiens,,Bioorg Med Chem Lett,2019.0,Muscarinic acetylcholine receptor M1,Ki,nM,5.73,424.54,4.51
CHEMBL4559952,4300.0,COc1ccc(CCN(C(=O)OC2CCCN(C)C2)c2ccccc2)cc1OC,Scientific Literature,Displacement of [3H]NMS from human M1 AChR expressed in CHO cell membranes after 1 to 2 hrs by liquid scintillation spectrometry method,B,Homo sapiens,,Bioorg Med Chem Lett,2019.0,Muscarinic acetylcholine receptor M1,Ki,nM,5.37,398.5,3.98
CHEMBL728,244.0,CN1CCN(CCCN2c3ccccc3Sc3ccc(Cl)cc32)CC1,DrugMatrix,DRUGMATRIX: Muscarinic M1 radioligand binding (ligand: [3H] N-Methylscopolamine),B,,,,,Muscarinic acetylcholine receptor M1,Ki,nM,6.61,373.95,4.58
CHEMBL1909073,8.387,CC[N+]1(CCOC(=O)C(O)(c2ccccc2)c2ccccc2)CCCCC1.[Br-],DrugMatrix,DRUGMATRIX: Muscarinic M1 radioligand binding (ligand: [3H] N-Methylscopolamine),B,,,,,Muscarinic acetylcholine receptor M1,Ki,nM,8.08,448.4,3.49
CHEMBL404849,1085.0,CCCCCCCCNC(C)C(O)c1ccc(SC(C)C)cc1,DrugMatrix,DRUGMATRIX: Muscarinic M1 radioligand binding (ligand: [3H] N-Methylscopolamine),B,,,,,Muscarinic acetylcholine receptor M1,Ki,nM,5.96,337.57,5.56
CHEMBL1319362,32.0,Br.CN1[C@@H]2CC[C@H]1C[C@@H](OC(=O)C(O)c1ccccc1)C2,DrugMatrix,DRUGMATRIX: Muscarinic M1 radioligand binding (ligand: [3H] N-Methylscopolamine),B,,,,,Muscarinic acetylcholine receptor M1,Ki,nM,7.5,356.26,1.89
CHEMBL69765,760.0,CN(C)CCC1CCN(C(=O)[C@](O)(c2ccccc2)[C@@H]2CCC(F)(F)C2)CC1,Scientific Literature,Binding affinity against human Muscarinic acetylcholine receptor M1 in transfected CHO cells,B,,,Bioorg Med Chem Lett,2003.0,Muscarinic acetylcholine receptor M1,Ki,nM,6.12,394.51,3.5
CHEMBL305660,101.2,CC(C)(C)c1ccc(C(=O)CCCN2CCC(OC(c3ccccc3)c3ccccc3)CC2)cc1,DrugMatrix,DRUGMATRIX: Muscarinic M1 radioligand binding (ligand: [3H] N-Methylscopolamine),B,,,,,Muscarinic acetylcholine receptor M1,Ki,nM,7.0,469.67,7.22
CHEMBL4752973,5623.41,O=C(CCN1CCCc2ccccc21)Nc1ccc(Cl)cc1,Scientific Literature,Displacement of [3H]-NMS from muscarinic M1 receptor (unknown origin) expressed in CHO-K1 cell membranes assessed as inhibition constant by radioligand competition analysis,B,Homo sapiens,,Bioorg Med Chem Lett,2020.0,Muscarinic acetylcholine receptor M1,Ki,nM,5.25,314.82,4.12
CHEMBL4756164,245.47,O=C(CCN1CCCc2ccccc21)NC1CCCC1,Scientific Literature,Displacement of [3H]-NMS from muscarinic M1 receptor (unknown origin) expressed in CHO-K1 cell membranes assessed as inhibition constant by radioligand competition analysis,B,Homo sapiens,,Bioorg Med Chem Lett,2020.0,Muscarinic acetylcholine receptor M1,Ki,nM,6.61,272.39,2.89
CHEMBL4760823,229.09,O=C(CCN1CCCc2ccccc21)NC1CCCCC1,Scientific Literature,Displacement of [3H]-NMS from muscarinic M1 receptor (unknown origin) expressed in CHO-K1 cell membranes assessed as inhibition constant by radioligand competition analysis,B,Homo sapiens,,Bioorg Med Chem Lett,2020.0,Muscarinic acetylcholine receptor M1,Ki,nM,6.64,286.42,3.28
CHEMBL1113,287.0,Clc1ccc2c(c1)C(N1CCNCC1)=Nc1ccccc1O2,DrugMatrix,DRUGMATRIX: Muscarinic M1 radioligand binding (ligand: [3H] N-Methylscopolamine),B,,,,,Muscarinic acetylcholine receptor M1,Ki,nM,6.54,313.79,3.43
CHEMBL85,5000.0,Cc1nc2n(c(=O)c1CCN1CCC(c3noc4cc(F)ccc34)CC1)CCCC2,Scientific Literature,Binding affinity towards human M1 receptor.,B,,,J Med Chem,2001.0,Muscarinic acetylcholine receptor M1,Ki,nM,,410.49,3.59
CHEMBL390842,30199.52,C[C@H]1COC[C@@H](C[N+](C)(C)C)O1.[I-],Scientific Literature,Displacement of [3H]NMS from human muscarinic M1 receptor expressed in CHO cells by microplate scintillation counting,B,Homo sapiens,,Bioorg Med Chem,2009.0,Muscarinic acetylcholine receptor M1,Ki,nM,4.52,301.17,0.5
CHEMBL265256,1.585,CN(CCCCCCCCN(C)CCCCCCN(CC(=O)N1c2ccccc2C(=O)Nc2cccnc21)CC(=O)N1c2ccccc2C(=O)Nc2cccnc21)CCCCCCNCC(=O)N1c2ccccc2C(=O)Nc2cccnc21,Scientific Literature,Affinity for Muscarinic acetylcholine receptor M1 expressed in CHO cells by [3H]NMS displacement.,B,,,Bioorg Med Chem Lett,2001.0,Muscarinic acetylcholine receptor M1,Ki,nM,8.8,1124.4,
CHEMBL550,7943.28,CC[C@@H]1C(=O)OC[C@@H]1Cc1cncn1C,Scientific Literature,Binding affinity to muscarinic M1 acetylcholine receptor (unknown origin),B,Homo sapiens,,J Med Chem,2015.0,Muscarinic acetylcholine receptor M1,Ki,nM,5.1,208.26,1.16
CHEMBL205654,19.95,Cc1c(NC2CC2)nc(C2CC2)nc1N1CCCCCC1,Scientific Literature,Binding affinity to muscarinic M1 receptor,B,Homo sapiens,,Bioorg Med Chem Lett,2006.0,Muscarinic acetylcholine receptor M1,Ki,nM,7.7,286.42,3.62
CHEMBL14,3162.28,C[N+](C)(C)CCOC(N)=O.[Cl-],Scientific Literature,Inhibition of [3H](R)-QNB to Muscarinic acetylcholine receptor M1 expressed in A9 L cells,B,Homo sapiens,,J Med Chem,2003.0,Muscarinic acetylcholine receptor M1,Ki,nM,5.5,182.65,-0.21
CHEMBL517712,0.44,CN1[C@@H]2CC[C@H]1C[C@@H](OC(=O)C(CO)c1ccccc1)C2,Scientific Literature,Displacement of [3H]NMS from human M1 AChR expressed in CHO cell membranes after 1 to 2 hrs by liquid scintillation spectrometry method,B,Homo sapiens,,Bioorg Med Chem Lett,2019.0,Muscarinic acetylcholine receptor M1,Ki,nM,9.36,289.38,1.93
CHEMBL2110892,271.0,CCN(CC)CCOC(=O)C(c1ccccc1)N1CCCCC1,Scientific Literature,Displacement of [3H] N-methylscopolamine from human muscarinic M1 receptor expressed in CHOK1 cells after 30 mins by scintillation counting analysis,B,Homo sapiens,,Bioorg Med Chem,2013.0,Muscarinic acetylcholine receptor M1,Ki,nM,6.57,318.46,3.1
CHEMBL258161,7762.47,CN1CCN(CCCC(O)(c2ccccc2)c2ccccc2)CC1.Cl.Cl,Scientific Literature,Displacement of [3H]N-methylscopolamine from human muscarinic M1 receptor expressed in CHO-K1 cells,B,Homo sapiens,,Bioorg Med Chem Lett,2008.0,Muscarinic acetylcholine receptor M1,Ki,nM,5.11,397.39,2.95
CHEMBL403773,794.33,Cl.Cl.OC(CCCN1CCC(C2CCN(CCCC(O)(c3ccccc3)c3ccccc3)CC2)CC1)(c1ccccc1)c1ccccc1,Scientific Literature,Displacement of [3H]N-methylscopolamine from human muscarinic M1 receptor expressed in CHO-K1 cells,B,Homo sapiens,,Bioorg Med Chem Lett,2008.0,Muscarinic acetylcholine receptor M1,Ki,nM,6.1,689.81,7.84
CHEMBL9967,4.6,CN1CCN(CC(=O)N2c3ccccc3C(=O)Nc3cccnc32)CC1,Scientific Literature,Compound was evaluated for displacement of [3H]QNB from human Muscarinic m1 receptor in CHO cells.,B,,,Bioorg Med Chem Lett,1996.0,Muscarinic acetylcholine receptor M1,Ki,nM,8.34,351.41,1.56
CHEMBL4085780,4265.8,O=C1CCc2ccccc2N1CCCN1CCN(c2ccccc2)CC1,Scientific Literature,Displacement of [3H]NMS from human muscarinic M1 receptor expressed in CHO cell membranes after 2 hrs by liquid scintillation counting method,B,Homo sapiens,,J Med Chem,2018.0,Muscarinic acetylcholine receptor M1,Ki,nM,5.37,349.48,3.18
CHEMBL4440484,316.23,CCCC(C)(C)C(=O)N(CC)CCCC1CCN(CC(=O)N2c3ccccc3NC(=O)c3ccccc32)CC1,Scientific Literature,Binding affinity to muscarinic M1 receptor (unknown origin) expressed in CHO cells,B,Homo sapiens,,J Med Chem,2019.0,Muscarinic acetylcholine receptor M1,Ki,nM,6.5,532.73,6.08
CHEMBL4451383,2.138,CC(=O)N[C@@H](Cc1ccc(O)cc1)C(=O)N[C@@H](CCCCN)C(=O)NCCN1CCN(CCCCC2CCN(CC(=O)N3c4ccccc4NC(=O)c4ccccc43)CC2)CC1.O=C(O)C(F)(F)F.O=C(O)C(F)(F)F.O=C(O)C(F)(F)F.O=C(O)C(F)(F)F,Scientific Literature,Displacement of [3H]-NMS from human muscarinic M1 receptor expressed in CHO-K9 cells after 3 hrs by microbeta2 scintillation counting method,B,Homo sapiens,,J Med Chem,2019.0,Muscarinic acetylcholine receptor M1,Ki,nM,8.67,1308.18,3.6
CHEMBL2311547,27000.0,COc1ccc(CCOC(=O)C2=C(c3cccc(F)c3)CCN(C)C2)cc1OC,Scientific Literature,Displacement of [3H]NMS from human M1 muscarinic receptor expressed in CHO-K1 cells,B,Homo sapiens,,J Med Chem,2013.0,Muscarinic acetylcholine receptor M1,Ki,nM,4.57,399.46,3.72
CHEMBL4639307,0.75,C[N@+]12CC[C@H](CC1)[C@@H](OC(=O)Nc1ccc(F)cc1-c1ccccc1)C2.O=C([O-])C(F)(F)F,Scientific Literature,Displacement of [3H]N-methylscopolamine from human muscarinic M1 receptor transiently expressed in HEK293T cell membranes incubated for 1 hr by scintillation counting method,B,Homo sapiens,,J Med Chem,2020.0,Muscarinic acetylcholine receptor M1,Ki,nM,9.12,468.45,4.28
CHEMBL4644670,0.56,O=C(Nc1ccccc1-c1ccccc1)O[C@H]1CN2CCC1CC2,Scientific Literature,Displacement of [3H]N-methylscopolamine from human muscarinic M1 receptor transiently expressed in HEK293T cell membranes incubated for 1 hr by scintillation counting method,B,Homo sapiens,,J Med Chem,2020.0,Muscarinic acetylcholine receptor M1,Ki,nM,9.25,322.41,4.0
CHEMBL4634575,120.23,C[N+]1=C(/C=C/C=C/C=C2/N(CCCCCC(=O)NCCCCC3CCN(CC(=O)N4c5ccccc5NC(=O)c5ccccc54)CC3)c3ccccc3C2(C)C)C(C)(C)c2ccccc21.O=C(O)C(F)(F)F.O=C([O-])C(F)(F)F,Scientific Literature,Displacement of [3H]-NMS from human muscarinic M1 receptor stably expressed in CHO-K9 cells by radioligand competitive binding assay,B,Homo sapiens,,J Med Chem,2020.0,Muscarinic acetylcholine receptor M1,Ki,nM,6.92,1099.23,10.98
CHEMBL556390,323.59,C[N+]1(C)CCC[C@@H]1[C@@H]1C[S+]([O-])C(c2ccccc2)(c2ccccc2)O1.[I-],Scientific Literature,Displacement of [3H]NMS from human muscarinic M1 receptor expressed in CHO cells,B,Homo sapiens,,Bioorg Med Chem,2008.0,Muscarinic acetylcholine receptor M1,Ki,nM,6.49,483.42,3.27
CHEMBL2205827,4610.0,COc1ccc(CN2C3C4C5CC6C7C5C3C7C2(O)C64)cc1OC,Scientific Literature,Binding affinity to M1 muscarinic receptor,B,,,Bioorg Med Chem Lett,2012.0,Muscarinic acetylcholine receptor M1,Ki,nM,5.34,325.41,1.96
CHEMBL1172,64.0,Clc1ccc2c(c1)CCc1cccnc1C2=C1CCNCC1,DrugMatrix,DRUGMATRIX: Muscarinic M1 radioligand binding (ligand: [3H] N-Methylscopolamine),B,,,,,Muscarinic acetylcholine receptor M1,Ki,nM,7.19,310.83,4.02
CHEMBL3545181,0.12,C[N+]1(C)[C@@H]2C[C@@H](OC(=O)C(O)(c3cccs3)c3cccs3)C[C@H]1[C@@H]1O[C@@H]12.O.[Br-],Scientific Literature,Binding affinity to muscarinic M1 receptor,B,,,J Med Chem,2009.0,Muscarinic acetylcholine receptor M1,Ki,nM,9.92,490.44,2.35
CHEMBL551466,0.08,O=C(O[C@H]1C[N+]2(CCCOc3ccccc3)CCC1CC2)C(O)(c1cccs1)c1cccs1.[Br-],Scientific Literature,Binding affinity to muscarinic M1 receptor,B,,,J Med Chem,2009.0,Muscarinic acetylcholine receptor M1,Ki,nM,10.1,564.57,4.67
CHEMBL341476,300.0,C1=C(c2ccco2)C2CCN1CC2,Scientific Literature,Binding affinity for muscarinic acetylcholine receptor M1 by measuring displacement of [3H]QNB from guinea pig cerebral cortex,B,Cavia porcellus,Cerebral cortex,J Med Chem,1995.0,Muscarinic acetylcholine receptor M1,Ki,nM,6.52,175.23,2.35
CHEMBL12089,742.0,COc1ccc2cc3[n+](cc2c1OC)CCc1cc2c(cc1-3)OCO2.[Cl-],DrugMatrix,DRUGMATRIX: Muscarinic M1 radioligand binding (ligand: [3H] N-Methylscopolamine),B,,,,,Muscarinic acetylcholine receptor M1,Ki,nM,6.13,371.82,3.1
CHEMBL75880,652.8,C1CCC(C(CC2CCCCN2)C2CCCCC2)CC1,DrugMatrix,DRUGMATRIX: Muscarinic M1 radioligand binding (ligand: [3H] N-Methylscopolamine),B,,,,,Muscarinic acetylcholine receptor M1,Ki,nM,6.18,277.5,5.3
CHEMBL4644852,2.1,O=C(Nc1ccc(F)cc1-c1ccccc1)OCC1CCNCC1,Scientific Literature,Displacement of [3H]N-methylscopolamine from human muscarinic M1 receptor transiently expressed in HEK293T cell membranes incubated for 1 hr by scintillation counting method,B,Homo sapiens,,J Med Chem,2020.0,Muscarinic acetylcholine receptor M1,Ki,nM,8.68,328.39,4.04
CHEMBL808,636.0,Clc1ccc(COC(Cn2ccnc2)c2ccc(Cl)cc2Cl)cc1,DrugMatrix,DRUGMATRIX: Muscarinic M1 radioligand binding (ligand: [3H] N-Methylscopolamine),B,,,,,Muscarinic acetylcholine receptor M1,Ki,nM,6.2,381.69,5.8
CHEMBL4760037,14125.38,O=C(CCN1CCCc2ccccc21)N1CCCC1CO,Scientific Literature,Displacement of [3H]-NMS from muscarinic M1 receptor (unknown origin) expressed in CHO-K1 cell membranes assessed as inhibition constant by radioligand competition analysis,B,Homo sapiens,,Bioorg Med Chem Lett,2020.0,Muscarinic acetylcholine receptor M1,Ki,nM,4.85,288.39,1.81
CHEMBL4765133,100000.0,O=C(CCN1CCCc2ccccc21)Nc1ccc(O)cc1F,Scientific Literature,Displacement of [3H]-NMS from muscarinic M1 receptor (unknown origin) expressed in CHO-K1 cell membranes assessed as inhibition constant by radioligand competition analysis,B,Homo sapiens,,Bioorg Med Chem Lett,2020.0,Muscarinic acetylcholine receptor M1,Ki,nM,,314.36,3.31
CHEMBL4745429,100000.0,CC1Cc2ccccc2N1CC(=O)N1CCCC1,Scientific Literature,Displacement of [3H]-NMS from muscarinic M1 receptor (unknown origin) expressed in CHO-K1 cell membranes assessed as inhibition constant by radioligand competition analysis,B,Homo sapiens,,Bioorg Med Chem Lett,2020.0,Muscarinic acetylcholine receptor M1,Ki,nM,4.0,244.34,2.06
CHEMBL4760150,27542.29,CC1CCCC(C)N1C(=O)CCN1CCCc2ccccc21,Scientific Literature,Displacement of [3H]-NMS from muscarinic M1 receptor (unknown origin) expressed in CHO-K1 cell membranes assessed as inhibition constant by radioligand competition analysis,B,Homo sapiens,,Bioorg Med Chem Lett,2020.0,Muscarinic acetylcholine receptor M1,Ki,nM,4.56,300.45,3.62
CHEMBL4649201,0.66,O=C(Nc1ccc(F)cc1-c1ccc(Cl)c(Cl)c1)OCC1CCNCC1,Scientific Literature,Displacement of [3H]N-methylscopolamine from human muscarinic M1 receptor transiently expressed in HEK293T cell membranes incubated for 1 hr by scintillation counting method,B,Homo sapiens,,J Med Chem,2020.0,Muscarinic acetylcholine receptor M1,Ki,nM,9.18,397.28,5.35
CHEMBL4641714,10.0,CC1(C)C(/C=C/C=C/C=C2/N(CCCCCC(=O)NCCN3CCN(CCCCC4CCN(CC(=O)N5c6ccccc6NC(=O)c6ccccc65)CC4)CC3)c3ccccc3C2(C)C)=[N+](CCCCS(=O)(=O)[O-])c2ccccc21.O=C(O)C(F)(F)F.O=C(O)C(F)(F)F.O=C(O)C(F)(F)F,Scientific Literature,Displacement of [3H]-NMS from human muscarinic M1 receptor stably expressed in CHO-K9 cells by radioligand competitive binding assay,B,Homo sapiens,,J Med Chem,2020.0,Muscarinic acetylcholine receptor M1,Ki,nM,8.0,1447.57,
CHEMBL4643273,2.291,CC1(C)C(/C=C/C=C/C=C2/N(CCCCCC(=O)NCc3cc(C(=O)NCCN4CCC(N5CCC(n6c(=O)[nH]c7ccccc76)CC5)CC4)cc(C(=O)NCCN4CCN(CCCCC5CCN(CC(=O)N6c7ccccc7NC(=O)c7ccccc76)CC5)CC4)c3)c3ccc(S(=O)(=O)[O-])cc3C2(C)C)=[N+](CCCCS(=O)(=O)O)c2ccccc21.O=C(O)C(F)(F)F.O=C(O)C(F)(F)F.O=C(O)C(F)(F)F.O=C(O)C(F)(F)F,Scientific Literature,Displacement of [3H]-NMS from human muscarinic M1 receptor stably expressed in CHO-K9 cells by radioligand competitive binding assay,B,Homo sapiens,,J Med Chem,2020.0,Muscarinic acetylcholine receptor M1,Ki,nM,8.64,2144.28,
CHEMBL4572614,8500.0,Cc1ncc2nccn2c1-c1ccc(Oc2nccc3occc23)cc1C(F)(F)F,Scientific Literature,Displacement of [3H]-QNB/[3H]-NMS from human muscarinic M1 receptor expressed in stable CHO cells after 90 mins by microbeta scintillation counting method,B,Homo sapiens,,J Med Chem,2019.0,Muscarinic acetylcholine receptor M1,Ki,nM,5.07,410.36,5.66
CHEMBL4520788,314.14,CNCc1ccccc1-c1csc([C@H](C)Nc2nc(C)nc3cc(OC)c(OC)cc23)c1,SGC Frankfurt - Donated Chemical Probes,GPCRScan assay: inhibition of M1,B,Homo sapiens,,,2021.0,Muscarinic acetylcholine receptor M1,Ki,nM,6.5,448.59,5.58
CHEMBL657,83.0,CN(C)CCOC(c1ccccc1)c1ccccc1,DrugMatrix,DRUGMATRIX: Muscarinic M1 radioligand binding (ligand: [3H] N-Methylscopolamine),B,,,,,Muscarinic acetylcholine receptor M1,Ki,nM,7.08,255.36,3.35
CHEMBL395110,19.0,CN1CCCC(CN2c3ccccc3Sc3ccccc32)C1,DrugMatrix,DRUGMATRIX: Muscarinic M1 radioligand binding (ligand: [3H] N-Methylscopolamine),B,,,,,Muscarinic acetylcholine receptor M1,Ki,nM,7.72,310.47,4.63
CHEMBL2111540,140.0,COc1ccc([S@@+]([O-])c2ccc(C(C#N)N3CCN(C4CCCCC4)CC3)cc2)cc1,Scientific Literature,Binding affinity towards the cloned human Muscarinic acetylcholine receptor M1,B,,,Bioorg Med Chem Lett,2000.0,Muscarinic acetylcholine receptor M1,Ki,nM,6.85,437.61,4.38
CHEMBL4640926,3162.28,C[N+](C)(C)C[C@@H]1COC[C@H](c2ccc(Sc3ccccc3)cc2)O1.[I-],Scientific Literature,Displacement of [3H]NMS from human recombinant muscarinic receptor M1 expressed in CHO-K1 cell membranes incubated for 2 hrs by scintillation counting method,B,Homo sapiens,,J Med Chem,2020.0,Muscarinic acetylcholine receptor M1,Ki,nM,5.5,471.4,4.0
CHEMBL4638067,10000.0,C[N+](C)(C)C[C@@H]1CO[C@H](c2ccc(Cc3ccccc3)cc2)CO1.[I-],Scientific Literature,Displacement of [3H]NMS from human recombinant muscarinic receptor M1 expressed in CHO-K1 cell membranes incubated for 2 hrs by scintillation counting method,B,Homo sapiens,,J Med Chem,2020.0,Muscarinic acetylcholine receptor M1,Ki,nM,,453.36,3.44
CHEMBL4634605,10000.0,C[N+](C)(C)C[C@@H]1CO[C@H](c2ccc([S+]([O-])c3ccccc3)cc2)CO1.[I-],Scientific Literature,Displacement of [3H]NMS from human recombinant muscarinic receptor M1 expressed in CHO-K1 cell membranes incubated for 2 hrs by scintillation counting method,B,Homo sapiens,,J Med Chem,2020.0,Muscarinic acetylcholine receptor M1,Ki,nM,,487.4,3.02
CHEMBL343236,440.0,c1ccc2c(c1)CC(C1CN3CCC1CC3)O2,Scientific Literature,Binding affinity for muscarinic acetylcholine receptor M1 by measuring displacement of [3H]QNB from guinea pig cerebral cortex,B,Cavia porcellus,Cerebral cortex,J Med Chem,1995.0,Muscarinic acetylcholine receptor M1,Ki,nM,6.36,229.32,2.33
CHEMBL277642,107.15,C[C@@H]1OC(=O)[C@H]2C[C@H]3CCCC[C@@H]3[C@@H](/C=C/[C@H]3CCC[C@H](C)N3C)[C@@H]12,Scientific Literature,Binding affinity against human muscarine receptor (hM1) cloned in CHO cells,B,Homo sapiens,,Bioorg Med Chem Lett,2002.0,Muscarinic acetylcholine receptor M1,Ki,nM,6.97,345.53,4.42
CHEMBL1201203,0.131,CN1[C@@H]2CC[C@H]1C[C@@H](OC(c1ccccc1)c1ccccc1)C2,DrugMatrix,DRUGMATRIX: Muscarinic M1 radioligand binding (ligand: [3H] N-Methylscopolamine),B,,,,,Muscarinic acetylcholine receptor M1,Ki,nM,9.88,307.44,4.42
CHEMBL307234,60.39,C=C(c1ccc(S(=O)(=O)c2ccc(OC)cc2)cc1)C1CCN(C2CCN(C(=O)OC)CC2)CC1,Scientific Literature,Binding affinity to muscarinic M1 receptor,B,Homo sapiens,,Bioorg Med Chem Lett,2007.0,Muscarinic acetylcholine receptor M1,Ki,nM,7.22,498.65,4.48
CHEMBL14,170.0,C[N+](C)(C)CCOC(N)=O.[Cl-],Scientific Literature,Inhibition of [3H]- oxotremorine-M binding to human Muscarinic acetylcholine receptor M1 expressed in CHO cell membranes,B,Homo sapiens,,J Med Chem,2000.0,Muscarinic acetylcholine receptor M1,Ki,nM,6.77,182.65,-0.21
CHEMBL726,646.0,OCCN1CCN(CCCN2c3ccccc3Sc3ccc(C(F)(F)F)cc32)CC1,DrugMatrix,DRUGMATRIX: Muscarinic M1 radioligand binding (ligand: [3H] N-Methylscopolamine),B,,,,,Muscarinic acetylcholine receptor M1,Ki,nM,6.19,437.53,4.31
CHEMBL2441752,100000.0,CN1C[C@@H](C[N+](C)(C)C)OC1=O,Scientific Literature,Displacement of [3H]NMS from human muscarinic M1 receptor expressed in CHO cells,B,Homo sapiens,,Bioorg Med Chem Lett,2013.0,Muscarinic acetylcholine receptor M1,Ki,nM,,173.24,0.14
CHEMBL2311982,100000.0,CCOC(=O)C1=C(c2ccccc2)CCN(C2CCN(S(=O)(=O)c3ccc(C)cc3)CC2)C1,Scientific Literature,Displacement of [3H]NMS from human M1 muscarinic receptor expressed in CHO-K1 cells,B,Homo sapiens,,J Med Chem,2013.0,Muscarinic acetylcholine receptor M1,Ki,nM,,468.62,3.87
CHEMBL1242923,1000.0,O=C(Cc1ccccc1)NC1CCN(CCCN2C(=O)COc3ccccc32)CC1,Scientific Literature,Binding affinity to human muscarinic M1 receptor by radioligand displacement assay,B,Homo sapiens,,J Med Chem,2010.0,Muscarinic acetylcholine receptor M1,Ki,nM,,407.51,2.63
CHEMBL3084662,0.5012,CN1[C@@H]2CC[C@H]1C[C@@H](CC(O)(c1ccccc1)c1ccccc1)C2,Scientific Literature,Displacement of [3H]N-methyl Scopolamine from human cloned muscarinic M1 receptor expressed in CHO cell membrane,B,Homo sapiens,,Bioorg Med Chem Lett,2009.0,Muscarinic acetylcholine receptor M1,Ki,nM,9.3,321.46,4.19
CHEMBL317757,11.6,CN1C2CCC1CC(OC(c1ccc(F)cc1)c1ccc(F)cc1)C2,Scientific Literature,Displacement of [3H]pirenzepine from Muscarinic receptor M1,B,Homo sapiens,,Bioorg Med Chem Lett,2005.0,Muscarinic acetylcholine receptor M1,Ki,nM,7.94,343.42,4.7
CHEMBL3085028,130.0,C=CCN1[C@@H]2CC[C@H]1C[C@@H](NC(c1ccc(F)cc1)c1ccc(F)cc1)C2,Scientific Literature,Displacement of [3H]pirenzepine from Muscarinic receptor M1,B,Homo sapiens,,Bioorg Med Chem Lett,2005.0,Muscarinic acetylcholine receptor M1,Ki,nM,6.89,368.47,4.83
CHEMBL531742,2331.58,CCc1ccc(OCc2ccccc2C(=O)Nc2ccc3nc(C)cc(N)c3c2)cc1.Cl,EUbOPEN Chemogenomic Library,"PDSP Secondary Binding target: CHRM1 - Compounds are tested at 10 uM concentration, plate are incubated at room temperature in the dark for 90 minutes. Reaction are stopped by vacuum filtration onto 0.3% polyethyleneimine soaked filter mats using Filtermate harvester. Scintillation cocktail is then melted onto microwave-dried filters on a hot plate and the radio activity is counted in Microbia counter. Compounds showing a minimum of 50% inhibition at 10 uM concentration are carried forward in this secondary binding assay to determine equilibrium binding affinity.",B,Homo sapiens,,,2024.0,Muscarinic acetylcholine receptor M1,Ki,nM,5.63,447.97,5.52
CHEMBL214957,1237.37,COc1cc(-n2cnc3cc(-c4ccc(Cl)cc4)sc3c2=O)ccc1OCCN1CCCC1,EUbOPEN Chemogenomic Library,"PDSP Secondary Binding target: CHRM1 - Compounds are tested at 10 uM concentration, plate are incubated at room temperature in the dark for 90 minutes. Reaction are stopped by vacuum filtration onto 0.3% polyethyleneimine soaked filter mats using Filtermate harvester. Scintillation cocktail is then melted onto microwave-dried filters on a hot plate and the radio activity is counted in Microbia counter. Compounds showing a minimum of 50% inhibition at 10 uM concentration are carried forward in this secondary binding assay to determine equilibrium binding affinity.",B,Homo sapiens,,,2024.0,Muscarinic acetylcholine receptor M1,Ki,nM,5.91,482.01,5.25
CHEMBL3354066,77.62,CN1CCC=C(c2nsnc2OCCCC2CCN(CCCN3C(=O)CCc4ccccc43)CC2)C1,Scientific Literature,Displacement of [3H]NMS from human M1 receptor expressed in CHO cells by microplate scintillation counting based radioligand binding assay,B,Homo sapiens,,J Med Chem,2014.0,Muscarinic acetylcholine receptor M1,Ki,nM,7.11,509.72,4.5
CHEMBL3354069,1.023,CN1CCC=C(c2nsnc2OCCCCCCCCCC2CCN(CCCN3C(=O)CCc4ccccc43)CC2)C1,Scientific Literature,Displacement of [3H]NMS from human M1 receptor expressed in CHO cells by microplate scintillation counting based radioligand binding assay,B,Homo sapiens,,J Med Chem,2014.0,Muscarinic acetylcholine receptor M1,Ki,nM,8.99,593.88,6.84
CHEMBL3354070,10.96,CN1CCC=C(c2nsnc2OCCCCCCCCCCCC2CCN(CCCN3C(=O)CCc4ccccc43)CC2)C1,Scientific Literature,Displacement of [3H]NMS from human M1 receptor expressed in CHO cells by microplate scintillation counting based radioligand binding assay,B,Homo sapiens,,J Med Chem,2014.0,Muscarinic acetylcholine receptor M1,Ki,nM,7.96,621.94,7.62
CHEMBL3354073,467.74,O=C1CCc2ccccc2N1CCCN1CCC(CCCCCO)CC1,Scientific Literature,Displacement of [3H]NMS from human M1 receptor expressed in CHO cells by microplate scintillation counting based radioligand binding assay,B,Homo sapiens,,J Med Chem,2014.0,Muscarinic acetylcholine receptor M1,Ki,nM,6.33,358.53,3.62
CHEMBL3354075,281.84,O=C1CCc2ccccc2N1CCCN1CCC(CCCCCCCCCO)CC1,Scientific Literature,Displacement of [3H]NMS from human M1 receptor expressed in CHO cells by microplate scintillation counting based radioligand binding assay,B,Homo sapiens,,J Med Chem,2014.0,Muscarinic acetylcholine receptor M1,Ki,nM,6.55,414.63,5.18
CHEMBL3354077,186.21,O=C1CCc2ccccc2N1CCCN1CCC(CCCCCCCCCCCCCO)CC1,Scientific Literature,Displacement of [3H]NMS from human M1 receptor expressed in CHO cells by microplate scintillation counting based radioligand binding assay,B,Homo sapiens,,J Med Chem,2014.0,Muscarinic acetylcholine receptor M1,Ki,nM,6.73,470.74,6.74
CHEMBL143469,1.66,CN1CCC=C(c2nsnc2OCCCCCCCCCOc2nsnc2C2=CCCN(C)C2)C1,Scientific Literature,Displacement of [3H]NMS from human M1 receptor expressed in CHO cells by microplate scintillation counting based radioligand binding assay,B,Homo sapiens,,J Med Chem,2014.0,Muscarinic acetylcholine receptor M1,Ki,nM,8.78,518.75,5.02
CHEMBL3092759,1000.0,Cl.NC(N)=NC(=O)c1ccc2c(c1)C(O)c1ccccc1-2,Scientific Literature,Binding affinity to muscarinic M1 receptor (unknown origin),B,Homo sapiens,,Bioorg Med Chem,2013.0,Muscarinic acetylcholine receptor M1,Ki,nM,,303.75,1.16
CHEMBL3545181,0.013,C[N+]1(C)[C@@H]2C[C@@H](OC(=O)C(O)(c3cccs3)c3cccs3)C[C@H]1[C@@H]1O[C@@H]12.O.[Br-],Scientific Literature,Displacement of [3H]-NMS from human recombinant M1 receptor expressed in CHO cells after 24 hrs by filter binding assay,B,Homo sapiens,,J Med Chem,2011.0,Muscarinic acetylcholine receptor M1,Ki,nM,10.89,490.44,2.35
CHEMBL549599,988.0,CNC1CCN(c2nc3ccccc3n2Cc2ccc(F)cc2)CC1,Scientific Literature,Displacement of [3H]N-methyl Scopolamine from human muscarinic M1 receptor expressed in CHO Flp-In cells by liquid scintillation assay,B,Homo sapiens,,Bioorg Med Chem Lett,2009.0,Muscarinic acetylcholine receptor M1,Ki,nM,6.0,338.43,3.41
CHEMBL2312391,200.0,CCN1CCC(c2ccccc2)=C(C(=O)OCCc2ccccc2C)C1,Scientific Literature,Displacement of [3H]NMS from human M1 muscarinic receptor expressed in CHO-K1 cells,B,Homo sapiens,,J Med Chem,2013.0,Muscarinic acetylcholine receptor M1,Ki,nM,6.7,349.47,4.26
CHEMBL1090175,10000.0,COc1ccc2c(c1)CC(CCN(C)C)=C2[C@@H](C)c1cnccn1,Scientific Literature,Binding affinity at M1 receptor,B,,,Bioorg Med Chem Lett,2010.0,Muscarinic acetylcholine receptor M1,Ki,nM,,323.44,3.55
CHEMBL3084650,0.1,CN1[C@@H]2CC[C@H]1C[C@@H](CC(C#N)(c1ccccc1)c1ccccc1)C2,Scientific Literature,Displacement of [3H]N-methyl Scopolamine from human cloned muscarinic M1 receptor expressed in CHO cell membrane,B,Homo sapiens,,Bioorg Med Chem Lett,2009.0,Muscarinic acetylcholine receptor M1,Ki,nM,10.0,330.48,4.76
CHEMBL259344,8317.64,C[C@H]1O[C@@H]([C@@H]2CCC[N+]2(C)C)CS1,Scientific Literature,Binding affinity to human cloned muscarinic M1 receptor expressed in CHO cells,B,Homo sapiens,,Bioorg Med Chem,2008.0,Muscarinic acetylcholine receptor M1,Ki,nM,5.08,202.34,1.7
CHEMBL4640703,0.34,O=C(Nc1ccc(F)cc1-c1cccc(Cl)c1)OCC1CCNCC1,Scientific Literature,Displacement of [3H]N-methylscopolamine from human muscarinic M1 receptor transiently expressed in HEK293T cell membranes incubated for 1 hr by scintillation counting method,B,Homo sapiens,,J Med Chem,2020.0,Muscarinic acetylcholine receptor M1,Ki,nM,9.47,362.83,4.69
CHEMBL4633165,15.0,O=C(Nc1ccc(F)cc1-c1ccc(Br)cc1)OCC1CCNCC1,Scientific Literature,Displacement of [3H]N-methylscopolamine from human muscarinic M1 receptor transiently expressed in HEK293T cell membranes incubated for 1 hr by scintillation counting method,B,Homo sapiens,,J Med Chem,2020.0,Muscarinic acetylcholine receptor M1,Ki,nM,7.82,407.28,4.8
CHEMBL4648071,0.53,O=C(Nc1ccc(F)cc1-c1cccc(Cl)c1)O[C@H]1CN2CCC1CC2,Scientific Literature,Displacement of [3H]N-methylscopolamine from human muscarinic M1 receptor transiently expressed in HEK293T cell membranes incubated for 1 hr by scintillation counting method,B,Homo sapiens,,J Med Chem,2020.0,Muscarinic acetylcholine receptor M1,Ki,nM,9.28,374.84,4.79
CHEMBL1908368,1.51,CC(C)[N+]1(C)C2CCC1CC(OC(=O)C(CO)c1ccccc1)C2.O.[Br-],Scientific Literature,Binding affinity to muscarinic M1 receptor,B,,,J Med Chem,2009.0,Muscarinic acetylcholine receptor M1,Ki,nM,8.82,430.38,2.85
CHEMBL71,125.89,CN(C)CCCN1c2ccccc2Sc2ccc(Cl)cc21,Scientific Literature,Displacement of [3H]pirenzepine from human M1 receptor expressed in CHO cells,B,Homo sapiens,,J Med Chem,2007.0,Muscarinic acetylcholine receptor M1,Ki,nM,6.9,318.87,4.89
CHEMBL4875268,831.76,CC(=O)NC(=O)[C@H](CCCCN)NC(=O)[C@H](C)NC(=O)[C@H](CCCNC(=N)N)NCCN1CCN(C(=O)CCC2CCN(CC(=O)N3c4ccccc4NC(=O)c4ccccc43)CC2)CC1.O=C(O)C(F)(F)F.O=C(O)C(F)(F)F.O=C(O)C(F)(F)F,Scientific Literature,Displacement of [3H]-NMS from human muscarinic M1 receptor expressed in CHO cell membranes assessed as inhibition constant by radioligand competition analysis,B,Homo sapiens,,Eur J Med Chem,2021.0,Muscarinic acetylcholine receptor M1,Ki,nM,6.08,1258.21,0.56
CHEMBL4877107,537.03,CC(=O)N[C@@H](CCCN)C(=O)NC(=O)[C@H](C)NC(=O)[C@H](CCNC(=N)N)NCCN1CCN(C(=O)CCC2CCN(CC(=O)N3c4ccccc4NC(=O)c4ccccc43)CC2)CC1.O=C(O)C(F)(F)F.O=C(O)C(F)(F)F.O=C(O)C(F)(F)F.O=C(O)C(F)(F)F,Scientific Literature,Displacement of [3H]-NMS from human muscarinic M1 receptor expressed in CHO cell membranes assessed as inhibition constant by radioligand competition analysis,B,Homo sapiens,,Eur J Med Chem,2021.0,Muscarinic acetylcholine receptor M1,Ki,nM,6.27,1344.18,-0.22
CHEMBL4569639,1.413,CC(=O)N[C@@H](CCCCN)C(=O)N[C@@H](Cc1ccc(O)cc1)C(=O)NCCN1CCN(CCCCC2CCN(CC(=O)N3c4ccccc4NC(=O)c4ccccc43)CC2)CC1.O=C(O)C(F)(F)F.O=C(O)C(F)(F)F.O=C(O)C(F)(F)F.O=C(O)C(F)(F)F,Scientific Literature,Displacement of [3H]-NMS from human muscarinic M1 receptor expressed in CHO-K9 cells after 3 hrs by microbeta2 scintillation counting method,B,Homo sapiens,,J Med Chem,2019.0,Muscarinic acetylcholine receptor M1,Ki,nM,8.85,1308.18,3.6
CHEMBL4555411,93.33,CC(=O)N[C@@H](Cc1c[nH]c2ccccc12)C(=O)N[C@@H](C)C(=O)N[C@@H](Cc1ccc(O)cc1)C(=O)NCCCCC1CCN(CC(=O)N2c3ccccc3NC(=O)c3ccccc32)CC1.O=C(O)C(F)(F)F,Scientific Literature,Displacement of [3H]-NMS from human muscarinic M1 receptor expressed in CHO-K9 cells after 3 hrs by microbeta2 scintillation counting method,B,Homo sapiens,,J Med Chem,2019.0,Muscarinic acetylcholine receptor M1,Ki,nM,7.03,983.06,5.08
CHEMBL4856090,1905.46,CC(=O)NC(=O)[C@H](CCCCN)NC(=O)[C@H](CCCNC(=N)N)NCCCC1CCN(CC(=O)N2c3ccccc3NC(=O)c3ccccc32)CC1.O=C(O)C(F)(F)F.O=C(O)C(F)(F)F.O=C(O)C(F)(F)F,Scientific Literature,Displacement of [3H]-NMS from human muscarinic M1 receptor expressed in CHO cell membranes assessed as inhibition constant by radioligand competition analysis,B,Homo sapiens,,Eur J Med Chem,2021.0,Muscarinic acetylcholine receptor M1,Ki,nM,5.72,1060.97,1.91
CHEMBL4868124,758.58,CC(=O)N[C@@H](CCCN)C(=O)NC(=O)[C@H](CCCNC(=N)N)NCCCC1CCN(CC(=O)N2c3ccccc3NC(=O)c3ccccc32)CC1.O=C(O)C(F)(F)F.O=C(O)C(F)(F)F.O=C(O)C(F)(F)F,Scientific Literature,Displacement of [3H]-NMS from human muscarinic M1 receptor expressed in CHO cell membranes assessed as inhibition constant by radioligand competition analysis,B,Homo sapiens,,Eur J Med Chem,2021.0,Muscarinic acetylcholine receptor M1,Ki,nM,6.12,1046.94,1.52
CHEMBL4864727,1.349,N=C(N)NCCC[C@H](N)C(=O)NCCN1CCN(CCCCC2CCN(CC(=O)N3c4ccccc4NC(=O)c4ccccc43)CC2)CC1.O=C(O)C(F)(F)F.O=C(O)C(F)(F)F.O=C(O)C(F)(F)F.O=C(O)C(F)(F)F.O=C(O)C(F)(F)F,Scientific Literature,Displacement of [3H]-NMS from human muscarinic M1 receptor expressed in CHO cell membranes assessed as inhibition constant by radioligand competition analysis,B,Homo sapiens,,Eur J Med Chem,2021.0,Muscarinic acetylcholine receptor M1,Ki,nM,8.87,1245.01,2.12
CHEMBL4862735,0.912,CC(=O)NC(=O)[C@H](CCCNC(=N)N)NC(=O)[C@H](C)NC(=O)CNC(=O)[C@H](CCCNC(=N)N)NCCN1CCN(CCCCC2CCN(CC(=O)N3c4ccccc4NC(=O)c4ccccc43)CC2)CC1.O=C(O)C(F)(F)F.O=C(O)C(F)(F)F.O=C(O)C(F)(F)F.O=C(O)C(F)(F)F.O=C(O)C(F)(F)F,Scientific Literature,Displacement of [3H]-NMS from human muscarinic M1 receptor expressed in CHO cell membranes assessed as inhibition constant by radioligand competition analysis,B,Homo sapiens,,Eur J Med Chem,2021.0,Muscarinic acetylcholine receptor M1,Ki,nM,9.04,1571.36,
CHEMBL4872632,10000.0,CC(=O)N[C@H](CCCN)C(=O)NC(=O)[C@H](C)NC(=O)[C@@H](CCCNC(=N)N)NCCN1CCN(CC(=O)NC2CCN(CC(=O)N3c4ccccc4NC(=O)c4ccccc43)CC2)CC1.O=C(O)C(F)(F)F.O=C(O)C(F)(F)F.O=C(O)C(F)(F)F.O=C(O)C(F)(F)F.O=C(O)C(F)(F)F,Scientific Literature,Displacement of [3H]-NMS from human muscarinic M1 receptor expressed in CHO cell membranes assessed as inhibition constant by radioligand competition analysis,B,Homo sapiens,,Eur J Med Chem,2021.0,Muscarinic acetylcholine receptor M1,Ki,nM,,1473.21,-1.27
CHEMBL4455570,1.445,CN1CC=C(c2nsnc2OCCCN2CCN(CCCCC3CCN(CC(=O)N4c5ccccc5NC(=O)c5ccccc54)CC3)CC2)CC1,Scientific Literature,Displacement of [3H]-NMS from human muscarinic M1 receptor expressed in CHO-K9 cells after 3 hrs by microbeta2 scintillation counting method,B,Homo sapiens,,J Med Chem,2019.0,Muscarinic acetylcholine receptor M1,Ki,nM,8.84,712.97,5.46
CHEMBL4562770,30.2,CC(=O)N[C@@H](CCCCN)C(=O)N[C@@H](Cc1ccc(O)cc1)C(=O)NCCCCC1CCN(CC(=O)N2c3ccccc3NC(=O)c3ccccc32)CC1.O=C(O)C(F)(F)F.O=C(O)C(F)(F)F,Scientific Literature,Displacement of [3H]-NMS from human muscarinic M1 receptor expressed in CHO-K9 cells after 3 hrs by microbeta2 scintillation counting method,B,Homo sapiens,,J Med Chem,2019.0,Muscarinic acetylcholine receptor M1,Ki,nM,7.52,967.96,3.98
CHEMBL4544820,87.1,CC(=O)N[C@@H](Cc1ccc(O)cc1)C(=O)N[C@@H](CCCCN)C(=O)NCCCCC1CCN(CC(=O)N2c3ccccc3NC(=O)c3ccccc32)CC1.O=C(O)C(F)(F)F.O=C(O)C(F)(F)F,Scientific Literature,Displacement of [3H]-NMS from human muscarinic M1 receptor expressed in CHO-K9 cells after 3 hrs by microbeta2 scintillation counting method,B,Homo sapiens,,J Med Chem,2019.0,Muscarinic acetylcholine receptor M1,Ki,nM,7.06,967.96,3.98
CHEMBL4471882,2.754,CCC(=O)NCc1cc(C(=O)NCCN2CCC(N3CCC(n4c(=O)[nH]c5ccccc54)CC3)CC2)cc(C(=O)NCCN2CCN(CCCCC3CCN(CC(=O)N4c5ccccc5NC(=O)c5ccccc54)CC3)CC2)c1,Scientific Literature,Displacement of [3H]-NMS from human muscarinic M1 receptor expressed in CHO-K9 cells after 3 hrs by microbeta2 scintillation counting method,B,Homo sapiens,,J Med Chem,2019.0,Muscarinic acetylcholine receptor M1,Ki,nM,8.56,1077.39,
CHEMBL4567026,2.951,CC(=O)N[C@@H](CCC(N)=O)C(=O)N[C@@H](C)C(=O)N[C@@H](CC(C)C)C(=O)NCCN1CCN(CCCCC2CCN(CC(=O)N3c4ccccc4NC(=O)c4ccccc43)CC2)CC1.O=C(O)C(F)(F)F.O=C(O)C(F)(F)F.O=C(O)C(F)(F)F,Scientific Literature,Displacement of [3H]-NMS from human muscarinic M1 receptor expressed in CHO-K9 cells after 3 hrs by microbeta2 scintillation counting method,B,Homo sapiens,,J Med Chem,2019.0,Muscarinic acetylcholine receptor M1,Ki,nM,8.53,1215.18,2.34
CHEMBL4543584,177.83,CC(=O)N[C@@H](Cc1ccc(O)cc1)C(=O)N[C@@H](C)C(=O)N[C@@H](CCCCN)C(=O)NCCCCC1CCN(CC(=O)N2c3ccccc3NC(=O)c3ccccc32)CC1.O=C(O)C(F)(F)F.O=C(O)C(F)(F)F,Scientific Literature,Displacement of [3H]-NMS from human muscarinic M1 receptor expressed in CHO-K9 cells after 3 hrs by microbeta2 scintillation counting method,B,Homo sapiens,,J Med Chem,2019.0,Muscarinic acetylcholine receptor M1,Ki,nM,6.75,1039.04,3.49
CHEMBL556506,20000.0,C[C@H](C1=C(CCN(C)C)Cc2ccccc21)c1cnccn1,Scientific Literature,Binding affinity at M1 receptor,B,,,Bioorg Med Chem Lett,2010.0,Muscarinic acetylcholine receptor M1,Ki,nM,4.7,293.41,3.54
CHEMBL809,310.2,CN[C@H]1CC[C@@H](c2ccc(Cl)c(Cl)c2)c2ccccc21,DrugMatrix,DRUGMATRIX: Muscarinic M1 radioligand binding (ligand: [3H] N-Methylscopolamine),B,,,,,Muscarinic acetylcholine receptor M1,Ki,nM,6.51,306.24,5.18
CHEMBL27673,49.8,COc1ccccc1CNCCCCCCNCCCCCCCCNCCCCCCNCc1ccccc1OC,Scientific Literature,Affinity for human M1 cloned muscarinic receptor subtype expressed in CHO-K1 cells,B,,,J Med Chem,2001.0,Muscarinic acetylcholine receptor M1,Ki,nM,7.3,582.92,7.22
CHEMBL64894,264.0,CN(C)c1ccc(C(=C2C=CC(=[N+](C)C)C=C2)c2ccc(N(C)C)cc2)cc1.[Cl-],DrugMatrix,DRUGMATRIX: Muscarinic M1 radioligand binding (ligand: [3H] N-Methylscopolamine),B,,,,,Muscarinic acetylcholine receptor M1,Ki,nM,6.58,407.99,4.46
CHEMBL3774411,1737.8,Cn1c(SCCCN2CC3CCN(c4ccc(C(F)(F)F)cc4)C3C2)nnc1-c1cc[nH]c(=O)c1,Scientific Literature,Antagonist activity at recombinant human muscarinic M1 receptor expressed in CHO-K1 cells assessed as inhibition of acetylcholine induced calcium mobilization preincubated for 10 mins followed by acetylcholine addition measured after 1 hr by fluo-4 AM dye-based FLIPR assay,F,Homo sapiens,,Bioorg Med Chem,2016.0,Muscarinic acetylcholine receptor M1,Ki,nM,5.76,504.58,3.88
CHEMBL9967,24.0,CN1CCN(CC(=O)N2c3ccccc3C(=O)Nc3cccnc32)CC1,Scientific Literature,Displacement of [3H]pirenzepine from human recombinant Muscarinic acetylcholine receptor M1 expressed in CHO cells after 60 mins by scintillation counting,B,Homo sapiens,,J Med Chem,2017.0,Muscarinic acetylcholine receptor M1,Ki,nM,7.62,351.41,1.56
CHEMBL14,63000.0,C[N+](C)(C)CCOC(N)=O.[Cl-],Scientific Literature,Displacement of [3H]N-methyl-scopolamine bromide from human recombinant muscarinic M1 receptor expressed in HEK293T cell membranes after 1 hr by liquid scintillation counting method,B,Homo sapiens,,J Med Chem,2017.0,Muscarinic acetylcholine receptor M1,Ki,nM,4.2,182.65,-0.21
CHEMBL667,23000.0,CC(=O)OCC[N+](C)(C)C,Scientific Literature,Displacement of [3H]N-methyl-scopolamine from human recombinant muscarinic M1 receptor expressed in CHO-FlpIn cells after 6 hrs by liquid scintillation counting method,B,Homo sapiens,,J Med Chem,2017.0,Muscarinic acetylcholine receptor M1,Ki,nM,4.64,146.21,0.26
CHEMBL1529,426.58,Cl.OC(CCCN1CCCCC1)(c1ccccc1)c1ccccc1,Scientific Literature,Displacement of [3H]N-methylscopolamine from human muscarinic M1 receptor expressed in CHO-K1 cells,B,Homo sapiens,,Bioorg Med Chem Lett,2008.0,Muscarinic acetylcholine receptor M1,Ki,nM,6.37,345.91,4.19
CHEMBL9967,9.1,CN1CCN(CC(=O)N2c3ccccc3C(=O)Nc3cccnc32)CC1,Scientific Literature,Binding affinity to human M1 muscarinic receptor,B,Homo sapiens,,J Med Chem,2013.0,Muscarinic acetylcholine receptor M1,Ki,nM,8.04,351.41,1.56
CHEMBL4473985,70.0,COc1ccc(COC(=O)N(c2ccccc2)C2CN3CCC2CC3)cc1F,Scientific Literature,Displacement of [3H]NMS from human M1 AChR expressed in CHO cell membranes after 1 to 2 hrs by liquid scintillation spectrometry method,B,Homo sapiens,,Bioorg Med Chem Lett,2019.0,Muscarinic acetylcholine receptor M1,Ki,nM,7.16,384.45,4.07
CHEMBL4571841,790.0,O=C(OCCc1ccccc1)N(c1ccccc1)C1CN2CCC1CC2,Scientific Literature,Displacement of [3H]NMS from human M1 AChR expressed in CHO cell membranes after 1 to 2 hrs by liquid scintillation spectrometry method,B,Homo sapiens,,Bioorg Med Chem Lett,2019.0,Muscarinic acetylcholine receptor M1,Ki,nM,6.1,350.46,3.97
CHEMBL1734,51.29,O=C(O[C@H]1CN2CCC1CC2)N1CCc2ccccc2[C@@H]1c1ccccc1,Scientific Literature,Displacement of [3H]NMS from recombinant human muscarinic M1 receptor expressed in CHOK1 cell membranes after 120 mins by scintillation counting method,B,Homo sapiens,,Eur J Med Chem,2017.0,Muscarinic acetylcholine receptor M1,Ki,nM,7.29,362.47,3.86
CHEMBL2377269,7.75,CCN(CC)CCOC(=O)C(c1ccccc1)C1(O)CCCCC1,Scientific Literature,Displacement of [3H] N-methylscopolamine from human muscarinic M1 receptor expressed in CHOK1 cells after 30 mins by scintillation counting analysis,B,Homo sapiens,,Bioorg Med Chem,2013.0,Muscarinic acetylcholine receptor M1,Ki,nM,8.11,333.47,3.35
CHEMBL4634230,0.5248,C[N+](C)(C)CC1COCC(c2ccccc2)(C2CCCCC2)O1.[I-],Scientific Literature,Displacement of [3H]NMS from human recombinant muscarinic receptor M1 expressed in CHO-K1 cell membranes incubated for 2 hrs by scintillation counting method,B,Homo sapiens,,J Med Chem,2020.0,Muscarinic acetylcholine receptor M1,Ki,nM,9.28,445.39,3.58
CHEMBL4649224,1.38,CN(C)CC1COCC(c2ccccc2)(C2CCCCC2)O1,Scientific Literature,Displacement of [3H]NMS from human recombinant muscarinic receptor M1 expressed in CHO-K1 cell membranes incubated for 2 hrs by scintillation counting method,B,Homo sapiens,,J Med Chem,2020.0,Muscarinic acetylcholine receptor M1,Ki,nM,8.86,303.45,3.44
CHEMBL4643867,0.73,O=C(Nc1ccc(F)cc1-c1ccc(Cl)c(Cl)c1)O[C@H]1CN2CCC1CC2,Scientific Literature,Displacement of [3H]N-methylscopolamine from human muscarinic M1 receptor transiently expressed in HEK293T cell membranes incubated for 1 hr by scintillation counting method,B,Homo sapiens,,J Med Chem,2020.0,Muscarinic acetylcholine receptor M1,Ki,nM,9.14,409.29,5.44
CHEMBL4637155,24.0,O=C(Nc1ccc(F)cc1-c1cc(F)c(F)c(F)c1)OCC1CCNCC1,Scientific Literature,Displacement of [3H]N-methylscopolamine from human muscarinic M1 receptor transiently expressed in HEK293T cell membranes incubated for 1 hr by scintillation counting method,B,Homo sapiens,,J Med Chem,2020.0,Muscarinic acetylcholine receptor M1,Ki,nM,7.62,382.36,4.46
CHEMBL4636009,15000.0,N#Cc1ccc(-c2cc(F)ccc2NC(=O)OCC2CCNCC2)cc1,Scientific Literature,Displacement of [3H]N-methylscopolamine from human muscarinic M1 receptor transiently expressed in HEK293T cell membranes incubated for 1 hr by scintillation counting method,B,Homo sapiens,,J Med Chem,2020.0,Muscarinic acetylcholine receptor M1,Ki,nM,4.82,353.4,3.91
CHEMBL4456775,280.0,COc1ccc(CCN(C(=O)OC2CCN(C)CC2)c2ccccc2)cc1,Scientific Literature,Displacement of [3H]NMS from human M1 AChR expressed in CHO cell membranes after 1 to 2 hrs by liquid scintillation spectrometry method,B,Homo sapiens,,Bioorg Med Chem Lett,2019.0,Muscarinic acetylcholine receptor M1,Ki,nM,6.55,368.48,3.98
CHEMBL4540291,690.0,COc1ccc(CCN(C(=O)OC2CCCN(C)C2)c2ccccc2)cc1,Scientific Literature,Displacement of [3H]NMS from human M1 AChR expressed in CHO cell membranes after 1 to 2 hrs by liquid scintillation spectrometry method,B,Homo sapiens,,Bioorg Med Chem Lett,2019.0,Muscarinic acetylcholine receptor M1,Ki,nM,6.16,368.48,3.98
CHEMBL4456047,630.0,O=C(OCCc1ccc2c(c1)OCO2)N(c1ccccc1)C1CN2CCC1CC2,Scientific Literature,Displacement of [3H]NMS from human M1 AChR expressed in CHO cell membranes after 1 to 2 hrs by liquid scintillation spectrometry method,B,Homo sapiens,,Bioorg Med Chem Lett,2019.0,Muscarinic acetylcholine receptor M1,Ki,nM,6.2,394.47,3.7
CHEMBL539120,3.02,C[N+]1(C)CCC[C@H]1[C@H]1C[S+]([O-])[C@@](c2ccccc2)(C2CCCCC2)O1.[I-],Scientific Literature,Displacement of [3H]NMS from human muscarinic M1 receptor expressed in CHO cells,B,Homo sapiens,,Bioorg Med Chem,2008.0,Muscarinic acetylcholine receptor M1,Ki,nM,8.52,489.46,3.81
CHEMBL715,2.1,Cc1cc2c(s1)Nc1ccccc1N=C2N1CCN(C)CC1,Scientific Literature,Binding affinity towards human M1 receptor.,B,,,J Med Chem,2001.0,Muscarinic acetylcholine receptor M1,Ki,nM,8.68,312.44,3.44
CHEMBL294273,281838.29,CC(=O)OC1CC2CCCC1N2C,Scientific Literature,Binding affinity to human cloned muscarinic M1 receptor expressed in CHO cells,B,Homo sapiens,,Bioorg Med Chem,2008.0,Muscarinic acetylcholine receptor M1,Ki,nM,,183.25,1.17
CHEMBL2377262,2670.0,CCN(CC)CCOC(=O)c1ccccc1Sc1ccc(Cl)cc1,Scientific Literature,Displacement of [3H] N-methylscopolamine from human muscarinic M1 receptor after 30 mins by scintillation counting analysis,B,Homo sapiens,,Bioorg Med Chem,2013.0,Muscarinic acetylcholine receptor M1,Ki,nM,5.57,363.91,4.99
CHEMBL4649420,15.14,C[N+]1=C(/C=C/C=C/C=C2/N(CCCCCC(=O)NCCN3CCN(CCCCC4CCN(CC(=O)N5c6ccccc6NC(=O)c6ccccc65)CC4)CC3)c3ccccc3C2(C)C)C(C)(C)c2ccccc21.O=C(O)C(F)(F)F.O=C(O)C(F)(F)F.O=C(O)C(F)(F)F.O=C([O-])C(F)(F)F,Scientific Literature,Displacement of [3H]-NMS from human muscarinic M1 receptor stably expressed in CHO-K9 cells by radioligand competitive binding assay,B,Homo sapiens,,J Med Chem,2020.0,Muscarinic acetylcholine receptor M1,Ki,nM,7.82,1439.45,10.59
CHEMBL540982,2.0,CN(C)CCc1sc2ccccc2c1Cc1ccc(F)cc1,Scientific Literature,Displacement of [3H]N-methylscopolamine from human muscarinic M1 receptor expressed in CHO Flp-In cells by liquid scintillation counting,B,Homo sapiens,,J Med Chem,2009.0,Muscarinic acetylcholine receptor M1,Ki,nM,8.7,313.44,4.74
CHEMBL3765754,3162.28,Cc1ncoc1-c1nnc(SCCCN2CCOC(c3ccc(F)cc3)C2)n1C,Scientific Literature,Antagonist activity at muscarinic M1 receptor (unknown origin),B,Homo sapiens,,Bioorg Med Chem Lett,2016.0,Muscarinic acetylcholine receptor M1,Ki,nM,5.5,417.51,3.47
CHEMBL4854886,29.51,CC(=O)N[C@@H](CCCN)C(=O)NC(=O)[C@H](C)NC(=O)[C@H](CCCNC(=N)N)NCCN1CCN(CCCC2CCN(CC(=O)N3c4ccccc4NC(=O)c4ccccc43)CC2)CC1.O=C(O)C(F)(F)F.O=C(O)C(F)(F)F.O=C(O)C(F)(F)F.O=C(O)C(F)(F)F.O=C(O)C(F)(F)F,Scientific Literature,Displacement of [3H]-NMS from human muscarinic M1 receptor expressed in CHO cell membranes assessed as inhibition constant by radioligand competition analysis,B,Homo sapiens,,Eur J Med Chem,2021.0,Muscarinic acetylcholine receptor M1,Ki,nM,7.53,1458.24,0.64
CHEMBL4850553,281.84,CC(=O)NC(=O)[C@H](CCCCN)NC(=O)[C@H](C)NC(=O)[C@H](CCCNC(=N)N)NCCN1CCN(C(=O)CCCC2CCN(CC(=O)N3c4ccccc4NC(=O)c4ccccc43)CC2)CC1.O=C(O)C(F)(F)F.O=C(O)C(F)(F)F.O=C(O)C(F)(F)F.O=C(O)C(F)(F)F,Scientific Literature,Displacement of [3H]-NMS from human muscarinic M1 receptor expressed in CHO cell membranes assessed as inhibition constant by radioligand competition analysis,B,Homo sapiens,,Eur J Med Chem,2021.0,Muscarinic acetylcholine receptor M1,Ki,nM,6.55,1386.26,0.95
CHEMBL4876725,1.148,CC(=O)NC(=O)[C@H](CCNC(=N)N)NC(=O)[C@@H]1CC(=O)NCCC[C@@H](C(=O)NCCN2CCN(CCCCC3CCN(CC(=O)N4c5ccccc5NC(=O)c5ccccc54)CC3)CC2)N1.O=C(O)C(F)(F)F.O=C(O)C(F)(F)F.O=C(O)C(F)(F)F.O=C(O)C(F)(F)F.O=C(O)C(F)(F)F,Scientific Literature,Displacement of [3H]-NMS from human muscarinic M1 receptor expressed in CHO cell membranes assessed as inhibition constant by radioligand competition analysis,B,Homo sapiens,,Eur J Med Chem,2021.0,Muscarinic acetylcholine receptor M1,Ki,nM,8.94,1484.24,0.18
CHEMBL3084413,0.38,C[N+]1(C)[C@@H]2CC[C@H]1C[C@@H](C=C(c1cccs1)c1cccs1)C2.[Br-],Scientific Literature,Displacement of [3H]N-methyl Scopolamine from human muscarinic M1 receptor expressed in CHO cells by scintillation proximity assay,B,Homo sapiens,,J Med Chem,2009.0,Muscarinic acetylcholine receptor M1,Ki,nM,9.42,410.45,5.26
CHEMBL335542,0.1,CN1CCC=C(c2nsnc2OCCOCCOCCOCCOc2nsnc2C2=CCCN(C)C2)C1,Scientific Literature,Inhibition of [3H](R)-QNB to Muscarinic acetylcholine receptor M1 expressed in A9 L cells,B,Homo sapiens,,J Med Chem,2003.0,Muscarinic acetylcholine receptor M1,Ki,nM,10.0,552.72,2.33
CHEMBL715,100.0,Cc1cc2c(s1)Nc1ccccc1N=C2N1CCN(C)CC1,Scientific Literature,Binding affinity to M1 receptor (unknown origin) by PDSP assay,B,Homo sapiens,,Medchemcomm,2012.0,Muscarinic acetylcholine receptor M1,Ki,nM,7.0,312.44,3.44
CHEMBL4850130,11.75,N=C(N)NCCC[C@@H](N)C(=O)NCCN1CCN(CCCC2CCN(CC(=O)N3c4ccccc4NC(=O)c4ccccc43)CC2)CC1.O=C(O)C(F)(F)F.O=C(O)C(F)(F)F.O=C(O)C(F)(F)F.O=C(O)C(F)(F)F.O=C(O)C(F)(F)F,Scientific Literature,Displacement of [3H]-NMS from human muscarinic M1 receptor expressed in CHO cell membranes assessed as inhibition constant by radioligand competition analysis,B,Homo sapiens,,Eur J Med Chem,2021.0,Muscarinic acetylcholine receptor M1,Ki,nM,7.93,1230.98,1.73
CHEMBL376897,0.3236,C[N+]1(C)[C@@H]2C[C@@H](OC(=O)[C@H](CO)c3ccccc3)C[C@H]1[C@@H]1O[C@@H]12,Scientific Literature,Displacement of [3H]NMS from human cloned muscarinic M1 receptor expressed in CHO cells by scintillation counting,B,Homo sapiens,,J Med Chem,2010.0,Muscarinic acetylcholine receptor M1,Ki,nM,9.49,318.39,1.06
CHEMBL1092118,10000000.0,C[C@@H](c1cncs1)c1c(CCN(C)C)sc2ccccc12,Scientific Literature,Displacement of [3H]N-methylscopolamine from human muscarinic M1 receptor expressed in CHO Flp-In cells after 90 mins by scintillation counting,B,Homo sapiens,,Bioorg Med Chem Lett,2010.0,Muscarinic acetylcholine receptor M1,Ki,nM,,316.49,4.61
CHEMBL9967,21.38,CN1CCN(CC(=O)N2c3ccccc3C(=O)Nc3cccnc32)CC1,Scientific Literature,Displacement of [3H]QNB from human muscarinic M1 receptor expressed in CHO cells,B,Homo sapiens,,Bioorg Med Chem,2007.0,Muscarinic acetylcholine receptor M1,Ki,nM,7.67,351.41,1.56
CHEMBL594803,67608.3,C[C@@H]1O[C@H](C[N+](C)(C)C)COC1(C)C.[I-],Scientific Literature,Displacement of [3H]NMS from human muscarinic M1 receptor expressed in CHO cells by microplate scintillation counting,B,Homo sapiens,,Bioorg Med Chem,2009.0,Muscarinic acetylcholine receptor M1,Ki,nM,4.17,329.22,1.28
CHEMBL593685,19952.62,C[C@H]1OC[C@@H](C[N+](C)(C)C)OC1(C)C.[I-],Scientific Literature,Displacement of [3H]NMS from human muscarinic M1 receptor expressed in CHO cells by microplate scintillation counting,B,Homo sapiens,,Bioorg Med Chem,2009.0,Muscarinic acetylcholine receptor M1,Ki,nM,4.7,329.22,1.28
CHEMBL257643,34.0,CCN(CC)c1ccc(/C=C/c2cc[n+](CCC[N+](CC)(CC)CC)cc2)cc1.[Br-].[Br-],Scientific Literature,Displacement of [3H]N-methyl Scopolamine from human cloned muscarinic M1 receptor expressed in CHO cells,B,Homo sapiens,,Bioorg Med Chem Lett,2008.0,Muscarinic acetylcholine receptor M1,Ki,nM,7.47,555.44,5.26
CHEMBL3775197,630.96,Cn1c(SCCCN2CC3CCN(c4ccccc4C(F)(F)F)C3C2)nnc1-c1cccnc1,Scientific Literature,Antagonist activity at recombinant human muscarinic M1 receptor expressed in CHO-K1 cells assessed as inhibition of acetylcholine induced calcium mobilization preincubated for 10 mins followed by acetylcholine addition measured after 1 hr by fluo-4 AM dye-based FLIPR assay,F,Homo sapiens,,Bioorg Med Chem,2016.0,Muscarinic acetylcholine receptor M1,Ki,nM,6.2,488.58,4.59
CHEMBL1093058,10000000.0,C[C@H](c1c(CCN(C)C)sc2ccccc12)n1cccn1,Scientific Literature,Displacement of [3H]N-methylscopolamine from human muscarinic M1 receptor expressed in CHO Flp-In cells after 90 mins by scintillation counting,B,Homo sapiens,,Bioorg Med Chem Lett,2010.0,Muscarinic acetylcholine receptor M1,Ki,nM,,299.44,3.81
CHEMBL4633895,5128.61,C[N+](C)(C)C[C@@H]1COC[C@@H](c2ccc(S(=O)(=O)c3ccccc3)cc2)O1.[I-],Scientific Literature,Displacement of [3H]NMS from human recombinant muscarinic receptor M1 expressed in CHO-K1 cell membranes incubated for 2 hrs by scintillation counting method,B,Homo sapiens,,J Med Chem,2020.0,Muscarinic acetylcholine receptor M1,Ki,nM,5.29,503.4,2.68
CHEMBL4634464,10000.0,C[N+](C)(C)C[C@@H]1CO[C@H](c2ccc(-c3ccccc3)cc2)CO1.[I-],Scientific Literature,Displacement of [3H]NMS from human recombinant muscarinic receptor M1 expressed in CHO-K1 cell membranes incubated for 2 hrs by scintillation counting method,B,Homo sapiens,,J Med Chem,2020.0,Muscarinic acetylcholine receptor M1,Ki,nM,,439.34,3.52
CHEMBL4635500,0.7943,CN(C)C[C@H]1COC[C@@](c2ccccc2)(C2CCCCC2)O1,Scientific Literature,Displacement of [3H]NMS from human recombinant muscarinic receptor M1 expressed in CHO-K1 cell membranes incubated for 2 hrs by scintillation counting method,B,Homo sapiens,,J Med Chem,2020.0,Muscarinic acetylcholine receptor M1,Ki,nM,9.1,303.45,3.44
CHEMBL3764557,1000.0,Cc1ncoc1-c1nnc(SCCCN2CCOC(c3ccc(C(F)(F)F)cc3)C2)n1C,Scientific Literature,Antagonist activity at muscarinic M1 receptor (unknown origin),B,Homo sapiens,,Bioorg Med Chem Lett,2016.0,Muscarinic acetylcholine receptor M1,Ki,nM,6.0,467.52,4.35
CHEMBL2111540,83.0,COc1ccc([S@@+]([O-])c2ccc(C(C#N)N3CCN(C4CCCCC4)CC3)cc2)cc1,Scientific Literature,Binding affinity towards the cloned human Muscarinic acetylcholine receptor M1,B,,,Bioorg Med Chem Lett,2000.0,Muscarinic acetylcholine receptor M1,Ki,nM,7.08,437.61,4.38
CHEMBL1382,1.4,Cc1ccc(O)c([C@H](CCN(C(C)C)C(C)C)c2ccccc2)c1,Scientific Literature,Displacement of [3H]N-methyl Scopolamine from human cloned muscarinic M1 receptor expressed in CHO cells,B,Homo sapiens,,Bioorg Med Chem Lett,2008.0,Muscarinic acetylcholine receptor M1,Ki,nM,8.85,325.5,5.34
CHEMBL3950254,223.87,Cn1c(SCCCN2CC[C@]3(C[C@@H]3c3ccc(C(F)(F)F)cc3)C2)nnc1-c1ccc(C(N)=O)nc1,Scientific Literature,Activity at human muscarinic acetylcholine receptor M1 transfected in CHO-K1 cells assessed as intracellular calcium levels in presence of acetylcholine by FLIPR assay,F,Homo sapiens,,J Med Chem,2016.0,Muscarinic acetylcholine receptor M1,Ki,nM,6.65,516.59,4.36
CHEMBL407734,10000.0,CC(=O)c1ccc2c(c1)Nc1ccccc1S2,PubChem BioAssays,"PUBCHEM_BIOASSAY: Late-stage radioligand binding dose response assay to identify inhibitors of NADPH oxidase 1 (NOX1): PDSP screen Ki Set 2. (Class of assay: confirmatory) [Related pubchem assays (depositor defined):AID1792, AID1796, AID1823, AID2532, AID2538, AID2539, AID2541, AID2545, AID2556, AID2664, AID2752, AID2773, AID2808, AID2819, AID434953, AID434974, AID434992, AID434993, AID434997, AID435002, AID435009, AID435013, AID463255, AID488778] Panel member name: Muscarinic receptor M1",U,,,,,Muscarinic acetylcholine receptor M1,Ki,nM,,241.31,4.1
CHEMBL2312355,100000.0,COc1ccc(CCOC(=O)C2=C(c3ccccc3F)CCN(C)C2)cc1OC,Scientific Literature,Displacement of [3H]NMS from human M1 muscarinic receptor expressed in CHO-K1 cells,B,Homo sapiens,,J Med Chem,2013.0,Muscarinic acetylcholine receptor M1,Ki,nM,,399.46,3.72
CHEMBL2312363,100000.0,CCCCN1CCC(c2ccccc2)=C(C(=O)OCCc2ccc3c(c2)CCO3)C1,Scientific Literature,Displacement of [3H]NMS from human M1 muscarinic receptor expressed in CHO-K1 cells,B,Homo sapiens,,J Med Chem,2013.0,Muscarinic acetylcholine receptor M1,Ki,nM,,405.54,4.67
CHEMBL2312358,20.0,COc1ccc(CCOC(=O)C2=C(c3ccccc3)CCN(C)C2)cc1,Scientific Literature,Displacement of [3H]NMS from human M1 muscarinic receptor expressed in CHO-K1 cells,B,Homo sapiens,,J Med Chem,2013.0,Muscarinic acetylcholine receptor M1,Ki,nM,7.7,351.45,3.57
CHEMBL4079233,7.079,CCC(=O)NC1CN(CCCCC2CCN(CC(=O)N3c4ccccc4NC(=O)c4ccccc43)CC2)CCN(CCCCC2CCN(CC(=O)N3c4ccccc4NC(=O)c4ccccc43)CC2)C1.O=C(O)C(F)(F)F.O=C(O)C(F)(F)F.O=C(O)C(F)(F)F.O=C(O)C(F)(F)F,Scientific Literature,Displacement of [3H]NMS from human muscarinic acetylcholine receptor M1 expressed in CHOK9 cells after 3 hrs by liquid scintillation counting assay,B,Homo sapiens,,J Med Chem,2017.0,Muscarinic acetylcholine receptor M1,Ki,nM,8.15,1406.33,8.12
CHEMBL3774769,380.19,Cn1c(SCCCN2CC3CCN(c4ccc(C(F)(F)F)cc4)C3C2)nnc1-c1ccc(=O)n(C)c1,Scientific Literature,Antagonist activity at recombinant human muscarinic M1 receptor expressed in CHO-K1 cells assessed as inhibition of acetylcholine induced calcium mobilization preincubated for 10 mins followed by acetylcholine addition measured after 1 hr by fluo-4 AM dye-based FLIPR assay,F,Homo sapiens,,Bioorg Med Chem,2016.0,Muscarinic acetylcholine receptor M1,Ki,nM,6.42,518.61,3.89
CHEMBL550818,4800.0,CN(CC1CCOCC1)C1CCN(c2nc3ccccc3n2Cc2ccc(F)cc2)CC1,Scientific Literature,Displacement of [3H]N-methyl Scopolamine from human muscarinic M1 receptor expressed in CHO Flp-In cells by liquid scintillation counting,B,Homo sapiens,,Bioorg Med Chem Lett,2010.0,Muscarinic acetylcholine receptor M1,Ki,nM,5.32,436.58,4.55
CHEMBL4585326,10.0,COc1ccc(CCN(C(=O)OC2CN3CCC2CC3)c2ccccc2)cc1,Scientific Literature,Displacement of [3H]NMS from human M1 AChR expressed in CHO cell membranes after 1 to 2 hrs by liquid scintillation spectrometry method,B,Homo sapiens,,Bioorg Med Chem Lett,2019.0,Muscarinic acetylcholine receptor M1,Ki,nM,8.0,380.49,3.98
CHEMBL4446039,60.0,O=C(OCc1ccc(Cl)c(Cl)c1)N(c1ccccc1)C1CN2CCC1CC2,Scientific Literature,Displacement of [3H]NMS from human M1 AChR expressed in CHO cell membranes after 1 to 2 hrs by liquid scintillation spectrometry method,B,Homo sapiens,,Bioorg Med Chem Lett,2019.0,Muscarinic acetylcholine receptor M1,Ki,nM,7.22,405.33,5.23
CHEMBL4576768,30.0,O=C(OCc1ccc2c(c1)OCO2)N(c1ccccc1)C1CN2CCC1CC2,Scientific Literature,Displacement of [3H]NMS from human M1 AChR expressed in CHO cell membranes after 1 to 2 hrs by liquid scintillation spectrometry method,B,Homo sapiens,,Bioorg Med Chem Lett,2019.0,Muscarinic acetylcholine receptor M1,Ki,nM,7.52,380.44,3.65
CHEMBL4451822,1460.0,COc1ccc(CCCOC(=O)N(c2ccccc2)C2CN3CCC2CC3)cc1OC,Scientific Literature,Displacement of [3H]NMS from human M1 AChR expressed in CHO cell membranes after 1 to 2 hrs by liquid scintillation spectrometry method,B,Homo sapiens,,Bioorg Med Chem Lett,2019.0,Muscarinic acetylcholine receptor M1,Ki,nM,5.84,424.54,4.37
CHEMBL15928,1000.0,COc1ccc(NC(=O)c2ccc(-c3ccc(-c4noc(C)n4)cc3C)cc2)cc1N1CCN(C)CC1,Scientific Literature,Binding affinity against muscarinic M1 receptor,B,,,J Med Chem,1994.0,Muscarinic acetylcholine receptor M1,Ki,nM,,497.6,5.03
CHEMBL3085032,17.8,CN1[C@@H]2CC[C@H]1C[C@@H](NC(c1ccc(Cl)c(Cl)c1)c1ccc(Cl)c(Cl)c1)C2,Scientific Literature,Displacement of [3H]pirenzepine from Muscarinic receptor M1,B,Homo sapiens,,Bioorg Med Chem Lett,2005.0,Muscarinic acetylcholine receptor M1,Ki,nM,7.75,444.23,6.6
CHEMBL2432040,5861.0,CN(Cc1ccccc1)[C@H]1C2C3CC4C2C(=O)C2C4C3C21,Scientific Literature,Inhibition of muscarinic M1 receptor (unknown origin) by PDSP assay,B,Homo sapiens,,Bioorg Med Chem,2013.0,Muscarinic acetylcholine receptor M1,Ki,nM,5.23,279.38,2.44
CHEMBL3963243,66.07,Cn1c(SCCCN2CC[C@]3(C[C@@H]3c3ccc(C(F)(F)F)cc3)C2)nnc1C1CCN(C(N)=O)CC1,Scientific Literature,Activity at human muscarinic acetylcholine receptor M1 transfected in CHO-K1 cells assessed as intracellular calcium levels in presence of acetylcholine by FLIPR assay,F,Homo sapiens,,J Med Chem,2016.0,Muscarinic acetylcholine receptor M1,Ki,nM,7.18,522.64,4.45
CHEMBL4748337,5011.87,Cn1ccc2c(NC(=O)CCN3CCCc4ccccc43)cccc21,Scientific Literature,Displacement of [3H]-NMS from muscarinic M1 receptor (unknown origin) expressed in CHO-K1 cell membranes assessed as inhibition constant by radioligand competition analysis,B,Homo sapiens,,Bioorg Med Chem Lett,2020.0,Muscarinic acetylcholine receptor M1,Ki,nM,5.3,333.44,3.96
CHEMBL4777127,9332.54,O=C(CCN1CCCc2ccccc21)Nc1cccc2ccccc12,Scientific Literature,Displacement of [3H]-NMS from muscarinic M1 receptor (unknown origin) expressed in CHO-K1 cell membranes assessed as inhibition constant by radioligand competition analysis,B,Homo sapiens,,Bioorg Med Chem Lett,2020.0,Muscarinic acetylcholine receptor M1,Ki,nM,5.03,330.43,4.62
CHEMBL1092663,10000.0,Cc1ccc2c(c1)CC(CCN(C)C)=C2[C@@H](C)c1cnccn1,Scientific Literature,Binding affinity at M1 receptor,B,,,Bioorg Med Chem Lett,2010.0,Muscarinic acetylcholine receptor M1,Ki,nM,,307.44,3.85
CHEMBL3354065,316.23,CCCCC1CCN(CCCN2C(=O)CCc3ccccc32)CC1,Scientific Literature,Displacement of [3H]NMS from human M1 receptor expressed in CHO cells by microplate scintillation counting based radioligand binding assay,B,Homo sapiens,,J Med Chem,2014.0,Muscarinic acetylcholine receptor M1,Ki,nM,6.5,328.5,4.26
CHEMBL593864,100000.0,C[C@@H]1OC[C@@H](C[N+](C)(C)C)O[C@@H]1C.[I-],Scientific Literature,Displacement of [3H]NMS from human muscarinic M1 receptor expressed in CHO cells by microplate scintillation counting,B,Homo sapiens,,Bioorg Med Chem,2009.0,Muscarinic acetylcholine receptor M1,Ki,nM,,315.2,0.88
CHEMBL1091782,4759000.0,C[C@@H](c1cscn1)c1c(CCN(C)C)sc2ccccc12,Scientific Literature,Displacement of [3H]N-methylscopolamine from human muscarinic M1 receptor expressed in CHO Flp-In cells after 90 mins by scintillation counting,B,Homo sapiens,,Bioorg Med Chem Lett,2010.0,Muscarinic acetylcholine receptor M1,Ki,nM,,316.49,4.61
CHEMBL4867565,1940.0,O=S(=O)(c1cccc(F)c1)n1ccc2c(N3CCNCC3)nc3ccccc3c21,Scientific Literature,Binding affinity to human M1 receptor,B,Homo sapiens,,J Med Chem,2021.0,Muscarinic acetylcholine receptor M1,Ki,nM,5.71,410.47,2.98
CHEMBL543113,9.74,CN1C2CCC1CC(OC(c1ccc(F)cc1)c1ccc(F)cc1)C2.Cl,EUbOPEN Chemogenomic Library,"PDSP Secondary Binding target: CHRM1 - Compounds are tested at 10 uM concentration, plate are incubated at room temperature in the dark for 90 minutes. Reaction are stopped by vacuum filtration onto 0.3% polyethyleneimine soaked filter mats using Filtermate harvester. Scintillation cocktail is then melted onto microwave-dried filters on a hot plate and the radio activity is counted in Microbia counter. Compounds showing a minimum of 50% inhibition at 10 uM concentration are carried forward in this secondary binding assay to determine equilibrium binding affinity.",B,Homo sapiens,,,2024.0,Muscarinic acetylcholine receptor M1,Ki,nM,8.01,379.88,4.7
CHEMBL14,1995262.31,C[N+](C)(C)CCOC(N)=O.[Cl-],Scientific Literature,Inhibition of [3H](R)-QNB binding to human M1 receptor Thr192Ala mutant expressed in A9 L cells,B,Homo sapiens,,J Med Chem,2006.0,Muscarinic acetylcholine receptor M1,Ki,nM,,182.65,-0.21
CHEMBL10,2569.0,C[S+]([O-])c1ccc(-c2nc(-c3ccc(F)cc3)c(-c3ccncc3)[nH]2)cc1,DrugMatrix,DRUGMATRIX: Muscarinic M1 radioligand binding (ligand: [3H] N-Methylscopolamine),B,,,,,Muscarinic acetylcholine receptor M1,Ki,nM,5.59,377.44,4.68
CHEMBL4639004,64.57,C[N+](C)(C)C[C@@H]1CO[C@@H](c2ccccc2)[C@@H](c2ccccc2)O1.[I-],Scientific Literature,Displacement of [3H]NMS from human recombinant muscarinic receptor M1 expressed in CHO-K1 cell membranes incubated for 2 hrs by scintillation counting method,B,Homo sapiens,,J Med Chem,2020.0,Muscarinic acetylcholine receptor M1,Ki,nM,7.19,439.34,3.59
CHEMBL4648444,15.49,C[N+](C)(C)C[C@@H]1CO[C@](c2ccccc2)(C2CCCCC2)CO1.[I-],Scientific Literature,Displacement of [3H]NMS from human recombinant muscarinic receptor M1 expressed in CHO-K1 cell membranes incubated for 2 hrs by scintillation counting method,B,Homo sapiens,,J Med Chem,2020.0,Muscarinic acetylcholine receptor M1,Ki,nM,7.81,445.39,3.58
CHEMBL4648939,5.012,C[N+](C)(C)C[C@@H]1COC[C@](c2ccccc2)(C2CCCCC2)O1,Scientific Literature,Displacement of [3H]NMS from human recombinant muscarinic receptor M1 expressed in CHO-K1 cell membranes incubated for 2 hrs by scintillation counting method,B,Homo sapiens,,J Med Chem,2020.0,Muscarinic acetylcholine receptor M1,Ki,nM,8.3,318.48,3.58
CHEMBL4644612,5.248,CC1(C)C(/C=C/C=C/C=C2/N(CCCCCC(=O)NCCNC(=O)CCc3cn(CCCCC4CCN(CC(=O)N5c6ccccc6NC(=O)c6ccccc65)CC4)cn3)c3ccc(S(=O)(=O)O)cc3C2(C)C)=[N+](CCCCS(=O)(=O)[O-])c2ccccc21.O=C(O)C(F)(F)F,Scientific Literature,Displacement of [3H]-NMS from human muscarinic M1 receptor stably expressed in CHO-K9 cells by radioligand competitive binding assay,B,Homo sapiens,,J Med Chem,2020.0,Muscarinic acetylcholine receptor M1,Ki,nM,8.28,1352.61,
CHEMBL4792360,33113.11,O=C(CCN1CCCc2ccccc21)N1CCCC(O)C1,Scientific Literature,Displacement of [3H]-NMS from muscarinic M1 receptor (unknown origin) expressed in CHO-K1 cell membranes assessed as inhibition constant by radioligand competition analysis,B,Homo sapiens,,Bioorg Med Chem Lett,2020.0,Muscarinic acetylcholine receptor M1,Ki,nM,4.48,288.39,1.81
CHEMBL4757676,100000.0,O=C(CN1CCc2ccc(Br)cc21)N1CCCCC1,Scientific Literature,Displacement of [3H]-NMS from muscarinic M1 receptor (unknown origin) expressed in CHO-K1 cell membranes assessed as inhibition constant by radioligand competition analysis,B,Homo sapiens,,Bioorg Med Chem Lett,2020.0,Muscarinic acetylcholine receptor M1,Ki,nM,,323.23,2.82
CHEMBL4064222,2691.53,CCCCN1CCN(CCCN2C(=O)CCc3ccccc32)CC1,Scientific Literature,Displacement of [3H]NMS from human muscarinic M1 receptor expressed in CHO cell membranes after 2 hrs by liquid scintillation counting method,B,Homo sapiens,,J Med Chem,2018.0,Muscarinic acetylcholine receptor M1,Ki,nM,5.57,329.49,2.77
CHEMBL4098720,2511.89,CCCC1CCN(CCCN2C(=O)CCc3ccccc32)CC1,Scientific Literature,Displacement of [3H]NMS from human muscarinic M1 receptor expressed in CHO cell membranes after 2 hrs by liquid scintillation counting method,B,Homo sapiens,,J Med Chem,2018.0,Muscarinic acetylcholine receptor M1,Ki,nM,5.6,314.47,3.87
CHEMBL4643290,346.74,CC1(C)C(/C=C/C=C/C=C2/N(CCCCCC(=O)NCCCCC3CCN(CC(=O)N4c5ccccc5NC(=O)c5ccccc54)CC3)c3ccccc3C2(C)C)=[N+](CCCCS(=O)(=O)[O-])c2ccccc21.O=C(O)C(F)(F)F,Scientific Literature,Displacement of [3H]-NMS from human muscarinic M1 receptor stably expressed in CHO-K9 cells by radioligand competitive binding assay,B,Homo sapiens,,J Med Chem,2020.0,Muscarinic acetylcholine receptor M1,Ki,nM,6.46,1107.35,10.67
CHEMBL4869865,7943.28,CC(=O)N[C@@H](CCCN)C(=O)NC(=O)[C@H](C)NC(=O)[C@H](CCCNC(=N)N)NCCN1CCN(C(=O)CC2CCN(CC(=O)N3c4ccccc4NC(=O)c4ccccc43)CC2)CC1.O=C(O)C(F)(F)F.O=C(O)C(F)(F)F.O=C(O)C(F)(F)F.O=C(O)C(F)(F)F,Scientific Literature,Displacement of [3H]-NMS from human muscarinic M1 receptor expressed in CHO cell membranes assessed as inhibition constant by radioligand competition analysis,B,Homo sapiens,,Eur J Med Chem,2021.0,Muscarinic acetylcholine receptor M1,Ki,nM,5.1,1344.18,-0.22
CHEMBL4862087,44.67,NCCN1CCN(CCCC2CCN(CC(=O)N3c4ccccc4NC(=O)c4ccccc43)CC2)CC1.O=C(O)C(F)(F)F.O=C(O)C(F)(F)F.O=C(O)C(F)(F)F.O=C(O)C(F)(F)F,Scientific Literature,Displacement of [3H]-NMS from human muscarinic M1 receptor expressed in CHO cell membranes assessed as inhibition constant by radioligand competition analysis,B,Homo sapiens,,Eur J Med Chem,2021.0,Muscarinic acetylcholine receptor M1,Ki,nM,7.35,960.77,2.99
CHEMBL3970323,263.03,Cn1c(SCCCN2CC[C@]3(C[C@@H]3c3ccc(C(F)(F)F)cc3)C2)nnc1-c1cccc(C(N)=O)c1,Scientific Literature,Activity at human muscarinic acetylcholine receptor M1 transfected in CHO-K1 cells assessed as intracellular calcium levels in presence of acetylcholine by FLIPR assay,F,Homo sapiens,,J Med Chem,2016.0,Muscarinic acetylcholine receptor M1,Ki,nM,6.58,515.61,4.96
CHEMBL1242950,1000.0,CCCCC1CCN(CCCC(=O)c2ccccc2C)CC1,Scientific Literature,Binding affinity to human muscarinic M1 receptor by radioligand displacement assay,B,Homo sapiens,,J Med Chem,2010.0,Muscarinic acetylcholine receptor M1,Ki,nM,,301.47,4.86
CHEMBL269117,29.4,CCN1/C(=C/C=C/c2ccc3cc(NC(=O)CCCCC(=O)NCCOCCOCCN4CCN(CC(=O)N5c6ccccc6C(=O)Nc6cccnc65)CC4)ccc3[n+]2CC)C=Cc2ccccc21.[I-],Scientific Literature,Displacement of [3H]QNB from EGFP(delta-17)human M1 receptor expressed in HEK cells,B,Homo sapiens,,J Med Chem,2005.0,Muscarinic acetylcholine receptor M1,Ki,nM,7.53,1074.08,7.19
CHEMBL7303,29000.0,COC(=O)C1=CCCN(C)C1,Scientific Literature,Binding affinity of compound was determined towards human Muscarinic acetylcholine receptor M1 using [3H]QNB radioligand,B,,,J Med Chem,2003.0,Muscarinic acetylcholine receptor M1,Ki,nM,4.54,155.2,0.42
CHEMBL2093084,93325.43,C[C@@H]1O[C@H]([C@@H]2CCC[N+]2(C)C)C[S@@+]1[O-].[I-],Scientific Literature,Binding affinity to cloned human muscarinic M1 receptor expressed in CHO cells,B,Homo sapiens,,J Med Chem,2006.0,Muscarinic acetylcholine receptor M1,Ki,nM,4.03,345.25,0.72
CHEMBL1306565,1000000.0,CCN(CC)c1ccc2c(-c3ccc(S(=O)(=O)[O-])cc3S(=O)(=O)[O-])c3ccc(=[N+](CC)CC)cc-3oc2c1.[Na+],Scientific Literature,Displacement of [3H]NMS from EGFP-fused human M1 receptor N-terminal truncated at 17 residues expressed in HEK293 cells after 22 hrs by liquid scintillation counting,B,Homo sapiens,,J Med Chem,2012.0,Muscarinic acetylcholine receptor M1,Ki,nM,,580.66,4.01
CHEMBL2206335,1949.84,Cc1ccccc1C(=O)CCCN1CCC(CCCCCN)CC1,Scientific Literature,Displacement of [3H]NMS from EGFP-fused human M1 receptor N-terminal truncated at 17 residues expressed in HEK293 cells after 22 hrs by liquid scintillation counting,B,Homo sapiens,,J Med Chem,2012.0,Muscarinic acetylcholine receptor M1,Ki,nM,5.71,330.52,4.19
CHEMBL2093083,100000.0,C[C@H]1O[C@@H]([C@@H]2CCCN2C)C[S@@+]1[O-],Scientific Literature,Binding affinity to cloned human muscarinic M1 receptor expressed in CHO cells,B,Homo sapiens,,J Med Chem,2006.0,Muscarinic acetylcholine receptor M1,Ki,nM,,203.31,0.57
CHEMBL9967,16.0,CN1CCN(CC(=O)N2c3ccccc3C(=O)Nc3cccnc32)CC1,Scientific Literature,Displacement of [3H]pirenzepine from human muscarinic M1 receptor expressed in CHO cells,B,Homo sapiens,,Eur J Med Chem,2015.0,Muscarinic acetylcholine receptor M1,Ki,nM,7.8,351.41,1.56
CHEMBL335542,0.12,CN1CCC=C(c2nsnc2OCCOCCOCCOCCOc2nsnc2C2=CCCN(C)C2)C1,Scientific Literature,Binding affinity towards M1 muscarinic receptor expressed in A9 L cells by displacing [3H](R)-QNB radioligand.,B,,,J Med Chem,2001.0,Muscarinic acetylcholine receptor M1,Ki,nM,9.92,552.72,2.33
CHEMBL1258223,10000.0,CCCCN1CCC(COC(=O)c2cc(Cl)c(NC)c3c2OCCO3)CC1,Scientific Literature,Binding affinity to human muscarinic M1 receptor,B,Homo sapiens,,J Med Chem,2010.0,Muscarinic acetylcholine receptor M1,Ki,nM,,396.92,3.82
CHEMBL390842,12882.5,C[C@H]1COC[C@@H](C[N+](C)(C)C)O1.[I-],Scientific Literature,Displacement of [3H]NMS from human cloned muscarinic M1 receptor expressed in CHO cells,B,Homo sapiens,,Bioorg Med Chem Lett,2008.0,Muscarinic acetylcholine receptor M1,Ki,nM,4.89,301.17,0.5
CHEMBL257174,5754.4,CN1CCC(C2CCN(CCCC(O)(c3ccccc3)c3ccccc3)CC2)CC1.Cl.Cl,Scientific Literature,Displacement of [3H]N-methylscopolamine from human muscarinic M1 receptor expressed in CHO-K1 cells,B,Homo sapiens,,Bioorg Med Chem Lett,2008.0,Muscarinic acetylcholine receptor M1,Ki,nM,5.24,479.54,4.76
CHEMBL4647816,1412.54,C[N+](C)(C)C[C@@H]1CO[C@@H](c2ccccc2)[C@H](c2ccccc2)O1.[I-],Scientific Literature,Displacement of [3H]NMS from human recombinant muscarinic receptor M1 expressed in CHO-K1 cell membranes incubated for 2 hrs by scintillation counting method,B,Homo sapiens,,J Med Chem,2020.0,Muscarinic acetylcholine receptor M1,Ki,nM,5.85,439.34,3.59
CHEMBL4639297,549.54,C[N+](C)(C)C[C@@H]1CO[C@@H](c2ccccc2)C(c2ccccc2)(c2ccccc2)O1.[I-],Scientific Literature,Displacement of [3H]NMS from human recombinant muscarinic receptor M1 expressed in CHO-K1 cell membranes incubated for 2 hrs by scintillation counting method,B,Homo sapiens,,J Med Chem,2020.0,Muscarinic acetylcholine receptor M1,Ki,nM,6.26,515.44,4.79
CHEMBL4640544,3.5,O=C(Nc1ccccc1-c1cc(F)c(F)c(F)c1)OCC1CCNCC1,Scientific Literature,Displacement of [3H]N-methylscopolamine from human muscarinic M1 receptor transiently expressed in HEK293T cell membranes incubated for 1 hr by scintillation counting method,B,Homo sapiens,,J Med Chem,2020.0,Muscarinic acetylcholine receptor M1,Ki,nM,8.46,364.37,4.32
CHEMBL4642045,30.9,Cc1cc(/C=C/C=C/c2ccc(N(C)C)cc2)cc(C)[n+]1CCCCC1CCN(CC(=O)N2c3ccccc3NC(=O)c3ccccc32)CC1.O=C(O)C(F)(F)F.O=C([O-])C(F)(F)F,Scientific Literature,Displacement of [3H]-NMS from human muscarinic M1 receptor stably expressed in CHO-K9 cells by radioligand competitive binding assay,B,Homo sapiens,,J Med Chem,2020.0,Muscarinic acetylcholine receptor M1,Ki,nM,7.51,895.94,8.2
CHEMBL291280,6300.0,C[C@@H]1OCC2(CN3CCC2CC3)O1,Scientific Literature,Compound was evaluated for its binding affinity against muscarinic acetylcholine receptor M1 in guinea pig cerebral cortex using (-)-[3H]-QNB as radioligand,B,Cavia porcellus,Cerebral cortex,J Med Chem,1992.0,Muscarinic acetylcholine receptor M1,Ki,nM,5.2,183.25,0.84
CHEMBL1090186,10000.0,COc1ccc2c(c1)CC(CCN(C)C)=C2[C@@H](C)c1nccnc1OC,Scientific Literature,Binding affinity at M1 receptor,B,,,Bioorg Med Chem Lett,2010.0,Muscarinic acetylcholine receptor M1,Ki,nM,,353.47,3.56
CHEMBL3337894,10000.0,COc1cccc(CNC(=O)c2nc3scc(COCc4ccc(C(=O)O)cc4)c3c(=O)[nH]2)c1,SGC Frankfurt - Donated Chemical Probes,GPCRScan assay: inhibition of M1,B,Homo sapiens,,,2021.0,Muscarinic acetylcholine receptor M1,Ki,nM,5.0,479.51,3.34
CHEMBL4596899,100.0,CC(=O)N[C@@H](Cc1c[nH]c2ccccc12)C(=O)N[C@@H](C)C(=O)N[C@@H](Cc1ccc(O)cc1)C(=O)NCCCCC1CCN(CC(=O)N2c3ccccc3NC(=O)c3ccccc32)CC1,Scientific Literature,Displacement of [3H]-NMS from human muscarinic M1 receptor expressed in CHO cell membranes assessed as inhibition constant by radioligand competition analysis,B,Homo sapiens,,Eur J Med Chem,2021.0,Muscarinic acetylcholine receptor M1,Ki,nM,7.0,869.04,5.08
CHEMBL4854179,512.86,CC(=O)N[C@@H](CCCN)C(=O)NC(=O)[C@H](C)NC(=O)[C@H](CCCNC(=N)N)NCCN1CCN(C(=O)CCC2CCN(CC(=O)N3c4ccccc4NC(=O)c4ccccc43)CC2)CC1.O=C(O)C(F)(F)F.O=C(O)C(F)(F)F.O=C(O)C(F)(F)F.O=C(O)C(F)(F)F,Scientific Literature,Displacement of [3H]-NMS from human muscarinic M1 receptor expressed in CHO cell membranes assessed as inhibition constant by radioligand competition analysis,B,Homo sapiens,,Eur J Med Chem,2021.0,Muscarinic acetylcholine receptor M1,Ki,nM,6.29,1358.2,0.17
CHEMBL4848683,6.457,CC(=O)NC(=O)[C@H](CCCNC(=N)N)NC(=O)[C@H](C)NC(=O)CNC(=O)[C@H](CCCNC(=N)N)NCCCCC1CCN(CC(=O)N2c3ccccc3NC(=O)c3ccccc32)CC1.O=C(O)C(F)(F)F.O=C(O)C(F)(F)F.O=C(O)C(F)(F)F,Scientific Literature,Displacement of [3H]-NMS from human muscarinic M1 receptor expressed in CHO cell membranes assessed as inhibition constant by radioligand competition analysis,B,Homo sapiens,,Eur J Med Chem,2021.0,Muscarinic acetylcholine receptor M1,Ki,nM,8.19,1231.14,0.05
CHEMBL2312368,510.0,CN1CCC(c2ccccc2)=C(C(=O)OCCc2ccc(S(C)(=O)=O)cc2)C1,Scientific Literature,Displacement of [3H]NMS from human M1 muscarinic receptor expressed in CHO-K1 cells,B,Homo sapiens,,J Med Chem,2013.0,Muscarinic acetylcholine receptor M1,Ki,nM,6.29,399.51,2.97
CHEMBL4635385,9.772,C[N+](C)(C)C[C@@H]1CO[C@@](c2ccccc2)(C2CCCCC2)CO1.[I-],Scientific Literature,Displacement of [3H]NMS from human recombinant muscarinic receptor M1 expressed in CHO-K1 cell membranes incubated for 2 hrs by scintillation counting method,B,Homo sapiens,,J Med Chem,2020.0,Muscarinic acetylcholine receptor M1,Ki,nM,8.01,445.39,3.58
CHEMBL4648218,10000.0,C[N+](C)(C)C[C@@H]1CO[C@H](c2ccc(S(=O)(=O)c3ccccc3)cc2)CO1.[I-],Scientific Literature,Displacement of [3H]NMS from human recombinant muscarinic receptor M1 expressed in CHO-K1 cell membranes incubated for 2 hrs by scintillation counting method,B,Homo sapiens,,J Med Chem,2020.0,Muscarinic acetylcholine receptor M1,Ki,nM,,503.4,2.68
CHEMBL200234,19952.62,c1cc(N2CCNCC2)c2cc[nH]c2c1,Scientific Literature,Displacement of [3H]-NMS from recombinant muscarinic M1 receptor (unknown origin) expressed in CHOK1 cells after 60 mins by liquid scintillation counting analysis,B,Homo sapiens,,J Med Chem,2013.0,Muscarinic acetylcholine receptor M1,Ki,nM,,201.27,1.58
CHEMBL94454,10000.0,CN(c1nccc(=O)[nH]1)C1CCN(c2nc3ccccc3n2Cc2ccc(F)cc2)CC1,Scientific Literature,Displacement of [3H]N-methyl Scopolamine from human muscarinic M1 receptor expressed in CHO Flp-In cells by liquid scintillation assay,B,Homo sapiens,,Bioorg Med Chem Lett,2009.0,Muscarinic acetylcholine receptor M1,Ki,nM,,432.5,3.41
CHEMBL4643643,0.93,CN1[C@@H]2CC[C@H]1C[C@H](OC(=O)Nc1ccc(F)cc1-c1ccccc1)C2,Scientific Literature,Displacement of [3H]N-methylscopolamine from human muscarinic M1 receptor transiently expressed in HEK293T cell membranes incubated for 1 hr by scintillation counting method,B,Homo sapiens,,J Med Chem,2020.0,Muscarinic acetylcholine receptor M1,Ki,nM,9.03,354.43,4.67
CHEMBL4646717,53.0,O=C(Nc1ccc(F)cc1-c1ccccc1Cl)OCC1CCNCC1,Scientific Literature,Displacement of [3H]N-methylscopolamine from human muscarinic M1 receptor transiently expressed in HEK293T cell membranes incubated for 1 hr by scintillation counting method,B,Homo sapiens,,J Med Chem,2020.0,Muscarinic acetylcholine receptor M1,Ki,nM,7.28,362.83,4.69
CHEMBL1935444,930.0,Cc1ccc(Cn2c(C3CNCCS3)nc3ccccc32)cc1,Scientific Literature,Inhibition of muscarinic M1 receptor,B,,,Bioorg Med Chem Lett,2012.0,Muscarinic acetylcholine receptor M1,Ki,nM,6.03,323.47,3.77
CHEMBL4472703,10000.0,CC[C@H]1c2cc(OC)ccc2CC[C@@]1(C)N,Scientific Literature,Displacement of [3H]-QNB/[3H]-NMS from human recombinant Muscarinic acetylcholine M1 receptor expressed in stable CHO cells after 90 mins by microbeta scintillation counting method,B,Homo sapiens,,ACS Med Chem Lett,2019.0,Muscarinic acetylcholine receptor M1,Ki,nM,,219.33,2.85
CHEMBL1092650,2000.0,COc1nccnc1CC1=C(CCN(C)C)Cc2cc(Cl)ccc21,Scientific Literature,Binding affinity at M1 receptor,B,,,Bioorg Med Chem Lett,2010.0,Muscarinic acetylcholine receptor M1,Ki,nM,5.7,343.86,3.64
CHEMBL1092651,10000.0,COc1nccnc1CC1=C(CCN(C)C)Cc2cc(F)ccc21,Scientific Literature,Binding affinity at M1 receptor,B,,,Bioorg Med Chem Lett,2010.0,Muscarinic acetylcholine receptor M1,Ki,nM,,327.4,3.13
CHEMBL1090526,10000.0,COc1nccnc1[C@H](C)C1=C(CCN(C)C)Cc2cc(F)ccc21,Scientific Literature,Binding affinity at M1 receptor,B,,,Bioorg Med Chem Lett,2010.0,Muscarinic acetylcholine receptor M1,Ki,nM,,341.43,3.69
CHEMBL1090528,10000.0,Cc1ccc2c(c1)CC(CCN(C)C)=C2[C@@H](C)c1nccs1,Scientific Literature,Binding affinity at M1 receptor,B,,,Bioorg Med Chem Lett,2010.0,Muscarinic acetylcholine receptor M1,Ki,nM,,312.48,4.52
CHEMBL3629534,670.0,COc1ccc(CCC(=O)OCC2(c3ccccc3)CCN(C)CC2)cc1,Scientific Literature,Displacement of [3H]NMS from human muscarinic M1 receptor expressed in CHO cells after 2 hrs by liquid scintillation spectrometry analysis,B,Homo sapiens,,Bioorg Med Chem Lett,2015.0,Muscarinic acetylcholine receptor M1,Ki,nM,6.17,367.49,3.83
CHEMBL3629536,5090.0,COc1ccc(CCNC(=O)OCC2(c3ccccc3)CCN(C)CC2)cc1OC,Scientific Literature,Displacement of [3H]NMS from human muscarinic M1 receptor expressed in CHO cells after 2 hrs by liquid scintillation spectrometry analysis,B,Homo sapiens,,Bioorg Med Chem Lett,2015.0,Muscarinic acetylcholine receptor M1,Ki,nM,5.29,412.53,3.64
CHEMBL30008,707.0,Fc1ccc(C(c2ccc(F)cc2)N2CCN(C/C=C/c3ccccc3)CC2)cc1,DrugMatrix,DRUGMATRIX: Muscarinic M1 radioligand binding (ligand: [3H] N-Methylscopolamine),B,,,,,Muscarinic acetylcholine receptor M1,Ki,nM,6.15,404.5,5.39
CHEMBL1633,1050.87,CN1CCC(=C2c3ccccc3CC(=O)c3sccc32)CC1.O=C(O)/C=C/C(=O)O,EUbOPEN Chemogenomic Library,"PDSP Secondary Binding target: CHRM1 - Compounds are tested at 10 uM concentration, plate are incubated at room temperature in the dark for 90 minutes. Reaction are stopped by vacuum filtration onto 0.3% polyethyleneimine soaked filter mats using Filtermate harvester. Scintillation cocktail is then melted onto microwave-dried filters on a hot plate and the radio activity is counted in Microbia counter. Compounds showing a minimum of 50% inhibition at 10 uM concentration are carried forward in this secondary binding assay to determine equilibrium binding affinity.",B,Homo sapiens,,,2024.0,Muscarinic acetylcholine receptor M1,Ki,nM,5.98,425.51,4.01
CHEMBL4637485,2344.23,C[N+](C)(C)C[C@@H]1CO[C@H](c2ccccc2)CO1.[I-],Scientific Literature,Displacement of [3H]NMS from human recombinant muscarinic receptor M1 expressed in CHO-K1 cell membranes incubated for 2 hrs by scintillation counting method,B,Homo sapiens,,J Med Chem,2020.0,Muscarinic acetylcholine receptor M1,Ki,nM,5.63,363.24,1.85
CHEMBL3629530,1200.0,COc1ccc(CCOC(=O)C2(c3ccccc3)CCN(C)CC2)cc1,Scientific Literature,Displacement of [3H]NMS from human muscarinic M1 receptor expressed in CHO cells after 2 hrs by liquid scintillation spectrometry analysis,B,Homo sapiens,,Bioorg Med Chem Lett,2015.0,Muscarinic acetylcholine receptor M1,Ki,nM,5.92,353.46,3.44
CHEMBL3627739,3440.0,COc1ccc(CCC(=O)NCC2(c3ccccc3)CCN(C)CC2)cc1,Scientific Literature,Displacement of [3H]NMS from human muscarinic M1 receptor expressed in CHO cells after 2 hrs by liquid scintillation spectrometry analysis,B,Homo sapiens,,Bioorg Med Chem Lett,2015.0,Muscarinic acetylcholine receptor M1,Ki,nM,5.46,366.51,3.41
CHEMBL595022,95499.26,C[C@H]1O[C@H](C[N+](C)(C)C)COC1(C)C.[I-],Scientific Literature,Displacement of [3H]NMS from human muscarinic M1 receptor expressed in CHO cells by microplate scintillation counting,B,Homo sapiens,,Bioorg Med Chem,2009.0,Muscarinic acetylcholine receptor M1,Ki,nM,4.02,329.22,1.28
CHEMBL594801,47863.01,CC1(C)COC[C@@H](C[N+](C)(C)C)O1.[I-],Scientific Literature,Displacement of [3H]NMS from human muscarinic M1 receptor expressed in CHO cells by microplate scintillation counting,B,Homo sapiens,,Bioorg Med Chem,2009.0,Muscarinic acetylcholine receptor M1,Ki,nM,4.32,315.2,0.89
CHEMBL228144,100000.0,CC1COCC(C[N+](C)(C)C)O1.[I-],Scientific Literature,Displacement of [3H]NMS from human cloned muscarinic M1 receptor expressed in CHO cells,B,Homo sapiens,,Bioorg Med Chem Lett,2008.0,Muscarinic acetylcholine receptor M1,Ki,nM,,301.17,0.5
CHEMBL716,56.0,OCCOCCN1CCN(C2=Nc3ccccc3Sc3ccccc32)CC1,Scientific Literature,Binding affinity towards human M1 receptor.,B,,,J Med Chem,2001.0,Muscarinic acetylcholine receptor M1,Ki,nM,7.25,383.52,2.86
CHEMBL4641531,10000.0,C[N+](C)(C)C[C@@H]1CO[C@@H](c2ccc(S(=O)(=O)c3ccccc3)cc2)CO1.[I-],Scientific Literature,Displacement of [3H]NMS from human recombinant muscarinic receptor M1 expressed in CHO-K1 cell membranes incubated for 2 hrs by scintillation counting method,B,Homo sapiens,,J Med Chem,2020.0,Muscarinic acetylcholine receptor M1,Ki,nM,,503.4,2.68
CHEMBL4516350,770.0,COc1ccc(CCN(C(=O)OC2CCN(C)CC2)c2ccccc2)cc1OC,Scientific Literature,Displacement of [3H]NMS from human M1 AChR expressed in CHO cell membranes after 1 to 2 hrs by liquid scintillation spectrometry method,B,Homo sapiens,,Bioorg Med Chem Lett,2019.0,Muscarinic acetylcholine receptor M1,Ki,nM,6.11,398.5,3.98
CHEMBL74300,1949.84,C[N+](C)(C)CC#CCOC(=O)Nc1cccc(Cl)c1.[Cl-],Scientific Literature,Displacement of [3H]NMS from human muscarinic M1 receptor expressed in CHO cells by microplate scintillation counting,B,Homo sapiens,,Bioorg Med Chem,2009.0,Muscarinic acetylcholine receptor M1,Ki,nM,5.71,317.22,2.6
CHEMBL4636887,1.8,C[N+]1(C)CCC(COC(=O)Nc2ccc(F)cc2-c2cccc(Cl)c2)CC1.O=C[O-],Scientific Literature,Displacement of [3H]N-methylscopolamine from human muscarinic M1 receptor transiently expressed in HEK293T cell membranes incubated for 1 hr by scintillation counting method,B,Homo sapiens,,J Med Chem,2020.0,Muscarinic acetylcholine receptor M1,Ki,nM,8.74,436.91,5.18
CHEMBL4640324,0.36,O=C(Nc1ccc(F)cc1-c1ccc(F)c(Cl)c1)O[C@H]1CN2CCC1CC2,Scientific Literature,Displacement of [3H]N-methylscopolamine from human muscarinic M1 receptor transiently expressed in HEK293T cell membranes incubated for 1 hr by scintillation counting method,B,Homo sapiens,,J Med Chem,2020.0,Muscarinic acetylcholine receptor M1,Ki,nM,9.44,392.83,4.93
CHEMBL130835,108.0,COc1ccccc1CN1CCC(C2CCN(C(=O)CCCCCCC(=O)N3CCC(C4CCN(Cc5ccccc5OC)CC4)CC3)CC2)CC1,Scientific Literature,Affinity for human M1 cloned muscarinic receptor subtype expressed in CHO-K1 cells,B,,,J Med Chem,2001.0,Muscarinic acetylcholine receptor M1,Ki,nM,6.97,715.04,7.65
CHEMBL14,20000.0,C[N+](C)(C)CCOC(N)=O.[Cl-],Scientific Literature,Binding affinity towards M1 muscarinic receptor expressed in A9 L cells by displacing [3H](R)-QNB radioligand.,B,,,J Med Chem,2001.0,Muscarinic acetylcholine receptor M1,Ki,nM,4.7,182.65,-0.21
CHEMBL376897,0.1698,C[N+]1(C)[C@@H]2C[C@@H](OC(=O)[C@H](CO)c3ccccc3)C[C@H]1[C@@H]1O[C@@H]12,Scientific Literature,Competitive inhibition of EGFP-fused human M1 receptor N-terminal truncated at 17 residues expressed in HEK293 cells after 4 hrs by FRET assay in presence of para-LRB-AC42,B,Homo sapiens,,J Med Chem,2012.0,Muscarinic acetylcholine receptor M1,Ki,nM,9.77,318.39,1.06
CHEMBL21536,7.943,CCCCCCOc1nsnc1C1=CCCN(C)C1,Scientific Literature,Displacement of [3H]NMS from human M1 receptor expressed in CHO cells by microplate scintillation counting based radioligand binding assay,B,Homo sapiens,,J Med Chem,2014.0,Muscarinic acetylcholine receptor M1,Ki,nM,8.1,281.42,3.22
CHEMBL1455766,1000.0,Cc1ccc(S(=O)(=O)NCc2ccc(C(=O)NCCN(Cc3ccccc3)C(C)C)cc2)cc1,Scientific Literature,Binding affinity to muscarinic M1 receptor (unknown origin),B,Homo sapiens,,Bioorg Med Chem Lett,2014.0,Muscarinic acetylcholine receptor M1,Ki,nM,,479.65,4.11
CHEMBL279453,30.9,CCCN(CCC)CC1CCCCN1CCNC(=O)N1c2ccccc2C(=O)Nc2cccnc21,Scientific Literature,Affinity for Muscarinic acetylcholine receptor M1 expressed in CHO cells by [3H]NMS displacement.,B,,,Bioorg Med Chem Lett,2001.0,Muscarinic acetylcholine receptor M1,Ki,nM,7.51,478.64,4.47
CHEMBL38756,2900.0,C[C@H]1OCC2(CN3CCC2CC3)O1,Scientific Literature,Compound was evaluated for its binding affinity against muscarinic acetylcholine receptor M1 in guinea pig cerebral cortex using (-)-[3H]-QNB as radioligand,B,Cavia porcellus,Cerebral cortex,J Med Chem,1992.0,Muscarinic acetylcholine receptor M1,Ki,nM,5.54,183.25,0.84
CHEMBL501756,44668.36,COc1cc2c(cc1OC)[C@@]13CCN4CC5=CCO[C@H]6CC(=O)N2[C@H]1[C@H]6[C@H]5C[C@H]43,Scientific Literature,Competitive inhibition of EGFP-fused human M1 receptor N-terminal truncated at 17 residues expressed in HEK293 cells after 4 hrs by FRET assay in presence of para-LRB-AC42,B,Homo sapiens,,J Med Chem,2012.0,Muscarinic acetylcholine receptor M1,Ki,nM,4.35,394.47,2.11
CHEMBL305607,60.81,C=C(c1ccc(S(=O)(=O)c2ccc(OC)cc2)cc1)C1CCN(C2CCN(C(=O)CC)CC2)CC1,Scientific Literature,Binding affinity to muscarinic M1 receptor,B,Homo sapiens,,Bioorg Med Chem Lett,2007.0,Muscarinic acetylcholine receptor M1,Ki,nM,7.22,496.67,4.65
CHEMBL4130037,190.55,O=C(O[C@@H]1CN2CCC1CC2)[C@H]1COCC(c2ccccc2)(c2ccccc2)O1,Scientific Literature,Displacement of [3H]NMS from recombinant human muscarinic M1 receptor expressed in CHOK1 cell membranes after 120 mins by scintillation counting method,B,Homo sapiens,,Eur J Med Chem,2017.0,Muscarinic acetylcholine receptor M1,Ki,nM,6.72,393.48,2.98
CHEMBL2111540,180.0,COc1ccc([S@@+]([O-])c2ccc(C(C#N)N3CCN(C4CCCCC4)CC3)cc2)cc1,Scientific Literature,Binding affinity towards the cloned human Muscarinic acetylcholine receptor M1,B,,,Bioorg Med Chem Lett,2000.0,Muscarinic acetylcholine receptor M1,Ki,nM,6.75,437.61,4.38
CHEMBL557808,21.88,C[N+](C)(C)C[C@@H]1C[S+]([O-])[C@@](c2ccccc2)(C2CCCCC2)O1.[I-],Scientific Literature,Displacement of [3H]NMS from human muscarinic M1 receptor expressed in CHO cells,B,Homo sapiens,,Bioorg Med Chem,2008.0,Muscarinic acetylcholine receptor M1,Ki,nM,7.66,463.43,3.27
CHEMBL4636528,0.23,O=C(Nc1ccc(F)cc1-c1ccc(F)c(Cl)c1)OCC1CCNCC1,Scientific Literature,Displacement of [3H]N-methylscopolamine from human muscarinic M1 receptor expressed in human HEK293T cell membranes by radioligand competition binding based analysis,B,Homo sapiens,,J Med Chem,2022.0,Muscarinic acetylcholine receptor M1,Ki,nM,9.64,380.82,4.83
CHEMBL4582069,154.88,CC(=O)N[C@@H](Cc1c[nH]c2ccccc12)C(=O)N[C@@H](Cc1ccc(O)cc1)C(=O)NCCCCC1CCN(CC(=O)N2c3ccccc3NC(=O)c3ccccc32)CC1.O=C(O)C(F)(F)F,Scientific Literature,Displacement of [3H]-NMS from human muscarinic M1 receptor expressed in CHO-K9 cells after 3 hrs by microbeta2 scintillation counting method,B,Homo sapiens,,J Med Chem,2019.0,Muscarinic acetylcholine receptor M1,Ki,nM,6.81,911.98,5.58
CHEMBL7634,17.0,O=C1CCCN1CC#CCN1CCCC1,Scientific Literature,Inhibition of [3H]- oxotremorine-M binding to human Muscarinic acetylcholine receptor M1 expressed in CHO cell membranes,B,Homo sapiens,,J Med Chem,2000.0,Muscarinic acetylcholine receptor M1,Ki,nM,7.77,206.29,0.71
CHEMBL277642,107.15,C[C@@H]1OC(=O)[C@H]2C[C@H]3CCCC[C@@H]3[C@@H](/C=C/[C@H]3CCC[C@H](C)N3C)[C@@H]12,Scientific Literature,Affinity for Muscarinic acetylcholine receptor M1 expressed in CHO cells by [3H]NMS displacement.,B,,,Bioorg Med Chem Lett,2001.0,Muscarinic acetylcholine receptor M1,Ki,nM,6.97,345.53,4.42
CHEMBL1200604,68.0,CCN(Cc1ccncc1)C(=O)C(CO)c1ccccc1,DrugMatrix,DRUGMATRIX: Muscarinic M1 radioligand binding (ligand: [3H] N-Methylscopolamine),B,,,,,Muscarinic acetylcholine receptor M1,Ki,nM,7.17,284.36,2.21
CHEMBL21536,158.49,CCCCCCOc1nsnc1C1=CCCN(C)C1,Scientific Literature,Inhibition of [3H](R)-QNB to Muscarinic acetylcholine receptor M1 expressed in A9 L cells,B,Homo sapiens,,J Med Chem,2003.0,Muscarinic acetylcholine receptor M1,Ki,nM,6.8,281.42,3.22
CHEMBL42,2.474,CN1CCN(C2=Nc3cc(Cl)ccc3Nc3ccccc32)CC1,DrugMatrix,DRUGMATRIX: Muscarinic M1 radioligand binding (ligand: [3H] N-Methylscopolamine),B,,,,,Muscarinic acetylcholine receptor M1,Ki,nM,8.61,326.83,3.72
CHEMBL277642,158.49,C[C@@H]1OC(=O)[C@H]2C[C@H]3CCCC[C@@H]3[C@@H](/C=C/[C@H]3CCC[C@H](C)N3C)[C@@H]12,Scientific Literature,Binding affinity against human muscarine receptor (hM1) cloned in CHO cells,B,Homo sapiens,,Bioorg Med Chem Lett,2002.0,Muscarinic acetylcholine receptor M1,Ki,nM,6.8,345.53,4.42
CHEMBL23957,20417.38,C[N+](C)(C)CC#CCN1CCCC1=O.[I-],Scientific Literature,Binding affinity to human cloned muscarinic M1 receptor expressed in CHO cells,B,Homo sapiens,,Bioorg Med Chem,2008.0,Muscarinic acetylcholine receptor M1,Ki,nM,4.69,322.19,0.32
CHEMBL21536,3981.07,CCCCCCOc1nsnc1C1=CCCN(C)C1,Scientific Literature,Inhibition of [3H](R)-QNB binding to human M1 receptor Thr192Ala mutant expressed in A9 L cells,B,Homo sapiens,,J Med Chem,2006.0,Muscarinic acetylcholine receptor M1,Ki,nM,5.4,281.42,3.22
CHEMBL2426364,97.0,O=C(c1ccc(C(=O)N2CCC(N3CCCC3)CC2)c(Nc2ccccc2)c1)N1CCC(N2CCCC2)CC1,EUbOPEN Chemogenomic Library Literature Data,Selectivity interaction (NIMH Psychoactive Drug Screening Program Selectivity Panel (radioligand binding assay)) EUB0000214b CHRM1,B,Homo sapiens,,,2023.0,Muscarinic acetylcholine receptor M1,Ki,nM,7.01,529.73,4.83
CHEMBL17045,537.0,CCN(CC)CC1CCCCN1CC(=O)N1c2ccccc2C(=O)Nc2cccnc21,Scientific Literature,Binding affinity to human M1 muscarinic receptor,B,Homo sapiens,,J Med Chem,2013.0,Muscarinic acetylcholine receptor M1,Ki,nM,6.27,421.55,3.51
CHEMBL307810,6.0,COc1ccc([S+]([O-])c2ccc(C(C)N3CCN(C4CCCCC4)CC3)cc2)cc1,Scientific Literature,Binding affinity against Muscarinic acetylcholine receptor M1,B,,,Bioorg Med Chem Lett,2000.0,Muscarinic acetylcholine receptor M1,Ki,nM,8.22,426.63,4.87
CHEMBL1200809,4277.1,CN1CCCC(n2nc(Cc3ccc(Cl)cc3)c3ccccc3c2=O)CC1.Cl,EUbOPEN Chemogenomic Library,"PDSP Secondary Binding target: CHRM1 - Compounds are tested at 10 uM concentration, plate are incubated at room temperature in the dark for 90 minutes. Reaction are stopped by vacuum filtration onto 0.3% polyethyleneimine soaked filter mats using Filtermate harvester. Scintillation cocktail is then melted onto microwave-dried filters on a hot plate and the radio activity is counted in Microbia counter. Compounds showing a minimum of 50% inhibition at 10 uM concentration are carried forward in this secondary binding assay to determine equilibrium binding affinity.",B,Homo sapiens,,,2024.0,Muscarinic acetylcholine receptor M1,Ki,nM,5.37,418.37,4.3
CHEMBL1200871,8.689,Cc1ccc(O)c([C@H](CCN(C(C)C)C(C)C)c2ccccc2)c1.O=C(O)[C@H](O)[C@@H](O)C(=O)O,EUbOPEN Chemogenomic Library,"PDSP Secondary Binding target: CHRM1 - Compounds are tested at 10 uM concentration, plate are incubated at room temperature in the dark for 90 minutes. Reaction are stopped by vacuum filtration onto 0.3% polyethyleneimine soaked filter mats using Filtermate harvester. Scintillation cocktail is then melted onto microwave-dried filters on a hot plate and the radio activity is counted in Microbia counter. Compounds showing a minimum of 50% inhibition at 10 uM concentration are carried forward in this secondary binding assay to determine equilibrium binding affinity.",B,Homo sapiens,,,2024.0,Muscarinic acetylcholine receptor M1,Ki,nM,8.06,475.58,5.34
CHEMBL390842,30199.52,C[C@H]1COC[C@@H](C[N+](C)(C)C)O1.[I-],Scientific Literature,Displacement of [3H]N-methylscopolamine from human muscarinic M1 receptor expressed in CHO cells after 120 mins by scintillation counting,B,Homo sapiens,,J Med Chem,2012.0,Muscarinic acetylcholine receptor M1,Ki,nM,4.52,301.17,0.5
CHEMBL2312366,920.0,CN1CCC(c2ccccc2)=C(C(=O)OCCCc2ccc3c(c2)CCO3)C1,Scientific Literature,Displacement of [3H]NMS from human M1 muscarinic receptor expressed in CHO-K1 cells,B,Homo sapiens,,J Med Chem,2013.0,Muscarinic acetylcholine receptor M1,Ki,nM,6.04,377.48,3.89
CHEMBL2312385,100000.0,COc1ccc(CCOC(=O)C2=C(c3ccccc3)CCN(Cc3ccc(OC)cc3)C2)cc1,Scientific Literature,Displacement of [3H]NMS from human M1 muscarinic receptor expressed in CHO-K1 cells,B,Homo sapiens,,J Med Chem,2013.0,Muscarinic acetylcholine receptor M1,Ki,nM,,457.57,5.15
CHEMBL496915,38.02,CN1CCC[C@@H]1[C@@H]1C[S+]([O-])[C@@](c2ccccc2)(C2CCCCC2)O1,Scientific Literature,Displacement of [3H]NMS from human muscarinic M1 receptor expressed in CHO cells,B,Homo sapiens,,Bioorg Med Chem,2008.0,Muscarinic acetylcholine receptor M1,Ki,nM,7.42,347.52,3.66
CHEMBL281350,1000.0,Cc1nc(-c2ccc(-c3ccc(C(=O)N4CCc5cc6c(cc54)C4(CCN(C)CC4)CO6)cc3)c(C)c2)no1,Scientific Literature,Compound was tested for binding affinity against human cloned Muscarinic acetylcholine receptor M1,B,,,J Med Chem,1998.0,Muscarinic acetylcholine receptor M1,Ki,nM,,520.63,5.58
CHEMBL4544086,15000.0,COc1ccccc1N1CCN(CCCNC(=O)NN(Cc2ccc(F)cc2)c2ccccc2)CC1,Scientific Literature,Displacement of [3H] NMS from muscarinic M1 receptor (unknown origin),B,Homo sapiens,,J Med Chem,2019.0,Muscarinic acetylcholine receptor M1,Ki,nM,4.82,491.61,4.27
CHEMBL168815,4897.79,CC1OC2(CS1)CN1CCC2CC1,Scientific Literature,Displacement of [3H]NMS from human muscarinic M1 receptor transfected in CHO cells after 120 mins by scintillation counting analysis,B,Homo sapiens,,Bioorg Med Chem Lett,2014.0,Muscarinic acetylcholine receptor M1,Ki,nM,5.31,199.32,1.56
CHEMBL281350,1263.86,Cc1nc(-c2ccc(-c3ccc(C(=O)N4CCc5cc6c(cc54)C4(CCN(C)CC4)CO6)cc3)c(C)c2)no1,EUbOPEN Chemogenomic Library,"PDSP Secondary Binding target: CHRM1 - Compounds are tested at 10 uM concentration, plate are incubated at room temperature in the dark for 90 minutes. Reaction are stopped by vacuum filtration onto 0.3% polyethyleneimine soaked filter mats using Filtermate harvester. Scintillation cocktail is then melted onto microwave-dried filters on a hot plate and the radio activity is counted in Microbia counter. Compounds showing a minimum of 50% inhibition at 10 uM concentration are carried forward in this secondary binding assay to determine equilibrium binding affinity.",B,Homo sapiens,,,2024.0,Muscarinic acetylcholine receptor M1,Ki,nM,5.9,520.63,5.58
CHEMBL4869980,1737.8,CC(=O)NC(=O)[C@H](CCCNC(=N)N)NC(=O)[C@H](C)NC(=O)CNCCN1CCN(C(=O)CC2CCN(CC(=O)N3c4ccccc4NC(=O)c4ccccc43)CC2)CC1.O=C(O)C(F)(F)F.O=C(O)C(F)(F)F.O=C(O)C(F)(F)F,Scientific Literature,Displacement of [3H]-NMS from human muscarinic M1 receptor expressed in CHO cell membranes assessed as inhibition constant by radioligand competition analysis,B,Homo sapiens,,Eur J Med Chem,2021.0,Muscarinic acetylcholine receptor M1,Ki,nM,5.76,1173.06,-0.33
CHEMBL4846447,1445.44,CC(=O)N[C@H](CCCN)C(=O)NC(=O)[C@H](CCCNC(=N)N)NCCCC1CCN(CC(=O)N2c3ccccc3NC(=O)c3ccccc32)CC1.O=C(O)C(F)(F)F.O=C(O)C(F)(F)F.O=C(O)C(F)(F)F,Scientific Literature,Displacement of [3H]-NMS from human muscarinic M1 receptor expressed in CHO cell membranes assessed as inhibition constant by radioligand competition analysis,B,Homo sapiens,,Eur J Med Chem,2021.0,Muscarinic acetylcholine receptor M1,Ki,nM,5.84,1046.94,1.52
CHEMBL4876453,3.802,CC(=O)NC(=O)[C@H](CCCCN)NC(=O)[C@H](CCCNC(=N)N)NCCN1CCN(CCCC2CCN(CC(=O)N3c4ccccc4NC(=O)c4ccccc43)CC2)CC1.O=C(O)C(F)(F)F.O=C(O)C(F)(F)F.O=C(O)C(F)(F)F.O=C(O)C(F)(F)F.O=C(O)C(F)(F)F,Scientific Literature,Displacement of [3H]-NMS from human muscarinic M1 receptor expressed in CHO cell membranes assessed as inhibition constant by radioligand competition analysis,B,Homo sapiens,,Eur J Med Chem,2021.0,Muscarinic acetylcholine receptor M1,Ki,nM,8.42,1401.19,1.52
CHEMBL4537517,107.15,N=C(N)NCCC[C@H](N)C(=O)NCCCCC1CCN(CC(=O)N2c3ccccc3NC(=O)c3ccccc32)CC1.O=C(O)C(F)(F)F.O=C(O)C(F)(F)F.O=C(O)C(F)(F)F,Scientific Literature,Displacement of [3H]-NMS from human muscarinic M1 receptor expressed in CHO-K9 cells after 3 hrs by microbeta2 scintillation counting method,B,Homo sapiens,,J Med Chem,2019.0,Muscarinic acetylcholine receptor M1,Ki,nM,6.97,904.79,2.51
CHEMBL5219452,657.0,CNC(=O)Oc1cccc2c1CCC1C2CCN1CCC1CCCCC1,Scientific Literature,Binding affinity to Muscarinic acetylcholine receptor M1 (unknown origin) assessed as inhibition constant,B,Homo sapiens,,Eur J Med Chem,2022.0,Muscarinic acetylcholine receptor M1,Ki,nM,6.18,356.51,4.48
CHEMBL559251,19000.0,CN(C)CCC1=C(Cc2cnccn2)c2ccccc2C1,Scientific Literature,Binding affinity at M1 receptor,B,,,Bioorg Med Chem Lett,2010.0,Muscarinic acetylcholine receptor M1,Ki,nM,,279.39,2.98
CHEMBL73234,76.0,CCN(CC)CCOCCOC(=O)C1(c2ccccc2)CCCC1,Scientific Literature,Binding affinity towards muscarinic m1 receptor,B,,,J Med Chem,1994.0,Muscarinic acetylcholine receptor M1,Ki,nM,7.12,333.47,3.4
CHEMBL554014,803.62,Cl.c1cc(CN2CCCNCCNCCCNCC2)ccc1CN1CCCNCCNCCCNCC1,EUbOPEN Chemogenomic Library,"PDSP Secondary Binding target: CHRM1 - Compounds are tested at 10 uM concentration, plate are incubated at room temperature in the dark for 90 minutes. Reaction are stopped by vacuum filtration onto 0.3% polyethyleneimine soaked filter mats using Filtermate harvester. Scintillation cocktail is then melted onto microwave-dried filters on a hot plate and the radio activity is counted in Microbia counter. Compounds showing a minimum of 50% inhibition at 10 uM concentration are carried forward in this secondary binding assay to determine equilibrium binding affinity.",B,Homo sapiens,,,2024.0,Muscarinic acetylcholine receptor M1,Ki,nM,6.09,539.26,0.42
CHEMBL4095626,17000.0,COc1cccc2c1CCC(C[N+](C)(C)C)C2.O=C[O-],Scientific Literature,Displacement of [3H]N-methyl-scopolamine bromide from human recombinant muscarinic M1 receptor expressed in HEK293T cell membranes after 1 hr by liquid scintillation counting method,B,Homo sapiens,,J Med Chem,2017.0,Muscarinic acetylcholine receptor M1,Ki,nM,4.77,279.38,2.51
CHEMBL146953,50000.0,CN(C)C1CCc2cccc(O)c2C1,Scientific Literature,Displacement of [3H]N-methyl-scopolamine bromide from human recombinant muscarinic M1 receptor expressed in HEK293T cell membranes after 1 hr by liquid scintillation counting method,B,Homo sapiens,,J Med Chem,2017.0,Muscarinic acetylcholine receptor M1,Ki,nM,,191.27,1.81
CHEMBL4065555,63.0,C[N+](C)(C)CCCc1ccc2ccoc2c1.O=C[O-],Scientific Literature,Displacement of [3H]N-methyl-scopolamine bromide from human recombinant muscarinic M1 receptor expressed in HEK293T cell membranes after 1 hr by liquid scintillation counting method,B,Homo sapiens,,J Med Chem,2017.0,Muscarinic acetylcholine receptor M1,Ki,nM,7.2,263.34,3.07
CHEMBL42,1.8,CN1CCN(C2=Nc3cc(Cl)ccc3Nc3ccccc32)CC1,Scientific Literature,Displacement of [3H]QNB from human M1 receptor by liquid scintillation counting,B,Homo sapiens,,Bioorg Med Chem,2012.0,Muscarinic acetylcholine receptor M1,Ki,nM,8.74,326.83,3.72
CHEMBL2048820,846.35,Cc1cn2cc(CC(=O)N3CCC4(CC3)CN(Cc3ccc(-n5nccn5)cc3Cl)C4)nc2s1,EUbOPEN Chemogenomic Library,"PDSP Secondary Binding target: CHRM1 - Compounds are tested at 10 uM concentration, plate are incubated at room temperature in the dark for 90 minutes. Reaction are stopped by vacuum filtration onto 0.3% polyethyleneimine soaked filter mats using Filtermate harvester. Scintillation cocktail is then melted onto microwave-dried filters on a hot plate and the radio activity is counted in Microbia counter. Compounds showing a minimum of 50% inhibition at 10 uM concentration are carried forward in this secondary binding assay to determine equilibrium binding affinity.",B,Homo sapiens,,,2024.0,Muscarinic acetylcholine receptor M1,Ki,nM,6.07,496.04,3.61
CHEMBL42,1.8,CN1CCN(C2=Nc3cc(Cl)ccc3Nc3ccccc32)CC1,Scientific Literature,Binding affinity to human cloned muscarinic M1 receptor,B,Homo sapiens,,Bioorg Med Chem,2008.0,Muscarinic acetylcholine receptor M1,Ki,nM,8.74,326.83,3.72
CHEMBL1935443,10000.0,Cc1ccc(Cn2c(C3CNCCO3)nc3ccccc32)cc1C,Scientific Literature,Inhibition of muscarinic M1 receptor,B,,,Bioorg Med Chem Lett,2012.0,Muscarinic acetylcholine receptor M1,Ki,nM,,321.42,3.36
CHEMBL490,35.0,Fc1ccc([C@@H]2CCNC[C@H]2COc2ccc3c(c2)OCO3)cc1,DrugMatrix,DRUGMATRIX: Muscarinic M1 radioligand binding (ligand: [3H] N-Methylscopolamine),B,,,,,Muscarinic acetylcholine receptor M1,Ki,nM,7.46,329.37,3.33
CHEMBL5088467,400.0,Cc1cnc2c(-c3ccc(C(=O)N(c4ncccc4C)[C@@H]4CCCNC4)cc3F)cnn2c1,Scientific Literature,Antagonist activity at muscarinic M1 receptor (unknown origin) expressed in cells assessed as change in fluorescence measured after 24 hrs by FLIPR assay,F,Homo sapiens,,ACS Med Chem Lett,2022.0,Muscarinic acetylcholine receptor M1,Ki,nM,6.4,444.51,3.95
CHEMBL3480577,3981.07,Cc1ccc2nc(CNCCCOc3ccccc3)cc(O)c2c1,SGC Frankfurt - Donated Chemical Probes,GPCRScan assay: inhibition of M1,B,Homo sapiens,,,2021.0,Muscarinic acetylcholine receptor M1,Ki,nM,5.4,322.41,3.81
CHEMBL1306,1375.0,CC(C)N1CCN(c2ccc(OC[C@H]3CO[C@](Cn4cncn4)(c4ccc(Cl)cc4Cl)O3)cc2)CC1,DrugMatrix,DRUGMATRIX: Muscarinic M1 radioligand binding (ligand: [3H] N-Methylscopolamine),B,,,,,Muscarinic acetylcholine receptor M1,Ki,nM,5.86,532.47,4.46
CHEMBL716,629.8,OCCOCCN1CCN(C2=Nc3ccccc3Sc3ccccc32)CC1,DrugMatrix,DRUGMATRIX: Muscarinic M1 radioligand binding (ligand: [3H] N-Methylscopolamine),B,,,,,Muscarinic acetylcholine receptor M1,Ki,nM,6.2,383.52,2.86
CHEMBL12587,18197.01,C[C@@H]1O[C@H](C[N+](C)(C)C)C[C@H]1O,Scientific Literature,Binding affinity to human cloned muscarinic M1 receptor expressed in CHO cells,B,Homo sapiens,,Bioorg Med Chem,2008.0,Muscarinic acetylcholine receptor M1,Ki,nM,4.74,174.26,0.23
CHEMBL5271406,0.73,CC1(C)C(/C=C/C=C/C=C2/N(CCCCS(=O)(=O)O)c3ccccc3C2(C)C)=[N+](CCCCCC(=O)NCCCCCCCCN2CCC(OC(=O)Nc3ccc(F)cc3-c3ccc(F)c(Cl)c3)CC2)c2ccc(S(=O)(=O)[O-])cc21,Scientific Literature,Displacement of [3H]N-methylscopolamine from human muscarinic M1 receptor expressed in human HEK293T cell membranes by radioligand competition binding based analysis,B,Homo sapiens,,J Med Chem,2022.0,Muscarinic acetylcholine receptor M1,Ki,nM,9.14,1160.89,
CHEMBL4577453,300.0,O=C(OCCCc1ccc(F)c(F)c1)N(c1ccccc1)C1CN2CCC1CC2,Scientific Literature,Displacement of [3H]NMS from human M1 AChR expressed in CHO cell membranes after 1 to 2 hrs by liquid scintillation spectrometry method,B,Homo sapiens,,Bioorg Med Chem Lett,2019.0,Muscarinic acetylcholine receptor M1,Ki,nM,6.52,400.47,4.63
CHEMBL3897499,10000.0,CCCN1CC[C@H]2c3cc4ccc(C(F)(F)F)cc4nc3[C@H](CC)[C@H]3CCC[C@@H]1[C@@H]32,Scientific Literature,Binding affinity to human M1 receptor expressed in CHO cells measured after 90 mins by radioligand binding assay,B,Homo sapiens,,Bioorg Med Chem Lett,2016.0,Muscarinic acetylcholine receptor M1,Ki,nM,,416.53,6.75
CHEMBL73234,76.0,CCN(CC)CCOCCOC(=O)C1(c2ccccc2)CCCC1,Scientific Literature,Binding affinity to muscarinic acetylcholine receptor M1 (unknown origin),B,Homo sapiens,,J Med Chem,2020.0,Muscarinic acetylcholine receptor M1,Ki,nM,7.12,333.47,3.4
CHEMBL3085033,18.6,CN(C(c1ccc(F)cc1)c1ccc(F)cc1)[C@H]1C[C@H]2CC[C@@H](C1)N2C,Scientific Literature,Displacement of [3H]pirenzepine from Muscarinic receptor M1,B,Homo sapiens,,Bioorg Med Chem Lett,2005.0,Muscarinic acetylcholine receptor M1,Ki,nM,7.73,356.46,4.61
CHEMBL715,10.0,Cc1cc2c(s1)Nc1ccccc1N=C2N1CCN(C)CC1,Scientific Literature,Displacement of [3H]pirenzepine from human M1 receptor expressed in CHO cells,B,Homo sapiens,,J Med Chem,2007.0,Muscarinic acetylcholine receptor M1,Ki,nM,8.0,312.44,3.44
CHEMBL4060823,6800.0,C[N+](C)(C)CCc1ccc2c(c1)OCC2.O=C[O-],Scientific Literature,Displacement of [3H]N-methyl-scopolamine from human recombinant muscarinic M1 receptor expressed in CHO-FlpIn cells after 6 hrs by liquid scintillation counting method,B,Homo sapiens,,J Med Chem,2017.0,Muscarinic acetylcholine receptor M1,Ki,nM,5.17,251.33,1.87
CHEMBL2111540,253.0,COc1ccc([S@@+]([O-])c2ccc(C(C#N)N3CCN(C4CCCCC4)CC3)cc2)cc1,Scientific Literature,Binding affinity towards the cloned human Muscarinic acetylcholine receptor M1,B,,,Bioorg Med Chem Lett,2000.0,Muscarinic acetylcholine receptor M1,Ki,nM,6.6,437.61,4.38
CHEMBL716,100.0,OCCOCCN1CCN(C2=Nc3ccccc3Sc3ccccc32)CC1,Scientific Literature,Binding affinity to human cloned muscarinic M1 receptor,B,Homo sapiens,,Bioorg Med Chem,2008.0,Muscarinic acetylcholine receptor M1,Ki,nM,7.0,383.52,2.86
CHEMBL227429,74131.02,C[C@H]1COC[C@H](C[N+](C)(C)C)O1.[I-],Scientific Literature,Displacement of [3H]NMS from human cloned muscarinic M1 receptor expressed in CHO cells,B,Homo sapiens,,Bioorg Med Chem Lett,2008.0,Muscarinic acetylcholine receptor M1,Ki,nM,4.13,301.17,0.5
CHEMBL954,392.0,CCN(CC)CCOc1ccc(/C(=C(/Cl)c2ccccc2)c2ccccc2)cc1,DrugMatrix,DRUGMATRIX: Muscarinic M1 radioligand binding (ligand: [3H] N-Methylscopolamine),B,,,,,Muscarinic acetylcholine receptor M1,Ki,nM,6.41,405.97,6.56
CHEMBL42,0.98,CN1CCN(C2=Nc3cc(Cl)ccc3Nc3ccccc32)CC1,Scientific Literature,Binding affinity towards human M1 muscarinic receptor.,B,,,J Med Chem,2001.0,Muscarinic acetylcholine receptor M1,Ki,nM,9.01,326.83,3.72
CHEMBL91,956.0,Clc1ccc(COC(Cn2ccnc2)c2ccc(Cl)cc2Cl)c(Cl)c1,DrugMatrix,DRUGMATRIX: Muscarinic M1 radioligand binding (ligand: [3H] N-Methylscopolamine),B,,,,,Muscarinic acetylcholine receptor M1,Ki,nM,6.02,416.13,6.45
CHEMBL59898,1318.26,CCOC(=O)c1c(C)[nH]c2ccc3c(c12)CN1CCc2cc(OC)ccc2C1O3,Scientific Literature,Inhibition of [3H]NMS binding to human muscarinic acetylcholine receptor M1 in transfected CHO cells.,B,,,J Med Chem,2002.0,Muscarinic acetylcholine receptor M1,Ki,nM,5.88,392.46,4.11
CHEMBL6437,343.0,CN1CCN2c3ccccc3Cc3ccccc3C2C1,DrugMatrix,DRUGMATRIX: Muscarinic M1 radioligand binding (ligand: [3H] N-Methylscopolamine),B,,,,,Muscarinic acetylcholine receptor M1,Ki,nM,6.46,264.37,3.08
CHEMBL294951,2.0,CN1CCC(=C2c3ccccc3CCc3sccc32)CC1,Scientific Literature,Binding affinity to muscarinic M1 receptor (unknown origin),B,Homo sapiens,,Bioorg Med Chem,2013.0,Muscarinic acetylcholine receptor M1,Ki,nM,8.7,295.45,4.37
CHEMBL278819,17000.0,Cc1cc(-c2ccccc2)nnc1NCCN1CCOCC1,Scientific Literature,Binding affinity towards muscarinic M1 receptor,B,,,J Med Chem,2004.0,Muscarinic acetylcholine receptor M1,Ki,nM,4.77,298.39,2.2
CHEMBL376897,0.3236,C[N+]1(C)[C@@H]2C[C@@H](OC(=O)[C@H](CO)c3ccccc3)C[C@H]1[C@@H]1O[C@@H]12,Scientific Literature,Displacement of [3H]N-methylscopolamine from human muscarinic M1 receptor expressed in CHO cells after 120 mins by scintillation counting,B,Homo sapiens,,J Med Chem,2012.0,Muscarinic acetylcholine receptor M1,Ki,nM,9.49,318.39,1.06
CHEMBL279453,12.4,CCCN(CCC)CC1CCCCN1CCNC(=O)N1c2ccccc2C(=O)Nc2cccnc21,Scientific Literature,Compound was evaluated for displacement of [3H]QNB from human Muscarinic m1 receptor in CHO cells.,B,,,Bioorg Med Chem Lett,1996.0,Muscarinic acetylcholine receptor M1,Ki,nM,7.91,478.64,4.47
CHEMBL21536,158.49,CCCCCCOc1nsnc1C1=CCCN(C)C1,Scientific Literature,Inhibition of [3H](R)-QNB binding to human M1 receptor expressed in A9 L cells,B,Homo sapiens,,J Med Chem,2006.0,Muscarinic acetylcholine receptor M1,Ki,nM,6.8,281.42,3.22
CHEMBL479,1.69,CSc1ccc2c(c1)N(CCC1CCCCN1C)c1ccccc1S2,DrugMatrix,DRUGMATRIX: Muscarinic M1 radioligand binding (ligand: [3H] N-Methylscopolamine),B,,,,,Muscarinic acetylcholine receptor M1,Ki,nM,8.77,370.59,5.89
CHEMBL517712,0.366,CN1[C@@H]2CC[C@H]1C[C@@H](OC(=O)C(CO)c1ccccc1)C2,DrugMatrix,DRUGMATRIX: Muscarinic M1 radioligand binding (ligand: [3H] N-Methylscopolamine),B,,,,,Muscarinic acetylcholine receptor M1,Ki,nM,9.44,289.38,1.93
CHEMBL134641,229.09,CO/N=C(\C#N)[C@H]1CN2CCC1CC2,Scientific Literature,Binding affinity to human cloned muscarinic M1 receptor expressed in CHO cells,B,Homo sapiens,,Bioorg Med Chem,2008.0,Muscarinic acetylcholine receptor M1,Ki,nM,6.64,193.25,0.85
CHEMBL5268503,3.8,CN(C)c1ccc2c(-c3ccc(-c4cn(CCCCCn5cc(CCCCCN6CCC(COC(=O)Nc7ccc(F)cc7-c7ccc(F)c(Cl)c7)CC6)nn5)nn4)cc3C(=O)[O-])c3ccc(=[N+](C)C)cc-3oc2c1,Scientific Literature,Displacement of [3H]N-methylscopolamine from human muscarinic M1 receptor expressed in human HEK293T cell membranes by radioligand competition binding based analysis,B,Homo sapiens,,J Med Chem,2022.0,Muscarinic acetylcholine receptor M1,Ki,nM,8.42,1039.63,
CHEMBL9967,2.818,CN1CCN(CC(=O)N2c3ccccc3C(=O)Nc3cccnc32)CC1,Scientific Literature,Displacement of [3H]N-methylscopolamine chloride from human cloned muscarinic M1 receptor expressed in CHOK1 cells,B,Homo sapiens,,Bioorg Med Chem,2008.0,Muscarinic acetylcholine receptor M1,Ki,nM,8.55,351.41,1.56
CHEMBL105457,10964.78,C[C@H]1OC[C@@H](C[N+](C)(C)C)O1,Scientific Literature,Binding affinity to human cloned muscarinic M1 receptor expressed in CHO cells,B,Homo sapiens,,Bioorg Med Chem,2008.0,Muscarinic acetylcholine receptor M1,Ki,nM,4.96,160.24,0.45
CHEMBL21536,7.943,CCCCCCOc1nsnc1C1=CCCN(C)C1,Scientific Literature,Binding affinity to human cloned muscarinic M1 receptor expressed in CHO cells,B,Homo sapiens,,Bioorg Med Chem,2008.0,Muscarinic acetylcholine receptor M1,Ki,nM,8.1,281.42,3.22
CHEMBL77793,120.23,Cc1nccn1CC#CCN1CCCC1=O,Scientific Literature,Binding affinity to human cloned muscarinic M1 receptor expressed in CHO cells,B,Homo sapiens,,Bioorg Med Chem,2008.0,Muscarinic acetylcholine receptor M1,Ki,nM,6.92,217.27,0.82
CHEMBL541424,93325.43,C[C@@H]1O[C@H]([C@@H]2CCC[N+]2(C)C)C[S+]1[O-],Scientific Literature,Binding affinity to human cloned muscarinic M1 receptor expressed in CHO cells,B,Homo sapiens,,Bioorg Med Chem,2008.0,Muscarinic acetylcholine receptor M1,Ki,nM,4.03,218.34,0.72
CHEMBL9967,15.0,CN1CCN(CC(=O)N2c3ccccc3C(=O)Nc3cccnc32)CC1,Scientific Literature,Inhibition of muscarinic M1 receptor (unknown origin) assessed as reduction in control ligand binding,B,Homo sapiens,,Eur J Med Chem,2015.0,Muscarinic acetylcholine receptor M1,Ki,nM,7.82,351.41,1.56
CHEMBL26505,15.1,CCN(CC)CCOC(=O)C(C)(c1ccccc1)c1ccccc1,Scientific Literature,Displacement of [3H] N-methylscopolamine from human muscarinic M1 receptor expressed in CHOK1 cells after 30 mins by scintillation counting analysis,B,Homo sapiens,,Bioorg Med Chem,2013.0,Muscarinic acetylcholine receptor M1,Ki,nM,7.82,325.45,3.88
CHEMBL2391541,10000.0,C=CCN(CC=C)CCc1c[nH]c2ccc(OC)cc12,Scientific Literature,Displacement of [3H]QNB from human recombinant muscarinic M1 receptor expressed in CHO cells after 1 to 1.5 hrs by scintillation counting analysis,B,Homo sapiens,,Bioorg Med Chem Lett,2013.0,Muscarinic acetylcholine receptor M1,Ki,nM,,270.38,3.39
CHEMBL14,38018.94,C[N+](C)(C)CCOC(N)=O.[Cl-],Scientific Literature,Displacement of [3H]NMS from human cloned muscarinic M1 receptor expressed in CHO cells,B,Homo sapiens,,Bioorg Med Chem Lett,2008.0,Muscarinic acetylcholine receptor M1,Ki,nM,4.42,182.65,-0.21
CHEMBL517712,0.25,CN1[C@@H]2CC[C@H]1C[C@@H](OC(=O)C(CO)c1ccccc1)C2,Scientific Literature,Binding affinity (Ki) against binding of [3H]NMS using membranes from CHO cells expressing cloned human Muscarinic acetylcholine receptor M1,B,Homo sapiens,,J Med Chem,2002.0,Muscarinic acetylcholine receptor M1,Ki,nM,9.6,289.38,1.93
CHEMBL1628227,18.0,CN(C)CCC=C1c2ccccc2COc2ccccc21,DrugMatrix,DRUGMATRIX: Muscarinic M1 radioligand binding (ligand: [3H] N-Methylscopolamine),B,,,,,Muscarinic acetylcholine receptor M1,Ki,nM,7.75,279.38,3.96
CHEMBL517712,0.922,CN1[C@@H]2CC[C@H]1C[C@@H](OC(=O)C(CO)c1ccccc1)C2,Scientific Literature,Displacement of [3H] N-methylscopolamine from human muscarinic M1 receptor expressed in CHOK1 cells after 30 mins by scintillation counting analysis,B,Homo sapiens,,Bioorg Med Chem,2013.0,Muscarinic acetylcholine receptor M1,Ki,nM,9.04,289.38,1.93
CHEMBL1101,2.36,OC(CCN1CCCCC1)(c1ccccc1)C1CC2C=CC1C2,Scientific Literature,Displacement of [3H] N-methylscopolamine from human muscarinic M1 receptor expressed in CHOK1 cells after 30 mins by scintillation counting analysis,B,Homo sapiens,,Bioorg Med Chem,2013.0,Muscarinic acetylcholine receptor M1,Ki,nM,8.63,311.47,3.96
CHEMBL54002,123.0,CCCCCCSc1nccnc1OC1CN2CCC1C2,Scientific Literature,Affinity towards human M1 receptor expressed in CHO cells using [3H]QNB as radioligand,B,,,Bioorg Med Chem Lett,1999.0,Muscarinic acetylcholine receptor M1,Ki,nM,6.91,307.46,3.23
CHEMBL3084748,3.467,O=C(O[C@H]1C[C@H]2CC[C@@H](C1)[N+]21CCCC1)C(O)(c1ccccc1)c1ccccc1.[Cl-],Scientific Literature,Displacement of [3H]NMS from human recombinant muscarinic receptor M1 expressed in CHO-K1 cell membranes incubated for 2 hrs by scintillation counting method,B,Homo sapiens,,J Med Chem,2020.0,Muscarinic acetylcholine receptor M1,Ki,nM,8.46,427.97,3.77
CHEMBL1112,1000.0,O=C1CCc2ccc(OCCCCN3CCN(c4cccc(Cl)c4Cl)CC3)cc2N1,Scientific Literature,Binding affinity to M1 receptor (unknown origin) by PDSP assay,B,Homo sapiens,,Medchemcomm,2012.0,Muscarinic acetylcholine receptor M1,Ki,nM,,448.39,4.86
CHEMBL27673,83.18,COc1ccccc1CNCCCCCCNCCCCCCCCNCCCCCCNCc1ccccc1OC,Scientific Literature,Displacement of [3H] N-methyl-scopolamine chloride from human muscarinic receptor M1 expressed in CHO cells,B,Homo sapiens,,Bioorg Med Chem,2007.0,Muscarinic acetylcholine receptor M1,Ki,nM,7.08,582.92,7.22
CHEMBL524061,93.33,CN1CCC[C@H]1[C@H]1C[S+]([O-])[C@](c2ccccc2)(C2CCCCC2)O1,Scientific Literature,Displacement of [3H]NMS from human muscarinic M1 receptor expressed in CHO cells,B,Homo sapiens,,Bioorg Med Chem,2008.0,Muscarinic acetylcholine receptor M1,Ki,nM,7.03,347.52,3.66
CHEMBL2111540,111.9,COc1ccc([S@@+]([O-])c2ccc(C(C#N)N3CCN(C4CCCCC4)CC3)cc2)cc1,Scientific Literature,Binding affinity against Muscarinic acetylcholine receptor M1,B,,,Bioorg Med Chem Lett,2000.0,Muscarinic acetylcholine receptor M1,Ki,nM,6.95,437.61,4.38
CHEMBL265256,3.548,CN(CCCCCCCCN(C)CCCCCCN(CC(=O)N1c2ccccc2C(=O)Nc2cccnc21)CC(=O)N1c2ccccc2C(=O)Nc2cccnc21)CCCCCCNCC(=O)N1c2ccccc2C(=O)Nc2cccnc21,Scientific Literature,Displacement of [3H]N-methylscopolamine chloride from human cloned muscarinic M1 receptor expressed in CHOK1 cells,B,Homo sapiens,,Bioorg Med Chem,2008.0,Muscarinic acetylcholine receptor M1,Ki,nM,8.45,1124.4,
CHEMBL295388,3.981,CCN(CC)CCCCC1CCN(CC(=O)N2c3ccccc3NC(=O)c3ccccc32)CC1,Scientific Literature,Displacement of [3H]-NMS from muscarinic M1 receptor (unknown origin) expressed in A9 cells by scintillation counting analysis,B,Homo sapiens,,RSC Med Chem,2020.0,Muscarinic acetylcholine receptor M1,Ki,nM,8.4,462.64,5.14
CHEMBL82301,10000.0,COC[C@@H](c1ccc(C(F)(F)F)cc1)N1CCN(C2(C)CCN(C(=O)c3c(C)ncnc3C)CC2)C[C@@H]1C,Scientific Literature,Antagonistic activity against muscarinic M1 receptor,F,,,J Med Chem,2004.0,Muscarinic acetylcholine receptor M1,Ki,nM,,533.64,4.5
CHEMBL15928,10000.0,COc1ccc(NC(=O)c2ccc(-c3ccc(-c4noc(C)n4)cc3C)cc2)cc1N1CCN(C)CC1,Scientific Literature,Affinity towards cloned Muscarinic acetylcholine receptor M1,B,Homo sapiens,,Bioorg Med Chem Lett,2005.0,Muscarinic acetylcholine receptor M1,Ki,nM,,497.6,5.03
CHEMBL523518,74.13,CN1CCC[C@@H]1[C@@H]1C[S+]([O-])C(c2ccccc2)(c2ccccc2)O1,Scientific Literature,Displacement of [3H]NMS from human muscarinic M1 receptor expressed in CHO cells,B,Homo sapiens,,Bioorg Med Chem,2008.0,Muscarinic acetylcholine receptor M1,Ki,nM,7.13,341.48,3.13
CHEMBL534,268.0,CN1CCC(=C2c3ccccc3CC(=O)c3sccc32)CC1,DrugMatrix,DRUGMATRIX: Muscarinic M1 radioligand binding (ligand: [3H] N-Methylscopolamine),B,,,,,Muscarinic acetylcholine receptor M1,Ki,nM,6.57,309.43,4.01
CHEMBL1346,5.5,NC(=O)C(c1ccccc1)(c1ccccc1)[C@@H]1CCN(CCc2ccc3c(c2)CCO3)C1,Scientific Literature,Binding affinity (Ki) against binding of [3H]NMS using membranes from CHO cells expressing cloned human Muscarinic acetylcholine receptor M1,B,Homo sapiens,,J Med Chem,2002.0,Muscarinic acetylcholine receptor M1,Ki,nM,8.26,426.56,3.96
CHEMBL360055,8511.38,CC[N+](CC)(CC)CCOc1cccc(OCC[N+](CC)(CC)CC)c1OCC[N+](CC)(CC)CC,Scientific Literature,Competitive inhibition of EGFP-fused human M1 receptor N-terminal truncated at 17 residues expressed in HEK293 cells after 4 hrs by FRET assay in presence of para-LRB-AC42,B,Homo sapiens,,J Med Chem,2012.0,Muscarinic acetylcholine receptor M1,Ki,nM,5.07,510.83,5.45
CHEMBL14,12000.0,C[N+](C)(C)CCOC(N)=O.[Cl-],Scientific Literature,Binding affinity of compound was determined towards human Muscarinic acetylcholine receptor M1 using [3H]QNB radioligand,B,,,J Med Chem,2003.0,Muscarinic acetylcholine receptor M1,Ki,nM,4.92,182.65,-0.21
CHEMBL352375,1548.82,CC(C1=C(CCN(C(C)C)C(C)C)Cc2ccccc21)c1ccccn1,Scientific Literature,Binding affinity towards cloned human muscarinic acetylcholine receptor M1 stably expressed in CHO-K1 cells using [3H]N-methylscopolamine,B,,,J Med Chem,2003.0,Muscarinic acetylcholine receptor M1,Ki,nM,5.81,348.53,5.7
CHEMBL294649,10000.0,Cn1cc(C(=O)C(=O)N[C@H]2CN3CCC2CC3)c2ccccc21,Scientific Literature,Binding affinity against Muscarinic M1 receptor,B,Homo sapiens,,Bioorg Med Chem Lett,1995.0,Muscarinic acetylcholine receptor M1,Ki,nM,5.0,311.38,1.57
CHEMBL14,38018.94,C[N+](C)(C)CCOC(N)=O.[Cl-],Scientific Literature,Binding affinity to cloned human muscarinic M1 receptor expressed in CHO cells,B,Homo sapiens,,J Med Chem,2006.0,Muscarinic acetylcholine receptor M1,Ki,nM,4.42,182.65,-0.21
CHEMBL716,1000.0,OCCOCCN1CCN(C2=Nc3ccccc3Sc3ccccc32)CC1,Scientific Literature,Binding affinity to M1 receptor (unknown origin) by PDSP assay,B,Homo sapiens,,Medchemcomm,2012.0,Muscarinic acetylcholine receptor M1,Ki,nM,6.0,383.52,2.86
CHEMBL17045,179.0,CCN(CC)CC1CCCCN1CC(=O)N1c2ccccc2C(=O)Nc2cccnc21,Scientific Literature,Compound was evaluated for displacement of [3H]QNB from human Muscarinic m1 receptor in CHO cells.,B,,,Bioorg Med Chem Lett,1996.0,Muscarinic acetylcholine receptor M1,Ki,nM,6.75,421.55,3.51
CHEMBL21731,143.0,CNCCCC12CCC(c3ccccc31)c1ccccc12,DrugMatrix,DRUGMATRIX: Muscarinic M1 radioligand binding (ligand: [3H] N-Methylscopolamine),B,,,,,Muscarinic acetylcholine receptor M1,Ki,nM,6.84,277.41,4.21
CHEMBL335542,100.0,CN1CCC=C(c2nsnc2OCCOCCOCCOCCOc2nsnc2C2=CCCN(C)C2)C1,Scientific Literature,Inhibition of [3H](R)-QNB binding to human M1 receptor Thr192Ala mutant expressed in A9 L cells,B,Homo sapiens,,J Med Chem,2006.0,Muscarinic acetylcholine receptor M1,Ki,nM,,552.72,2.33
CHEMBL43383,50.12,CCN(CC)CCCCC1CCN(CC(=O)N2c3ccccc3C(=O)Nc3cccnc32)CC1,Scientific Literature,Binding affinity to muscarinic M1 receptor (unknown origin) expressed in CHO cells,B,Homo sapiens,,J Med Chem,2019.0,Muscarinic acetylcholine receptor M1,Ki,nM,7.3,463.63,4.54
CHEMBL9967,25.0,CN1CCN(CC(=O)N2c3ccccc3C(=O)Nc3cccnc32)CC1,Scientific Literature,Displacement of radiolabeled pirenzepine from human muscarinic M1 receptor,B,Homo sapiens,,J Med Chem,2008.0,Muscarinic acetylcholine receptor M1,Ki,nM,7.6,351.41,1.56
CHEMBL343697,1100.0,C[N+]12CCC(CC1)C(C1Cc3ccccc3O1)C2,Scientific Literature,Binding affinity for muscarinic acetylcholine receptor M1 by measuring displacement of [3H]QNB from guinea pig cerebral cortex,B,Cavia porcellus,Cerebral cortex,J Med Chem,1995.0,Muscarinic acetylcholine receptor M1,Ki,nM,5.96,244.36,2.48
CHEMBL3765426,1000.0,Cn1c(SCCCN2CCOC(c3ccc(C(F)(F)F)cc3)C2)nnc1-c1ccc(C(N)=O)cc1,Scientific Literature,Antagonist activity at muscarinic M1 receptor (unknown origin),B,Homo sapiens,,Bioorg Med Chem Lett,2016.0,Muscarinic acetylcholine receptor M1,Ki,nM,6.0,505.57,4.16
CHEMBL195437,4338.0,CCCCCCCCc1ccc(O)cc1,DrugMatrix,DRUGMATRIX: Muscarinic M1 radioligand binding (ligand: [3H] N-Methylscopolamine),B,,,,,Muscarinic acetylcholine receptor M1,Ki,nM,5.36,206.33,4.3
CHEMBL12980,0.051,O=C(OC1CN2CCC1CC2)C(O)(c1ccccc1)c1ccccc1,Scientific Literature,Binding affinity for muscarinic acetylcholine receptor M1 by measuring displacement of [3H]QNB from guinea pig cerebral cortex,B,Cavia porcellus,Cerebral cortex,J Med Chem,1995.0,Muscarinic acetylcholine receptor M1,Ki,nM,10.29,337.42,2.56
CHEMBL7303,29512.09,COC(=O)C1=CCCN(C)C1,Scientific Literature,Binding affinity to human cloned muscarinic M1 receptor expressed in CHO cells,B,Homo sapiens,,Bioorg Med Chem,2008.0,Muscarinic acetylcholine receptor M1,Ki,nM,4.53,155.2,0.42
CHEMBL9967,23.5,CN1CCN(CC(=O)N2c3ccccc3C(=O)Nc3cccnc32)CC1,Scientific Literature,Inhibition of [3H]QNB binding to human muscarinic receptor M1,B,Homo sapiens,,J Med Chem,2004.0,Muscarinic acetylcholine receptor M1,Ki,nM,7.63,351.41,1.56
CHEMBL4095774,26000.0,COc1ccccc1C[N+](C)(C)C.[I-],Scientific Literature,Displacement of [3H]N-methyl-scopolamine bromide from human recombinant muscarinic M1 receptor expressed in HEK293T cell membranes after 1 hr by liquid scintillation counting method,B,Homo sapiens,,J Med Chem,2017.0,Muscarinic acetylcholine receptor M1,Ki,nM,4.58,307.18,1.9
CHEMBL4103375,1800.0,COc1cccc2c1CC(C[N+](C)(C)C)CC2.O=C[O-],Scientific Literature,Displacement of [3H]N-methyl-scopolamine bromide from human recombinant muscarinic M1 receptor expressed in HEK293T cell membranes after 1 hr by liquid scintillation counting method,B,Homo sapiens,,J Med Chem,2017.0,Muscarinic acetylcholine receptor M1,Ki,nM,5.75,279.38,2.51
CHEMBL43064,605.0,C(=C/c1ccccc1)\CN1CCN(C(c2ccccc2)c2ccccc2)CC1,DrugMatrix,DRUGMATRIX: Muscarinic M1 radioligand binding (ligand: [3H] N-Methylscopolamine),B,,,,,Muscarinic acetylcholine receptor M1,Ki,nM,6.22,368.52,5.11
CHEMBL85,1000.0,Cc1nc2n(c(=O)c1CCN1CCC(c3noc4cc(F)ccc34)CC1)CCCC2,Scientific Literature,Binding affinity to M1 receptor (unknown origin) by PDSP assay,B,Homo sapiens,,Medchemcomm,2012.0,Muscarinic acetylcholine receptor M1,Ki,nM,,410.49,3.59
CHEMBL1559535,19952.62,Cc1cc(N2CCNCC2)nc2ccccc12,Scientific Literature,Displacement of [3H]-NMS from recombinant muscarinic M1 receptor (unknown origin) expressed in CHOK1 cells after 60 mins by liquid scintillation counting analysis,B,Homo sapiens,,J Med Chem,2013.0,Muscarinic acetylcholine receptor M1,Ki,nM,,227.31,1.95
CHEMBL71,20.0,CN(C)CCCN1c2ccccc2Sc2ccc(Cl)cc21,DrugMatrix,DRUGMATRIX: Muscarinic M1 radioligand binding (ligand: [3H] N-Methylscopolamine),B,,,,,Muscarinic acetylcholine receptor M1,Ki,nM,7.7,318.87,4.89
CHEMBL667,22908.68,CC(=O)OCC[N+](C)(C)C,Scientific Literature,Displacement of [3H]N-methyl-scopolamine from human recombinant muscarinic M1 receptor expressed in CHO-FlpIn cells after 6 hrs by liquid scintillation counting method,B,Homo sapiens,,J Med Chem,2017.0,Muscarinic acetylcholine receptor M1,Ki,nM,4.64,146.21,0.26
CHEMBL71147,2.8,C=C(c1ccc(S(=O)(=O)c2ccc(OC)cc2)cc1)C1CCN(C2CCCCC2)CC1,Scientific Literature,Binding affinity against Muscarinic acetylcholine receptor M1,B,,,Bioorg Med Chem Lett,2000.0,Muscarinic acetylcholine receptor M1,Ki,nM,8.55,439.62,5.59
CHEMBL633,629.0,CCCCc1oc2ccccc2c1C(=O)c1cc(I)c(OCCN(CC)CC)c(I)c1,DrugMatrix,DRUGMATRIX: Muscarinic M1 radioligand binding (ligand: [3H] N-Methylscopolamine),B,,,,,Muscarinic acetylcholine receptor M1,Ki,nM,6.2,645.32,6.94
CHEMBL445,20.0,CNCCC=C1c2ccccc2CCc2ccccc21,DrugMatrix,DRUGMATRIX: Muscarinic M1 radioligand binding (ligand: [3H] N-Methylscopolamine),B,,,,,Muscarinic acetylcholine receptor M1,Ki,nM,7.7,263.38,3.83
CHEMBL493980,154.88,CN1CCC[C@H]1[C@H]1C[S+]([O-])[C@@](c2ccccc2)(C2CCCCC2)O1,Scientific Literature,Displacement of [3H]NMS from human muscarinic M1 receptor expressed in CHO cells,B,Homo sapiens,,Bioorg Med Chem,2008.0,Muscarinic acetylcholine receptor M1,Ki,nM,6.81,347.52,3.66
CHEMBL279453,30.9,CCCN(CCC)CC1CCCCN1CCNC(=O)N1c2ccccc2C(=O)Nc2cccnc21,Scientific Literature,Displacement of [3H]-NMS from human muscarinic M1 receptor expressed in stable CHO-K1 cells by radioligand binding assay,B,Homo sapiens,,J Med Chem,2019.0,Muscarinic acetylcholine receptor M1,Ki,nM,7.51,478.64,4.47
CHEMBL2093082,100000.0,C[C@H]1O[C@@H]([C@@H]2CCC[N+]2(C)C)C[S@@+]1[O-].[I-],Scientific Literature,Binding affinity to cloned human muscarinic M1 receptor expressed in CHO cells,B,Homo sapiens,,J Med Chem,2006.0,Muscarinic acetylcholine receptor M1,Ki,nM,,345.25,0.72
CHEMBL787,1938.0,CC(C)(O)c1ccccc1CC[C@@H](SCC1(CC(=O)O)CC1)c1cccc(/C=C/c2ccc3ccc(Cl)cc3n2)c1,DrugMatrix,DRUGMATRIX: Muscarinic M1 radioligand binding (ligand: [3H] N-Methylscopolamine),B,,,,,Muscarinic acetylcholine receptor M1,Ki,nM,5.71,586.2,8.95
CHEMBL352375,741.31,CC(C1=C(CCN(C(C)C)C(C)C)Cc2ccccc21)c1ccccn1,Scientific Literature,Binding affinity towards cloned human muscarinic acetylcholine receptor M1 stably expressed in CHO-K1 cells using [3H]N-methylscopolamine,B,,,J Med Chem,2003.0,Muscarinic acetylcholine receptor M1,Ki,nM,6.13,348.53,5.7
CHEMBL569713,7.5,CN1[C@@H]2C[C@@H](OC(=O)[C@H](CO)c3ccccc3)C[C@H]1[C@@H]1O[C@@H]12,Scientific Literature,Displacement of [3H]NMS from human M1 muscarinic receptor expressed in CHO-K1 cells,B,Homo sapiens,,J Med Chem,2013.0,Muscarinic acetylcholine receptor M1,Ki,nM,8.12,303.36,0.92
CHEMBL301265,10000.0,CCCN[C@H]1CCc2nc(N)sc2C1,Scientific Literature,Displacement of [3H]-QNB/[3H]-NMS from human muscarinic M1 receptor expressed in stable CHO cell membranes after 90 mins by microbeta scintillation counting method,A,Homo sapiens,,J Med Chem,2020.0,Muscarinic acetylcholine receptor M1,Ki,nM,,211.33,1.58
CHEMBL83,681.0,CC/C(=C(\c1ccccc1)c1ccc(OCCN(C)C)cc1)c1ccccc1,DrugMatrix,DRUGMATRIX: Muscarinic M1 radioligand binding (ligand: [3H] N-Methylscopolamine),B,,,,,Muscarinic acetylcholine receptor M1,Ki,nM,6.17,371.52,6.0
CHEMBL643,3.321,CC(CN1c2ccccc2Sc2ccccc21)N(C)C,DrugMatrix,DRUGMATRIX: Muscarinic M1 radioligand binding (ligand: [3H] N-Methylscopolamine),B,,,,,Muscarinic acetylcholine receptor M1,Ki,nM,8.48,284.43,4.24
CHEMBL1908368,0.433,CC(C)[N+]1(C)C2CCC1CC(OC(=O)C(CO)c1ccccc1)C2.O.[Br-],Scientific Literature,Displacement of [3H]-NMS from human recombinant M1 receptor expressed in CHO cells after 24 hrs by filter binding assay,B,Homo sapiens,,J Med Chem,2011.0,Muscarinic acetylcholine receptor M1,Ki,nM,9.36,430.38,2.85
CHEMBL3085019,59.4,CN1[C@@H]2CC[C@H]1C[C@H](NC(c1ccc(F)cc1)c1ccc(F)cc1)C2,Scientific Literature,Displacement of [3H]pirenzepine from Muscarinic receptor M1,B,Homo sapiens,,Bioorg Med Chem Lett,2005.0,Muscarinic acetylcholine receptor M1,Ki,nM,7.23,342.43,4.27
CHEMBL4520788,223.87,CNCc1ccccc1-c1csc([C@H](C)Nc2nc(C)nc3cc(OC)c(OC)cc23)c1,SGC Frankfurt - Donated Chemical Probes,GPCRScan assay: inhibition of M1,B,Homo sapiens,,,2021.0,Muscarinic acetylcholine receptor M1,Ki,nM,6.65,448.59,5.58
CHEMBL295388,0.3162,CCN(CC)CCCCC1CCN(CC(=O)N2c3ccccc3NC(=O)c3ccccc32)CC1,Scientific Literature,Displacement of [3H]-NMS from muscarinic M2 receptor (unknown origin) expressed in A9 cells by scintillation counting analysis,B,Homo sapiens,,RSC Med Chem,2020.0,Muscarinic acetylcholine receptor M1,Ki,nM,9.5,462.64,5.14
CHEMBL320820,10964.78,C[C@@H]1O[C@H](C[N+](C)(C)C)CS1,Scientific Literature,Binding affinity to human cloned muscarinic M1 receptor expressed in CHO cells,B,Homo sapiens,,Bioorg Med Chem,2008.0,Muscarinic acetylcholine receptor M1,Ki,nM,4.96,176.31,1.17
CHEMBL14580,540.0,c1coc(C2CN3CCC2CC3)c1,Scientific Literature,Binding affinity for muscarinic acetylcholine receptor M1 by measuring displacement of [3H]QNB from guinea pig cerebral cortex,B,Cavia porcellus,Cerebral cortex,J Med Chem,1995.0,Muscarinic acetylcholine receptor M1,Ki,nM,6.27,177.25,2.09
CHEMBL3577945,341.0,CCC[C@@H]1C[C@H](N(C)C(C)C)CC[C@@H]1N1CC[C@H](Nc2ncnc3ccc(C(F)(F)F)cc23)C1=O,Scientific Literature,Inhibition of muscarinic acetylcholine receptor M1 (unknown origin),B,Homo sapiens,,ACS Med Chem Lett,2015.0,Muscarinic acetylcholine receptor M1,Ki,nM,6.47,491.6,5.34
CHEMBL54002,7.0,CCCCCCSc1nccnc1OC1CN2CCC1C2,Scientific Literature,Affinity towards human M1 receptor expressed in CHO cells using [3H]QNB as radioligand,B,,,Bioorg Med Chem Lett,1999.0,Muscarinic acetylcholine receptor M1,Ki,nM,8.15,307.46,3.23
CHEMBL667,5800.0,CC(=O)OCC[N+](C)(C)C,Scientific Literature,Displacement of [3H]N-methyl-scopolamine bromide from human recombinant muscarinic M1 receptor expressed in HEK293T cell membranes after 1 hr by liquid scintillation counting method,B,Homo sapiens,,J Med Chem,2017.0,Muscarinic acetylcholine receptor M1,Ki,nM,5.24,146.21,0.26
CHEMBL708,10000.0,O=C1Cc2cc(CCN3CCN(c4nsc5ccccc45)CC3)c(Cl)cc2N1,Scientific Literature,Binding affinity towards human M1 receptor.,B,,,J Med Chem,2001.0,Muscarinic acetylcholine receptor M1,Ki,nM,,412.95,3.81
CHEMBL1231,1.0,CCN(CC)CC#CCOC(=O)C(O)(c1ccccc1)C1CCCCC1,Scientific Literature,Displacement of 1-[N-methyl- 3H]scopolamine from human muscarinic M1 receptor expressed in Sf9 cells,B,Homo sapiens,,Bioorg Med Chem Lett,2007.0,Muscarinic acetylcholine receptor M1,Ki,nM,9.0,357.49,3.34
CHEMBL4634333,0.03981,Cc1scc2c1N(C(=O)CN1CCN(CCCCCCCCCCNC(=O)Cc3ccc4c(c3)C(C)(C)C3=C5C=C6C7=[N+](CCC6OC5CCN34)c3ccc(S(=O)(=O)[O-])cc3C7(C)C)CC1)c1ccccc1NC2=O,Scientific Literature,Displacement of [3H]NMS from human recombinant muscarinic receptor M2 expressed in CHO-K9 cell membranes measured after 3 hrs by radioligand competition binding assay,B,Homo sapiens,,RSC Med Chem,2020.0,Muscarinic acetylcholine receptor M1,Ki,nM,10.4,1054.39,
CHEMBL1231,0.847,CCN(CC)CC#CCOC(=O)C(O)(c1ccccc1)C1CCCCC1,DrugMatrix,DRUGMATRIX: Muscarinic M1 radioligand binding (ligand: [3H] N-Methylscopolamine),B,,,,,Muscarinic acetylcholine receptor M1,Ki,nM,9.07,357.49,3.34
CHEMBL296419,257.0,COc1ccc(CCN2CCC(Nc3nc4ccccc4n3Cc3ccc(F)cc3)CC2)cc1,DrugMatrix,DRUGMATRIX: Muscarinic M1 radioligand binding (ligand: [3H] N-Methylscopolamine),B,,,,,Muscarinic acetylcholine receptor M1,Ki,nM,6.59,458.58,5.35
CHEMBL4535474,208.93,CNCc1ccccc1-c1csc([C@@H](C)Nc2nc(C)nc3cc(OC)c(OC)cc23)c1,SGC Frankfurt - Donated Chemical Probes,GPCRScan assay: inhibition of M1,B,Homo sapiens,,,2021.0,Muscarinic acetylcholine receptor M1,Ki,nM,6.68,448.59,5.58
CHEMBL4083241,10000.0,c1cncc(COC2CCCNC2)c1,Scientific Literature,Displacement of [3H]N-methyl-scopolamine bromide from human recombinant muscarinic M1 receptor expressed in HEK293T cell membranes after 1 hr by liquid scintillation counting method,B,Homo sapiens,,J Med Chem,2017.0,Muscarinic acetylcholine receptor M1,Ki,nM,5.0,192.26,1.35
CHEMBL556450,10000.0,Cc1cnn(C2CCN(c3nc4ccccc4n3Cc3ccc(F)cc3)CC2)c1,Scientific Literature,Displacement of [3H]N-methyl Scopolamine from human muscarinic M1 receptor expressed in CHO Flp-In cells by liquid scintillation counting,B,Homo sapiens,,Bioorg Med Chem Lett,2010.0,Muscarinic acetylcholine receptor M1,Ki,nM,,389.48,4.57
CHEMBL2206335,1288.25,Cc1ccccc1C(=O)CCCN1CCC(CCCCCN)CC1,Scientific Literature,Competitive inhibition of EGFP-fused human M1 receptor N-terminal truncated at 17 residues expressed in HEK293 cells after 4 hrs by FRET assay in presence of para-LRB-AC42,B,Homo sapiens,,J Med Chem,2012.0,Muscarinic acetylcholine receptor M1,Ki,nM,5.89,330.52,4.19
CHEMBL3337894,10000.0,COc1cccc(CNC(=O)c2nc3scc(COCc4ccc(C(=O)O)cc4)c3c(=O)[nH]2)c1,SGC Frankfurt - Donated Chemical Probes,GPCRScan assay: inhibition of M1,B,Homo sapiens,,,2021.0,Muscarinic acetylcholine receptor M1,Ki,nM,5.0,479.51,3.34
CHEMBL104,1654.0,Clc1ccccc1C(c1ccccc1)(c1ccccc1)n1ccnc1,DrugMatrix,DRUGMATRIX: Muscarinic M1 radioligand binding (ligand: [3H] N-Methylscopolamine),B,,,,,Muscarinic acetylcholine receptor M1,Ki,nM,5.78,344.85,5.38
CHEMBL277642,48.0,C[C@@H]1OC(=O)[C@H]2C[C@H]3CCCC[C@@H]3[C@@H](/C=C/[C@H]3CCC[C@H](C)N3C)[C@@H]12,Scientific Literature,In vitro inhibitory activity against cloned human M1 muscarinic receptor,B,Homo sapiens,,Bioorg Med Chem Lett,2004.0,Muscarinic acetylcholine receptor M1,Ki,nM,7.32,345.53,4.42
CHEMBL64000,21000.0,CC(=O)OC1CC2CCCC1N2,Scientific Literature,Inhibition of binding of [3H]quinuclidinyl benzilate to muscarinic receptors in membranes of CHO cells transfected with Muscarinic acetylcholine receptor M1,B,,,J Med Chem,1998.0,Muscarinic acetylcholine receptor M1,Ki,nM,4.68,169.22,0.83
CHEMBL1490,1.351,OC(CCN1CCCCC1)(c1ccccc1)C1CCCCC1,DrugMatrix,DRUGMATRIX: Muscarinic M1 radioligand binding (ligand: [3H] N-Methylscopolamine),B,,,,,Muscarinic acetylcholine receptor M1,Ki,nM,8.87,301.47,4.33
CHEMBL103769,2577.5,S=C(NCCCc1c[nH]cn1)NCCCN(Cc1ccc(Cl)c(Cl)c1)c1ccc(Br)cn1,EUbOPEN Chemogenomic Library,"PDSP Secondary Binding target: CHRM1 - Compounds are tested at 10 uM concentration, plate are incubated at room temperature in the dark for 90 minutes. Reaction are stopped by vacuum filtration onto 0.3% polyethyleneimine soaked filter mats using Filtermate harvester. Scintillation cocktail is then melted onto microwave-dried filters on a hot plate and the radio activity is counted in Microbia counter. Compounds showing a minimum of 50% inhibition at 10 uM concentration are carried forward in this secondary binding assay to determine equilibrium binding affinity.",B,Homo sapiens,,,2024.0,Muscarinic acetylcholine receptor M1,Ki,nM,5.59,556.36,5.37
CHEMBL30713,10000.0,CC(N)Cc1c[nH]c2ccccc12,Scientific Literature,Displacement of [3H]QNB from human recombinant muscarinic M1 receptor expressed in CHO cells after 1 to 1.5 hrs by scintillation counting analysis,B,Homo sapiens,,Bioorg Med Chem Lett,2013.0,Muscarinic acetylcholine receptor M1,Ki,nM,,174.25,2.06
CHEMBL4448933,323.59,Nc1ccccc1C(=O)N1CCC(N2CCC(Cc3ccc(S(=O)(=O)c4cccc(Cl)c4)cc3)CC2)CC1,Scientific Literature,Displacement of [3H]-NMS from human muscarinic M1 receptor expressed in CHO cell membranes assessed as inhibition constant by radioligand competition analysis,B,Homo sapiens,,Eur J Med Chem,2021.0,Muscarinic acetylcholine receptor M1,Ki,nM,6.49,552.14,5.31
CHEMBL716,398.11,OCCOCCN1CCN(C2=Nc3ccccc3Sc3ccccc32)CC1,Scientific Literature,Displacement of [3H]pirenzepine from human M1 receptor expressed in CHO cells,B,Homo sapiens,,J Med Chem,2007.0,Muscarinic acetylcholine receptor M1,Ki,nM,6.4,383.52,2.86
CHEMBL564226,1862.09,C[C@H](C1=C(CCN(C)C)Cc2ccccc21)c1ccccn1,Scientific Literature,Binding affinity towards cloned human muscarinic acetylcholine receptor M1 stably expressed in CHO-K1 cells using [3H]N-methylscopolamine,B,,,J Med Chem,2003.0,Muscarinic acetylcholine receptor M1,Ki,nM,5.73,292.43,4.15
CHEMBL3480577,4050.5,Cc1ccc2nc(CNCCCOc3ccccc3)cc(O)c2c1,SGC Frankfurt - Donated Chemical Probes,GPCRScan assay: inhibition of M1,B,Homo sapiens,,,2021.0,Muscarinic acetylcholine receptor M1,Ki,nM,5.39,322.41,3.81
CHEMBL5270925,0.63,C#CCCCCCCN1CCC(OC(=O)Nc2ccc(F)cc2-c2ccc(F)c(Cl)c2)CC1,Scientific Literature,Displacement of [3H]N-methylscopolamine from human muscarinic M1 receptor expressed in human HEK293T cell membranes by radioligand competition binding based analysis,B,Homo sapiens,,J Med Chem,2022.0,Muscarinic acetylcholine receptor M1,Ki,nM,9.2,474.98,6.88
CHEMBL5289083,1.9,CN1/C(=C/C=C/C=C/C2=[N+](CCCCCC(=O)NCCCNCCCCCCN3CCC(COC(=O)Nc4ccc(F)cc4-c4ccc(F)c(Cl)c4)CC3)c3ccccc3C2(C)C)C(C)(C)c2ccccc21,Scientific Literature,Displacement of [3H]N-methylscopolamine from human muscarinic M1 receptor expressed in human HEK293T cell membranes by radioligand competition binding based analysis,B,Homo sapiens,,J Med Chem,2022.0,Muscarinic acetylcholine receptor M1,Ki,nM,8.72,1002.76,
CHEMBL4636528,0.27,O=C(Nc1ccc(F)cc1-c1ccc(F)c(Cl)c1)OCC1CCNCC1,Scientific Literature,Displacement of [3H]N-methylscopolamine from human muscarinic M1 receptor transiently expressed in HEK293T cell membranes incubated for 1 hr by scintillation counting method,B,Homo sapiens,,J Med Chem,2020.0,Muscarinic acetylcholine receptor M1,Ki,nM,9.57,380.82,4.83
CHEMBL76,9120.11,CCN(CC)CCCC(C)Nc1ccnc2cc(Cl)ccc12,SARS-CoV-2 Screening Data,Activity of compound against Muscarinic acetylcholine receptor M1 (CHRM1) by displacement of 3H-QNB,B,Homo sapiens,,Nature,2020.0,Muscarinic acetylcholine receptor M1,Ki,nM,5.04,319.88,4.81
CHEMBL2312346,25300.0,COc1ccc(CCOC(=O)C2=C(c3ccccc3)CCN(C)C2)cc1OC,Scientific Literature,Displacement of [3H]NMS from human M1 muscarinic receptor expressed in CHO-K1 cells,B,Homo sapiens,,J Med Chem,2013.0,Muscarinic acetylcholine receptor M1,Ki,nM,4.6,381.47,3.58
CHEMBL517712,0.5754,CN1[C@@H]2CC[C@H]1C[C@@H](OC(=O)C(CO)c1ccccc1)C2,Scientific Literature,Displacement of [3H]NMS from EGFP-fused human M1 receptor N-terminal truncated at 17 residues expressed in HEK293 cells after 22 hrs by liquid scintillation counting,B,Homo sapiens,,J Med Chem,2012.0,Muscarinic acetylcholine receptor M1,Ki,nM,9.24,289.38,1.93
CHEMBL295388,3.981,CCN(CC)CCCCC1CCN(CC(=O)N2c3ccccc3NC(=O)c3ccccc32)CC1,Scientific Literature,Displacement of [3H]-NMS from human muscarinic M1 receptor expressed in CHO cell membranes assessed as inhibition constant by radioligand competition analysis,B,Homo sapiens,,Eur J Med Chem,2021.0,Muscarinic acetylcholine receptor M1,Ki,nM,8.4,462.64,5.14
CHEMBL415,22.0,CN(C)CCCN1c2ccccc2CCc2ccc(Cl)cc21,DrugMatrix,DRUGMATRIX: Muscarinic M1 radioligand binding (ligand: [3H] N-Methylscopolamine),B,,,,,Muscarinic acetylcholine receptor M1,Ki,nM,7.66,314.86,4.53
CHEMBL1346,5.5,NC(=O)C(c1ccccc1)(c1ccccc1)[C@@H]1CCN(CCc2ccc3c(c2)CCO3)C1,Scientific Literature,Displacement of [3H]N-methylscopolamine from human muscarinic M1 receptor transiently expressed in HEK293T cell membranes incubated for 1 hr by scintillation counting method,B,Homo sapiens,,J Med Chem,2020.0,Muscarinic acetylcholine receptor M1,Ki,nM,8.26,426.56,3.96
CHEMBL42,100.0,CN1CCN(C2=Nc3cc(Cl)ccc3Nc3ccccc32)CC1,Scientific Literature,Binding affinity to M1 receptor (unknown origin) by PDSP assay,B,Homo sapiens,,Medchemcomm,2012.0,Muscarinic acetylcholine receptor M1,Ki,nM,7.0,326.83,3.72
CHEMBL3775226,109.65,Cc1ncoc1-c1nnc(SCCCN2CC3CCN(c4ccc(C(F)(F)F)cc4F)C3C2)n1C,Scientific Literature,Antagonist activity at recombinant human muscarinic M1 receptor expressed in CHO-K1 cells assessed as inhibition of acetylcholine induced calcium mobilization preincubated for 10 mins followed by acetylcholine addition measured after 1 hr by fluo-4 AM dye-based FLIPR assay,F,Homo sapiens,,Bioorg Med Chem,2016.0,Muscarinic acetylcholine receptor M1,Ki,nM,6.96,510.56,4.63
CHEMBL4751394,1348.96,NC(=O)c1ccc2nc(-c3ccc(C4(N)CCC4)cc3)c(-c3ccccc3)n2n1,SGC Frankfurt - Donated Chemical Probes,GPCRScan assay: inhibition of M1,B,Homo sapiens,,,2021.0,Muscarinic acetylcholine receptor M1,Ki,nM,5.87,383.46,3.5
CHEMBL4535474,237.75,CNCc1ccccc1-c1csc([C@@H](C)Nc2nc(C)nc3cc(OC)c(OC)cc23)c1,EUbOPEN Chemogenomic Library Literature Data,Selectivity interaction (GPCR panel (PDSP screen)) EUB0000320b CHRM1,B,Homo sapiens,,,2023.0,Muscarinic acetylcholine receptor M1,Ki,nM,6.62,448.59,5.58
CHEMBL4535474,237.75,CNCc1ccccc1-c1csc([C@@H](C)Nc2nc(C)nc3cc(OC)c(OC)cc23)c1,SGC Frankfurt - Donated Chemical Probes,GPCRScan assay: inhibition of M1,B,Homo sapiens,,,2021.0,Muscarinic acetylcholine receptor M1,Ki,nM,6.62,448.59,5.58
CHEMBL667,12589.25,CC(=O)OCC[N+](C)(C)C,Scientific Literature,Binding affinity to muscarinic M1 acetylcholine receptor (unknown origin),B,Homo sapiens,,J Med Chem,2015.0,Muscarinic acetylcholine receptor M1,Ki,nM,4.9,146.21,0.26
CHEMBL4751394,1454.31,NC(=O)c1ccc2nc(-c3ccc(C4(N)CCC4)cc3)c(-c3ccccc3)n2n1,SGC Frankfurt - Donated Chemical Probes,GPCRScan assay: inhibition of M1,B,Homo sapiens,,,2021.0,Muscarinic acetylcholine receptor M1,Ki,nM,5.84,383.46,3.5
CHEMBL4442460,25000.0,COc1ccccc1N1CCN(CCCNC(=O)NN(Cc2ccccc2)c2ccccc2)CC1,Scientific Literature,Displacement of [3H] NMS from muscarinic M1 receptor (unknown origin),B,Homo sapiens,,J Med Chem,2019.0,Muscarinic acetylcholine receptor M1,Ki,nM,4.6,473.62,4.13
CHEMBL845,60.26,Clc1ccc2c(c1)N=C(N1CCNCC1)c1ccccc1N2,Scientific Literature,Displacement of [3H]NMS from EGFP-fused human M1 receptor N-terminal truncated at 17 residues expressed in HEK293 cells after 22 hrs by liquid scintillation counting,B,Homo sapiens,,J Med Chem,2012.0,Muscarinic acetylcholine receptor M1,Ki,nM,7.22,312.8,3.38
CHEMBL376897,0.0955,C[N+]1(C)[C@@H]2C[C@@H](OC(=O)[C@H](CO)c3ccccc3)C[C@H]1[C@@H]1O[C@@H]12,Scientific Literature,Displacement of [3H]NMS from EGFP-fused human M1 receptor N-terminal truncated at 17 residues expressed in HEK293 cells after 22 hrs by liquid scintillation counting,B,Homo sapiens,,J Med Chem,2012.0,Muscarinic acetylcholine receptor M1,Ki,nM,10.02,318.39,1.06
CHEMBL517712,1.202,CN1[C@@H]2CC[C@H]1C[C@@H](OC(=O)C(CO)c1ccccc1)C2,Scientific Literature,Competitive inhibition of EGFP-fused human M1 receptor N-terminal truncated at 17 residues expressed in HEK293 cells after 4 hrs by FRET assay in presence of para-LRB-AC42,B,Homo sapiens,,J Med Chem,2012.0,Muscarinic acetylcholine receptor M1,Ki,nM,8.92,289.38,1.93
CHEMBL5087121,1000.0,CN(C)C(=O)COC(=O)c1cc(-c2ccc([C@H]3C[C@H]4C[C@@H]3CN4)cc2)c2ccc(-c3ccc(C(F)(F)F)cc3)cc2c1,Scientific Literature,Inhibition of muscarinic M1 receptor (unknown origin) assessed as binding constant,B,Homo sapiens,,J Med Chem,2022.0,Muscarinic acetylcholine receptor M1,Ki,nM,,572.63,6.9
CHEMBL1626,19.95,CN1CCC[C@@H]1CCO[C@](C)(c1ccccc1)c1ccc(Cl)cc1,SARS-CoV-2 Screening Data,Activity of compound against Muscarinic acetylcholine receptor M1 (CHRM1) by displacement of 3H-QNB,B,Homo sapiens,,Nature,2020.0,Muscarinic acetylcholine receptor M1,Ki,nM,7.7,343.9,5.1
