Molecule ChEMBL ID,Standard Value,Smiles,Source Description,Assay Description,Assay Type,Assay Organism,Assay Tissue Name,Document Journal,Document Year,Target Name,Standard Type,Standard Units,pChEMBL Value,Molecular Weight,AlogP
CHEMBL168707,363.08,CC(C1=C(CCN(C)C)Cc2ccc(Cl)cc21)c1ccccn1,Scientific Literature,Binding affinity towards cloned human muscarinic acetylcholine receptor M2 stably expressed in CHO-K1 cells using [3H]N-methylscopolamine,B,,,J Med Chem,2003.0,Muscarinic acetylcholine receptor M2,Ki,nM,6.44,326.87,4.8
CHEMBL21509,12589.25,CN(C)CCC1=C/C(=C\c2ccccn2)c2ccccc21,Scientific Literature,Affinity for Muscarinic acetylcholine receptor M2 expressed in CHO cells by [3H]NMS displacement.,B,,,Bioorg Med Chem Lett,2001.0,Muscarinic acetylcholine receptor M2,Ki,nM,4.9,276.38,3.97
CHEMBL71483,1000.0,CC(C)(N)CC1CCN(C(=O)[C@](O)(c2ccccc2)[C@@H]2CCC(F)(F)C2)CC1,Scientific Literature,Binding affinity against human muscarinic acetylcholine receptor M2 in transfected CHO cells,B,,,Bioorg Med Chem Lett,2003.0,Muscarinic acetylcholine receptor M2,Ki,nM,6.0,394.51,3.68
CHEMBL93017,0.823,CCCS(=O)(=O)N1CCC(N2CCC(C3(c4ccc([S+]([O-])c5ccc6c(c5)OCO6)cc4)OCCO3)CC2)CC1,Scientific Literature,Binding affinity at human cloned acetylcholine receptor M2 in CHO cells.,B,,,Bioorg Med Chem Lett,2000.0,Muscarinic acetylcholine receptor M2,Ki,nM,9.09,590.76,3.7
CHEMBL12098,0.89,Cc1cccc(C(=O)N2CCC(N3CCC(Cc4ccc(S(=O)(=O)c5cccc(Cl)c5)cc4)CC3)CC2)c1N,Scientific Literature,Binding affinity against muscarinic acetylcholine receptor M2 stably expressed in CHO-K1 cells using [3H]-QNB as radioligand.,B,,,Bioorg Med Chem Lett,2002.0,Muscarinic acetylcholine receptor M2,Ki,nM,9.05,566.17,5.62
CHEMBL292574,40.0,c1cnc(O[C@@H]2CN3CCC2C3)cn1,Scientific Literature,Binding affinity towards human muscarinic M2 receptor,B,,,Bioorg Med Chem Lett,1999.0,Muscarinic acetylcholine receptor M2,Ki,nM,7.4,191.23,0.56
CHEMBL355854,4.3,C[C@@H]1OC(=O)[C@H]2C[C@H]3CCCC[C@@H]3[C@@H](CC[C@H]3CCC[C@H](C)N3C)[C@@H]12,Scientific Literature,In vitro inhibitory activity against cloned human M2 muscarinic receptor,B,Homo sapiens,,Bioorg Med Chem Lett,2004.0,Muscarinic acetylcholine receptor M2,Ki,nM,8.37,347.54,4.64
CHEMBL38756,9700.0,C[C@H]1OCC2(CN3CCC2CC3)O1,Scientific Literature,Compound was evaluated for its binding affinity against muscarinic acetylcholine receptor M2 in guinea pig heart using (-)-[3H]-QNB as radioligand,B,Cavia porcellus,,J Med Chem,1992.0,Muscarinic acetylcholine receptor M2,Ki,nM,5.01,183.25,0.84
CHEMBL150624,2.7,CC(=C1CCN(C2CCN(C(=O)c3ccc(F)c4ccccc34)CC2)CC1)c1ccc([S+]([O-])C(C)C)cc1,Scientific Literature,Binding affinity for human Muscarinic acetylcholine receptor M2,B,Homo sapiens,,J Med Chem,2002.0,Muscarinic acetylcholine receptor M2,Ki,nM,8.57,532.73,6.67
CHEMBL71147,0.17,C=C(c1ccc(S(=O)(=O)c2ccc(OC)cc2)cc1)C1CCN(C2CCCCC2)CC1,Scientific Literature,Binding affinity against Muscarinic acetylcholine receptor M2,B,,,Bioorg Med Chem Lett,2000.0,Muscarinic acetylcholine receptor M2,Ki,nM,9.77,439.62,5.59
CHEMBL95,5800.0,Nc1c2c(nc3ccccc13)CCCC2,Scientific Literature,Binding affinity against mouse Muscarinic acetylcholine receptor M2 using heart tissue and [3H]N-methylscopolamine,F,Mus musculus,,J Med Chem,1992.0,Muscarinic acetylcholine receptor M2,Ki,nM,5.24,198.27,2.7
CHEMBL2031737,681.0,C[C@@H]1CCCN1CCc1cc2cc(C(=O)c3ccc([N+](=O)[O-])cc3)ccc2o1,Scientific Literature,Binding affinity to human recombinant M2 receptor,B,Homo sapiens,,J Med Chem,2012.0,Muscarinic acetylcholine receptor M2,Ki,nM,6.17,378.43,4.6
CHEMBL82301,10000.0,COC[C@@H](c1ccc(C(F)(F)F)cc1)N1CCN(C2(C)CCN(C(=O)c3c(C)ncnc3C)CC2)C[C@@H]1C,Scientific Literature,Antagonistic activity against Muscarinic acetylcholine receptor M2,F,,,J Med Chem,2004.0,Muscarinic acetylcholine receptor M2,Ki,nM,,533.64,4.5
CHEMBL163887,2.5,CCNC(=O)N1CCC(N2CCN([C@@H](C)c3ccc(S(=O)(=O)c4ccc5c(c4)OCO5)cc3)[C@H](C)C2)CC1,Scientific Literature,Binding affinity against human cloned Muscarinic acetylcholine receptor M2.,B,,,Bioorg Med Chem Lett,2002.0,Muscarinic acetylcholine receptor M2,Ki,nM,8.6,542.7,3.51
CHEMBL335542,0.1259,CN1CCC=C(c2nsnc2OCCOCCOCCOCCOc2nsnc2C2=CCCN(C)C2)C1,Scientific Literature,Compound was tested for binding inhibition of [3H](R)-QNB to Muscarinic acetylcholine receptor M2 expressed in A9 L cells,B,,,J Med Chem,2003.0,Muscarinic acetylcholine receptor M2,Ki,nM,9.9,552.72,2.33
CHEMBL353290,112.2,CC(C1=C(CCN(C)C)Cc2ccc(F)cc21)c1ccccn1,Scientific Literature,Binding affinity towards cloned human muscarinic acetylcholine receptor M2 stably expressed in CHO-K1 cells using [3H]N-methylscopolamine,B,,,J Med Chem,2003.0,Muscarinic acetylcholine receptor M2,Ki,nM,6.95,310.42,4.29
CHEMBL355769,144.54,CC(C1=C(CCN(C)C(C)C)Cc2ccccc21)c1ccccn1,Scientific Literature,Binding affinity towards cloned human muscarinic acetylcholine receptor M2 stably expressed in CHO-K1 cells using [3H]N-methylscopolamine,B,,,J Med Chem,2003.0,Muscarinic acetylcholine receptor M2,Ki,nM,6.84,320.48,4.93
CHEMBL302809,210.0,CC1(CCN)CCN(C(=O)[C@](O)(c2ccccc2)[C@@H]2CCC(F)(F)C2)CC1,Scientific Literature,Binding affinity against human muscarinic acetylcholine receptor M2 in transfected CHO cells,B,,,Bioorg Med Chem Lett,2003.0,Muscarinic acetylcholine receptor M2,Ki,nM,6.68,380.48,3.29
CHEMBL68609,640.0,CC1(N)CCN(C(=O)[C@](O)(c2ccccc2)[C@@H]2CCC(F)(F)C2)CC1,Scientific Literature,Binding affinity against human muscarinic acetylcholine receptor M2 in transfected CHO cells,B,,,Bioorg Med Chem Lett,2003.0,Muscarinic acetylcholine receptor M2,Ki,nM,6.19,352.43,2.65
CHEMBL2426673,912.01,COc1ccc(CC(=O)N2CCC3(CC2)CN([C@H](c2ccc(-c4ncccn4)cc2)C(C)C)C3)nc1,Scientific Literature,Displacement of N-methyl [3H]-scopolamine from recombinant human muscarinic acetylcholine receptor M2 expressed in CHO cells after 2 hrs by liquid scintillation counting,B,Homo sapiens,,Bioorg Med Chem Lett,2013.0,Muscarinic acetylcholine receptor M2,Ki,nM,6.04,485.63,4.41
CHEMBL2426671,2398.83,COc1ccc(CC(=O)N2CCC3(CC2)CN(C(C)c2ccc(-c4ncccn4)cc2)C3)nc1,Scientific Literature,Displacement of N-methyl [3H]-scopolamine from recombinant human muscarinic acetylcholine receptor M2 expressed in CHO cells after 2 hrs by liquid scintillation counting,B,Homo sapiens,,Bioorg Med Chem Lett,2013.0,Muscarinic acetylcholine receptor M2,Ki,nM,5.62,457.58,3.78
CHEMBL90700,0.031,CCCS(=O)(=O)N1CCC(N2CCC(C3(c4ccc(S(=O)(=O)c5ccc6c(c5)OCO6)cc4)SCCS3)CC2)CC1,Scientific Literature,Binding affinity at human cloned acetylcholine receptor M2 in CHO cells.,B,,,Bioorg Med Chem Lett,2000.0,Muscarinic acetylcholine receptor M2,Ki,nM,10.51,638.9,4.8
CHEMBL233202,12.0,CN(C)C1(CNCCC2=CCSCC2)COc2ccccc2OC1,Scientific Literature,Displacement of 1-[N-methyl- 3H]scopolamine from human muscarinic M2 receptor expressed in Sf9 cells,B,Homo sapiens,,Bioorg Med Chem Lett,2007.0,Muscarinic acetylcholine receptor M2,Ki,nM,7.92,348.51,2.8
CHEMBL517712,2.512,CN1[C@@H]2CC[C@H]1C[C@@H](OC(=O)C(CO)c1ccccc1)C2,Scientific Literature,"Displacement of 4-(2-((1E,3E)-5-((E)-3,3-Dimethyl-1-(6-oxo-6-((2-(4-(4-(1-(2-oxo-2-(11-oxo-10,11-dihydro-5H-dibenzo[b,e][1,4]diazepin-5-yl)ethyl)piperidin-4-yl)butyl)piperazin-1-yl)ethyl)amino)hexyl)-5-sulfoindolin-2-ylidene)penta-1,3-dien-1-yl)-3,3-dimethyl-3H-indol-1-ium-1-yl)butane-1-sulfonate Bis(hydrotrifluoroacetate) fluorescent tracer from human muscarinic M2 receptor expressed in CHO-K9 cells by FACSCalibur flow cytometry",B,Homo sapiens,,J Med Chem,2020.0,Muscarinic acetylcholine receptor M2,Ki,nM,8.6,289.38,1.93
CHEMBL363895,180.0,C[C@@H]1OC(=O)[C@H]2C=C3CCCC[C@@H]3[C@@H]([C@@H]3CC4CCC(C)(C)[N+]4(C)O3)[C@@H]12.[I-],Scientific Literature,In vitro inhibitory activity against cloned human M2 muscarinic receptor,B,Homo sapiens,,Bioorg Med Chem Lett,2004.0,Muscarinic acetylcholine receptor M2,Ki,nM,6.75,487.42,4.0
CHEMBL295388,0.3162,CCN(CC)CCCCC1CCN(CC(=O)N2c3ccccc3NC(=O)c3ccccc32)CC1,Scientific Literature,Displacement of [3H]-NMS from human muscarinic M2 receptor expressed in CHO cell membranes assessed as inhibition constant by radioligand competition analysis,B,Homo sapiens,,Eur J Med Chem,2021.0,Muscarinic acetylcholine receptor M2,Ki,nM,9.5,462.64,5.14
CHEMBL287671,10000.0,c1ccc(-c2ccc(N3CCN(Cc4c[nH]c5ncccc45)CC3)cc2)cc1,Scientific Literature,Binding affinity to cloned Muscarinic acetylcholine receptor M2,B,,,Bioorg Med Chem Lett,2001.0,Muscarinic acetylcholine receptor M2,Ki,nM,,368.48,4.55
CHEMBL443780,23.4,CCN(CC)CCOC(=O)C(C)(c1ccccc1)C1CCCCC1,Scientific Literature,Antimuscarinic potency and subset specificity was characterised by its inhibition of the [3H]NMS Binding to Muscarinic acetylcholine receptor M2 subtype,B,,,J Med Chem,1992.0,Muscarinic acetylcholine receptor M2,Ki,nM,7.63,331.5,4.41
CHEMBL353689,138.8,CCCS(=O)(=O)N1CCC(N2CCC(Oc3ccc(S(=O)(=O)c4ccc(OC)cc4)cc3)CC2)CC1,Scientific Literature,Binding affinity towards Muscarinic acetylcholine receptor M2 stably expressed in CHO-K1 cells using [3H]-QNB as radioligand,B,,,Bioorg Med Chem Lett,2001.0,Muscarinic acetylcholine receptor M2,Ki,nM,6.86,536.72,3.58
CHEMBL311795,575.0,Cc1ncnc(C)c1C(=O)N1CCC(C)(N2CCN([C@@H](C)c3ccc(C(F)(F)F)cc3)[C@@H](C)C2)CC1,Scientific Literature,Binding affinity towards muscarinic receptor M2,B,,,Bioorg Med Chem Lett,2003.0,Muscarinic acetylcholine receptor M2,Ki,nM,6.24,503.61,4.87
CHEMBL55698,1737.8,C[C@@H]1OC(=O)[C@H]2C[C@H]3CCCC[C@@H]3[C@@H](/C=C\[C@H]3CCC[C@H](C)N3C)[C@@H]12,Scientific Literature,Binding affinity against human muscarine receptor (hM2) cloned in CHO cells,B,Homo sapiens,,Bioorg Med Chem Lett,2002.0,Muscarinic acetylcholine receptor M2,Ki,nM,5.76,345.53,4.42
CHEMBL569270,10000.0,CNc1cc(-c2csc(N(C)C(=O)c3ccc(F)cc3)n2)ncn1,Scientific Literature,Binding affinity to human muscarinic M2 receptor by PDSP assay,B,Homo sapiens,,J Med Chem,2013.0,Muscarinic acetylcholine receptor M2,Ki,nM,,343.39,3.06
CHEMBL594801,18197.01,CC1(C)COC[C@@H](C[N+](C)(C)C)O1.[I-],Scientific Literature,Displacement of [3H]NMS from human muscarinic M2 receptor expressed in CHO cells by microplate scintillation counting,B,Homo sapiens,,Bioorg Med Chem,2009.0,Muscarinic acetylcholine receptor M2,Ki,nM,4.74,315.2,0.89
CHEMBL58824,851.14,C[C@@H]1OC(=O)[C@H]2C[C@H]3CCCC[C@H]3[C@H](/C=C\[C@H]3CCC[C@H](C)N3C)[C@@H]12,Scientific Literature,Binding affinity against human muscarine receptor (hM2) cloned in CHO cells,B,Homo sapiens,,Bioorg Med Chem Lett,2002.0,Muscarinic acetylcholine receptor M2,Ki,nM,6.07,345.53,4.42
CHEMBL2441750,100000.0,CN(C)C[C@H]1CN(C)C(=O)O1,Scientific Literature,Displacement of [3H]NMS from human muscarinic M2 receptor expressed in CHO cells,B,Homo sapiens,,Bioorg Med Chem Lett,2013.0,Muscarinic acetylcholine receptor M2,Ki,nM,,158.2,0.0
CHEMBL334255,41.0,CCCCCCCCCCCCCCCC[n+]1ccccc1.[Br-],DrugMatrix,DRUGMATRIX: Muscarinic M2 radioligand binding (ligand: [3H] N-Methylscopolamine),B,,,,,Muscarinic acetylcholine receptor M2,Ki,nM,7.39,384.45,6.46
CHEMBL144435,460.0,C[N+]12C=C(c3cc4ccccc4o3)C(CC1)CC2,Scientific Literature,Binding affinity for muscarinic acetylcholine receptor M2 by measuring displacement of [3H]QNB from guinea pig heart,B,Cavia porcellus,,J Med Chem,1995.0,Muscarinic acetylcholine receptor M2,Ki,nM,6.34,240.33,3.64
CHEMBL3084650,0.5012,CN1[C@@H]2CC[C@H]1C[C@@H](CC(C#N)(c1ccccc1)c1ccccc1)C2,Scientific Literature,Displacement of [3H]N-methyl Scopolamine from human cloned muscarinic M2 receptor expressed in CHO cell membrane,B,Homo sapiens,,Bioorg Med Chem Lett,2009.0,Muscarinic acetylcholine receptor M2,Ki,nM,9.3,330.48,4.76
CHEMBL40391,320.0,Nc1cccc(-c2ccc(CCN3CCN(CC(=O)c4ccccc4)CC3)cc2)n1,Scientific Literature,Binding affinity of compound to m2 muscarinic receptor,B,,,Bioorg Med Chem Lett,1999.0,Muscarinic acetylcholine receptor M2,Ki,nM,6.5,400.53,3.37
CHEMBL440491,0.2999,C=C(c1ccc(S(=O)(=O)c2ccc(OC)cc2)cc1)C1CCN(C2CCN(C(=O)OCC(C)C)CC2)CC1,Scientific Literature,Binding affinity to muscarinic M2 receptor,B,Homo sapiens,,Bioorg Med Chem Lett,2007.0,Muscarinic acetylcholine receptor M2,Ki,nM,9.52,540.73,5.51
CHEMBL82859,125.89,COc1ccc(N(C(=O)c2ccccc2)C2CCN(Cc3ccccc3)CC2)cc1,Scientific Literature,In vitro affinity for muscarinic M2 receptor.,B,,,Bioorg Med Chem Lett,2002.0,Muscarinic acetylcholine receptor M2,Ki,nM,6.9,400.52,5.01
CHEMBL569729,31.62,C[N+]1(C)CCCC1c1ccc(C(O)(c2ccccc2)c2ccccc2)o1.[I-],Scientific Literature,Displacement of [3H]NMS from human cloned muscarinic M2 receptor expressed in CHO cells by scintillation counting,B,Homo sapiens,,J Med Chem,2010.0,Muscarinic acetylcholine receptor M2,Ki,nM,7.5,475.37,4.48
CHEMBL397538,10000.0,O=C(O)C(=O)O.O=C1CCON1CC#CCN1CCc2ccccc2C1,Scientific Literature,Displacement of [3H]QNB from human muscarinic M2 receptor expressed in CHO cells,B,Homo sapiens,,Bioorg Med Chem,2007.0,Muscarinic acetylcholine receptor M2,Ki,nM,,360.37,1.21
CHEMBL214642,3000.0,O=C(NCC1CCNCC1)[C@H]1CCCN1C(=O)[C@@H]1C[C@@H](O)CN1C(=O)CC(c1ccccc1)(c1ccccc1)c1ccccc1,Scientific Literature,Inhibition of [3H]NMS binding to human cloned M2 receptor expressed in CHO cells,B,Homo sapiens,,J Med Chem,2006.0,Muscarinic acetylcholine receptor M2,Ki,nM,5.52,608.78,3.48
CHEMBL140706,202.0,COc1nc(C)c(C(=O)N2CCC(C)(N3CCN([C@@H](C)c4ccc(C(F)(F)F)cc4)[C@@H](C)C3)CC2)c(C)n1,Scientific Literature,Binding affinity towards muscarinic receptor M2,B,,,Bioorg Med Chem Lett,2003.0,Muscarinic acetylcholine receptor M2,Ki,nM,6.7,533.64,4.88
CHEMBL380759,3235.94,C[N+](C)(C)CC#CCOC(=O)Nc1ccc(Cl)cc1.[Cl-],Scientific Literature,Binding affinity to cloned human muscarinic M2 receptor expressed in CHO cells,B,Homo sapiens,,J Med Chem,2006.0,Muscarinic acetylcholine receptor M2,Ki,nM,5.49,317.22,2.6
CHEMBL73017,74.0,O=C(OCOCCN1CCCC1)C1(c2ccc(Cl)c(Cl)c2)CCCCC1,Scientific Literature,Binding affinity towards muscarinic m2 receptor,B,,,J Med Chem,1994.0,Muscarinic acetylcholine receptor M2,Ki,nM,7.13,400.35,4.81
CHEMBL426761,6.9,CCCCS(=O)(=O)N1CCC(N2CCC(Oc3ccc(S(=O)(=O)c4ccc5c(c4)OCO5)cc3)CC2)CC1,Scientific Literature,Binding affinity towards Muscarinic acetylcholine receptor M2 stably expressed in CHO-K1 cells using [3H]-QNB as radioligand,B,,,Bioorg Med Chem Lett,2001.0,Muscarinic acetylcholine receptor M2,Ki,nM,8.16,564.73,3.69
CHEMBL422740,1.1,O=C(Oc1ccccc1)N1CCC(N2CCC(Oc3ccc(S(=O)(=O)c4ccc5c(c4)OCO5)cc3)CC2)CC1,Scientific Literature,Binding affinity towards Muscarinic acetylcholine receptor M2 stably expressed in CHO-K1 cells using [3H]-QNB as radioligand,B,,,Bioorg Med Chem Lett,2001.0,Muscarinic acetylcholine receptor M2,Ki,nM,8.96,564.66,4.75
CHEMBL128365,87.1,C#CCOC(=O)C1=CCCN(C)C1,Scientific Literature,Binding affinity to cloned human muscarinic M2 receptor expressed in CHO cells,B,Homo sapiens,,J Med Chem,2006.0,Muscarinic acetylcholine receptor M2,Ki,nM,7.06,179.22,0.42
CHEMBL105122,2187.76,CCOC(=O)c1c(C)[nH]c2ccc3c(c12)CN1CCc2cc(SC)ccc2C1O3,Scientific Literature,Inhibition of [3H]-NMS binding to human muscarinic acetylcholine receptor M2 in transfected CHO cells.,B,,,J Med Chem,2002.0,Muscarinic acetylcholine receptor M2,Ki,nM,5.66,408.52,4.82
CHEMBL1493369,30.2,C[C@@H](C1=C(CCN(C)C)Cc2ccccc21)c1ccccn1,Scientific Literature,Binding affinity towards cloned human muscarinic acetylcholine receptor M2 stably expressed in CHO-K1 cells using [3H]N-methylscopolamine,B,,,J Med Chem,2003.0,Muscarinic acetylcholine receptor M2,Ki,nM,7.52,292.43,4.15
CHEMBL168145,111.0,CCN(CCCCC1CCN(CC(=O)N2c3ccccc3NC(=O)c3ccccc32)CC1)C(=O)c1cccc(I)c1,Scientific Literature,Tested in vitro for the binding affinity against muscarinic receptor subtype 2 (M2),B,,,Bioorg Med Chem Lett,1997.0,Muscarinic acetylcholine receptor M2,Ki,nM,6.96,664.59,6.57
CHEMBL71799,6800.0,NCC1CCC(NC(=O)[C@](O)(c2ccccc2)[C@@H]2CCC(F)(F)C2)CC1,Scientific Literature,Binding affinity against human muscarinic acetylcholine receptor M2 in transfected CHO cells,B,,,Bioorg Med Chem Lett,2003.0,Muscarinic acetylcholine receptor M2,Ki,nM,5.17,366.45,2.94
CHEMBL167223,33.11,CC(C1=C(CCN(C)C)Cc2cc(Cl)ccc21)c1ccccn1,Scientific Literature,Binding affinity towards cloned human muscarinic acetylcholine receptor M2 stably expressed in CHO-K1 cells using [3H]N-methylscopolamine,B,,,J Med Chem,2003.0,Muscarinic acetylcholine receptor M2,Ki,nM,7.48,326.87,4.8
CHEMBL433011,0.72,CCOC(=O)N1CCC(N2CCC(C3(c4ccc(S(=O)(=O)c5ccc(OC)cc5)cc4)OCCCO3)CC2)CC1,Scientific Literature,Binding affinity at human cloned acetylcholine receptor M2 in CHO cells.,B,,,Bioorg Med Chem Lett,2000.0,Muscarinic acetylcholine receptor M2,Ki,nM,9.14,572.72,4.45
CHEMBL69452,80.0,CCO/C(O)=C1\CN2CC(CCC2COCc2ccccc2)C1=O,Scientific Literature,Binding affinity of compound was determined towards human Muscarinic acetylcholine receptor M2 using [3H]QNB radioligand,B,,,J Med Chem,2003.0,Muscarinic acetylcholine receptor M2,Ki,nM,7.1,331.41,2.67
CHEMBL94772,2400.0,OC1(C2=CN3CCC2CC3)c2ccccc2CCc2ccccc21,Scientific Literature,In vitro binding affinity towards muscarinic receptor in heart (M2) was determined,B,,,Bioorg Med Chem Lett,1994.0,Muscarinic acetylcholine receptor M2,Ki,nM,5.62,317.43,3.63
CHEMBL545077,15.85,CN1CCC=C(c2nsnc2OCCCCCCCCCCCCO)C1.Cl,Scientific Literature,Compound was tested for binding inhibition of [3H](R)-QNB to Muscarinic acetylcholine receptor M2 expressed in A9 L cells,B,,,J Med Chem,2003.0,Muscarinic acetylcholine receptor M2,Ki,nM,7.8,418.05,4.53
CHEMBL307234,0.99,C=C(c1ccc(S(=O)(=O)c2ccc(OC)cc2)cc1)C1CCN(C2CCN(C(=O)OC)CC2)CC1,Scientific Literature,Binding affinity against Muscarinic acetylcholine receptor M2 stably expressed in CHO-K1 cells.,B,,,Bioorg Med Chem Lett,2000.0,Muscarinic acetylcholine receptor M2,Ki,nM,9.0,498.65,4.48
CHEMBL74352,0.59,C=C(c1ccc(S(=O)(=O)c2ccc(OC)cc2)cc1)C1CCN(C2CCN(C(=O)OCCC)CC2)CC1,Scientific Literature,Binding affinity against Muscarinic acetylcholine receptor M2 stably expressed in CHO-K1 cells.,B,,,Bioorg Med Chem Lett,2000.0,Muscarinic acetylcholine receptor M2,Ki,nM,9.23,526.7,5.26
CHEMBL84113,300.0,O=C(OC1CC2CCCC1N2)c1ccccc1,Scientific Literature,Inhibition of [3H]- quinuclidinyl benzilate binding to human Muscarinic acetylcholine receptor M2 expressed in CHO cell membrane,B,Homo sapiens,,J Med Chem,2000.0,Muscarinic acetylcholine receptor M2,Ki,nM,6.52,231.29,2.13
CHEMBL174070,0.2,Cc1ccsc1C(=O)N1CCC(N2CCC(Oc3ccc(S(=O)(=O)c4ccc5c(c4)OCO5)cc3)CC2)CC1,Scientific Literature,Binding affinity towards Muscarinic acetylcholine receptor M2 stably expressed in CHO-K1 cells using [3H]-QNB as radioligand,B,,,Bioorg Med Chem Lett,2001.0,Muscarinic acetylcholine receptor M2,Ki,nM,9.7,568.72,4.77
CHEMBL257174,3981.07,CN1CCC(C2CCN(CCCC(O)(c3ccccc3)c3ccccc3)CC2)CC1.Cl.Cl,Scientific Literature,Displacement of [3H]N-methylscopolamine from human muscarinic M2 receptor expressed in CHO-K1 cells,B,Homo sapiens,,Bioorg Med Chem Lett,2008.0,Muscarinic acetylcholine receptor M2,Ki,nM,5.4,479.54,4.76
CHEMBL330692,200.0,OC1(C2=CN3CCC2CC3)c2ccccc2C=Cc2ccccc21,Scientific Literature,In vitro binding affinity towards muscarinic receptor in heart (M2) was determined,B,,,Bioorg Med Chem Lett,1994.0,Muscarinic acetylcholine receptor M2,Ki,nM,,315.42,4.02
CHEMBL150624,2.4,CC(=C1CCN(C2CCN(C(=O)c3ccc(F)c4ccccc34)CC2)CC1)c1ccc([S+]([O-])C(C)C)cc1,Scientific Literature,Binding affinity for human Muscarinic acetylcholine receptor M2,B,Homo sapiens,,J Med Chem,2002.0,Muscarinic acetylcholine receptor M2,Ki,nM,8.62,532.73,6.67
CHEMBL69648,41.0,NCCC1CCN(C(=O)[C@](O)(c2ccccc2)C2CCCC2)CC1,Scientific Literature,Binding affinity against human muscarinic acetylcholine receptor M2 in transfected CHO cells,B,,,Bioorg Med Chem Lett,2003.0,Muscarinic acetylcholine receptor M2,Ki,nM,7.39,330.47,2.65
CHEMBL164935,0.1,COc1ccccc1C(=O)N1CCC(N2CCN([C@@H](C)c3ccc(S(=O)(=O)c4ccc5c(c4)OCO5)cc3)[C@H](C)C2)CC1,Scientific Literature,Binding affinity against human muscarinic acetylcholine receptor M2 using [3H]N-methylscopolamine as radioligand,B,,,Bioorg Med Chem Lett,2002.0,Muscarinic acetylcholine receptor M2,Ki,nM,10.0,605.76,4.63
CHEMBL5282659,28.0,NCCCCCCN1CCC(OC(=O)Nc2ccc(F)cc2-c2ccc(F)c(Cl)c2)CC1,Scientific Literature,Displacement of [3H]N-methylscopolamine from human muscarinic M2 receptor expressed in human HEK293T cell membranes by radioligand competition binding based analysis,B,Homo sapiens,,J Med Chem,2022.0,Muscarinic acetylcholine receptor M2,Ki,nM,7.55,465.97,5.82
CHEMBL5265833,9.3,C#CCCCCCCN1CCC(COC(=O)Nc2ccc(F)cc2-c2ccc(F)c(Cl)c2)CC1,Scientific Literature,Displacement of [3H]N-methylscopolamine from human muscarinic M2 receptor expressed in human HEK293T cell membranes by radioligand competition binding based analysis,B,Homo sapiens,,J Med Chem,2022.0,Muscarinic acetylcholine receptor M2,Ki,nM,8.03,489.01,7.13
CHEMBL306903,2200.0,O=C(NCC1CCNCC1)[C@](O)(c1ccccc1)[C@@H]1CCC(F)(F)C1,Scientific Literature,Binding affinity against human muscarinic acetylcholine receptor M2 in transfected CHO cells,B,,,Bioorg Med Chem Lett,2003.0,Muscarinic acetylcholine receptor M2,Ki,nM,5.66,352.43,2.43
CHEMBL279520,29512.09,CN(C)CCNC(=O)C1=C/C(=C\c2cccnc2)c2ccccc21,Scientific Literature,Affinity for Muscarinic acetylcholine receptor M2 expressed in CHO cells by [3H]NMS displacement.,B,,,Bioorg Med Chem Lett,2001.0,Muscarinic acetylcholine receptor M2,Ki,nM,4.53,319.41,2.7
CHEMBL9967,270.0,CN1CCN(CC(=O)N2c3ccccc3C(=O)Nc3cccnc32)CC1,Scientific Literature,Binding affinity for muscarinic acetylcholine receptor M2 by measuring displacement of [3H]QNB from guinea pig heart,B,Cavia porcellus,,J Med Chem,1995.0,Muscarinic acetylcholine receptor M2,Ki,nM,6.57,351.41,1.56
CHEMBL3545181,0.1,C[N+]1(C)[C@@H]2C[C@@H](OC(=O)C(O)(c3cccs3)c3cccs3)C[C@H]1[C@@H]1O[C@@H]12.O.[Br-],Scientific Literature,Binding affinity to muscarinic M2 receptor,B,,,J Med Chem,2009.0,Muscarinic acetylcholine receptor M2,Ki,nM,10.0,490.44,2.35
CHEMBL106259,4073.8,CCN(C)C(=O)c1c(C)[nH]c2ccc3c(c12)CN1CCc2cc(OC)ccc2C1O3,Scientific Literature,Inhibition of [3H]-NMS binding to human muscarinic acetylcholine receptor M2 in transfected CHO cells.,B,,,J Med Chem,2002.0,Muscarinic acetylcholine receptor M2,Ki,nM,5.39,405.5,4.03
CHEMBL2112957,0.82,O=C(NC[C@H]1CCCN(CC2CCCCC2)C1)[C@H]1CCCN1C(=O)[C@@H]1CCCN1C(=O)CC(c1ccccc1)(c1ccccc1)c1ccccc1,Scientific Literature,Binding affinity (Ki) against binding of [3H]NMS to membranes from CHO cells expressing cloned human Muscarinic acetylcholine receptor M2,B,Homo sapiens,,J Med Chem,2002.0,Muscarinic acetylcholine receptor M2,Ki,nM,9.09,688.96,6.8
CHEMBL75108,0.23,COc1ccc(S(=O)(=O)c2ccc(C3(C4CCN(C5CCN(C(=O)c6cccc7c(F)cc(F)cc67)CC5)CC4)OCCO3)cc2)cc1,Scientific Literature,Antagonistic activity against Muscarinic acetylcholine receptor M2,F,,,Bioorg Med Chem Lett,2001.0,Muscarinic acetylcholine receptor M2,Ki,nM,9.64,676.78,6.18
CHEMBL343697,1300.0,C[N+]12CCC(CC1)C(C1Cc3ccccc3O1)C2,Scientific Literature,Binding affinity for muscarinic acetylcholine receptor M2 by measuring displacement of [3H]QNB from guinea pig heart,B,Cavia porcellus,,J Med Chem,1995.0,Muscarinic acetylcholine receptor M2,Ki,nM,5.89,244.36,2.48
CHEMBL87132,630.96,O=C(c1ccc(Br)cc1)N(c1ccccc1)C1CCN(Cc2ccccc2)CC1,Scientific Literature,In vitro affinity for muscarinic M2 receptor.,B,,,Bioorg Med Chem Lett,2002.0,Muscarinic acetylcholine receptor M2,Ki,nM,6.2,449.39,5.76
CHEMBL315127,3981.07,O=C(c1ccc([N+](=O)[O-])cc1)N(c1ccccc1)C1CCN(Cc2ccccc2)CC1,Scientific Literature,In vitro affinity for muscarinic M2 receptor.,B,,,Bioorg Med Chem Lett,2002.0,Muscarinic acetylcholine receptor M2,Ki,nM,5.4,415.49,4.91
CHEMBL149484,1000.0,COc1cccc(CN2CCC(NC(=O)[C@](O)(c3ccccc3)[C@@H]3CCC(F)(F)C3)CC2)c1,Scientific Literature,Inhibition of [3H]NMS binding to human muscarinic acetylcholine receptor M2 expressed in CHO cells,B,,,J Med Chem,2000.0,Muscarinic acetylcholine receptor M2,Ki,nM,6.0,458.55,4.1
CHEMBL356321,1700.0,C1=C(c2ccsc2)C2CCN1CC2,Scientific Literature,Binding affinity for muscarinic acetylcholine receptor M2 by measuring displacement of [3H]QNB from guinea pig heart,B,Cavia porcellus,,J Med Chem,1995.0,Muscarinic acetylcholine receptor M2,Ki,nM,5.77,191.3,2.81
CHEMBL14,1230.27,C[N+](C)(C)CCOC(N)=O.[Cl-],Scientific Literature,Displacement of [3H]NMS from human muscarinic M2 receptor expressed in CHO cells by microplate scintillation counting,B,Homo sapiens,,Bioorg Med Chem,2009.0,Muscarinic acetylcholine receptor M2,Ki,nM,5.91,182.65,-0.21
CHEMBL166385,37.1,CCOC(=O)N(CC)CCCCC1CCN(CC(=O)N2c3ccccc3NC(=O)c3ccccc32)CC1,Scientific Literature,Tested in vitro for the binding affinity against muscarinic receptor subtype 2 (M2),B,,,Bioorg Med Chem Lett,1997.0,Muscarinic acetylcholine receptor M2,Ki,nM,7.43,506.65,5.28
CHEMBL343644,1300.0,CC(C)=CCCN1CCC(NC(=O)[C@](O)(c2ccccc2)[C@H]2CC[C@H](F)C2)CC1,Scientific Literature,Inhibition of [3H]NMS binding to human muscarinic acetylcholine receptor M2 expressed in CHO cells,B,,,J Med Chem,2000.0,Muscarinic acetylcholine receptor M2,Ki,nM,5.89,402.55,3.95
CHEMBL145301,2700.0,OC1(c2cc3ccccc3o2)CN2CCC1CC2,Scientific Literature,Binding affinity for muscarinic acetylcholine receptor M2 by measuring displacement of [3H]QNB from guinea pig heart,B,Cavia porcellus,,J Med Chem,1995.0,Muscarinic acetylcholine receptor M2,Ki,nM,5.57,243.31,2.35
CHEMBL72957,0.41,C=C(c1ccc(S(=O)(=O)c2ccc(OC)cc2)cc1)C1CCN(C2CCN(C(=O)OC(C)C)CC2)CC1,Scientific Literature,Binding affinity against Muscarinic acetylcholine receptor M2 stably expressed in CHO-K1 cells.,B,,,Bioorg Med Chem Lett,2000.0,Muscarinic acetylcholine receptor M2,Ki,nM,9.39,526.7,5.26
CHEMBL594376,11220.18,C[C@@H]1CO[C@H](C[N+](C)(C)C)CO1.[I-],Scientific Literature,Displacement of [3H]NMS from human muscarinic M2 receptor expressed in CHO cells by microplate scintillation counting,B,Homo sapiens,,Bioorg Med Chem,2009.0,Muscarinic acetylcholine receptor M2,Ki,nM,4.95,301.17,0.5
CHEMBL2114068,0.03,C=C(c1ccc([S@@+]([O-])c2ccc(OC)cc2)cc1)C1CCN(C2CCCCC2)CC1,Scientific Literature,Binding affinity against Muscarinic acetylcholine receptor M2,B,,,Bioorg Med Chem Lett,2000.0,Muscarinic acetylcholine receptor M2,Ki,nM,10.52,423.62,5.92
CHEMBL608985,19952.62,C[C@@H]1O[C@H](C[N+](C)(C)C)CO[C@@H]1C.[I-],Scientific Literature,Displacement of [3H]NMS from human muscarinic M2 receptor expressed in CHO cells by microplate scintillation counting,B,Homo sapiens,,Bioorg Med Chem,2009.0,Muscarinic acetylcholine receptor M2,Ki,nM,4.7,315.2,0.88
CHEMBL105593,2454.71,CCOC(=O)c1c(C)[nH]c2ccc3c(c12)CN1CCc2cccc(Cl)c2C1O3,Scientific Literature,Inhibition of [3H]-NMS binding to human muscarinic acetylcholine receptor M2 in transfected CHO cells.,B,,,J Med Chem,2002.0,Muscarinic acetylcholine receptor M2,Ki,nM,5.61,396.87,4.76
CHEMBL72932,0.99,COc1ccc(S(=O)(=O)c2ccc(C3(C4CCN(C5CCN(C(=O)c6cccc7cccc(F)c67)CC5)CC4)OCCO3)cc2)cc1,Scientific Literature,Antagonistic activity against Muscarinic acetylcholine receptor M2,F,,,Bioorg Med Chem Lett,2001.0,Muscarinic acetylcholine receptor M2,Ki,nM,9.0,658.79,6.04
CHEMBL423746,27000.0,OC1(c2cccnc2)CN2CCC1CC2,Scientific Literature,Binding affinity for muscarinic acetylcholine receptor M2 by measuring displacement of [3H]QNB from guinea pig heart,B,Cavia porcellus,,J Med Chem,1995.0,Muscarinic acetylcholine receptor M2,Ki,nM,4.57,204.27,0.99
CHEMBL312571,33.3,CCCS(=O)(=O)N1CCC(N2CCC(C3(c4ccc(S(=O)(=O)c5ccc(OC)cc5)cc4)OCCO3)CC2)CC1,Scientific Literature,Antagonistic activity against Muscarinic acetylcholine receptor M2,F,,,Bioorg Med Chem Lett,2001.0,Muscarinic acetylcholine receptor M2,Ki,nM,7.48,592.78,3.64
CHEMBL413972,1400.0,Cc1cccc(C)c1C(=O)N1CCC(N2CCN([C@@H](C)c3ccc(Cc4cccc(Cl)c4)cc3)[C@@H](C)C2)CC1,Scientific Literature,Affinity for Muscarinic acetylcholine receptor M2,B,,,Bioorg Med Chem Lett,2001.0,Muscarinic acetylcholine receptor M2,Ki,nM,,544.18,6.92
CHEMBL2114064,7.67,COc1ccc([S@@+]([O-])c2ccc(C(C#N)C3CCN(C4CCCCC4)CC3)cc2)cc1,Scientific Literature,Binding affinity against Muscarinic acetylcholine receptor M2,B,,,Bioorg Med Chem Lett,2000.0,Muscarinic acetylcholine receptor M2,Ki,nM,8.12,436.62,5.51
CHEMBL172234,4897.79,CN(C)CCOC(=O)C1=C(Cc2ccccn2)c2ccccc2C1,Scientific Literature,Binding affinity towards cloned human muscarinic acetylcholine receptor M2 stably expressed in CHO-K1 cells using [3H]N-methylscopolamine,B,,,J Med Chem,2003.0,Muscarinic acetylcholine receptor M2,Ki,nM,5.31,322.41,2.74
CHEMBL1200406,164.0,CN(C)CCOC(c1ccccc1)c1ccccc1.Cn1c(=O)c2[nH]c(Cl)nc2n(C)c1=O,DrugMatrix,DRUGMATRIX: Muscarinic M2 radioligand binding (ligand: [3H] N-Methylscopolamine),B,,,,,Muscarinic acetylcholine receptor M2,Ki,nM,6.79,469.97,
CHEMBL308566,0.07,C=C(c1ccc(S(=O)(=O)c2ccc(OC)cc2)cc1)C1CCN(C2CCN(C(=O)OCC)CC2)CC1,Scientific Literature,Binding affinity at human cloned acetylcholine receptor M2 in CHO cells.,B,,,Bioorg Med Chem Lett,2000.0,Muscarinic acetylcholine receptor M2,Ki,nM,10.15,512.67,4.87
CHEMBL342958,600.0,C1=C(c2nc3ccccc3s2)C2CCN1CC2,Scientific Literature,Binding affinity for muscarinic acetylcholine receptor M2 by measuring displacement of [3H]QNB from guinea pig heart,B,Cavia porcellus,,J Med Chem,1995.0,Muscarinic acetylcholine receptor M2,Ki,nM,6.22,242.35,3.36
CHEMBL305607,3.8,C=C(c1ccc(S(=O)(=O)c2ccc(OC)cc2)cc1)C1CCN(C2CCN(C(=O)CC)CC2)CC1,Scientific Literature,Binding affinity against Muscarinic acetylcholine receptor M2 stably expressed in CHO-K1 cells.,B,,,Bioorg Med Chem Lett,2000.0,Muscarinic acetylcholine receptor M2,Ki,nM,8.42,496.67,4.65
CHEMBL11892,0.7,COC(=O)CSc1ccc(CC2CCN(C3CCN(C(=O)c4cccc5ccccc45)CC3)CC2)cc1,Scientific Literature,Binding affinity against muscarinic acetylcholine receptor M2 stably expressed in CHO-K1 cells using [3H]-QNB as radioligand.,B,,,Bioorg Med Chem Lett,2002.0,Muscarinic acetylcholine receptor M2,Ki,nM,9.15,516.71,5.66
CHEMBL12153,8.6,CC(C)Sc1ccc(CC2CCN(C3CCN(C(=O)c4cccc5ccc(F)cc45)CC3)CC2)cc1,Scientific Literature,Binding affinity against muscarinic acetylcholine receptor M2 stably expressed in CHO-K1 cells using [3H]-QNB as radioligand.,B,,,Bioorg Med Chem Lett,2002.0,Muscarinic acetylcholine receptor M2,Ki,nM,8.07,504.72,7.04
CHEMBL70010,485.0,Cc1cccc(C)c1C(=O)N1CCC(N2CCN([C@@H](C)c3ccc(S(=O)(=O)c4ccc5c(c4)OCO5)cc3)[C@@H](C)C2)CC1,Scientific Literature,Affinity for Muscarinic acetylcholine receptor M2,B,,,Bioorg Med Chem Lett,2001.0,Muscarinic acetylcholine receptor M2,Ki,nM,6.31,603.79,5.24
CHEMBL283036,10000.0,FC(F)(F)c1ccc(N2CCN(Cc3c[nH]c4ncccc34)CC2)cc1,Scientific Literature,Binding affinity to cloned Muscarinic acetylcholine receptor M2,B,,,Bioorg Med Chem Lett,2001.0,Muscarinic acetylcholine receptor M2,Ki,nM,,360.38,3.9
CHEMBL2011502,45000.0,CC[C@@H](NCc1cccc(C(=O)NCCOc2ccccc2)c1)c1ccccc1,Scientific Literature,Negative allosteric modulation at M2 receptor by AS-MS analysis,B,,,Bioorg Med Chem,2012.0,Muscarinic acetylcholine receptor M2,Ki,nM,4.35,388.51,4.74
CHEMBL11893,22.0,CC(C)Sc1ccc(CC2CCN(C3CCN(C(=O)c4cccc5cc(F)ccc45)CC3)CC2)cc1,Scientific Literature,Binding affinity against muscarinic acetylcholine receptor M2 stably expressed in CHO-K1 cells using [3H]-QNB as radioligand.,B,,,Bioorg Med Chem Lett,2002.0,Muscarinic acetylcholine receptor M2,Ki,nM,7.66,504.72,7.04
CHEMBL233199,49.0,CN(C)C1(CNCCc2c(Cl)cccc2Cl)COc2ccccc2OC1,Scientific Literature,Displacement of 1-[N-methyl- 3H]scopolamine from human muscarinic M2 receptor expressed in Sf9 cells,B,Homo sapiens,,Bioorg Med Chem Lett,2007.0,Muscarinic acetylcholine receptor M2,Ki,nM,7.31,395.33,3.9
CHEMBL427145,16.0,C[C@@H]1OC(=O)[C@H]2C[C@H]3CCCC[C@@H]3[C@@H](CC[C@H]3CCC[C@H](C)N3)[C@@H]12,Scientific Literature,In vitro inhibitory activity against cloned human M2 muscarinic receptor,B,Homo sapiens,,Bioorg Med Chem Lett,2004.0,Muscarinic acetylcholine receptor M2,Ki,nM,7.8,333.52,4.3
CHEMBL360904,1400.0,C[C@@H]1OC(=O)[C@H]2C[C@H]3CCCC[C@@H]3[C@@H](/C=C/[C@@H]3CCC[C@H](C)N3)[C@@H]12,Scientific Literature,In vitro inhibitory activity against cloned human M2 muscarinic receptor,B,Homo sapiens,,Bioorg Med Chem Lett,2004.0,Muscarinic acetylcholine receptor M2,Ki,nM,,331.5,4.08
CHEMBL404557,61659.5,C[C@@H]1COC[C@@H](C[N+](C)(C)C)O1.[I-],Scientific Literature,Displacement of [3H]NMS from human cloned muscarinic M2 receptor expressed in CHO cells,B,Homo sapiens,,Bioorg Med Chem Lett,2008.0,Muscarinic acetylcholine receptor M2,Ki,nM,4.21,301.17,0.5
CHEMBL214898,19.0,O=C(NCC1CCN(CC2CCCC2)CC1)[C@H]1CCCN1C(=O)[C@@H]1C[C@@H](O)CN1C(=O)CC(c1ccc(F)cc1)(c1ccc(F)cc1)c1ccc(F)cc1,Scientific Literature,Inhibition of [3H]NMS binding to human cloned M2 receptor expressed in CHO cells,B,Homo sapiens,,J Med Chem,2006.0,Muscarinic acetylcholine receptor M2,Ki,nM,7.72,744.9,5.8
CHEMBL26505,9.3,CCN(CC)CCOC(=O)C(C)(c1ccccc1)c1ccccc1,Scientific Literature,Antimuscarinic potency and subset specificity was characterised by inhibition of the [3H]NMS Binding to Muscarinic acetylcholine receptor M2 subtype,B,,,J Med Chem,1992.0,Muscarinic acetylcholine receptor M2,Ki,nM,8.03,325.45,3.88
CHEMBL72363,0.3802,C=C(c1ccc(S(=O)(=O)c2ccc(OC)cc2)cc1)C1CCN(C2CCN(S(=O)(=O)CCCC)CC2)CC1,Scientific Literature,Binding affinity to muscarinic M2 receptor,B,Homo sapiens,,Bioorg Med Chem Lett,2007.0,Muscarinic acetylcholine receptor M2,Ki,nM,9.42,560.78,4.85
CHEMBL2110892,1020.0,CCN(CC)CCOC(=O)C(c1ccccc1)N1CCCCC1,Scientific Literature,Displacement of [3H] N-methylscopolamine from human muscarinic M2 receptor expressed in CHOK1 cells after 30 mins by scintillation counting analysis,B,Homo sapiens,,Bioorg Med Chem,2013.0,Muscarinic acetylcholine receptor M2,Ki,nM,5.99,318.46,3.1
CHEMBL2377267,7.93,CCN(CC)CCOC(=O)C(O)(c1cccs1)C1CCCCC1,Scientific Literature,Displacement of [3H] N-methylscopolamine from human muscarinic M2 receptor expressed in CHOK1 cells after 30 mins by scintillation counting analysis,B,Homo sapiens,,Bioorg Med Chem,2013.0,Muscarinic acetylcholine receptor M2,Ki,nM,8.1,339.5,3.4
CHEMBL534,298.0,CN1CCC(=C2c3ccccc3CC(=O)c3sccc32)CC1,DrugMatrix,DRUGMATRIX: Muscarinic M2 radioligand binding (ligand: [3H] N-Methylscopolamine),B,,,,,Muscarinic acetylcholine receptor M2,Ki,nM,6.53,309.43,4.01
CHEMBL1910847,12.0,CC(C)(CCC(C(N)=O)(c1ccccc1)c1ccccc1)N1CC[C@@H](Oc2ccccc2)C1,Scientific Literature,Displacement of [3H]-NMS from human recombinant M2 receptor expressed in CHO cells after 2 hrs by filter binding assay,B,Homo sapiens,,J Med Chem,2011.0,Muscarinic acetylcholine receptor M2,Ki,nM,7.92,442.6,5.17
CHEMBL1910845,15.0,NC(=O)C(CCCN1CC[C@H](Oc2ccccc2)C1)(c1ccccc1)c1ccccc1,Scientific Literature,Displacement of [3H]-NMS from human recombinant M2 receptor expressed in CHO cells after 2 hrs by filter binding assay,B,Homo sapiens,,J Med Chem,2011.0,Muscarinic acetylcholine receptor M2,Ki,nM,7.82,414.55,4.39
CHEMBL541671,57.54,C[N+]1(C)CCC[C@H]1[C@H]1C[S+]([O-])[C@](c2ccccc2)(C2CCCCC2)O1.[I-],Scientific Literature,Displacement of [3H]NMS from human muscarinic M2 receptor expressed in CHO cells,B,Homo sapiens,,Bioorg Med Chem,2008.0,Muscarinic acetylcholine receptor M2,Ki,nM,7.24,489.46,3.81
CHEMBL523518,39.81,CN1CCC[C@@H]1[C@@H]1C[S+]([O-])C(c2ccccc2)(c2ccccc2)O1,Scientific Literature,Displacement of [3H]NMS from human muscarinic M2 receptor expressed in CHO cells,B,Homo sapiens,,Bioorg Med Chem,2008.0,Muscarinic acetylcholine receptor M2,Ki,nM,7.4,341.48,3.13
CHEMBL390842,1584.89,C[C@H]1COC[C@@H](C[N+](C)(C)C)O1.[I-],Scientific Literature,Displacement of [3H]NMS from human muscarinic M2 receptor expressed in CHO cells by microplate scintillation counting,B,Homo sapiens,,Bioorg Med Chem,2009.0,Muscarinic acetylcholine receptor M2,Ki,nM,5.8,301.17,0.5
CHEMBL2377387,5.38,CCN(CC)CCSC(=O)C(O)(c1ccccc1)c1ccccc1,Scientific Literature,Displacement of [3H] N-methylscopolamine from human muscarinic M2 receptor expressed in CHOK1 cells after 30 mins by scintillation counting analysis,B,Homo sapiens,,Bioorg Med Chem,2013.0,Muscarinic acetylcholine receptor M2,Ki,nM,8.27,343.49,3.52
CHEMBL376897,0.0631,C[N+]1(C)[C@@H]2C[C@@H](OC(=O)[C@H](CO)c3ccccc3)C[C@H]1[C@@H]1O[C@@H]12,Scientific Literature,Displacement of [3H]UNSW-MK259 from human muscarinic acetylcholine receptor M2 expressed in CHOK9 cells after 3 hrs by liquid scintillation counting assay,B,Homo sapiens,,J Med Chem,2017.0,Muscarinic acetylcholine receptor M2,Ki,nM,10.2,318.39,1.06
CHEMBL3545181,0.01995,C[N+]1(C)[C@@H]2C[C@@H](OC(=O)C(O)(c3cccs3)c3cccs3)C[C@H]1[C@@H]1O[C@@H]12.O.[Br-],Scientific Literature,Binding affinity to human M2 receptor,B,Homo sapiens,,J Med Chem,2013.0,Muscarinic acetylcholine receptor M2,Ki,nM,10.7,490.44,2.35
CHEMBL303503,270.0,C[C@H]1CN(C2CCN(C(=O)c3c(Cl)cccc3Cl)CC2)CCN1[C@@H](C)c1ccc(S(=O)(=O)c2ccc3c(c2)OCO3)cc1,Scientific Literature,Affinity for Muscarinic acetylcholine receptor M2,B,,,Bioorg Med Chem Lett,2001.0,Muscarinic acetylcholine receptor M2,Ki,nM,6.57,644.62,5.93
CHEMBL28607,10000.0,COc1ccc(N2CCN(Cc3c[nH]c4ncccc34)CC2)cc1,Scientific Literature,Binding affinity to cloned Muscarinic acetylcholine receptor M1,B,,,Bioorg Med Chem Lett,2001.0,Muscarinic acetylcholine receptor M2,Ki,nM,,322.41,2.89
CHEMBL28607,10000.0,COc1ccc(N2CCN(Cc3c[nH]c4ncccc34)CC2)cc1,Scientific Literature,Binding affinity to cloned Muscarinic acetylcholine receptor M2,B,,,Bioorg Med Chem Lett,2001.0,Muscarinic acetylcholine receptor M2,Ki,nM,,322.41,2.89
CHEMBL344327,270.0,C1=C(c2cc3ccccc3s2)C2CCN1CC2,Scientific Literature,Binding affinity for muscarinic acetylcholine receptor M2 by measuring displacement of [3H]QNB from guinea pig heart,B,Cavia porcellus,,J Med Chem,1995.0,Muscarinic acetylcholine receptor M2,Ki,nM,6.57,241.36,3.97
CHEMBL28997,10000.0,Fc1ccc(N2CCN(Cc3c[nH]c4ncccc34)CC2)cc1,Scientific Literature,Binding affinity to cloned Muscarinic acetylcholine receptor M2,B,,,Bioorg Med Chem Lett,2001.0,Muscarinic acetylcholine receptor M2,Ki,nM,,310.38,3.02
CHEMBL1724,2.1,C[N+]1(C)CCCC(OC(=O)C(O)(c2ccccc2)c2ccccc2)C1.[Br-],Scientific Literature,Displacement of [3H]NMS from human M2R expressed in CHOK1 cell membranes incubated for 2 hrs by microbeta scintillation counting method,B,Homo sapiens,,Bioorg Med Chem,2019.0,Muscarinic acetylcholine receptor M2,Ki,nM,8.68,420.35,2.7
CHEMBL196169,10000.0,COc1ccc(NC(=O)N2CCN(c3ccccc3F)CC2)cc1N1CCN(C)CC1,Scientific Literature,Affinity towards cloned Muscarinic acetylcholine receptor M2,B,Homo sapiens,,Bioorg Med Chem Lett,2005.0,Muscarinic acetylcholine receptor M2,Ki,nM,,427.52,2.94
CHEMBL1319362,75.0,Br.CN1[C@@H]2CC[C@H]1C[C@@H](OC(=O)C(O)c1ccccc1)C2,DrugMatrix,DRUGMATRIX: Muscarinic M2 radioligand binding (ligand: [3H] N-Methylscopolamine),B,,,,,Muscarinic acetylcholine receptor M2,Ki,nM,7.12,356.26,1.89
CHEMBL356505,460.0,O=C(NC1CCN(Cc2ccsc2)CC1)[C@](O)(c1ccccc1)[C@@H]1CCC(F)(F)C1,Scientific Literature,Inhibition of [3H]NMS binding to human muscarinic acetylcholine receptor M2 expressed in CHO cells,B,,,J Med Chem,2000.0,Muscarinic acetylcholine receptor M2,Ki,nM,6.34,434.55,4.15
CHEMBL1189234,835.0,OC12C3C4CC5C6C4C1C6C(C53)N2Cc1ccccc1,Scientific Literature,Inhibition of muscarinic M2 receptor (unknown origin) by PDSP assay,B,Homo sapiens,,Bioorg Med Chem,2013.0,Muscarinic acetylcholine receptor M2,Ki,nM,6.08,265.36,1.95
CHEMBL301670,95.5,C[C@@H]1OC(=O)[C@@H]2C[C@@H]3CCCC[C@@H]3[C@@H](/C=C/[C@H]3CCC[C@H](C)N3C)[C@H]12,Scientific Literature,Binding affinity against human muscarine receptor (hM2) cloned in CHO cells,B,Homo sapiens,,Bioorg Med Chem Lett,2002.0,Muscarinic acetylcholine receptor M2,Ki,nM,7.02,345.53,4.42
CHEMBL2205827,1497.0,COc1ccc(CN2C3C4C5CC6C7C5C3C7C2(O)C64)cc1OC,Scientific Literature,Inhibition of muscarinic M2 receptor (unknown origin) by PDSP assay,B,Homo sapiens,,Bioorg Med Chem,2013.0,Muscarinic acetylcholine receptor M2,Ki,nM,5.83,325.41,1.96
CHEMBL2432053,10000.0,CN(CCc1ccccn1)[C@H]1C2C3CC4C2C(=O)C2C4C3C21,Scientific Literature,Inhibition of muscarinic M2 receptor (unknown origin) by PDSP assay,B,Homo sapiens,,Bioorg Med Chem,2013.0,Muscarinic acetylcholine receptor M2,Ki,nM,,294.4,1.88
CHEMBL4070155,23.44,CCCN(CCC)CC1CCCCN1CCNC(=O)N1c2ccccc2NC(=O)c2cccnc21,Scientific Literature,Displacement of [3H]UR-AP060 from human muscarinic acetylcholine receptor M2 expressed in CHOK9 cell homogenate after 3 hrs by liquid scintillation counting assay,B,Homo sapiens,,J Med Chem,2017.0,Muscarinic acetylcholine receptor M2,Ki,nM,7.63,478.64,4.47
CHEMBL4059733,1.096,CCC(=O)NCCNC(=O)CCc1cn(CCCCC2CCN(CC(=O)N3c4ccccc4NC(=O)c4ccccc43)CC2)cn1,Scientific Literature,Displacement of [3H]UNSW-MK259 from human muscarinic acetylcholine receptor M2 expressed in CHOK9 cells after 3 hrs by liquid scintillation counting assay,B,Homo sapiens,,J Med Chem,2017.0,Muscarinic acetylcholine receptor M2,Ki,nM,8.96,627.79,4.27
CHEMBL517712,0.8128,CN1[C@@H]2CC[C@H]1C[C@@H](OC(=O)C(CO)c1ccccc1)C2,Scientific Literature,Displacement of [3H]UNSW-MK259 from human muscarinic acetylcholine receptor M2 expressed in CHOK9 cells after 3 hrs by liquid scintillation counting assay,B,Homo sapiens,,J Med Chem,2017.0,Muscarinic acetylcholine receptor M2,Ki,nM,9.09,289.38,1.93
CHEMBL3354065,204.17,CCCCC1CCN(CCCN2C(=O)CCc3ccccc32)CC1,Scientific Literature,Displacement of [3H]NMS from human M2 receptor expressed in CHO cells by microplate scintillation counting based radioligand binding assay,B,Homo sapiens,,J Med Chem,2014.0,Muscarinic acetylcholine receptor M2,Ki,nM,6.69,328.5,4.26
CHEMBL2426667,27542.29,Cc1ccc(CC(=O)N2CCC3(CC2)CN([C@@H]2CCc4cc(-c5ncccn5)ccc42)C3)nc1,Scientific Literature,Displacement of N-methyl [3H]-scopolamine from recombinant human muscarinic acetylcholine receptor M2 expressed in CHO cells after 2 hrs by liquid scintillation counting,B,Homo sapiens,,Bioorg Med Chem Lett,2013.0,Muscarinic acetylcholine receptor M2,Ki,nM,,453.59,4.0
CHEMBL2426684,54954.09,COc1ccc(CC(=O)N2CCC3(CC2)CN([C@@H]2CCc4cc(-n5nccn5)ccc42)C3)cc1,Scientific Literature,Displacement of N-methyl [3H]-scopolamine from recombinant human muscarinic acetylcholine receptor M2 expressed in CHO cells after 2 hrs by liquid scintillation counting,B,Homo sapiens,,Bioorg Med Chem Lett,2013.0,Muscarinic acetylcholine receptor M2,Ki,nM,,457.58,3.43
CHEMBL2426682,1548.82,COc1ccc(CC(=O)N2CCC3(CC2)CN([C@H]2CCc4cc(-c5nccs5)ccc42)C3)nc1,Scientific Literature,Displacement of N-methyl [3H]-scopolamine from recombinant human muscarinic acetylcholine receptor M2 expressed in CHO cells after 2 hrs by liquid scintillation counting,B,Homo sapiens,,Bioorg Med Chem Lett,2013.0,Muscarinic acetylcholine receptor M2,Ki,nM,5.81,474.63,4.37
CHEMBL3323281,8.511,CC(C)(CN1C(=O)c2cccc3cccc(c23)C1=O)C[N+](C)(C)CCCCCC[N+]1(C)[C@@H]2CC[C@@H]1CC(OC(=O)C(CO)c1ccccc1)C2.[Br-].[Br-],Scientific Literature,Displacement of [3H]-NMS from human muscarinic M2 Y177Q mutant expressed in Flp-In-CHO cells by liquid scintillation counting,B,Homo sapiens,,J Med Chem,2014.0,Muscarinic acetylcholine receptor M2,Ki,nM,8.07,843.74,6.56
CHEMBL1490,12.0,OC(CCN1CCCCC1)(c1ccccc1)C1CCCCC1,DrugMatrix,DRUGMATRIX: Muscarinic M2 radioligand binding (ligand: [3H] N-Methylscopolamine),B,,,,,Muscarinic acetylcholine receptor M2,Ki,nM,7.92,301.47,4.33
CHEMBL352380,0.1,C[C@@H]1CN(C2CCN(C(=O)c3ccccc3Cl)CC2)CCN1[C@@H](C)c1ccc(S(=O)(=O)c2ccc3c(c2)OCO3)cc1,Scientific Literature,Binding affinity against human muscarinic acetylcholine receptor M2 using [3H]N-methylscopolamine as radioligand,B,,,Bioorg Med Chem Lett,2002.0,Muscarinic acetylcholine receptor M2,Ki,nM,10.0,610.18,5.27
CHEMBL12542,11.0,CC(C)Sc1ccc(CC2CCN(C3CCN(C(=O)c4nccc5ccccc45)CC3)CC2)cc1,Scientific Literature,Binding affinity against muscarinic acetylcholine receptor M2 stably expressed in CHO-K1 cells using [3H]-QNB as radioligand.,B,,,Bioorg Med Chem Lett,2002.0,Muscarinic acetylcholine receptor M2,Ki,nM,7.96,487.71,6.29
CHEMBL440138,1200.0,CCC(=O)OC1CC2CCCC1N2C,Scientific Literature,Inhibition of [3H]- oxotremorine-M binding to human Muscarinic acetylcholine receptor M2 expressed in CHO cell membranes,B,Homo sapiens,,J Med Chem,2000.0,Muscarinic acetylcholine receptor M2,Ki,nM,5.92,197.28,1.56
CHEMBL138502,1678.0,Cc1cncc(C)c1C(=O)N1CCC(C)(N2CCN([C@@H](C)c3ccc(C(F)(F)F)cc3)[C@@H](C)C2)CC1,Scientific Literature,Binding affinity towards muscarinic receptor M2,B,,,Bioorg Med Chem Lett,2003.0,Muscarinic acetylcholine receptor M2,Ki,nM,5.78,502.63,5.48
CHEMBL4084607,29000.0,COc1cccc(C(O)C[N+](C)(C)C)c1.O=C[O-],Scientific Literature,Displacement of [3H]N-methyl-scopolamine bromide from human recombinant muscarinic M2 receptor expressed in HEK293T cell membranes after 1 hr by liquid scintillation counting method,B,Homo sapiens,,J Med Chem,2017.0,Muscarinic acetylcholine receptor M2,Ki,nM,4.54,255.31,1.43
CHEMBL4094819,4800.0,C[N+](C)(C)CCc1cccc(Cl)c1.O=C[O-],Scientific Literature,Displacement of [3H]N-methyl-scopolamine bromide from human recombinant muscarinic M2 receptor expressed in HEK293T cell membranes after 1 hr by liquid scintillation counting method,B,Homo sapiens,,J Med Chem,2017.0,Muscarinic acetylcholine receptor M2,Ki,nM,5.32,243.73,2.59
CHEMBL4060823,13000.0,C[N+](C)(C)CCc1ccc2c(c1)OCC2.O=C[O-],Scientific Literature,Displacement of [3H]N-methyl-scopolamine bromide from human recombinant muscarinic M2 receptor expressed in HEK293T cell membranes after 1 hr by liquid scintillation counting method,B,Homo sapiens,,J Med Chem,2017.0,Muscarinic acetylcholine receptor M2,Ki,nM,4.89,251.33,1.87
CHEMBL94247,0.11,CCOC(=O)N1CCC(N2CCC(C3(c4ccc(S(=O)(=O)c5ccc(OC)cc5)cc4)SCCS3)CC2)CC1,Scientific Literature,Binding affinity at human cloned acetylcholine receptor M2 in CHO cells.,B,,,Bioorg Med Chem Lett,2000.0,Muscarinic acetylcholine receptor M2,Ki,nM,9.96,590.83,5.49
CHEMBL2021478,3.467,CN(C)[C@@H]1CCCC[C@@H]1N(C)CC(=O)N1c2ccccc2NC(=O)c2ccccc21.O=C(O)C(=O)O.O=C(O)C(=O)O,Scientific Literature,Displacement of [3H]N-methylscopolamine chloride from human cloned muscarinic M2 receptor expressed in CHOK1 cells,B,Homo sapiens,,Bioorg Med Chem,2008.0,Muscarinic acetylcholine receptor M2,Ki,nM,8.46,586.6,3.72
CHEMBL305693,0.14,COc1ccc(S(=O)(=O)c2ccc(C3(C4CCN(C5CCN(C(=O)c6cccc7ccccc67)CC5)CC4)OCCO3)cc2)cc1,Scientific Literature,Antagonistic activity against muscarinic acetylcholine receptor M2,F,,,Bioorg Med Chem Lett,2001.0,Muscarinic acetylcholine receptor M2,Ki,nM,9.85,640.8,5.9
CHEMBL355475,312.0,CC1CCCN(CCC[C@@H]2[C@H]3CCCC[C@@H]3C[C@@H]3C(=O)O[C@@H](C)[C@H]23)C1,Scientific Literature,Binding affinity towards human muscarinic M2 receptor in CHO-KI cells using [3H]- QNB as radioligand,B,,,Bioorg Med Chem Lett,1999.0,Muscarinic acetylcholine receptor M2,Ki,nM,6.51,347.54,4.5
CHEMBL263040,4200.0,NCCCCC1CCN(C(=O)[C@](O)(c2ccccc2)[C@@H]2CCC(F)(F)C2)CC1,Scientific Literature,Binding affinity against human muscarinic acetylcholine receptor M2 in transfected CHO cells,B,,,Bioorg Med Chem Lett,2003.0,Muscarinic acetylcholine receptor M2,Ki,nM,5.38,394.51,3.68
CHEMBL306462,1600.0,CCO/C(O)=C1\CN2CCCC(C2)C1=O,Scientific Literature,Binding affinity of compound was determined towards human Muscarinic acetylcholine receptor M2 using [3H]QNB radioligand,B,,,J Med Chem,2003.0,Muscarinic acetylcholine receptor M2,Ki,nM,5.8,211.26,1.09
CHEMBL308787,0.29,COc1ccc(S(=O)(=O)c2ccc(C3(C4CCN(C5CCN(C(=O)c6cccc7c(F)ccc(F)c67)CC5)CC4)OCCO3)cc2)cc1,Scientific Literature,Antagonistic activity against Muscarinic acetylcholine receptor M2,F,,,Bioorg Med Chem Lett,2001.0,Muscarinic acetylcholine receptor M2,Ki,nM,9.54,676.78,6.18
CHEMBL21328,14125.38,CN(C)CCN(C)C(=O)C1=C/C(=C\c2cccnc2)c2ccccc21,Scientific Literature,Affinity for Muscarinic acetylcholine receptor M2 expressed in CHO cells by [3H]NMS displacement.,B,,,Bioorg Med Chem Lett,2001.0,Muscarinic acetylcholine receptor M2,Ki,nM,4.85,333.44,3.04
CHEMBL343449,220.0,Nc1ccc(CN2CCC(NC(=O)[C@](O)(c3ccccc3)[C@@H]3CCC(F)(F)C3)CC2)cc1,Scientific Literature,Inhibition of [3H]NMS binding to human muscarinic acetylcholine receptor M2 expressed in CHO cells,B,,,J Med Chem,2000.0,Muscarinic acetylcholine receptor M2,Ki,nM,6.66,443.54,3.67
CHEMBL395114,10000.0,C[N+]1(CC#CCN2OCCC2=O)CCc2ccccc21.[I-],Scientific Literature,Displacement of [3H]QNB from human muscarinic M2 receptor expressed in CHO cells,B,Homo sapiens,,Bioorg Med Chem,2007.0,Muscarinic acetylcholine receptor M2,Ki,nM,,398.24,1.35
CHEMBL424530,0.15,COc1ccc(S(=O)(=O)c2ccc([C@@H](C)N3CCN(C4CCCCC4)C[C@H]3C)cc2)cc1,Scientific Literature,Binding affinity against human cloned Muscarinic acetylcholine receptor M2.,B,,,Bioorg Med Chem Lett,2002.0,Muscarinic acetylcholine receptor M2,Ki,nM,9.82,456.65,4.93
CHEMBL355299,17.9,CCOCC(=O)N1CCC(N2CCC(Oc3ccc(S(=O)(=O)c4ccc5c(c4)OCO5)cc3)CC2)CC1,Scientific Literature,Binding affinity towards Muscarinic acetylcholine receptor M2 stably expressed in CHO-K1 cells using [3H]-QNB as radioligand,B,,,Bioorg Med Chem Lett,2001.0,Muscarinic acetylcholine receptor M2,Ki,nM,7.75,530.64,3.12
CHEMBL354841,588.84,Cc1ccc2c(c1)CC(CCN(C)C)=C2C(C)c1ccccn1,Scientific Literature,Binding affinity towards cloned human muscarinic acetylcholine receptor M2 stably expressed in CHO-K1 cells using [3H]N-methylscopolamine,B,,,J Med Chem,2003.0,Muscarinic acetylcholine receptor M2,Ki,nM,6.23,306.45,4.46
CHEMBL376057,0.7762,C[N+]1(C)CCC[C@H]1[C@H]1CS[C@](c2ccccc2)(C2CCCCC2)O1.[I-],Scientific Literature,Binding affinity to human cloned muscarinic receptor M2 expressed in CHO cells,B,Homo sapiens,,J Med Chem,2007.0,Muscarinic acetylcholine receptor M2,Ki,nM,9.11,473.46,4.79
CHEMBL223668,21.9,C[N+]1(CCc2ccccc2)CC[C@@H](N2CC(c3ccc(F)cc3)(c3ccc(F)cc3)NC2=O)C1,Scientific Literature,Displacement of [3H]N-methyl-scopolamine from human muscarinic M2 receptor expressed in CHOK1 cells,B,Homo sapiens,,J Med Chem,2007.0,Muscarinic acetylcholine receptor M2,Ki,nM,7.66,462.56,4.7
CHEMBL221713,2952.0,O=C1NC(Cc2ccccc2)(Cc2ccccc2)CN1C1CCN(Cc2ccccc2)CC1,Scientific Literature,Displacement of [3H]N-methyl-scopolamine from human muscarinic M2 receptor expressed in CHO K1 cells,B,Homo sapiens,,J Med Chem,2007.0,Muscarinic acetylcholine receptor M2,Ki,nM,5.53,439.6,4.9
CHEMBL222634,9.92,C[N+]1(CC(=O)Nc2ccccc2)CCC(N2CC(c3ccccc3)(c3ccccc3)NC2=O)C1,Scientific Literature,Displacement of [3H]N-methyl-scopolamine from human muscarinic M2 receptor expressed in CHOK1 cells,B,Homo sapiens,,J Med Chem,2007.0,Muscarinic acetylcholine receptor M2,Ki,nM,8.0,455.58,3.81
CHEMBL223017,2272.0,O=C1NC(c2ccccc2)(c2ccccc2)CN1[C@H]1CCN(Cc2ccccc2)C1,Scientific Literature,Displacement of [3H]N-methyl-scopolamine from human muscarinic M2 receptor expressed in CHO K1 cells,B,Homo sapiens,,J Med Chem,2007.0,Muscarinic acetylcholine receptor M2,Ki,nM,5.64,397.52,4.23
CHEMBL438427,82.2,O=C1NC(c2ccccc2)(c2ccccc2)CN1[C@@H]1CCN(Cc2ccccc2)C1,Scientific Literature,Displacement of [3H]N-methyl-scopolamine from human muscarinic M2 receptor expressed in CHO K1 cells,B,Homo sapiens,,J Med Chem,2007.0,Muscarinic acetylcholine receptor M2,Ki,nM,7.08,397.52,4.23
CHEMBL3084643,3.981,C[N+]1(C)[C@@H]2CC[C@H]1C[C@@H](CC(CO)(c1ccccc1)c1ccccc1)C2.[Br-],Scientific Literature,Displacement of [3H]N-methyl Scopolamine from human cloned muscarinic M2 receptor expressed in CHO cell membrane,B,Homo sapiens,,Bioorg Med Chem Lett,2009.0,Muscarinic acetylcholine receptor M2,Ki,nM,8.4,430.43,4.37
CHEMBL169313,14.0,CC(C)S(=O)(=O)N1CCC(N2CCC(Oc3ccc(S(=O)(=O)c4ccc5c(c4)OCO5)cc3)CC2)CC1,Scientific Literature,Binding affinity towards Muscarinic acetylcholine receptor M2 stably expressed in CHO-K1 cells using [3H]-QNB as radioligand,B,,,Bioorg Med Chem Lett,2001.0,Muscarinic acetylcholine receptor M2,Ki,nM,7.85,550.7,3.29
CHEMBL440138,2400.0,CCC(=O)OC1CC2CCCC1N2C,Scientific Literature,Inhibition of [3H]- quinuclidinyl benzilate binding to human Muscarinic acetylcholine receptor M2 expressed in CHO cell membrane,B,Homo sapiens,,J Med Chem,2000.0,Muscarinic acetylcholine receptor M2,Ki,nM,5.62,197.28,1.56
CHEMBL11816,12.0,CN(C)C(=O)CSc1ccc(CC2CCN(C3CCN(C(=O)c4cccc5ccccc45)CC3)CC2)cc1,Scientific Literature,Binding affinity against muscarinic acetylcholine receptor M2 stably expressed in CHO-K1 cells using [3H]-QNB as radioligand.,B,,,Bioorg Med Chem Lett,2002.0,Muscarinic acetylcholine receptor M2,Ki,nM,7.92,529.75,5.58
CHEMBL352660,15.0,O=S(=O)(c1ccc(OC2CCN(C3CCN(S(=O)(=O)Cc4ccccc4)CC3)CC2)cc1)c1ccc2c(c1)OCO2,Scientific Literature,Binding affinity towards Muscarinic acetylcholine receptor M2 stably expressed in CHO-K1 cells using [3H]-QNB as radioligand,B,,,Bioorg Med Chem Lett,2001.0,Muscarinic acetylcholine receptor M2,Ki,nM,7.82,598.74,4.09
CHEMBL12085,18.0,NC(=O)CSc1ccc(CC2CCN(C3CCN(C(=O)c4cccc5ccccc45)CC3)CC2)cc1,Scientific Literature,Binding affinity against muscarinic acetylcholine receptor M2 stably expressed in CHO-K1 cells using [3H]-QNB as radioligand.,B,,,Bioorg Med Chem Lett,2002.0,Muscarinic acetylcholine receptor M2,Ki,nM,7.75,501.7,4.98
CHEMBL376000,80.1,O=C1NC(c2ccccc2)(c2ccccc2)CN1C1CCN(Cc2ccccc2)CC1,Scientific Literature,Displacement of [3H]N-methyl-scopolamine from human muscarinic M2 receptor expressed in CHO K1 cells,B,Homo sapiens,,J Med Chem,2007.0,Muscarinic acetylcholine receptor M2,Ki,nM,7.1,411.55,4.62
CHEMBL375851,3.388,C[N+]1(C)CCC[C@@H]1[C@@H]1CSC(c2ccccc2)(c2ccccc2)O1.[I-],Scientific Literature,Binding affinity to human cloned muscarinic receptor M2 expressed in CHO cells,B,Homo sapiens,,J Med Chem,2007.0,Muscarinic acetylcholine receptor M2,Ki,nM,8.47,467.42,4.26
CHEMBL273439,241.0,CC(C)Sc1ccc(CC2CCN(C3CCN(C(=O)c4ccc5ccccc5c4)CC3)CC2)cc1,Scientific Literature,Binding affinity against muscarinic acetylcholine receptor M2 stably expressed in CHO-K1 cells using [3H]-QNB as radioligand.,B,,,Bioorg Med Chem Lett,2002.0,Muscarinic acetylcholine receptor M2,Ki,nM,6.62,486.73,6.9
CHEMBL412421,104.0,Cc1cccc(C(=O)N2CCC(N3CCC(Cc4ccc(S(=O)(=O)C(C)C)cc4)CC3)CC2)c1N,Scientific Literature,Binding affinity for human Muscarinic acetylcholine receptor M2,B,Homo sapiens,,J Med Chem,2002.0,Muscarinic acetylcholine receptor M2,Ki,nM,6.98,497.71,4.32
CHEMBL300998,20.0,CCCCCCOc1nccnc1OC1CN2CCC1C2,Scientific Literature,Binding affinity towards human muscarinic M2 receptor,B,,,Bioorg Med Chem Lett,1999.0,Muscarinic acetylcholine receptor M2,Ki,nM,7.7,291.4,2.52
CHEMBL72494,0.36,C=C(c1ccc(S(=O)(=O)c2ccc(OC)cc2)cc1)C1CCN(C2CCN(S(=O)(=O)c3ccccc3)CC2)CC1,Scientific Literature,Binding affinity against Muscarinic acetylcholine receptor M2 stably expressed in CHO-K1 cells.,B,,,Bioorg Med Chem Lett,2000.0,Muscarinic acetylcholine receptor M2,Ki,nM,9.44,580.77,5.11
CHEMBL2092735,77624.71,C[C@H]1O[C@@H]([C@@H]2CCC[N+]2(C)C)C[S@+]1[O-].[I-],Scientific Literature,Binding affinity to cloned human muscarinic M2 receptor expressed in CHO cells,B,Homo sapiens,,J Med Chem,2006.0,Muscarinic acetylcholine receptor M2,Ki,nM,4.11,345.25,0.72
CHEMBL352779,14791.08,CN(C)CCNC(=O)C1=C(Cc2ccccn2)c2ccccc2C1,Scientific Literature,Binding affinity towards cloned human muscarinic acetylcholine receptor M2 stably expressed in CHO-K1 cells using [3H]N-methylscopolamine,B,,,J Med Chem,2003.0,Muscarinic acetylcholine receptor M2,Ki,nM,4.83,321.42,2.31
CHEMBL354678,97.72,CCC(C1=C(CCN(C)C)Cc2ccccc21)c1ccccn1,Scientific Literature,Binding affinity towards cloned human muscarinic acetylcholine receptor M2 stably expressed in CHO-K1 cells using [3H]N-methylscopolamine,B,,,J Med Chem,2003.0,Muscarinic acetylcholine receptor M2,Ki,nM,7.01,306.45,4.54
CHEMBL523518,229.09,CN1CCC[C@@H]1[C@@H]1C[S+]([O-])C(c2ccccc2)(c2ccccc2)O1,Scientific Literature,Displacement of [3H]NMS from human muscarinic M2 receptor expressed in CHO cells,B,Homo sapiens,,Bioorg Med Chem,2008.0,Muscarinic acetylcholine receptor M2,Ki,nM,6.64,341.48,3.13
CHEMBL67873,3900.0,O=C(NCCC1CCNCC1)[C@](O)(c1ccccc1)[C@@H]1CCC(F)(F)C1,Scientific Literature,Binding affinity against human muscarinic acetylcholine receptor M2 in transfected CHO cells,B,,,Bioorg Med Chem Lett,2003.0,Muscarinic acetylcholine receptor M2,Ki,nM,5.41,366.45,2.82
CHEMBL168483,1.0,O=C(c1ccnc2ccccc12)N1CCC(N2CCC(Oc3ccc(S(=O)(=O)c4ccc5c(c4)OCO5)cc3)CC2)CC1,Scientific Literature,Binding affinity towards Muscarinic acetylcholine receptor M2 stably expressed in CHO-K1 cells using [3H]-QNB as radioligand,B,,,Bioorg Med Chem Lett,2001.0,Muscarinic acetylcholine receptor M2,Ki,nM,9.0,599.71,4.94
CHEMBL50998,12.0,CC(C)NC(=O)c1ccc(CC2CCN(C3CCN(C(=O)c4ccccc4Cl)CC3)CC2)cc1,Scientific Literature,Binding affinity against cloned human muscarinic acetylcholine receptor M2.,B,,,Bioorg Med Chem Lett,2004.0,Muscarinic acetylcholine receptor M2,Ki,nM,7.92,482.07,5.04
CHEMBL54155,40.0,CC(C)NC(=O)c1ccc(CC2CCN(C3CCN(C(=O)c4ccnc5ccccc45)CC3)CC2)cc1,Scientific Literature,Binding affinity against cloned human muscarinic acetylcholine receptor M2.,B,,,Bioorg Med Chem Lett,2004.0,Muscarinic acetylcholine receptor M2,Ki,nM,7.4,498.67,4.93
CHEMBL79061,5700.0,Cc1ncnc(C)c1C(=O)N1CCC(C)(N2CCN([C@@H](Cc3ccccc3)c3ccc(C(F)(F)F)cc3)[C@@H](C)C2)CC1,Scientific Literature,Antagonistic activity against Muscarinic acetylcholine receptor M2,F,,,J Med Chem,2004.0,Muscarinic acetylcholine receptor M2,Ki,nM,,579.71,6.1
CHEMBL328659,34.8,CCCS(=O)(=O)N1CCC(N2CCC(C(=O)c3ccc([S+]([O-])c4ccc5c(c4)OCO5)cc3)CC2)CC1,Scientific Literature,Binding affinity at human cloned acetylcholine receptor M2 in CHO cells.,B,,,Bioorg Med Chem Lett,2000.0,Muscarinic acetylcholine receptor M2,Ki,nM,7.46,546.71,3.68
CHEMBL168223,93325.43,CN(C)CCNC(=O)C1=C(Cc2ccncc2)c2ccccc2C1,Scientific Literature,Binding affinity towards cloned human muscarinic acetylcholine receptor M2 stably expressed in CHO-K1 cells using [3H]N-methylscopolamine,B,,,J Med Chem,2003.0,Muscarinic acetylcholine receptor M2,Ki,nM,4.03,321.42,2.31
CHEMBL403592,12022.64,C[N+](C)(CCCC(O)(c1ccccc1)c1ccccc1)CCC[N+](C)(C)CCCC(O)(c1ccccc1)c1ccccc1.[I-].[I-],Scientific Literature,Displacement of [3H]N-methylscopolamine from human muscarinic M2 receptor expressed in CHO-K1 cells,B,Homo sapiens,,Bioorg Med Chem Lett,2008.0,Muscarinic acetylcholine receptor M2,Ki,nM,4.92,834.67,6.96
CHEMBL254586,275.42,C[N+]1(CCCC(O)(c2ccccc2)c2ccccc2)CCCCC1.[I-],Scientific Literature,Displacement of [3H]N-methylscopolamine from human muscarinic M2 receptor expressed in CHO-K1 cells,B,Homo sapiens,,Bioorg Med Chem Lett,2008.0,Muscarinic acetylcholine receptor M2,Ki,nM,6.56,451.39,4.33
CHEMBL352756,184.0,C[C@@H]1OC(=O)[C@H]2C[C@H]3CCCC[C@@H]3[C@@H](CCCN3CCc4ccccc4C3)[C@@H]12,Scientific Literature,Binding affinity towards human muscarinic M2 receptor in CHO-KI cells using [3H]- QNB as radioligand,B,,,Bioorg Med Chem Lett,1999.0,Muscarinic acetylcholine receptor M2,Ki,nM,6.74,381.56,4.83
CHEMBL314493,920.0,CN1C2CCCC1C(OC(=O)OCC(Cl)(Cl)Cl)C2,Scientific Literature,Inhibition of [3H]- oxotremorine-M binding to human Muscarinic acetylcholine receptor M2 expressed in CHO cell membranes,B,Homo sapiens,,J Med Chem,2000.0,Muscarinic acetylcholine receptor M2,Ki,nM,6.04,316.61,3.14
CHEMBL4582879,0.07943,CC(=O)N[C@@H](CCCCN)C(=O)N[C@@H](C)C(=O)N[C@@H](CCCNC(=N)N)C(=O)NCCN1CCN(CCCCC2CCN(CC(=O)N3c4ccccc4NC(=O)c4ccccc43)CC2)CC1.O=C(O)C(F)(F)F.O=C(O)C(F)(F)F.O=C(O)C(F)(F)F.O=C(O)C(F)(F)F.O=C(O)C(F)(F)F,Scientific Literature,Competitive displacement of [3H]-NMS from human muscarinic M2 receptor expressed in CHO-K9 cells using 2 nM [3H]-NMS after 3 hrs by microbeta2 scintillation counting method,B,Homo sapiens,,J Med Chem,2019.0,Muscarinic acetylcholine receptor M2,Ki,nM,10.1,1486.3,1.42
CHEMBL4451383,0.07943,CC(=O)N[C@@H](Cc1ccc(O)cc1)C(=O)N[C@@H](CCCCN)C(=O)NCCN1CCN(CCCCC2CCN(CC(=O)N3c4ccccc4NC(=O)c4ccccc43)CC2)CC1.O=C(O)C(F)(F)F.O=C(O)C(F)(F)F.O=C(O)C(F)(F)F.O=C(O)C(F)(F)F,Scientific Literature,Displacement of [3H]-NMS from human muscarinic M2 receptor expressed in CHO-K9 cells after 3 hrs by microbeta2 scintillation counting method,B,Homo sapiens,,J Med Chem,2019.0,Muscarinic acetylcholine receptor M2,Ki,nM,10.1,1308.18,3.6
CHEMBL4540949,0.0631,CC(=O)N[C@@H](CCCCN)C(=O)N[C@@H](CCCNC(=N)N)C(=O)NCCN1CCN(CCCCC2CCN(CC(=O)N3c4ccccc4NC(=O)c4ccccc43)CC2)CC1.O=C(O)C(F)(F)F.O=C(O)C(F)(F)F.O=C(O)C(F)(F)F.O=C(O)C(F)(F)F.O=C(O)C(F)(F)F,Scientific Literature,Displacement of [3H]-NMS from human muscarinic M2 receptor expressed in CHO-K9 cells after 3 hrs by microbeta2 scintillation counting method,B,Homo sapiens,,J Med Chem,2019.0,Muscarinic acetylcholine receptor M2,Ki,nM,10.2,1415.22,1.91
CHEMBL4456524,22.91,CC(=O)N[C@@H](C)C(=O)N[C@@H](C)C(=O)NCCCCC1CCN(CC(=O)N2c3ccccc3NC(=O)c3ccccc32)CC1.O=C(O)C(F)(F)F,Scientific Literature,Displacement of [3H]-NMS from human muscarinic M2 receptor expressed in CHO-K9 cells after 3 hrs by microbeta2 scintillation counting method,B,Homo sapiens,,J Med Chem,2019.0,Muscarinic acetylcholine receptor M2,Ki,nM,7.64,704.75,2.94
CHEMBL4439675,1.698,CC(=O)N[C@@H](CCCNC(=N)N)C(=O)N[C@@H](CCCNC(=N)N)C(=O)NCCCCC1CCN(CC(=O)N2c3ccccc3NC(=O)c3ccccc32)CC1.O=C(O)C(F)(F)F.O=C(O)C(F)(F)F.O=C(O)C(F)(F)F,Scientific Literature,Displacement of [3H]-NMS from human muscarinic M2 receptor expressed in CHO-K9 cells after 3 hrs by microbeta2 scintillation counting method,B,Homo sapiens,,J Med Chem,2019.0,Muscarinic acetylcholine receptor M2,Ki,nM,8.77,1103.01,1.43
CHEMBL4537517,5.37,N=C(N)NCCC[C@H](N)C(=O)NCCCCC1CCN(CC(=O)N2c3ccccc3NC(=O)c3ccccc32)CC1.O=C(O)C(F)(F)F.O=C(O)C(F)(F)F.O=C(O)C(F)(F)F,Scientific Literature,Displacement of [3H]-NMS from human muscarinic M2 receptor expressed in CHO-K9 cells after 3 hrs by microbeta2 scintillation counting method,B,Homo sapiens,,J Med Chem,2019.0,Muscarinic acetylcholine receptor M2,Ki,nM,8.27,904.79,2.51
CHEMBL4450522,11.22,CC(=O)N[C@@H](CCCNC(=N)N)C(=O)NCCCCC1CCN(CC(=O)N2c3ccccc3NC(=O)c3ccccc32)CC1.O=C(O)C(F)(F)F.O=C(O)C(F)(F)F,Scientific Literature,Displacement of [3H]-NMS from human muscarinic M2 receptor expressed in CHO-K9 cells after 3 hrs by microbeta2 scintillation counting method,B,Homo sapiens,,J Med Chem,2019.0,Muscarinic acetylcholine receptor M2,Ki,nM,7.95,832.8,2.68
CHEMBL4093527,204.17,O=C1CCc2ccccc2N1CCCN1CCC(CCc2ccccc2)CC1,Scientific Literature,Displacement of [3H]NMS from human muscarinic M2 receptor expressed in CHO cell membranes after 2 hrs by liquid scintillation counting method,B,Homo sapiens,,J Med Chem,2018.0,Muscarinic acetylcholine receptor M2,Ki,nM,6.69,376.54,4.7
CHEMBL3354066,66.07,CN1CCC=C(c2nsnc2OCCCC2CCN(CCCN3C(=O)CCc4ccccc43)CC2)C1,Scientific Literature,Displacement of [3H]NMS from human M2 receptor expressed in CHO cells by microplate scintillation counting based radioligand binding assay,B,Homo sapiens,,J Med Chem,2014.0,Muscarinic acetylcholine receptor M2,Ki,nM,7.18,509.72,4.5
CHEMBL3354068,1.38,CN1CCC=C(c2nsnc2OCCCCCCCC2CCN(CCCN3C(=O)CCc4ccccc43)CC2)C1,Scientific Literature,Displacement of [3H]NMS from human M2 receptor expressed in CHO cells by microplate scintillation counting based radioligand binding assay,B,Homo sapiens,,J Med Chem,2014.0,Muscarinic acetylcholine receptor M2,Ki,nM,8.86,565.83,6.06
CHEMBL3354069,1.698,CN1CCC=C(c2nsnc2OCCCCCCCCCC2CCN(CCCN3C(=O)CCc4ccccc43)CC2)C1,Scientific Literature,Displacement of [3H]NMS from human M2 receptor expressed in CHO cells by microplate scintillation counting based radioligand binding assay,B,Homo sapiens,,J Med Chem,2014.0,Muscarinic acetylcholine receptor M2,Ki,nM,8.77,593.88,6.84
CHEMBL3323280,5.37,CC(C)(CN1C(=O)c2ccccc2C1=O)C[N+](C)(C)CCCCCC[N+]1(C)[C@@H]2CC[C@@H]1CC(OC(=O)C(CO)c1ccccc1)C2.[Br-].[Br-],Scientific Literature,Displacement of [3H]-NMS from human muscarinic M2 Y177Q/T423H mutant expressed in Flp-In-CHO cells by liquid scintillation counting,B,Homo sapiens,,J Med Chem,2014.0,Muscarinic acetylcholine receptor M2,Ki,nM,8.27,793.68,5.4
CHEMBL3121474,199.53,C[N+](C)(CC#CCOC1=NOCC1)CCCCCC[N+](C)(C)CCCN1C(=O)c2ccccc2C1=O.[Br-].[Br-],Scientific Literature,Displacement of [3H]-NMS from human muscarinic M2 Y177Q/T423H mutant expressed in Flp-In-CHO cells by liquid scintillation counting,B,Homo sapiens,,J Med Chem,2014.0,Muscarinic acetylcholine receptor M2,Ki,nM,6.7,658.48,3.14
CHEMBL2449003,2.818,CN1[C@@H]2CC[C@H]1CC(OC(=O)[C@H](CO)c1ccccc1)C2,Scientific Literature,Displacement of [3H]-NMS from human muscarinic M2 W422A mutant expressed in Flp-In-CHO cells by liquid scintillation counting,B,Homo sapiens,,J Med Chem,2014.0,Muscarinic acetylcholine receptor M2,Ki,nM,8.55,289.38,1.93
CHEMBL3323280,16.6,CC(C)(CN1C(=O)c2ccccc2C1=O)C[N+](C)(C)CCCCCC[N+]1(C)[C@@H]2CC[C@@H]1CC(OC(=O)C(CO)c1ccccc1)C2.[Br-].[Br-],Scientific Literature,Displacement of [3H]-NMS from human muscarinic M2 W422A mutant expressed in Flp-In-CHO cells by liquid scintillation counting,B,Homo sapiens,,J Med Chem,2014.0,Muscarinic acetylcholine receptor M2,Ki,nM,7.78,793.68,5.4
CHEMBL195437,4432.0,CCCCCCCCc1ccc(O)cc1,DrugMatrix,DRUGMATRIX: Muscarinic M2 radioligand binding (ligand: [3H] N-Methylscopolamine),B,,,,,Muscarinic acetylcholine receptor M2,Ki,nM,5.35,206.33,4.3
CHEMBL303443,4600.0,CC(c1ccc(S(=O)(=O)c2ccccc2)cc1)N1CCN(c2ccccc2)CC1,Scientific Literature,Binding affinity towards the cloned human Muscarinic acetylcholine receptor M2,B,,,Bioorg Med Chem Lett,2000.0,Muscarinic acetylcholine receptor M2,Ki,nM,5.34,406.55,4.4
CHEMBL4874412,154.88,NCCN1CCN(C(=O)CCCC2CCN(CC(=O)N3c4ccccc4NC(=O)c4ccccc43)CC2)CC1.O=C(O)C(F)(F)F.O=C(O)C(F)(F)F.O=C(O)C(F)(F)F,Scientific Literature,Displacement of [3H]-NMS from human muscarinic M2 receptor expressed in CHO cell membranes assessed as inhibition constant by radioligand competition analysis,B,Homo sapiens,,Eur J Med Chem,2021.0,Muscarinic acetylcholine receptor M2,Ki,nM,6.81,874.76,2.9
CHEMBL4848683,2.291,CC(=O)NC(=O)[C@H](CCCNC(=N)N)NC(=O)[C@H](C)NC(=O)CNC(=O)[C@H](CCCNC(=N)N)NCCCCC1CCN(CC(=O)N2c3ccccc3NC(=O)c3ccccc32)CC1.O=C(O)C(F)(F)F.O=C(O)C(F)(F)F.O=C(O)C(F)(F)F,Scientific Literature,Displacement of [3H]-NMS from human muscarinic M2 receptor expressed in CHO cell membranes assessed as inhibition constant by radioligand competition analysis,B,Homo sapiens,,Eur J Med Chem,2021.0,Muscarinic acetylcholine receptor M2,Ki,nM,8.64,1231.14,0.05
CHEMBL4860171,1380.38,CC(=O)NC(=O)[C@H](CCCNC(=N)N)NC(=O)[C@H](C)NCC(=O)NC1CCN(CC(=O)N2c3ccccc3NC(=O)c3ccccc32)CC1.O=C(O)C(F)(F)F.O=C(O)C(F)(F)F,Scientific Literature,Displacement of [3H]-NMS from human muscarinic M2 receptor expressed in CHO cell membranes assessed as inhibition constant by radioligand competition analysis,B,Homo sapiens,,Eur J Med Chem,2021.0,Muscarinic acetylcholine receptor M2,Ki,nM,5.86,904.82,-0.11
CHEMBL4865939,0.8318,CC(=O)N[C@H](CCCN)C(=O)NC(=O)[C@H](C)NC(=O)[C@H](CCCNC(=N)N)NCCN1CCN(CCC(=O)NC2CCN(CC(=O)N3c4ccccc4NC(=O)c4ccccc43)CC2)CC1.O=C(O)C(F)(F)F.O=C(O)C(F)(F)F.O=C(O)C(F)(F)F.O=C(O)C(F)(F)F.O=C(O)C(F)(F)F,Scientific Literature,Displacement of [3H]-NMS from human muscarinic M2 receptor expressed in CHO cell membranes assessed as inhibition constant by radioligand competition analysis,B,Homo sapiens,,Eur J Med Chem,2021.0,Muscarinic acetylcholine receptor M2,Ki,nM,9.08,1487.24,-0.88
CHEMBL4852186,0.2042,CC(=O)N[C@@H](CCCN)C(=O)NC(=O)[C@H](C)NC(=O)[C@H](CCCNC(=N)N)NC1CCN(CCCCC2CCN(CC(=O)N3c4ccccc4NC(=O)c4ccccc43)CC2)CC1.O=C(O)C(F)(F)F.O=C(O)C(F)(F)F.O=C(O)C(F)(F)F.O=C(O)C(F)(F)F,Scientific Literature,Displacement of [3H]-NMS from human muscarinic M2 receptor expressed in CHO cell membranes assessed as inhibition constant by radioligand competition analysis,B,Homo sapiens,,Eur J Med Chem,2021.0,Muscarinic acetylcholine receptor M2,Ki,nM,9.69,1329.2,1.88
CHEMBL4877107,52.48,CC(=O)N[C@@H](CCCN)C(=O)NC(=O)[C@H](C)NC(=O)[C@H](CCNC(=N)N)NCCN1CCN(C(=O)CCC2CCN(CC(=O)N3c4ccccc4NC(=O)c4ccccc43)CC2)CC1.O=C(O)C(F)(F)F.O=C(O)C(F)(F)F.O=C(O)C(F)(F)F.O=C(O)C(F)(F)F,Scientific Literature,Displacement of [3H]-NMS from human muscarinic M2 receptor expressed in CHO cell membranes assessed as inhibition constant by radioligand competition analysis,B,Homo sapiens,,Eur J Med Chem,2021.0,Muscarinic acetylcholine receptor M2,Ki,nM,7.28,1344.18,-0.22
CHEMBL410890,630.0,NCCC1CCN(C(=O)[C@](O)(c2ccccc2)[C@@H]2CCC(F)(F)C2)CC1,Scientific Literature,Binding affinity against human muscarinic acetylcholine receptor M2 in transfected CHO cells,B,,,Bioorg Med Chem Lett,2003.0,Muscarinic acetylcholine receptor M2,Ki,nM,6.2,366.45,2.9
CHEMBL110744,0.8,C[C@@H]1CN(C2CCN(C(=O)c3ccc(Cl)c(Cl)c3)CC2)CCN1[C@@H](C)c1ccc(S(=O)(=O)c2ccc3c(c2)OCO3)cc1,Scientific Literature,Binding affinity against human muscarinic acetylcholine receptor M2 using [3H]N-methylscopolamine as radioligand,B,,,Bioorg Med Chem Lett,2002.0,Muscarinic acetylcholine receptor M2,Ki,nM,9.1,644.62,5.93
CHEMBL104693,1445.44,CCCc1[nH]c2ccc3c(c2c1C(=O)OCC)CN1CCc2cc(SC)ccc2C1O3,Scientific Literature,Inhibition of [3H]-NMS binding to human muscarinic acetylcholine receptor M2 in transfected CHO cells.,B,,,J Med Chem,2002.0,Muscarinic acetylcholine receptor M2,Ki,nM,5.84,436.58,5.47
CHEMBL2112958,12.0,O=C(CCNC(=O)[C@@H]1CCCN1C(=O)CC(c1ccccc1)(c1ccccc1)c1ccccc1)NC[C@H]1CCCN(CC2CCCCC2)C1,Scientific Literature,Binding affinity (Ki) against binding of [3H]NMS to membranes from CHO cells expressing cloned human Muscarinic acetylcholine receptor M2,B,Homo sapiens,,J Med Chem,2002.0,Muscarinic acetylcholine receptor M2,Ki,nM,7.92,662.92,6.32
CHEMBL593864,89125.09,C[C@@H]1OC[C@@H](C[N+](C)(C)C)O[C@@H]1C.[I-],Scientific Literature,Displacement of [3H]NMS from human muscarinic M2 receptor expressed in CHO cells by microplate scintillation counting,B,Homo sapiens,,Bioorg Med Chem,2009.0,Muscarinic acetylcholine receptor M2,Ki,nM,4.05,315.2,0.88
CHEMBL163714,0.7,CCS(=O)(=O)N1CCC(N2CCN([C@@H](C)c3ccc(S(=O)(=O)c4ccc5c(c4)OCO5)cc3)[C@H](C)C2)CC1,Scientific Literature,Binding affinity against human cloned Muscarinic acetylcholine receptor M2.,B,,,Bioorg Med Chem Lett,2002.0,Muscarinic acetylcholine receptor M2,Ki,nM,9.15,563.74,3.13
CHEMBL73893,0.16,C=C(c1ccc(S(=O)(=O)c2ccc(OC)cc2)cc1)C1CCN(C2CCN(S(=O)(=O)C(C)C)CC2)CC1,Scientific Literature,Binding affinity against Muscarinic acetylcholine receptor M2 stably expressed in CHO-K1 cells.,B,,,Bioorg Med Chem Lett,2000.0,Muscarinic acetylcholine receptor M2,Ki,nM,9.8,546.76,4.46
CHEMBL421113,0.29,C=C(c1ccc(S(=O)(=O)c2ccc(OC)cc2)cc1)C1CCN(C2CCN(S(=O)(=O)CCC)CC2)CC1,Scientific Literature,Binding affinity against Muscarinic acetylcholine receptor M2 stably expressed in CHO-K1 cells.,B,,,Bioorg Med Chem Lett,2000.0,Muscarinic acetylcholine receptor M2,Ki,nM,9.54,546.76,4.46
CHEMBL140490,1100.0,Cc1nc(N)nc(C)c1C(=O)N1CCC(C)(N2CCN([C@@H](C)c3ccc(C(F)(F)F)cc3)[C@@H](C)C2)CC1,Scientific Literature,Binding affinity towards muscarinic receptor M2,B,,,Bioorg Med Chem Lett,2003.0,Muscarinic acetylcholine receptor M2,Ki,nM,5.96,518.63,4.46
CHEMBL294273,2700.0,CC(=O)OC1CC2CCCC1N2C,Scientific Literature,Inhibition of [3H]- quinuclidinyl benzilate binding to human Muscarinic acetylcholine receptor M2 expressed in CHO cell membrane,B,Homo sapiens,,J Med Chem,2000.0,Muscarinic acetylcholine receptor M2,Ki,nM,5.57,183.25,1.17
CHEMBL74300,3235.94,C[N+](C)(C)CC#CCOC(=O)Nc1cccc(Cl)c1.[Cl-],Scientific Literature,Displacement of [3H]NMS from human muscarinic M2 receptor transfected in CHO cells after 120 mins by scintillation counting analysis,B,Homo sapiens,,Bioorg Med Chem Lett,2014.0,Muscarinic acetylcholine receptor M2,Ki,nM,5.49,317.22,2.6
CHEMBL387632,1202.26,C[C@H]1OC[C@@H](C[N+](C)(C)C)O1.[I-],Scientific Literature,Displacement of [3H]NMS from human muscarinic M2 receptor transfected in CHO cells after 120 mins by scintillation counting analysis,B,Homo sapiens,,Bioorg Med Chem Lett,2014.0,Muscarinic acetylcholine receptor M2,Ki,nM,5.92,287.14,0.45
CHEMBL2432054,487.0,CN(CCCc1cccc(F)c1)[C@H]1C2C3CC4C2C(=O)C2C4C3C21,Scientific Literature,Inhibition of muscarinic M2 receptor (unknown origin) by PDSP assay,B,Homo sapiens,,Bioorg Med Chem,2013.0,Muscarinic acetylcholine receptor M2,Ki,nM,6.31,325.43,3.02
CHEMBL2391541,10000.0,C=CCN(CC=C)CCc1c[nH]c2ccc(OC)cc12,Scientific Literature,Displacement of [3H]QNB from human recombinant muscarinic M2 receptor expressed in CHO cells after 1 to 1.5 hrs by scintillation counting analysis,B,Homo sapiens,,Bioorg Med Chem Lett,2013.0,Muscarinic acetylcholine receptor M2,Ki,nM,,270.38,3.39
CHEMBL3323286,10.0,C[N+](C)(C)CC#CCOC1=NOCC1.[Br-],Scientific Literature,Displacement of [3H]-NMS from human muscarinic M2 W422A mutant expressed in Flp-In-CHO cells by liquid scintillation counting,B,Homo sapiens,,J Med Chem,2014.0,Muscarinic acetylcholine receptor M2,Ki,nM,8.0,277.16,0.45
CHEMBL53965,27.0,CC(C)NC(=O)c1ccc(CC2CCN(C3CCN(C(=O)c4cccc5[nH]cnc45)CC3)CC2)cc1,Scientific Literature,Binding affinity against cloned human muscarinic acetylcholine receptor M2.,B,,,Bioorg Med Chem Lett,2004.0,Muscarinic acetylcholine receptor M2,Ki,nM,7.57,487.65,4.26
CHEMBL51510,1.9,Cc1c(N)cccc1C(=O)N1CCC(N2CCC(C3(c4ccc(C(=O)NC(C)C)cc4)OCCO3)CC2)CC1,Scientific Literature,Binding affinity against cloned human muscarinic acetylcholine receptor M2.,B,,,Bioorg Med Chem Lett,2004.0,Muscarinic acetylcholine receptor M2,Ki,nM,8.72,534.7,3.93
CHEMBL90638,0.82,CCCS(=O)(=O)N1CCC(N2CCC(C3(c4ccc([S+]([O-])c5ccc6c(c5)OCO6)cc4)SCCS3)CC2)CC1,Scientific Literature,Binding affinity at human cloned acetylcholine receptor M2 in CHO cells.,B,,,Bioorg Med Chem Lett,2000.0,Muscarinic acetylcholine receptor M2,Ki,nM,9.09,622.9,5.13
CHEMBL167629,2.6,COc1ccc(S(=O)(=O)c2ccc([C@H](C)N3CCN(C4CCN(C(=O)c5ccccc5C)CC4)C[C@H]3C)cc2)cc1,Scientific Literature,Binding affinity against human muscarinic acetylcholine receptor M2 using [3H]N-methylscopolamine as radioligand,B,,,Bioorg Med Chem Lett,2002.0,Muscarinic acetylcholine receptor M2,Ki,nM,8.59,575.78,5.21
CHEMBL85391,50.12,O=C(c1cccs1)N(c1ccc(Cl)cc1)C1CCN(Cc2ccccc2)CC1,Scientific Literature,In vitro affinity for muscarinic M2 receptor.,B,,,Bioorg Med Chem Lett,2002.0,Muscarinic acetylcholine receptor M2,Ki,nM,7.3,410.97,5.71
CHEMBL375420,107.0,Cc1cccc(CN2CCC(N3CC(c4cccs4)(c4cccs4)NC3=O)CC2)c1,Scientific Literature,Displacement of [3H]N-methyl-scopolamine from human muscarinic M2 receptor expressed in CHO K1 cells,B,Homo sapiens,,J Med Chem,2007.0,Muscarinic acetylcholine receptor M2,Ki,nM,6.97,437.63,5.05
CHEMBL222449,108.0,C[N+]1(CC(=O)c2cccc(F)c2)CC[C@@H](N2CC(c3ccc(F)cc3)(c3ccc(F)cc3)NC2=O)C1,Scientific Literature,Displacement of [3H]N-methyl-scopolamine from human muscarinic M2 receptor expressed in CHOK1 cells,B,Homo sapiens,,J Med Chem,2007.0,Muscarinic acetylcholine receptor M2,Ki,nM,6.97,494.54,4.47
CHEMBL374987,2010.0,C[N+]1(Cc2ccccc2)CCC(N2CC(c3ccccc3)(c3ccccc3)NC2=O)C1,Scientific Literature,Displacement of [3H]N-methyl-scopolamine from human muscarinic M2 receptor expressed in CHOK1 cells,B,Homo sapiens,,J Med Chem,2007.0,Muscarinic acetylcholine receptor M2,Ki,nM,5.7,412.56,4.37
CHEMBL222207,515.0,O=C1NC(c2ccccc2)(C2CCCCC2)CN1C1CCN(Cc2cccc(Cl)c2)CC1,Scientific Literature,Displacement of [3H]N-methyl-scopolamine from human muscarinic M2 receptor expressed in CHO K1 cells,B,Homo sapiens,,J Med Chem,2007.0,Muscarinic acetylcholine receptor M2,Ki,nM,6.29,452.04,5.81
CHEMBL222403,166.0,Cc1cccc(CN2CCC(N3CC(c4ccccc4)(C4CCCCC4)NC3=O)CC2)c1,Scientific Literature,Displacement of [3H]N-methyl-scopolamine from human muscarinic M2 receptor expressed in CHO K1 cells,B,Homo sapiens,,J Med Chem,2007.0,Muscarinic acetylcholine receptor M2,Ki,nM,6.78,431.62,5.46
CHEMBL4462631,30.0,Cc1ccc(COC(=O)N(c2ccccc2)C2CN3CCC2CC3)cc1F,Scientific Literature,Displacement of [3H]NMS from human M2 AChR expressed in CHO cell membranes after 1 to 2 hrs by liquid scintillation spectrometry method,B,Homo sapiens,,Bioorg Med Chem Lett,2019.0,Muscarinic acetylcholine receptor M2,Ki,nM,7.52,368.45,4.37
CHEMBL4097258,0.4074,CCC(=O)NCc1cc(C(=O)NCCNC(=O)CCc2cn(CCCCC3CCN(CC(=O)N4c5ccccc5NC(=O)c5ccccc54)CC3)cn2)cc(C(=O)NCCNC(=O)CCc2cn(CCCCC3CCN(CC(=O)N4c5ccccc5NC(=O)c5ccccc54)CC3)cn2)c1.O=C(O)C(F)(F)F.O=C(O)C(F)(F)F.O=C(O)C(F)(F)F.O=C(O)C(F)(F)F,Scientific Literature,Displacement of [3H]NMS from human muscarinic acetylcholine receptor M2 expressed in CHOK9 cells after 3 hrs by liquid scintillation counting assay,B,Homo sapiens,,J Med Chem,2017.0,Muscarinic acetylcholine receptor M2,Ki,nM,9.39,1814.75,
CHEMBL14580,1500.0,c1coc(C2CN3CCC2CC3)c1,Scientific Literature,Binding affinity for muscarinic acetylcholine receptor M2 by measuring displacement of [3H]QNB from guinea pig heart,B,Cavia porcellus,,J Med Chem,1995.0,Muscarinic acetylcholine receptor M2,Ki,nM,5.82,177.25,2.09
CHEMBL357200,4200.0,OC1(c2cc3ccccc3s2)CN2CCC1CC2,Scientific Literature,Binding affinity for muscarinic acetylcholine receptor M2 by measuring displacement of [3H]QNB from guinea pig heart,B,Cavia porcellus,,J Med Chem,1995.0,Muscarinic acetylcholine receptor M2,Ki,nM,5.38,259.37,2.81
CHEMBL148404,930.0,Nc1ccc(CN2CCC(NC(=O)[C@](O)(c3ccccc3)[C@@H]3CCC(F)(F)C3)CC2)nc1,Scientific Literature,Inhibition of [3H]NMS binding to human muscarinic acetylcholine receptor M2 expressed in CHO cells,B,,,J Med Chem,2000.0,Muscarinic acetylcholine receptor M2,Ki,nM,6.03,444.53,3.07
CHEMBL82850,398.11,CC(=O)N(c1ccc(Br)cc1)C1CCN(Cc2ccccc2)CC1,Scientific Literature,In vitro affinity for muscarinic M2 receptor.,B,,,Bioorg Med Chem Lett,2002.0,Muscarinic acetylcholine receptor M2,Ki,nM,6.4,387.32,4.47
CHEMBL4064222,4168.69,CCCCN1CCN(CCCN2C(=O)CCc3ccccc32)CC1,Scientific Literature,Displacement of [3H]NMS from human muscarinic M2 receptor expressed in CHO cell membranes after 2 hrs by liquid scintillation counting method,B,Homo sapiens,,J Med Chem,2018.0,Muscarinic acetylcholine receptor M2,Ki,nM,5.38,329.49,2.77
CHEMBL70848,2.198,C=C(c1ccc(S(=O)(=O)c2ccc(OC)cc2)cc1)C1CCN(C2CCN(C(=O)C(C)C)CC2)CC1,Scientific Literature,Binding affinity to muscarinic M2 receptor,B,Homo sapiens,,Bioorg Med Chem Lett,2007.0,Muscarinic acetylcholine receptor M2,Ki,nM,8.66,510.7,4.9
CHEMBL257643,38.0,CCN(CC)c1ccc(/C=C/c2cc[n+](CCC[N+](CC)(CC)CC)cc2)cc1.[Br-].[Br-],Scientific Literature,Displacement of [3H]N-methyl Scopolamine from human cloned muscarinic M2 receptor expressed in CHO cells,B,Homo sapiens,,Bioorg Med Chem Lett,2008.0,Muscarinic acetylcholine receptor M2,Ki,nM,7.42,555.44,5.26
CHEMBL568870,19.95,C[N+]1(C)CCC[C@H]1c1ccc([C@](O)(c2ccccc2)C2CCCCC2)o1.[I-],Scientific Literature,Displacement of [3H]NMS from human cloned muscarinic M2 receptor expressed in CHO cells by scintillation counting,B,Homo sapiens,,J Med Chem,2010.0,Muscarinic acetylcholine receptor M2,Ki,nM,7.7,481.42,5.01
CHEMBL239644,10000.0,C[N+]1(CC#CCN2OCCC2=O)CCc2ccccc2C1.[I-],Scientific Literature,Displacement of [3H]QNB from human muscarinic M2 receptor expressed in CHO cells,B,Homo sapiens,,Bioorg Med Chem,2007.0,Muscarinic acetylcholine receptor M2,Ki,nM,,412.27,1.36
CHEMBL239017,3796.0,Cc1cc(OCC#CCN(C)C)no1.O=C(O)/C=C/C(=O)O,Scientific Literature,Displacement of [3H]QNB from human muscarinic M2 receptor expressed in CHO cells,B,Homo sapiens,,Bioorg Med Chem,2007.0,Muscarinic acetylcholine receptor M2,Ki,nM,5.42,310.31,0.93
CHEMBL4452706,2.1,O=C(OC1C[N+]2(CCCc3cccc(Cl)c3)CCC1CC2)C(O)(c1ccccc1)c1ccccc1.[Br-],Scientific Literature,Displacement of [3H]NMS from human M2R expressed in CHOK1 cell membranes incubated for 2 hrs by microbeta scintillation counting method,B,Homo sapiens,,Bioorg Med Chem,2019.0,Muscarinic acetylcholine receptor M2,Ki,nM,8.68,570.96,5.36
CHEMBL4436930,0.69,O=C(OC1C[N+]2(CCCc3cccc(F)c3)CCC1CC2)C(O)(c1ccccc1)c1ccccc1.[Br-],Scientific Literature,Displacement of [3H]NMS from human M2R expressed in CHOK1 cell membranes incubated for 2 hrs by microbeta scintillation counting method,B,Homo sapiens,,Bioorg Med Chem,2019.0,Muscarinic acetylcholine receptor M2,Ki,nM,9.16,554.5,4.85
CHEMBL412814,0.2,C[C@@H]1CN(C2CCN(C(=O)c3ccccc3COC(=O)c3ccccc3)CC2)CCN1[C@@H](C)c1ccc(S(=O)(=O)c2ccc3c(c2)OCO3)cc1,Scientific Literature,Binding affinity against human muscarinic acetylcholine receptor M2 using [3H]N-methylscopolamine as radioligand,B,,,Bioorg Med Chem Lett,2002.0,Muscarinic acetylcholine receptor M2,Ki,nM,9.7,709.87,5.98
CHEMBL163686,442.0,COc1ccc(S(=O)(=O)c2ccc([C@H](C)N3CCN(C4CCN(C(=O)c5ccccc5C)CC4)C[C@H]3C)cc2)c(OC)c1OC,Scientific Literature,Binding affinity against human muscarinic acetylcholine receptor M2 using [3H]N-methylscopolamine as radioligand,B,,,Bioorg Med Chem Lett,2002.0,Muscarinic acetylcholine receptor M2,Ki,nM,6.36,635.83,5.23
CHEMBL258905,5248.07,C[C@@H]1O[C@H]([C@H]2CCC[N+]2(C)C)CS1,Scientific Literature,Binding affinity to human cloned muscarinic M2 receptor expressed in CHO cells,B,Homo sapiens,,Bioorg Med Chem,2008.0,Muscarinic acetylcholine receptor M2,Ki,nM,5.28,202.34,1.7
CHEMBL391977,1.9,CN(C)C1(CNCCC2CCC(O)CC2)COc2ccccc2OC1,Scientific Literature,Displacement of 1-[N-methyl- 3H]scopolamine from human muscarinic M2 receptor expressed in Sf9 cells,B,Homo sapiens,,Bioorg Med Chem Lett,2007.0,Muscarinic acetylcholine receptor M2,Ki,nM,8.72,348.49,2.29
CHEMBL234438,6.2,CN(C)C1(CNCCC2CCCCC2)COc2ccccc2OC1,Scientific Literature,Displacement of 1-[N-methyl- 3H]scopolamine from human muscarinic M2 receptor expressed in Sf9 cells,B,Homo sapiens,,Bioorg Med Chem Lett,2007.0,Muscarinic acetylcholine receptor M2,Ki,nM,8.21,332.49,3.32
CHEMBL667,390.0,CC(=O)OCC[N+](C)(C)C,Scientific Literature,Displacement of [3H]N-methyl-scopolamine bromide from human recombinant muscarinic M2 receptor expressed in HEK293T cell membranes after 1 hr by liquid scintillation counting method,B,Homo sapiens,,J Med Chem,2017.0,Muscarinic acetylcholine receptor M2,Ki,nM,6.41,146.21,0.26
CHEMBL73893,0.16,C=C(c1ccc(S(=O)(=O)c2ccc(OC)cc2)cc1)C1CCN(C2CCN(S(=O)(=O)C(C)C)CC2)CC1,Scientific Literature,Binding affinity to muscarinic M2 receptor,B,Homo sapiens,,Bioorg Med Chem Lett,2007.0,Muscarinic acetylcholine receptor M2,Ki,nM,9.8,546.76,4.46
CHEMBL4846562,7.244,CC(=O)NC(=O)[C@H](CCCNC(=N)N)NC(=O)CNC(=O)[C@H](CCCNC(=N)N)NCCCCC1CCN(CC(=O)N2c3ccccc3NC(=O)c3ccccc32)CC1.O=C(O)C(F)(F)F.O=C(O)C(F)(F)F.O=C(O)C(F)(F)F,Scientific Literature,Displacement of [3H]-NMS from human muscarinic M2 receptor expressed in CHO cell membranes assessed as inhibition constant by radioligand competition analysis,B,Homo sapiens,,Eur J Med Chem,2021.0,Muscarinic acetylcholine receptor M2,Ki,nM,8.14,1160.06,0.55
CHEMBL4867301,2.951,CC(=O)N[C@@H](CCCN)C(=O)NC(=O)[C@H](CCCNC(=N)N)NCCCCC1CCN(CC(=O)N2c3ccccc3NC(=O)c3ccccc32)CC1.O=C(O)C(F)(F)F.O=C(O)C(F)(F)F.O=C(O)C(F)(F)F,Scientific Literature,Displacement of [3H]-NMS from human muscarinic M2 receptor expressed in CHO cell membranes assessed as inhibition constant by radioligand competition analysis,B,Homo sapiens,,Eur J Med Chem,2021.0,Muscarinic acetylcholine receptor M2,Ki,nM,8.53,1060.97,1.91
CHEMBL4868124,45.71,CC(=O)N[C@@H](CCCN)C(=O)NC(=O)[C@H](CCCNC(=N)N)NCCCC1CCN(CC(=O)N2c3ccccc3NC(=O)c3ccccc32)CC1.O=C(O)C(F)(F)F.O=C(O)C(F)(F)F.O=C(O)C(F)(F)F,Scientific Literature,Displacement of [3H]-NMS from human muscarinic M2 receptor expressed in CHO cell membranes assessed as inhibition constant by radioligand competition analysis,B,Homo sapiens,,Eur J Med Chem,2021.0,Muscarinic acetylcholine receptor M2,Ki,nM,7.34,1046.94,1.52
CHEMBL4872608,0.3802,CC(=O)N[C@@H](CCCN)C(=O)NC(=O)[C@H](C)NC(=O)[C@@H](CCCNC(=N)N)NCCN1CCN(CCCC2CCN(CC(=O)N3c4ccccc4NC(=O)c4ccccc43)CC2)CC1.O=C(O)C(F)(F)F.O=C(O)C(F)(F)F.O=C(O)C(F)(F)F.O=C(O)C(F)(F)F.O=C(O)C(F)(F)F,Scientific Literature,Displacement of [3H]-NMS from human muscarinic M2 receptor expressed in CHO cell membranes assessed as inhibition constant by radioligand competition analysis,B,Homo sapiens,,Eur J Med Chem,2021.0,Muscarinic acetylcholine receptor M2,Ki,nM,9.42,1458.24,0.64
CHEMBL4861655,19.5,CC(=O)N[C@@H](CCCN)C(=O)NC(=O)[C@H](C)NC(=O)[C@H](CCCNC(=N)N)NCCN1CCN(C(=O)CCCC2CCN(CC(=O)N3c4ccccc4NC(=O)c4ccccc43)CC2)CC1.O=C(O)C(F)(F)F.O=C(O)C(F)(F)F.O=C(O)C(F)(F)F.O=C(O)C(F)(F)F,Scientific Literature,Displacement of [3H]-NMS from human muscarinic M2 receptor expressed in CHO cell membranes assessed as inhibition constant by radioligand competition analysis,B,Homo sapiens,,Eur J Med Chem,2021.0,Muscarinic acetylcholine receptor M2,Ki,nM,7.71,1372.23,0.56
CHEMBL564057,0.08,O=C(O[C@H]1C[N+]2(CCc3ccccc3)CCC1CC2)C(O)(c1cccs1)c1cccs1.[Br-],Scientific Literature,Binding affinity to muscarinic M2 receptor,B,,,J Med Chem,2009.0,Muscarinic acetylcholine receptor M2,Ki,nM,10.1,534.54,4.44
CHEMBL556635,0.06,O=C(O[C@H]1C[N+]2(CCCOc3ccccc3)CCC1CC2)[C@](O)(c1cccs1)C1CCCC1.[Br-],Scientific Literature,Binding affinity to muscarinic M2 receptor,B,,,J Med Chem,2009.0,Muscarinic acetylcholine receptor M2,Ki,nM,10.22,550.56,4.75
CHEMBL551563,1659.59,Cc1ccc([C@@H]2CCC[N+]2(C)C)o1.[I-],Scientific Literature,Displacement of [3H]NMS from human muscarinic M2 receptor expressed in CHO cells by liquid scintillation counter,B,Homo sapiens,,J Med Chem,2008.0,Muscarinic acetylcholine receptor M2,Ki,nM,5.78,307.18,2.5
CHEMBL553434,2691.53,Cc1ccc([C@H]2CCC[N+]2(C)C)o1.[I-],Scientific Literature,Displacement of [3H]NMS from human muscarinic M2 receptor expressed in CHO cells by liquid scintillation counter,B,Homo sapiens,,J Med Chem,2008.0,Muscarinic acetylcholine receptor M2,Ki,nM,5.57,307.18,2.5
CHEMBL505086,4265.8,Cc1ccc(C2CCCN2)o1,Scientific Literature,Displacement of [3H]NMS from human muscarinic M2 receptor expressed in CHO cells by liquid scintillation counter,B,Homo sapiens,,J Med Chem,2008.0,Muscarinic acetylcholine receptor M2,Ki,nM,5.37,151.21,2.01
CHEMBL2110363,10000.0,Cc1nc(C(=O)N2CCC[C@H]2Cc2nnc(-c3ccccc3)o2)c(-c2ccccc2F)s1,EUbOPEN Chemogenomic Library,"PDSP Secondary Binding target: CHRM2 - Compounds are tested at 10 uM concentration, plate are incubated at room temperature in the dark for 90 minutes. Reaction are stopped by vacuum filtration onto 0.3% polyethyleneimine soaked filter mats using Filtermate harvester. Scintillation cocktail is then melted onto microwave-dried filters on a hot plate and the radio activity is counted in Microbia counter. Compounds showing a minimum of 50% inhibition at 10 uM concentration are carried forward in this secondary binding assay to determine equilibrium binding affinity.",B,Homo sapiens,,,2024.0,Muscarinic acetylcholine receptor M2,Ki,nM,,448.52,5.15
CHEMBL3629360,0.14,O=c1ccc2c([C@@H](O)CNCCc3ccc(CCN4CCC(Cn5cnc([C@](O)(c6ccccc6)C6CCCCC6)n5)CC4)cc3)ccc(O)c2[nH]1,Scientific Literature,Antagonist activity at muscarinic M2 receptor (unknown origin),B,Homo sapiens,,Bioorg Med Chem Lett,2015.0,Muscarinic acetylcholine receptor M2,Ki,nM,9.85,704.92,5.46
CHEMBL5074599,0.1995,COc1ccc([C@H](Cc2c(Cl)c[n+]([O-])cc2Cl)OC(=O)c2ccc(CNC(C(=O)O[C@H]3CN4CCC3CC4)c3ccccc3)s2)cc1OC,Scientific Literature,Displacement of [3H]-N-methyl Scopolamine Chloride from human M2 receptor membranes incubated for 2 hrs by scintillation counting analysis,B,Homo sapiens,,J Med Chem,2021.0,Muscarinic acetylcholine receptor M2,Ki,nM,9.7,726.68,6.31
CHEMBL64779,2800.0,C1=C(c2cccnc2)C2CCN1CC2,Scientific Literature,Binding affinity for muscarinic acetylcholine receptor M2 by measuring displacement of [3H]QNB from guinea pig heart,B,Cavia porcellus,,J Med Chem,1995.0,Muscarinic acetylcholine receptor M2,Ki,nM,5.55,186.26,2.15
CHEMBL308166,1.2,COc1ccc(S(=O)(=O)c2ccc(C3(C4CCN(C5CCN(C(=O)c6cccc7ccc(F)cc67)CC5)CC4)OCCO3)cc2)cc1,Scientific Literature,Antagonistic activity against muscarinic acetylcholine receptor M2,F,,,Bioorg Med Chem Lett,2001.0,Muscarinic acetylcholine receptor M2,Ki,nM,8.92,658.79,6.04
CHEMBL90507,1.22,CCCS(=O)(=O)N1CCC(N2CCC(C3(c4ccc(S(=O)(=O)c5ccc6c(c5)OCO6)cc4)O[C@H](C)[C@@H](C)O3)CC2)CC1,Scientific Literature,Binding affinity at human cloned acetylcholine receptor M2 in CHO cells.,B,,,Bioorg Med Chem Lett,2000.0,Muscarinic acetylcholine receptor M2,Ki,nM,8.91,634.82,4.14
CHEMBL551466,0.08,O=C(O[C@H]1C[N+]2(CCCOc3ccccc3)CCC1CC2)C(O)(c1cccs1)c1cccs1.[Br-],Scientific Literature,Binding affinity to muscarinic M2 receptor,B,,,J Med Chem,2009.0,Muscarinic acetylcholine receptor M2,Ki,nM,10.1,564.57,4.67
CHEMBL3354078,79.43,O=C1CCc2ccccc2N1CCCN1CCC(CCCCCCCCCC2CCN(CCCN3C(=O)CCc4ccccc43)CC2)CC1,Scientific Literature,Displacement of [3H]NMS from human M2 receptor expressed in CHO cells by microplate scintillation counting based radioligand binding assay,B,Homo sapiens,,J Med Chem,2014.0,Muscarinic acetylcholine receptor M2,Ki,nM,7.1,669.01,8.66
CHEMBL4063176,1778.28,O=C1CCc2ccccc2N1CCCN1CCN(CCc2ccccc2)CC1,Scientific Literature,Displacement of [3H]NMS from human muscarinic M2 receptor expressed in CHO cell membranes after 2 hrs by liquid scintillation counting method,B,Homo sapiens,,J Med Chem,2018.0,Muscarinic acetylcholine receptor M2,Ki,nM,5.75,377.53,3.22
CHEMBL4074104,11481.54,CC1CCN(CCCN2C(=O)CCc3ccccc32)CC1,Scientific Literature,Displacement of [3H]NMS from human muscarinic M2 receptor expressed in CHO cell membranes after 2 hrs by liquid scintillation counting method,B,Homo sapiens,,J Med Chem,2018.0,Muscarinic acetylcholine receptor M2,Ki,nM,4.94,286.42,3.09
CHEMBL14,38.0,C[N+](C)(C)CCOC(N)=O.[Cl-],Scientific Literature,Inhibition of [3H]- oxotremorine-M binding to human Muscarinic acetylcholine receptor M2 expressed in CHO cell membranes,B,Homo sapiens,,J Med Chem,2000.0,Muscarinic acetylcholine receptor M2,Ki,nM,7.42,182.65,-0.21
CHEMBL4072818,794.33,O=C1CCc2ccccc2N1CCCN1CCC(Cc2ccccc2)CC1,Scientific Literature,Displacement of [3H]NMS from human muscarinic M2 receptor expressed in CHO cell membranes after 2 hrs by liquid scintillation counting method,B,Homo sapiens,,J Med Chem,2018.0,Muscarinic acetylcholine receptor M2,Ki,nM,6.1,362.52,4.31
CHEMBL85568,630.96,O=C(c1ccccc1)N(Cc1ccccc1)C1CCN(Cc2ccccc2)CC1,Scientific Literature,In vitro affinity for muscarinic M2 receptor.,B,,,Bioorg Med Chem Lett,2002.0,Muscarinic acetylcholine receptor M2,Ki,nM,6.2,384.52,4.99
CHEMBL82512,25.12,O=C(c1cccs1)N(c1ccc(Br)cc1)C1CCN(Cc2ccccc2)CC1,Scientific Literature,In vitro affinity for muscarinic M2 receptor.,B,,,Bioorg Med Chem Lett,2002.0,Muscarinic acetylcholine receptor M2,Ki,nM,7.6,455.42,5.82
CHEMBL82754,3600.0,O=C(OC1CC2CCCC1N2)C1CCCCC1,Scientific Literature,Inhibition of [3H]- quinuclidinyl benzilate binding to human Muscarinic acetylcholine receptor M2 expressed in CHO cell membrane,B,Homo sapiens,,J Med Chem,2000.0,Muscarinic acetylcholine receptor M2,Ki,nM,5.44,237.34,2.39
CHEMBL2441752,100000.0,CN1C[C@@H](C[N+](C)(C)C)OC1=O,Scientific Literature,Displacement of [3H]NMS from human muscarinic M2 receptor expressed in CHO cells,B,Homo sapiens,,Bioorg Med Chem Lett,2013.0,Muscarinic acetylcholine receptor M2,Ki,nM,,173.24,0.14
CHEMBL4647816,1905.46,C[N+](C)(C)C[C@@H]1CO[C@@H](c2ccccc2)[C@H](c2ccccc2)O1.[I-],Scientific Literature,Displacement of [3H]NMS from human recombinant muscarinic receptor M2 expressed in CHO-K1 cell membranes incubated for 2 hrs by scintillation counting method,B,Homo sapiens,,J Med Chem,2020.0,Muscarinic acetylcholine receptor M2,Ki,nM,5.72,439.34,3.59
CHEMBL219118,63.1,COc1nsc(OCCCOCCCOCCCOc2nsnc2-c2cccnc2)n1,Scientific Literature,Inhibition of [3H](R)-QNB binding to human M2 receptor expressed in A9 L cells,B,Homo sapiens,,J Med Chem,2006.0,Muscarinic acetylcholine receptor M2,Ki,nM,7.2,467.57,3.12
CHEMBL163658,0.8,C[C@@H]1CN(C2CCN(S(=O)(=O)c3ccccc3)CC2)CCN1[C@@H](C)c1ccc(S(=O)(=O)c2ccc3c(c2)OCO3)cc1,Scientific Literature,Binding affinity against human cloned Muscarinic acetylcholine receptor M2.,B,,,Bioorg Med Chem Lett,2002.0,Muscarinic acetylcholine receptor M2,Ki,nM,9.1,611.79,4.17
CHEMBL397083,10000.0,Cc1cc(OCC#CCN2CCCC2)no1.O=C(O)/C=C/C(=O)O,Scientific Literature,Displacement of [3H]QNB from human muscarinic M2 receptor expressed in CHO cells,B,Homo sapiens,,Bioorg Med Chem,2007.0,Muscarinic acetylcholine receptor M2,Ki,nM,,336.34,1.46
CHEMBL4516342,0.18,O=C(OC1C[N+]2(CCCc3ccc(C(F)(F)F)cc3)CCC1CC2)C(O)(c1ccccc1)c1ccccc1.[Br-],Scientific Literature,Displacement of [3H]NMS from human M2R expressed in CHOK1 cell membranes incubated for 2 hrs by microbeta scintillation counting method,B,Homo sapiens,,Bioorg Med Chem,2019.0,Muscarinic acetylcholine receptor M2,Ki,nM,9.74,604.51,5.73
CHEMBL358726,70.0,Cc1cccc(CN2CCC(NC(=O)C(O)(c3ccccc3)C3CCCC3)CC2)c1,Scientific Literature,Inhibition of [3H]NMS binding to human muscarinic acetylcholine receptor M2 expressed in CHO cells,B,,,J Med Chem,2000.0,Muscarinic acetylcholine receptor M2,Ki,nM,7.16,406.57,4.15
CHEMBL356305,24.0,Cc1cc(CN2CCC(NC(=O)C(O)(c3ccccc3)C3CCCC3)CC2)cs1,Scientific Literature,Inhibition of [3H]NMS binding to human muscarinic acetylcholine receptor M2 expressed in CHO cells,B,,,J Med Chem,2000.0,Muscarinic acetylcholine receptor M2,Ki,nM,7.62,412.6,4.22
CHEMBL85996,19.95,O=C(c1ccc(Cl)cc1)N(c1ccc(Br)cc1)C1CCN(Cc2ccccc2)CC1,Scientific Literature,In vitro affinity for muscarinic M2 receptor.,B,,,Bioorg Med Chem Lett,2002.0,Muscarinic acetylcholine receptor M2,Ki,nM,7.7,483.84,6.41
CHEMBL4060823,2000.0,C[N+](C)(C)CCc1ccc2c(c1)OCC2.O=C[O-],Scientific Literature,Displacement of [3H]N-methyl-scopolamine from human recombinant muscarinic M2 receptor expressed in CHO-FlpIn cells after 6 hrs by liquid scintillation counting method,B,Homo sapiens,,J Med Chem,2017.0,Muscarinic acetylcholine receptor M2,Ki,nM,5.7,251.33,1.87
CHEMBL345985,14000.0,O=C(NC1CCN(CC2CCCC2)CC1)C(O)(c1ccccc1)C1CCCC1,Scientific Literature,Inhibition of [3H]NMS binding to human muscarinic acetylcholine receptor M2 expressed in CHO cells,B,,,J Med Chem,2000.0,Muscarinic acetylcholine receptor M2,Ki,nM,4.85,384.56,3.84
CHEMBL145913,37.0,O=C(NC1CCN(Cc2cccc(O)c2)CC1)[C@](O)(c1ccccc1)[C@@H]1CCC(F)(F)C1,Scientific Literature,Inhibition of [3H]NMS binding to human muscarinic acetylcholine receptor M2 expressed in CHO cells,B,,,J Med Chem,2000.0,Muscarinic acetylcholine receptor M2,Ki,nM,7.43,444.52,3.8
CHEMBL21508,15135.61,CN(C)CCC1=C/C(=C\c2cccnc2)c2ccccc21,Scientific Literature,Affinity for Muscarinic acetylcholine receptor M2 expressed in CHO cells by [3H]NMS displacement.,B,,,Bioorg Med Chem Lett,2001.0,Muscarinic acetylcholine receptor M2,Ki,nM,4.82,276.38,3.97
CHEMBL278129,10471.29,CN(C)CCOC(=O)C1=C/C(=C\c2ccncc2)c2ccccc21,Scientific Literature,Affinity for Muscarinic acetylcholine receptor M2 expressed in CHO cells by [3H]NMS displacement.,B,,,Bioorg Med Chem Lett,2001.0,Muscarinic acetylcholine receptor M2,Ki,nM,4.98,320.39,3.12
CHEMBL169680,6760.83,CN(C)CCC1=C(Cc2ccncc2)c2ccccc2C1,Scientific Literature,Binding affinity towards cloned human muscarinic acetylcholine receptor M2 stably expressed in CHO-K1 cells using [3H]N-methylscopolamine,B,,,J Med Chem,2003.0,Muscarinic acetylcholine receptor M2,Ki,nM,5.17,278.4,3.59
CHEMBL234257,12.0,CN(C)C1(CNCC2CCCCC2)COc2ccccc2OC1,Scientific Literature,Displacement of 1-[N-methyl- 3H]scopolamine from human muscarinic M2 receptor expressed in Sf9 cells,B,Homo sapiens,,Bioorg Med Chem Lett,2007.0,Muscarinic acetylcholine receptor M2,Ki,nM,7.92,318.46,2.93
CHEMBL234252,90.0,CN(C)C1(CNCCc2ccccc2)COc2ccccc2OC1,Scientific Literature,Displacement of 1-[N-methyl- 3H]scopolamine from human muscarinic M2 receptor expressed in Sf9 cells,B,Homo sapiens,,Bioorg Med Chem Lett,2007.0,Muscarinic acetylcholine receptor M2,Ki,nM,7.05,326.44,2.59
CHEMBL422665,330.0,Nc1cccc(CN2CCC(NC(=O)[C@](O)(c3ccccc3)[C@@H]3CCC(F)(F)C3)CC2)c1,Scientific Literature,Inhibition of [3H]NMS binding to human muscarinic acetylcholine receptor M2 expressed in CHO cells,B,,,J Med Chem,2000.0,Muscarinic acetylcholine receptor M2,Ki,nM,6.48,443.54,3.67
CHEMBL593443,17378.01,C[C@H]1CO[C@H](C[N+](C)(C)C)CO1.[I-],Scientific Literature,Displacement of [3H]NMS from human muscarinic M2 receptor expressed in CHO cells by microplate scintillation counting,B,Homo sapiens,,Bioorg Med Chem,2009.0,Muscarinic acetylcholine receptor M2,Ki,nM,4.76,301.17,0.5
CHEMBL69678,530.0,Nc1cccc(CN2CCC(NC(=O)[C@](O)(c3ccccc3)[C@@H]3CCC(F)(F)C3)CC2)n1,Scientific Literature,Binding affinity against human muscarinic acetylcholine receptor M2 in transfected CHO cells,B,,,Bioorg Med Chem Lett,2003.0,Muscarinic acetylcholine receptor M2,Ki,nM,6.28,444.53,3.07
CHEMBL74141,0.51,COc1ccc(S(=O)(=O)c2ccc(C3(C4CCN(C5CCN(C(=O)c6ccc(F)c7ccccc67)CC5)CC4)OCCO3)cc2)cc1,Scientific Literature,Antagonist activity at muscarinic M2 receptor (unknown origin) assessed as inhibition constant,B,Homo sapiens,,J Med Chem,2021.0,Muscarinic acetylcholine receptor M2,Ki,nM,9.29,658.79,6.04
CHEMBL1633,243.81,CN1CCC(=C2c3ccccc3CC(=O)c3sccc32)CC1.O=C(O)/C=C/C(=O)O,EUbOPEN Chemogenomic Library,"PDSP Secondary Binding target: CHRM2 - Compounds are tested at 10 uM concentration, plate are incubated at room temperature in the dark for 90 minutes. Reaction are stopped by vacuum filtration onto 0.3% polyethyleneimine soaked filter mats using Filtermate harvester. Scintillation cocktail is then melted onto microwave-dried filters on a hot plate and the radio activity is counted in Microbia counter. Compounds showing a minimum of 50% inhibition at 10 uM concentration are carried forward in this secondary binding assay to determine equilibrium binding affinity.",B,Homo sapiens,,,2024.0,Muscarinic acetylcholine receptor M2,Ki,nM,6.61,425.51,4.01
CHEMBL3359597,100000.0,C[C@@H]1OCCO[C@@H]1C[N+](C)(C)C.[I-],Scientific Literature,Displacement of [3H]NMS from human muscarinic M2 receptor transfected in CHO cells after 120 mins by scintillation counting analysis,B,Homo sapiens,,Bioorg Med Chem Lett,2014.0,Muscarinic acetylcholine receptor M2,Ki,nM,,301.17,0.5
CHEMBL28833,10000.0,CCCc1ccc(N2CCN(Cc3c[nH]c4ncccc34)CC2)cc1,Scientific Literature,Binding affinity to cloned Muscarinic acetylcholine receptor M2,B,,,Bioorg Med Chem Lett,2001.0,Muscarinic acetylcholine receptor M2,Ki,nM,,334.47,3.84
CHEMBL278074,331.13,O=C(OC1CN2CCC1CC2)C1=C/C(=C\c2ccncc2)c2ccccc21,Scientific Literature,Affinity for Muscarinic acetylcholine receptor M2 expressed in CHO cells by [3H]NMS displacement.,B,,,Bioorg Med Chem Lett,2001.0,Muscarinic acetylcholine receptor M2,Ki,nM,6.48,358.44,3.66
CHEMBL571341,60.26,CN1CCC[C@H]1c1ccc([C@](O)(c2ccccc2)C2CCCCC2)o1,Scientific Literature,Displacement of [3H]NMS from human cloned muscarinic M2 receptor expressed in CHO cells by scintillation counting,B,Homo sapiens,,J Med Chem,2010.0,Muscarinic acetylcholine receptor M2,Ki,nM,7.22,339.48,4.86
CHEMBL3121474,75.86,C[N+](C)(CC#CCOC1=NOCC1)CCCCCC[N+](C)(C)CCCN1C(=O)c2ccccc2C1=O.[Br-].[Br-],Scientific Literature,Displacement of [3H]-NMS from human muscarinic M2 W422A mutant expressed in Flp-In-CHO cells by liquid scintillation counting,B,Homo sapiens,,J Med Chem,2014.0,Muscarinic acetylcholine receptor M2,Ki,nM,7.12,658.48,3.14
CHEMBL569089,758.58,C[N+]1(C)CCC[C@H]1c1ccc([C@@](O)(c2ccccc2)C2CCCCC2)o1.[I-],Scientific Literature,Displacement of [3H]NMS from human cloned muscarinic M2 receptor expressed in CHO cells by scintillation counting,B,Homo sapiens,,J Med Chem,2010.0,Muscarinic acetylcholine receptor M2,Ki,nM,6.12,481.42,5.01
CHEMBL80251,6700.0,Cc1ncnc(C)c1C(=O)N1CCC(C)(N2CCN([C@@H](CCC(F)(F)F)c3ccc(C(F)(F)F)cc3)[C@@H](C)C2)CC1,Scientific Literature,Antagonistic activity against Muscarinic acetylcholine receptor M2,F,,,J Med Chem,2004.0,Muscarinic acetylcholine receptor M2,Ki,nM,,585.64,6.2
CHEMBL4079233,0.7079,CCC(=O)NC1CN(CCCCC2CCN(CC(=O)N3c4ccccc4NC(=O)c4ccccc43)CC2)CCN(CCCCC2CCN(CC(=O)N3c4ccccc4NC(=O)c4ccccc43)CC2)C1.O=C(O)C(F)(F)F.O=C(O)C(F)(F)F.O=C(O)C(F)(F)F.O=C(O)C(F)(F)F,Scientific Literature,Displacement of [3H]NMS from human muscarinic acetylcholine receptor M2 expressed in CHOK9 cells after 3 hrs by liquid scintillation counting assay,B,Homo sapiens,,J Med Chem,2017.0,Muscarinic acetylcholine receptor M2,Ki,nM,9.15,1406.33,8.12
CHEMBL51574,9.0,CC(C)NC(=O)c1ccc(CC2CCN(C3CCN(C(=O)c4ccc(F)c5c(F)cccc45)CC3)CC2)cc1,Scientific Literature,Binding affinity against cloned human muscarinic acetylcholine receptor M2.,B,,,Bioorg Med Chem Lett,2004.0,Muscarinic acetylcholine receptor M2,Ki,nM,8.05,533.66,5.82
CHEMBL263555,4750.0,CC[C@@H](c1ccc(C(F)(F)F)cc1)N1CCN(C2(C)CCN(C(=O)c3c(C)ncnc3C)CC2)C[C@@H]1C,Scientific Literature,Antagonistic activity against Muscarinic acetylcholine receptor M2,F,,,J Med Chem,2004.0,Muscarinic acetylcholine receptor M2,Ki,nM,5.32,517.64,5.26
CHEMBL354523,107.15,CCC(C1=C(CCN(C)C)Cc2cc(Cl)ccc21)c1ccccn1,Scientific Literature,Binding affinity towards cloned human muscarinic acetylcholine receptor M2 stably expressed in CHO-K1 cells using [3H]N-methylscopolamine,B,,,J Med Chem,2003.0,Muscarinic acetylcholine receptor M2,Ki,nM,6.97,340.9,5.19
CHEMBL69733,1258.93,COc1ccc(CCCN2CCC(CCC(=O)c3cc(Cl)c(N)c4c3OCCO4)CC2)cc1OC,Scientific Literature,Compound was evaluated for binding affinity against Muscarinic M2 receptor using radioligand binding assay,B,,,Bioorg Med Chem Lett,1995.0,Muscarinic acetylcholine receptor M2,Ki,nM,5.9,503.04,5.02
CHEMBL136027,15.85,COc1nsnc1OCCCCCCCCCCCCOc1nsnc1C1=CCCN(C)C1,Scientific Literature,Compound was tested for binding inhibition of [3H](R)-QNB to Muscarinic acetylcholine receptor M2 expressed in A9 L cells,B,,,J Med Chem,2003.0,Muscarinic acetylcholine receptor M2,Ki,nM,7.8,495.72,5.48
CHEMBL322251,250.0,Cc1cc[n+]([O-])c(C)c1C(=O)N1CCC(C)(N2CCN([C@@H](C)c3ccc(C(F)(F)F)cc3)[C@@H](C)C2)CC1,Scientific Literature,Binding affinity against muscarinic acetylcholine receptor M2,B,,,J Med Chem,2001.0,Muscarinic acetylcholine receptor M2,Ki,nM,6.6,518.62,4.72
CHEMBL285440,258.0,CN(C)CCCCOC(=O)C(C)(c1ccccc1)C1CCCCC1,Scientific Literature,Antimuscarinic potency and subset specificity was characterised by its inhibition of the [3H]NMS Binding to Muscarinic acetylcholine receptor M2 subtype,B,,,J Med Chem,1992.0,Muscarinic acetylcholine receptor M2,Ki,nM,6.59,331.5,4.41
CHEMBL73661,33.0,CC(c1ccc(S(=O)(=O)c2ccc(C(C)(C)C)cc2)cc1)N1CCN(C2CCCCC2)CC1,Scientific Literature,Binding affinity towards the cloned human Muscarinic acetylcholine receptor M2,B,,,Bioorg Med Chem Lett,2000.0,Muscarinic acetylcholine receptor M2,Ki,nM,7.48,468.71,5.83
CHEMBL71088,37.0,CC(c1ccc(S(=O)(=O)c2ccccc2)cc1)N1CCNCC1,Scientific Literature,Binding affinity towards the cloned human Muscarinic acetylcholine receptor M2,B,,,Bioorg Med Chem Lett,2000.0,Muscarinic acetylcholine receptor M2,Ki,nM,7.43,330.45,2.49
CHEMBL70464,5.0,COc1ccc([S+]([O-])c2ccc(C(N3CCN(C4CCCCC4)CC3)C(F)(F)F)cc2)cc1,Scientific Literature,Binding affinity towards the cloned human Muscarinic acetylcholine receptor M2,B,,,Bioorg Med Chem Lett,2000.0,Muscarinic acetylcholine receptor M2,Ki,nM,8.3,480.6,5.42
CHEMBL88078,199.53,O=C(c1cccs1)N(c1ccccc1)C1CCN(Cc2ccccc2)CC1,Scientific Literature,In vitro affinity for muscarinic M2 receptor.,B,,,Bioorg Med Chem Lett,2002.0,Muscarinic acetylcholine receptor M2,Ki,nM,6.7,376.52,5.06
CHEMBL373994,302.0,O=C1NC(c2ccccc2)(c2ccccc2)CN1C1CCN(Cc2cccc(F)c2)CC1,Scientific Literature,Displacement of [3H]N-methyl-scopolamine from human muscarinic M2 receptor expressed in CHO K1 cells,B,Homo sapiens,,J Med Chem,2007.0,Muscarinic acetylcholine receptor M2,Ki,nM,6.52,429.54,4.76
CHEMBL221660,302.0,O=C1NC(c2ccccc2)(c2ccccc2)CN1C1CCN(Cc2cccnc2)CC1,Scientific Literature,Displacement of [3H]N-methyl-scopolamine from human muscarinic M2 receptor expressed in CHO K1 cells,B,Homo sapiens,,J Med Chem,2007.0,Muscarinic acetylcholine receptor M2,Ki,nM,6.52,412.54,4.02
CHEMBL52203,221.0,CC(C)S(=O)(=O)c1ccc(CC2CCN(C3CCN(C(=O)c4ccc(F)c5ccccc45)CC3)CC2)cc1,Scientific Literature,Binding affinity for human Muscarinic acetylcholine receptor M2,B,Homo sapiens,,J Med Chem,2002.0,Muscarinic acetylcholine receptor M2,Ki,nM,6.66,536.71,5.72
CHEMBL67814,1200.0,O=C(N1CCNCC1)[C@](O)(c1ccccc1)[C@@H]1CCC(F)(F)C1,Scientific Literature,Binding affinity against human muscarinic acetylcholine receptor M2 in transfected CHO cells,B,,,Bioorg Med Chem Lett,2003.0,Muscarinic acetylcholine receptor M2,Ki,nM,5.92,324.37,1.74
CHEMBL68384,55.0,NCC=C1CCN(C(=O)[C@](O)(c2ccccc2)[C@@H]2CCC(F)(F)C2)CC1,Scientific Literature,Binding affinity against human muscarinic acetylcholine receptor M2 in transfected CHO cells,B,,,Bioorg Med Chem Lett,2003.0,Muscarinic acetylcholine receptor M2,Ki,nM,7.26,364.44,2.82
CHEMBL74352,0.5902,C=C(c1ccc(S(=O)(=O)c2ccc(OC)cc2)cc1)C1CCN(C2CCN(C(=O)OCCC)CC2)CC1,Scientific Literature,Binding affinity to muscarinic M2 receptor,B,Homo sapiens,,Bioorg Med Chem Lett,2007.0,Muscarinic acetylcholine receptor M2,Ki,nM,9.23,526.7,5.26
CHEMBL422326,169.0,Cc1ncnc(C)c1C(=O)N1CCC(C)(N2CCN([C@@H](C)c3ccc(I)cc3)[C@@H](C)C2)CC1,Scientific Literature,Binding affinity towards muscarinic receptor M2,B,,,Bioorg Med Chem Lett,2003.0,Muscarinic acetylcholine receptor M2,Ki,nM,6.77,561.51,4.46
CHEMBL2419490,9065.67,CCOC(=O)c1cc(C#N)c(N2CCC(C(=O)NS(=O)(=O)Cc3ccccc3)CC2)nc1C,EUbOPEN Chemogenomic Library,"PDSP Secondary Binding target: CHRM2 - Compounds are tested at 10 uM concentration, plate are incubated at room temperature in the dark for 90 minutes. Reaction are stopped by vacuum filtration onto 0.3% polyethyleneimine soaked filter mats using Filtermate harvester. Scintillation cocktail is then melted onto microwave-dried filters on a hot plate and the radio activity is counted in Microbia counter. Compounds showing a minimum of 50% inhibition at 10 uM concentration are carried forward in this secondary binding assay to determine equilibrium binding affinity.",B,Homo sapiens,,,2024.0,Muscarinic acetylcholine receptor M2,Ki,nM,5.04,470.55,2.3
CHEMBL67563,1.0,Cc1cccc(C)c1C(=O)N1CCC(N2CCN([C@@H](C)c3ccc(S(=O)(=O)c4ccc5c(c4)OCO5)cc3)CC2)CC1,Scientific Literature,Affinity for Muscarinic acetylcholine receptor M2,B,,,Bioorg Med Chem Lett,2001.0,Muscarinic acetylcholine receptor M2,Ki,nM,9.0,589.76,4.85
CHEMBL280684,7413.1,CN(C)CCOC(=O)C1=C/C(=C\c2cccnc2)c2ccccc21,Scientific Literature,Affinity for Muscarinic acetylcholine receptor M2 expressed in CHO cells by [3H]NMS displacement.,B,,,Bioorg Med Chem Lett,2001.0,Muscarinic acetylcholine receptor M2,Ki,nM,5.13,320.39,3.12
CHEMBL420255,5000.0,OC1(C2=CN3CCC2CC3)c2ccccc2-c2ccccc21,Scientific Literature,In vitro binding affinity towards muscarinic receptor in heart (M2) was determined,B,,,Bioorg Med Chem Lett,1994.0,Muscarinic acetylcholine receptor M2,Ki,nM,,289.38,3.51
CHEMBL69452,4100.0,CCO/C(O)=C1\CN2CC(CCC2COCc2ccccc2)C1=O,Scientific Literature,Binding affinity of compound was determined towards human Muscarinic acetylcholine receptor M2 using [3H]QNB radioligand,B,,,J Med Chem,2003.0,Muscarinic acetylcholine receptor M2,Ki,nM,5.39,331.41,2.67
CHEMBL4069313,4.9,C[N+](C)(C)CC#CCOC1=NOCC1.[I-],Scientific Literature,Displacement of [3H]N-methyl-scopolamine bromide from human recombinant muscarinic M2 receptor expressed in HEK293T cell membranes after 1 hr by liquid scintillation counting method,B,Homo sapiens,,J Med Chem,2017.0,Muscarinic acetylcholine receptor M2,Ki,nM,8.31,324.16,0.45
CHEMBL144385,99.0,C1=C(c2coc3ccccc23)C2CCN1CC2,Scientific Literature,Binding affinity for muscarinic acetylcholine receptor M2 by measuring displacement of [3H]QNB from guinea pig heart,B,Cavia porcellus,,J Med Chem,1995.0,Muscarinic acetylcholine receptor M2,Ki,nM,7.0,225.29,3.5
CHEMBL424214,38904.51,CN1CCN(C(=O)C2=C/C(=C\c3ccncc3)c3ccccc32)CC1,Scientific Literature,Affinity for Muscarinic acetylcholine receptor M2 expressed in CHO cells by [3H]NMS displacement.,B,,,Bioorg Med Chem Lett,2001.0,Muscarinic acetylcholine receptor M2,Ki,nM,4.41,331.42,2.79
CHEMBL352291,0.1,C[C@@H]1CN(C2CCN(C(=O)c3cccc4c3OCO4)CC2)CCN1[C@@H](C)c1ccc(S(=O)(=O)c2ccc3c(c2)OCO3)cc1,Scientific Literature,Binding affinity against human muscarinic acetylcholine receptor M2 using [3H]N-methylscopolamine as radioligand,B,,,Bioorg Med Chem Lett,2002.0,Muscarinic acetylcholine receptor M2,Ki,nM,10.0,619.74,4.35
CHEMBL352404,1023.29,COc1ccc2c(c1)C(C(C)c1ccccn1)=C(CCN(C)C)C2,Scientific Literature,Binding affinity towards cloned human muscarinic acetylcholine receptor M2 stably expressed in CHO-K1 cells using [3H]N-methylscopolamine,B,,,J Med Chem,2003.0,Muscarinic acetylcholine receptor M2,Ki,nM,5.99,322.45,4.16
CHEMBL343182,20000.0,C1COC(C2CN3CCC2CC3)C1,Scientific Literature,Binding affinity for muscarinic acetylcholine receptor M2 by measuring displacement of [3H]QNB from guinea pig heart,B,Cavia porcellus,,J Med Chem,1995.0,Muscarinic acetylcholine receptor M2,Ki,nM,,181.28,1.51
CHEMBL4091231,2398.83,O=C1CCc2ccccc2N1CCCN1CCC(c2ccccc2)CC1,Scientific Literature,Displacement of [3H]NMS from human muscarinic M2 receptor expressed in CHO cell membranes after 2 hrs by liquid scintillation counting method,B,Homo sapiens,,J Med Chem,2018.0,Muscarinic acetylcholine receptor M2,Ki,nM,5.62,348.49,4.24
CHEMBL112297,0.2291,CCCCCCCCCCCCCCCC(=O)OC[C@H](NC(=O)CNC(=O)CCCCCCCCCCCCC)C(=O)OCc1ccccc1,Scientific Literature,Ability to displace [3H]QNB from HM2 receptor binding to acetylcholine was evaluated by ligand inhibition assay,B,,,Bioorg Med Chem Lett,1999.0,Muscarinic acetylcholine receptor M2,Ki,nM,9.64,701.05,10.06
CHEMBL583027,13.49,C[N+]1(C)CCCC1c1ccc(C(c2ccccc2)c2ccccc2)o1.[I-],Scientific Literature,Displacement of [3H]NMS from human cloned muscarinic M2 receptor expressed in CHO cells by scintillation counting,B,Homo sapiens,,J Med Chem,2010.0,Muscarinic acetylcholine receptor M2,Ki,nM,7.87,459.37,5.37
CHEMBL256923,5495.41,CN(CCCN(C)CCCC(O)(c1ccccc1)c1ccccc1)CCCC(O)(c1ccccc1)c1ccccc1.Cl.Cl,Scientific Literature,Displacement of [3H]N-methylscopolamine from human muscarinic M2 receptor expressed in CHO-K1 cells,B,Homo sapiens,,Bioorg Med Chem Lett,2008.0,Muscarinic acetylcholine receptor M2,Ki,nM,5.26,623.71,6.67
CHEMBL402282,2290.87,C[N+]1(CCCC(O)(c2ccccc2)c2ccccc2)CCN(CCCC(O)(c2ccccc2)c2ccccc2)CC1.[I-],Scientific Literature,Displacement of [3H]N-methylscopolamine from human muscarinic M2 receptor expressed in CHO-K1 cells,B,Homo sapiens,,Bioorg Med Chem Lett,2008.0,Muscarinic acetylcholine receptor M2,Ki,nM,5.64,676.68,6.18
CHEMBL2449003,12.88,CN1[C@@H]2CC[C@H]1CC(OC(=O)[C@H](CO)c1ccccc1)C2,Scientific Literature,Displacement of [3H]-NMS from human muscarinic M2 Y104A mutant expressed in Flp-In-CHO cells by liquid scintillation counting,B,Homo sapiens,,J Med Chem,2014.0,Muscarinic acetylcholine receptor M2,Ki,nM,7.89,289.38,1.93
CHEMBL394137,0.66,CN(C)C1(CNCCC23CC4CC(CC(C4)C2)C3)COc2ccccc2OC1,Scientific Literature,Displacement of 1-[N-methyl- 3H]scopolamine from human muscarinic M2 receptor expressed in Sf9 cells,B,Homo sapiens,,Bioorg Med Chem Lett,2007.0,Muscarinic acetylcholine receptor M2,Ki,nM,9.18,384.56,3.95
CHEMBL234254,49.0,CN(C)C1(CNCCc2ccc(Cl)cc2)COc2ccccc2OC1,Scientific Literature,Displacement of 1-[N-methyl- 3H]scopolamine from human muscarinic M2 receptor expressed in Sf9 cells,B,Homo sapiens,,Bioorg Med Chem Lett,2007.0,Muscarinic acetylcholine receptor M2,Ki,nM,7.31,360.88,3.24
CHEMBL376295,158.49,COc1nsnc1OCCCOCCCOCCCOc1nsnc1-c1cccnc1,Scientific Literature,Inhibition of [3H](R)-QNB binding to human M2 receptor expressed in A9 L cells,B,Homo sapiens,,J Med Chem,2006.0,Muscarinic acetylcholine receptor M2,Ki,nM,6.8,467.57,3.12
CHEMBL69904,36000.0,O=C(N1CCC(CCN2CCCCC2)CC1)[C@](O)(c1ccccc1)[C@@H]1CCC(F)(F)C1,Scientific Literature,Binding affinity against human muscarinic acetylcholine receptor M2 in transfected CHO cells,B,,,Bioorg Med Chem Lett,2003.0,Muscarinic acetylcholine receptor M2,Ki,nM,4.44,434.57,4.42
CHEMBL242345,6.026,COc1ccccc1CNCCCCCCN1CCC(CCC2CCN(CCCCCCNCc3ccccc3OC)CC2)CC1,Scientific Literature,Displacement of [3H] N-methyl-scopolamine chloride from human muscarinic receptor M2 expressed in CHO cells,B,Homo sapiens,,Bioorg Med Chem,2007.0,Muscarinic acetylcholine receptor M2,Ki,nM,8.22,634.99,7.91
CHEMBL376781,187.0,O=C1NC(c2cccs2)(c2cccs2)CN1C1CCN(Cc2cccc(F)c2)CC1,Scientific Literature,Displacement of [3H]N-methyl-scopolamine from human muscarinic M2 receptor expressed in CHO K1 cells,B,Homo sapiens,,J Med Chem,2007.0,Muscarinic acetylcholine receptor M2,Ki,nM,6.73,441.6,4.88
CHEMBL221401,1141.0,O=C1NC(c2ccc(F)cc2)(c2ccc(F)cc2)CN1C1CCN(Cc2cccc(F)c2)CC1,Scientific Literature,Displacement of [3H]N-methyl-scopolamine from human muscarinic M2 receptor expressed in CHO K1 cells,B,Homo sapiens,,J Med Chem,2007.0,Muscarinic acetylcholine receptor M2,Ki,nM,5.94,465.52,5.04
CHEMBL223187,1681.0,O=C1NC(c2ccccc2)(c2ccccc2)CN1C1CCN(CCCc2ccccc2)CC1,Scientific Literature,Displacement of [3H]N-methyl-scopolamine from human muscarinic M2 receptor expressed in CHO K1 cells,B,Homo sapiens,,J Med Chem,2007.0,Muscarinic acetylcholine receptor M2,Ki,nM,5.77,439.6,5.05
CHEMBL337820,613.0,Cc1nc(C(F)(F)F)nc(C)c1C(=O)N1CCC(C)(N2CCN([C@@H](C)c3ccc(C(F)(F)F)cc3)[C@@H](C)C2)CC1,Scientific Literature,Binding affinity towards muscarinic receptor M2,B,,,Bioorg Med Chem Lett,2003.0,Muscarinic acetylcholine receptor M2,Ki,nM,6.21,571.61,5.89
CHEMBL51339,15.0,Cc1ccccc1C(=O)N1CCC(N2CCC(Cc3ccc(C(=O)NC4CCCCC4)cc3)CC2)CC1,Scientific Literature,Binding affinity against cloned human muscarinic acetylcholine receptor M2.,B,,,Bioorg Med Chem Lett,2004.0,Muscarinic acetylcholine receptor M2,Ki,nM,7.82,501.72,5.62
CHEMBL91232,1.02,CCCS(=O)(=O)N1CCC(N2CCC(C(=O)c3ccc(S(=O)(=O)c4ccc5c(c4)OCO5)cc3)CC2)CC1,Scientific Literature,Binding affinity at human cloned acetylcholine receptor M2 in CHO cells.,B,,,Bioorg Med Chem Lett,2000.0,Muscarinic acetylcholine receptor M2,Ki,nM,8.99,562.71,3.35
CHEMBL2441757,100000.0,C[N+](C)(C)C[C@H]1CNC(=O)O1,Scientific Literature,Displacement of [3H]NMS from human muscarinic M2 receptor expressed in CHO cells,B,Homo sapiens,,Bioorg Med Chem Lett,2013.0,Muscarinic acetylcholine receptor M2,Ki,nM,,159.21,-0.2
CHEMBL2042553,9.772,CN(C)C[C@H]1COCC(c2ccccc2)(c2ccccc2)O1.O=C(O)C(=O)O,Scientific Literature,Displacement of [3H]N-methylscopolamine from human muscarinic M2 receptor expressed in CHO cells after 120 mins by scintillation counting,B,Homo sapiens,,J Med Chem,2012.0,Muscarinic acetylcholine receptor M2,Ki,nM,8.01,387.43,2.91
CHEMBL2042551,79432.82,C[N+](C)(C)C[C@@H]1COC[C@@H](C(c2ccccc2)c2ccccc2)O1.[I-],Scientific Literature,Displacement of [3H]N-methylscopolamine from human muscarinic M2 receptor expressed in CHO cells after 120 mins by scintillation counting,B,Homo sapiens,,J Med Chem,2012.0,Muscarinic acetylcholine receptor M2,Ki,nM,4.1,453.36,3.31
CHEMBL83459,316.23,O=C(c1ccc([N+](=O)[O-])s1)N(c1ccc(Br)cc1)C1CCN(Cc2ccccc2)CC1,Scientific Literature,In vitro affinity for muscarinic M2 receptor.,B,,,Bioorg Med Chem Lett,2002.0,Muscarinic acetylcholine receptor M2,Ki,nM,6.5,500.42,5.73
CHEMBL75448,0.6,CC(c1ccc(S(=O)(=O)c2ccc(Cl)cc2)cc1)N1CCN(C2CCCCC2)CC1,Scientific Literature,Binding affinity towards the cloned human Muscarinic acetylcholine receptor M2,B,,,Bioorg Med Chem Lett,2000.0,Muscarinic acetylcholine receptor M2,Ki,nM,9.22,447.04,5.18
CHEMBL2111540,2.7,COc1ccc([S@@+]([O-])c2ccc(C(C#N)N3CCN(C4CCCCC4)CC3)cc2)cc1,Scientific Literature,Binding affinity towards the cloned human Muscarinic acetylcholine receptor M2,B,,,Bioorg Med Chem Lett,2000.0,Muscarinic acetylcholine receptor M2,Ki,nM,8.57,437.61,4.38
CHEMBL300845,9.0,Cc1ccccc1C(=O)N1CCC(N2CCC(C3(c4ccc(C(=O)NC(C)C)cc4)OCCO3)CC2)CC1,Scientific Literature,Binding affinity against cloned human muscarinic acetylcholine receptor M2.,B,,,Bioorg Med Chem Lett,2004.0,Muscarinic acetylcholine receptor M2,Ki,nM,8.05,519.69,4.35
CHEMBL355169,2.0,CCS(=O)(=O)N1CCC(N2CCC(Oc3ccc(S(=O)(=O)c4ccc5c(c4)OCO5)cc3)CC2)CC1,Scientific Literature,Binding affinity towards Muscarinic acetylcholine receptor M2 stably expressed in CHO-K1 cells using [3H]-QNB as radioligand,B,,,Bioorg Med Chem Lett,2001.0,Muscarinic acetylcholine receptor M2,Ki,nM,8.7,536.67,2.91
CHEMBL38423,20000.0,C[C@H]1CC2(CO1)CN1CCC2CC1,Scientific Literature,Compound was evaluated for its binding affinity against Muscarinic acetylcholine receptor M2 in guinea pig heart using (-)-[3H]-QNB as radioligand,B,Cavia porcellus,,J Med Chem,1992.0,Muscarinic acetylcholine receptor M2,Ki,nM,,181.28,1.51
CHEMBL435949,10000.0,COc1ccccc1N1CCN(Cc2c[nH]c3ncccc23)CC1,Scientific Literature,Binding affinity to cloned Muscarinic acetylcholine receptor M1,B,,,Bioorg Med Chem Lett,2001.0,Muscarinic acetylcholine receptor M2,Ki,nM,,322.41,2.89
CHEMBL359197,6400.0,O=C(NC1CCN(Cc2ccncc2)CC1)C(O)(c1ccccc1)C1CCCC1,Scientific Literature,Inhibition of [3H]NMS binding to human muscarinic acetylcholine receptor M2 expressed in CHO cells,B,,,J Med Chem,2000.0,Muscarinic acetylcholine receptor M2,Ki,nM,5.19,393.53,3.24
CHEMBL167816,0.3,C[C@@H]1CN(C2CCN(C(=O)c3sccc3Cl)CC2)CCN1[C@@H](C)c1ccc(S(=O)(=O)c2ccc3c(c2)OCO3)cc1,Scientific Literature,Binding affinity against human muscarinic acetylcholine receptor M2 using [3H]N-methylscopolamine as radioligand,B,,,Bioorg Med Chem Lett,2002.0,Muscarinic acetylcholine receptor M2,Ki,nM,9.52,616.21,5.33
CHEMBL291562,1148.15,C[C@@H]1OC(=O)[C@H]2C[C@H]3CCCC[C@H]3[C@H](C#C[C@H]3CCC[C@H](C)N3C)[C@@H]12,Scientific Literature,Binding affinity against human muscarine receptor (hM2) cloned in CHO cells,B,Homo sapiens,,Bioorg Med Chem Lett,2002.0,Muscarinic acetylcholine receptor M2,Ki,nM,5.94,343.51,3.87
CHEMBL112297,22387.21,CCCCCCCCCCCCCCCC(=O)OC[C@H](NC(=O)CNC(=O)CCCCCCCCCCCCC)C(=O)OCc1ccccc1,Scientific Literature,Ability to displace [3H]QNB from HM2 receptor binding to acetylcholine was evaluated by ligand inhibition assay,B,,,Bioorg Med Chem Lett,1999.0,Muscarinic acetylcholine receptor M2,Ki,nM,4.65,701.05,10.06
CHEMBL264442,760.0,Cc1cccc(C)c1C(=O)N1CCC(N2CCN([C@@H](C)c3ccc(Cc4ccc5c(c4)OCO5)cc3)[C@@H](C)C2)CC1,Scientific Literature,Affinity for Muscarinic acetylcholine receptor M2,B,,,Bioorg Med Chem Lett,2001.0,Muscarinic acetylcholine receptor M2,Ki,nM,6.12,553.75,5.99
CHEMBL4085150,930.0,COc1cccc2c1CC([N+](C)(C)C)CC2.[I-],Scientific Literature,Displacement of [3H]N-methyl-scopolamine bromide from human recombinant muscarinic M2 receptor expressed in HEK293T cell membranes after 1 hr by liquid scintillation counting method,B,Homo sapiens,,J Med Chem,2017.0,Muscarinic acetylcholine receptor M2,Ki,nM,6.03,347.24,2.26
CHEMBL4095626,14000.0,COc1cccc2c1CCC(C[N+](C)(C)C)C2.O=C[O-],Scientific Literature,Displacement of [3H]N-methyl-scopolamine bromide from human recombinant muscarinic M2 receptor expressed in HEK293T cell membranes after 1 hr by liquid scintillation counting method,B,Homo sapiens,,J Med Chem,2017.0,Muscarinic acetylcholine receptor M2,Ki,nM,4.85,279.38,2.51
CHEMBL4091032,39000.0,CN1CCC(COCc2cccnc2)C1,Scientific Literature,Displacement of [3H]N-methyl-scopolamine bromide from human recombinant muscarinic M2 receptor expressed in HEK293T cell membranes after 1 hr by liquid scintillation counting method,B,Homo sapiens,,J Med Chem,2017.0,Muscarinic acetylcholine receptor M2,Ki,nM,4.41,206.29,1.55
CHEMBL4099667,22000.0,COc1cccc(/C=C/C[N+](C)(C)C)c1.O=C[O-],Scientific Literature,Displacement of [3H]N-methyl-scopolamine bromide from human recombinant muscarinic M2 receptor expressed in HEK293T cell membranes after 1 hr by liquid scintillation counting method,B,Homo sapiens,,J Med Chem,2017.0,Muscarinic acetylcholine receptor M2,Ki,nM,4.66,251.33,2.41
CHEMBL553241,77624.71,C[C@H]1O[C@@H]([C@@H]2CCC[N+]2(C)C)C[S+]1[O-],Scientific Literature,Binding affinity to human cloned muscarinic M2 receptor expressed in CHO cells,B,Homo sapiens,,Bioorg Med Chem,2008.0,Muscarinic acetylcholine receptor M2,Ki,nM,4.11,218.34,0.72
CHEMBL3833319,5.0,CN(CCN1CCC(OC(=O)Nc2ccccc2-c2ccccc2)CC1)C(=O)c1ccc(CN2CCC(C(N)=O)CC2)cc1,SureChEMBL Patent Bioactivity Data,Antagonist activity at human recombinant M2 receptor expressed in CHO cell membranes assessed as inhibition of oxotremorine-stimulated [35S]GTPgammaS binding incubated for 60 mins by topcount liquid scintillation counting,F,Homo sapiens,,,2005.0,Muscarinic acetylcholine receptor M2,Ki,nM,,597.76,4.84
CHEMBL1200871,13.12,Cc1ccc(O)c([C@H](CCN(C(C)C)C(C)C)c2ccccc2)c1.O=C(O)[C@H](O)[C@@H](O)C(=O)O,EUbOPEN Chemogenomic Library,"PDSP Secondary Binding target: CHRM2 - Compounds are tested at 10 uM concentration, plate are incubated at room temperature in the dark for 90 minutes. Reaction are stopped by vacuum filtration onto 0.3% polyethyleneimine soaked filter mats using Filtermate harvester. Scintillation cocktail is then melted onto microwave-dried filters on a hot plate and the radio activity is counted in Microbia counter. Compounds showing a minimum of 50% inhibition at 10 uM concentration are carried forward in this secondary binding assay to determine equilibrium binding affinity.",B,Homo sapiens,,,2024.0,Muscarinic acetylcholine receptor M2,Ki,nM,7.88,475.58,5.34
CHEMBL298612,50118.72,Cn1cc(C(=O)C(=O)N[C@@H]2CN3CCC2CC3)c2ccccc21,Scientific Literature,Binding affinity against Muscarinic M2 receptor,B,Homo sapiens,,Bioorg Med Chem Lett,1995.0,Muscarinic acetylcholine receptor M2,Ki,nM,4.3,311.38,1.57
CHEMBL355851,39810.72,CN(C)CCNC(=O)C1=C(Cc2cccnc2)c2ccccc2C1,Scientific Literature,Binding affinity towards cloned human muscarinic acetylcholine receptor M2 stably expressed in CHO-K1 cells using [3H]N-methylscopolamine,B,,,J Med Chem,2003.0,Muscarinic acetylcholine receptor M2,Ki,nM,4.4,321.42,2.31
CHEMBL349720,0.6,C[C@@H]1CN(C2CCN(C(=O)c3ccccc3)CC2)CCN1[C@@H](C)c1ccc(S(=O)(=O)c2ccc3c(c2)OCO3)cc1,Scientific Literature,Binding affinity against human muscarinic acetylcholine receptor M2 using [3H]N-methylscopolamine as radioligand,B,,,Bioorg Med Chem Lett,2002.0,Muscarinic acetylcholine receptor M2,Ki,nM,9.22,575.73,4.62
CHEMBL3350063,100000.0,C[C@H]1O[C@@H]([C@H]2CCCN2C)C[S@+]1[O-],Scientific Literature,Binding affinity to cloned human muscarinic M2 receptor expressed in CHO cells,B,Homo sapiens,,J Med Chem,2006.0,Muscarinic acetylcholine receptor M2,Ki,nM,,203.31,0.57
CHEMBL282424,10000.0,Fc1ccccc1N1CCN(Cc2c[nH]c3ncccc23)CC1,Scientific Literature,Binding affinity to cloned Muscarinic acetylcholine receptor M1,B,,,Bioorg Med Chem Lett,2001.0,Muscarinic acetylcholine receptor M2,Ki,nM,,310.38,3.02
CHEMBL611476,71.2,CC1CCN(CC(=O)N2c3ccccc3C(=O)Nc3cccnc32)CC1,Scientific Literature,Compound was evaluated for displacement of [3H]-QNB from human Muscarinic m2 receptor in CHO cells.,B,,,Bioorg Med Chem Lett,1996.0,Muscarinic acetylcholine receptor M2,Ki,nM,7.15,350.42,3.04
CHEMBL307668,10000.0,O=C(NCOCCN1CCOCC1)C1(c2ccc(Cl)c(Cl)c2)CCCCC1,Scientific Literature,Binding affinity towards muscarinic m2 receptor,B,,,J Med Chem,1994.0,Muscarinic acetylcholine receptor M2,Ki,nM,,415.36,3.62
CHEMBL21937,41686.94,CN(C)CCNC(=O)C1=C/C(=C\c2ccccn2)c2ccccc21,Scientific Literature,Affinity for Muscarinic acetylcholine receptor M2 expressed in CHO cells by [3H]NMS displacement.,B,,,Bioorg Med Chem Lett,2001.0,Muscarinic acetylcholine receptor M2,Ki,nM,4.38,319.41,2.7
CHEMBL40554,3235.94,C[N+](C)(C)CC#CCOC(=O)Nc1cccc(Cl)c1,Scientific Literature,Displacement of [3H]NMS from human muscarinic M2 receptor expressed in CHO cells by liquid scintillation counter,B,Homo sapiens,,J Med Chem,2008.0,Muscarinic acetylcholine receptor M2,Ki,nM,5.49,281.76,2.6
CHEMBL170205,352.0,C[C@@H]1OC(=O)[C@H]2C[C@H]3CCCC[C@@H]3[C@@H](CCCN3CCCCC3)[C@@H]12,Scientific Literature,Binding affinity towards human muscarinic M2 receptor in CHO-KI cells using [3H]- QNB as radioligand,B,,,Bioorg Med Chem Lett,1999.0,Muscarinic acetylcholine receptor M2,Ki,nM,6.45,333.52,4.26
CHEMBL1258223,433.0,CCCCN1CCC(COC(=O)c2cc(Cl)c(NC)c3c2OCCO3)CC1,Scientific Literature,Binding affinity to human muscarinic M2 receptor,B,Homo sapiens,,J Med Chem,2010.0,Muscarinic acetylcholine receptor M2,Ki,nM,6.36,396.92,3.82
CHEMBL4448933,0.1995,Nc1ccccc1C(=O)N1CCC(N2CCC(Cc3ccc(S(=O)(=O)c4cccc(Cl)c4)cc3)CC2)CC1,Scientific Literature,Displacement of [3H]-QNB from human muscarinic M2 receptor expressed in stable CHO-K1 cells incubated for 120 mins by radioligand competition binding assay,B,Homo sapiens,,J Med Chem,2019.0,Muscarinic acetylcholine receptor M2,Ki,nM,9.7,552.14,5.31
CHEMBL1632158,2511.89,COC(=O)CCCCCN1CCC(CNC(=O)c2c3n(c4ccccc24)CCCO3)CC1,Scientific Literature,Binding affinity to muscarinic acetylcholine receptor M2,B,,,Bioorg Med Chem,2010.0,Muscarinic acetylcholine receptor M2,Ki,nM,5.6,441.57,3.6
CHEMBL318995,2187.76,CCCCc1[nH]c2ccc3c(c2c1C(=O)OCC)CN1CCc2cc(SC)ccc2C1O3,Scientific Literature,Inhibition of [3H]-NMS binding to human muscarinic acetylcholine receptor M2 in transfected CHO cells.,B,,,J Med Chem,2002.0,Muscarinic acetylcholine receptor M2,Ki,nM,5.66,450.6,5.86
CHEMBL2205833,10000.0,OC12C3C4CC5C6C4C1C6C(C53)N2Cc1cccnc1,Scientific Literature,Binding affinity to M2 muscarinic receptor,B,,,Bioorg Med Chem Lett,2012.0,Muscarinic acetylcholine receptor M2,Ki,nM,,266.34,1.34
CHEMBL2021477,5.37,CN(C)[C@H]1CCCC[C@@H]1N(C)CC(=O)N1c2ccccc2NC(=O)c2ccccc21.O=C(O)C(=O)O.O=C(O)C(=O)O,Scientific Literature,Displacement of [3H]N-methylscopolamine chloride from human cloned muscarinic M2 receptor expressed in CHOK1 cells,B,Homo sapiens,,Bioorg Med Chem,2008.0,Muscarinic acetylcholine receptor M2,Ki,nM,8.27,586.6,3.72
CHEMBL173950,500.0,C[C@@H]1OC(=O)[C@H]2C[C@H]3CCCC[C@@H]3[C@@H](CCCN3CCN[C@@H](C)C3)[C@@H]12,Scientific Literature,Binding affinity towards human muscarinic M2 receptor in CHO-KI cells using [3H]- QNB as radioligand,B,,,Bioorg Med Chem Lett,1999.0,Muscarinic acetylcholine receptor M2,Ki,nM,,348.53,3.06
CHEMBL368990,500.0,C[C@@H]1CN(CCC[C@@H]2[C@H]3CCCC[C@@H]3C[C@@H]3C(=O)O[C@@H](C)[C@H]23)CCN1,Scientific Literature,Binding affinity towards human muscarinic M2 receptor in CHO-KI cells using [3H]- QNB as radioligand,B,,,Bioorg Med Chem Lett,1999.0,Muscarinic acetylcholine receptor M2,Ki,nM,,348.53,3.06
CHEMBL423831,15.49,CN(C)CCC1=C(C(C)(C)c2ccccn2)c2ccccc2C1,Scientific Literature,Binding affinity towards cloned human muscarinic acetylcholine receptor M2 stably expressed in CHO-K1 cells using [3H]N-methylscopolamine,B,,,J Med Chem,2003.0,Muscarinic acetylcholine receptor M2,Ki,nM,7.81,306.45,4.32
CHEMBL163777,0.3,COc1ccc(S(=O)(=O)c2ccc([C@H](C)N3CCN(C4CCCCC4)C[C@H]3C)cc2)cc1,Scientific Literature,Binding affinity against human cloned Muscarinic acetylcholine receptor M2.,B,,,Bioorg Med Chem Lett,2002.0,Muscarinic acetylcholine receptor M2,Ki,nM,9.52,456.65,4.93
CHEMBL70860,0.45,C=C(c1ccc(S(=O)(=O)c2ccc(OC)cc2)cc1)C1CCN(C2CCN(C(=O)OCc3ccccc3)CC2)CC1,Scientific Literature,Binding affinity against Muscarinic acetylcholine receptor M2 stably expressed in CHO-K1 cells.,B,,,Bioorg Med Chem Lett,2000.0,Muscarinic acetylcholine receptor M2,Ki,nM,9.35,574.74,6.05
CHEMBL352607,16.0,COc1ccc(S(=O)(=O)c2ccc(C(C#N)N3CCN(C4CCCCC4)C[C@@H]3C)cc2)cc1,Scientific Literature,Binding affinity against human cloned Muscarinic acetylcholine receptor M2.,B,,,Bioorg Med Chem Lett,2002.0,Muscarinic acetylcholine receptor M2,Ki,nM,7.8,467.64,4.43
CHEMBL105160,4570.88,CCCCCCc1[nH]c2ccc3c(c2c1C(=O)OCC)CN1CCc2cc(OC)ccc2C1O3,Scientific Literature,Inhibition of [3H]-NMS binding to human muscarinic acetylcholine receptor M2 in transfected CHO cells.,B,,,J Med Chem,2002.0,Muscarinic acetylcholine receptor M2,Ki,nM,5.34,462.59,5.93
CHEMBL51096,2.4,CC(C)NC(=O)c1ccc(C2(C3CCN(C4CCN(C(=O)c5ccc(F)c6ccccc56)CC4)CC3)OCCO2)cc1,Scientific Literature,Binding affinity against cloned human muscarinic acetylcholine receptor M2.,B,,,Bioorg Med Chem Lett,2004.0,Muscarinic acetylcholine receptor M2,Ki,nM,8.62,573.71,5.33
CHEMBL74141,0.51,COc1ccc(S(=O)(=O)c2ccc(C3(C4CCN(C5CCN(C(=O)c6ccc(F)c7ccccc67)CC5)CC4)OCCO3)cc2)cc1,Scientific Literature,Binding affinity for human Muscarinic acetylcholine receptor M2,B,Homo sapiens,,J Med Chem,2002.0,Muscarinic acetylcholine receptor M2,Ki,nM,9.29,658.79,6.04
CHEMBL4636528,3.4,O=C(Nc1ccc(F)cc1-c1ccc(F)c(Cl)c1)OCC1CCNCC1,Scientific Literature,Displacement of [3H]N-methylscopolamine from human muscarinic M2 receptor expressed in human HEK293T cell membranes by radioligand competition binding based analysis,B,Homo sapiens,,J Med Chem,2022.0,Muscarinic acetylcholine receptor M2,Ki,nM,8.47,380.82,4.83
CHEMBL352723,912.01,CSc1ccc2c(c1)C(C(C)c1ccccn1)=C(CCN(C)C)C2,Scientific Literature,Binding affinity towards cloned human muscarinic acetylcholine receptor M2 stably expressed in CHO-K1 cells using [3H]N-methylscopolamine,B,,,J Med Chem,2003.0,Muscarinic acetylcholine receptor M2,Ki,nM,6.04,338.52,4.87
CHEMBL305026,0.8,Cc1cccc(C)c1C(=O)N1CCC(N2CCN([C@@H](C)c3ccc(S(=O)(=O)c4ccc5c(c4)OCO5)cc3)[C@H](C)C2)CC1,Scientific Literature,Binding affinity against human muscarinic acetylcholine receptor M2 using [3H]N-methylscopolamine as radioligand,B,,,Bioorg Med Chem Lett,2002.0,Muscarinic acetylcholine receptor M2,Ki,nM,9.1,603.79,5.24
CHEMBL978,59.0,CC(=O)OC(C)C[N+](C)(C)C,Scientific Literature,Inhibition of binding of [3H]quinuclidinyl benzilate to muscarinic receptors in membranes of CHO cells transfected with Muscarinic acetylcholine receptor M2,B,Homo sapiens,,J Med Chem,1998.0,Muscarinic acetylcholine receptor M2,Ki,nM,7.23,160.24,0.64
CHEMBL348667,164.0,Cc1ncnc(C)c1C(=O)N1CCC(C)(N2CCN([C@@H](C)c3ccc(C#N)cc3)[C@@H](C)C2)CC1,Scientific Literature,Binding affinity towards muscarinic receptor M2,B,,,Bioorg Med Chem Lett,2003.0,Muscarinic acetylcholine receptor M2,Ki,nM,6.79,460.63,3.73
CHEMBL4539799,1.6,O=C(OC1C[N+]2(CCCc3ccc(Br)cc3)CCC1CC2)C(O)(c1ccccc1)c1ccccc1.[Br-],Scientific Literature,Displacement of [3H]NMS from human M2R expressed in CHOK1 cell membranes incubated for 2 hrs by microbeta scintillation counting method,B,Homo sapiens,,Bioorg Med Chem,2019.0,Muscarinic acetylcholine receptor M2,Ki,nM,8.8,615.41,5.47
CHEMBL4088272,23988.33,CCCN1CCC=C(c2cc(-c3ccc(C)cc3)no2)C1,SARS-CoV-2 Screening Data,Activity of compound against Muscarinic acetylcholine receptor M2 (CHRM2) by displacement of 3H-QNB,B,Homo sapiens,,Nature,2020.0,Muscarinic acetylcholine receptor M2,Ki,nM,4.62,282.39,4.15
CHEMBL420008,1.14,C=C(c1ccc(S(=O)(=O)c2ccc(OC)cc2)cc1)C1CCN(C2CCNCC2)CC1,Scientific Literature,Binding affinity against Muscarinic acetylcholine receptor M2 stably expressed in CHO-K1 cells.,B,,,Bioorg Med Chem Lett,2000.0,Muscarinic acetylcholine receptor M2,Ki,nM,8.94,440.61,4.01
CHEMBL169401,263.03,CC(C1=C(CCCN(C)C)Cc2ccccc21)c1ccccn1,Scientific Literature,Binding affinity towards cloned human muscarinic acetylcholine receptor M2 stably expressed in CHO-K1 cells using [3H]N-methylscopolamine,B,,,J Med Chem,2003.0,Muscarinic acetylcholine receptor M2,Ki,nM,6.58,306.45,4.54
CHEMBL164385,77.0,Cc1cccnc1C(=O)N1CCC(N2CCN([C@@H](C)c3ccc(S(=O)(=O)c4ccc5c(c4)OCO5)cc3)[C@H](C)C2)CC1,Scientific Literature,Binding affinity against human muscarinic acetylcholine receptor M2 using [3H]N-methylscopolamine as radioligand,B,,,Bioorg Med Chem Lett,2002.0,Muscarinic acetylcholine receptor M2,Ki,nM,7.11,590.75,4.32
CHEMBL4854886,0.2692,CC(=O)N[C@@H](CCCN)C(=O)NC(=O)[C@H](C)NC(=O)[C@H](CCCNC(=N)N)NCCN1CCN(CCCC2CCN(CC(=O)N3c4ccccc4NC(=O)c4ccccc43)CC2)CC1.O=C(O)C(F)(F)F.O=C(O)C(F)(F)F.O=C(O)C(F)(F)F.O=C(O)C(F)(F)F.O=C(O)C(F)(F)F,Scientific Literature,Antagonist activity at human muscarinic acetylcholine receptor M2 expressed in human HEK293T cells coexpressing NlucN-mini-Gsi assessed as inhibition of iperoxo-induced mini-Gsi recruitment by measuring equilibrium binding constant by nano-luciferase technique,F,Homo sapiens,,Eur J Med Chem,2021.0,Muscarinic acetylcholine receptor M2,Ki,nM,9.57,1458.24,0.64
CHEMBL343236,1500.0,c1ccc2c(c1)CC(C1CN3CCC1CC3)O2,Scientific Literature,Binding affinity for muscarinic acetylcholine receptor M2 by measuring displacement of [3H]QNB from guinea pig heart,B,Cavia porcellus,,J Med Chem,1995.0,Muscarinic acetylcholine receptor M2,Ki,nM,5.82,229.32,2.33
CHEMBL4870729,45.71,CC(=O)N[C@H](CCCN)C(=O)NC(=O)[C@H](C)NC(=O)[C@H](CCCNC(=N)N)NCCN1CCN(C(=O)CCCC2CCN(CC(=O)N3c4ccccc4NC(=O)c4ccccc43)CC2)CC1.O=C(O)C(F)(F)F.O=C(O)C(F)(F)F.O=C(O)C(F)(F)F.O=C(O)C(F)(F)F,Scientific Literature,Displacement of [3H]-NMS from human muscarinic M2 receptor expressed in CHO cell membranes assessed as inhibition constant by radioligand competition analysis,B,Homo sapiens,,Eur J Med Chem,2021.0,Muscarinic acetylcholine receptor M2,Ki,nM,7.34,1372.23,0.56
CHEMBL197973,3161.0,COC1(C#CC(O)(Cc2ccccc2)Cc2ccccc2)CN2CCC1CC2,Scientific Literature,Binding affinity to human muscarinic M2 receptor,B,Homo sapiens,,Bioorg Med Chem Lett,2006.0,Muscarinic acetylcholine receptor M2,Ki,nM,5.5,375.51,3.32
CHEMBL3323286,2.512,C[N+](C)(C)CC#CCOC1=NOCC1.[Br-],Scientific Literature,Displacement of [3H]-NMS from wild-type human muscarinic M2 receptor expressed in Flp-In-CHO cells by liquid scintillation counting,B,Homo sapiens,,J Med Chem,2014.0,Muscarinic acetylcholine receptor M2,Ki,nM,8.6,277.16,0.45
CHEMBL3084679,12.59,CN1[C@@H]2CC[C@H]1C[C@@H](CC(CO)(c1ccccc1)c1ccccc1)C2,Scientific Literature,Displacement of [3H]N-methyl Scopolamine from human cloned muscarinic M2 receptor expressed in CHO cell membrane,B,Homo sapiens,,Bioorg Med Chem Lett,2009.0,Muscarinic acetylcholine receptor M2,Ki,nM,7.9,335.49,4.23
CHEMBL374989,1.66,C[N+]1(CCOc2ccccc2)CCC(N2CC(c3ccccc3)(c3ccccc3)NC2=O)C1,Scientific Literature,Displacement of [3H]N-methyl-scopolamine from human muscarinic M2 receptor expressed in CHOK1 cells,B,Homo sapiens,,J Med Chem,2007.0,Muscarinic acetylcholine receptor M2,Ki,nM,8.78,442.58,4.25
CHEMBL375277,520.0,CN1C(=O)N(C2CCN(Cc3ccccc3)CC2)CC1(c1ccccc1)c1ccccc1,Scientific Literature,Displacement of [3H]N-methyl-scopolamine from human muscarinic M2 receptor expressed in CHO K1 cells,B,Homo sapiens,,J Med Chem,2007.0,Muscarinic acetylcholine receptor M2,Ki,nM,6.28,425.58,4.96
CHEMBL221829,182.0,Nc1cccc(CN2CCC(N3CC(c4ccccc4)(c4ccccc4)NC3=O)CC2)c1,Scientific Literature,Displacement of [3H]N-methyl-scopolamine from human muscarinic M2 receptor expressed in CHO K1 cells,B,Homo sapiens,,J Med Chem,2007.0,Muscarinic acetylcholine receptor M2,Ki,nM,6.74,426.56,4.2
CHEMBL222388,225.0,Cc1cccc(CN2CCC(N3CC(c4ccccc4)(c4ccccc4)NC3=O)CC2)c1,Scientific Literature,Displacement of [3H]N-methyl-scopolamine from human muscarinic M2 receptor expressed in CHO K1 cells,B,Homo sapiens,,J Med Chem,2007.0,Muscarinic acetylcholine receptor M2,Ki,nM,6.65,425.58,4.93
CHEMBL223267,73.3,O=C1NC(c2ccccc2)(C2CCCCC2)CN1C1CCN(Cc2ccccc2)CC1,Scientific Literature,Displacement of [3H]N-methyl-scopolamine from human muscarinic M2 receptor expressed in CHO K1 cells,B,Homo sapiens,,J Med Chem,2007.0,Muscarinic acetylcholine receptor M2,Ki,nM,7.13,417.6,5.15
CHEMBL222259,0.8318,C[N+]1(C)CCC[C@@H]1[C@@H]1CS[C@@](c2ccccc2)(C2CCCCC2)O1.[I-],Scientific Literature,Binding affinity to human cloned muscarinic receptor M2 expressed in CHO cells,B,Homo sapiens,,J Med Chem,2007.0,Muscarinic acetylcholine receptor M2,Ki,nM,9.08,473.46,4.79
CHEMBL219825,4.467,CN1CCC[C@@H]1[C@@H]1CS[C@@](c2ccccc2)(C2CCCCC2)O1,Scientific Literature,Binding affinity to human cloned muscarinic receptor M2 expressed in CHO cells,B,Homo sapiens,,J Med Chem,2007.0,Muscarinic acetylcholine receptor M2,Ki,nM,8.35,331.53,4.65
CHEMBL493980,64.57,CN1CCC[C@H]1[C@H]1C[S+]([O-])[C@@](c2ccccc2)(C2CCCCC2)O1,Scientific Literature,Displacement of [3H]NMS from human muscarinic M2 receptor expressed in CHO cells,B,Homo sapiens,,Bioorg Med Chem,2008.0,Muscarinic acetylcholine receptor M2,Ki,nM,7.19,347.52,3.66
CHEMBL252258,280.0,CC(=O)N1C2C=C(CN3C4CCC3CC(NC(=O)Nc3cc(F)cc(C(F)(F)F)c3)C4)CC1CCC2,Scientific Literature,Inhibition of muscarinic M2 receptor,B,,,Bioorg Med Chem Lett,2008.0,Muscarinic acetylcholine receptor M2,Ki,nM,6.55,508.56,5.06
CHEMBL239438,10000.0,C(#CCN1CCc2ccccc21)COC1=NOCC1.Cl,Scientific Literature,Displacement of [3H]QNB from human muscarinic M2 receptor expressed in CHO cells,B,Homo sapiens,,Bioorg Med Chem,2007.0,Muscarinic acetylcholine receptor M2,Ki,nM,,292.77,1.8
CHEMBL541671,549.54,C[N+]1(C)CCC[C@H]1[C@H]1C[S+]([O-])[C@](c2ccccc2)(C2CCCCC2)O1.[I-],Scientific Literature,Displacement of [3H]NMS from human muscarinic M2 receptor expressed in CHO cells,B,Homo sapiens,,Bioorg Med Chem,2008.0,Muscarinic acetylcholine receptor M2,Ki,nM,6.26,489.46,3.81
CHEMBL239655,50.0,Cc1cc(OCC#CC[N+](C)(C)C)no1.[I-],Scientific Literature,Displacement of [3H]QNB from human muscarinic M2 receptor expressed in CHO cells,B,Homo sapiens,,Bioorg Med Chem,2007.0,Muscarinic acetylcholine receptor M2,Ki,nM,7.3,336.17,1.07
CHEMBL461088,77624.71,c1coc([C@H]2CCCN2)c1,Scientific Literature,Displacement of [3H]NMS from human muscarinic M2 receptor expressed in CHO cells by liquid scintillation counter,B,Homo sapiens,,J Med Chem,2008.0,Muscarinic acetylcholine receptor M2,Ki,nM,4.11,137.18,1.7
CHEMBL421113,0.2897,C=C(c1ccc(S(=O)(=O)c2ccc(OC)cc2)cc1)C1CCN(C2CCN(S(=O)(=O)CCC)CC2)CC1,Scientific Literature,Binding affinity to muscarinic M2 receptor,B,Homo sapiens,,Bioorg Med Chem Lett,2007.0,Muscarinic acetylcholine receptor M2,Ki,nM,9.54,546.76,4.46
CHEMBL2377388,281.5,CCN(CC)CCOC(=O)C(O)(c1ccccc1)c1c(C)cccc1C,Scientific Literature,Displacement of [3H] N-methylscopolamine from human muscarinic M2 receptor expressed in CHOK1 cells after 30 mins by scintillation counting analysis,B,Homo sapiens,,Bioorg Med Chem,2013.0,Muscarinic acetylcholine receptor M2,Ki,nM,6.55,355.48,3.42
CHEMBL165377,0.2,Cc1ccccc1C(=O)N1CCC(N2CCN([C@@H](C)c3ccc(S(=O)(=O)c4ccc5c(c4)OCO5)cc3)[C@H](C)C2)CC1,Scientific Literature,Binding affinity against human muscarinic acetylcholine receptor M2 using [3H]N-methylscopolamine as radioligand,B,,,Bioorg Med Chem Lett,2002.0,Muscarinic acetylcholine receptor M2,Ki,nM,9.7,589.76,4.93
CHEMBL2311547,100000.0,COc1ccc(CCOC(=O)C2=C(c3cccc(F)c3)CCN(C)C2)cc1OC,Scientific Literature,Displacement of [3H]NMS from human M2 muscarinic receptor expressed in CHO-K1 cells,B,Homo sapiens,,J Med Chem,2013.0,Muscarinic acetylcholine receptor M2,Ki,nM,,399.46,3.72
CHEMBL1180343,1100.0,CCN1CCC(c2ccccc2)=C(C(=O)OCCc2ccc(OC)cc2)C1,Scientific Literature,Displacement of [3H]NMS from human M2 muscarinic receptor expressed in CHO-K1 cells,B,Homo sapiens,,J Med Chem,2013.0,Muscarinic acetylcholine receptor M2,Ki,nM,5.96,365.47,3.96
CHEMBL357444,410.0,COc1ccccc1C1=CN2CCC1CC2,Scientific Literature,Binding affinity for muscarinic acetylcholine receptor M2 by measuring displacement of [3H]QNB from guinea pig heart,B,Cavia porcellus,,J Med Chem,1995.0,Muscarinic acetylcholine receptor M2,Ki,nM,6.39,215.3,2.76
CHEMBL170221,257.04,CC(C1=C(CCN(C)C)Cc2ccccc21)c1ccccc1,Scientific Literature,Binding affinity towards cloned human muscarinic acetylcholine receptor M2 stably expressed in CHO-K1 cells using [3H]N-methylscopolamine,B,,,J Med Chem,2003.0,Muscarinic acetylcholine receptor M2,Ki,nM,6.59,291.44,4.75
CHEMBL171102,229.09,CN(C)CCC1=C(C(c2ccccc2)c2ccccn2)c2ccccc2C1,Scientific Literature,Binding affinity towards cloned human muscarinic acetylcholine receptor M2 stably expressed in CHO-K1 cells using [3H]N-methylscopolamine,B,,,J Med Chem,2003.0,Muscarinic acetylcholine receptor M2,Ki,nM,6.64,354.5,5.18
CHEMBL170088,676.08,CCCC(C1=C(CCN(C)C)Cc2ccccc21)c1ccccn1,Scientific Literature,Binding affinity towards cloned human muscarinic acetylcholine receptor M2 stably expressed in CHO-K1 cells using [3H]N-methylscopolamine,B,,,J Med Chem,2003.0,Muscarinic acetylcholine receptor M2,Ki,nM,6.17,320.48,4.93
CHEMBL167027,1071.52,COc1ccc2c(c1)CC(CCN(C)C)=C2C(C)c1ccccn1,Scientific Literature,Binding affinity towards cloned human muscarinic acetylcholine receptor M2 stably expressed in CHO-K1 cells using [3H]N-methylscopolamine,B,,,J Med Chem,2003.0,Muscarinic acetylcholine receptor M2,Ki,nM,5.97,322.45,4.16
CHEMBL21716,323.59,O=C(OC1CN2CCC1CC2)C1=C/C(=C\c2ccccn2)c2ccccc21,Scientific Literature,Affinity for Muscarinic acetylcholine receptor M2 expressed in CHO cells by [3H]NMS displacement.,B,,,Bioorg Med Chem Lett,2001.0,Muscarinic acetylcholine receptor M2,Ki,nM,6.49,358.44,3.66
CHEMBL349497,0.03,C[C@@H]1CN(C2CCCCC2)CCN1[C@@H](C)c1ccc(S(=O)(=O)c2ccc3c(c2)OCO3)cc1,Scientific Literature,Binding affinity against human cloned Muscarinic acetylcholine receptor M2.,B,,,Bioorg Med Chem Lett,2002.0,Muscarinic acetylcholine receptor M2,Ki,nM,10.52,470.64,4.65
CHEMBL308566,0.11,C=C(c1ccc(S(=O)(=O)c2ccc(OC)cc2)cc1)C1CCN(C2CCN(C(=O)OCC)CC2)CC1,Scientific Literature,Binding affinity against Muscarinic acetylcholine receptor M2 stably expressed in CHO-K1 cells.,B,,,Bioorg Med Chem Lett,2000.0,Muscarinic acetylcholine receptor M2,Ki,nM,9.96,512.67,4.87
CHEMBL78131,0.81,COc1ccc(S(=O)(=O)c2ccc(C3(C4CCN(C5CCN(C(=O)c6cccc7cc(F)ccc67)CC5)CC4)OCCO3)cc2)cc1,Scientific Literature,Antagonistic activity against muscarinic acetylcholine receptor M2,F,,,Bioorg Med Chem Lett,2001.0,Muscarinic acetylcholine receptor M2,Ki,nM,9.09,658.79,6.04
CHEMBL2205836,666.0,COc1ccccc1CCN1C2C3C4CC5C6C4C2C6C1(O)C53,Scientific Literature,Binding affinity to M2 muscarinic receptor,B,,,Bioorg Med Chem Lett,2012.0,Muscarinic acetylcholine receptor M2,Ki,nM,6.18,309.41,2.0
CHEMBL184843,43.0,C[C@@H]1OC(=O)[C@H]2C[C@H]3CCCC[C@@H]3/C(=C/CC3CCC(C)(C)N3C)[C@@H]12,Scientific Literature,In vitro inhibitory activity against cloned human M2 muscarinic receptor,B,Homo sapiens,,Bioorg Med Chem Lett,2004.0,Muscarinic acetylcholine receptor M2,Ki,nM,7.37,345.53,4.56
CHEMBL4846447,190.55,CC(=O)N[C@H](CCCN)C(=O)NC(=O)[C@H](CCCNC(=N)N)NCCCC1CCN(CC(=O)N2c3ccccc3NC(=O)c3ccccc32)CC1.O=C(O)C(F)(F)F.O=C(O)C(F)(F)F.O=C(O)C(F)(F)F,Scientific Literature,Displacement of [3H]-NMS from human muscarinic M2 receptor expressed in CHO cell membranes assessed as inhibition constant by radioligand competition analysis,B,Homo sapiens,,Eur J Med Chem,2021.0,Muscarinic acetylcholine receptor M2,Ki,nM,6.72,1046.94,1.52
CHEMBL4863723,21.38,CC(=O)NC(=O)[C@H](CCCCN)NC(=O)[C@H](CCCNC(=N)N)NCCN1CCN(CC(=O)NC2CCN(CC(=O)N3c4ccccc4NC(=O)c4ccccc43)CC2)CC1.O=C(O)C(F)(F)F.O=C(O)C(F)(F)F.O=C(O)C(F)(F)F.O=C(O)C(F)(F)F.O=C(O)C(F)(F)F,Scientific Literature,Displacement of [3H]-NMS from human muscarinic M2 receptor expressed in CHO cell membranes assessed as inhibition constant by radioligand competition analysis,B,Homo sapiens,,Eur J Med Chem,2021.0,Muscarinic acetylcholine receptor M2,Ki,nM,7.67,1416.16,-0.39
CHEMBL4875268,40.74,CC(=O)NC(=O)[C@H](CCCCN)NC(=O)[C@H](C)NC(=O)[C@H](CCCNC(=N)N)NCCN1CCN(C(=O)CCC2CCN(CC(=O)N3c4ccccc4NC(=O)c4ccccc43)CC2)CC1.O=C(O)C(F)(F)F.O=C(O)C(F)(F)F.O=C(O)C(F)(F)F,Scientific Literature,Displacement of [3H]-NMS from human muscarinic M2 receptor expressed in CHO cell membranes assessed as inhibition constant by radioligand competition analysis,B,Homo sapiens,,Eur J Med Chem,2021.0,Muscarinic acetylcholine receptor M2,Ki,nM,7.39,1258.21,0.56
CHEMBL4856659,0.3162,CC(=O)N[C@H](CCCN)C(=O)NC(=O)[C@H](C)NC(=O)[C@H](CCNC(=N)N)NCCN1CCN(CCCC2CCN(CC(=O)N3c4ccccc4NC(=O)c4ccccc43)CC2)CC1.O=C(O)C(F)(F)F.O=C(O)C(F)(F)F.O=C(O)C(F)(F)F.O=C(O)C(F)(F)F.O=C(O)C(F)(F)F,Scientific Literature,Displacement of [3H]-NMS from human muscarinic M2 receptor expressed in CHO cell membranes assessed as inhibition constant by radioligand competition analysis,B,Homo sapiens,,Eur J Med Chem,2021.0,Muscarinic acetylcholine receptor M2,Ki,nM,9.5,1444.21,0.25
CHEMBL569712,17.38,C[N+]1(C)CCCC1c1ccc(C(c2ccccc2)C2CCCCC2)o1.[I-],Scientific Literature,Displacement of [3H]NMS from human cloned muscarinic M2 receptor expressed in CHO cells by scintillation counting,B,Homo sapiens,,J Med Chem,2010.0,Muscarinic acetylcholine receptor M2,Ki,nM,7.76,465.42,5.9
CHEMBL2312352,540.0,CN1CCC(c2ccccc2F)=C(C(=O)OCCc2ccc3c(c2)CCO3)C1,Scientific Literature,Displacement of [3H]NMS from human M2 muscarinic receptor expressed in CHO-K1 cells,B,Homo sapiens,,J Med Chem,2013.0,Muscarinic acetylcholine receptor M2,Ki,nM,6.27,381.45,3.64
CHEMBL274999,237.0,COc1cccc(Cl)c1C(=O)N1CCC(N2CCC(Cc3ccc(SC(C)C)cc3)CC2)CC1,Scientific Literature,Binding affinity against muscarinic acetylcholine receptor M2 stably expressed in CHO-K1 cells using [3H]-QNB as radioligand.,B,,,Bioorg Med Chem Lett,2002.0,Muscarinic acetylcholine receptor M2,Ki,nM,6.62,501.14,6.41
CHEMBL4457754,10000.0,C[C@@]12CN(c3ccccc3)c3ccccc3[C@@H]1CCN2,Scientific Literature,Displacement of [3H]-QNB/[3H]-NMS from human recombinant Muscarinic acetylcholine M2 receptor expressed in stable CHO cells after 90 mins by microbeta scintillation counting method,B,Homo sapiens,,ACS Med Chem Lett,2019.0,Muscarinic acetylcholine receptor M2,Ki,nM,,264.37,3.67
CHEMBL50927,6.0,CC(C)NC(=O)c1ccc(CC2CCN(C3CCN(C(=O)c4c[nH]c5ccccc45)CC3)CC2)cc1,Scientific Literature,Binding affinity against cloned human muscarinic acetylcholine receptor M2.,B,,,Bioorg Med Chem Lett,2004.0,Muscarinic acetylcholine receptor M2,Ki,nM,8.22,486.66,4.87
CHEMBL105457,1202.26,C[C@H]1OC[C@@H](C[N+](C)(C)C)O1,Scientific Literature,Binding affinity to human cloned muscarinic M2 receptor expressed in CHO cells,B,Homo sapiens,,Bioorg Med Chem,2008.0,Muscarinic acetylcholine receptor M2,Ki,nM,5.92,160.24,0.45
CHEMBL2426679,407.38,COc1ccc(CC(=O)N2CCC3(CC2)CN([C@H]2CCc4cc(-c5ncccn5)ccc42)C3)nc1,Scientific Literature,Displacement of N-methyl [3H]-scopolamine from recombinant human muscarinic acetylcholine receptor M2 expressed in CHO cells after 2 hrs by liquid scintillation counting,B,Homo sapiens,,Bioorg Med Chem Lett,2013.0,Muscarinic acetylcholine receptor M2,Ki,nM,6.39,469.59,3.7
CHEMBL2426669,2238.72,COc1ccc(CC(=O)N2CCC3(CC2)CN([C@@H](C)c2ccc(-c4ncccn4)cc2)C3)nc1,Scientific Literature,Displacement of N-methyl [3H]-scopolamine from recombinant human muscarinic acetylcholine receptor M2 expressed in CHO cells after 2 hrs by liquid scintillation counting,B,Homo sapiens,,Bioorg Med Chem Lett,2013.0,Muscarinic acetylcholine receptor M2,Ki,nM,5.65,457.58,3.78
CHEMBL2426668,7079.46,COCC(c1ccc(-c2ncccn2)cc1)N1CC2(CCN(C(=O)Cc3ccc(OC)cn3)CC2)C1,Scientific Literature,Displacement of N-methyl [3H]-scopolamine from recombinant human muscarinic acetylcholine receptor M2 expressed in CHO cells after 2 hrs by liquid scintillation counting,B,Homo sapiens,,Bioorg Med Chem Lett,2013.0,Muscarinic acetylcholine receptor M2,Ki,nM,5.15,487.6,3.4
CHEMBL2426686,38018.94,COc1ccc(CC(=O)N2CCC3(CC2)CN([C@@H]2CCc4cc(-n5nccn5)ccc42)C3)nc1,Scientific Literature,Displacement of N-methyl [3H]-scopolamine from recombinant human muscarinic acetylcholine receptor M2 expressed in CHO cells after 2 hrs by liquid scintillation counting,B,Homo sapiens,,Bioorg Med Chem Lett,2013.0,Muscarinic acetylcholine receptor M2,Ki,nM,,458.57,2.83
CHEMBL2042552,16.6,CN(C)CC1COCC(c2ccccc2)(c2ccccc2)O1.O=C(O)C(=O)O,Scientific Literature,Displacement of [3H]N-methylscopolamine from human muscarinic M2 receptor expressed in CHO cells after 120 mins by scintillation counting,B,Homo sapiens,,J Med Chem,2012.0,Muscarinic acetylcholine receptor M2,Ki,nM,7.78,387.43,2.91
CHEMBL2042407,28183.83,C[N+](C)(C)C[C@@H]1COC[C@H](C(c2ccccc2)c2ccccc2)O1.[I-],Scientific Literature,Displacement of [3H]N-methylscopolamine from human muscarinic M2 receptor expressed in CHO cells after 120 mins by scintillation counting,B,Homo sapiens,,J Med Chem,2012.0,Muscarinic acetylcholine receptor M2,Ki,nM,4.55,453.36,3.31
CHEMBL2042404,5.754,C[N+](C)(C)CC1COCC(c2ccccc2)(c2ccccc2)O1.[I-],Scientific Literature,Displacement of [3H]N-methylscopolamine from human muscarinic M2 receptor expressed in CHO cells after 120 mins by scintillation counting,B,Homo sapiens,,J Med Chem,2012.0,Muscarinic acetylcholine receptor M2,Ki,nM,8.24,439.34,3.05
CHEMBL4469848,8100.0,FC(F)(F)c1cc(Oc2nccc3occc23)ccc1-c1cccc2nccn12,Scientific Literature,Displacement of [3H]-QNB/[3H]-NMS from human muscarinic M2 receptor expressed in stable CHO cells after 90 mins by microbeta scintillation counting method,B,Homo sapiens,,J Med Chem,2019.0,Muscarinic acetylcholine receptor M2,Ki,nM,5.09,395.34,5.95
CHEMBL314493,820.0,CN1C2CCCC1C(OC(=O)OCC(Cl)(Cl)Cl)C2,Scientific Literature,Inhibition of [3H]- quinuclidinyl benzilate binding to human Muscarinic acetylcholine receptor M2 expressed in CHO cell membrane,B,Homo sapiens,,J Med Chem,2000.0,Muscarinic acetylcholine receptor M2,Ki,nM,6.09,316.61,3.14
CHEMBL4450188,0.49,O=C(OC1C[N+]2(CCCc3ccc(F)cc3)CCC1CC2)C(O)(c1ccccc1)c1ccccc1.[Br-],Scientific Literature,Displacement of [3H]NMS from human M2R expressed in CHOK1 cell membranes incubated for 2 hrs by microbeta scintillation counting method,B,Homo sapiens,,Bioorg Med Chem,2019.0,Muscarinic acetylcholine receptor M2,Ki,nM,9.31,554.5,4.85
CHEMBL4519930,0.11,O=C(OC1C[N+]2(CCCc3ccc(Cl)cc3)CCC1CC2)C(O)(c1ccccc1)c1ccccc1.[Br-],Scientific Literature,Displacement of [3H]NMS from human M2R expressed in CHOK1 cell membranes incubated for 2 hrs by microbeta scintillation counting method,B,Homo sapiens,,Bioorg Med Chem,2019.0,Muscarinic acetylcholine receptor M2,Ki,nM,9.96,570.96,5.36
CHEMBL170977,189.0,C[C@@H]1OC(=O)[C@H]2C[C@H]3CCCC[C@@H]3[C@@H](CCCN3CCSCC3)[C@@H]12,Scientific Literature,Binding affinity towards human muscarinic M2 receptor in CHO-KI cells using [3H]- QNB as radioligand,B,,,Bioorg Med Chem Lett,1999.0,Muscarinic acetylcholine receptor M2,Ki,nM,6.72,351.56,3.82
CHEMBL172969,283.0,CC1CCN(CCC[C@@H]2[C@H]3CCCC[C@@H]3C[C@@H]3C(=O)O[C@@H](C)[C@H]23)CC1,Scientific Literature,Binding affinity towards human muscarinic M2 receptor in CHO-KI cells using [3H]- QNB as radioligand,B,,,Bioorg Med Chem Lett,1999.0,Muscarinic acetylcholine receptor M2,Ki,nM,6.55,347.54,4.5
CHEMBL450463,15848.93,Cc1ccc([C@@H]2CCCN2C)o1,Scientific Literature,Displacement of [3H]NMS from human muscarinic M2 receptor expressed in CHO cells by liquid scintillation counter,B,Homo sapiens,,J Med Chem,2008.0,Muscarinic acetylcholine receptor M2,Ki,nM,4.8,165.24,2.35
CHEMBL259662,37153.52,C[C@H]1COC[C@@H](C[N+](C)(C)C)O1,Scientific Literature,Binding affinity to human cloned muscarinic M2 receptor expressed in CHO cells,B,Homo sapiens,,Bioorg Med Chem,2008.0,Muscarinic acetylcholine receptor M2,Ki,nM,4.43,174.26,0.5
CHEMBL409151,2.512,CO[C@]1(C#C[C@](O)(c2ccccc2)C2CCCCCC2)CN2CCC1CC2,Scientific Literature,Displacement of [3H]N-methylscopolamine from human recombinant muscarinic M2 receptor expressed in CHO cells,B,Homo sapiens,,Bioorg Med Chem Lett,2008.0,Muscarinic acetylcholine receptor M2,Ki,nM,8.6,367.53,3.96
CHEMBL371734,25.12,CO[C@]1(C#C[C@@](O)(c2ccccc2)C2CCCCC2)CN2CCC1CC2,Scientific Literature,Displacement of [3H]N-methylscopolamine from human recombinant muscarinic M2 receptor expressed in CHO cells,B,Homo sapiens,,Bioorg Med Chem Lett,2008.0,Muscarinic acetylcholine receptor M2,Ki,nM,7.6,353.51,3.57
CHEMBL4091934,14000.0,COc1cccc(CC[N+](C)(C)C)c1.O=C[O-],Scientific Literature,Displacement of [3H]N-methyl-scopolamine bromide from human recombinant muscarinic M2 receptor expressed in HEK293T cell membranes after 1 hr by liquid scintillation counting method,B,Homo sapiens,,J Med Chem,2017.0,Muscarinic acetylcholine receptor M2,Ki,nM,4.85,239.32,1.94
CHEMBL4070061,46000.0,CN1CCCC(OCc2cccnc2)C1,Scientific Literature,Displacement of [3H]N-methyl-scopolamine bromide from human recombinant muscarinic M2 receptor expressed in HEK293T cell membranes after 1 hr by liquid scintillation counting method,B,Homo sapiens,,J Med Chem,2017.0,Muscarinic acetylcholine receptor M2,Ki,nM,4.34,206.29,1.69
CHEMBL2335158,7943.28,Clc1cc(Cl)cc(N2CCNCC2)c1,Scientific Literature,Displacement of [3H]-NMS from recombinant muscarinic M2 receptor (unknown origin) expressed in CHOK1 cells after 60 mins by liquid scintillation counting analysis,B,Homo sapiens,,J Med Chem,2013.0,Muscarinic acetylcholine receptor M2,Ki,nM,5.1,231.13,2.4
CHEMBL2426675,870.96,COc1ccc(CC(=O)N2CCC3(CC2)CN(C2CCc4cc(-c5ncccn5)ccc42)C3)cc1,Scientific Literature,Displacement of N-methyl [3H]-scopolamine from recombinant human muscarinic acetylcholine receptor M2 expressed in CHO cells after 2 hrs by liquid scintillation counting,B,Homo sapiens,,Bioorg Med Chem Lett,2013.0,Muscarinic acetylcholine receptor M2,Ki,nM,6.06,468.6,4.31
CHEMBL3897499,10000.0,CCCN1CC[C@H]2c3cc4ccc(C(F)(F)F)cc4nc3[C@H](CC)[C@H]3CCC[C@@H]1[C@@H]32,Scientific Literature,Binding affinity to human M2 receptor expressed in CHO cells measured after 90 mins by radioligand binding assay,B,Homo sapiens,,Bioorg Med Chem Lett,2016.0,Muscarinic acetylcholine receptor M2,Ki,nM,,416.53,6.75
CHEMBL1910846,1.6,CC(C)(CCC(C(N)=O)(c1ccccc1)c1ccccc1)N1CC[C@H](Oc2ccccc2)C1,Scientific Literature,Displacement of [3H]-NMS from human recombinant M2 receptor expressed in CHO cells after 2 hrs by filter binding assay,B,Homo sapiens,,J Med Chem,2011.0,Muscarinic acetylcholine receptor M2,Ki,nM,8.8,442.6,5.17
CHEMBL1910856,0.137,CC(C)(CCC(C(N)=O)(c1ccccc1)c1ccccc1)N1CC(Oc2cccc(O)c2)C1,Scientific Literature,Displacement of [3H]-NMS from human recombinant M2 receptor expressed in CHO cells after 24 hrs by filter binding assay,B,Homo sapiens,,J Med Chem,2011.0,Muscarinic acetylcholine receptor M2,Ki,nM,9.86,444.58,4.49
CHEMBL1200623,104.0,CC[C@]1(O)CC[C@H]2[C@@H]3CCC4=CCCC[C@@H]4[C@H]3CC[C@@]21C,DrugMatrix,DRUGMATRIX: Muscarinic M2 radioligand binding (ligand: [3H] N-Methylscopolamine),B,,,,,Muscarinic acetylcholine receptor M2,Ki,nM,6.98,288.48,5.09
CHEMBL20732,12022.64,CN(C)CCOC(=O)C1=C/C(=C\c2ccccn2)c2ccccc21,Scientific Literature,Affinity for Muscarinic acetylcholine receptor M2 expressed in CHO cells by [3H]NMS displacement.,B,,,Bioorg Med Chem Lett,2001.0,Muscarinic acetylcholine receptor M2,Ki,nM,4.92,320.39,3.12
CHEMBL144434,330.0,Oc1ccccc1C1=CN2CCC1CC2,Scientific Literature,Binding affinity for muscarinic acetylcholine receptor M2 by measuring displacement of [3H]QNB from guinea pig heart,B,Cavia porcellus,,J Med Chem,1995.0,Muscarinic acetylcholine receptor M2,Ki,nM,6.48,201.27,2.46
CHEMBL219786,0.955,C[N+]1(C)CCC[C@H]1[C@H]1CS[C@@](c2ccccc2)(C2CCCCC2)O1.[I-],Scientific Literature,Binding affinity to human cloned muscarinic receptor M2 expressed in CHO cells,B,Homo sapiens,,J Med Chem,2007.0,Muscarinic acetylcholine receptor M2,Ki,nM,9.02,473.46,4.79
CHEMBL69678,530.0,Nc1cccc(CN2CCC(NC(=O)[C@](O)(c3ccccc3)[C@@H]3CCC(F)(F)C3)CC2)n1,Scientific Literature,Inhibition of [3H]NMS binding to human muscarinic acetylcholine receptor M2 expressed in CHO cells,B,,,J Med Chem,2000.0,Muscarinic acetylcholine receptor M2,Ki,nM,6.28,444.53,3.07
CHEMBL3323281,2.818,CC(C)(CN1C(=O)c2cccc3cccc(c23)C1=O)C[N+](C)(C)CCCCCC[N+]1(C)[C@@H]2CC[C@@H]1CC(OC(=O)C(CO)c1ccccc1)C2.[Br-].[Br-],Scientific Literature,Displacement of [3H]-NMS from wild-type human muscarinic M2 receptor expressed in Flp-In-CHO cells by liquid scintillation counting,B,Homo sapiens,,J Med Chem,2014.0,Muscarinic acetylcholine receptor M2,Ki,nM,8.55,843.74,6.56
CHEMBL2441760,100000.0,CN1CCC[C@H]1[C@@H]1COC(=O)N1,Scientific Literature,Displacement of [3H]NMS from human muscarinic M2 receptor expressed in CHO cells,B,Homo sapiens,,Bioorg Med Chem Lett,2013.0,Muscarinic acetylcholine receptor M2,Ki,nM,,170.21,0.19
CHEMBL2426689,21877.62,Cc1ccc(CC(=O)N2CCC3(CC2)CN([C@@H]2CCc4cc(-n5nccn5)ccc42)C3)nc1,Scientific Literature,Displacement of N-methyl [3H]-scopolamine from recombinant human muscarinic acetylcholine receptor M2 expressed in CHO cells after 2 hrs by liquid scintillation counting,B,Homo sapiens,,Bioorg Med Chem Lett,2013.0,Muscarinic acetylcholine receptor M2,Ki,nM,4.66,442.57,3.13
CHEMBL2426687,67608.3,COc1ccc(CC(=O)N2CCC3(CC2)CN([C@@H]2CCc4cc(-c5ncc(C)cn5)ccc42)C3)nc1,Scientific Literature,Displacement of N-methyl [3H]-scopolamine from recombinant human muscarinic acetylcholine receptor M2 expressed in CHO cells after 2 hrs by liquid scintillation counting,B,Homo sapiens,,Bioorg Med Chem Lett,2013.0,Muscarinic acetylcholine receptor M2,Ki,nM,,483.62,4.01
CHEMBL2426685,67608.3,CCc1cnc(-c2ccc3c(c2)CC[C@H]3N2CC3(CCN(C(=O)Cc4ccc(OC)cn4)CC3)C2)nc1,Scientific Literature,Displacement of N-methyl [3H]-scopolamine from recombinant human muscarinic acetylcholine receptor M2 expressed in CHO cells after 2 hrs by liquid scintillation counting,B,Homo sapiens,,Bioorg Med Chem Lett,2013.0,Muscarinic acetylcholine receptor M2,Ki,nM,,497.64,4.26
CHEMBL223188,629.0,O=C1N(C2CCN(Cc3ccccc3)CC2)CC(c2ccccc2)N1Cc1ccccc1,Scientific Literature,Displacement of [3H]N-methyl-scopolamine from human muscarinic M2 receptor expressed in CHO K1 cells,B,Homo sapiens,,J Med Chem,2007.0,Muscarinic acetylcholine receptor M2,Ki,nM,6.2,425.58,5.33
CHEMBL225074,695.0,COc1cccc(CN2CCC(N3CC(c4ccccc4)(c4ccccc4)NC3=O)CC2)c1,Scientific Literature,Displacement of [3H]N-methyl-scopolamine from human muscarinic M2 receptor expressed in CHO K1 cells,B,Homo sapiens,,J Med Chem,2007.0,Muscarinic acetylcholine receptor M2,Ki,nM,6.16,441.58,4.63
CHEMBL269280,296.0,O=C1NC(c2ccccc2)(c2ccccc2)CN1C1CCN(Cc2ccc(Cl)cc2)CC1,Scientific Literature,Displacement of [3H]N-methyl-scopolamine from human muscarinic M2 receptor expressed in CHO K1 cells,B,Homo sapiens,,J Med Chem,2007.0,Muscarinic acetylcholine receptor M2,Ki,nM,6.53,445.99,5.27
CHEMBL222874,1014.0,C[N+]1(CC(=O)c2cccnc2)CC[C@@H](N2CC(c3ccc(F)cc3)(c3ccc(F)cc3)NC2=O)C1,Scientific Literature,Displacement of [3H]N-methyl-scopolamine from human muscarinic M2 receptor expressed in CHOK1 cells,B,Homo sapiens,,J Med Chem,2007.0,Muscarinic acetylcholine receptor M2,Ki,nM,5.99,477.54,3.73
CHEMBL222917,552.0,COCC[N+]1(CCOc2ccccc2)CCC(N2CC(c3ccccc3)(c3ccccc3)NC2=O)C1,Scientific Literature,Displacement of [3H]N-methyl-scopolamine from human muscarinic M2 receptor expressed in CHOK1 cells,B,Homo sapiens,,J Med Chem,2007.0,Muscarinic acetylcholine receptor M2,Ki,nM,6.26,486.64,4.27
CHEMBL222916,1152.0,N#CC[N+]1(CCOc2ccccc2)CCC(N2CC(c3ccccc3)(c3ccccc3)NC2=O)C1,Scientific Literature,Displacement of [3H]N-methyl-scopolamine from human muscarinic M2 receptor expressed in CHOK1 cells,B,Homo sapiens,,J Med Chem,2007.0,Muscarinic acetylcholine receptor M2,Ki,nM,5.94,467.59,4.15
CHEMBL222090,862.0,C[N+]1(C)CCC(N2CC(c3ccccc3)(c3ccccc3)NC2=O)C1,Scientific Literature,Displacement of [3H]N-methyl-scopolamine from human muscarinic M2 receptor expressed in CHOK1 cells,B,Homo sapiens,,J Med Chem,2007.0,Muscarinic acetylcholine receptor M2,Ki,nM,6.06,336.46,2.8
CHEMBL373888,39.81,COc1nsnc1OCCOCCOc1nsnc1C1=CCCN(C)C1,Scientific Literature,Inhibition of [3H](R)-QNB binding to human M2 receptor expressed in A9 L cells,B,Homo sapiens,,J Med Chem,2006.0,Muscarinic acetylcholine receptor M2,Ki,nM,7.4,399.5,1.59
CHEMBL385328,2.754,CN1CCC[C@H]1[C@H]1CS[C@@](c2ccccc2)(C2CCCCC2)O1,Scientific Literature,Binding affinity to human cloned muscarinic receptor M2 expressed in CHO cells,B,Homo sapiens,,J Med Chem,2007.0,Muscarinic acetylcholine receptor M2,Ki,nM,8.56,331.53,4.65
CHEMBL141699,255.0,Cc1c[n+]([O-])cc(C)c1C(=O)N1CCC(C)(N2CCN([C@@H](C)c3ccc(C(F)(F)F)cc3)[C@@H](C)C2)CC1,Scientific Literature,Binding affinity towards muscarinic receptor M2,B,,,Bioorg Med Chem Lett,2003.0,Muscarinic acetylcholine receptor M2,Ki,nM,6.59,518.62,4.72
CHEMBL42,100.0,CN1CCN(C2=Nc3cc(Cl)ccc3Nc3ccccc32)CC1,Scientific Literature,Binding affinity to M2 receptor (unknown origin) by PDSP assay,B,Homo sapiens,,Medchemcomm,2012.0,Muscarinic acetylcholine receptor M2,Ki,nM,7.0,326.83,3.72
CHEMBL3323286,257.04,C[N+](C)(C)CC#CCOC1=NOCC1.[Br-],Scientific Literature,Displacement of [3H]-NMS from human muscarinic M2 Y104A mutant expressed in Flp-In-CHO cells by liquid scintillation counting,B,Homo sapiens,,J Med Chem,2014.0,Muscarinic acetylcholine receptor M2,Ki,nM,6.59,277.16,0.45
CHEMBL3323284,3.311,CC(C)(CN1C(=O)c2cccc3cccc(c23)C1=O)C[N+](C)(C)CCCCCC[N+]1(C)[C@@H]2C[C@H](OC(=O)[C@H](CO)c3ccccc3)C[C@H]1[C@@H]1O[C@@H]12.[Br-].[Br-],Scientific Literature,Displacement of [3H]-NMS from human muscarinic M2 Y177Q/T423H mutant expressed in Flp-In-CHO cells by liquid scintillation counting,B,Homo sapiens,,J Med Chem,2014.0,Muscarinic acetylcholine receptor M2,Ki,nM,8.48,857.73,5.55
CHEMBL12112,256.0,CC(C)Sc1ccc(CC2CCN(C3CCN(C(=O)c4cnnc5ccccc45)CC3)CC2)cc1,Scientific Literature,Binding affinity against muscarinic acetylcholine receptor M2 stably expressed in CHO-K1 cells using [3H]-QNB as radioligand.,B,,,Bioorg Med Chem Lett,2002.0,Muscarinic acetylcholine receptor M2,Ki,nM,6.59,488.7,5.69
CHEMBL164705,0.03,C[C@@H]1CN(C2CCCCC2)CCN1[C@H](C)c1ccc(S(=O)(=O)c2ccc3c(c2)OCO3)cc1,Scientific Literature,Binding affinity against human cloned Muscarinic acetylcholine receptor M2.,B,,,Bioorg Med Chem Lett,2002.0,Muscarinic acetylcholine receptor M2,Ki,nM,10.52,470.64,4.65
CHEMBL1834350,10000.0,CCN/C(=N\S(=O)(=O)c1cccc(Cl)c1)N1CC2(C=N1)CCNCC2,Scientific Literature,Inhibition of human muscarinic M2 receptor,B,Homo sapiens,,J Med Chem,2011.0,Muscarinic acetylcholine receptor M2,Ki,nM,5.0,383.91,1.67
CHEMBL440686,4900.0,CCN(CC)CCOCCNC(=O)C1(c2ccccc2)CCCC1,Scientific Literature,Binding affinity towards muscarinic m2 receptor,B,,,J Med Chem,1994.0,Muscarinic acetylcholine receptor M2,Ki,nM,5.31,332.49,2.97
CHEMBL148450,270.0,COc1cccc(CN2CCC(NC(=O)C(O)(c3ccccc3)C3CCCC3)CC2)c1,Scientific Literature,Inhibition of [3H]NMS binding to human muscarinic acetylcholine receptor M2 expressed in CHO cells,B,,,J Med Chem,2000.0,Muscarinic acetylcholine receptor M2,Ki,nM,6.57,422.57,3.85
CHEMBL390839,1810.0,C[N+]1(C)CCC(N2CC(c3ccccc3)(c3ccccc3)NC2=O)CC1,Scientific Literature,Displacement of [3H]N-methyl-scopolamine from human muscarinic M2 receptor expressed in CHOK1 cells,B,Homo sapiens,,J Med Chem,2007.0,Muscarinic acetylcholine receptor M2,Ki,nM,5.74,350.49,3.19
CHEMBL222450,88.5,C[N+]1(CC(=O)c2ccsc2)CC[C@@H](N2CC(c3ccc(F)cc3)(c3ccc(F)cc3)NC2=O)C1,Scientific Literature,Displacement of [3H]N-methyl-scopolamine from human muscarinic M2 receptor expressed in CHOK1 cells,B,Homo sapiens,,J Med Chem,2007.0,Muscarinic acetylcholine receptor M2,Ki,nM,7.05,482.58,4.4
CHEMBL224783,157.0,C[N+]1(CCOc2ccccc2)CC[C@H](N2CC(c3ccccc3)(c3ccccc3)NC2=O)C1,Scientific Literature,Displacement of [3H]N-methyl-scopolamine from human muscarinic M2 receptor expressed in CHOK1 cells,B,Homo sapiens,,J Med Chem,2007.0,Muscarinic acetylcholine receptor M2,Ki,nM,6.8,442.58,4.25
CHEMBL223055,5.4,C[N+]1(CCc2ccccc2)CCC(N2CC(c3ccccc3)(c3ccccc3)NC2=O)C1.[Br-],Scientific Literature,Displacement of [3H]N-methyl-scopolamine from human muscarinic M2 receptor expressed in CHOK1 cells,B,Homo sapiens,,J Med Chem,2007.0,Muscarinic acetylcholine receptor M2,Ki,nM,8.27,506.49,4.42
CHEMBL145488,1700.0,C1=C(c2ccoc2)C2CCN1CC2,Scientific Literature,Binding affinity for muscarinic acetylcholine receptor M2 by measuring displacement of [3H]QNB from guinea pig heart,B,Cavia porcellus,,J Med Chem,1995.0,Muscarinic acetylcholine receptor M2,Ki,nM,5.77,175.23,2.35
CHEMBL106219,371.54,CCOC(=O)c1c(CC)n(Cc2ccccc2)c2ccc3c(c12)CN1CCc2cc(OC)ccc2C1O3,Scientific Literature,Inhibition of [3H]-NMS binding to human muscarinic acetylcholine receptor M2 in transfected CHO cells.,B,,,J Med Chem,2002.0,Muscarinic acetylcholine receptor M2,Ki,nM,6.43,496.61,5.89
CHEMBL343242,18000.0,OC1(c2ccsc2)CN2CCC1CC2,Scientific Literature,Binding affinity for muscarinic acetylcholine receptor M2 by measuring displacement of [3H]QNB from guinea pig heart,B,Cavia porcellus,,J Med Chem,1995.0,Muscarinic acetylcholine receptor M2,Ki,nM,,209.31,1.66
CHEMBL21321,416.87,O=C(OC1CN2CCC1CC2)C1=C/C(=C\c2cccnc2)c2ccccc21,Scientific Literature,Affinity for Muscarinic acetylcholine receptor M2 expressed in CHO cells by [3H]NMS displacement.,B,,,Bioorg Med Chem Lett,2001.0,Muscarinic acetylcholine receptor M2,Ki,nM,6.38,358.44,3.66
CHEMBL4635500,7.943,CN(C)C[C@H]1COC[C@@](c2ccccc2)(C2CCCCC2)O1,Scientific Literature,Displacement of [3H]NMS from human recombinant muscarinic receptor M2 expressed in CHO-K1 cell membranes incubated for 2 hrs by scintillation counting method,B,Homo sapiens,,J Med Chem,2020.0,Muscarinic acetylcholine receptor M2,Ki,nM,8.1,303.45,3.44
CHEMBL445134,280.0,C[C@@H]1OC(=O)[C@H]2C[C@H]3CCCC[C@@H]3[C@@H](CCCN3CCC(O)CC3)[C@@H]12,Scientific Literature,Binding affinity towards human muscarinic M2 receptor in CHO-KI cells using [3H]- QNB as radioligand,B,,,Bioorg Med Chem Lett,1999.0,Muscarinic acetylcholine receptor M2,Ki,nM,,349.52,3.23
CHEMBL311795,456.0,Cc1ncnc(C)c1C(=O)N1CCC(C)(N2CCN([C@@H](C)c3ccc(C(F)(F)F)cc3)[C@@H](C)C2)CC1,Scientific Literature,Antagonistic activity against Muscarinic acetylcholine receptor M2,F,,,J Med Chem,2004.0,Muscarinic acetylcholine receptor M2,Ki,nM,6.34,503.61,4.87
CHEMBL11877,250.0,CC(C)Sc1ccc(CC2CCN(C3CCN(C(=O)c4ccccc4-c4ccccc4)CC3)CC2)cc1,Scientific Literature,Binding affinity against muscarinic acetylcholine receptor M2 stably expressed in CHO-K1 cells using [3H]-QNB as radioligand.,B,,,Bioorg Med Chem Lett,2002.0,Muscarinic acetylcholine receptor M2,Ki,nM,6.6,512.76,7.41
CHEMBL355560,5370.32,CN(C)CCC1=C(Cc2cccnc2)c2ccccc2C1,Scientific Literature,Binding affinity towards cloned human muscarinic acetylcholine receptor M2 stably expressed in CHO-K1 cells using [3H]N-methylscopolamine,B,,,J Med Chem,2003.0,Muscarinic acetylcholine receptor M2,Ki,nM,5.27,278.4,3.59
CHEMBL353465,6.0,CCOC(=O)N1CCC(N2CCC(Oc3ccc(S(=O)(=O)c4ccc5c(c4)OCO5)cc3)CC2)CC1,Scientific Literature,Binding affinity towards Muscarinic acetylcholine receptor M2 stably expressed in CHO-K1 cells using [3H]-QNB as radioligand,B,,,Bioorg Med Chem Lett,2001.0,Muscarinic acetylcholine receptor M2,Ki,nM,8.22,516.62,3.71
CHEMBL11794,20.0,CC(C)Sc1ccc(CC2CCN(C3CCN(C(=O)c4ccnc5ccccc45)CC3)CC2)cc1,Scientific Literature,Binding affinity against muscarinic acetylcholine receptor M2 stably expressed in CHO-K1 cells using [3H]-QNB as radioligand.,B,,,Bioorg Med Chem Lett,2002.0,Muscarinic acetylcholine receptor M2,Ki,nM,7.7,487.71,6.29
CHEMBL312344,3512.0,Cc1ncnc(C)c1C(=O)N1CCC(C)(N2CCN([C@@H](CC3CC3)c3ccc(C(F)(F)F)cc3)[C@@H](C)C2)CC1,Scientific Literature,Antagonistic activity against Muscarinic acetylcholine receptor M2,F,,,J Med Chem,2004.0,Muscarinic acetylcholine receptor M2,Ki,nM,5.45,543.68,5.65
CHEMBL354934,376.0,CC1CN(CCC[C@@H]2[C@H]3CCCC[C@@H]3C[C@@H]3C(=O)O[C@@H](C)[C@H]23)CC(C)O1,Scientific Literature,Binding affinity towards human muscarinic M2 receptor in CHO-KI cells using [3H]- QNB as radioligand,B,,,Bioorg Med Chem Lett,1999.0,Muscarinic acetylcholine receptor M2,Ki,nM,6.42,363.54,3.88
CHEMBL289894,20000.0,C[C@@H]1CC2(CO1)CN1CCC2CC1,Scientific Literature,Compound was evaluated for its binding affinity against muscarinic acetylcholine receptor M2 in guinea pig heart using (-)-[3H]-QNB as radioligand,B,Cavia porcellus,,J Med Chem,1992.0,Muscarinic acetylcholine receptor M2,Ki,nM,,181.28,1.51
CHEMBL2093084,15488.17,C[C@@H]1O[C@H]([C@@H]2CCC[N+]2(C)C)C[S@@+]1[O-].[I-],Scientific Literature,Binding affinity to cloned human muscarinic M2 receptor expressed in CHO cells,B,Homo sapiens,,J Med Chem,2006.0,Muscarinic acetylcholine receptor M2,Ki,nM,4.81,345.25,0.72
CHEMBL2092737,87096.36,C[C@H]1O[C@@H]([C@@H]2CCCN2C)C[S@+]1[O-],Scientific Literature,Binding affinity to cloned human muscarinic M2 receptor expressed in CHO cells,B,Homo sapiens,,J Med Chem,2006.0,Muscarinic acetylcholine receptor M2,Ki,nM,4.06,203.31,0.57
CHEMBL423438,500.0,CC1CN(CCC[C@@H]2[C@H]3CCCC[C@@H]3C[C@@H]3C(=O)O[C@@H](C)[C@H]23)CC(C)N1,Scientific Literature,Binding affinity towards human muscarinic M2 receptor in CHO-KI cells using [3H]- QNB as radioligand,B,,,Bioorg Med Chem Lett,1999.0,Muscarinic acetylcholine receptor M2,Ki,nM,,362.56,3.45
CHEMBL96042,2200.0,COc1ccccc1C(O)C1=CN2CCC1CC2,Scientific Literature,In vitro binding affinity towards muscarinic receptor in heart (M2) was determined,B,,,Bioorg Med Chem Lett,1994.0,Muscarinic acetylcholine receptor M2,Ki,nM,5.66,245.32,2.34
CHEMBL4648229,43.65,C[N+](C)(C)C[C@@H]1COC[C@@](c2ccccc2)(C2CCCCC2)O1.[I-],Scientific Literature,Displacement of [3H]NMS from human recombinant muscarinic receptor M2 expressed in CHO-K1 cell membranes incubated for 2 hrs by scintillation counting method,B,Homo sapiens,,J Med Chem,2020.0,Muscarinic acetylcholine receptor M2,Ki,nM,7.36,445.39,3.58
CHEMBL4649668,7413.1,C[N+](C)(C)C[C@@H]1COC[C@H](c2ccc(S(=O)(=O)c3ccccc3)cc2)O1.[I-],Scientific Literature,Displacement of [3H]NMS from human recombinant muscarinic receptor M2 expressed in CHO-K1 cell membranes incubated for 2 hrs by scintillation counting method,B,Homo sapiens,,J Med Chem,2020.0,Muscarinic acetylcholine receptor M2,Ki,nM,5.13,503.4,2.68
CHEMBL2032049,2000.0,C[C@H]1c2c([nH]c3ccc(C(F)(F)F)cc23)C[C@H]2CCN(CCC3(C(=O)O)CCCCC3)C[C@@H]21,Scientific Literature,Binding affinity to muscarinic M2 receptor,B,,,Bioorg Med Chem Lett,2012.0,Muscarinic acetylcholine receptor M2,Ki,nM,,462.56,6.21
CHEMBL76897,23.0,C[N+]1(C)CCC(OC(=O)C(c2ccccc2)c2ccccc2)CC1.[I-],Scientific Literature,Displacement of [3H]N-methylscopolamine from human recombinant muscarinic M2 receptor expressed in CHOK1 cells after 2 hrs,B,Homo sapiens,,Bioorg Med Chem Lett,2013.0,Muscarinic acetylcholine receptor M2,Ki,nM,7.64,451.35,3.6
CHEMBL5219452,132.0,CNC(=O)Oc1cccc2c1CCC1C2CCN1CCC1CCCCC1,Scientific Literature,Binding affinity to Muscarinic acetylcholine receptor M2 (unknown origin) assessed as inhibition constant,B,Homo sapiens,,Eur J Med Chem,2022.0,Muscarinic acetylcholine receptor M2,Ki,nM,6.88,356.51,4.48
CHEMBL422770,1.45,C=C(c1ccc(S(=O)(=O)c2ccc(OC)cc2)cc1)C1CCN(C2CCN(S(=O)(=O)Cc3ccccc3)CC2)CC1,Scientific Literature,Binding affinity against Muscarinic acetylcholine receptor M2 stably expressed in CHO-K1 cells.,B,,,Bioorg Med Chem Lett,2000.0,Muscarinic acetylcholine receptor M2,Ki,nM,8.84,594.8,5.25
CHEMBL85190,260.0,CN1C2CCCC1C(OC(=O)c1ccccc1)C2,Scientific Literature,Inhibition of [3H]- quinuclidinyl benzilate binding to human Muscarinic acetylcholine receptor M2 expressed in CHO cell membrane,B,Homo sapiens,,J Med Chem,2000.0,Muscarinic acetylcholine receptor M2,Ki,nM,6.58,245.32,2.47
CHEMBL12150,17.0,CC(C)S(=O)(=O)c1ccc(CC2CCN(C3CCN(C(=O)c4cccc5ccccc45)CC3)CC2)cc1,Scientific Literature,Binding affinity against muscarinic acetylcholine receptor M2 stably expressed in CHO-K1 cells using [3H]-QNB as radioligand.,B,,,Bioorg Med Chem Lett,2002.0,Muscarinic acetylcholine receptor M2,Ki,nM,7.77,518.72,5.58
CHEMBL222689,498.0,C[N+]1(C)C2CCC1CC(N1CC(c3ccccc3)(c3ccccc3)NC1=O)C2,Scientific Literature,Displacement of [3H]N-methyl-scopolamine from human muscarinic M2 receptor expressed in CHOK1 cells,B,Homo sapiens,,J Med Chem,2007.0,Muscarinic acetylcholine receptor M2,Ki,nM,6.3,376.52,3.73
CHEMBL171411,1.6,O=C(c1ccccc1)N1CCC(N2CCC(Oc3ccc(S(=O)(=O)c4ccc5c(c4)OCO5)cc3)CC2)CC1,Scientific Literature,Binding affinity towards Muscarinic acetylcholine receptor M2 stably expressed in CHO-K1 cells using [3H]-QNB as radioligand,B,,,Bioorg Med Chem Lett,2001.0,Muscarinic acetylcholine receptor M2,Ki,nM,8.8,548.66,4.4
CHEMBL12029,254.0,CC(C)Sc1ccc(CC2CCN(C3CCN(C(=O)c4cnccn4)CC3)CC2)cc1,Scientific Literature,Binding affinity against muscarinic acetylcholine receptor M2 stably expressed in CHO-K1 cells using [3H]-QNB as radioligand.,B,,,Bioorg Med Chem Lett,2002.0,Muscarinic acetylcholine receptor M2,Ki,nM,6.59,438.64,4.54
CHEMBL374513,94.5,C[N+]1(CC(=O)c2ccccc2)CC[C@@H](N2CC(c3ccc(F)cc3)(c3ccc(F)cc3)NC2=O)C1,Scientific Literature,Displacement of [3H]N-methyl-scopolamine from human muscarinic M2 receptor expressed in CHOK1 cells,B,Homo sapiens,,J Med Chem,2007.0,Muscarinic acetylcholine receptor M2,Ki,nM,7.03,476.55,4.34
CHEMBL373515,4.898,CN1CCC[C@H]1[C@H]1CSC(c2ccccc2)(c2ccccc2)O1,Scientific Literature,Binding affinity to human cloned muscarinic receptor M2 expressed in CHO cells,B,Homo sapiens,,J Med Chem,2007.0,Muscarinic acetylcholine receptor M2,Ki,nM,8.31,325.48,4.11
CHEMBL12228,20.0,Cc1cccc(C(=O)N2CCC(N3CCC(Cc4ccc(SC(C)C)cc4)CC3)CC2)c1N,Scientific Literature,Binding affinity against muscarinic acetylcholine receptor M2 stably expressed in CHO-K1 cells using [3H]-QNB as radioligand.,B,,,Bioorg Med Chem Lett,2002.0,Muscarinic acetylcholine receptor M2,Ki,nM,7.7,465.71,5.64
CHEMBL264676,3.162,CO[C@]1(C#C[C@](O)(c2ccccc2)C2CCCCCCC2)CN2CCC1CC2,Scientific Literature,Displacement of [3H]N-methylscopolamine from human recombinant muscarinic M2 receptor expressed in CHO cells,B,Homo sapiens,,Bioorg Med Chem Lett,2008.0,Muscarinic acetylcholine receptor M2,Ki,nM,8.5,381.56,4.35
CHEMBL229429,10000.0,N#Cc1cc(F)cc(C#Cc2csc(CF)n2)c1,Scientific Literature,Displacement of [3H]QNB from muscarinic M2 receptor,B,Homo sapiens,,J Med Chem,2007.0,Muscarinic acetylcholine receptor M2,Ki,nM,,260.27,3.02
CHEMBL71531,3.07,COc1ccc(S(=O)(=O)c2ccc(C(=O)C3CCN(C4CCCCC4)CC3)cc2)cc1,Scientific Literature,Binding affinity against Muscarinic acetylcholine receptor M2,B,,,Bioorg Med Chem Lett,2000.0,Muscarinic acetylcholine receptor M2,Ki,nM,8.51,441.59,4.76
CHEMBL307810,1.0,COc1ccc([S+]([O-])c2ccc(C(C)N3CCN(C4CCCCC4)CC3)cc2)cc1,Scientific Literature,Binding affinity against Muscarinic acetylcholine receptor M2,B,,,Bioorg Med Chem Lett,2000.0,Muscarinic acetylcholine receptor M2,Ki,nM,9.0,426.63,4.87
CHEMBL308707,2271.0,CCN(CC)CCOCCNCC1(c2ccccc2)CCCC1,Scientific Literature,Binding affinity towards muscarinic m2 receptor,B,,,J Med Chem,1994.0,Muscarinic acetylcholine receptor M2,Ki,nM,5.64,318.5,3.45
CHEMBL57485,169.82,C[C@@H]1OC(=O)[C@H]2C[C@H]3CCCC[C@H]3[C@H](/C=C/[C@H]3CCC[C@H](C)N3C)[C@@H]12,Scientific Literature,Binding affinity against human muscarine receptor (hM2) cloned in CHO cells,B,Homo sapiens,,Bioorg Med Chem Lett,2002.0,Muscarinic acetylcholine receptor M2,Ki,nM,6.77,345.53,4.42
CHEMBL315428,360.0,O=C(OC1CC2CCCC1N2)c1ccc([N+](=O)[O-])cc1,Scientific Literature,Inhibition of [3H]- quinuclidinyl benzilate binding to human Muscarinic acetylcholine receptor M2 expressed in CHO cell membrane,B,Homo sapiens,,J Med Chem,2000.0,Muscarinic acetylcholine receptor M2,Ki,nM,6.44,276.29,2.03
CHEMBL3323279,151.36,C[N+](C)(C)CCCCCC[N+]1(C)[C@@H]2CC[C@@H]1CC(OC(=O)C(CO)c1ccccc1)C2.[Br-].[Br-],Scientific Literature,Displacement of [3H]-NMS from human muscarinic M2 Y104A mutant expressed in Flp-In-CHO cells by liquid scintillation counting,B,Homo sapiens,,J Med Chem,2014.0,Muscarinic acetylcholine receptor M2,Ki,nM,6.82,592.46,3.71
CHEMBL3323283,50.12,C[N+](C)(CCCCCC[N+]1(C)[C@@H]2C[C@H](OC(=O)[C@H](CO)c3ccccc3)C[C@H]1[C@@H]1O[C@@H]12)CCCN1C(=O)c2ccccc2C1=O.[Br-].[Br-],Scientific Literature,Displacement of [3H]-NMS from human muscarinic M2 Y104A mutant expressed in Flp-In-CHO cells by liquid scintillation counting,B,Homo sapiens,,J Med Chem,2014.0,Muscarinic acetylcholine receptor M2,Ki,nM,7.3,779.61,3.76
CHEMBL214029,220.0,O=C(NCCC1CCNCC1)[C@H]1CCCN1C(=O)[C@@H]1C[C@@H](O)CN1C(=O)CC(c1ccc(F)cc1)(c1ccc(F)cc1)c1ccc(F)cc1,Scientific Literature,Inhibition of [3H]NMS binding to human cloned M2 receptor expressed in CHO cells,B,Homo sapiens,,J Med Chem,2006.0,Muscarinic acetylcholine receptor M2,Ki,nM,6.66,676.78,4.29
CHEMBL539121,21.38,C[N+]1(C)CCC[C@@H]1[C@@H]1C[S+]([O-])[C@@](c2ccccc2)(C2CCCCC2)O1.[I-],Scientific Literature,Displacement of [3H]NMS from human muscarinic M2 receptor expressed in CHO cells,B,Homo sapiens,,Bioorg Med Chem,2008.0,Muscarinic acetylcholine receptor M2,Ki,nM,7.67,489.46,3.81
CHEMBL3354074,208.93,O=C1CCc2ccccc2N1CCCN1CCC(CCCCCCCO)CC1,Scientific Literature,Displacement of [3H]NMS from human M2 receptor expressed in CHO cells by microplate scintillation counting based radioligand binding assay,B,Homo sapiens,,J Med Chem,2014.0,Muscarinic acetylcholine receptor M2,Ki,nM,6.68,386.58,4.4
CHEMBL3354076,416.87,O=C1CCc2ccccc2N1CCCN1CCC(CCCCCCCCCCCO)CC1,Scientific Literature,Displacement of [3H]NMS from human M2 receptor expressed in CHO cells by microplate scintillation counting based radioligand binding assay,B,Homo sapiens,,J Med Chem,2014.0,Muscarinic acetylcholine receptor M2,Ki,nM,6.38,442.69,5.96
CHEMBL92110,2.91,CCOC(=O)N1CCC(N2CCC(C(=O)c3ccc(S(=O)(=O)c4ccc(OC)cc4)cc3)CC2)CC1,Scientific Literature,Binding affinity at human cloned acetylcholine receptor M2 in CHO cells.,B,,,Bioorg Med Chem Lett,2000.0,Muscarinic acetylcholine receptor M2,Ki,nM,8.54,514.64,4.04
CHEMBL143469,3.162,CN1CCC=C(c2nsnc2OCCCCCCCCCOc2nsnc2C2=CCCN(C)C2)C1,Scientific Literature,Displacement of [3H]NMS from human M2 receptor expressed in CHO cells by microplate scintillation counting based radioligand binding assay,B,Homo sapiens,,J Med Chem,2014.0,Muscarinic acetylcholine receptor M2,Ki,nM,8.5,518.75,5.02
CHEMBL394329,4099.0,C[N+]1(CC#CCOC2=NOCC2)CCc2ccccc21.[I-],Scientific Literature,Displacement of [3H]QNB from human muscarinic M2 receptor expressed in CHO cells,B,Homo sapiens,,Bioorg Med Chem,2007.0,Muscarinic acetylcholine receptor M2,Ki,nM,5.39,398.24,1.93
CHEMBL396845,474.0,C[N+]1(CC#CCOC2=NOCC2)CCc2ccccc2C1.[I-],Scientific Literature,Displacement of [3H]QNB from human muscarinic M2 receptor expressed in CHO cells,B,Homo sapiens,,Bioorg Med Chem,2007.0,Muscarinic acetylcholine receptor M2,Ki,nM,6.32,412.27,1.94
CHEMBL94189,0.073,CCOC(=O)N1CCC(N2CCC(C3(c4ccc(S(=O)(=O)c5ccc6c(c5)OCO6)cc4)OCCO3)CC2)CC1,Scientific Literature,Binding affinity at human cloned acetylcholine receptor M2 in CHO cells.,B,,,Bioorg Med Chem Lett,2000.0,Muscarinic acetylcholine receptor M2,Ki,nM,10.14,572.68,3.78
CHEMBL90199,14.3,CCOC(=O)N1CCC(N2CCC(C3(c4ccc(S(=O)(=O)c5ccc(OC)cc5)cc4)SCCCS3)CC2)CC1,Scientific Literature,Binding affinity at human cloned acetylcholine receptor M2 in CHO cells.,B,,,Bioorg Med Chem Lett,2000.0,Muscarinic acetylcholine receptor M2,Ki,nM,7.84,604.86,5.88
CHEMBL527880,14125.38,C[N+]1(C)CCC[C@@H]1c1ccco1.[I-],Scientific Literature,Displacement of [3H]NMS from human muscarinic M2 receptor expressed in CHO cells by liquid scintillation counter,B,Homo sapiens,,J Med Chem,2008.0,Muscarinic acetylcholine receptor M2,Ki,nM,4.85,293.15,2.19
CHEMBL461502,47863.01,CN1CCC[C@@H]1c1ccco1,Scientific Literature,Displacement of [3H]NMS from human muscarinic M2 receptor expressed in CHO cells by liquid scintillation counter,B,Homo sapiens,,J Med Chem,2008.0,Muscarinic acetylcholine receptor M2,Ki,nM,4.32,151.21,2.05
CHEMBL461089,3235.94,Cc1ccc([C@H]2CCCN2)o1,Scientific Literature,Displacement of [3H]NMS from human muscarinic M2 receptor expressed in CHO cells by liquid scintillation counter,B,Homo sapiens,,J Med Chem,2008.0,Muscarinic acetylcholine receptor M2,Ki,nM,5.49,151.21,2.01
CHEMBL287868,0.472,CN1CC2CC(OC(=O)C(C)(c3ccccc3)c3ccccc3)CC1C2,Scientific Literature,Inhibition of [3H]QNB binding to CHO cells bearing transfected muscarinic acetylcholine receptor M3,B,Cricetulus griseus,,J Med Chem,1991.0,Muscarinic acetylcholine receptor M2,Ki,nM,9.33,349.47,4.02
CHEMBL223079,955.0,O=C1NC(c2ccc(F)cc2)(c2ccc(F)cc2)CN1C1CCN(Cc2cccc(Cl)c2)CC1,Scientific Literature,Displacement of [3H]N-methyl-scopolamine from human muscarinic M2 receptor expressed in CHO K1 cells,B,Homo sapiens,,J Med Chem,2007.0,Muscarinic acetylcholine receptor M2,Ki,nM,6.02,481.97,5.55
CHEMBL542622,3.4,CCCCCCSc1nccnc1O[C@H]1CN2CCC1C2.Cl,Scientific Literature,Binding affinity towards human muscarinic M2 receptor,B,,,Bioorg Med Chem Lett,1999.0,Muscarinic acetylcholine receptor M2,Ki,nM,8.47,343.92,3.23
CHEMBL12354,4.3,COC(=O)CSc1ccc(CC2CCN(C3CCN(C(=O)c4cccc5ccc(F)cc45)CC3)CC2)cc1,Scientific Literature,Binding affinity against muscarinic acetylcholine receptor M2 stably expressed in CHO-K1 cells using [3H]-QNB as radioligand.,B,,,Bioorg Med Chem Lett,2002.0,Muscarinic acetylcholine receptor M2,Ki,nM,8.37,534.7,5.8
CHEMBL221400,65.0,O=C1NC(c2ccccc2)(c2ccccc2)CN1C1CC2CCC(C1)N2Cc1ccccc1,Scientific Literature,Displacement of [3H]N-methyl-scopolamine from human muscarinic M2 receptor expressed in CHO K1 cells,B,Homo sapiens,,J Med Chem,2007.0,Muscarinic acetylcholine receptor M2,Ki,nM,7.19,437.59,5.15
CHEMBL375969,0.4677,C[N+]1(C)CCC[C@H]1[C@H]1CSC(c2ccccc2)(c2ccccc2)O1.[I-],Scientific Literature,Binding affinity to human cloned muscarinic receptor M2 expressed in CHO cells,B,Homo sapiens,,J Med Chem,2007.0,Muscarinic acetylcholine receptor M2,Ki,nM,9.33,467.42,4.26
CHEMBL72455,0.8,Cc1ccc(S(=O)(=O)c2ccc(C(C)N3CCN(C4CCCCC4)CC3)cc2)cc1,Scientific Literature,Binding affinity towards the cloned human Muscarinic acetylcholine receptor M2,B,,,Bioorg Med Chem Lett,2000.0,Muscarinic acetylcholine receptor M2,Ki,nM,9.1,426.63,4.84
CHEMBL106505,2344.23,CCCCOC(=O)c1c(C)[nH]c2ccc3c(c12)CN1CCc2cc(OC)ccc2C1O3,Scientific Literature,Inhibition of [3H]-NMS binding to human muscarinic acetylcholine receptor M2 in transfected CHO cells.,B,,,J Med Chem,2002.0,Muscarinic acetylcholine receptor M2,Ki,nM,5.63,420.51,4.89
CHEMBL2449003,3.631,CN1[C@@H]2CC[C@H]1CC(OC(=O)[C@H](CO)c1ccccc1)C2,Scientific Literature,Displacement of [3H]-NMS from human muscarinic M2 Y177Q mutant expressed in Flp-In-CHO cells by liquid scintillation counting,B,Homo sapiens,,J Med Chem,2014.0,Muscarinic acetylcholine receptor M2,Ki,nM,8.44,289.38,1.93
CHEMBL3323280,9.772,CC(C)(CN1C(=O)c2ccccc2C1=O)C[N+](C)(C)CCCCCC[N+]1(C)[C@@H]2CC[C@@H]1CC(OC(=O)C(CO)c1ccccc1)C2.[Br-].[Br-],Scientific Literature,Displacement of [3H]-NMS from human muscarinic M2 Y177Q mutant expressed in Flp-In-CHO cells by liquid scintillation counting,B,Homo sapiens,,J Med Chem,2014.0,Muscarinic acetylcholine receptor M2,Ki,nM,8.01,793.68,5.4
CHEMBL3323284,8.913,CC(C)(CN1C(=O)c2cccc3cccc(c23)C1=O)C[N+](C)(C)CCCCCC[N+]1(C)[C@@H]2C[C@H](OC(=O)[C@H](CO)c3ccccc3)C[C@H]1[C@@H]1O[C@@H]12.[Br-].[Br-],Scientific Literature,Displacement of [3H]-NMS from human muscarinic M2 Y177Q mutant expressed in Flp-In-CHO cells by liquid scintillation counting,B,Homo sapiens,,J Med Chem,2014.0,Muscarinic acetylcholine receptor M2,Ki,nM,8.05,857.73,5.55
CHEMBL72551,0.3802,C=C(c1ccc(S(=O)(=O)c2ccc(OC)cc2)cc1)C1CCN(C2CCN(C(=O)CCC)CC2)CC1,Scientific Literature,Binding affinity to muscarinic M2 receptor,B,Homo sapiens,,Bioorg Med Chem Lett,2007.0,Muscarinic acetylcholine receptor M2,Ki,nM,9.42,510.7,5.04
CHEMBL4059733,10.23,CCC(=O)NCCNC(=O)CCc1cn(CCCCC2CCN(CC(=O)N3c4ccccc4NC(=O)c4ccccc43)CC2)cn1,Scientific Literature,Displacement of [3H]UR-AP060 from human muscarinic acetylcholine receptor M2 expressed in CHOK9 cell homogenate after 3 hrs by liquid scintillation counting assay,B,Homo sapiens,,J Med Chem,2017.0,Muscarinic acetylcholine receptor M2,Ki,nM,7.99,627.79,4.27
CHEMBL4068393,0.71,O=C(O)C(F)(F)F.O=C(O)C(F)(F)F.O=C(O)C(F)(F)F.O=C(O)C(F)(F)F.[3H]CC([3H])C(=O)NC1CN(CCCCC2CCN(CC(=O)N3c4ccccc4NC(=O)c4ccccc43)CC2)CCN(CCCCC2CCN(CC(=O)N3c4ccccc4NC(=O)c4ccccc43)CC2)C1,Scientific Literature,Displacement of [3H]NMS from human muscarinic acetylcholine receptor M2 expressed in CHOK9 cells after 3 hrs by liquid scintillation counting assay,B,Homo sapiens,,J Med Chem,2017.0,Muscarinic acetylcholine receptor M2,Ki,nM,9.15,1410.35,8.12
CHEMBL1824785,3542.0,Cl.Fc1cccc(CN2C3CC4CC(C3)CC2C4)c1,Scientific Literature,Inhibition of M2 muscarinic receptor by NIMH PDSP,B,,,Bioorg Med Chem Lett,2011.0,Muscarinic acetylcholine receptor M2,Ki,nM,5.45,281.8,3.59
CHEMBL4851514,0.1905,CC(=O)NC(=O)[C@H](CCCNC(=N)N)NC(=O)[C@H](C)NC(=O)[C@H](CCCNC(=N)N)NCCN1CCN(CCCCC2CCN(CC(=O)N3c4ccccc4NC(=O)c4ccccc43)CC2)CC1.O=C(O)C(F)(F)F.O=C(O)C(F)(F)F.O=C(O)C(F)(F)F.O=C(O)C(F)(F)F.O=C(O)C(F)(F)F,Scientific Literature,Displacement of [3H]-NMS from human muscarinic M2 receptor expressed in CHO cell membranes assessed as inhibition constant by radioligand competition analysis,B,Homo sapiens,,Eur J Med Chem,2021.0,Muscarinic acetylcholine receptor M2,Ki,nM,9.72,1514.31,0.55
CHEMBL308924,100000.0,CCO/C(O)=C1\CN2CC(CCC2CN(C)C)C1=O,Scientific Literature,Binding affinity of compound was determined towards human Muscarinic acetylcholine receptor M2 using [3H]QNB radioligand,B,,,J Med Chem,2003.0,Muscarinic acetylcholine receptor M2,Ki,nM,,268.36,1.02
CHEMBL553155,7413.1,C[N+]1(C)CCC[C@H]1c1ccco1.[I-],Scientific Literature,Displacement of [3H]NMS from human muscarinic M2 receptor expressed in CHO cells by liquid scintillation counter,B,Homo sapiens,,J Med Chem,2008.0,Muscarinic acetylcholine receptor M2,Ki,nM,5.13,293.15,2.19
CHEMBL513277,14454.4,Cc1ccc(C2CCCN2C)o1,Scientific Literature,Displacement of [3H]NMS from human muscarinic M2 receptor expressed in CHO cells by liquid scintillation counter,B,Homo sapiens,,J Med Chem,2008.0,Muscarinic acetylcholine receptor M2,Ki,nM,4.84,165.24,2.35
CHEMBL482496,500.0,[3H]C([3H])([3H])Oc1cc(I)c(OC)cc1CCNCc1ccccc1OC([3H])([3H])[3H],Scientific Literature,Binding affinity to muscarinic M2 receptor,B,,,Bioorg Med Chem,2008.0,Muscarinic acetylcholine receptor M2,Ki,nM,,439.33,3.65
CHEMBL71147,0.17,C=C(c1ccc(S(=O)(=O)c2ccc(OC)cc2)cc1)C1CCN(C2CCCCC2)CC1,Scientific Literature,Binding affinity against Muscarinic acetylcholine receptor M2 stably expressed in CHO-K1 cells.,B,,,Bioorg Med Chem Lett,2000.0,Muscarinic acetylcholine receptor M2,Ki,nM,9.77,439.62,5.59
CHEMBL147653,260.0,O=C(NC1CCN(Cc2ccccc2)CC1)[C@](O)(c1ccccc1)[C@@H]1CCC(F)(F)C1,Scientific Literature,Inhibition of [3H]NMS binding to human muscarinic acetylcholine receptor M2 expressed in CHO cells,B,,,J Med Chem,2000.0,Muscarinic acetylcholine receptor M2,Ki,nM,6.58,428.52,4.09
CHEMBL148129,3100.0,O=C(NC1CCN(CC2CCCCCC2)CC1)C(O)(c1ccccc1)C1CCCC1,Scientific Literature,Inhibition of [3H]NMS binding to human muscarinic acetylcholine receptor M2 expressed in CHO cells,B,,,J Med Chem,2000.0,Muscarinic acetylcholine receptor M2,Ki,nM,5.51,412.62,4.62
CHEMBL86012,630.96,O=C(c1ccc(Cl)cc1)N(c1ccccc1)C1CCN(Cc2ccccc2)CC1,Scientific Literature,In vitro affinity for muscarinic M2 receptor.,B,,,Bioorg Med Chem Lett,2002.0,Muscarinic acetylcholine receptor M2,Ki,nM,6.2,404.94,5.65
CHEMBL2312361,1170.0,CN1CCC(c2ccccc2)=C(C(=O)OCCc2ccc3c(c2)CCO3)C1,Scientific Literature,Displacement of [3H]NMS from human M2 muscarinic receptor expressed in CHO-K1 cells,B,Homo sapiens,,J Med Chem,2013.0,Muscarinic acetylcholine receptor M2,Ki,nM,5.93,363.46,3.5
CHEMBL2312376,100000.0,CCN1CCC(c2ccccc2)=C(C(=O)OCCc2ccc3c(c2)CCO3)C1,Scientific Literature,Displacement of [3H]NMS from human M2 muscarinic receptor expressed in CHO-K1 cells,B,Homo sapiens,,J Med Chem,2013.0,Muscarinic acetylcholine receptor M2,Ki,nM,,377.48,3.89
CHEMBL436492,490.0,COc1ccc(CN2CCC(N3CC(c4ccccc4)(c4ccccc4)NC3=O)CC2)cc1,Scientific Literature,Displacement of [3H]N-methyl-scopolamine from human muscarinic M2 receptor expressed in CHO K1 cells,B,Homo sapiens,,J Med Chem,2007.0,Muscarinic acetylcholine receptor M2,Ki,nM,6.31,441.58,4.63
CHEMBL223028,8.84,C[N+]1(CCCOc2ccccc2)CCC(N2CC(c3ccccc3)(c3ccccc3)NC2=O)C1,Scientific Literature,Displacement of [3H]N-methyl-scopolamine from human muscarinic M2 receptor expressed in CHOK1 cells,B,Homo sapiens,,J Med Chem,2007.0,Muscarinic acetylcholine receptor M2,Ki,nM,8.05,456.61,4.64
CHEMBL374452,0.73,C[N+]1(CCCc2ccccc2)CCC(N2CC(c3ccccc3)(c3ccccc3)NC2=O)C1,Scientific Literature,Displacement of [3H]N-methyl-scopolamine from human muscarinic M2 receptor expressed in CHOK1 cells,B,Homo sapiens,,J Med Chem,2007.0,Muscarinic acetylcholine receptor M2,Ki,nM,9.14,440.61,4.81
CHEMBL221775,884.0,C[N+]1(Cc2ccccc2)CC[C@@H](N2CC(c3ccccc3)(c3ccccc3)NC2=O)C1,Scientific Literature,Displacement of [3H]N-methyl-scopolamine from human muscarinic M2 receptor expressed in CHOK1 cells,B,Homo sapiens,,J Med Chem,2007.0,Muscarinic acetylcholine receptor M2,Ki,nM,6.05,412.56,4.37
CHEMBL2042401,18197.01,CC[C@@H]1COC[C@@H](C[N+](C)(C)C)O1.[I-],Scientific Literature,Displacement of [3H]N-methylscopolamine from human muscarinic M2 receptor expressed in CHO cells after 120 mins by scintillation counting,B,Homo sapiens,,J Med Chem,2012.0,Muscarinic acetylcholine receptor M2,Ki,nM,4.74,315.2,0.89
CHEMBL107679,218.78,CCOC(=O)c1c(C)n(CC)c2ccc3c(c12)CN1CCc2cc(OC)ccc2C1O3,Scientific Literature,Inhibition of [3H]-NMS binding to human muscarinic acetylcholine receptor M2 in transfected CHO cells.,B,,,J Med Chem,2002.0,Muscarinic acetylcholine receptor M2,Ki,nM,6.66,420.51,4.6
CHEMBL2112955,30.0,O=C(CCNC(=O)CNC(=O)CC(c1ccccc1)(c1ccccc1)c1ccccc1)NC[C@H]1CCCN(CC2CCCCC2)C1,Scientific Literature,Binding affinity (Ki) against binding of [3H]NMS to membranes from CHO cells expressing cloned human Muscarinic acetylcholine receptor M2,B,Homo sapiens,,J Med Chem,2002.0,Muscarinic acetylcholine receptor M2,Ki,nM,7.52,622.85,5.44
CHEMBL2441759,100000.0,C[N+]1(C)CCC[C@H]1COC(N)=O,Scientific Literature,Displacement of [3H]NMS from human muscarinic M2 receptor expressed in CHO cells,B,Homo sapiens,,Bioorg Med Chem Lett,2013.0,Muscarinic acetylcholine receptor M2,Ki,nM,,173.24,0.32
CHEMBL2441753,100000.0,CN1C[C@H](C[N+](C)(C)C)OC1=O,Scientific Literature,Displacement of [3H]NMS from human muscarinic M2 receptor expressed in CHO cells,B,Homo sapiens,,Bioorg Med Chem Lett,2013.0,Muscarinic acetylcholine receptor M2,Ki,nM,,173.24,0.14
CHEMBL351079,0.5,C[C@@H]1CN(C2CCN(C(=O)c3ccccc3N)CC2)CCN1[C@@H](C)c1ccc(S(=O)(=O)c2ccc3c(c2)OCO3)cc1,Scientific Literature,Binding affinity against human muscarinic acetylcholine receptor M2 using [3H]N-methylscopolamine as radioligand,B,,,Bioorg Med Chem Lett,2002.0,Muscarinic acetylcholine receptor M2,Ki,nM,9.3,590.75,4.2
CHEMBL144123,990.0,C1=C(c2ccc[se]2)C2CCN1CC2,Scientific Literature,Binding affinity for muscarinic acetylcholine receptor M2 by measuring displacement of [3H]QNB from guinea pig heart,B,Cavia porcellus,,J Med Chem,1995.0,Muscarinic acetylcholine receptor M2,Ki,nM,6.0,238.19,
CHEMBL12098,0.89,Cc1cccc(C(=O)N2CCC(N3CCC(Cc4ccc(S(=O)(=O)c5cccc(Cl)c5)cc4)CC3)CC2)c1N,Scientific Literature,Binding affinity for human Muscarinic acetylcholine receptor M2,B,Homo sapiens,,J Med Chem,2002.0,Muscarinic acetylcholine receptor M2,Ki,nM,9.05,566.17,5.62
CHEMBL104574,1348.96,COc1ccc2c(c1)CCN1Cc3c(ccc4[nH]c(C)c(C(=O)OCc5ccccc5)c34)OC21,Scientific Literature,Inhibition of [3H]-NMS binding to human muscarinic acetylcholine receptor M2 in transfected CHO cells.,B,,,J Med Chem,2002.0,Muscarinic acetylcholine receptor M2,Ki,nM,5.87,454.53,5.29
CHEMBL287834,15000.0,C[C@H]1CCC2(CN3CCC2CC3)O1,Scientific Literature,Compound was evaluated for its binding affinity against muscarinic acetylcholine receptor M2 in guinea pig heart using (-)-[3H]-QNB as radioligand,B,Cavia porcellus,,J Med Chem,1992.0,Muscarinic acetylcholine receptor M2,Ki,nM,4.82,181.28,1.65
CHEMBL105148,1348.96,CCOC(=O)c1c(CC)[nH]c2ccc3c(c12)CN1CCc2cc(OC)ccc2C1O3,Scientific Literature,Inhibition of [3H]-NMS binding to human muscarinic acetylcholine receptor M2 in transfected CHO cells.,B,,,J Med Chem,2002.0,Muscarinic acetylcholine receptor M2,Ki,nM,5.87,406.48,4.36
CHEMBL3309718,1737.8,C[N+](C)(C)C[C@@H]1COCCO1.[I-],Scientific Literature,Displacement of [3H]NMS from human muscarinic M2 receptor transfected in CHO cells after 120 mins by scintillation counting analysis,B,Homo sapiens,,Bioorg Med Chem Lett,2014.0,Muscarinic acetylcholine receptor M2,Ki,nM,5.76,287.14,0.11
CHEMBL165434,1.0,C[C@@H]1CN(C2CCN(C(=O)c3ccccc3O)CC2)CCN1[C@@H](C)c1ccc(S(=O)(=O)c2ccc3c(c2)OCO3)cc1,Scientific Literature,Binding affinity against human muscarinic acetylcholine receptor M2 using [3H]N-methylscopolamine as radioligand,B,,,Bioorg Med Chem Lett,2002.0,Muscarinic acetylcholine receptor M2,Ki,nM,9.0,591.73,4.33
CHEMBL276239,0.9,CC(C)Sc1ccc(CC2CCN(C3CCN(C(=O)c4cccc5ccccc45)CC3)CC2)cc1,Scientific Literature,Binding affinity against muscarinic acetylcholine receptor M2 stably expressed in CHO-K1 cells using [3H]-QNB as radioligand.,B,,,Bioorg Med Chem Lett,2002.0,Muscarinic acetylcholine receptor M2,Ki,nM,9.05,486.73,6.9
CHEMBL12419,48.0,CC(C)OC(=O)CSc1ccc(CC2CCN(C3CCN(C(=O)c4cccc5ccccc45)CC3)CC2)cc1,Scientific Literature,Binding affinity against muscarinic acetylcholine receptor M2 stably expressed in CHO-K1 cells using [3H]-QNB as radioligand.,B,,,Bioorg Med Chem Lett,2002.0,Muscarinic acetylcholine receptor M2,Ki,nM,7.32,544.76,6.44
CHEMBL4791819,407.38,CC1CCCN(C(=O)CCN2CCCc3ccccc32)C1,Scientific Literature,Displacement of [3H]-NMS from muscarinic M2 receptor (unknown origin) expressed in CHO-K1 cell membranes assessed as inhibition constant by radioligand competition analysis,B,Homo sapiens,,Bioorg Med Chem Lett,2020.0,Muscarinic acetylcholine receptor M2,Ki,nM,6.39,286.42,3.09
CHEMBL4792360,6165.95,O=C(CCN1CCCc2ccccc21)N1CCCC(O)C1,Scientific Literature,Displacement of [3H]-NMS from muscarinic M2 receptor (unknown origin) expressed in CHO-K1 cell membranes assessed as inhibition constant by radioligand competition analysis,B,Homo sapiens,,Bioorg Med Chem Lett,2020.0,Muscarinic acetylcholine receptor M2,Ki,nM,5.21,288.39,1.81
CHEMBL4775999,2454.71,CC1CCc2ccccc2N1CC(=O)N1CCCC1,Scientific Literature,Displacement of [3H]-NMS from muscarinic M2 receptor (unknown origin) expressed in CHO-K1 cell membranes assessed as inhibition constant by radioligand competition analysis,B,Homo sapiens,,Bioorg Med Chem Lett,2020.0,Muscarinic acetylcholine receptor M2,Ki,nM,5.61,258.37,2.45
CHEMBL4796491,645.65,O=C(CCN1CCCc2ccccc21)NCc1cccs1,Scientific Literature,Displacement of [3H]-NMS from muscarinic M2 receptor (unknown origin) expressed in CHO-K1 cell membranes assessed as inhibition constant by radioligand competition analysis,B,Homo sapiens,,Bioorg Med Chem Lett,2020.0,Muscarinic acetylcholine receptor M2,Ki,nM,6.19,300.43,3.21
CHEMBL4451030,1.072,CC(=O)N[C@@H](CCCCN)C(=O)N[C@@H](CCCNC(=N)N)C(=O)NCCCCC1CCN(CC(=O)N2c3ccccc3NC(=O)c3ccccc32)CC1.O=C(O)C(F)(F)F.O=C(O)C(F)(F)F.O=C(O)C(F)(F)F,Scientific Literature,Competitive displacement of [3H]-NMS from human muscarinic M2 receptor expressed in CHO-K9 cells using 0.2 nM [3H]-NMS after 3 hrs by microbeta2 scintillation counting method,B,Homo sapiens,,J Med Chem,2019.0,Muscarinic acetylcholine receptor M2,Ki,nM,8.97,1075.0,2.3
CHEMBL4563530,309.03,CC(=O)N[C@@H](CCC(N)=O)C(=O)N[C@@H](CC(C)C)C(=O)NCCCCC1CCN(CC(=O)N2c3ccccc3NC(=O)c3ccccc32)CC1.O=C(O)C(F)(F)F,Scientific Literature,Displacement of [3H]-NMS from human muscarinic M2 receptor expressed in CHO-K9 cells after 3 hrs by microbeta2 scintillation counting method,B,Homo sapiens,,J Med Chem,2019.0,Muscarinic acetylcholine receptor M2,Ki,nM,6.51,803.88,3.22
CHEMBL4451030,1.072,CC(=O)N[C@@H](CCCCN)C(=O)N[C@@H](CCCNC(=N)N)C(=O)NCCCCC1CCN(CC(=O)N2c3ccccc3NC(=O)c3ccccc32)CC1.O=C(O)C(F)(F)F.O=C(O)C(F)(F)F.O=C(O)C(F)(F)F,Scientific Literature,Displacement of [3H]-NMS from human muscarinic M2 receptor expressed in CHO-K9 cells after 3 hrs by microbeta2 scintillation counting method,B,Homo sapiens,,J Med Chem,2019.0,Muscarinic acetylcholine receptor M2,Ki,nM,8.97,1075.0,2.3
CHEMBL424416,1100.0,O=C(N1CCCNCC1)[C@](O)(c1ccccc1)[C@@H]1CCC(F)(F)C1,Scientific Literature,Binding affinity against human muscarinic acetylcholine receptor M2 in transfected CHO cells,B,,,Bioorg Med Chem Lett,2003.0,Muscarinic acetylcholine receptor M2,Ki,nM,5.96,338.4,2.13
CHEMBL71124,0.14,COc1ccc([S+]([O-])c2ccc(C(C)C3CCN(C4CCCCC4)CC3)cc2)cc1,Scientific Literature,Binding affinity against Muscarinic acetylcholine receptor M2,B,,,Bioorg Med Chem Lett,2000.0,Muscarinic acetylcholine receptor M2,Ki,nM,9.85,425.64,6.01
CHEMBL73501,500.0,CCN(CC)CCOCNC(=O)C1(c2ccc(Cl)c(Cl)c2)CCCCC1,Scientific Literature,Binding affinity towards muscarinic m2 receptor,B,,,J Med Chem,1994.0,Muscarinic acetylcholine receptor M2,Ki,nM,6.3,401.38,4.63
CHEMBL421864,1.6,CC(C)NC(=O)c1ccc(CC2CCN(C3CCN(C(=O)c4cccc5[nH]ccc45)CC3)CC2)cc1,Scientific Literature,Binding affinity against cloned human muscarinic acetylcholine receptor M2.,B,,,Bioorg Med Chem Lett,2004.0,Muscarinic acetylcholine receptor M2,Ki,nM,8.8,486.66,4.87
CHEMBL328059,0.16,CCOC(=O)N1CCC(N2CCC(C3(c4ccc(S(=O)(=O)c5ccc(OC)cc5)cc4)OCCO3)CC2)CC1,Scientific Literature,Binding affinity at human cloned acetylcholine receptor M2 in CHO cells.,B,,,Bioorg Med Chem Lett,2000.0,Muscarinic acetylcholine receptor M2,Ki,nM,9.8,558.7,4.06
CHEMBL51515,35.0,CC(C)NC(=O)c1ccc(C2(C3CCN(C4CCN(C(=O)c5ccccc5Cl)CC4)CC3)OCCO2)cc1,Scientific Literature,Binding affinity against cloned human muscarinic acetylcholine receptor M2.,B,,,Bioorg Med Chem Lett,2004.0,Muscarinic acetylcholine receptor M2,Ki,nM,7.46,540.1,4.69
CHEMBL71933,5400.0,CNCCC1CCN(C(=O)[C@](O)(c2ccccc2)[C@@H]2CCC(F)(F)C2)CC1,Scientific Literature,Binding affinity against human muscarinic acetylcholine receptor M2 in transfected CHO cells,B,,,Bioorg Med Chem Lett,2003.0,Muscarinic acetylcholine receptor M2,Ki,nM,5.27,380.48,3.16
CHEMBL4745885,3548.13,COC1CN(C(=O)CCN2CCCc3ccccc32)C1,Scientific Literature,Displacement of [3H]-NMS from muscarinic M2 receptor (unknown origin) expressed in CHO-K1 cell membranes assessed as inhibition constant by radioligand competition analysis,B,Homo sapiens,,Bioorg Med Chem Lett,2020.0,Muscarinic acetylcholine receptor M2,Ki,nM,5.45,274.36,1.69
CHEMBL4752380,16595.87,O=C(CCN1CCCc2ccccc21)N1CCC(O)C1,Scientific Literature,Displacement of [3H]-NMS from muscarinic M2 receptor (unknown origin) expressed in CHO-K1 cell membranes assessed as inhibition constant by radioligand competition analysis,B,Homo sapiens,,Bioorg Med Chem Lett,2020.0,Muscarinic acetylcholine receptor M2,Ki,nM,4.78,274.36,1.42
CHEMBL3323283,8.128,C[N+](C)(CCCCCC[N+]1(C)[C@@H]2C[C@H](OC(=O)[C@H](CO)c3ccccc3)C[C@H]1[C@@H]1O[C@@H]12)CCCN1C(=O)c2ccccc2C1=O.[Br-].[Br-],Scientific Literature,Displacement of [3H]-NMS from wild-type human muscarinic M2 receptor expressed in Flp-In-CHO cells by liquid scintillation counting,B,Homo sapiens,,J Med Chem,2014.0,Muscarinic acetylcholine receptor M2,Ki,nM,8.09,779.61,3.76
CHEMBL3217984,1000.0,CN1CCC2C(C1)c1cccc3c1N2c1ccccc1CS3,Scientific Literature,Binding affinity to M2 receptor (unknown origin) by PDSP assay,B,Homo sapiens,,Medchemcomm,2012.0,Muscarinic acetylcholine receptor M2,Ki,nM,,308.45,4.23
CHEMBL172646,148.0,C[C@@H]1OC(=O)[C@H]2C[C@H]3CCCC[C@@H]3[C@@H](CCCN3CCCC(O)C3)[C@@H]12,Scientific Literature,Binding affinity towards human muscarinic M2 receptor in CHO-KI cells using [3H]- QNB as radioligand,B,,,Bioorg Med Chem Lett,1999.0,Muscarinic acetylcholine receptor M2,Ki,nM,6.83,349.52,3.23
CHEMBL359847,1400.0,C[C@@H]1OC(=O)[C@H]2C[C@H]3CCCC[C@@H]3[C@@H]([C@@H](O)C[C@H]3CCC(C)(C)N3C)[C@@H]12,Scientific Literature,In vitro inhibitory activity against cloned human M2 muscarinic receptor,B,Homo sapiens,,Bioorg Med Chem Lett,2004.0,Muscarinic acetylcholine receptor M2,Ki,nM,,363.54,3.61
CHEMBL381623,0.79,CO[C@]1(C#CC(O)(c2ccccc2)c2ccccc2)CN2CCC1CC2,Scientific Literature,Binding affinity to human muscarinic M2 receptor,B,Homo sapiens,,Bioorg Med Chem Lett,2006.0,Muscarinic acetylcholine receptor M2,Ki,nM,9.1,347.46,3.04
CHEMBL200210,79.0,COC1(C#CC(O)(c2ccccc2)c2ccccn2)CN2CCC1CC2,Scientific Literature,Binding affinity to human muscarinic M2 receptor,B,Homo sapiens,,Bioorg Med Chem Lett,2006.0,Muscarinic acetylcholine receptor M2,Ki,nM,7.1,348.45,2.43
CHEMBL1424807,19952.62,Clc1cccc(N2CCNCC2)c1Cl,Scientific Literature,Displacement of [3H]-NMS from recombinant muscarinic M2 receptor (unknown origin) expressed in CHOK1 cells after 60 mins by liquid scintillation counting analysis,B,Homo sapiens,,J Med Chem,2013.0,Muscarinic acetylcholine receptor M2,Ki,nM,,231.13,2.4
CHEMBL327664,8000.0,OC1(C2=CN3CCC2CC3)c2ccccc2Oc2ccccc21,Scientific Literature,In vitro binding affinity towards muscarinic receptor in heart (M2) was determined,B,,,Bioorg Med Chem Lett,1994.0,Muscarinic acetylcholine receptor M2,Ki,nM,,305.38,3.64
CHEMBL3309715,100000.0,C[C@@]1(C[N+](C)(C)C)COCCO1.[I-],Scientific Literature,Displacement of [3H]NMS from human muscarinic M2 receptor transfected in CHO cells after 120 mins by scintillation counting analysis,B,Homo sapiens,,Bioorg Med Chem Lett,2014.0,Muscarinic acetylcholine receptor M2,Ki,nM,,301.17,0.5
CHEMBL357404,15900.0,COc1ccccc1C1(O)CN2CCC1CC2,Scientific Literature,Binding affinity for muscarinic acetylcholine receptor M2 by measuring displacement of [3H]QNB from guinea pig heart,B,Cavia porcellus,,J Med Chem,1995.0,Muscarinic acetylcholine receptor M2,Ki,nM,4.8,233.31,1.61
CHEMBL106247,1323.0,Cc1cccc(C)c1C(=O)N1CCC(C)(N2CCC(Cc3ccc(Br)cc3)CC2)CC1,Scientific Literature,Inhibitory activity against Muscarinic acetylcholine receptor M2,B,,,J Med Chem,2002.0,Muscarinic acetylcholine receptor M2,Ki,nM,5.88,483.49,6.02
CHEMBL216983,316.23,CN1CCC=C(c2nsnc2OCCOCCOCCOCCO)C1,Scientific Literature,Inhibition of [3H](R)-QNB binding to human M2 receptor expressed in A9 L cells,B,Homo sapiens,,J Med Chem,2006.0,Muscarinic acetylcholine receptor M2,Ki,nM,6.5,373.48,0.68
CHEMBL358289,17000.0,O=C(NC1CCN(CC2CCCCCC2)CC1)[C@](O)(c1ccccc1)[C@@H]1CCC(F)(F)C1,Scientific Literature,Inhibition of [3H]NMS binding to human muscarinic acetylcholine receptor M2 expressed in CHO cells,B,,,J Med Chem,2000.0,Muscarinic acetylcholine receptor M2,Ki,nM,4.77,448.6,4.86
CHEMBL50584,104.0,O=C(Nc1ccccc1)c1ccc(CC2CCN(C3CCN(C(=O)c4ccc(F)c5ccccc45)CC3)CC2)cc1,Scientific Literature,Binding affinity against cloned human muscarinic acetylcholine receptor M2.,B,,,Bioorg Med Chem Lett,2004.0,Muscarinic acetylcholine receptor M2,Ki,nM,6.98,549.69,6.79
CHEMBL402207,363.08,C[N+]1(CCCC(O)(c2ccccc2)c2ccccc2)CCC(C2CC[N+](C)(CCCC(O)(c3ccccc3)c3ccccc3)CC2)CC1.[I-].[I-],Scientific Literature,Displacement of [3H]N-methylscopolamine from human muscarinic M2 receptor expressed in CHO-K1 cells,B,Homo sapiens,,Bioorg Med Chem Lett,2008.0,Muscarinic acetylcholine receptor M2,Ki,nM,6.44,900.77,8.13
CHEMBL4752973,3311.31,O=C(CCN1CCCc2ccccc21)Nc1ccc(Cl)cc1,Scientific Literature,Displacement of [3H]-NMS from muscarinic M2 receptor (unknown origin) expressed in CHO-K1 cell membranes assessed as inhibition constant by radioligand competition analysis,B,Homo sapiens,,Bioorg Med Chem Lett,2020.0,Muscarinic acetylcholine receptor M2,Ki,nM,5.48,314.82,4.12
CHEMBL4786868,40738.03,O=C(CN1CCCc2cnccc21)N1CCCCC1,Scientific Literature,Displacement of [3H]-NMS from muscarinic M2 receptor (unknown origin) expressed in CHO-K1 cell membranes assessed as inhibition constant by radioligand competition analysis,B,Homo sapiens,,Bioorg Med Chem Lett,2020.0,Muscarinic acetylcholine receptor M2,Ki,nM,4.39,259.35,1.85
CHEMBL271108,9.0,CC(C)N(CC[C@H](c1ccccc1)c1cc(CCNC(=O)CCCCCNC(=O)COc2ccc(/C=C/C3=[N+]4C(=Cc5ccc(-c6cccs6)n5[B-]4(F)F)C=C3)cc2)ccc1O)C(C)C,Scientific Literature,Displacement of [3H]N-methyl Scopolamine from human cloned muscarinic M2 receptor expressed in CHO cells,B,Homo sapiens,,Bioorg Med Chem Lett,2008.0,Muscarinic acetylcholine receptor M2,Ki,nM,8.05,899.96,
CHEMBL146307,3400.0,NCc1cccc(CN2CCC(NC(=O)[C@](O)(c3ccccc3)[C@@H]3CCC(F)(F)C3)CC2)c1,Scientific Literature,Inhibition of [3H]NMS binding to human muscarinic acetylcholine receptor M2 expressed in CHO cells,B,,,J Med Chem,2000.0,Muscarinic acetylcholine receptor M2,Ki,nM,5.47,457.57,3.55
CHEMBL593685,27542.29,C[C@H]1OC[C@@H](C[N+](C)(C)C)OC1(C)C.[I-],Scientific Literature,Displacement of [3H]NMS from human muscarinic M2 receptor expressed in CHO cells by microplate scintillation counting,B,Homo sapiens,,Bioorg Med Chem,2009.0,Muscarinic acetylcholine receptor M2,Ki,nM,4.56,329.22,1.28
CHEMBL69383,15000.0,O=C(NC1CCNCC1)[C@](O)(c1ccccc1)[C@@H]1CCC(F)(F)C1,Scientific Literature,Binding affinity against human muscarinic acetylcholine receptor M2 in transfected CHO cells,B,,,Bioorg Med Chem Lett,2003.0,Muscarinic acetylcholine receptor M2,Ki,nM,4.82,338.4,2.18
CHEMBL170922,595.0,C[C@@H]1OC(=O)[C@H]2C[C@H]3CCCC[C@@H]3[C@@H](CCCN3CCN(C)CC3)[C@@H]12,Scientific Literature,Binding affinity towards human muscarinic M2 receptor in CHO-KI cells using [3H]- QNB as radioligand,B,,,Bioorg Med Chem Lett,1999.0,Muscarinic acetylcholine receptor M2,Ki,nM,6.22,348.53,3.02
CHEMBL355854,32.2,C[C@@H]1OC(=O)[C@H]2C[C@H]3CCCC[C@@H]3[C@@H](CC[C@H]3CCC[C@H](C)N3C)[C@@H]12,Scientific Literature,Binding affinity towards human muscarinic M2 receptor in CHO-KI cells using [3H]- QNB as radioligand,B,,,Bioorg Med Chem Lett,1999.0,Muscarinic acetylcholine receptor M2,Ki,nM,7.49,347.54,4.64
CHEMBL352739,0.16,COc1ccc(S(=O)(=O)c2ccc(C(C#N)N3CCN(C4CCCCC4)C[C@H]3C)cc2)cc1,Scientific Literature,Compound was tested for its binding affinity against cloned human Muscarinic acetylcholine receptor M2,B,,,Bioorg Med Chem Lett,2002.0,Muscarinic acetylcholine receptor M2,Ki,nM,9.8,467.64,4.43
CHEMBL435849,0.2,CCCCS(=O)(=O)N1CCC(N2CCN([C@@H](C)c3ccc(S(=O)(=O)c4ccc5c(c4)OCO5)cc3)[C@H](C)C2)CC1,Scientific Literature,Binding affinity against human cloned Muscarinic acetylcholine receptor M2.,B,,,Bioorg Med Chem Lett,2002.0,Muscarinic acetylcholine receptor M2,Ki,nM,9.7,591.8,3.91
CHEMBL106218,707.95,CCOC(=O)c1c(CC)n(C)c2ccc3c(c12)CN1CCc2cc(OC)ccc2C1O3,Scientific Literature,Inhibition of [3H]-NMS binding to human muscarinic acetylcholine receptor M2 in transfected CHO cells.,B,,,J Med Chem,2002.0,Muscarinic acetylcholine receptor M2,Ki,nM,6.15,420.51,4.38
CHEMBL73410,34.0,CC(c1ccc(S(=O)(=O)c2ccccc2)cc1)N1CCN(C)CC1,Scientific Literature,Binding affinity towards the cloned human Muscarinic acetylcholine receptor M2,B,,,Bioorg Med Chem Lett,2000.0,Muscarinic acetylcholine receptor M2,Ki,nM,7.47,344.48,2.83
CHEMBL4640846,1380.38,C[N+](C)(C)C[C@@H]1CO[C@@H](c2ccc(Sc3ccccc3)cc2)CO1.[I-],Scientific Literature,Displacement of [3H]NMS from human recombinant muscarinic receptor M2 expressed in CHO-K1 cell membranes incubated for 2 hrs by scintillation counting method,B,Homo sapiens,,J Med Chem,2020.0,Muscarinic acetylcholine receptor M2,Ki,nM,5.86,471.4,4.0
CHEMBL342137,985.0,Cc1nc(C)c(C(=O)N2CCC(C)(N3CCN([C@@H](C)c4ccc(C(F)(F)F)cc4)[C@@H](C)C3)CC2)c(C)n1,Scientific Literature,Binding affinity towards muscarinic receptor M2,B,,,Bioorg Med Chem Lett,2003.0,Muscarinic acetylcholine receptor M2,Ki,nM,6.01,517.64,5.18
CHEMBL139311,34.7,O=S(=O)(c1ccc(OC2CCN(C3CCN(S(=O)(=O)c4cccc5ccccc45)CC3)CC2)cc1)c1ccc2c(c1)OCO2,Scientific Literature,Binding affinity towards Muscarinic acetylcholine receptor M2 stably expressed in CHO-K1 cells using [3H]-QNB as radioligand,B,,,Bioorg Med Chem Lett,2001.0,Muscarinic acetylcholine receptor M2,Ki,nM,7.46,634.78,5.1
CHEMBL440601,22.0,CC(C)Sc1ccc(CC2CCN(C3CCN(C(=O)c4ccc(F)c5ccccc45)CC3)CC2)cc1,Scientific Literature,Binding affinity against muscarinic acetylcholine receptor M2 stably expressed in CHO-K1 cells using [3H]-QNB as radioligand.,B,,,Bioorg Med Chem Lett,2002.0,Muscarinic acetylcholine receptor M2,Ki,nM,7.66,504.72,7.04
CHEMBL3236549,10.0,CC(C)c1cc(N2CC[C@@H](N)C2)nc(N)n1,SGC Frankfurt - Donated Chemical Probes,M2 (h) CEREP panel,B,Homo sapiens,,,2022.0,Muscarinic acetylcholine receptor M2,Ki,nM,,221.31,0.72
CHEMBL4521993,2.6,O=C(OC1C[N+]2(CCCc3ccc(OC(F)(F)F)cc3)CCC1CC2)C(O)(c1ccccc1)c1ccccc1.[Br-],Scientific Literature,Displacement of [3H]NMS from human M2R expressed in CHOK1 cell membranes incubated for 2 hrs by microbeta scintillation counting method,B,Homo sapiens,,Bioorg Med Chem,2019.0,Muscarinic acetylcholine receptor M2,Ki,nM,8.59,620.51,5.61
CHEMBL234258,1.8,CN(C)C1(CNCCC2CCC(CO)CC2)COc2ccccc2OC1,Scientific Literature,Displacement of 1-[N-methyl- 3H]scopolamine from human muscarinic M2 receptor expressed in Sf9 cells,B,Homo sapiens,,Bioorg Med Chem Lett,2007.0,Muscarinic acetylcholine receptor M2,Ki,nM,8.74,362.51,2.54
CHEMBL233200,41.0,CN(C)C1(CNCCc2ccccc2F)COc2ccccc2OC1,Scientific Literature,Displacement of 1-[N-methyl- 3H]scopolamine from human muscarinic M2 receptor expressed in Sf9 cells,B,Homo sapiens,,Bioorg Med Chem Lett,2007.0,Muscarinic acetylcholine receptor M2,Ki,nM,7.39,344.43,2.73
CHEMBL275914,3100.0,O=C(NC[C@H]1CCCNC1)[C@H]1CCCN1C(=O)[C@@H]1CCCN1C(=O)CC(c1ccccc1)(c1ccccc1)c1ccccc1,Scientific Literature,Inhibition of [3H]NMS binding to human cloned M2 receptor expressed in CHO cells,B,Homo sapiens,,J Med Chem,2006.0,Muscarinic acetylcholine receptor M2,Ki,nM,5.51,592.78,4.51
CHEMBL70828,0.37,C=C(c1ccc(Sc2ccc(OC)cc2)cc1)C1CCN(C2CCCCC2)CC1,Scientific Literature,Binding affinity against Muscarinic acetylcholine receptor M2,B,,,Bioorg Med Chem Lett,2000.0,Muscarinic acetylcholine receptor M2,Ki,nM,9.43,407.62,6.9
CHEMBL3323280,5.248,CC(C)(CN1C(=O)c2ccccc2C1=O)C[N+](C)(C)CCCCCC[N+]1(C)[C@@H]2CC[C@@H]1CC(OC(=O)C(CO)c1ccccc1)C2.[Br-].[Br-],Scientific Literature,Displacement of [3H]-NMS from wild-type human muscarinic M2 receptor expressed in Flp-In-CHO cells by liquid scintillation counting,B,Homo sapiens,,J Med Chem,2014.0,Muscarinic acetylcholine receptor M2,Ki,nM,8.28,793.68,5.4
CHEMBL354534,0.6,COc1ccc(S(=O)(=O)c2ccc([C@H](C)N3CCN(C4CCN(C(=O)c5ccccc5C)CC4)C[C@H]3C)cc2)c(OC)c1,Scientific Literature,Binding affinity against human muscarinic acetylcholine receptor M2 using [3H]N-methylscopolamine as radioligand,B,,,Bioorg Med Chem Lett,2002.0,Muscarinic acetylcholine receptor M2,Ki,nM,9.22,605.8,5.22
CHEMBL39922,30000.0,CC1(C)OCC2(CN3CCC2CC3)O1,Scientific Literature,Compound was evaluated for its binding affinity against muscarinic acetylcholine receptor M2 in guinea pig heart using (-)-[3H]-QNB as radioligand,B,Cavia porcellus,,J Med Chem,1992.0,Muscarinic acetylcholine receptor M2,Ki,nM,4.52,197.28,1.23
CHEMBL554916,85.11,C[N+]1(C)CCC[C@@H]1[C@@H]1C[S+]([O-])[C@](c2ccccc2)(C2CCCCC2)O1.[I-],Scientific Literature,Displacement of [3H]NMS from human muscarinic M2 receptor expressed in CHO cells,B,Homo sapiens,,Bioorg Med Chem,2008.0,Muscarinic acetylcholine receptor M2,Ki,nM,7.07,489.46,3.81
CHEMBL554532,3715.35,C[N+]1(C)CCCC1c1ccco1.[I-],Scientific Literature,Displacement of [3H]NMS from human muscarinic M2 receptor expressed in CHO cells by liquid scintillation counter,B,Homo sapiens,,J Med Chem,2008.0,Muscarinic acetylcholine receptor M2,Ki,nM,5.43,293.15,2.19
CHEMBL451335,107151.93,c1coc([C@@H]2CCCN2)c1,Scientific Literature,Displacement of [3H]NMS from human muscarinic M2 receptor expressed in CHO cells by liquid scintillation counter,B,Homo sapiens,,J Med Chem,2008.0,Muscarinic acetylcholine receptor M2,Ki,nM,,137.18,1.7
CHEMBL5431371,386.0,CCN(CC)CCCC(C)Nc1cnc(C(=O)Nc2cc(F)cc3cccnc23)cn1,Scientific Literature,Binding affinity to M2 receptor (unknown origin) assessed as inhibition constant,B,Homo sapiens,,J Med Chem,2023.0,Muscarinic acetylcholine receptor M2,Ki,nM,6.41,424.52,4.34
CHEMBL5395401,680.0,CCN(CC)CCCC(C)Nc1cnc(C(=O)Nc2ccc(Cl)c3cccnc23)cn1,Scientific Literature,Binding affinity to M2 receptor (unknown origin) assessed as inhibition constant,B,Homo sapiens,,J Med Chem,2023.0,Muscarinic acetylcholine receptor M2,Ki,nM,6.17,440.98,4.85
CHEMBL314831,19.95,O=C(C1CCC1)N(c1ccc(Br)cc1)C1CCN(Cc2ccccc2)CC1,Scientific Literature,In vitro affinity for muscarinic M2 receptor.,B,,,Bioorg Med Chem Lett,2002.0,Muscarinic acetylcholine receptor M2,Ki,nM,7.7,427.39,5.25
CHEMBL411514,158.49,COC(C#C[C@@]1(OC)CN2CCC1CC2)(c1ccccc1)c1ccccc1,Scientific Literature,Displacement of [3H]N-methylscopolamine from human recombinant muscarinic M2 receptor expressed in CHO cells,B,Homo sapiens,,Bioorg Med Chem Lett,2008.0,Muscarinic acetylcholine receptor M2,Ki,nM,6.8,361.49,3.69
CHEMBL227378,6918.31,C[C@@H]1COC[C@H](C[N+](C)(C)C)O1.[I-],Scientific Literature,Displacement of [3H]NMS from human cloned muscarinic M2 receptor expressed in CHO cells,B,Homo sapiens,,Bioorg Med Chem Lett,2008.0,Muscarinic acetylcholine receptor M2,Ki,nM,5.16,301.17,0.5
CHEMBL360988,203.0,C[C@@H]1OC(=O)[C@H]2C[C@H]3CCCC[C@@H]3[C@@H](/C(O)=C/[C@H]3CCC[C@H](C)N3C)[C@@H]12,Scientific Literature,In vitro inhibitory activity against cloned human M2 muscarinic receptor,B,Homo sapiens,,Bioorg Med Chem Lett,2004.0,Muscarinic acetylcholine receptor M2,Ki,nM,6.69,361.53,4.31
CHEMBL362864,571.0,C[C@@H]1OC(=O)[C@H]2C=C3CCCC[C@@H]3/C(=C/CC3CCC(C)(C)[N+]3(C)C)[C@@H]12.[I-],Scientific Literature,In vitro inhibitory activity against cloned human M2 muscarinic receptor,B,Homo sapiens,,Bioorg Med Chem Lett,2004.0,Muscarinic acetylcholine receptor M2,Ki,nM,6.24,485.45,4.63
CHEMBL182777,1400.0,C[C@@H]1OC(=O)[C@H]2C=C3CCCC[C@@H]3[C@@H]([C@@H]3CC4CCC(C)(C)N4O3)[C@@H]12,Scientific Literature,In vitro inhibitory activity against cloned human M2 muscarinic receptor,B,Homo sapiens,,Bioorg Med Chem Lett,2004.0,Muscarinic acetylcholine receptor M2,Ki,nM,,345.48,3.86
CHEMBL1242950,980.0,CCCCC1CCN(CCCC(=O)c2ccccc2C)CC1,Scientific Literature,Displacement of [3H]-AFDX-384 from human muscarinic M2 receptor expressed in CHO-K1 cells,B,Homo sapiens,,J Med Chem,2010.0,Muscarinic acetylcholine receptor M2,Ki,nM,6.01,301.47,4.86
CHEMBL2021476,3.981,CN(C)[C@@H]1CCCC[C@H]1N(C)CC(=O)N1c2ccccc2NC(=O)c2ccccc21.O=C(O)C(=O)O.O=C(O)C(=O)O,Scientific Literature,Displacement of [3H]N-methylscopolamine chloride from human cloned muscarinic M2 receptor expressed in CHOK1 cells,B,Homo sapiens,,Bioorg Med Chem,2008.0,Muscarinic acetylcholine receptor M2,Ki,nM,8.4,586.6,3.72
CHEMBL3084658,3.981,C[N+]1(C)[C@@H]2CC[C@H]1C[C@@H](CC(O)(c1ccccc1)c1ccccc1)C2.[Br-],Scientific Literature,Displacement of [3H]N-methyl Scopolamine from human cloned muscarinic M2 receptor expressed in CHO cell membrane,B,Homo sapiens,,Bioorg Med Chem Lett,2009.0,Muscarinic acetylcholine receptor M2,Ki,nM,8.4,416.4,4.33
CHEMBL258906,3548.13,C[C@@H]1O[C@H]([C@@H]2CCC[N+]2(C)C)CS1,Scientific Literature,Binding affinity to human cloned muscarinic M2 receptor expressed in CHO cells,B,Homo sapiens,,Bioorg Med Chem,2008.0,Muscarinic acetylcholine receptor M2,Ki,nM,5.45,202.34,1.7
CHEMBL70860,0.4498,C=C(c1ccc(S(=O)(=O)c2ccc(OC)cc2)cc1)C1CCN(C2CCN(C(=O)OCc3ccccc3)CC2)CC1,Scientific Literature,Binding affinity to muscarinic M2 receptor,B,Homo sapiens,,Bioorg Med Chem Lett,2007.0,Muscarinic acetylcholine receptor M2,Ki,nM,9.35,574.74,6.05
CHEMBL571123,64.57,CN1CCCC1c1ccc(C(c2ccccc2)c2ccccc2)o1,Scientific Literature,Displacement of [3H]NMS from human cloned muscarinic M2 receptor expressed in CHO cells by scintillation counting,B,Homo sapiens,,J Med Chem,2010.0,Muscarinic acetylcholine receptor M2,Ki,nM,7.19,317.43,5.23
CHEMBL568775,87.1,C[N+]1(C)CCC[C@@H]1c1ccc([C@@](O)(c2ccccc2)C2CCCCC2)o1.[I-],Scientific Literature,Displacement of [3H]NMS from human cloned muscarinic M2 receptor expressed in CHO cells by scintillation counting,B,Homo sapiens,,J Med Chem,2010.0,Muscarinic acetylcholine receptor M2,Ki,nM,7.06,481.42,5.01
CHEMBL2042403,39810.72,C[N+](C)(C)C[C@@H]1COC[C@@H](c2ccccc2)O1.[I-],Scientific Literature,Displacement of [3H]N-methylscopolamine from human muscarinic M2 receptor expressed in CHO cells after 120 mins by scintillation counting,B,Homo sapiens,,J Med Chem,2012.0,Muscarinic acetylcholine receptor M2,Ki,nM,4.4,363.24,1.85
CHEMBL84113,1700.0,O=C(OC1CC2CCCC1N2)c1ccccc1,Scientific Literature,Inhibition of [3H]- oxotremorine-M binding to human Muscarinic acetylcholine receptor M2 expressed in CHO cell membranes,B,Homo sapiens,,J Med Chem,2000.0,Muscarinic acetylcholine receptor M2,Ki,nM,5.77,231.29,2.13
CHEMBL11710,1500.0,O=C(O)CSc1ccc(CC2CCN(C3CCN(C(=O)c4cccc5ccccc45)CC3)CC2)cc1,Scientific Literature,Binding affinity against muscarinic acetylcholine receptor M2 stably expressed in CHO-K1 cells using [3H]-QNB as radioligand.,B,,,Bioorg Med Chem Lett,2002.0,Muscarinic acetylcholine receptor M2,Ki,nM,5.82,502.68,5.58
CHEMBL144737,53000.0,OC1(c2ccoc2)CN2CCC1CC2,Scientific Literature,Binding affinity for muscarinic acetylcholine receptor M2 by measuring displacement of [3H]QNB from guinea pig heart,B,Cavia porcellus,,J Med Chem,1995.0,Muscarinic acetylcholine receptor M2,Ki,nM,,193.25,1.19
CHEMBL76164,0.01,CCCS(=O)(=O)N1CCC(N2CCC(C3(c4ccc(S(=O)(=O)c5ccc6c(c5)OCO6)cc4)OCCO3)CC2)CC1,Scientific Literature,Antagonistic activity against Muscarinic acetylcholine receptor M2,F,,,Bioorg Med Chem Lett,2001.0,Muscarinic acetylcholine receptor M2,Ki,nM,11.0,606.76,3.36
CHEMBL27979,933.25,C[C@H]1CC[C@H](C)N1CCCOc1ccc(-c2ccc(C(=O)N3CCOCC3)cc2)cc1,Scientific Literature,Binding affinity towards human muscarinic M2 receptor,B,,,Bioorg Med Chem Lett,2003.0,Muscarinic acetylcholine receptor M2,Ki,nM,6.03,422.57,4.47
CHEMBL53190,1300.0,O=C(NC1CCCCC1)c1ccc(CC2CCN(C3CCN(C(=O)c4ccc(F)c5ccccc45)CC3)CC2)cc1,Scientific Literature,Binding affinity against cloned human muscarinic acetylcholine receptor M2.,B,,,Bioorg Med Chem Lett,2004.0,Muscarinic acetylcholine receptor M2,Ki,nM,5.89,555.74,6.6
CHEMBL3351103,100000.0,C[C@@H]1O[C@H]([C@H]2CCCN2C)C[S@+]1[O-],Scientific Literature,Binding affinity to cloned human muscarinic M2 receptor expressed in CHO cells,B,Homo sapiens,,J Med Chem,2006.0,Muscarinic acetylcholine receptor M2,Ki,nM,,203.31,0.57
CHEMBL72408,0.35,C=C(c1ccc(S(=O)(=O)c2ccc(OC)cc2)cc1)C1CCN(C2CCN(C(=O)OCCCC)CC2)CC1,Scientific Literature,Binding affinity against Muscarinic acetylcholine receptor M2 stably expressed in CHO-K1 cells.,B,,,Bioorg Med Chem Lett,2000.0,Muscarinic acetylcholine receptor M2,Ki,nM,9.46,540.73,5.65
CHEMBL212141,1500.0,CC(C)NC(=O)[C@H]1CCCN1C(=O)[C@@H]1C[C@@H](O)CN1C(=O)CC(c1ccc(F)cc1)(c1ccc(F)cc1)c1ccc(F)cc1,Scientific Literature,Inhibition of [3H]NMS binding to human cloned M2 receptor expressed in CHO cells,B,Homo sapiens,,J Med Chem,2006.0,Muscarinic acetylcholine receptor M2,Ki,nM,5.82,607.67,4.31
CHEMBL213709,1300.0,CCN1CCC(CNC(=O)[C@H]2CCCN2C(=O)[C@@H]2C[C@@H](O)CN2C(=O)CC(c2ccc(F)cc2)(c2ccc(F)cc2)c2ccc(F)cc2)CC1,Scientific Literature,Inhibition of [3H]NMS binding to human cloned M2 receptor expressed in CHO cells,B,Homo sapiens,,J Med Chem,2006.0,Muscarinic acetylcholine receptor M2,Ki,nM,5.89,690.81,4.63
CHEMBL24369,246.0,CCN(CC)CCCCCOC(=O)C(C)(c1ccccc1)C1CCCCC1,Scientific Literature,Antimuscarinic potency and subset specificity was characterised by its inhibition of the [3H]NMS Binding to Muscarinic acetylcholine receptor M2 subtype,B,,,J Med Chem,1992.0,Muscarinic acetylcholine receptor M2,Ki,nM,6.61,373.58,5.58
CHEMBL310558,3100.0,CCC(=O)OC1CC2CCCC1N2,Scientific Literature,Inhibition of [3H]- quinuclidinyl benzilate binding to human Muscarinic acetylcholine receptor M2 expressed in CHO cell membrane,B,Homo sapiens,,J Med Chem,2000.0,Muscarinic acetylcholine receptor M2,Ki,nM,5.51,183.25,1.22
CHEMBL181447,68.0,C[C@@H]1OC(=O)[C@H]2C=C3CCCC[C@@H]3/C(=C/CC3CCC(C)(C)N3C)[C@@H]12,Scientific Literature,In vitro inhibitory activity against cloned human M2 muscarinic receptor,B,Homo sapiens,,Bioorg Med Chem Lett,2004.0,Muscarinic acetylcholine receptor M2,Ki,nM,7.17,343.51,4.48
CHEMBL182761,13.3,C[C@@H]1OC(=O)[C@H]2C[C@H]3CCCC[C@@H]3/C(=C/C[C@H]3CCC[C@H](C)N3C)[C@@H]12,Scientific Literature,In vitro inhibitory activity against cloned human M2 muscarinic receptor,B,Homo sapiens,,Bioorg Med Chem Lett,2004.0,Muscarinic acetylcholine receptor M2,Ki,nM,7.88,345.53,4.56
CHEMBL71971,7.3,COc1ccc(S(=O)(=O)c2ccc(C(C#N)N3CCN(C4CCCCC4)CC3)cc2)cc1,Scientific Literature,Binding affinity against Muscarinic acetylcholine receptor M2,B,,,Bioorg Med Chem Lett,2000.0,Muscarinic acetylcholine receptor M2,Ki,nM,8.14,453.61,4.04
CHEMBL4591883,21.0,O=C(OC1C[N+]2(Cc3ccccc3)CCC1CC2)C(O)(c1ccccc1)c1ccccc1.[Br-],Scientific Literature,Displacement of [3H]NMS from human M2R expressed in CHOK1 cell membranes incubated for 2 hrs by microbeta scintillation counting method,B,Homo sapiens,,Bioorg Med Chem,2019.0,Muscarinic acetylcholine receptor M2,Ki,nM,7.68,508.46,4.27
CHEMBL147672,1800.0,O=C(NC1CCN(Cc2ccoc2)CC1)C(O)(c1ccccc1)C1CCCC1,Scientific Literature,Inhibition of [3H]NMS binding to human muscarinic acetylcholine receptor M2 expressed in CHO cells,B,,,J Med Chem,2000.0,Muscarinic acetylcholine receptor M2,Ki,nM,5.75,382.5,3.44
CHEMBL85892,5.012,O=C(c1ccccc1)N(c1ccc(Br)cc1)C1CCN(Cc2ccccc2)CC1,Scientific Literature,In vitro affinity for muscarinic M2 receptor.,B,,,Bioorg Med Chem Lett,2002.0,Muscarinic acetylcholine receptor M2,Ki,nM,8.3,449.39,5.76
CHEMBL148328,4600.0,O=C(NC1CCN(Cc2cccnc2)CC1)C(O)(c1ccccc1)C1CCCC1,Scientific Literature,Inhibition of [3H]NMS binding to human muscarinic acetylcholine receptor M2 expressed in CHO cells,B,,,J Med Chem,2000.0,Muscarinic acetylcholine receptor M2,Ki,nM,5.34,393.53,3.24
CHEMBL309172,10000.0,CCN(CC)CCOCCOC(=O)C(C)c1ccccc1,Scientific Literature,Binding affinity towards muscarinic m2 receptor,B,,,J Med Chem,1994.0,Muscarinic acetylcholine receptor M2,Ki,nM,,293.41,2.69
CHEMBL147105,2400.0,O=C(NC1CCN(Cc2ccccn2)CC1)[C@](O)(c1ccccc1)[C@@H]1CCC(F)(F)C1,Scientific Literature,Inhibition of [3H]NMS binding to human muscarinic acetylcholine receptor M2 expressed in CHO cells,B,,,J Med Chem,2000.0,Muscarinic acetylcholine receptor M2,Ki,nM,5.62,429.51,3.49
CHEMBL222387,2.0,O=C1NC(c2ccccc2)(c2ccccc2)CN1C1CCCN(Cc2ccccc2)CC1,Scientific Literature,Displacement of [3H]N-methyl-scopolamine from human muscarinic M2 receptor expressed in CHO K1 cells,B,Homo sapiens,,J Med Chem,2007.0,Muscarinic acetylcholine receptor M2,Ki,nM,8.7,425.58,5.01
CHEMBL387546,2.39,C[N+]1(CCOc2ccccc2)CC[C@@H](N2CC(c3ccccc3)(c3ccccc3)NC2=O)C1,Scientific Literature,Displacement of [3H]N-methyl-scopolamine from human muscarinic M2 receptor expressed in CHOK1 cells,B,Homo sapiens,,J Med Chem,2007.0,Muscarinic acetylcholine receptor M2,Ki,nM,8.62,442.58,4.25
CHEMBL376900,27.4,C[N+]1(C[C@H]2O[C@@H]2c2ccccc2)CCC(N2CC(c3ccccc3)(c3ccccc3)NC2=O)C1,Scientific Literature,Displacement of [3H]N-methyl-scopolamine from human muscarinic M2 receptor expressed in CHOK1 cells,B,Homo sapiens,,J Med Chem,2007.0,Muscarinic acetylcholine receptor M2,Ki,nM,7.56,454.59,4.31
CHEMBL222636,31.5,C[N+]1(CC(=O)c2ccccc2)CCC(N2CC(c3ccccc3)(c3ccccc3)NC2=O)C1,Scientific Literature,Displacement of [3H]N-methyl-scopolamine from human muscarinic M2 receptor expressed in CHOK1 cells,B,Homo sapiens,,J Med Chem,2007.0,Muscarinic acetylcholine receptor M2,Ki,nM,7.5,440.57,4.06
CHEMBL223016,328.0,O=C1NC(c2ccccc2)(c2ccccc2)CN1C1CCN(Cc2cccc(Cl)c2)CC1,Scientific Literature,Displacement of [3H]N-methyl-scopolamine from human muscarinic M2 receptor expressed in CHO K1 cells,B,Homo sapiens,,J Med Chem,2007.0,Muscarinic acetylcholine receptor M2,Ki,nM,6.48,445.99,5.27
CHEMBL223186,411.0,O=C1NC(c2ccccc2)(c2ccccc2)CN1C1CCN(CCc2ccccc2)CC1,Scientific Literature,Displacement of [3H]N-methyl-scopolamine from human muscarinic M2 receptor expressed in CHO K1 cells,B,Homo sapiens,,J Med Chem,2007.0,Muscarinic acetylcholine receptor M2,Ki,nM,6.39,425.58,4.66
CHEMBL222424,207.0,O=C1NC(c2ccc(F)cc2)(c2ccc(F)cc2)CN1C1CCN(Cc2ccccc2)CC1,Scientific Literature,Displacement of [3H]N-methyl-scopolamine from human muscarinic M2 receptor expressed in CHO K1 cells,B,Homo sapiens,,J Med Chem,2007.0,Muscarinic acetylcholine receptor M2,Ki,nM,6.68,447.53,4.9
CHEMBL11856,192.0,CC(C)Sc1ccc(CC2CCN(C3CCN(C(=O)c4ccccc4Cl)CC3)CC2)cc1,Scientific Literature,Binding affinity against muscarinic acetylcholine receptor M2 stably expressed in CHO-K1 cells using [3H]-QNB as radioligand.,B,,,Bioorg Med Chem Lett,2002.0,Muscarinic acetylcholine receptor M2,Ki,nM,6.72,471.11,6.4
CHEMBL112297,851.14,CCCCCCCCCCCCCCCC(=O)OC[C@H](NC(=O)CNC(=O)CCCCCCCCCCCCC)C(=O)OCc1ccccc1,Scientific Literature,Ability to displace [3H]QNB from HM2 receptor binding to acetylcholine was evaluated by ligand inhibition assay,B,,,Bioorg Med Chem Lett,1999.0,Muscarinic acetylcholine receptor M2,Ki,nM,6.07,701.05,10.06
CHEMBL12115,134.0,CC(C)Sc1ccc(CC2CCN(C3CCN(C(=O)c4ccc(Cl)cc4Cl)CC3)CC2)cc1,Scientific Literature,Binding affinity against muscarinic acetylcholine receptor M2 stably expressed in CHO-K1 cells using [3H]-QNB as radioligand.,B,,,Bioorg Med Chem Lett,2002.0,Muscarinic acetylcholine receptor M2,Ki,nM,6.87,505.56,7.05
CHEMBL595265,13803.84,C[C@@H]1OC[C@@H](C[N+](C)(C)C)O[C@H]1C.[I-],Scientific Literature,Displacement of [3H]NMS from human muscarinic M2 receptor expressed in CHO cells by microplate scintillation counting,B,Homo sapiens,,Bioorg Med Chem,2009.0,Muscarinic acetylcholine receptor M2,Ki,nM,4.86,315.2,0.88
CHEMBL593871,16595.87,C[C@H]1OC[C@@H](C[N+](C)(C)C)O[C@@H]1C.[I-],Scientific Literature,Displacement of [3H]NMS from human muscarinic M2 receptor expressed in CHO cells by microplate scintillation counting,B,Homo sapiens,,Bioorg Med Chem,2009.0,Muscarinic acetylcholine receptor M2,Ki,nM,4.78,315.2,0.88
CHEMBL104210,7244.36,CCCCCc1[nH]c2ccc3c(c2c1C(=O)OCC)CN1CCc2cc(OC)ccc2C1O3,Scientific Literature,Inhibition of [3H]-NMS binding to human muscarinic acetylcholine receptor M2 in transfected CHO cells.,B,,,J Med Chem,2002.0,Muscarinic acetylcholine receptor M2,Ki,nM,5.14,448.56,5.54
CHEMBL583051,6.761,CN1CCCC1c1ccc(C(O)(c2ccccc2)C2CCCCC2)o1,Scientific Literature,Displacement of [3H]NMS from human cloned muscarinic M2 receptor expressed in CHO cells by scintillation counting,B,Homo sapiens,,J Med Chem,2010.0,Muscarinic acetylcholine receptor M2,Ki,nM,8.17,339.48,4.86
CHEMBL571121,4.571,CN1CCC[C@@H]1c1ccc([C@](O)(c2ccccc2)C2CCCCC2)o1,Scientific Literature,Displacement of [3H]NMS from human cloned muscarinic M2 receptor expressed in CHO cells by scintillation counting,B,Homo sapiens,,J Med Chem,2010.0,Muscarinic acetylcholine receptor M2,Ki,nM,8.34,339.48,4.86
CHEMBL2042402,6456.54,C[N+](C)(C)C[C@@H]1COC[C@H](c2ccccc2)O1.[I-],Scientific Literature,Displacement of [3H]N-methylscopolamine from human muscarinic M2 receptor expressed in CHO cells after 120 mins by scintillation counting,B,Homo sapiens,,J Med Chem,2012.0,Muscarinic acetylcholine receptor M2,Ki,nM,5.19,363.24,1.85
CHEMBL2042400,6309.57,CC[C@H]1COC[C@@H](C[N+](C)(C)C)O1.[I-],Scientific Literature,Displacement of [3H]N-methylscopolamine from human muscarinic M2 receptor expressed in CHO cells after 120 mins by scintillation counting,B,Homo sapiens,,J Med Chem,2012.0,Muscarinic acetylcholine receptor M2,Ki,nM,5.2,315.2,0.89
CHEMBL4448108,0.2692,CN(CCCCCCCCN(C)CCCCCCN(CC(=O)N1c2ccccc2C(=O)Nc2cccnc21)CC(=O)N1c2ccccc2C(=O)Nc2cccnc21)CCCCCCNCC(=O)N1c2ncccc2NC(=O)c2cccnc21,Scientific Literature,Displacement of [3H]-NMS from human muscarinic M2 receptor expressed in CHO-K1 cells after 3 hrs by beta counting method,B,Homo sapiens,,J Med Chem,2019.0,Muscarinic acetylcholine receptor M2,Ki,nM,9.57,1125.39,
CHEMBL4582879,0.0631,CC(=O)N[C@@H](CCCCN)C(=O)N[C@@H](C)C(=O)N[C@@H](CCCNC(=N)N)C(=O)NCCN1CCN(CCCCC2CCN(CC(=O)N3c4ccccc4NC(=O)c4ccccc43)CC2)CC1.O=C(O)C(F)(F)F.O=C(O)C(F)(F)F.O=C(O)C(F)(F)F.O=C(O)C(F)(F)F.O=C(O)C(F)(F)F,Scientific Literature,Displacement of [3H]-NMS from human muscarinic M2 receptor expressed in CHO-K9 cells after 3 hrs by microbeta2 scintillation counting method,B,Homo sapiens,,J Med Chem,2019.0,Muscarinic acetylcholine receptor M2,Ki,nM,10.2,1486.3,1.42
CHEMBL4555411,19.95,CC(=O)N[C@@H](Cc1c[nH]c2ccccc12)C(=O)N[C@@H](C)C(=O)N[C@@H](Cc1ccc(O)cc1)C(=O)NCCCCC1CCN(CC(=O)N2c3ccccc3NC(=O)c3ccccc32)CC1.O=C(O)C(F)(F)F,Scientific Literature,Displacement of [3H]-NMS from human muscarinic M2 receptor expressed in CHO-K9 cells after 3 hrs by microbeta2 scintillation counting method,B,Homo sapiens,,J Med Chem,2019.0,Muscarinic acetylcholine receptor M2,Ki,nM,7.7,983.06,5.08
CHEMBL556390,194.98,C[N+]1(C)CCC[C@@H]1[C@@H]1C[S+]([O-])C(c2ccccc2)(c2ccccc2)O1.[I-],Scientific Literature,Displacement of [3H]NMS from human muscarinic M2 receptor expressed in CHO cells,B,Homo sapiens,,Bioorg Med Chem,2008.0,Muscarinic acetylcholine receptor M2,Ki,nM,6.71,483.42,3.27
CHEMBL556390,69.18,C[N+]1(C)CCC[C@@H]1[C@@H]1C[S+]([O-])C(c2ccccc2)(c2ccccc2)O1.[I-],Scientific Literature,Displacement of [3H]NMS from human muscarinic M2 receptor expressed in CHO cells,B,Homo sapiens,,Bioorg Med Chem,2008.0,Muscarinic acetylcholine receptor M2,Ki,nM,7.16,483.42,3.27
CHEMBL569212,363.08,CN1CCC[C@@H]1c1ccc([C@@](O)(c2ccccc2)C2CCCCC2)o1,Scientific Literature,Displacement of [3H]NMS from human cloned muscarinic M2 receptor expressed in CHO cells by scintillation counting,B,Homo sapiens,,J Med Chem,2010.0,Muscarinic acetylcholine receptor M2,Ki,nM,6.44,339.48,4.86
CHEMBL2441754,100000.0,CN(C)C[C@@H]1CNC(=O)O1,Scientific Literature,Displacement of [3H]NMS from human muscarinic M2 receptor expressed in CHO cells,B,Homo sapiens,,Bioorg Med Chem Lett,2013.0,Muscarinic acetylcholine receptor M2,Ki,nM,,144.17,-0.34
CHEMBL355510,12.0,O=C(c1cccc2cccnc12)N1CCC(N2CCC(Oc3ccc(S(=O)(=O)c4ccc5c(c4)OCO5)cc3)CC2)CC1,Scientific Literature,Binding affinity towards Muscarinic acetylcholine receptor M2 stably expressed in CHO-K1 cells using [3H]-QNB as radioligand,B,,,Bioorg Med Chem Lett,2001.0,Muscarinic acetylcholine receptor M2,Ki,nM,7.92,599.71,4.94
CHEMBL105674,3235.94,CCOC(=O)c1c(C)[nH]c2ccc3c(c12)CN1CCc2cc(Cl)ccc2C1O3,Scientific Literature,Inhibition of [3H]-NMS binding to human muscarinic acetylcholine receptor M2 in transfected CHO cells.,B,,,J Med Chem,2002.0,Muscarinic acetylcholine receptor M2,Ki,nM,5.49,396.87,4.76
CHEMBL2436555,10000.0,Cl.NC1=Nc2ccc(Cl)cc2CN1,Scientific Literature,Binding affinity to human recombinant muscarinic M2 receptor expressed in CHO cells after 90 mins by radioligand displacement assay,B,Homo sapiens,,Bioorg Med Chem Lett,2013.0,Muscarinic acetylcholine receptor M2,Ki,nM,,218.09,1.39
CHEMBL69582,820.0,NCCN1CCN(C(=O)[C@](O)(c2ccccc2)[C@@H]2CCC(F)(F)C2)CC1,Scientific Literature,Binding affinity against human muscarinic acetylcholine receptor M2 in transfected CHO cells,B,,,Bioorg Med Chem Lett,2003.0,Muscarinic acetylcholine receptor M2,Ki,nM,6.09,367.44,1.41
CHEMBL2449003,4.571,CN1[C@@H]2CC[C@H]1CC(OC(=O)[C@H](CO)c1ccccc1)C2,Scientific Literature,Displacement of [3H]-NMS from human muscarinic M2 Y177Q/T423H mutant expressed in Flp-In-CHO cells by liquid scintillation counting,B,Homo sapiens,,J Med Chem,2014.0,Muscarinic acetylcholine receptor M2,Ki,nM,8.34,289.38,1.93
CHEMBL3323279,18.2,C[N+](C)(C)CCCCCC[N+]1(C)[C@@H]2CC[C@@H]1CC(OC(=O)C(CO)c1ccccc1)C2.[Br-].[Br-],Scientific Literature,Displacement of [3H]-NMS from human muscarinic M2 Y177Q/T423H mutant expressed in Flp-In-CHO cells by liquid scintillation counting,B,Homo sapiens,,J Med Chem,2014.0,Muscarinic acetylcholine receptor M2,Ki,nM,7.74,592.46,3.71
CHEMBL3323283,7.079,C[N+](C)(CCCCCC[N+]1(C)[C@@H]2C[C@H](OC(=O)[C@H](CO)c3ccccc3)C[C@H]1[C@@H]1O[C@@H]12)CCCN1C(=O)c2ccccc2C1=O.[Br-].[Br-],Scientific Literature,Displacement of [3H]-NMS from human muscarinic M2 Y177Q/T423H mutant expressed in Flp-In-CHO cells by liquid scintillation counting,B,Homo sapiens,,J Med Chem,2014.0,Muscarinic acetylcholine receptor M2,Ki,nM,8.15,779.61,3.76
CHEMBL3323281,21.38,CC(C)(CN1C(=O)c2cccc3cccc(c23)C1=O)C[N+](C)(C)CCCCCC[N+]1(C)[C@@H]2CC[C@@H]1CC(OC(=O)C(CO)c1ccccc1)C2.[Br-].[Br-],Scientific Literature,Displacement of [3H]-NMS from human muscarinic M2 W422A mutant expressed in Flp-In-CHO cells by liquid scintillation counting,B,Homo sapiens,,J Med Chem,2014.0,Muscarinic acetylcholine receptor M2,Ki,nM,7.67,843.74,6.56
CHEMBL3323287,19.5,CC(C)(CN1C(=O)c2cccc3cccc(c23)C1=O)C[N+](C)(C)CCCCCC[N+](C)(C)CC#CCOC1=NOCC1.[Br-].[Br-],Scientific Literature,Displacement of [3H]-NMS from human muscarinic M2 W422A mutant expressed in Flp-In-CHO cells by liquid scintillation counting,B,Homo sapiens,,J Med Chem,2014.0,Muscarinic acetylcholine receptor M2,Ki,nM,7.71,736.59,4.93
CHEMBL146249,2300.0,CC(C)=CCCN1CCC(NC(=O)[C@](O)(c2ccccc2)[C@H]2CC[C@@H](F)C2)CC1,Scientific Literature,Inhibition of [3H]NMS binding to human muscarinic acetylcholine receptor M2 expressed in CHO cells,B,,,J Med Chem,2000.0,Muscarinic acetylcholine receptor M2,Ki,nM,5.64,402.55,3.95
CHEMBL51982,106.0,Cc1ccccc1C(=O)N1CCC(N2CCC(Cc3ccc(C(=O)NC(C)(C)C)cc3)CC2)CC1,Scientific Literature,Binding affinity against cloned human muscarinic acetylcholine receptor M2.,B,,,Bioorg Med Chem Lett,2004.0,Muscarinic acetylcholine receptor M2,Ki,nM,6.97,475.68,5.08
CHEMBL352375,575.44,CC(C1=C(CCN(C(C)C)C(C)C)Cc2ccccc21)c1ccccn1,Scientific Literature,Binding affinity towards cloned human muscarinic acetylcholine receptor M2 stably expressed in CHO-K1 cells using [3H]N-methylscopolamine,B,,,J Med Chem,2003.0,Muscarinic acetylcholine receptor M2,Ki,nM,6.24,348.53,5.7
CHEMBL4116470,0.5248,CCC(=O)NCc1cc(C(=O)NCCNC(=O)CCc2cn(CCCCC3CCN(CC(=O)N4c5ccccc5NC(=O)c5ccccc54)CC3)cn2)cc(C(=O)NCCNC(=O)CCc2cn(CCCCC3CCN(CC(=O)N4c5ccccc5NC(=O)c5ccccc54)CC3)cn2)c1,Scientific Literature,"Displacement of 4-(2-((1E,3E)-5-((E)-1-(6-((3,5-Bis((2-(3-(1-(4-(1-(2-oxo-2-(11-oxo-10,11-dihydro-5H-dibenzo[b,e][1,4]diazepin-5-yl)ethyl)piperidin-4-yl)butyl)-1H-imidazol-4-yl)propanamido)ethyl)carbamoyl)benzyl)amino)-6-oxohexyl)-3,3-dimethyl-5-sulfoindolin-2-ylidene)penta-1,3-dien-1-yl)-3,3-dimethyl-3H-indol-1-ium-1-yl)butane-1-sulfonate Tris(hydrotrifluoroacetate) fluorescent tracer from human muscarinic M2 receptor expressed in CHO-K9 cells measured after 60 mins by Hoechst H33342 dye based confocal plate reader assay",B,Homo sapiens,,J Med Chem,2020.0,Muscarinic acetylcholine receptor M2,Ki,nM,9.28,1358.66,
CHEMBL4634575,53.7,C[N+]1=C(/C=C/C=C/C=C2/N(CCCCCC(=O)NCCCCC3CCN(CC(=O)N4c5ccccc5NC(=O)c5ccccc54)CC3)c3ccccc3C2(C)C)C(C)(C)c2ccccc21.O=C(O)C(F)(F)F.O=C([O-])C(F)(F)F,Scientific Literature,Displacement of [3H]-NMS from human muscarinic M2 receptor stably expressed in CHO-K9 cells by radioligand competitive binding assay,B,Homo sapiens,,J Med Chem,2020.0,Muscarinic acetylcholine receptor M2,Ki,nM,7.27,1099.23,10.98
CHEMBL4641714,1.349,CC1(C)C(/C=C/C=C/C=C2/N(CCCCCC(=O)NCCN3CCN(CCCCC4CCN(CC(=O)N5c6ccccc6NC(=O)c6ccccc65)CC4)CC3)c3ccccc3C2(C)C)=[N+](CCCCS(=O)(=O)[O-])c2ccccc21.O=C(O)C(F)(F)F.O=C(O)C(F)(F)F.O=C(O)C(F)(F)F,Scientific Literature,Displacement of [3H]-NMS from human muscarinic M2 receptor stably expressed in CHO-K9 cells by radioligand competitive binding assay,B,Homo sapiens,,J Med Chem,2020.0,Muscarinic acetylcholine receptor M2,Ki,nM,8.87,1447.57,
CHEMBL4089376,9120.11,Cc1c(Cl)c(OCC(=O)N2CCN(C)CC2)nc2sc(C(=O)NC3CC3)c(N)c12,Scientific Literature,"Displacement of 4-(2-((1E,3E)-5-((E)-3,3-Dimethyl-1-(6-oxo-6-((2-(3-(1-(4-(1-(2-oxo-2-(11-oxo-10,11-dihydro-5H-dibenzo[b,e][1,4]diazepin-5-yl)ethyl)piperidin-4-yl)butyl)-1H-imidazol-4-yl)propanamido)ethyl)-amino)hexyl)-5-sulfoindolin-2-ylidene)penta-1,3-dien-1-yl)-3,3-dimethyl-3H-indol-1-ium-1-yl)butane-1-sulfonateHydrotrifluoroacetate fluorescent tracer from human muscarinic M2 receptor expressed in CHO-K9 cells measured after 60 mins by Hoechst H33342 dye based confocal plate reader assay",B,Homo sapiens,,J Med Chem,2020.0,Muscarinic acetylcholine receptor M2,Ki,nM,5.04,437.95,1.89
CHEMBL4089376,9332.54,Cc1c(Cl)c(OCC(=O)N2CCN(C)CC2)nc2sc(C(=O)NC3CC3)c(N)c12,Scientific Literature,"Displacement of 4-(2-((1E,3E)-5-((E)-1-(6-((3,5-Bis((2-(3-(1-(4-(1-(2-oxo-2-(11-oxo-10,11-dihydro-5H-dibenzo[b,e][1,4]diazepin-5-yl)ethyl)piperidin-4-yl)butyl)-1H-imidazol-4-yl)propanamido)ethyl)carbamoyl)benzyl)amino)-6-oxohexyl)-3,3-dimethyl-5-sulfoindolin-2-ylidene)penta-1,3-dien-1-yl)-3,3-dimethyl-3H-indol-1-ium-1-yl)butane-1-sulfonate Tris(hydrotrifluoroacetate) fluorescent tracer from human muscarinic M2 receptor expressed in CHO-K9 cells measured after 60 mins by Hoechst H33342 dye based confocal plate reader assay",B,Homo sapiens,,J Med Chem,2020.0,Muscarinic acetylcholine receptor M2,Ki,nM,5.03,437.95,1.89
CHEMBL4093215,790.0,C[N+](C)(C)C1CCc2ccc3ccoc3c2C1.O=C[O-],Scientific Literature,Displacement of [3H]N-methyl-scopolamine bromide from human recombinant muscarinic M2 receptor expressed in HEK293T cell membranes after 1 hr by liquid scintillation counting method,B,Homo sapiens,,J Med Chem,2017.0,Muscarinic acetylcholine receptor M2,Ki,nM,6.1,275.35,3.0
CHEMBL4074319,27000.0,CCOc1cccc(CC[N+](C)(C)C)c1.O=C[O-],Scientific Literature,Displacement of [3H]N-methyl-scopolamine bromide from human recombinant muscarinic M2 receptor expressed in HEK293T cell membranes after 1 hr by liquid scintillation counting method,B,Homo sapiens,,J Med Chem,2017.0,Muscarinic acetylcholine receptor M2,Ki,nM,4.57,253.34,2.33
CHEMBL171216,51.29,CC(C1=C(CN(C)C(C)C)Cc2ccccc21)c1ccccn1,Scientific Literature,Binding affinity towards cloned human muscarinic acetylcholine receptor M2 stably expressed in CHO-K1 cells using [3H]N-methylscopolamine,B,,,J Med Chem,2003.0,Muscarinic acetylcholine receptor M2,Ki,nM,7.29,306.45,4.54
CHEMBL147554,6900.0,O=C(NC1CCN(Cc2cccc(CO)c2)CC1)[C@](O)(c1ccccc1)[C@@H]1CCC(F)(F)C1,Scientific Literature,Inhibition of [3H]NMS binding to human muscarinic acetylcholine receptor M2 expressed in CHO cells,B,,,J Med Chem,2000.0,Muscarinic acetylcholine receptor M2,Ki,nM,5.16,458.55,3.58
CHEMBL352966,1949.84,Cc1ccc2c(c1)C(C(C)c1ccccn1)=C(CCN(C)C)C2,Scientific Literature,Binding affinity towards cloned human muscarinic acetylcholine receptor M2 stably expressed in CHO-K1 cells using [3H]N-methylscopolamine,B,,,J Med Chem,2003.0,Muscarinic acetylcholine receptor M2,Ki,nM,5.71,306.45,4.46
CHEMBL328120,12.1,CCCS(=O)(=O)N1CCC(N2CCC(C3(c4ccc([S+]([O-])c5ccc6c(c5)OCO6)cc4)CCCO3)CC2)CC1,Scientific Literature,Binding affinity at human cloned acetylcholine receptor M2 in CHO cells.,B,,,Bioorg Med Chem Lett,2000.0,Muscarinic acetylcholine receptor M2,Ki,nM,7.92,588.79,4.5
CHEMBL165439,0.3,COc1ccc(S(=O)(=O)c2ccc(CN3CCN(C4CCCCC4)C[C@H]3C)cc2)cc1,Scientific Literature,Binding affinity against human cloned Muscarinic acetylcholine receptor M2.,B,,,Bioorg Med Chem Lett,2002.0,Muscarinic acetylcholine receptor M2,Ki,nM,9.52,442.63,4.37
CHEMBL355455,398.11,CC(C1=C(CCN2CCCC2)Cc2ccccc21)c1ccccn1,Scientific Literature,Binding affinity towards cloned human muscarinic acetylcholine receptor M2 stably expressed in CHO-K1 cells using [3H]N-methylscopolamine,B,,,J Med Chem,2003.0,Muscarinic acetylcholine receptor M2,Ki,nM,6.4,318.46,4.68
CHEMBL369575,1445.44,CC(C1=C(CCN2CCOCC2)Cc2ccccc21)c1ccccn1,Scientific Literature,Binding affinity towards cloned human muscarinic acetylcholine receptor M2 stably expressed in CHO-K1 cells using [3H]N-methylscopolamine,B,,,J Med Chem,2003.0,Muscarinic acetylcholine receptor M2,Ki,nM,5.84,334.46,3.92
CHEMBL366819,275.0,CC1CCCCN1CCC[C@@H]1[C@H]2CCCC[C@@H]2C[C@@H]2C(=O)O[C@@H](C)[C@H]12,Scientific Literature,Binding affinity towards human muscarinic M2 receptor in CHO-KI cells using [3H]- QNB as radioligand,B,,,Bioorg Med Chem Lett,1999.0,Muscarinic acetylcholine receptor M2,Ki,nM,6.56,347.54,4.65
CHEMBL538793,15.85,CC(=O)OCCCCCCCCCCCCOc1nsnc1C1=CCCN(C)C1.Cl,Scientific Literature,Compound was tested for binding inhibition of [3H](R)-QNB to Muscarinic acetylcholine receptor M2 expressed in A9 L cells,B,,,J Med Chem,2003.0,Muscarinic acetylcholine receptor M2,Ki,nM,7.8,460.08,5.1
CHEMBL69581,40.0,Cc1cccc(C)c1C(=O)N1CCC(N2CCN(Cc3ccc(S(=O)(=O)c4ccc5c(c4)OCO5)cc3)[C@@H](C)C2)CC1,Scientific Literature,Affinity for Muscarinic acetylcholine receptor M2,B,,,Bioorg Med Chem Lett,2001.0,Muscarinic acetylcholine receptor M2,Ki,nM,,589.76,4.68
CHEMBL169594,6025.6,CN(C)CCOC(=O)C1=C(Cc2cccnc2)c2ccccc2C1,Scientific Literature,Binding affinity towards cloned human muscarinic acetylcholine receptor M2 stably expressed in CHO-K1 cells using [3H]N-methylscopolamine,B,,,J Med Chem,2003.0,Muscarinic acetylcholine receptor M2,Ki,nM,5.22,322.41,2.74
CHEMBL259344,676.08,C[C@H]1O[C@@H]([C@@H]2CCC[N+]2(C)C)CS1,Scientific Literature,Binding affinity to human cloned muscarinic M2 receptor expressed in CHO cells,B,Homo sapiens,,Bioorg Med Chem,2008.0,Muscarinic acetylcholine receptor M2,Ki,nM,6.17,202.34,1.7
CHEMBL4098720,1905.46,CCCC1CCN(CCCN2C(=O)CCc3ccccc32)CC1,Scientific Literature,Displacement of [3H]NMS from human muscarinic M2 receptor expressed in CHO cell membranes after 2 hrs by liquid scintillation counting method,B,Homo sapiens,,J Med Chem,2018.0,Muscarinic acetylcholine receptor M2,Ki,nM,5.72,314.47,3.87
CHEMBL258959,6.31,COC1(C#CC(C#N)(c2ccccc2)c2ccccc2)CN2CCC1CC2,Scientific Literature,Displacement of [3H]N-methylscopolamine from human recombinant muscarinic M2 receptor expressed in CHO cells,B,Homo sapiens,,Bioorg Med Chem Lett,2008.0,Muscarinic acetylcholine receptor M2,Ki,nM,8.2,356.47,3.61
CHEMBL260228,31.62,CO[C@]1(C#C[C@@](O)(c2ccccc2)C2CCCCCCC2)CN2CCC1CC2,Scientific Literature,Displacement of [3H]N-methylscopolamine from human recombinant muscarinic M2 receptor expressed in CHO cells,B,Homo sapiens,,Bioorg Med Chem Lett,2008.0,Muscarinic acetylcholine receptor M2,Ki,nM,7.5,381.56,4.35
CHEMBL4576768,30.0,O=C(OCc1ccc2c(c1)OCO2)N(c1ccccc1)C1CN2CCC1CC2,Scientific Literature,Displacement of [3H]NMS from human M2 AChR expressed in CHO cell membranes after 1 to 2 hrs by liquid scintillation spectrometry method,B,Homo sapiens,,Bioorg Med Chem Lett,2019.0,Muscarinic acetylcholine receptor M2,Ki,nM,7.52,380.44,3.65
CHEMBL169565,1.6,CCCS(=O)(=O)N1CCC(N2CCC(Oc3ccc(S(=O)(=O)c4ccc5c(c4)OCO5)cc3)CC2)CC1,Scientific Literature,Binding affinity towards Muscarinic acetylcholine receptor M2 stably expressed in CHO-K1 cells using [3H]-QNB as radioligand,B,,,Bioorg Med Chem Lett,2001.0,Muscarinic acetylcholine receptor M2,Ki,nM,8.8,550.7,3.3
CHEMBL4071109,5700.0,COc1ccccc1CC[N+](C)(C)C.O=C[O-],Scientific Literature,Displacement of [3H]N-methyl-scopolamine bromide from human recombinant muscarinic M2 receptor expressed in HEK293T cell membranes after 1 hr by liquid scintillation counting method,B,Homo sapiens,,J Med Chem,2017.0,Muscarinic acetylcholine receptor M2,Ki,nM,5.24,239.32,1.94
CHEMBL4596065,1.0,CC(=O)N[C@@H](CCCCN)C(=O)N[C@@H](CCCNC(=N)N)C(=O)NCCCCC1CCN(CC(=O)N2c3ccccc3NC(=O)c3ccccc32)CC1,Scientific Literature,Displacement of [3H]-NMS from human muscarinic M2 receptor expressed in CHO cell membranes assessed as inhibition constant by radioligand competition analysis,B,Homo sapiens,,Eur J Med Chem,2021.0,Muscarinic acetylcholine receptor M2,Ki,nM,9.0,732.93,2.3
CHEMBL4857722,2.455,CC(=O)NC(=O)[C@H](CCCNC(=N)N)NC(=O)[C@H](C)NCCCCC1CCN(CC(=O)N2c3ccccc3NC(=O)c3ccccc32)CC1.O=C(O)C(F)(F)F.O=C(O)C(F)(F)F,Scientific Literature,Displacement of [3H]-NMS from human muscarinic M2 receptor expressed in CHO cell membranes assessed as inhibition constant by radioligand competition analysis,B,Homo sapiens,,Eur J Med Chem,2021.0,Muscarinic acetylcholine receptor M2,Ki,nM,8.61,903.88,2.19
CHEMBL4872720,8.128,CC(=O)N[C@H](CCCN)C(=O)NC(=O)[C@H](CCCNC(=N)N)NCCCCC1CCN(CC(=O)N2c3ccccc3NC(=O)c3ccccc32)CC1.O=C(O)C(F)(F)F.O=C(O)C(F)(F)F.O=C(O)C(F)(F)F,Scientific Literature,Displacement of [3H]-NMS from human muscarinic M2 receptor expressed in CHO cell membranes assessed as inhibition constant by radioligand competition analysis,B,Homo sapiens,,Eur J Med Chem,2021.0,Muscarinic acetylcholine receptor M2,Ki,nM,8.09,1060.97,1.91
CHEMBL4856090,74.13,CC(=O)NC(=O)[C@H](CCCCN)NC(=O)[C@H](CCCNC(=N)N)NCCCC1CCN(CC(=O)N2c3ccccc3NC(=O)c3ccccc32)CC1.O=C(O)C(F)(F)F.O=C(O)C(F)(F)F.O=C(O)C(F)(F)F,Scientific Literature,Displacement of [3H]-NMS from human muscarinic M2 receptor expressed in CHO cell membranes assessed as inhibition constant by radioligand competition analysis,B,Homo sapiens,,Eur J Med Chem,2021.0,Muscarinic acetylcholine receptor M2,Ki,nM,7.13,1060.97,1.91
CHEMBL4864727,0.1023,N=C(N)NCCC[C@H](N)C(=O)NCCN1CCN(CCCCC2CCN(CC(=O)N3c4ccccc4NC(=O)c4ccccc43)CC2)CC1.O=C(O)C(F)(F)F.O=C(O)C(F)(F)F.O=C(O)C(F)(F)F.O=C(O)C(F)(F)F.O=C(O)C(F)(F)F,Scientific Literature,Displacement of [3H]-NMS from human muscarinic M2 receptor expressed in CHO cell membranes assessed as inhibition constant by radioligand competition analysis,B,Homo sapiens,,Eur J Med Chem,2021.0,Muscarinic acetylcholine receptor M2,Ki,nM,9.99,1245.01,2.12
CHEMBL4858398,0.2754,N=C(N)NCCC[C@@H](NCCN1CCN(CCCC2CCN(CC(=O)N3c4ccccc4NC(=O)c4ccccc43)CC2)CC1)C(=O)O.O=C(O)C(F)(F)F.O=C(O)C(F)(F)F.O=C(O)C(F)(F)F.O=C(O)C(F)(F)F.O=C(O)C(F)(F)F,Scientific Literature,Displacement of [3H]-NMS from human muscarinic M2 receptor expressed in CHO cell membranes assessed as inhibition constant by radioligand competition analysis,B,Homo sapiens,,Eur J Med Chem,2021.0,Muscarinic acetylcholine receptor M2,Ki,nM,9.56,1231.96,2.33
CHEMBL4852868,0.1862,CC(=O)NC(=O)[C@H](CC(N)=O)NC(=O)[C@H](CCCNC(=N)N)N[C@H](CCCN)C(=O)NCCN1CCN(CCCC2CCN(CC(=O)N3c4ccccc4NC(=O)c4ccccc43)CC2)CC1.O=C(O)C(F)(F)F.O=C(O)C(F)(F)F.O=C(O)C(F)(F)F.O=C(O)C(F)(F)F.O=C(O)C(F)(F)F,Scientific Literature,Displacement of [3H]-NMS from human muscarinic M2 receptor expressed in CHO cell membranes assessed as inhibition constant by radioligand competition analysis,B,Homo sapiens,,Eur J Med Chem,2021.0,Muscarinic acetylcholine receptor M2,Ki,nM,9.73,1501.27,-0.51
CHEMBL4847458,4365.16,CC(=O)NC(=O)[C@H](CCCNC(=N)N)NC(=O)[C@H](C)NC(=O)CNCC(=O)NC1CCN(CC(=O)N2c3ccccc3NC(=O)c3ccccc32)CC1.O=C(O)C(F)(F)F.O=C(O)C(F)(F)F,Scientific Literature,Displacement of [3H]-NMS from human muscarinic M2 receptor expressed in CHO cell membranes assessed as inhibition constant by radioligand competition analysis,B,Homo sapiens,,Eur J Med Chem,2021.0,Muscarinic acetylcholine receptor M2,Ki,nM,5.36,961.88,-1.0
CHEMBL4854472,251.19,CC(=O)NC(=O)[C@H](CCCNC(=N)N)NC(=O)[C@H](C)NC(=O)[C@H](CCCNC(=N)N)NCC(=O)NC1CCN(CC(=O)N2c3ccccc3NC(=O)c3ccccc32)CC1.O=C(O)C(F)(F)F.O=C(O)C(F)(F)F.O=C(O)C(F)(F)F,Scientific Literature,Displacement of [3H]-NMS from human muscarinic M2 receptor expressed in CHO cell membranes assessed as inhibition constant by radioligand competition analysis,B,Homo sapiens,,Eur J Med Chem,2021.0,Muscarinic acetylcholine receptor M2,Ki,nM,6.6,1175.03,-1.37
CHEMBL4871700,0.1413,N=C(N)NCCC[C@@H](NC1CCN(CCCCC2CCN(CC(=O)N3c4ccccc4NC(=O)c4ccccc43)CC2)CC1)C(=O)O.O=C(O)C(F)(F)F.O=C(O)C(F)(F)F.O=C(O)C(F)(F)F.O=C(O)C(F)(F)F,Scientific Literature,Displacement of [3H]-NMS from human muscarinic M2 receptor expressed in CHO cell membranes assessed as inhibition constant by radioligand competition analysis,B,Homo sapiens,,Eur J Med Chem,2021.0,Muscarinic acetylcholine receptor M2,Ki,nM,9.85,1102.93,3.57
CHEMBL4861252,0.1514,CC(=O)N[C@@H](CCCN)C(=O)NC(=O)[C@H](C)NC(=O)[C@H](CCNC(=N)N)NC1CCN(CCCCC2CCN(CC(=O)N3c4ccccc4NC(=O)c4ccccc43)CC2)CC1.O=C(O)C(F)(F)F.O=C(O)C(F)(F)F.O=C(O)C(F)(F)F.O=C(O)C(F)(F)F,Scientific Literature,Displacement of [3H]-NMS from human muscarinic M2 receptor expressed in CHO cell membranes assessed as inhibition constant by radioligand competition analysis,B,Homo sapiens,,Eur J Med Chem,2021.0,Muscarinic acetylcholine receptor M2,Ki,nM,9.82,1315.18,1.49
CHEMBL4854886,0.871,CC(=O)N[C@@H](CCCN)C(=O)NC(=O)[C@H](C)NC(=O)[C@H](CCCNC(=N)N)NCCN1CCN(CCCC2CCN(CC(=O)N3c4ccccc4NC(=O)c4ccccc43)CC2)CC1.O=C(O)C(F)(F)F.O=C(O)C(F)(F)F.O=C(O)C(F)(F)F.O=C(O)C(F)(F)F.O=C(O)C(F)(F)F,Scientific Literature,Antagonist activity at human muscarinic acetylcholine receptor M2 expressed in human HEK293T cells coexpressing NlucN-mini-Gsi assessed as inhibition of iperoxo-induced mini-Gsi recruitment by measuring right ward shift of iperoxo-concentration-response curves at 58 nM preincubated for 120 mins followed by iperoxo-addition and measured by nano-luciferase technique,F,Homo sapiens,,Eur J Med Chem,2021.0,Muscarinic acetylcholine receptor M2,Ki,nM,9.06,1458.24,0.64
CHEMBL164762,0.14,COc1ccc(S(=O)(=O)c2ccc([C@@H](C)N3CCN(C4CCCCC4)[C@H](C)C3)cc2)cc1,Scientific Literature,Binding affinity against human cloned Muscarinic acetylcholine receptor M2.,B,,,Bioorg Med Chem Lett,2002.0,Muscarinic acetylcholine receptor M2,Ki,nM,9.85,456.65,4.93
CHEMBL200957,13.0,COC1(C#CC(O)(c2ccccc2)C2CCC2)CN2CCC1CC2,Scientific Literature,Binding affinity to human muscarinic M2 receptor,B,Homo sapiens,,Bioorg Med Chem Lett,2006.0,Muscarinic acetylcholine receptor M2,Ki,nM,7.89,325.45,2.79
CHEMBL4514058,68.0,O=C(O[C@@H]1C[N+]2(CCCc3ccccc3)CCC1CC2)C(O)(c1ccccc1)c1ccccc1.[Br-],Scientific Literature,Displacement of [3H]NMS from human M2R expressed in CHOK1 cell membranes incubated for 2 hrs by microbeta scintillation counting method,B,Homo sapiens,,Bioorg Med Chem,2019.0,Muscarinic acetylcholine receptor M2,Ki,nM,7.17,536.51,4.71
CHEMBL2205827,1497.0,COc1ccc(CN2C3C4C5CC6C7C5C3C7C2(O)C64)cc1OC,Scientific Literature,Binding affinity to M2 muscarinic receptor,B,,,Bioorg Med Chem Lett,2012.0,Muscarinic acetylcholine receptor M2,Ki,nM,5.83,325.41,1.96
CHEMBL11527,6.1,CC(C)Oc1ccc2c(C(=O)N3CCC(N4CCC(Cc5ccc(SC(C)C)cc5)CC4)CC3)cccc2c1,Scientific Literature,Binding affinity against muscarinic acetylcholine receptor M2 stably expressed in CHO-K1 cells using [3H]-QNB as radioligand.,B,,,Bioorg Med Chem Lett,2002.0,Muscarinic acetylcholine receptor M2,Ki,nM,8.21,544.81,7.69
CHEMBL258907,1412.54,C[C@H]1O[C@@H]([C@H]2CCC[N+]2(C)C)CS1,Scientific Literature,Binding affinity to human cloned muscarinic M2 receptor expressed in CHO cells,B,Homo sapiens,,Bioorg Med Chem,2008.0,Muscarinic acetylcholine receptor M2,Ki,nM,5.85,202.34,1.7
CHEMBL415975,129.0,CC(C)Sc1ccc(CC2CCN(C3CCN(C(=O)c4ccc(S(N)(=O)=O)cc4)CC3)CC2)cc1,Scientific Literature,Binding affinity against muscarinic acetylcholine receptor M2 stably expressed in CHO-K1 cells using [3H]-QNB as radioligand.,B,,,Bioorg Med Chem Lett,2002.0,Muscarinic acetylcholine receptor M2,Ki,nM,6.89,515.75,4.39
CHEMBL308566,0.11,C=C(c1ccc(S(=O)(=O)c2ccc(OC)cc2)cc1)C1CCN(C2CCN(C(=O)OCC)CC2)CC1,Scientific Literature,Binding affinity towards Muscarinic acetylcholine receptor M2 stably expressed in CHO-K1 cells using [3H]-QNB as radioligand,B,,,Bioorg Med Chem Lett,2001.0,Muscarinic acetylcholine receptor M2,Ki,nM,9.96,512.67,4.87
CHEMBL286008,26.9,CN(C)CCCOC(=O)C(C)(c1ccccc1)C1CCCCC1,Scientific Literature,Antimuscarinic potency and subset specificity was characterised by its inhibition of the [3H]NMS Binding to Muscarinic acetylcholine receptor M2 subtype,B,,,J Med Chem,1992.0,Muscarinic acetylcholine receptor M2,Ki,nM,7.57,317.47,4.02
CHEMBL311054,1.4,COc1ccc(S(=O)(=O)c2ccc(C3(C4CCN(C5CCN(C(=O)c6cccc7cc(Cl)ccc67)CC5)CC4)OCCO3)cc2)cc1,Scientific Literature,Antagonistic activity against muscarinic acetylcholine receptor M2,F,,,Bioorg Med Chem Lett,2001.0,Muscarinic acetylcholine receptor M2,Ki,nM,8.85,675.25,6.55
CHEMBL147778,17000.0,Cc1cccc(CN2CCC(NC(=O)[C@](O)(c3ccccc3)[C@@H]3CCC(F)(F)C3)CC2)n1,Scientific Literature,Inhibition of [3H]NMS binding to human muscarinic acetylcholine receptor M2 expressed in CHO cells,B,,,J Med Chem,2000.0,Muscarinic acetylcholine receptor M2,Ki,nM,4.77,443.54,3.79
CHEMBL461087,29512.09,c1coc(C2CCCN2)c1,Scientific Literature,Displacement of [3H]NMS from human muscarinic M2 receptor expressed in CHO cells by liquid scintillation counter,B,Homo sapiens,,J Med Chem,2008.0,Muscarinic acetylcholine receptor M2,Ki,nM,4.53,137.18,1.7
CHEMBL92387,954.99,Cc1ccc(C[N+](C)(C)C)o1,Scientific Literature,Displacement of [3H]NMS from human muscarinic M2 receptor expressed in CHO cells by liquid scintillation counter,B,Homo sapiens,,J Med Chem,2008.0,Muscarinic acetylcholine receptor M2,Ki,nM,6.02,154.23,1.79
CHEMBL555475,1905.46,Cc1ccc(C2CCC[N+]2(C)C)o1.[I-],Scientific Literature,Displacement of [3H]NMS from human muscarinic M2 receptor expressed in CHO cells by liquid scintillation counter,B,Homo sapiens,,J Med Chem,2008.0,Muscarinic acetylcholine receptor M2,Ki,nM,5.72,307.18,2.5
CHEMBL11690,40.0,CCOC(=O)CSc1ccc(CC2CCN(C3CCN(C(=O)c4cccc5ccccc45)CC3)CC2)cc1,Scientific Literature,Binding affinity against muscarinic acetylcholine receptor M2 stably expressed in CHO-K1 cells using [3H]-QNB as radioligand.,B,,,Bioorg Med Chem Lett,2002.0,Muscarinic acetylcholine receptor M2,Ki,nM,7.4,530.73,6.05
CHEMBL4582879,0.0631,CC(=O)N[C@@H](CCCCN)C(=O)N[C@@H](C)C(=O)N[C@@H](CCCNC(=N)N)C(=O)NCCN1CCN(CCCCC2CCN(CC(=O)N3c4ccccc4NC(=O)c4ccccc43)CC2)CC1.O=C(O)C(F)(F)F.O=C(O)C(F)(F)F.O=C(O)C(F)(F)F.O=C(O)C(F)(F)F.O=C(O)C(F)(F)F,Scientific Literature,Competitive displacement of [3H]-NMS from human muscarinic M2 receptor expressed in CHO-K9 cells using 0.2 nM [3H]-NMS after 3 hrs by microbeta2 scintillation counting method,B,Homo sapiens,,J Med Chem,2019.0,Muscarinic acetylcholine receptor M2,Ki,nM,10.2,1486.3,1.42
CHEMBL595022,72443.6,C[C@H]1O[C@H](C[N+](C)(C)C)COC1(C)C.[I-],Scientific Literature,Displacement of [3H]NMS from human muscarinic M2 receptor expressed in CHO cells by microplate scintillation counting,B,Homo sapiens,,Bioorg Med Chem,2009.0,Muscarinic acetylcholine receptor M2,Ki,nM,4.14,329.22,1.28
CHEMBL197796,10000.0,COc1ccc(NC(=O)N2CCN(c3ccc(SC)cc3)CC2)cc1N1CCN(C)CC1,Scientific Literature,Affinity towards cloned Muscarinic acetylcholine receptor M2,B,Homo sapiens,,Bioorg Med Chem Lett,2005.0,Muscarinic acetylcholine receptor M2,Ki,nM,,455.63,3.52
CHEMBL4129723,354.81,c1ccc(C2(c3ccccc3)COC[C@@H](CO[C@H]3CN4CCC3CC4)O2)cc1,Scientific Literature,Displacement of [3H]NMS from recombinant human muscarinic M2 receptor expressed in CHOK1 cell membranes after 120 mins by scintillation counting method,B,Homo sapiens,,Eur J Med Chem,2017.0,Muscarinic acetylcholine receptor M2,Ki,nM,6.45,379.5,3.46
CHEMBL4565234,1.479,CC(=O)N[C@@H](CCCNC(=N)N)C(=O)N[C@@H](CCCCN)C(=O)NCC(=O)NCCCCC1CCN(CC(=O)N2c3ccccc3NC(=O)c3ccccc32)CC1.O=C(O)C(F)(F)F.O=C(O)C(F)(F)F.O=C(O)C(F)(F)F,Scientific Literature,Displacement of [3H]-NMS from human muscarinic M2 receptor expressed in CHO-K9 cells after 3 hrs by microbeta2 scintillation counting method,B,Homo sapiens,,J Med Chem,2019.0,Muscarinic acetylcholine receptor M2,Ki,nM,8.83,1132.05,1.41
CHEMBL358505,3000.0,OC1(c2nc3ccccc3s2)CN2CCC1CC2,Scientific Literature,Binding affinity for muscarinic acetylcholine receptor M2 by measuring displacement of [3H]QNB from guinea pig heart,B,Cavia porcellus,,J Med Chem,1995.0,Muscarinic acetylcholine receptor M2,Ki,nM,5.52,260.36,2.21
CHEMBL50618,9.0,Cc1cccc(C(=O)N2CCC(N3CCC(Cc4ccc(C(=O)NC(C)C)cc4)CC3)CC2)c1N,Scientific Literature,Binding affinity against cloned human muscarinic acetylcholine receptor M2.,B,,,Bioorg Med Chem Lett,2004.0,Muscarinic acetylcholine receptor M2,Ki,nM,8.05,476.67,4.27
CHEMBL28651,10000.0,CSc1ccc(N2CCN(Cc3c[nH]c4ncccc34)CC2)cc1,Scientific Literature,Binding affinity to cloned Muscarinic acetylcholine receptor M1,B,,,Bioorg Med Chem Lett,2001.0,Muscarinic acetylcholine receptor M2,Ki,nM,,338.48,3.61
CHEMBL140827,2031.0,C[C@H]1CN(C2(C)CCN(C(=O)c3c(Cl)cncc3Cl)CC2)CCN1[C@@H](C)c1ccc(C(F)(F)F)cc1,Scientific Literature,Binding affinity towards muscarinic receptor M2,B,,,Bioorg Med Chem Lett,2003.0,Muscarinic acetylcholine receptor M2,Ki,nM,5.69,543.46,6.17
CHEMBL239038,10000.0,C[N+]1(CC#CCOc2cc(-c3ccccc3)on2)CCCC1.[I-],Scientific Literature,Displacement of [3H]QNB from human muscarinic M2 receptor expressed in CHO cells,B,Homo sapiens,,Bioorg Med Chem,2007.0,Muscarinic acetylcholine receptor M2,Ki,nM,,424.28,2.96
CHEMBL169876,3.2,CC(C)OC(=O)N1CCC(N2CCC(Oc3ccc(S(=O)(=O)c4ccc5c(c4)OCO5)cc3)CC2)CC1,Scientific Literature,Binding affinity towards Muscarinic acetylcholine receptor M2 stably expressed in CHO-K1 cells using [3H]-QNB as radioligand,B,,,Bioorg Med Chem Lett,2001.0,Muscarinic acetylcholine receptor M2,Ki,nM,8.49,530.64,4.1
CHEMBL357557,68.0,Cc1ncnc(C)c1C(=O)N1CCC(C)(N2CCN([C@@H](C)c3ccc(OC(F)(F)F)cc3)[C@@H](C)C2)CC1,Scientific Literature,Binding affinity towards muscarinic receptor M2,B,,,Bioorg Med Chem Lett,2003.0,Muscarinic acetylcholine receptor M2,Ki,nM,7.17,519.61,4.75
CHEMBL51400,5.0,CC(C)NC(=O)c1ccc(CC2CCN(C3CCN(C(=O)c4cccc5c(F)cc(F)cc45)CC3)CC2)cc1,Scientific Literature,Binding affinity against cloned human muscarinic acetylcholine receptor M2.,B,,,Bioorg Med Chem Lett,2004.0,Muscarinic acetylcholine receptor M2,Ki,nM,8.3,533.66,5.82
CHEMBL403773,870.96,Cl.Cl.OC(CCCN1CCC(C2CCN(CCCC(O)(c3ccccc3)c3ccccc3)CC2)CC1)(c1ccccc1)c1ccccc1,Scientific Literature,Displacement of [3H]N-methylscopolamine from human muscarinic M2 receptor expressed in CHO-K1 cells,B,Homo sapiens,,Bioorg Med Chem Lett,2008.0,Muscarinic acetylcholine receptor M2,Ki,nM,6.06,689.81,7.84
CHEMBL4846958,1.905,CC(=O)N[C@H](CCCN)C(=O)NC(=O)[C@H](CCNC(=N)N)NCCCCC1CCN(CC(=O)N2c3ccccc3NC(=O)c3ccccc32)CC1.O=C(O)C(F)(F)F.O=C(O)C(F)(F)F.O=C(O)C(F)(F)F,Scientific Literature,Displacement of [3H]-NMS from human muscarinic M2 receptor expressed in CHO cell membranes assessed as inhibition constant by radioligand competition analysis,B,Homo sapiens,,Eur J Med Chem,2021.0,Muscarinic acetylcholine receptor M2,Ki,nM,8.72,1046.94,1.52
CHEMBL4854886,0.2512,CC(=O)N[C@@H](CCCN)C(=O)NC(=O)[C@H](C)NC(=O)[C@H](CCCNC(=N)N)NCCN1CCN(CCCC2CCN(CC(=O)N3c4ccccc4NC(=O)c4ccccc43)CC2)CC1.O=C(O)C(F)(F)F.O=C(O)C(F)(F)F.O=C(O)C(F)(F)F.O=C(O)C(F)(F)F.O=C(O)C(F)(F)F,Scientific Literature,Displacement of [3H]-NMS from human muscarinic M2 receptor expressed in CHO cell membranes assessed as inhibition constant by radioligand competition analysis,B,Homo sapiens,,Eur J Med Chem,2021.0,Muscarinic acetylcholine receptor M2,Ki,nM,9.6,1458.24,0.64
CHEMBL4871563,89.13,CC(=O)NC(=O)[C@H](CCCCN)NC(=O)[C@H](C)NC(=O)[C@H](CCCNC(=N)N)NCCN1CCN(CC(=O)NC2CCN(CC(=O)N3c4ccccc4NC(=O)c4ccccc43)CC2)CC1.O=C(O)C(F)(F)F.O=C(O)C(F)(F)F.O=C(O)C(F)(F)F.O=C(O)C(F)(F)F.O=C(O)C(F)(F)F,Scientific Literature,Displacement of [3H]-NMS from human muscarinic M2 receptor expressed in CHO cell membranes assessed as inhibition constant by radioligand competition analysis,B,Homo sapiens,,Eur J Med Chem,2021.0,Muscarinic acetylcholine receptor M2,Ki,nM,7.05,1487.24,-0.88
CHEMBL258385,7244.36,Cl.Cl.OC(CCCN1CCNCC1)(c1ccccc1)c1ccccc1,Scientific Literature,Displacement of [3H]N-methylscopolamine from human muscarinic M2 receptor expressed in CHO-K1 cells,B,Homo sapiens,,Bioorg Med Chem Lett,2008.0,Muscarinic acetylcholine receptor M2,Ki,nM,5.14,383.36,2.61
CHEMBL172272,650.0,C[C@@H]1OC(=O)[C@H]2C[C@H]3CCCC[C@@H]3[C@@H](CCCN3CCC(N4CCCCC4)CC3)[C@@H]12,Scientific Literature,Binding affinity towards human muscarinic M2 receptor in CHO-KI cells using [3H]- QNB as radioligand,B,,,Bioorg Med Chem Lett,1999.0,Muscarinic acetylcholine receptor M2,Ki,nM,6.19,416.65,4.72
CHEMBL313738,730.0,CN1C2CCCC1C(OC(=O)C1CCCCC1)C2,Scientific Literature,Inhibition of [3H]- quinuclidinyl benzilate binding to human Muscarinic acetylcholine receptor M2 expressed in CHO cell membrane,B,Homo sapiens,,J Med Chem,2000.0,Muscarinic acetylcholine receptor M2,Ki,nM,6.14,251.37,2.74
CHEMBL4064668,980.0,COc1ccc(F)c(CC[N+](C)(C)C)c1.O=C[O-],Scientific Literature,Displacement of [3H]N-methyl-scopolamine bromide from human recombinant muscarinic M2 receptor expressed in HEK293T cell membranes after 1 hr by liquid scintillation counting method,B,Homo sapiens,,J Med Chem,2017.0,Muscarinic acetylcholine receptor M2,Ki,nM,6.01,257.3,2.08
CHEMBL376897,0.1778,C[N+]1(C)[C@@H]2C[C@@H](OC(=O)[C@H](CO)c3ccccc3)C[C@H]1[C@@H]1O[C@@H]12,Scientific Literature,Displacement of [3H]NMS from human cloned muscarinic M2 receptor expressed in CHO cells by scintillation counting,B,Homo sapiens,,J Med Chem,2010.0,Muscarinic acetylcholine receptor M2,Ki,nM,9.75,318.39,1.06
CHEMBL82754,9000.0,O=C(OC1CC2CCCC1N2)C1CCCCC1,Scientific Literature,Inhibition of [3H]- oxotremorine-M binding to human Muscarinic acetylcholine receptor M2 expressed in CHO cell membranes,B,Homo sapiens,,J Med Chem,2000.0,Muscarinic acetylcholine receptor M2,Ki,nM,5.05,237.34,2.39
CHEMBL461709,19498.45,Cc1ccc([C@H]2CCCN2C)o1,Scientific Literature,Displacement of [3H]NMS from human muscarinic M2 receptor expressed in CHO cells by liquid scintillation counter,B,Homo sapiens,,J Med Chem,2008.0,Muscarinic acetylcholine receptor M2,Ki,nM,4.71,165.24,2.35
CHEMBL458416,28840.32,Cc1ccc([C@@H]2CCCN2)o1,Scientific Literature,Displacement of [3H]NMS from human muscarinic M2 receptor expressed in CHO cells by liquid scintillation counter,B,Homo sapiens,,J Med Chem,2008.0,Muscarinic acetylcholine receptor M2,Ki,nM,4.54,151.21,2.01
CHEMBL85190,1300.0,CN1C2CCCC1C(OC(=O)c1ccccc1)C2,Scientific Literature,Inhibition of [3H]- oxotremorine-M binding to human Muscarinic acetylcholine receptor M2 expressed in CHO cell membranes,B,Homo sapiens,,J Med Chem,2000.0,Muscarinic acetylcholine receptor M2,Ki,nM,5.89,245.32,2.47
CHEMBL170298,0.4,Cc1cccc(C(=O)N2CCC(N3CCC(Oc4ccc(S(=O)(=O)c5ccc6c(c5)OCO6)cc4)CC3)CC2)c1C,Scientific Literature,Binding affinity towards Muscarinic acetylcholine receptor M2 stably expressed in CHO-K1 cells using [3H]-QNB as radioligand,B,,,Bioorg Med Chem Lett,2001.0,Muscarinic acetylcholine receptor M2,Ki,nM,9.4,576.72,5.01
CHEMBL412421,104.0,Cc1cccc(C(=O)N2CCC(N3CCC(Cc4ccc(S(=O)(=O)C(C)C)cc4)CC3)CC2)c1N,Scientific Literature,Binding affinity against muscarinic acetylcholine receptor M2 stably expressed in CHO-K1 cells using [3H]-QNB as radioligand.,B,,,Bioorg Med Chem Lett,2002.0,Muscarinic acetylcholine receptor M2,Ki,nM,6.98,497.71,4.32
CHEMBL173155,42.0,C[C@@H]1OC(=O)[C@H]2C[C@H]3CCCC[C@@H]3[C@@H](CCCN3CCNCC3)[C@@H]12,Scientific Literature,Binding affinity towards human muscarinic M2 receptor in CHO-KI cells using [3H]- QNB as radioligand,B,,,Bioorg Med Chem Lett,1999.0,Muscarinic acetylcholine receptor M2,Ki,nM,,334.5,2.68
CHEMBL418446,0.89,CC(=C1CCN(C2CCN(C(=O)c3cccc(C)c3N)CC2)CC1)c1ccc([S+]([O-])C(C)C)cc1,Scientific Literature,Binding affinity against cloned human muscarinic acetylcholine receptor M2.,B,,,Bioorg Med Chem Lett,2004.0,Muscarinic acetylcholine receptor M2,Ki,nM,9.05,493.72,5.27
CHEMBL4095774,50000.0,COc1ccccc1C[N+](C)(C)C.[I-],Scientific Literature,Displacement of [3H]N-methyl-scopolamine bromide from human recombinant muscarinic M2 receptor expressed in HEK293T cell membranes after 1 hr by liquid scintillation counting method,B,Homo sapiens,,J Med Chem,2017.0,Muscarinic acetylcholine receptor M2,Ki,nM,,307.18,1.9
CHEMBL4073256,1000.0,CNCCc1cccc(OC)c1,Scientific Literature,Displacement of [3H]N-methyl-scopolamine bromide from human recombinant muscarinic M2 receptor expressed in HEK293T cell membranes after 1 hr by liquid scintillation counting method,B,Homo sapiens,,J Med Chem,2017.0,Muscarinic acetylcholine receptor M2,Ki,nM,6.0,165.24,1.46
CHEMBL1734,120.23,O=C(O[C@H]1CN2CCC1CC2)N1CCc2ccccc2[C@@H]1c1ccccc1,Scientific Literature,Displacement of [3H]NMS from recombinant human muscarinic M2 receptor expressed in CHOK1 cell membranes after 120 mins by scintillation counting method,B,Homo sapiens,,Eur J Med Chem,2017.0,Muscarinic acetylcholine receptor M2,Ki,nM,6.92,362.47,3.86
CHEMBL4083241,17000.0,c1cncc(COC2CCCNC2)c1,Scientific Literature,Displacement of [3H]N-methyl-scopolamine bromide from human recombinant muscarinic M2 receptor expressed in HEK293T cell membranes after 1 hr by liquid scintillation counting method,B,Homo sapiens,,J Med Chem,2017.0,Muscarinic acetylcholine receptor M2,Ki,nM,4.77,192.26,1.35
CHEMBL4091934,9100.0,COc1cccc(CC[N+](C)(C)C)c1.O=C[O-],Scientific Literature,Displacement of [3H]N-methyl-scopolamine from human recombinant muscarinic M2 receptor expressed in CHO-FlpIn cells after 6 hrs by liquid scintillation counting method,B,Homo sapiens,,J Med Chem,2017.0,Muscarinic acetylcholine receptor M2,Ki,nM,5.04,239.32,1.94
CHEMBL4572614,7300.0,Cc1ncc2nccn2c1-c1ccc(Oc2nccc3occc23)cc1C(F)(F)F,Scientific Literature,Displacement of [3H]-QNB/[3H]-NMS from human muscarinic M2 receptor expressed in stable CHO cells after 90 mins by microbeta scintillation counting method,B,Homo sapiens,,J Med Chem,2019.0,Muscarinic acetylcholine receptor M2,Ki,nM,5.14,410.36,5.66
CHEMBL394255,8.8,CN(C)C1(CNCC=C2CCOCC2)COc2ccccc2OC1,Scientific Literature,Displacement of 1-[N-methyl- 3H]scopolamine from human muscarinic M2 receptor expressed in Sf9 cells,B,Homo sapiens,,Bioorg Med Chem Lett,2007.0,Muscarinic acetylcholine receptor M2,Ki,nM,8.06,332.44,2.08
CHEMBL2115127,10.8,COc1ccc([S@+]([O-])c2ccc(C(=O)C3CCN(C4CCCCC4)CC3)cc2)cc1,Scientific Literature,Binding affinity against Muscarinic acetylcholine receptor M2,B,,,Bioorg Med Chem Lett,2000.0,Muscarinic acetylcholine receptor M2,Ki,nM,7.97,425.59,5.09
CHEMBL417369,5.0,CC(C)NC(=O)c1ccc(CC2CCN(C3CCN(C(=O)c4ccc5[nH]ccc5c4)CC3)CC2)cc1,Scientific Literature,Binding affinity against cloned human muscarinic acetylcholine receptor M2.,B,,,Bioorg Med Chem Lett,2004.0,Muscarinic acetylcholine receptor M2,Ki,nM,8.3,486.66,4.87
CHEMBL3104092,10000.0,CN1CCc2c(c3cccc4c3n2Cc2ccccc2C4)C1,Scientific Literature,Binding affinity to muscarinic M2 receptor (unknown origin) by radioligand displacement assay,B,Homo sapiens,,Bioorg Med Chem Lett,2014.0,Muscarinic acetylcholine receptor M2,Ki,nM,,288.39,3.58
CHEMBL3104091,10000.0,CN1CCc2c(c3cccc4c3n2-c2ccccc2CC4)C1,Scientific Literature,Binding affinity to muscarinic M2 receptor (unknown origin) by radioligand displacement assay,B,Homo sapiens,,Bioorg Med Chem Lett,2014.0,Muscarinic acetylcholine receptor M2,Ki,nM,,288.39,3.72
CHEMBL4748337,2290.87,Cn1ccc2c(NC(=O)CCN3CCCc4ccccc43)cccc21,Scientific Literature,Displacement of [3H]-NMS from muscarinic M2 receptor (unknown origin) expressed in CHO-K1 cell membranes assessed as inhibition constant by radioligand competition analysis,B,Homo sapiens,,Bioorg Med Chem Lett,2020.0,Muscarinic acetylcholine receptor M2,Ki,nM,5.64,333.44,3.96
CHEMBL4777127,912.01,O=C(CCN1CCCc2ccccc21)Nc1cccc2ccccc12,Scientific Literature,Displacement of [3H]-NMS from muscarinic M2 receptor (unknown origin) expressed in CHO-K1 cell membranes assessed as inhibition constant by radioligand competition analysis,B,Homo sapiens,,Bioorg Med Chem Lett,2020.0,Muscarinic acetylcholine receptor M2,Ki,nM,6.04,330.43,4.62
CHEMBL4748774,288.4,O=C(CCN1CCCc2ccccc21)N1CCCC1,Scientific Literature,Displacement of [3H]-NMS from muscarinic M2 receptor (unknown origin) expressed in CHO-K1 cell membranes assessed as inhibition constant by radioligand competition analysis,B,Homo sapiens,,Bioorg Med Chem Lett,2020.0,Muscarinic acetylcholine receptor M2,Ki,nM,6.54,258.37,2.45
CHEMBL4760150,4786.3,CC1CCCC(C)N1C(=O)CCN1CCCc2ccccc21,Scientific Literature,Displacement of [3H]-NMS from muscarinic M2 receptor (unknown origin) expressed in CHO-K1 cell membranes assessed as inhibition constant by radioligand competition analysis,B,Homo sapiens,,Bioorg Med Chem Lett,2020.0,Muscarinic acetylcholine receptor M2,Ki,nM,5.32,300.45,3.62
CHEMBL4759774,22908.68,CC(C)(C)OC(=O)N1CCN(CC(=O)n2c3ccccc3c3ccccc32)CC1,Scientific Literature,Displacement of [3H]-NMS from muscarinic M2 receptor (unknown origin) expressed in CHO-K1 cell membranes assessed as inhibition constant by radioligand competition analysis,B,Homo sapiens,,Bioorg Med Chem Lett,2020.0,Muscarinic acetylcholine receptor M2,Ki,nM,4.64,393.49,3.99
CHEMBL257804,4365.16,C[N+]1(C)CCC(C2CC[N+](C)(CCCC(O)(c3ccccc3)c3ccccc3)CC2)CC1.[I-].[I-],Scientific Literature,Displacement of [3H]N-methylscopolamine from human muscarinic M2 receptor expressed in CHO-K1 cells,B,Homo sapiens,,Bioorg Med Chem Lett,2008.0,Muscarinic acetylcholine receptor M2,Ki,nM,5.36,690.49,5.05
CHEMBL257586,47863.01,C[N+](C)(CCCC(O)(c1ccccc1)c1ccccc1)CC[N+](C)(C)CCCC(O)(c1ccccc1)c1ccccc1.[I-].[I-],Scientific Literature,Displacement of [3H]N-methylscopolamine from human muscarinic M2 receptor expressed in CHO-K1 cells,B,Homo sapiens,,Bioorg Med Chem Lett,2008.0,Muscarinic acetylcholine receptor M2,Ki,nM,4.32,820.64,6.57
CHEMBL402473,1698.24,C[C@H]1OC[C@@H]([C@@H]2CCC[N+]2(C)C)O1,Scientific Literature,Binding affinity to human cloned muscarinic M2 receptor expressed in CHO cells,B,Homo sapiens,,Bioorg Med Chem,2008.0,Muscarinic acetylcholine receptor M2,Ki,nM,5.77,186.28,0.99
CHEMBL50822,78.0,CC(C)NC(=O)c1ccc(CC2CCN(C3CCN(C(=O)c4ccccc4N)CC3)CC2)cc1,Scientific Literature,Binding affinity against cloned human muscarinic acetylcholine receptor M2.,B,,,Bioorg Med Chem Lett,2004.0,Muscarinic acetylcholine receptor M2,Ki,nM,7.11,462.64,3.97
CHEMBL421304,17.0,COc1ccc([S+]([O-])c2ccc(C(C3CCCCC3)N3CCN(C4CCCCC4)CC3)cc2)cc1,Scientific Literature,Binding affinity towards the cloned human Muscarinic acetylcholine receptor M2,B,,,Bioorg Med Chem Lett,2000.0,Muscarinic acetylcholine receptor M2,Ki,nM,7.77,494.75,6.43
CHEMBL273586,98.0,c1ccc2c(c1)C(=C1CN3CCC1CC3)c1ccccc1-2,Scientific Literature,In vitro binding affinity towards muscarinic receptor in heart (M2) was determined,B,,,Bioorg Med Chem Lett,1994.0,Muscarinic acetylcholine receptor M2,Ki,nM,7.01,273.38,4.19
CHEMBL569760,10.23,C[N+]1(C)CCCC1c1ccc(C(O)(c2ccccc2)C2CCCCC2)o1.[I-],Scientific Literature,Displacement of [3H]NMS from human cloned muscarinic M2 receptor expressed in CHO cells by scintillation counting,B,Homo sapiens,,J Med Chem,2010.0,Muscarinic acetylcholine receptor M2,Ki,nM,7.99,481.42,5.01
CHEMBL11947,923.0,CC(C)Sc1ccc(CC2CCN(C3CCN(C(=O)c4ccco4)CC3)CC2)cc1,Scientific Literature,Binding affinity against muscarinic acetylcholine receptor M2 stably expressed in CHO-K1 cells using [3H]-QNB as radioligand.,B,,,Bioorg Med Chem Lett,2002.0,Muscarinic acetylcholine receptor M2,Ki,nM,6.04,426.63,5.34
CHEMBL564226,1230.27,C[C@H](C1=C(CCN(C)C)Cc2ccccc21)c1ccccn1,Scientific Literature,Binding affinity towards cloned human muscarinic acetylcholine receptor M2 stably expressed in CHO-K1 cells using [3H]N-methylscopolamine,B,,,J Med Chem,2003.0,Muscarinic acetylcholine receptor M2,Ki,nM,5.91,292.43,4.15
CHEMBL145081,2200.0,OC1(c2csc3ccccc23)CN2CCC1CC2,Scientific Literature,Binding affinity for muscarinic acetylcholine receptor M2 by measuring displacement of [3H]QNB from guinea pig heart,B,Cavia porcellus,,J Med Chem,1995.0,Muscarinic acetylcholine receptor M2,Ki,nM,5.66,259.37,2.81
CHEMBL144751,400.0,C1=C(c2nc3ccccc3o2)C2CCN1CC2,Scientific Literature,Binding affinity for muscarinic acetylcholine receptor M2 by measuring displacement of [3H]QNB from guinea pig heart,B,Cavia porcellus,,J Med Chem,1995.0,Muscarinic acetylcholine receptor M2,Ki,nM,6.4,226.28,2.89
CHEMBL576663,29.51,CN1CCCC1c1ccc(C(O)(c2ccccc2)c2ccccc2)o1,Scientific Literature,Displacement of [3H]NMS from human cloned muscarinic M2 receptor expressed in CHO cells by scintillation counting,B,Homo sapiens,,J Med Chem,2010.0,Muscarinic acetylcholine receptor M2,Ki,nM,7.53,333.43,4.33
CHEMBL43383,14.46,CCN(CC)CCCCC1CCN(CC(=O)N2c3ccccc3C(=O)Nc3cccnc32)CC1,EUbOPEN Chemogenomic Library,"PDSP Secondary Binding target: CHRM2 - Compounds are tested at 10 uM concentration, plate are incubated at room temperature in the dark for 90 minutes. Reaction are stopped by vacuum filtration onto 0.3% polyethyleneimine soaked filter mats using Filtermate harvester. Scintillation cocktail is then melted onto microwave-dried filters on a hot plate and the radio activity is counted in Microbia counter. Compounds showing a minimum of 50% inhibition at 10 uM concentration are carried forward in this secondary binding assay to determine equilibrium binding affinity.",B,Homo sapiens,,,2024.0,Muscarinic acetylcholine receptor M2,Ki,nM,7.84,463.63,4.54
CHEMBL5417689,10.0,CCOc1cc([C@H](Cc2c(Cl)c[n+]([O-])cc2Cl)OC(=O)c2ccc(CN[C@@](CO)(C(=O)O[C@H]3CN4CCC3CC4)c3ccccc3)s2)ccc1OC,Scientific Literature,Displacement of [3H]N-methylscopolamine chloride from human muscarinic M2 receptor incubated for 2 hrs by radioligand binding assay,B,Homo sapiens,,J Med Chem,2023.0,Muscarinic acetylcholine receptor M2,Ki,nM,8.0,770.73,5.85
CHEMBL4648657,1348.96,C[N+](C)(C)C[C@@H]1CO[C@H](C(c2ccccc2)c2ccccc2)CO1.[I-],Scientific Literature,Displacement of [3H]NMS from human recombinant muscarinic receptor M2 expressed in CHO-K1 cell membranes incubated for 2 hrs by scintillation counting method,B,Homo sapiens,,J Med Chem,2020.0,Muscarinic acetylcholine receptor M2,Ki,nM,5.87,453.36,3.31
CHEMBL4645254,3235.94,C[N+](C)(C)C[C@@H]1CO[C@@H](c2ccc(-c3ccccc3)cc2)CO1.[I-],Scientific Literature,Displacement of [3H]NMS from human recombinant muscarinic receptor M2 expressed in CHO-K1 cell membranes incubated for 2 hrs by scintillation counting method,B,Homo sapiens,,J Med Chem,2020.0,Muscarinic acetylcholine receptor M2,Ki,nM,5.49,439.34,3.52
CHEMBL4638067,2238.72,C[N+](C)(C)C[C@@H]1CO[C@H](c2ccc(Cc3ccccc3)cc2)CO1.[I-],Scientific Literature,Displacement of [3H]NMS from human recombinant muscarinic receptor M2 expressed in CHO-K1 cell membranes incubated for 2 hrs by scintillation counting method,B,Homo sapiens,,J Med Chem,2020.0,Muscarinic acetylcholine receptor M2,Ki,nM,5.65,453.36,3.44
CHEMBL4085451,4400.0,COc1cccc2c1CCC([N+](C)(C)C)C2.[I-],Scientific Literature,Displacement of [3H]N-methyl-scopolamine bromide from human recombinant muscarinic M2 receptor expressed in HEK293T cell membranes after 1 hr by liquid scintillation counting method,B,Homo sapiens,,J Med Chem,2017.0,Muscarinic acetylcholine receptor M2,Ki,nM,5.36,347.24,2.26
CHEMBL42,169.0,CN1CCN(C2=Nc3cc(Cl)ccc3Nc3ccccc32)CC1,DrugMatrix,DRUGMATRIX: Muscarinic M2 radioligand binding (ligand: [3H] N-Methylscopolamine),B,,,,,Muscarinic acetylcholine receptor M2,Ki,nM,6.77,326.83,3.72
CHEMBL55,507.0,N=C(N)c1ccc(OCCCCCOc2ccc(C(=N)N)cc2)cc1,DrugMatrix,DRUGMATRIX: Muscarinic M2 radioligand binding (ligand: [3H] N-Methylscopolamine),B,,,,,Muscarinic acetylcholine receptor M2,Ki,nM,6.29,340.43,2.88
CHEMBL301354,18.0,CC(C)(C)NC(=O)c1ccc(CC2CCN(C3CCN(C(=O)c4ccc(F)c5ccccc45)CC3)CC2)cc1,Scientific Literature,Binding affinity against cloned human muscarinic acetylcholine receptor M2.,B,,,Bioorg Med Chem Lett,2004.0,Muscarinic acetylcholine receptor M2,Ki,nM,7.75,529.7,6.07
CHEMBL2377383,738.0,CC[N+](CC)(CC)CCOC(=O)C(c1ccccc1)c1ccccc1.[I-],Scientific Literature,Displacement of [3H] N-methylscopolamine from human muscarinic M2 receptor expressed in CHOK1 cells after 30 mins by scintillation counting analysis,B,Homo sapiens,,Bioorg Med Chem,2013.0,Muscarinic acetylcholine receptor M2,Ki,nM,6.13,467.39,4.24
CHEMBL51256,1.6,Cc1c(N)cccc1C(=O)N1CCC(N2CCC(Cc3ccc(C(=O)NC(C)C)cc3)CC2)CC1,Scientific Literature,Binding affinity against cloned human muscarinic acetylcholine receptor M2.,B,,,Bioorg Med Chem Lett,2004.0,Muscarinic acetylcholine receptor M2,Ki,nM,8.8,476.67,4.27
CHEMBL309720,0.2,COc1ccc(S(=O)(=O)c2ccc(C3(C4CCN(C5CCN(C(=O)c6cccc7c(F)cccc67)CC5)CC4)OCCO3)cc2)cc1,Scientific Literature,Antagonistic activity against muscarinic acetylcholine receptor M2,F,,,Bioorg Med Chem Lett,2001.0,Muscarinic acetylcholine receptor M2,Ki,nM,9.7,658.79,6.04
CHEMBL353311,26.0,C[C@@H]1OC(=O)[C@H]2C[C@H]3CCCC[C@@H]3[C@@H](CCCNC34CC5CC(CC(C5)C3)C4)[C@@H]12,Scientific Literature,Binding affinity towards human muscarinic M2 receptor in CHO-KI cells using [3H]- QNB as radioligand,B,,,Bioorg Med Chem Lett,1999.0,Muscarinic acetylcholine receptor M2,Ki,nM,7.58,399.62,5.33
CHEMBL524097,0.94,OC(c1ccccc1)(c1ccccc1)C12CC[N+](CCCOc3ccccc3)(CC1)CC2.[Br-],Scientific Literature,Displacement of [3H]N-methyl scopolamine from human cloned muscarinic M2 receptor expressed in CHO cells coexpressing Gqi5 by scintillation proximity assay,B,Homo sapiens,,J Med Chem,2009.0,Muscarinic acetylcholine receptor M2,Ki,nM,9.03,508.5,5.39
CHEMBL523299,0.15,OC(c1ccccc1)(c1ccccc1)C12CC[N+](CCOCc3ccccc3)(CC1)CC2.[Br-],Scientific Literature,Displacement of [3H]N-methyl scopolamine from human cloned muscarinic M2 receptor expressed in CHO cells coexpressing Gqi5 by scintillation proximity assay,B,Homo sapiens,,J Med Chem,2009.0,Muscarinic acetylcholine receptor M2,Ki,nM,9.82,508.5,5.14
CHEMBL239652,10000.0,C(#CCN1CCc2ccccc2C1)COC1=NOCC1.O=C(O)C(=O)O,Scientific Literature,Displacement of [3H]QNB from human muscarinic M2 receptor expressed in CHO cells,B,Homo sapiens,,Bioorg Med Chem,2007.0,Muscarinic acetylcholine receptor M2,Ki,nM,,360.37,1.8
CHEMBL239865,10000.0,Cl.O=C1CCON1CC#CCN1C2CCCC1CC2,Scientific Literature,Displacement of [3H]QNB from human muscarinic M2 receptor expressed in CHO cells,B,Homo sapiens,,Bioorg Med Chem,2007.0,Muscarinic acetylcholine receptor M2,Ki,nM,,284.79,1.17
CHEMBL239426,10000.0,C[N+]1(CC#CCN2OCCC2=O)CCCCC1.[I-],Scientific Literature,Displacement of [3H]QNB from human muscarinic M2 receptor expressed in CHO cells,B,Homo sapiens,,Bioorg Med Chem,2007.0,Muscarinic acetylcholine receptor M2,Ki,nM,,364.23,0.78
CHEMBL238827,10000.0,CN(C)CC#CCOc1cc(-c2ccccc2)on1.O=C(O)C(=O)O,Scientific Literature,Displacement of [3H]QNB from human muscarinic M2 receptor expressed in CHO cells,B,Homo sapiens,,Bioorg Med Chem,2007.0,Muscarinic acetylcholine receptor M2,Ki,nM,,346.34,2.29
CHEMBL239866,876.0,C(#CCN1CCCCC1)COC1=NOCC1.O=C(O)C(=O)O,Scientific Literature,Displacement of [3H]QNB from human muscarinic M2 receptor expressed in CHO cells,B,Homo sapiens,,Bioorg Med Chem,2007.0,Muscarinic acetylcholine receptor M2,Ki,nM,6.06,312.32,1.23
CHEMBL398043,40.0,O=C(O)C(=O)O.O=C1CCON1CC#CCN1CCCCC1,Scientific Literature,Displacement of [3H]QNB from human muscarinic M2 receptor expressed in CHO cells,B,Homo sapiens,,Bioorg Med Chem,2007.0,Muscarinic acetylcholine receptor M2,Ki,nM,7.4,312.32,0.64
CHEMBL238825,2041.0,Cc1cc(OCC#CC[N+]2(C)CCCC2)no1.[I-],Scientific Literature,Displacement of [3H]QNB from human muscarinic M2 receptor expressed in CHO cells,B,Homo sapiens,,Bioorg Med Chem,2007.0,Muscarinic acetylcholine receptor M2,Ki,nM,5.69,362.21,1.61
CHEMBL73341,8.0,COc1ccc([S+]([O-])c2ccc(C(C#N)N3CCN(C4CCCCC4)CC3)cc2)cc1,Scientific Literature,Binding affinity towards the cloned human Muscarinic acetylcholine receptor M2,B,,,Bioorg Med Chem Lett,2000.0,Muscarinic acetylcholine receptor M2,Ki,nM,8.1,437.61,4.38
CHEMBL343697,2600.0,C[N+]12CCC(CC1)C(C1Cc3ccccc3O1)C2,Scientific Literature,Binding affinity for muscarinic acetylcholine receptor M2 by measuring displacement of [3H]QNB from guinea pig heart,B,Cavia porcellus,,J Med Chem,1995.0,Muscarinic acetylcholine receptor M2,Ki,nM,5.58,244.36,2.48
CHEMBL355392,851.14,CC(C1=C(CCN2CCCCC2)Cc2ccccc21)c1ccccn1,Scientific Literature,Binding affinity towards cloned human muscarinic acetylcholine receptor M2 stably expressed in CHO-K1 cells using [3H]N-methylscopolamine,B,,,J Med Chem,2003.0,Muscarinic acetylcholine receptor M2,Ki,nM,6.07,332.49,5.07
CHEMBL302720,5300.0,NCc1ccc(NC(=O)[C@](O)(c2ccccc2)[C@@H]2CCC(F)(F)C2)cc1,Scientific Literature,Binding affinity against human muscarinic acetylcholine receptor M2 in transfected CHO cells,B,,,Bioorg Med Chem Lett,2003.0,Muscarinic acetylcholine receptor M2,Ki,nM,5.28,360.4,3.41
CHEMBL420662,1071.52,C=CCOC(=O)c1c(C)[nH]c2ccc3c(c12)CN1CCc2cc(OC)ccc2C1O3,Scientific Literature,Inhibition of [3H]-NMS binding to human muscarinic acetylcholine receptor M2 in transfected CHO cells.,B,,,J Med Chem,2002.0,Muscarinic acetylcholine receptor M2,Ki,nM,5.97,404.47,4.28
CHEMBL115078,64565.42,CCCCCCCCCCCCCC(=O)NCC(=O)N[C@@H](CO)C(=O)OCc1ccccc1,Scientific Literature,Ability to displace [3H]QNB from HM2 receptor binding to acetylcholine was evaluated by ligand inhibition assay,B,,,Bioorg Med Chem Lett,1999.0,Muscarinic acetylcholine receptor M2,Ki,nM,4.19,462.63,4.02
CHEMBL52852,1.1,CC(C)NC(=O)c1ccc(C2(C3CCN(C4CCN(C(=O)c5cccc6[nH]ccc56)CC4)CC3)OCCO2)cc1,Scientific Literature,Binding affinity against cloned human muscarinic acetylcholine receptor M2.,B,,,Bioorg Med Chem Lett,2004.0,Muscarinic acetylcholine receptor M2,Ki,nM,8.96,544.7,4.52
CHEMBL145533,9200.0,OC1(c2nc3ccccc3o2)CN2CCC1CC2,Scientific Literature,Binding affinity for muscarinic acetylcholine receptor M2 by measuring displacement of [3H]QNB from guinea pig heart,B,Cavia porcellus,,J Med Chem,1995.0,Muscarinic acetylcholine receptor M2,Ki,nM,5.04,244.29,1.74
CHEMBL328093,1.82,CCOC(=O)N1CCC(N2CCC(C3(c4ccc(S(=O)(=O)c5ccc6c(c5)OCO6)cc4)O[C@@H](C)[C@H](C)O3)CC2)CC1,Scientific Literature,Binding affinity at human cloned acetylcholine receptor M2 in CHO cells.,B,,,Bioorg Med Chem Lett,2000.0,Muscarinic acetylcholine receptor M2,Ki,nM,8.74,600.73,4.56
CHEMBL4457734,0.4,O=C(OC1C[N+]2(CCSc3ccccc3)CCC1CC2)C(O)(c1ccccc1)c1ccccc1.[Br-],Scientific Literature,Displacement of [3H]NMS from human M2R expressed in CHOK1 cell membranes incubated for 2 hrs by microbeta scintillation counting method,B,Homo sapiens,,Bioorg Med Chem,2019.0,Muscarinic acetylcholine receptor M2,Ki,nM,9.4,554.55,4.87
CHEMBL4474694,12.0,O=C(OC1C[N+]2(CCCCc3ccccc3)CCC1CC2)C(O)(c1ccccc1)c1ccccc1.[Br-],Scientific Literature,Displacement of [3H]NMS from human M2R expressed in CHOK1 cell membranes incubated for 2 hrs by microbeta scintillation counting method,B,Homo sapiens,,Bioorg Med Chem,2019.0,Muscarinic acetylcholine receptor M2,Ki,nM,7.92,550.54,5.1
CHEMBL4545504,0.91,COc1ccc(CCC[N+]23CCC(CC2)C(OC(=O)C(O)(c2ccccc2)c2ccccc2)C3)cc1.[Br-],Scientific Literature,Displacement of [3H]NMS from human M2R expressed in CHOK1 cell membranes incubated for 2 hrs by microbeta scintillation counting method,B,Homo sapiens,,Bioorg Med Chem,2019.0,Muscarinic acetylcholine receptor M2,Ki,nM,9.04,566.54,4.72
CHEMBL4646531,10000.0,C[N+](C)(C)C[C@@H]1CO[C@@H](c2ccc(Cc3ccccc3)cc2)CO1.[I-],Scientific Literature,Displacement of [3H]NMS from human recombinant muscarinic receptor M2 expressed in CHO-K1 cell membranes incubated for 2 hrs by scintillation counting method,B,Homo sapiens,,J Med Chem,2020.0,Muscarinic acetylcholine receptor M2,Ki,nM,,453.36,3.44
CHEMBL4634475,416.87,C[N+](C)(C)C[C@@H]1CO[C@@H](c2ccc([S+]([O-])c3ccccc3)cc2)CO1.[I-],Scientific Literature,Displacement of [3H]NMS from human recombinant muscarinic receptor M2 expressed in CHO-K1 cell membranes incubated for 2 hrs by scintillation counting method,B,Homo sapiens,,J Med Chem,2020.0,Muscarinic acetylcholine receptor M2,Ki,nM,6.38,487.4,3.02
CHEMBL4644999,70.0,O=C(Nc1ccc(F)cc1-c1cc(Cl)cc(Cl)c1)OCC1CCNCC1,Scientific Literature,Displacement of [3H]N-methylscopolamine from human muscarinic M2 receptor transiently expressed in HEK293T cell membranes incubated for 1 hr by scintillation counting method,A,Homo sapiens,,J Med Chem,2020.0,Muscarinic acetylcholine receptor M2,Ki,nM,7.16,397.28,5.35
CHEMBL381623,0.7943,CO[C@]1(C#CC(O)(c2ccccc2)c2ccccc2)CN2CCC1CC2,Scientific Literature,Displacement of [3H]N-methylscopolamine from human recombinant muscarinic M2 receptor expressed in CHO cells,B,Homo sapiens,,Bioorg Med Chem Lett,2008.0,Muscarinic acetylcholine receptor M2,Ki,nM,9.1,347.46,3.04
CHEMBL83363,251.19,O=C(C1CCC1)N(c1ccccc1)C1CCN(Cc2ccccc2)CC1,Scientific Literature,In vitro affinity for muscarinic M2 receptor.,B,,,Bioorg Med Chem Lett,2002.0,Muscarinic acetylcholine receptor M2,Ki,nM,6.6,348.49,4.48
CHEMBL539121,77.62,C[N+]1(C)CCC[C@@H]1[C@@H]1C[S+]([O-])[C@@](c2ccccc2)(C2CCCCC2)O1.[I-],Scientific Literature,Displacement of [3H]NMS from human muscarinic M2 receptor expressed in CHO cells,B,Homo sapiens,,Bioorg Med Chem,2008.0,Muscarinic acetylcholine receptor M2,Ki,nM,7.11,489.46,3.81
CHEMBL5092328,8200.0,CCS(=O)(=O)[C@]1(C)CC[C@@](CF)(c2cc(NC(=O)c3cc4c(cn3)OC(F)(F)O4)ccc2F)N=C1N,Scientific Literature,Displacement of [3H]-AF-DX 384 from human recombinant muscarinic 2 receptor after 60 mins by scintillation counting analysis,B,Homo sapiens,,J Med Chem,2021.0,Muscarinic acetylcholine receptor M2,Ki,nM,5.09,530.5,3.3
CHEMBL1529,2818.38,Cl.OC(CCCN1CCCCC1)(c1ccccc1)c1ccccc1,Scientific Literature,Displacement of [3H]N-methylscopolamine from human muscarinic M2 receptor expressed in CHO-K1 cells,B,Homo sapiens,,Bioorg Med Chem Lett,2008.0,Muscarinic acetylcholine receptor M2,Ki,nM,5.55,345.91,4.19
CHEMBL39843,25000.0,C[C@@H]1CCC2(CN3CCC2CC3)O1,Scientific Literature,Compound was evaluated for its binding affinity against Muscarinic acetylcholine receptor M2 in guinea pig heart using (-)-[3H]-QNB as radioligand,B,Cavia porcellus,,J Med Chem,1992.0,Muscarinic acetylcholine receptor M2,Ki,nM,,181.28,1.65
CHEMBL106224,512.86,CCCc1c(C(=O)OCC)c2c3c(ccc2n1C)OC1c2ccc(OC)cc2CCN1C3,Scientific Literature,Inhibition of [3H]-NMS binding to human muscarinic acetylcholine receptor M2 in transfected CHO cells.,B,,,J Med Chem,2002.0,Muscarinic acetylcholine receptor M2,Ki,nM,6.29,434.54,4.77
CHEMBL150624,1.3,CC(=C1CCN(C2CCN(C(=O)c3ccc(F)c4ccccc34)CC2)CC1)c1ccc([S+]([O-])C(C)C)cc1,Scientific Literature,Binding affinity for human Muscarinic acetylcholine receptor M2,B,Homo sapiens,,J Med Chem,2002.0,Muscarinic acetylcholine receptor M2,Ki,nM,8.89,532.73,6.67
CHEMBL4876453,0.2138,CC(=O)NC(=O)[C@H](CCCCN)NC(=O)[C@H](CCCNC(=N)N)NCCN1CCN(CCCC2CCN(CC(=O)N3c4ccccc4NC(=O)c4ccccc43)CC2)CC1.O=C(O)C(F)(F)F.O=C(O)C(F)(F)F.O=C(O)C(F)(F)F.O=C(O)C(F)(F)F.O=C(O)C(F)(F)F,Scientific Literature,Displacement of [3H]-NMS from human muscarinic M2 receptor expressed in CHO cell membranes assessed as inhibition constant by radioligand competition analysis,B,Homo sapiens,,Eur J Med Chem,2021.0,Muscarinic acetylcholine receptor M2,Ki,nM,9.67,1401.19,1.52
CHEMBL4878717,0.2951,N=C(N)NCCCCC(=O)NC1CCN(CCCCC2CCN(CC(=O)N3c4ccccc4NC(=O)c4ccccc43)CC2)CC1.O=C(O)C(F)(F)F.O=C(O)C(F)(F)F.O=C(O)C(F)(F)F.O=C(O)C(F)(F)F,Scientific Literature,Displacement of [3H]-NMS from human muscarinic M2 receptor expressed in CHO cell membranes assessed as inhibition constant by radioligand competition analysis,B,Homo sapiens,,Eur J Med Chem,2021.0,Muscarinic acetylcholine receptor M2,Ki,nM,9.53,1086.93,4.03
CHEMBL4867483,16.98,CC(=O)N[C@@H](CCCN)C(=O)NC(=O)[C@H](C)NC(=O)[C@H](CCNC(=N)N)NCCN1CCN(C(=O)CCCC2CCN(CC(=O)N3c4ccccc4NC(=O)c4ccccc43)CC2)CC1.O=C(O)C(F)(F)F.O=C(O)C(F)(F)F.O=C(O)C(F)(F)F.O=C(O)C(F)(F)F,Scientific Literature,Displacement of [3H]-NMS from human muscarinic M2 receptor expressed in CHO cell membranes assessed as inhibition constant by radioligand competition analysis,B,Homo sapiens,,Eur J Med Chem,2021.0,Muscarinic acetylcholine receptor M2,Ki,nM,7.77,1358.2,0.17
CHEMBL4876725,0.2138,CC(=O)NC(=O)[C@H](CCNC(=N)N)NC(=O)[C@@H]1CC(=O)NCCC[C@@H](C(=O)NCCN2CCN(CCCCC3CCN(CC(=O)N4c5ccccc5NC(=O)c5ccccc54)CC3)CC2)N1.O=C(O)C(F)(F)F.O=C(O)C(F)(F)F.O=C(O)C(F)(F)F.O=C(O)C(F)(F)F.O=C(O)C(F)(F)F,Scientific Literature,Displacement of [3H]-NMS from human muscarinic M2 receptor expressed in CHO cell membranes assessed as inhibition constant by radioligand competition analysis,B,Homo sapiens,,Eur J Med Chem,2021.0,Muscarinic acetylcholine receptor M2,Ki,nM,9.67,1484.24,0.18
CHEMBL4858774,117.49,CC(=O)N[C@@H](CCCN)C(=O)NC(=O)[C@H](C)NC(=O)[C@H](CCNC(=N)N)NCCN1CCN(CC(=O)NC2CCN(CC(=O)N3c4ccccc4NC(=O)c4ccccc43)CC2)CC1.O=C(O)C(F)(F)F.O=C(O)C(F)(F)F.O=C(O)C(F)(F)F.O=C(O)C(F)(F)F.O=C(O)C(F)(F)F,Scientific Literature,Antagonist activity at human muscarinic acetylcholine receptor M2 expressed in human HEK293T cells coexpressing NlucN-mini-Gsi assessed as inhibition of iperoxo-induced mini-Gsi recruitment by measuring equilibrium binding constant by nano-luciferase technique,F,Homo sapiens,,Eur J Med Chem,2021.0,Muscarinic acetylcholine receptor M2,Ki,nM,6.93,1459.19,-1.66
CHEMBL74117,0.26,C=C(c1ccc(S(=O)(=O)c2ccc(OC)cc2)cc1)C1CCN(C2CCN(C(=O)C3CC3)CC2)CC1,Scientific Literature,Binding affinity to muscarinic M2 receptor,B,Homo sapiens,,Bioorg Med Chem Lett,2007.0,Muscarinic acetylcholine receptor M2,Ki,nM,9.59,508.68,4.65
CHEMBL305607,3.802,C=C(c1ccc(S(=O)(=O)c2ccc(OC)cc2)cc1)C1CCN(C2CCN(C(=O)CC)CC2)CC1,Scientific Literature,Binding affinity to muscarinic M2 receptor,B,Homo sapiens,,Bioorg Med Chem Lett,2007.0,Muscarinic acetylcholine receptor M2,Ki,nM,8.42,496.67,4.65
CHEMBL4065555,230.0,C[N+](C)(C)CCCc1ccc2ccoc2c1.O=C[O-],Scientific Literature,Displacement of [3H]N-methyl-scopolamine bromide from human recombinant muscarinic M2 receptor expressed in HEK293T cell membranes after 1 hr by liquid scintillation counting method,B,Homo sapiens,,J Med Chem,2017.0,Muscarinic acetylcholine receptor M2,Ki,nM,6.64,263.34,3.07
CHEMBL493795,218.78,CN1CCC[C@H]1[C@H]1C[S+]([O-])C(c2ccccc2)(c2ccccc2)O1,Scientific Literature,Displacement of [3H]NMS from human muscarinic M2 receptor expressed in CHO cells,B,Homo sapiens,,Bioorg Med Chem,2008.0,Muscarinic acetylcholine receptor M2,Ki,nM,6.66,341.48,3.13
CHEMBL67281,352.0,C[C@H]1CN(C2CCN(C(=O)c3c(F)cccc3F)CC2)CCN1[C@@H](C)c1ccc(S(=O)(=O)c2ccc3c(c2)OCO3)cc1,Scientific Literature,Affinity for Muscarinic acetylcholine receptor M2,B,,,Bioorg Med Chem Lett,2001.0,Muscarinic acetylcholine receptor M2,Ki,nM,6.45,611.71,4.9
CHEMBL167838,3.0,COc1c(S(=O)(=O)c2ccc([C@H](C)N3CCN(C4CCN(C(=O)c5ccccc5C)CC4)C[C@H]3C)cc2)ccc2c1OCO2,Scientific Literature,Binding affinity against human muscarinic acetylcholine receptor M2 using [3H]N-methylscopolamine as radioligand,B,,,Bioorg Med Chem Lett,2002.0,Muscarinic acetylcholine receptor M2,Ki,nM,8.52,619.78,4.94
CHEMBL146567,310.0,Cc1cccc(CN2CCC(NC(=O)[C@](O)(c3ccccc3)[C@@H]3CCC(F)(F)C3)CC2)c1,Scientific Literature,Inhibition of [3H]NMS binding to human muscarinic acetylcholine receptor M2 expressed in CHO cells,B,,,J Med Chem,2000.0,Muscarinic acetylcholine receptor M2,Ki,nM,6.51,442.55,4.4
CHEMBL359220,2300.0,CC(C)=CCCN1CCC(NC(=O)[C@](O)(c2ccccc2)[C@H]2CC[C@H](O)C2)CC1,Scientific Literature,Inhibition of [3H]NMS binding to human muscarinic acetylcholine receptor M2 expressed in CHO cells,B,,,J Med Chem,2000.0,Muscarinic acetylcholine receptor M2,Ki,nM,5.64,400.56,2.97
CHEMBL358193,79.0,O=C(NC1CCN(Cc2ccsc2)CC1)C(O)(c1ccccc1)C1CCCC1,Scientific Literature,Inhibition of [3H]NMS binding to human muscarinic acetylcholine receptor M2 expressed in CHO cells,B,,,J Med Chem,2000.0,Muscarinic acetylcholine receptor M2,Ki,nM,7.1,398.57,3.91
CHEMBL451542,1569.0,CCN(CC)CCOCCN(C)CC1(c2ccccc2)CCCC1,Scientific Literature,Binding affinity towards muscarinic m2 receptor,B,,,J Med Chem,1994.0,Muscarinic acetylcholine receptor M2,Ki,nM,5.8,332.53,3.79
CHEMBL66400,28.0,NCC1CCN(C(=O)[C@](O)(c2ccccc2)C2CCCC2)CC1,Scientific Literature,Binding affinity against human muscarinic acetylcholine receptor M2 in transfected CHO cells,B,,,Bioorg Med Chem Lett,2003.0,Muscarinic acetylcholine receptor M2,Ki,nM,7.55,316.45,2.26
CHEMBL2112313,1995.26,O=C(c1cccs1)N(c1c(Cl)cccc1Cl)C1CCN(Cc2ccccc2)CC1,Scientific Literature,In vitro affinity for muscarinic M2 receptor.,B,,,Bioorg Med Chem Lett,2002.0,Muscarinic acetylcholine receptor M2,Ki,nM,5.7,445.42,6.37
CHEMBL87302,316.23,O=C(c1ccccc1)N(c1ccccc1)C1CCN(Cc2ccccc2)CC1,Scientific Literature,In vitro affinity for muscarinic M2 receptor.,B,,,Bioorg Med Chem Lett,2002.0,Muscarinic acetylcholine receptor M2,Ki,nM,6.5,370.5,5.0
CHEMBL67172,31.0,Cc1cccc(C)c1C(=O)N1CCC(N2CCN(Cc3ccc(S(=O)(=O)c4ccc5c(c4)OCO5)cc3)CC2)CC1,Scientific Literature,Affinity for Muscarinic acetylcholine receptor M2,B,,,Bioorg Med Chem Lett,2001.0,Muscarinic acetylcholine receptor M2,Ki,nM,7.51,575.73,4.29
CHEMBL1910849,2.6,CC(C)(CCC(C(N)=O)(c1ccccc1)c1ccccc1)N1CCC(Oc2ccccc2)CC1,Scientific Literature,Displacement of [3H]-NMS from human recombinant M2 receptor expressed in CHO cells after 2 hrs by filter binding assay,B,Homo sapiens,,J Med Chem,2011.0,Muscarinic acetylcholine receptor M2,Ki,nM,8.59,456.63,5.56
CHEMBL310912,0.6,COc1ccc(S(=O)(=O)c2ccc(C(C)N3CCN(C4CCCCC4)CC3)cc2)cc1,Scientific Literature,Binding affinity against human cloned Muscarinic acetylcholine receptor M2.,B,,,Bioorg Med Chem Lett,2002.0,Muscarinic acetylcholine receptor M2,Ki,nM,9.22,442.63,4.54
CHEMBL69595,1.3,COc1ccc(S(=O)(=O)c2ccc(C(C#N)C3CCN(C4CCCCC4)CC3)cc2)cc1,Scientific Literature,Binding affinity against Muscarinic acetylcholine receptor M2,B,,,Bioorg Med Chem Lett,2000.0,Muscarinic acetylcholine receptor M2,Ki,nM,8.89,452.62,5.18
CHEMBL349720,0.9,C[C@@H]1CN(C2CCN(C(=O)c3ccccc3)CC2)CCN1[C@@H](C)c1ccc(S(=O)(=O)c2ccc3c(c2)OCO3)cc1,Scientific Literature,Binding affinity against human cloned Muscarinic acetylcholine receptor M2.,B,,,Bioorg Med Chem Lett,2002.0,Muscarinic acetylcholine receptor M2,Ki,nM,9.05,575.73,4.62
CHEMBL70848,2.2,C=C(c1ccc(S(=O)(=O)c2ccc(OC)cc2)cc1)C1CCN(C2CCN(C(=O)C(C)C)CC2)CC1,Scientific Literature,Binding affinity against Muscarinic acetylcholine receptor M2 stably expressed in CHO-K1 cells.,B,,,Bioorg Med Chem Lett,2000.0,Muscarinic acetylcholine receptor M2,Ki,nM,8.66,510.7,4.9
CHEMBL4762755,616.6,O=C(CCN1CCCc2ccccc21)Nc1cccc2cccnc12,Scientific Literature,Displacement of [3H]-NMS from muscarinic M2 receptor (unknown origin) expressed in CHO-K1 cell membranes assessed as inhibition constant by radioligand competition analysis,B,Homo sapiens,,Bioorg Med Chem Lett,2020.0,Muscarinic acetylcholine receptor M2,Ki,nM,6.21,331.42,4.02
CHEMBL2112961,13.0,O=C(CNC(=O)[C@@H]1CCCN1C(=O)CC(c1ccccc1)(c1ccccc1)c1ccccc1)NC[C@H]1CCCN(CC2CCCCC2)C1,Scientific Literature,Binding affinity (Ki) against binding of [3H]NMS to membranes from CHO cells expressing cloned human Muscarinic acetylcholine receptor M2,B,Homo sapiens,,J Med Chem,2002.0,Muscarinic acetylcholine receptor M2,Ki,nM,7.89,648.89,5.93
CHEMBL150707,32.0,CC(=C1CCN(C2CCN(C(=O)c3cccc(C)c3N)CC2)CC1)c1ccc(S(=O)(=O)C(C)C)cc1,Scientific Literature,Binding affinity for human Muscarinic acetylcholine receptor M2,B,Homo sapiens,,J Med Chem,2002.0,Muscarinic acetylcholine receptor M2,Ki,nM,7.5,509.72,4.93
CHEMBL72787,2.992,C=C(c1ccc(S(=O)(=O)c2ccc(OC)cc2)cc1)C1CCN(C2CCN(C(=O)Cc3ccccc3)CC2)CC1,Scientific Literature,Binding affinity to muscarinic M2 receptor,B,Homo sapiens,,Bioorg Med Chem Lett,2007.0,Muscarinic acetylcholine receptor M2,Ki,nM,8.52,558.74,5.49
CHEMBL72494,0.3597,C=C(c1ccc(S(=O)(=O)c2ccc(OC)cc2)cc1)C1CCN(C2CCN(S(=O)(=O)c3ccccc3)CC2)CC1,Scientific Literature,Binding affinity to muscarinic M2 receptor,B,Homo sapiens,,Bioorg Med Chem Lett,2007.0,Muscarinic acetylcholine receptor M2,Ki,nM,9.44,580.77,5.11
CHEMBL264414,19.95,CO[C@]1(C#C[C@@](O)(c2ccccc2)C2CCCCCC2)CN2CCC1CC2,Scientific Literature,Displacement of [3H]N-methylscopolamine from human recombinant muscarinic M2 receptor expressed in CHO cells,B,Homo sapiens,,Bioorg Med Chem Lett,2008.0,Muscarinic acetylcholine receptor M2,Ki,nM,7.7,367.53,3.96
CHEMBL4789054,114.82,O=C(CCN1CCCc2ccccc21)Nc1ccccc1,Scientific Literature,Displacement of [3H]-NMS from muscarinic M2 receptor (unknown origin) expressed in CHO-K1 cell membranes assessed as inhibition constant by radioligand competition analysis,B,Homo sapiens,,Bioorg Med Chem Lett,2020.0,Muscarinic acetylcholine receptor M2,Ki,nM,6.94,280.37,3.47
CHEMBL4756237,43651.58,O=C(CN1CCCc2cnccc21)N1CCCC1,Scientific Literature,Displacement of [3H]-NMS from muscarinic M2 receptor (unknown origin) expressed in CHO-K1 cell membranes assessed as inhibition constant by radioligand competition analysis,B,Homo sapiens,,Bioorg Med Chem Lett,2020.0,Muscarinic acetylcholine receptor M2,Ki,nM,4.36,245.33,1.46
CHEMBL165035,0.4,Cc1cccc(S(=O)(=O)c2ccc([C@H](C)N3CCN(C4CCN(C(=O)c5ccccc5C)CC4)C[C@H]3C)cc2)c1,Scientific Literature,Binding affinity against human muscarinic acetylcholine receptor M2 using [3H]N-methylscopolamine as radioligand,B,,,Bioorg Med Chem Lett,2002.0,Muscarinic acetylcholine receptor M2,Ki,nM,9.4,559.78,5.51
CHEMBL70531,26.0,CC(c1ccc(S(=O)(=O)c2ccccc2)cc1)N1CCN(CCO)CC1,Scientific Literature,Binding affinity towards the cloned human Muscarinic acetylcholine receptor M2,B,,,Bioorg Med Chem Lett,2000.0,Muscarinic acetylcholine receptor M2,Ki,nM,7.58,374.51,2.19
CHEMBL282829,10000.0,CCc1ccc(N2CCN(Cc3c[nH]c4ncccc34)CC2)cc1,Scientific Literature,Binding affinity to cloned Muscarinic acetylcholine receptor M2,B,,,Bioorg Med Chem Lett,2001.0,Muscarinic acetylcholine receptor M2,Ki,nM,,320.44,3.45
CHEMBL64788,480.0,COC(=O)C1CC2CCCC1N2,Scientific Literature,Inhibition of binding of [3H]quinuclidinyl benzilate to muscarinic receptors in membranes of CHO cells transfected with Muscarinic acetylcholine receptor M2,B,Homo sapiens,,J Med Chem,1998.0,Muscarinic acetylcholine receptor M2,Ki,nM,6.32,169.22,0.69
CHEMBL369062,17.0,O=C(CCCNC(=O)CC(c1ccccc1)(c1ccccc1)c1ccccc1)NCCC(=O)NCC1CCCN(CC2CCCCC2)C1,Scientific Literature,Binding affinity (Ki) against binding of [3H]NMS to membranes from CHO cells expressing cloned human Muscarinic acetylcholine receptor M2,B,Homo sapiens,,J Med Chem,2002.0,Muscarinic acetylcholine receptor M2,Ki,nM,7.77,650.91,6.22
CHEMBL215189,68.0,O=C(NCC1CCN(CC2CCC2)CC1)[C@H]1CCCN1C(=O)[C@@H]1C[C@@H](O)CN1C(=O)CC(c1ccc(F)cc1)(c1ccc(F)cc1)c1ccc(F)cc1,Scientific Literature,Inhibition of [3H]NMS binding to human cloned M2 receptor expressed in CHO cells,B,Homo sapiens,,J Med Chem,2006.0,Muscarinic acetylcholine receptor M2,Ki,nM,7.17,730.87,5.41
CHEMBL214342,730.0,CN1CCC(CNC(=O)[C@H]2CCCN2C(=O)[C@@H]2C[C@@H](O)CN2C(=O)CC(c2ccc(F)cc2)(c2ccc(F)cc2)c2ccc(F)cc2)CC1,Scientific Literature,Inhibition of [3H]NMS binding to human cloned M2 receptor expressed in CHO cells,B,Homo sapiens,,J Med Chem,2006.0,Muscarinic acetylcholine receptor M2,Ki,nM,6.14,676.78,4.24
CHEMBL438822,450.0,O=C(NC[C@@H]1CCCNC1)[C@H]1CCCN1C(=O)[C@@H]1C[C@@H](O)CN1C(=O)CC(c1ccc(F)cc1)(c1ccc(F)cc1)c1ccc(F)cc1,Scientific Literature,Inhibition of [3H]NMS binding to human cloned M2 receptor expressed in CHO cells,B,Homo sapiens,,J Med Chem,2006.0,Muscarinic acetylcholine receptor M2,Ki,nM,6.35,662.75,3.9
CHEMBL167396,0.1,C[C@@H]1CN(C2CCN(C(=O)c3ccccc3Oc3ccccc3)CC2)CCN1[C@@H](C)c1ccc(S(=O)(=O)c2ccc3c(c2)OCO3)cc1,Scientific Literature,Binding affinity against human muscarinic acetylcholine receptor M2 using [3H]N-methylscopolamine as radioligand,B,,,Bioorg Med Chem Lett,2002.0,Muscarinic acetylcholine receptor M2,Ki,nM,10.0,667.83,6.41
CHEMBL127273,8.6,COc1ccccc1CN1CCC(C2CCN(CCCCCCCCN3CCC(C4CCN(Cc5ccccc5OC)CC4)CC3)CC2)CC1,Scientific Literature,Binding affinity against muscarinic acetylcholine receptor M2,B,,,J Med Chem,2001.0,Muscarinic acetylcholine receptor M2,Ki,nM,8.07,687.07,8.59
CHEMBL307554,15000.0,O=C(Nc1ccc2c(c1)CNC2)[C@](O)(c1ccccc1)[C@@H]1CCC(F)(F)C1,Scientific Literature,Binding affinity against human muscarinic acetylcholine receptor M2 in transfected CHO cells,B,,,Bioorg Med Chem Lett,2003.0,Muscarinic acetylcholine receptor M2,Ki,nM,4.82,372.42,3.55
CHEMBL222402,2918.0,CN1CCC(N2CC(c3ccccc3)(c3ccccc3)NC2=O)CC1,Scientific Literature,Displacement of [3H]N-methyl-scopolamine from human muscarinic M2 receptor expressed in CHO K1 cells,B,Homo sapiens,,J Med Chem,2007.0,Muscarinic acetylcholine receptor M2,Ki,nM,5.54,335.45,3.05
CHEMBL4160064,6820.0,COc1cccc(-c2ccc3c(c2)CCN(Cc2ccccc2)C3)c1,Scientific Literature,Displacement of [3H]-QNB/[3H]-NMS from human muscarinic M2 receptor expressed in stable CHO cells after 90 mins by microbeta scintillation counting method,B,Homo sapiens,,Eur J Med Chem,2018.0,Muscarinic acetylcholine receptor M2,Ki,nM,5.17,329.44,4.92
CHEMBL1354199,0.15,C[N+]1(C)[C@@H]2C[C@@H](OC(=O)[C@H](CO)c3ccccc3)C[C@H]1[C@@H]1O[C@@H]12.[Br-],DrugMatrix,DRUGMATRIX: Muscarinic M2 radioligand binding (ligand: [3H] N-Methylscopolamine),B,,,,,Muscarinic acetylcholine receptor M2,Ki,nM,9.82,398.3,1.06
CHEMBL4061384,15000.0,COc1cccc(C2CC2C[N+](C)(C)C)c1.O=C[O-],Scientific Literature,Displacement of [3H]N-methyl-scopolamine bromide from human recombinant muscarinic M2 receptor expressed in HEK293T cell membranes after 1 hr by liquid scintillation counting method,B,Homo sapiens,,J Med Chem,2017.0,Muscarinic acetylcholine receptor M2,Ki,nM,4.82,265.35,2.5
CHEMBL146953,50000.0,CN(C)C1CCc2cccc(O)c2C1,Scientific Literature,Displacement of [3H]N-methyl-scopolamine bromide from human recombinant muscarinic M2 receptor expressed in HEK293T cell membranes after 1 hr by liquid scintillation counting method,B,Homo sapiens,,J Med Chem,2017.0,Muscarinic acetylcholine receptor M2,Ki,nM,,191.27,1.81
CHEMBL3323287,14.45,CC(C)(CN1C(=O)c2cccc3cccc(c23)C1=O)C[N+](C)(C)CCCCCC[N+](C)(C)CC#CCOC1=NOCC1.[Br-].[Br-],Scientific Literature,Displacement of [3H]-NMS from human muscarinic M2 Y104A mutant expressed in Flp-In-CHO cells by liquid scintillation counting,B,Homo sapiens,,J Med Chem,2014.0,Muscarinic acetylcholine receptor M2,Ki,nM,7.84,736.59,4.93
CHEMBL3323281,2.818,CC(C)(CN1C(=O)c2cccc3cccc(c23)C1=O)C[N+](C)(C)CCCCCC[N+]1(C)[C@@H]2CC[C@@H]1CC(OC(=O)C(CO)c1ccccc1)C2.[Br-].[Br-],Scientific Literature,Displacement of [3H]-NMS from human muscarinic M2 Y177Q/T423H mutant expressed in Flp-In-CHO cells by liquid scintillation counting,B,Homo sapiens,,J Med Chem,2014.0,Muscarinic acetylcholine receptor M2,Ki,nM,8.55,843.74,6.56
CHEMBL3309717,100000.0,C[C@H]1OCCO[C@@H]1C[N+](C)(C)C.[I-],Scientific Literature,Displacement of [3H]NMS from human muscarinic M2 receptor transfected in CHO cells after 120 mins by scintillation counting analysis,B,Homo sapiens,,Bioorg Med Chem Lett,2014.0,Muscarinic acetylcholine receptor M2,Ki,nM,,301.17,0.5
CHEMBL2021479,4.467,CN(C)[C@H]1CCCC[C@H]1N(C)CC(=O)N1c2ccccc2NC(=O)c2ccccc21.O=C(O)C(=O)O.O=C(O)C(=O)O,Scientific Literature,Displacement of [3H]N-methylscopolamine chloride from human cloned muscarinic M2 receptor expressed in CHOK1 cells,B,Homo sapiens,,Bioorg Med Chem,2008.0,Muscarinic acetylcholine receptor M2,Ki,nM,8.35,586.6,3.72
CHEMBL66820,2800.0,NCCCC1CCN(C(=O)[C@](O)(c2ccccc2)[C@@H]2CCC(F)(F)C2)CC1,Scientific Literature,Binding affinity against human muscarinic acetylcholine receptor M2 in transfected CHO cells,B,,,Bioorg Med Chem Lett,2003.0,Muscarinic acetylcholine receptor M2,Ki,nM,5.55,380.48,3.29
CHEMBL305531,130.0,NCC1CCN(C(=O)[C@](O)(c2ccccc2)[C@@H]2CCC(F)(F)C2)C1,Scientific Literature,Binding affinity against human muscarinic acetylcholine receptor M2 in transfected CHO cells,B,,,Bioorg Med Chem Lett,2003.0,Muscarinic acetylcholine receptor M2,Ki,nM,6.89,338.4,2.12
CHEMBL435949,10000.0,COc1ccccc1N1CCN(Cc2c[nH]c3ncccc23)CC1,Scientific Literature,Binding affinity to cloned Muscarinic acetylcholine receptor M2,B,,,Bioorg Med Chem Lett,2001.0,Muscarinic acetylcholine receptor M2,Ki,nM,,322.41,2.89
CHEMBL171520,520.0,C[C@@H]1OC(=O)[C@H]2C[C@H]3CCCC[C@@H]3[C@@H](CCCN3CCN(C4CCCCC4)CC3)[C@@H]12,Scientific Literature,Binding affinity towards human muscarinic M2 receptor in CHO-KI cells using [3H]- QNB as radioligand,B,,,Bioorg Med Chem Lett,1999.0,Muscarinic acetylcholine receptor M2,Ki,nM,6.28,416.65,4.72
CHEMBL63757,497.0,Cc1cccc(C)c1C(=O)N1CCC(N2CCN(Cc3ccc(Cc4ccc5c(c4)OCO5)cc3)CC2)CC1,Scientific Literature,Affinity for Muscarinic acetylcholine receptor M2,B,,,Bioorg Med Chem Lett,2001.0,Muscarinic acetylcholine receptor M2,Ki,nM,6.3,525.69,5.05
CHEMBL418446,0.89,CC(=C1CCN(C2CCN(C(=O)c3cccc(C)c3N)CC2)CC1)c1ccc([S+]([O-])C(C)C)cc1,Scientific Literature,Binding affinity for human Muscarinic acetylcholine receptor M2,B,Homo sapiens,,J Med Chem,2002.0,Muscarinic acetylcholine receptor M2,Ki,nM,9.05,493.72,5.27
CHEMBL1909073,9.339,CC[N+]1(CCOC(=O)C(O)(c2ccccc2)c2ccccc2)CCCCC1.[Br-],DrugMatrix,DRUGMATRIX: Muscarinic M2 radioligand binding (ligand: [3H] N-Methylscopolamine),B,,,,,Muscarinic acetylcholine receptor M2,Ki,nM,8.03,448.4,3.49
CHEMBL29808,10000.0,C=Cc1ccc(N2CCN(Cc3c[nH]c4ncccc34)CC2)cc1,Scientific Literature,Binding affinity to cloned Muscarinic acetylcholine receptor M2,B,,,Bioorg Med Chem Lett,2001.0,Muscarinic acetylcholine receptor M2,Ki,nM,,318.42,3.53
CHEMBL2103803,0.1585,C[N+]1(C)[C@@H]2CC[C@H]1C[C@@H](CC(C#N)(c1ccccc1)c1ccccc1)C2.[Br-],Scientific Literature,Displacement of [3H]N-methyl Scopolamine from human cloned muscarinic M2 receptor expressed in CHO cell membrane,B,Homo sapiens,,Bioorg Med Chem Lett,2009.0,Muscarinic acetylcholine receptor M2,Ki,nM,9.8,425.41,4.9
CHEMBL354636,13.0,C[C@@H]1OC(=O)[C@H]2C[C@H]3CCCC[C@@H]3[C@@H](CCCN3CCCC4CCCCC43)[C@@H]12,Scientific Literature,Binding affinity towards human muscarinic M2 receptor in CHO-KI cells using [3H]- QNB as radioligand,B,,,Bioorg Med Chem Lett,1999.0,Muscarinic acetylcholine receptor M2,Ki,nM,7.89,387.61,5.43
CHEMBL352596,224.0,C[C@@H]1OC(=O)[C@H]2C[C@H]3CCCC[C@@H]3[C@@H](CCCN3CCCC(C)(C)C3)[C@@H]12,Scientific Literature,Binding affinity towards human muscarinic M2 receptor in CHO-KI cells using [3H]- QNB as radioligand,B,,,Bioorg Med Chem Lett,1999.0,Muscarinic acetylcholine receptor M2,Ki,nM,6.65,361.57,4.89
CHEMBL233201,7.2,CN(C)C1(CNCCC2CCSCC2)COc2ccccc2OC1,Scientific Literature,Displacement of 1-[N-methyl- 3H]scopolamine from human muscarinic M2 receptor expressed in Sf9 cells,B,Homo sapiens,,Bioorg Med Chem Lett,2007.0,Muscarinic acetylcholine receptor M2,Ki,nM,8.14,350.53,2.88
CHEMBL233198,44.0,CC(C)c1ccc(CCNCC2(N(C)C)COc3ccccc3OC2)cc1,Scientific Literature,Displacement of 1-[N-methyl- 3H]scopolamine from human muscarinic M2 receptor expressed in Sf9 cells,B,Homo sapiens,,Bioorg Med Chem Lett,2007.0,Muscarinic acetylcholine receptor M2,Ki,nM,7.36,368.52,3.71
CHEMBL234439,2.0,CN(C)C1(CNCCC2CCCCCC2)COc2ccccc2OC1,Scientific Literature,Displacement of 1-[N-methyl- 3H]scopolamine from human muscarinic M2 receptor expressed in Sf9 cells,B,Homo sapiens,,Bioorg Med Chem Lett,2007.0,Muscarinic acetylcholine receptor M2,Ki,nM,8.7,346.52,3.71
CHEMBL478226,1000.0,CN1CCN(CC(=O)N2c3ccccc3C(=O)Nc3cccnc32)[C@@H]2CCCC[C@H]21,Scientific Literature,Displacement of [3H]N-methylscopolamine chloride from human cloned muscarinic M2 receptor expressed in CHOK1 cells,B,Homo sapiens,,Bioorg Med Chem,2008.0,Muscarinic acetylcholine receptor M2,Ki,nM,6.0,405.5,2.87
CHEMBL1346,47.0,NC(=O)C(c1ccccc1)(c1ccccc1)[C@@H]1CCN(CCc2ccc3c(c2)CCO3)C1,Scientific Literature,Binding affinity (Ki) against binding of [3H]NMS to membranes from CHO cells expressing cloned human Muscarinic acetylcholine receptor M2,B,Homo sapiens,,J Med Chem,2002.0,Muscarinic acetylcholine receptor M2,Ki,nM,7.33,426.56,3.96
CHEMBL290715,50000.0,C1OCC2(CN3CCC2CC3)O1,Scientific Literature,Compound was evaluated for its binding affinity against muscarinic acetylcholine receptor M2 in guinea pig heart using (-)-[3H]-QNB as radioligand,B,Cavia porcellus,,J Med Chem,1992.0,Muscarinic acetylcholine receptor M2,Ki,nM,4.3,169.22,0.46
CHEMBL222860,96.8,O=C1NC(c2cccs2)(c2cccs2)CN1C1CCN(Cc2ccccc2)CC1,Scientific Literature,Displacement of [3H]N-methyl-scopolamine from human muscarinic M2 receptor expressed in CHO K1 cells,B,Homo sapiens,,J Med Chem,2007.0,Muscarinic acetylcholine receptor M2,Ki,nM,7.01,423.61,4.74
CHEMBL4646245,10000.0,C[N+](C)(C)C[C@@H]1CO[C@@H](c2ccccc2)CO1.[I-],Scientific Literature,Displacement of [3H]NMS from human recombinant muscarinic receptor M2 expressed in CHO-K1 cell membranes incubated for 2 hrs by scintillation counting method,B,Homo sapiens,,J Med Chem,2020.0,Muscarinic acetylcholine receptor M2,Ki,nM,,363.24,1.85
CHEMBL144693,200.0,c1ccc2oc(C3CN4CCC3CC4)cc2c1,Scientific Literature,Binding affinity for muscarinic acetylcholine receptor M2 by measuring displacement of [3H]QNB from guinea pig heart,B,Cavia porcellus,,J Med Chem,1995.0,Muscarinic acetylcholine receptor M2,Ki,nM,6.7,227.31,3.24
CHEMBL4644192,1.7,C[N@+]12CC[C@H](CC1)[C@@H](OC(=O)Nc1ccccc1-c1ccccc1)C2.O=C([O-])C(F)(F)F,Scientific Literature,Displacement of [3H]N-methylscopolamine from human muscarinic M2 receptor transiently expressed in HEK293T cell membranes incubated for 1 hr by scintillation counting method,A,Homo sapiens,,J Med Chem,2020.0,Muscarinic acetylcholine receptor M2,Ki,nM,8.77,450.46,4.14
CHEMBL430587,1174.9,C[C@@H]1OC(=O)[C@@H]2C[C@@H]3CCCC[C@@H]3[C@@H](C#C[C@H]3CCC[C@H](C)N3C)[C@H]12,Scientific Literature,Binding affinity against human muscarine receptor (hM2) cloned in CHO cells,B,Homo sapiens,,Bioorg Med Chem Lett,2002.0,Muscarinic acetylcholine receptor M2,Ki,nM,5.93,343.51,3.87
CHEMBL168149,46.9,CCN(CCCCC1CCN(CC(=O)N2c3ccccc3C(=O)N(C(=O)c3ccc(F)cc3)c3ccccc32)CC1)C(=O)c1ccc(F)cc1,Scientific Literature,Tested in vitro for the binding affinity against muscarinic receptor subtype 2 (M2),B,,,Bioorg Med Chem Lett,1997.0,Muscarinic acetylcholine receptor M2,Ki,nM,7.33,678.78,7.47
CHEMBL4436947,7.1,O=C(OC1C[N+]2(CCCCCc3ccccc3)CCC1CC2)C(O)(c1ccccc1)c1ccccc1.[Br-],Scientific Literature,Displacement of [3H]NMS from human M2R expressed in CHOK1 cell membranes incubated for 2 hrs by microbeta scintillation counting method,B,Homo sapiens,,Bioorg Med Chem,2019.0,Muscarinic acetylcholine receptor M2,Ki,nM,8.15,564.56,5.49
CHEMBL2205817,1488.0,OC12C3C4CC5C6C4C1C6C(C53)N2CCc1cccnc1,Scientific Literature,Binding affinity to M2 muscarinic receptor,B,,,Bioorg Med Chem Lett,2012.0,Muscarinic acetylcholine receptor M2,Ki,nM,5.83,280.37,1.38
CHEMBL69670,100.0,Cc1cccc(N)c1C(=O)N1CCC(N2CCN([C@@H](C)c3ccc(S(=O)(=O)c4ccc5c(c4)OCO5)cc3)[C@@H](C)C2)CC1,Scientific Literature,Affinity for Muscarinic acetylcholine receptor M2,B,,,Bioorg Med Chem Lett,2001.0,Muscarinic acetylcholine receptor M2,Ki,nM,7.0,604.77,4.51
CHEMBL107680,26915.35,CCOC(=O)c1c(C)[nH]c2ccc3c(c12)CN1CCc2cc(O)ccc2C1O3,Scientific Literature,Inhibition of [3H]-NMS binding to human muscarinic acetylcholine receptor M2 in transfected CHO cells.,B,,,J Med Chem,2002.0,Muscarinic acetylcholine receptor M2,Ki,nM,,378.43,3.81
CHEMBL4643159,0.2692,NCc1cc(C(=O)NCCNC(=O)CCc2cn(CCCCC3CCN(CC(=O)N4c5ccccc5NC(=O)c5ccccc54)CC3)cn2)cc(C(=O)NCCNC(=O)CCc2cn(CCCCC3CCN(CC(=O)N4c5ccccc5NC(=O)c5ccccc54)CC3)cn2)c1.O=C(O)C(F)(F)F.O=C(O)C(F)(F)F.O=C(O)C(F)(F)F.O=C(O)C(F)(F)F.O=C(O)C(F)(F)F,Scientific Literature,Displacement of [3H]-NMS from human muscarinic M2 receptor stably expressed in CHO-K9 cells by radioligand competitive binding assay,B,Homo sapiens,,J Med Chem,2020.0,Muscarinic acetylcholine receptor M2,Ki,nM,9.57,1872.71,
CHEMBL4636083,0.182,NCCN1CCN(CCCCC2CCN(CC(=O)N3c4ccccc4NC(=O)c4ccccc43)CC2)CC1.O=C(O)C(F)(F)F.O=C(O)C(F)(F)F.O=C(O)C(F)(F)F.O=C(O)C(F)(F)F,Scientific Literature,Displacement of [3H]-NMS from human muscarinic M2 receptor stably expressed in CHO-K9 cells by radioligand competitive binding assay,B,Homo sapiens,,J Med Chem,2020.0,Muscarinic acetylcholine receptor M2,Ki,nM,9.74,974.79,3.38
CHEMBL4089376,6456.54,Cc1c(Cl)c(OCC(=O)N2CCN(C)CC2)nc2sc(C(=O)NC3CC3)c(N)c12,Scientific Literature,"Displacement of 4-(2-((1E,3E)-5-((E)-3,3-Dimethyl-1-(6-oxo-6-((2-(4-(4-(1-(2-oxo-2-(11-oxo-10,11-dihydro-5H-dibenzo[b,e][1,4]diazepin-5-yl)ethyl)piperidin-4-yl)butyl)piperazin-1-yl)ethyl)amino)hexyl)-5-sulfoindolin-2-ylidene)penta-1,3-dien-1-yl)-3,3-dimethyl-3H-indol-1-ium-1-yl)butane-1-sulfonate Bis(hydrotrifluoroacetate) fluorescent tracer from human muscarinic M2 receptor expressed in CHO-K9 cells by FACSCalibur flow cytometry",B,Homo sapiens,,J Med Chem,2020.0,Muscarinic acetylcholine receptor M2,Ki,nM,5.19,437.95,1.89
CHEMBL3354070,89.13,CN1CCC=C(c2nsnc2OCCCCCCCCCCCC2CCN(CCCN3C(=O)CCc4ccccc43)CC2)C1,Scientific Literature,Displacement of [3H]NMS from human M2 receptor expressed in CHO cells by microplate scintillation counting based radioligand binding assay,B,Homo sapiens,,J Med Chem,2014.0,Muscarinic acetylcholine receptor M2,Ki,nM,7.05,621.94,7.62
CHEMBL354461,1.8,Cc1ccccc1C(=O)N1CCC(N2CCN([C@@H](C)c3ccc(S(=O)(=O)c4cccc(C(F)(F)F)c4)cc3)[C@H](C)C2)CC1,Scientific Literature,Binding affinity against human muscarinic acetylcholine receptor M2 using [3H]N-methylscopolamine as radioligand,B,,,Bioorg Med Chem Lett,2002.0,Muscarinic acetylcholine receptor M2,Ki,nM,8.74,613.75,6.22
CHEMBL353842,1.3,C[C@@H]1CN(C2CCN(C(=O)C3CC3)CC2)CCN1[C@@H](C)c1ccc(S(=O)(=O)c2ccc3c(c2)OCO3)cc1,Scientific Literature,Binding affinity against human muscarinic acetylcholine receptor M2 using [3H]N-methylscopolamine as radioligand,B,,,Bioorg Med Chem Lett,2002.0,Muscarinic acetylcholine receptor M2,Ki,nM,8.89,539.7,3.72
CHEMBL104803,2187.76,COc1ccc2c(c1)CCN1Cc3c(ccc4[nH]c(C)c(-c5nc(C)no5)c34)OC21,Scientific Literature,Inhibition of [3H]-NMS binding to human muscarinic acetylcholine receptor M2 in transfected CHO cells.,B,,,J Med Chem,2002.0,Muscarinic acetylcholine receptor M2,Ki,nM,5.66,402.45,4.29
CHEMBL3323282,40.74,C[N+](C)(C)CCCCCC[N+]1(C)[C@@H]2C[C@H](OC(=O)[C@H](CO)c3ccccc3)C[C@H]1[C@@H]1O[C@@H]12.[Br-].[Br-],Scientific Literature,Displacement of [3H]-NMS from human muscarinic M2 W422A mutant expressed in Flp-In-CHO cells by liquid scintillation counting,B,Homo sapiens,,J Med Chem,2014.0,Muscarinic acetylcholine receptor M2,Ki,nM,7.39,606.44,2.7
CHEMBL2115126,7.14,COc1ccc([S@+]([O-])c2ccc(C(C#N)C3CCN(C4CCCCC4)CC3)cc2)cc1,Scientific Literature,Binding affinity against Muscarinic acetylcholine receptor M2,B,,,Bioorg Med Chem Lett,2000.0,Muscarinic acetylcholine receptor M2,Ki,nM,8.15,436.62,5.51
CHEMBL378872,310.0,O=C(NCC1CCNCC1)[C@H]1CCCN1C(=O)[C@@H]1C[C@@H](O)CN1C(=O)CC(c1ccc(Cl)cc1)(c1ccc(Cl)cc1)c1ccc(Cl)cc1,Scientific Literature,Inhibition of [3H]NMS binding to human cloned M2 receptor expressed in CHO cells,B,Homo sapiens,,J Med Chem,2006.0,Muscarinic acetylcholine receptor M2,Ki,nM,6.51,712.12,5.44
CHEMBL240764,10000.0,C[N+]12CCC(CC1)/C(=N/OCC#CCOc1ccon1)C2.[I-],Scientific Literature,Displacement of [3H]QNB from human muscarinic M2 receptor expressed in CHO cells,B,Homo sapiens,,Bioorg Med Chem,2007.0,Muscarinic acetylcholine receptor M2,Ki,nM,,417.25,1.3
CHEMBL275104,70.0,O=C1CCON1CC#CCN1CCCC1,Scientific Literature,Displacement of [3H]QNB from human muscarinic M2 receptor expressed in CHO cells,B,Homo sapiens,,Bioorg Med Chem,2007.0,Muscarinic acetylcholine receptor M2,Ki,nM,7.16,208.26,0.25
CHEMBL3323282,309.03,C[N+](C)(C)CCCCCC[N+]1(C)[C@@H]2C[C@H](OC(=O)[C@H](CO)c3ccccc3)C[C@H]1[C@@H]1O[C@@H]12.[Br-].[Br-],Scientific Literature,Displacement of [3H]-NMS from human muscarinic M2 Y104A mutant expressed in Flp-In-CHO cells by liquid scintillation counting,B,Homo sapiens,,J Med Chem,2014.0,Muscarinic acetylcholine receptor M2,Ki,nM,6.51,606.44,2.7
CHEMBL3323284,131.83,CC(C)(CN1C(=O)c2cccc3cccc(c23)C1=O)C[N+](C)(C)CCCCCC[N+]1(C)[C@@H]2C[C@H](OC(=O)[C@H](CO)c3ccccc3)C[C@H]1[C@@H]1O[C@@H]12.[Br-].[Br-],Scientific Literature,Displacement of [3H]-NMS from human muscarinic M2 Y104A mutant expressed in Flp-In-CHO cells by liquid scintillation counting,B,Homo sapiens,,J Med Chem,2014.0,Muscarinic acetylcholine receptor M2,Ki,nM,6.88,857.73,5.55
CHEMBL569713,3.311,CN1[C@@H]2C[C@@H](OC(=O)[C@H](CO)c3ccccc3)C[C@H]1[C@@H]1O[C@@H]12,Scientific Literature,Displacement of [3H]-NMS from human muscarinic M2 W422A mutant expressed in Flp-In-CHO cells by liquid scintillation counting,B,Homo sapiens,,J Med Chem,2014.0,Muscarinic acetylcholine receptor M2,Ki,nM,8.48,303.36,0.92
CHEMBL53325,4786.3,COc1cccc2c1CCCC2CCCN1CCN(C2CCCCC2)CC1,SARS-CoV-2 Screening Data,Activity of compound against Muscarinic acetylcholine receptor M2 (CHRM2) by displacement of 3H-QNB,B,Homo sapiens,,Nature,2020.0,Muscarinic acetylcholine receptor M2,Ki,nM,5.32,370.58,4.85
CHEMBL222054,268.0,C[N+]1(CC(=O)c2ccccn2)CC[C@@H](N2CC(c3ccc(F)cc3)(c3ccc(F)cc3)NC2=O)C1,Scientific Literature,Displacement of [3H]N-methyl-scopolamine from human muscarinic M2 receptor expressed in CHOK1 cells,B,Homo sapiens,,J Med Chem,2007.0,Muscarinic acetylcholine receptor M2,Ki,nM,6.57,477.54,3.73
CHEMBL427013,4.0,COC1(C#CC(O)(c2ccccc2)c2ccc(F)nc2)CN2CCC1CC2,Scientific Literature,Binding affinity to human muscarinic M2 receptor,B,Homo sapiens,,Bioorg Med Chem Lett,2006.0,Muscarinic acetylcholine receptor M2,Ki,nM,8.4,366.44,2.57
CHEMBL381020,316.0,COC1(C#CC(O)(c2ccccn2)C2CCC2)CN2CCC1CC2,Scientific Literature,Binding affinity to human muscarinic M2 receptor,B,Homo sapiens,,Bioorg Med Chem Lett,2006.0,Muscarinic acetylcholine receptor M2,Ki,nM,6.5,326.44,2.18
CHEMBL310016,794.33,O=C(c1ccco1)N(c1ccccc1)C1CCN(Cc2ccccc2)CC1,Scientific Literature,In vitro affinity for muscarinic M2 receptor.,B,,,Bioorg Med Chem Lett,2002.0,Muscarinic acetylcholine receptor M2,Ki,nM,6.1,360.46,4.59
CHEMBL66322,760.0,NCC1CCN(C(=O)[C@](O)(c2ccccc2)[C@@H]2CCC(F)(F)C2)CC1,Scientific Literature,Binding affinity against human muscarinic acetylcholine receptor M2 in transfected CHO cells,B,,,Bioorg Med Chem Lett,2003.0,Muscarinic acetylcholine receptor M2,Ki,nM,6.12,352.43,2.51
CHEMBL478227,645.65,CN1CCN(CC(=O)N2c3ccccc3C(=O)Nc3cccnc32)[C@@H]2CCCC[C@@H]21,Scientific Literature,Displacement of [3H]N-methylscopolamine chloride from human cloned muscarinic M2 receptor expressed in CHOK1 cells,B,Homo sapiens,,Bioorg Med Chem,2008.0,Muscarinic acetylcholine receptor M2,Ki,nM,6.19,405.5,2.87
CHEMBL104332,239.88,C=CCOC(=O)c1c(C)n(Cc2ccc(OC)cc2)c2ccc3c(c12)CN1CCc2cc(OC)ccc2C1O3,Scientific Literature,Inhibition of [3H]-NMS binding to human muscarinic acetylcholine receptor M2 in transfected CHO cells.,B,,,J Med Chem,2002.0,Muscarinic acetylcholine receptor M2,Ki,nM,6.62,524.62,5.81
CHEMBL4472703,10000.0,CC[C@H]1c2cc(OC)ccc2CC[C@@]1(C)N,Scientific Literature,Displacement of [3H]-QNB/[3H]-NMS from human recombinant Muscarinic acetylcholine M2 receptor expressed in stable CHO cells after 90 mins by microbeta scintillation counting method,B,Homo sapiens,,ACS Med Chem Lett,2019.0,Muscarinic acetylcholine receptor M2,Ki,nM,,219.33,2.85
CHEMBL2205816,872.0,OC12C3C4CC5C6C4C1C6C(C53)N2CCc1ccccn1,Scientific Literature,Binding affinity to M2 muscarinic receptor,B,,,Bioorg Med Chem Lett,2012.0,Muscarinic acetylcholine receptor M2,Ki,nM,6.06,280.37,1.38
CHEMBL2205812,216.0,COc1ccc(CCN2C3C4C5CC6C7C5C3C7C2(O)C64)cc1,Scientific Literature,Binding affinity to M2 muscarinic receptor,B,,,Bioorg Med Chem Lett,2012.0,Muscarinic acetylcholine receptor M2,Ki,nM,6.67,309.41,2.0
CHEMBL4580590,350.0,COc1ccc(CCN(C(=O)OC2CN3CCC2CC3)c2ccccc2)cc1OC,Scientific Literature,Displacement of [3H]NMS from human M2 AChR expressed in CHO cell membranes after 1 to 2 hrs by liquid scintillation spectrometry method,B,Homo sapiens,,Bioorg Med Chem Lett,2019.0,Muscarinic acetylcholine receptor M2,Ki,nM,6.46,410.51,3.98
CHEMBL4519301,13.0,O=C(OC1CN2CCC1CC2)N(CCc1ccc(F)cc1)c1ccccc1,Scientific Literature,Displacement of [3H]NMS from human M2 AChR expressed in CHO cell membranes after 1 to 2 hrs by liquid scintillation spectrometry method,B,Homo sapiens,,Bioorg Med Chem Lett,2019.0,Muscarinic acetylcholine receptor M2,Ki,nM,7.89,368.45,4.11
CHEMBL809,984.0,CN[C@H]1CC[C@@H](c2ccc(Cl)c(Cl)c2)c2ccccc21,DrugMatrix,DRUGMATRIX: Muscarinic M2 radioligand binding (ligand: [3H] N-Methylscopolamine),B,,,,,Muscarinic acetylcholine receptor M2,Ki,nM,6.01,306.24,5.18
CHEMBL2078987,95.5,CN(C)C[C@@H]1COCC(c2ccccc2)(c2ccccc2)O1,Scientific Literature,Displacement of [3H]NMS from recombinant human muscarinic M2 receptor expressed in CHOK1 cell membranes after 120 mins by scintillation counting method,B,Homo sapiens,,Eur J Med Chem,2017.0,Muscarinic acetylcholine receptor M2,Ki,nM,7.02,297.4,2.91
CHEMBL341476,390.0,C1=C(c2ccco2)C2CCN1CC2,Scientific Literature,Binding affinity for muscarinic acetylcholine receptor M2 by measuring displacement of [3H]QNB from guinea pig heart,B,Cavia porcellus,,J Med Chem,1995.0,Muscarinic acetylcholine receptor M2,Ki,nM,6.41,175.23,2.35
CHEMBL169494,234.42,CN(C)CCC1=C(Cc2ccccn2)c2ccccc2C1,Scientific Literature,Binding affinity towards cloned human muscarinic acetylcholine receptor M2 stably expressed in CHO-K1 cells using [3H]N-methylscopolamine,B,,,J Med Chem,2003.0,Muscarinic acetylcholine receptor M2,Ki,nM,6.63,278.4,3.59
CHEMBL2093081,100000.0,C[C@@H]1O[C@H]([C@H]2CCC[N+]2(C)C)C[S@+]1[O-].[I-],Scientific Literature,Binding affinity to cloned human muscarinic M2 receptor expressed in CHO cells,B,Homo sapiens,,J Med Chem,2006.0,Muscarinic acetylcholine receptor M2,Ki,nM,,345.25,0.72
CHEMBL4103087,4200.0,C[N+](C)(C)C1CCc2cccc(O)c2C1.[I-],Scientific Literature,Displacement of [3H]N-methyl-scopolamine bromide from human recombinant muscarinic M2 receptor expressed in HEK293T cell membranes after 1 hr by liquid scintillation counting method,B,Homo sapiens,,J Med Chem,2017.0,Muscarinic acetylcholine receptor M2,Ki,nM,5.38,333.21,1.96
CHEMBL216928,39.81,COc1nsc(OCCOCCOCCOCCOc2nsnc2C2C=CCCN2C)n1,Scientific Literature,Inhibition of [3H](R)-QNB binding to human M2 receptor expressed in A9 L cells,B,Homo sapiens,,J Med Chem,2006.0,Muscarinic acetylcholine receptor M2,Ki,nM,7.4,487.6,1.84
CHEMBL328094,0.03,CCOC(=O)N1CCC(N2CCC(C3(c4ccc(S(=O)(=O)c5ccc6c(c5)OCO6)cc4)O[C@H](C)[C@@H](C)O3)CC2)CC1,Scientific Literature,Binding affinity at human cloned acetylcholine receptor M2 in CHO cells.,B,,,Bioorg Med Chem Lett,2000.0,Muscarinic acetylcholine receptor M2,Ki,nM,10.52,600.73,4.56
CHEMBL428962,1.585,CO[C@]1(C#C[C@](O)(c2ccccc2)C2CCCCC2)CN2CCC1CC2,Scientific Literature,Displacement of [3H]N-methylscopolamine from human recombinant muscarinic M2 receptor expressed in CHO cells,B,Homo sapiens,,Bioorg Med Chem Lett,2008.0,Muscarinic acetylcholine receptor M2,Ki,nM,8.8,353.51,3.57
CHEMBL378885,3700.0,O=C(NC[C@@H]1CCCNC1)[C@H]1CCCN1C(=O)[C@@H]1C[C@@H](O)CN1C(=O)CC(c1ccccc1)(c1ccccc1)c1ccccc1,Scientific Literature,Inhibition of [3H]NMS binding to human cloned M2 receptor expressed in CHO cells,B,Homo sapiens,,J Med Chem,2006.0,Muscarinic acetylcholine receptor M2,Ki,nM,5.43,608.78,3.48
CHEMBL4634230,12.3,C[N+](C)(C)CC1COCC(c2ccccc2)(C2CCCCC2)O1.[I-],Scientific Literature,Displacement of [3H]NMS from human recombinant muscarinic receptor M2 expressed in CHO-K1 cell membranes incubated for 2 hrs by scintillation counting method,B,Homo sapiens,,J Med Chem,2020.0,Muscarinic acetylcholine receptor M2,Ki,nM,7.91,445.39,3.58
CHEMBL4635148,8709.64,C[N+](C)(C)C[C@@H]1COC[C@H](c2ccc(-c3ccccc3)cc2)O1.[I-],Scientific Literature,Displacement of [3H]NMS from human recombinant muscarinic receptor M2 expressed in CHO-K1 cell membranes incubated for 2 hrs by scintillation counting method,B,Homo sapiens,,J Med Chem,2020.0,Muscarinic acetylcholine receptor M2,Ki,nM,5.06,439.34,3.52
CHEMBL499519,630.0,CCCCCCCCCCCC(OC(=O)C(CCCCN(O)C(C)=O)NC(=O)c1coc(-c2ccccc2O)n1)C(C)C(=O)NC1CCCCN(O)C1=O,Scientific Literature,Binding affinity to human muscarinic M2 receptor expressed in insect Sf9 cells,B,Homo sapiens,,J Nat Prod,2005.0,Muscarinic acetylcholine receptor M2,Ki,nM,6.2,757.93,5.91
CHEMBL4636887,82.0,C[N+]1(C)CCC(COC(=O)Nc2ccc(F)cc2-c2cccc(Cl)c2)CC1.O=C[O-],Scientific Literature,Displacement of [3H]N-methylscopolamine from human muscarinic M2 receptor transiently expressed in HEK293T cell membranes incubated for 1 hr by scintillation counting method,A,Homo sapiens,,J Med Chem,2020.0,Muscarinic acetylcholine receptor M2,Ki,nM,7.09,436.91,5.18
CHEMBL4639938,47.0,CN1[C@@H]2C[C@H](OC(=O)Nc3ccc(F)cc3-c3ccccc3)C[C@H]1[C@@H]1O[C@@H]12,Scientific Literature,Displacement of [3H]N-methylscopolamine from human muscarinic M2 receptor transiently expressed in HEK293T cell membranes incubated for 1 hr by scintillation counting method,A,Homo sapiens,,J Med Chem,2020.0,Muscarinic acetylcholine receptor M2,Ki,nM,7.33,368.41,3.65
CHEMBL4129382,2290.87,O=C(O[C@@H]1CN2CCC1CC2)[C@@H]1COCC(c2ccccc2)(c2ccccc2)O1,Scientific Literature,Displacement of [3H]NMS from recombinant human muscarinic M2 receptor expressed in CHOK1 cell membranes after 120 mins by scintillation counting method,B,Homo sapiens,,Eur J Med Chem,2017.0,Muscarinic acetylcholine receptor M2,Ki,nM,5.64,393.48,2.98
CHEMBL4128764,1548.82,C[C@@]1(C(=O)O[C@@H]2CN3CCC2CC3)COCC(c2ccccc2)(c2ccccc2)O1,Scientific Literature,Displacement of [3H]NMS from recombinant human muscarinic M2 receptor expressed in CHOK1 cell membranes after 120 mins by scintillation counting method,B,Homo sapiens,,Eur J Med Chem,2017.0,Muscarinic acetylcholine receptor M2,Ki,nM,5.81,407.51,3.37
CHEMBL4127373,158.49,C[C@]1(C(=O)O[C@H]2CN3CCC2CC3)COCC(c2ccccc2)(c2ccccc2)O1,Scientific Literature,Displacement of [3H]NMS from recombinant human muscarinic M2 receptor expressed in CHOK1 cell membranes after 120 mins by scintillation counting method,B,Homo sapiens,,Eur J Med Chem,2017.0,Muscarinic acetylcholine receptor M2,Ki,nM,6.8,407.51,3.37
CHEMBL4589047,0.07943,CC(=O)N[C@@H](Cc1c[nH]c2ccccc12)C(=O)N[C@@H](C)C(=O)N[C@@H](Cc1ccc(O)cc1)C(=O)NCCN1CCN(CCCCC2CCN(CC(=O)N3c4ccccc4NC(=O)c4ccccc43)CC2)CC1.O=C(O)C(F)(F)F.O=C(O)C(F)(F)F.O=C(O)C(F)(F)F,Scientific Literature,Displacement of [3H]-NMS from human muscarinic M2 receptor expressed in CHO-K9 cells after 3 hrs by microbeta2 scintillation counting method,B,Homo sapiens,,J Med Chem,2019.0,Muscarinic acetylcholine receptor M2,Ki,nM,10.1,1323.28,4.7
CHEMBL4569929,79.43,CCC(=O)NCCCCC1CCN(CC(=O)N2c3ccccc3NC(=O)c3ccccc32)CC1.O=C(O)C(F)(F)F,Scientific Literature,Displacement of [3H]-NMS from human muscarinic M2 receptor expressed in CHO-K9 cells after 3 hrs by microbeta2 scintillation counting method,B,Homo sapiens,,J Med Chem,2019.0,Muscarinic acetylcholine receptor M2,Ki,nM,7.1,576.62,4.33
CHEMBL4560341,6.166,C[N+]12CCC(CC1)C(OCC(O)(c1ccccc1)C1CCCC1)C2.[Br-],Scientific Literature,Inhibition of M2 receptor (unknown origin),B,Homo sapiens,,J Med Chem,2019.0,Muscarinic acetylcholine receptor M2,Ki,nM,8.21,410.4,3.32
CHEMBL2449003,5.012,CN1[C@@H]2CC[C@H]1CC(OC(=O)[C@H](CO)c1ccccc1)C2,Scientific Literature,Displacement of [3H]-NMS from wild-type human muscarinic M2 receptor expressed in Flp-In-CHO cells by liquid scintillation counting,B,Homo sapiens,,J Med Chem,2014.0,Muscarinic acetylcholine receptor M2,Ki,nM,8.3,289.38,1.93
CHEMBL2441756,100000.0,C[N+](C)(C)C[C@@H]1CNC(=O)O1,Scientific Literature,Displacement of [3H]NMS from human muscarinic M2 receptor expressed in CHO cells,B,Homo sapiens,,Bioorg Med Chem Lett,2013.0,Muscarinic acetylcholine receptor M2,Ki,nM,,159.21,-0.2
CHEMBL239657,10000.0,C(#CCN1C2CCCC1CC2)CC1=NOCC1.O=C(O)C(=O)O,Scientific Literature,Displacement of [3H]QNB from human muscarinic M2 receptor expressed in CHO cells,B,Homo sapiens,,Bioorg Med Chem,2007.0,Muscarinic acetylcholine receptor M2,Ki,nM,,322.36,2.17
CHEMBL428916,10000.0,C(#CCN1CCCC1)COc1cc(-c2ccccc2)on1.O=C(O)/C=C/C(=O)O,Scientific Literature,Displacement of [3H]QNB from human muscarinic M2 receptor expressed in CHO cells,B,Homo sapiens,,Bioorg Med Chem,2007.0,Muscarinic acetylcholine receptor M2,Ki,nM,,398.42,2.82
CHEMBL239436,219.0,C[N+]1(CC#CCOC2=NOCC2)CCCCC1.[I-],Scientific Literature,Displacement of [3H]QNB from human muscarinic M2 receptor expressed in CHO cells,B,Homo sapiens,,Bioorg Med Chem,2007.0,Muscarinic acetylcholine receptor M2,Ki,nM,6.66,364.23,1.37
CHEMBL1242923,1000.0,O=C(Cc1ccccc1)NC1CCN(CCCN2C(=O)COc3ccccc32)CC1,Scientific Literature,Binding affinity to human muscarinic M2 receptor by radioligand displacement assay,B,Homo sapiens,,J Med Chem,2010.0,Muscarinic acetylcholine receptor M2,Ki,nM,,407.51,2.63
CHEMBL197408,10000.0,COc1ccc(NC(=O)N2CCN(c3ccc(-c4ccccc4)cc3)CC2)cc1N1CCN(C)CC1,Scientific Literature,Affinity towards cloned Muscarinic acetylcholine receptor M2,B,Homo sapiens,,Bioorg Med Chem Lett,2005.0,Muscarinic acetylcholine receptor M2,Ki,nM,,485.63,4.47
CHEMBL433566,1400.0,C[C@@H]1OC(=O)[C@H]2C[C@H]3CCCC[C@@H]3[C@@H](/C=C/[C@@H]3CCC[C@H](C)N3C)[C@@H]12,Scientific Literature,In vitro inhibitory activity against cloned human M2 muscarinic receptor,B,Homo sapiens,,Bioorg Med Chem Lett,2004.0,Muscarinic acetylcholine receptor M2,Ki,nM,,345.53,4.42
CHEMBL524061,1445.44,CN1CCC[C@H]1[C@H]1C[S+]([O-])[C@](c2ccccc2)(C2CCCCC2)O1,Scientific Literature,Displacement of [3H]NMS from human muscarinic M2 receptor expressed in CHO cells,B,Homo sapiens,,Bioorg Med Chem,2008.0,Muscarinic acetylcholine receptor M2,Ki,nM,5.84,347.52,3.66
CHEMBL4634066,177.83,C[N+](C)(C)C[C@@H]1COC(c2ccccc2)(c2ccccc2)CO1.[I-],Scientific Literature,Displacement of [3H]NMS from human recombinant muscarinic receptor M2 expressed in CHO-K1 cell membranes incubated for 2 hrs by scintillation counting method,B,Homo sapiens,,J Med Chem,2020.0,Muscarinic acetylcholine receptor M2,Ki,nM,6.75,439.34,3.05
CHEMBL4128667,1230.27,O=C(O[C@H]1CN2CCC1CC2)[C@@H]1COCC(c2ccccc2)(c2ccccc2)O1,Scientific Literature,Displacement of [3H]NMS from recombinant human muscarinic M2 receptor expressed in CHOK1 cell membranes after 120 mins by scintillation counting method,B,Homo sapiens,,Eur J Med Chem,2017.0,Muscarinic acetylcholine receptor M2,Ki,nM,5.91,393.48,2.98
CHEMBL2426688,28183.83,CCc1ccc(CC(=O)N2CCC3(CC2)CN([C@@H]2CCc4cc(-c5ncccn5)ccc42)C3)nc1,Scientific Literature,Displacement of N-methyl [3H]-scopolamine from recombinant human muscarinic acetylcholine receptor M2 expressed in CHO cells after 2 hrs by liquid scintillation counting,B,Homo sapiens,,Bioorg Med Chem Lett,2013.0,Muscarinic acetylcholine receptor M2,Ki,nM,4.55,467.62,4.26
CHEMBL4585326,130.0,COc1ccc(CCN(C(=O)OC2CN3CCC2CC3)c2ccccc2)cc1,Scientific Literature,Displacement of [3H]NMS from human M2 AChR expressed in CHO cell membranes after 1 to 2 hrs by liquid scintillation spectrometry method,B,Homo sapiens,,Bioorg Med Chem Lett,2019.0,Muscarinic acetylcholine receptor M2,Ki,nM,6.89,380.49,3.98
CHEMBL4461243,0.68,O=C(OC1C[N+]2(CCCOc3ccccc3)CCC1CC2)C(O)(c1ccccc1)c1ccccc1.[Br-],Scientific Literature,Displacement of [3H]NMS from human M2R expressed in CHOK1 cell membranes incubated for 2 hrs by microbeta scintillation counting method,B,Homo sapiens,,Bioorg Med Chem,2019.0,Muscarinic acetylcholine receptor M2,Ki,nM,9.17,552.51,4.54
CHEMBL4463636,1.4,Cc1cccc(CCC[N+]23CCC(CC2)C(OC(=O)C(O)(c2ccccc2)c2ccccc2)C3)c1.[Br-],Scientific Literature,Displacement of [3H]NMS from human M2R expressed in CHOK1 cell membranes incubated for 2 hrs by microbeta scintillation counting method,B,Homo sapiens,,Bioorg Med Chem,2019.0,Muscarinic acetylcholine receptor M2,Ki,nM,8.85,550.54,5.02
CHEMBL4576060,12.0,O=C(OC1C[N+]2(CCCCOc3ccccc3)CCC1CC2)C(O)(c1ccccc1)c1ccccc1.[Br-],Scientific Literature,Displacement of [3H]NMS from human M2R expressed in CHOK1 cell membranes incubated for 2 hrs by microbeta scintillation counting method,B,Homo sapiens,,Bioorg Med Chem,2019.0,Muscarinic acetylcholine receptor M2,Ki,nM,7.92,566.54,4.93
CHEMBL234440,0.12,CN(C)C1(CNCCC2CCOCC2)COc2cc(Cl)c(Cl)cc2OC1,Scientific Literature,Displacement of 1-[N-methyl- 3H]scopolamine from human muscarinic M2 receptor expressed in Sf9 cells,B,Homo sapiens,,Bioorg Med Chem Lett,2007.0,Muscarinic acetylcholine receptor M2,Ki,nM,9.92,403.35,3.47
CHEMBL370128,10000.0,COc1ccc(NC(=O)N2CCN(c3ccccc3Cl)CC2)cc1N1CCN(C)CC1,Scientific Literature,Affinity towards cloned Muscarinic acetylcholine receptor M2,B,Homo sapiens,,Bioorg Med Chem Lett,2005.0,Muscarinic acetylcholine receptor M2,Ki,nM,,443.98,3.45
CHEMBL212645,110.0,O=C(NCC1CCN(C2CCCC2)CC1)[C@H]1CCCN1C(=O)[C@@H]1C[C@@H](O)CN1C(=O)CC(c1ccc(F)cc1)(c1ccc(F)cc1)c1ccc(F)cc1,Scientific Literature,Inhibition of [3H]NMS binding to human cloned M2 receptor expressed in CHO cells,B,Homo sapiens,,J Med Chem,2006.0,Muscarinic acetylcholine receptor M2,Ki,nM,6.96,730.87,5.55
CHEMBL353140,32.0,CCN(CCCCC1CCN(CC(=O)N2c3ccccc3NC(=O)c3ccccc32)CC1)C(=O)c1ccc(F)cc1,Scientific Literature,Tested in vitro for the binding affinity against muscarinic receptor subtype 2 (M2),B,,,Bioorg Med Chem Lett,1997.0,Muscarinic acetylcholine receptor M2,Ki,nM,7.5,556.68,6.1
CHEMBL255692,213796.21,CN(CCCC(O)(c1ccccc1)c1ccccc1)CCN(C)CCCC(O)(c1ccccc1)c1ccccc1.Cl.Cl,Scientific Literature,Displacement of [3H]N-methylscopolamine from human muscarinic M2 receptor expressed in CHO-K1 cells,B,Homo sapiens,,Bioorg Med Chem Lett,2008.0,Muscarinic acetylcholine receptor M2,Ki,nM,,609.68,6.28
CHEMBL403029,457088.19,Cl.OC(CCCN1CCN(c2ccccc2)CC1)(c1ccccc1)c1ccccc1,Scientific Literature,Displacement of [3H]N-methylscopolamine from human muscarinic M2 receptor expressed in CHO-K1 cells,B,Homo sapiens,,Bioorg Med Chem Lett,2008.0,Muscarinic acetylcholine receptor M2,Ki,nM,,423.0,4.52
CHEMBL436850,23442.29,C[N+]1(C)CCN(CCCC(O)(c2ccccc2)c2ccccc2)CC1.[I-],Scientific Literature,Displacement of [3H]N-methylscopolamine from human muscarinic M2 receptor expressed in CHO-K1 cells,B,Homo sapiens,,Bioorg Med Chem Lett,2008.0,Muscarinic acetylcholine receptor M2,Ki,nM,4.63,466.41,3.09
CHEMBL146464,30.0,O=C(NC1CCN(Cc2ccccc2)CC1)C(O)(c1ccccc1)C1CCCC1,Scientific Literature,Inhibition of [3H]NMS binding to human muscarinic acetylcholine receptor M2 expressed in CHO cells,B,,,J Med Chem,2000.0,Muscarinic acetylcholine receptor M2,Ki,nM,7.52,392.54,3.85
CHEMBL84993,7.943,O=C(c1ccccc1)N(c1ccc(Cl)cc1)C1CCN(Cc2ccccc2)CC1,Scientific Literature,In vitro affinity for muscarinic M2 receptor.,B,,,Bioorg Med Chem Lett,2002.0,Muscarinic acetylcholine receptor M2,Ki,nM,8.1,404.94,5.65
CHEMBL15928,10000.0,COc1ccc(NC(=O)c2ccc(-c3ccc(-c4noc(C)n4)cc3C)cc2)cc1N1CCN(C)CC1,Scientific Literature,Affinity towards cloned Muscarinic acetylcholine receptor M2,B,Homo sapiens,,Bioorg Med Chem Lett,2005.0,Muscarinic acetylcholine receptor M2,Ki,nM,,497.6,5.03
CHEMBL4085780,16595.87,O=C1CCc2ccccc2N1CCCN1CCN(c2ccccc2)CC1,Scientific Literature,Displacement of [3H]NMS from human muscarinic M2 receptor expressed in CHO cell membranes after 2 hrs by liquid scintillation counting method,B,Homo sapiens,,J Med Chem,2018.0,Muscarinic acetylcholine receptor M2,Ki,nM,4.78,349.48,3.18
CHEMBL356181,310.0,Nc1ccc(CN2CCC(NC(=O)[C@](O)(c3ccccc3)[C@@H]3CCC(F)(F)C3)CC2)cc1F,Scientific Literature,Inhibition of [3H]NMS binding to human muscarinic acetylcholine receptor M2 expressed in CHO cells,B,,,J Med Chem,2000.0,Muscarinic acetylcholine receptor M2,Ki,nM,6.51,461.53,3.81
CHEMBL146359,21000.0,O=C(NC1CCN(CC2CCCCC2)CC1)[C@](O)(c1ccccc1)[C@@H]1CCC(F)(F)C1,Scientific Literature,Inhibition of [3H]NMS binding to human muscarinic acetylcholine receptor M2 expressed in CHO cells,B,,,J Med Chem,2000.0,Muscarinic acetylcholine receptor M2,Ki,nM,4.68,434.57,4.47
CHEMBL146351,1400.0,CC(C)=CCCN1CCC(NC(=O)[C@](O)(c2ccccc2)[C@H]2CCC(F)(F)C2)CC1,Scientific Literature,Inhibition of [3H]NMS binding to human muscarinic acetylcholine receptor M2 expressed in CHO cells,B,,,J Med Chem,2000.0,Muscarinic acetylcholine receptor M2,Ki,nM,5.85,420.54,4.25
CHEMBL1632174,10000.0,O=C(O)CCCCCN1CCC(CNC(=O)c2c3n(c4ccccc24)CCCO3)CC1,Scientific Literature,Binding affinity to muscarinic acetylcholine receptor M2,B,,,Bioorg Med Chem,2010.0,Muscarinic acetylcholine receptor M2,Ki,nM,,427.55,3.51
CHEMBL144493,1900.0,C1=C(c2ccccn2)C2CCN1CC2,Scientific Literature,Binding affinity for muscarinic acetylcholine receptor M2 by measuring displacement of [3H]QNB from guinea pig heart,B,Cavia porcellus,,J Med Chem,1995.0,Muscarinic acetylcholine receptor M2,Ki,nM,5.72,186.26,2.15
CHEMBL328550,9.09,CCCS(=O)(=O)N1CCC(N2CCC(C3(c4ccc([S+]([O-])c5ccc6c(c5)OCO6)cc4)O[C@H](C)[C@@H](C)O3)CC2)CC1,Scientific Literature,Binding affinity at human cloned acetylcholine receptor M2 in CHO cells.,B,,,Bioorg Med Chem Lett,2000.0,Muscarinic acetylcholine receptor M2,Ki,nM,8.04,618.82,4.47
CHEMBL69765,15000.0,CN(C)CCC1CCN(C(=O)[C@](O)(c2ccccc2)[C@@H]2CCC(F)(F)C2)CC1,Scientific Literature,Binding affinity against human muscarinic acetylcholine receptor M2 in transfected CHO cells,B,,,Bioorg Med Chem Lett,2003.0,Muscarinic acetylcholine receptor M2,Ki,nM,4.82,394.51,3.5
CHEMBL3351104,100000.0,C[C@H]1O[C@@H]([C@H]2CCCN2C)C[S@@+]1[O-],Scientific Literature,Binding affinity to cloned human muscarinic M2 receptor expressed in CHO cells,B,Homo sapiens,,J Med Chem,2006.0,Muscarinic acetylcholine receptor M2,Ki,nM,,203.31,0.57
CHEMBL2092820,9332.54,C[C@@H]1O[C@H]([C@H]2CCC[N+]2(C)C)C[S@@+]1[O-].[I-],Scientific Literature,Binding affinity to cloned human muscarinic M2 receptor expressed in CHO cells,B,Homo sapiens,,J Med Chem,2006.0,Muscarinic acetylcholine receptor M2,Ki,nM,5.03,345.25,0.72
CHEMBL3084662,6.31,CN1[C@@H]2CC[C@H]1C[C@@H](CC(O)(c1ccccc1)c1ccccc1)C2,Scientific Literature,Displacement of [3H]N-methyl Scopolamine from human cloned muscarinic M2 receptor expressed in CHO cell membrane,B,Homo sapiens,,Bioorg Med Chem Lett,2009.0,Muscarinic acetylcholine receptor M2,Ki,nM,8.2,321.46,4.19
CHEMBL2432038,1010.0,C1CCC(CN[C@H]2C3C4CC5C6C4CC3C6C52)CC1,Scientific Literature,Inhibition of muscarinic M2 receptor (unknown origin) by PDSP assay,B,Homo sapiens,,Bioorg Med Chem,2013.0,Muscarinic acetylcholine receptor M2,Ki,nM,6.0,257.42,3.3
CHEMBL1643900,2287.0,Fc1cccc(CCN[C@H]2C3C4CC5C6C4CC3C6C52)c1,Scientific Literature,Inhibition of muscarinic M2 receptor (unknown origin) by PDSP assay,B,Homo sapiens,,Bioorg Med Chem,2013.0,Muscarinic acetylcholine receptor M2,Ki,nM,5.64,283.39,3.1
CHEMBL2093082,81283.05,C[C@H]1O[C@@H]([C@@H]2CCC[N+]2(C)C)C[S@@+]1[O-].[I-],Scientific Literature,Binding affinity to cloned human muscarinic M2 receptor expressed in CHO cells,B,Homo sapiens,,J Med Chem,2006.0,Muscarinic acetylcholine receptor M2,Ki,nM,4.09,345.25,0.72
CHEMBL4635385,54.95,C[N+](C)(C)C[C@@H]1CO[C@@](c2ccccc2)(C2CCCCC2)CO1.[I-],Scientific Literature,Displacement of [3H]NMS from human recombinant muscarinic receptor M2 expressed in CHO-K1 cell membranes incubated for 2 hrs by scintillation counting method,B,Homo sapiens,,J Med Chem,2020.0,Muscarinic acetylcholine receptor M2,Ki,nM,7.26,445.39,3.58
CHEMBL4636302,17.0,O=C(Nc1ccccc1-c1ccccc1)OCC1CCNCC1,Scientific Literature,Displacement of [3H]N-methylscopolamine from human muscarinic M2 receptor transiently expressed in HEK293T cell membranes incubated for 1 hr by scintillation counting method,A,Homo sapiens,,J Med Chem,2020.0,Muscarinic acetylcholine receptor M2,Ki,nM,7.77,310.4,3.9
CHEMBL2426683,56234.13,COc1ccc(CC(=O)N2CCC3(CC2)CN([C@@H]2CCc4cc(-c5nccs5)ccc42)C3)nc1,Scientific Literature,Displacement of N-methyl [3H]-scopolamine from recombinant human muscarinic acetylcholine receptor M2 expressed in CHO cells after 2 hrs by liquid scintillation counting,B,Homo sapiens,,Bioorg Med Chem Lett,2013.0,Muscarinic acetylcholine receptor M2,Ki,nM,,474.63,4.37
CHEMBL481153,100.0,O=C(OCCN1CCCC1)N1c2ccccc2Sc2ccccc21,Scientific Literature,Antagonist activity at muscarinic M2 receptor (unknown origin) by PDSP assay,B,Homo sapiens,,Bioorg Med Chem Lett,2013.0,Muscarinic acetylcholine receptor M2,Ki,nM,7.0,340.45,4.52
CHEMBL37372,0.165,CCN(CC)CCOC(=O)C(C)(c1ccccc1)c1ccc(O)cc1,Scientific Literature,Displacement of [3H] N-methylscopolamine from human muscarinic M2 receptor expressed in CHOK1 cells after 30 mins by scintillation counting analysis,B,Homo sapiens,,Bioorg Med Chem,2013.0,Muscarinic acetylcholine receptor M2,Ki,nM,9.78,341.45,3.58
CHEMBL4455570,0.07943,CN1CC=C(c2nsnc2OCCCN2CCN(CCCCC3CCN(CC(=O)N4c5ccccc5NC(=O)c5ccccc54)CC3)CC2)CC1,Scientific Literature,Displacement of [3H]-NMS from human muscarinic M2 receptor expressed in CHO-K9 cells after 3 hrs by microbeta2 scintillation counting method,B,Homo sapiens,,J Med Chem,2019.0,Muscarinic acetylcholine receptor M2,Ki,nM,10.1,712.97,5.46
CHEMBL4562770,1.82,CC(=O)N[C@@H](CCCCN)C(=O)N[C@@H](Cc1ccc(O)cc1)C(=O)NCCCCC1CCN(CC(=O)N2c3ccccc3NC(=O)c3ccccc32)CC1.O=C(O)C(F)(F)F.O=C(O)C(F)(F)F,Scientific Literature,Displacement of [3H]-NMS from human muscarinic M2 receptor expressed in CHO-K9 cells after 3 hrs by microbeta2 scintillation counting method,B,Homo sapiens,,J Med Chem,2019.0,Muscarinic acetylcholine receptor M2,Ki,nM,8.74,967.96,3.98
CHEMBL4443219,4.266,CC(=O)N[C@@H](CCCCN)C(=O)N[C@@H](C)C(=O)N[C@@H](Cc1ccc(O)cc1)C(=O)NCCCCC1CCN(CC(=O)N2c3ccccc3NC(=O)c3ccccc32)CC1.O=C(O)C(F)(F)F.O=C(O)C(F)(F)F,Scientific Literature,Displacement of [3H]-NMS from human muscarinic M2 receptor expressed in CHO-K9 cells after 3 hrs by microbeta2 scintillation counting method,B,Homo sapiens,,J Med Chem,2019.0,Muscarinic acetylcholine receptor M2,Ki,nM,8.37,1039.04,3.49
CHEMBL4461081,12.02,CC(=O)N[C@@H](CCCNC(=N)N)C(=O)N[C@@H](CCCCN)C(=O)NCCCCC1CCN(CC(=O)N2c3ccccc3NC(=O)c3ccccc32)CC1.O=C(O)C(F)(F)F.O=C(O)C(F)(F)F.O=C(O)C(F)(F)F,Scientific Literature,Displacement of [3H]-NMS from human muscarinic M2 receptor expressed in CHO-K9 cells after 3 hrs by microbeta2 scintillation counting method,B,Homo sapiens,,J Med Chem,2019.0,Muscarinic acetylcholine receptor M2,Ki,nM,7.92,1075.0,2.3
CHEMBL12291,260.0,CC(C)Sc1ccc(CC2CCN(C3CCN(C(=O)c4ccccc4F)CC3)CC2)cc1,Scientific Literature,Binding affinity against muscarinic acetylcholine receptor M2 stably expressed in CHO-K1 cells using [3H]-QNB as radioligand.,B,,,Bioorg Med Chem Lett,2002.0,Muscarinic acetylcholine receptor M2,Ki,nM,6.58,454.66,5.89
CHEMBL12215,108.0,COc1ccc(C(=O)N2CCC(N3CCC(Cc4ccc(SC(C)C)cc4)CC3)CC2)cc1,Scientific Literature,Binding affinity against muscarinic acetylcholine receptor M2 stably expressed in CHO-K1 cells using [3H]-QNB as radioligand.,B,,,Bioorg Med Chem Lett,2002.0,Muscarinic acetylcholine receptor M2,Ki,nM,6.97,466.69,5.76
CHEMBL72787,2.99,C=C(c1ccc(S(=O)(=O)c2ccc(OC)cc2)cc1)C1CCN(C2CCN(C(=O)Cc3ccccc3)CC2)CC1,Scientific Literature,Binding affinity against Muscarinic acetylcholine receptor M2 stably expressed in CHO-K1 cells.,B,,,Bioorg Med Chem Lett,2000.0,Muscarinic acetylcholine receptor M2,Ki,nM,8.52,558.74,5.49
CHEMBL344607,1225.0,Cc1nc(-c2ccccc2)nc(C)c1C(=O)N1CCC(C)(N2CCN([C@@H](C)c3ccc(C(F)(F)F)cc3)[C@@H](C)C2)CC1,Scientific Literature,Binding affinity towards muscarinic receptor M2,B,,,Bioorg Med Chem Lett,2003.0,Muscarinic acetylcholine receptor M2,Ki,nM,5.91,579.71,6.54
CHEMBL4528651,10000.0,CC[C@H]1c2cc(C)ccc2OC[C@@]1(C)N,Scientific Literature,Displacement of [3H]-QNB/[3H]-NMS from human recombinant Muscarinic acetylcholine M2 receptor expressed in stable CHO cells after 90 mins by microbeta scintillation counting method,B,Homo sapiens,,ACS Med Chem Lett,2019.0,Muscarinic acetylcholine receptor M2,Ki,nM,,205.3,2.6
CHEMBL320465,1071.52,CCCc1[nH]c2ccc3c(c2c1C(=O)OCC)CN1CCc2cc(OC)ccc2C1O3,Scientific Literature,Inhibition of [3H]-NMS binding to human muscarinic acetylcholine receptor M2 in transfected CHO cells.,B,,,J Med Chem,2002.0,Muscarinic acetylcholine receptor M2,Ki,nM,5.97,420.51,4.76
CHEMBL27673,26.0,COc1ccccc1CNCCCCCCNCCCCCCCCNCCCCCCNCc1ccccc1OC,Scientific Literature,Binding affinity to human muscarinic M2 receptor by radioligand displacement assay,B,Homo sapiens,,Eur J Med Chem,2013.0,Muscarinic acetylcholine receptor M2,Ki,nM,7.58,582.92,7.22
CHEMBL73762,10000.0,CCN(CC)CCOCCOC(=O)C1(c2ccccc2)CC1,Scientific Literature,Binding affinity towards muscarinic m2 receptor,B,,,J Med Chem,1994.0,Muscarinic acetylcholine receptor M2,Ki,nM,,305.42,2.62
CHEMBL4440620,0.49,C[N+]1(C)[C@@H]2C[C@@H](OC(=O)C(O)(c3cccs3)c3cccs3)C[C@H]1[C@@H]1O[C@@H]12.[Br-],Scientific Literature,Displacement of [3H]NMS from human M2R expressed in CHOK1 cell membranes incubated for 2 hrs by microbeta scintillation counting method,B,Homo sapiens,,Bioorg Med Chem,2019.0,Muscarinic acetylcholine receptor M2,Ki,nM,9.31,472.43,2.35
CHEMBL4567385,12.0,O=C(OC1C[N+]2(CCCOCc3ccccc3)CCC1CC2)C(O)(c1ccccc1)c1ccccc1.[Br-],Scientific Literature,Displacement of [3H]NMS from human M2R expressed in CHOK1 cell membranes incubated for 2 hrs by microbeta scintillation counting method,B,Homo sapiens,,Bioorg Med Chem,2019.0,Muscarinic acetylcholine receptor M2,Ki,nM,7.92,566.54,4.68
CHEMBL431787,40.0,COc1ccc([S+]([O-])c2ccc(C(C(N)=O)N3CCN(C4CCCCC4)CC3)cc2)cc1,Scientific Literature,Binding affinity towards the cloned human Muscarinic acetylcholine receptor M2,B,,,Bioorg Med Chem Lett,2000.0,Muscarinic acetylcholine receptor M2,Ki,nM,7.4,455.62,3.34
CHEMBL71431,11.0,NC1CCN(C(=O)[C@](O)(c2ccccc2)C2CCCC2)CC1,Scientific Literature,Binding affinity against human muscarinic acetylcholine receptor M2 in transfected CHO cells,B,,,Bioorg Med Chem Lett,2003.0,Muscarinic acetylcholine receptor M2,Ki,nM,7.96,302.42,2.01
CHEMBL4543584,9.333,CC(=O)N[C@@H](Cc1ccc(O)cc1)C(=O)N[C@@H](C)C(=O)N[C@@H](CCCCN)C(=O)NCCCCC1CCN(CC(=O)N2c3ccccc3NC(=O)c3ccccc32)CC1.O=C(O)C(F)(F)F.O=C(O)C(F)(F)F,Scientific Literature,Displacement of [3H]-NMS from human muscarinic M2 receptor expressed in CHO-K9 cells after 3 hrs by microbeta2 scintillation counting method,B,Homo sapiens,,J Med Chem,2019.0,Muscarinic acetylcholine receptor M2,Ki,nM,8.03,1039.04,3.49
CHEMBL392186,5.1,CN(C)C1(CNCCC2CCOCC2)COc2ccc(F)cc2OC1,Scientific Literature,Displacement of 1-[N-methyl- 3H]scopolamine from human muscarinic M2 receptor expressed in Sf9 cells,B,Homo sapiens,,Bioorg Med Chem Lett,2007.0,Muscarinic acetylcholine receptor M2,Ki,nM,8.29,352.45,2.3
CHEMBL394254,2.4,CN(C)C1(CNCCC2CCCC2)COc2ccccc2OC1,Scientific Literature,Displacement of 1-[N-methyl- 3H]scopolamine from human muscarinic M2 receptor expressed in Sf9 cells,B,Homo sapiens,,Bioorg Med Chem Lett,2007.0,Muscarinic acetylcholine receptor M2,Ki,nM,8.62,318.46,2.93
CHEMBL2092736,51286.14,C[C@@H]1O[C@H]([C@@H]2CCC[N+]2(C)C)C[S@+]1[O-].[I-],Scientific Literature,Binding affinity to cloned human muscarinic M2 receptor expressed in CHO cells,B,Homo sapiens,,J Med Chem,2006.0,Muscarinic acetylcholine receptor M2,Ki,nM,4.29,345.25,0.72
CHEMBL3351105,89125.09,C[C@@H]1O[C@H]([C@@H]2CCCN2C)C[S@+]1[O-],Scientific Literature,Binding affinity to cloned human muscarinic M2 receptor expressed in CHO cells,B,Homo sapiens,,J Med Chem,2006.0,Muscarinic acetylcholine receptor M2,Ki,nM,4.05,203.31,0.57
CHEMBL372453,10000.0,COc1ccc(NC(=O)N2CCN(c3ccc(Cl)cc3)CC2)cc1N1CCN(C)CC1,Scientific Literature,Affinity towards cloned Muscarinic acetylcholine receptor M2,B,Homo sapiens,,Bioorg Med Chem Lett,2005.0,Muscarinic acetylcholine receptor M2,Ki,nM,,443.98,3.45
CHEMBL4644389,3019.95,C[N+](C)(C)C[C@@H]1COC[C@H](c2ccc([S+]([O-])c3ccccc3)cc2)O1.[I-],Scientific Literature,Displacement of [3H]NMS from human recombinant muscarinic receptor M2 expressed in CHO-K1 cell membranes incubated for 2 hrs by scintillation counting method,B,Homo sapiens,,J Med Chem,2020.0,Muscarinic acetylcholine receptor M2,Ki,nM,5.52,487.4,3.02
CHEMBL4637485,8709.64,C[N+](C)(C)C[C@@H]1CO[C@H](c2ccccc2)CO1.[I-],Scientific Literature,Displacement of [3H]NMS from human recombinant muscarinic receptor M2 expressed in CHO-K1 cell membranes incubated for 2 hrs by scintillation counting method,B,Homo sapiens,,J Med Chem,2020.0,Muscarinic acetylcholine receptor M2,Ki,nM,5.06,363.24,1.85
CHEMBL4648444,60.26,C[N+](C)(C)C[C@@H]1CO[C@](c2ccccc2)(C2CCCCC2)CO1.[I-],Scientific Literature,Displacement of [3H]NMS from human recombinant muscarinic receptor M2 expressed in CHO-K1 cell membranes incubated for 2 hrs by scintillation counting method,B,Homo sapiens,,J Med Chem,2020.0,Muscarinic acetylcholine receptor M2,Ki,nM,7.22,445.39,3.58
CHEMBL4634464,10000.0,C[N+](C)(C)C[C@@H]1CO[C@H](c2ccc(-c3ccccc3)cc2)CO1.[I-],Scientific Literature,Displacement of [3H]NMS from human recombinant muscarinic receptor M2 expressed in CHO-K1 cell membranes incubated for 2 hrs by scintillation counting method,B,Homo sapiens,,J Med Chem,2020.0,Muscarinic acetylcholine receptor M2,Ki,nM,,439.34,3.52
CHEMBL4634605,3019.95,C[N+](C)(C)C[C@@H]1CO[C@H](c2ccc([S+]([O-])c3ccccc3)cc2)CO1.[I-],Scientific Literature,Displacement of [3H]NMS from human recombinant muscarinic receptor M2 expressed in CHO-K1 cell membranes incubated for 2 hrs by scintillation counting method,B,Homo sapiens,,J Med Chem,2020.0,Muscarinic acetylcholine receptor M2,Ki,nM,5.52,487.4,3.02
CHEMBL4648218,407.38,C[N+](C)(C)C[C@@H]1CO[C@H](c2ccc(S(=O)(=O)c3ccccc3)cc2)CO1.[I-],Scientific Literature,Displacement of [3H]NMS from human recombinant muscarinic receptor M2 expressed in CHO-K1 cell membranes incubated for 2 hrs by scintillation counting method,B,Homo sapiens,,J Med Chem,2020.0,Muscarinic acetylcholine receptor M2,Ki,nM,6.39,503.4,2.68
CHEMBL2114067,3.58,COc1ccc([S@@+]([O-])c2ccc(C(=O)C3CCN(C4CCCCC4)CC3)cc2)cc1,Scientific Literature,Binding affinity against Muscarinic acetylcholine receptor M2,B,,,Bioorg Med Chem Lett,2000.0,Muscarinic acetylcholine receptor M2,Ki,nM,8.45,425.59,5.09
CHEMBL211976,1200.0,O=C(NCCC1CCNCC1)[C@H]1CCCN1C(=O)[C@@H]1C[C@@H](O)CN1C(=O)CC(c1ccccc1)(c1ccccc1)c1ccccc1,Scientific Literature,Inhibition of [3H]NMS binding to human cloned M2 receptor expressed in CHO cells,B,Homo sapiens,,J Med Chem,2006.0,Muscarinic acetylcholine receptor M2,Ki,nM,5.92,622.81,3.87
CHEMBL4637155,520.0,O=C(Nc1ccc(F)cc1-c1cc(F)c(F)c(F)c1)OCC1CCNCC1,Scientific Literature,Displacement of [3H]N-methylscopolamine from human muscarinic M2 receptor transiently expressed in HEK293T cell membranes incubated for 1 hr by scintillation counting method,A,Homo sapiens,,J Med Chem,2020.0,Muscarinic acetylcholine receptor M2,Ki,nM,6.28,382.36,4.46
CHEMBL4643643,30.0,CN1[C@@H]2CC[C@H]1C[C@H](OC(=O)Nc1ccc(F)cc1-c1ccccc1)C2,Scientific Literature,Displacement of [3H]N-methylscopolamine from human muscarinic M2 receptor transiently expressed in HEK293T cell membranes incubated for 1 hr by scintillation counting method,A,Homo sapiens,,J Med Chem,2020.0,Muscarinic acetylcholine receptor M2,Ki,nM,7.52,354.43,4.67
CHEMBL4632615,130.0,O=C(Nc1ccc(F)cc1-c1ccccc1)N[C@H]1CN2CCC1CC2,Scientific Literature,Displacement of [3H]N-methylscopolamine from human muscarinic M2 receptor transiently expressed in HEK293T cell membranes incubated for 1 hr by scintillation counting method,A,Homo sapiens,,J Med Chem,2020.0,Muscarinic acetylcholine receptor M2,Ki,nM,6.89,339.41,3.71
CHEMBL4097258,1.047,CCC(=O)NCc1cc(C(=O)NCCNC(=O)CCc2cn(CCCCC3CCN(CC(=O)N4c5ccccc5NC(=O)c5ccccc54)CC3)cn2)cc(C(=O)NCCNC(=O)CCc2cn(CCCCC3CCN(CC(=O)N4c5ccccc5NC(=O)c5ccccc54)CC3)cn2)c1.O=C(O)C(F)(F)F.O=C(O)C(F)(F)F.O=C(O)C(F)(F)F.O=C(O)C(F)(F)F,Scientific Literature,Displacement of [3H]UR-AP060 from human muscarinic acetylcholine receptor M2 expressed in CHOK9 cell homogenate after 3 hrs by liquid scintillation counting assay,B,Homo sapiens,,J Med Chem,2017.0,Muscarinic acetylcholine receptor M2,Ki,nM,8.98,1814.75,
CHEMBL4633165,340.0,O=C(Nc1ccc(F)cc1-c1ccc(Br)cc1)OCC1CCNCC1,Scientific Literature,Displacement of [3H]N-methylscopolamine from human muscarinic M2 receptor transiently expressed in HEK293T cell membranes incubated for 1 hr by scintillation counting method,A,Homo sapiens,,J Med Chem,2020.0,Muscarinic acetylcholine receptor M2,Ki,nM,6.47,407.28,4.8
CHEMBL4645235,39.0,C[N+]1(C)CCC(COC(=O)Nc2ccc(F)cc2-c2ccc(F)c(Cl)c2)CC1.O=C[O-],Scientific Literature,Displacement of [3H]N-methylscopolamine from human muscarinic M2 receptor transiently expressed in HEK293T cell membranes incubated for 1 hr by scintillation counting method,A,Homo sapiens,,J Med Chem,2020.0,Muscarinic acetylcholine receptor M2,Ki,nM,7.41,454.9,5.32
CHEMBL105945,416.87,COC(=O)c1c(C)n(C)c2ccc3c(c12)CN1CCc2cc(OC)ccc2C1O3,Scientific Literature,Inhibition of [3H]-NMS binding to human muscarinic acetylcholine receptor M2 in transfected CHO cells.,B,,,J Med Chem,2002.0,Muscarinic acetylcholine receptor M2,Ki,nM,6.38,392.46,3.73
CHEMBL554014,1013.99,Cl.c1cc(CN2CCCNCCNCCCNCC2)ccc1CN1CCCNCCNCCCNCC1,EUbOPEN Chemogenomic Library,"PDSP Secondary Binding target: CHRM2 - Compounds are tested at 10 uM concentration, plate are incubated at room temperature in the dark for 90 minutes. Reaction are stopped by vacuum filtration onto 0.3% polyethyleneimine soaked filter mats using Filtermate harvester. Scintillation cocktail is then melted onto microwave-dried filters on a hot plate and the radio activity is counted in Microbia counter. Compounds showing a minimum of 50% inhibition at 10 uM concentration are carried forward in this secondary binding assay to determine equilibrium binding affinity.",B,Homo sapiens,,,2024.0,Muscarinic acetylcholine receptor M2,Ki,nM,5.99,539.26,0.42
CHEMBL2312347,100000.0,CN1CCC(c2ccccc2)=C(C(=O)OCCc2cccc3ccccc23)C1,Scientific Literature,Displacement of [3H]NMS from human M2 muscarinic receptor expressed in CHO-K1 cells,B,Homo sapiens,,J Med Chem,2013.0,Muscarinic acetylcholine receptor M2,Ki,nM,,371.48,4.71
CHEMBL2432049,2788.0,c1ccc(CCN[C@H]2C3C4CC5C6C4CC3C6C52)nc1,Scientific Literature,Inhibition of muscarinic M2 receptor (unknown origin) by PDSP assay,B,Homo sapiens,,Bioorg Med Chem,2013.0,Muscarinic acetylcholine receptor M2,Ki,nM,5.55,266.39,2.36
CHEMBL5284000,1.7,NCCCCCCCCN1CCC(OC(=O)Nc2ccc(F)cc2-c2ccc(F)c(Cl)c2)CC1,Scientific Literature,Displacement of [3H]N-methylscopolamine from human muscarinic M2 receptor expressed in human HEK293T cell membranes by radioligand competition binding based analysis,B,Homo sapiens,,J Med Chem,2022.0,Muscarinic acetylcholine receptor M2,Ki,nM,8.77,494.03,6.6
CHEMBL22108,44.67,CC(C1=C(CCN(C)C)Cc2ccccc21)c1ccccn1,Scientific Literature,Affinity for Muscarinic acetylcholine receptor M2 expressed in CHO cells by [3H]NMS displacement.,B,,,Bioorg Med Chem Lett,2001.0,Muscarinic acetylcholine receptor M2,Ki,nM,7.35,292.43,4.15
CHEMBL378859,94.0,O=C(NCCC1CCNCC1)[C@H]1CCCN1C(=O)[C@@H]1C[C@@H](O)CN1C(=O)CC(c1ccc(Cl)cc1)(c1ccc(Cl)cc1)c1ccc(Cl)cc1,Scientific Literature,Inhibition of [3H]NMS binding to human cloned M2 receptor expressed in CHO cells,B,Homo sapiens,,J Med Chem,2006.0,Muscarinic acetylcholine receptor M2,Ki,nM,7.03,726.14,5.83
CHEMBL378772,73.0,O=C(NCC1CCN(CC2CC2)CC1)[C@H]1CCCN1C(=O)[C@@H]1C[C@@H](O)CN1C(=O)CC(c1ccc(F)cc1)(c1ccc(F)cc1)c1ccc(F)cc1,Scientific Literature,Inhibition of [3H]NMS binding to human cloned M2 receptor expressed in CHO cells,B,Homo sapiens,,J Med Chem,2006.0,Muscarinic acetylcholine receptor M2,Ki,nM,7.14,716.84,5.02
CHEMBL4758635,1122.02,C[C@@H]1CCC[C@H](C)N1C(=O)CCN1CCCc2ccccc21,Scientific Literature,Displacement of [3H]-NMS from muscarinic M2 receptor (unknown origin) expressed in CHO-K1 cell membranes assessed as inhibition constant by radioligand competition analysis,B,Homo sapiens,,Bioorg Med Chem Lett,2020.0,Muscarinic acetylcholine receptor M2,Ki,nM,5.95,300.45,3.62
CHEMBL56275,676.08,C[C@@H]1OC(=O)[C@@H]2C[C@@H]3CCCC[C@@H]3[C@@H](/C=C\[C@H]3CCC[C@H](C)N3C)[C@H]12,Scientific Literature,Binding affinity against human muscarine receptor (hM2) cloned in CHO cells,B,Homo sapiens,,Bioorg Med Chem Lett,2002.0,Muscarinic acetylcholine receptor M2,Ki,nM,6.17,345.53,4.42
CHEMBL107444,512.86,CCOC(=O)c1c(C)n(C)c2ccc3c(c12)CN1CCc2cc(OC)ccc2C1O3,Scientific Literature,Inhibition of [3H]-NMS binding to human muscarinic acetylcholine receptor M2 in transfected CHO cells.,B,,,J Med Chem,2002.0,Muscarinic acetylcholine receptor M2,Ki,nM,6.29,406.48,4.12
CHEMBL12587,75.0,C[C@@H]1O[C@H](C[N+](C)(C)C)C[C@H]1O,Scientific Literature,Inhibition of binding of [3H]quinuclidinyl benzilate to muscarinic receptors in membranes of CHO cells transfected with Muscarinic acetylcholine receptor M2,B,Homo sapiens,,J Med Chem,1998.0,Muscarinic acetylcholine receptor M2,Ki,nM,7.12,174.26,0.23
CHEMBL280220,3801.89,CCCc1c(C(=O)OCC)c2c3c(ccc2n1C)OC1c2ccc(SC)cc2CCN1C3,Scientific Literature,Inhibition of [3H]-NMS binding to human muscarinic acetylcholine receptor M2 in transfected CHO cells.,B,,,J Med Chem,2002.0,Muscarinic acetylcholine receptor M2,Ki,nM,5.42,450.6,5.48
CHEMBL1258452,10000.0,CCCCN1CCC(COC(=O)c2ccc(N)c(OC)c2)CC1,Scientific Literature,Binding affinity to human muscarinic M2 receptor,B,Homo sapiens,,J Med Chem,2010.0,Muscarinic acetylcholine receptor M2,Ki,nM,,320.43,2.95
CHEMBL541424,9332.54,C[C@@H]1O[C@H]([C@@H]2CCC[N+]2(C)C)C[S+]1[O-],Scientific Literature,Binding affinity to human cloned muscarinic M2 receptor expressed in CHO cells,B,Homo sapiens,,Bioorg Med Chem,2008.0,Muscarinic acetylcholine receptor M2,Ki,nM,5.03,218.34,0.72
CHEMBL196598,10000.0,COc1ccc(NC(=O)N2CCN(c3ccc(C(F)(F)F)cc3)CC2)cc1N1CCN(C)CC1,Scientific Literature,Affinity towards cloned Muscarinic acetylcholine receptor M2,B,Homo sapiens,,Bioorg Med Chem Lett,2005.0,Muscarinic acetylcholine receptor M2,Ki,nM,,477.53,3.82
CHEMBL183903,12.2,C[C@@H]1OC(=O)[C@H]2C[C@H]3CCCC[C@@H]3C(CCC3CCC(C)(C)N3C)[C@@H]12,Scientific Literature,In vitro inhibitory activity against cloned human M2 muscarinic receptor,B,Homo sapiens,,Bioorg Med Chem Lett,2004.0,Muscarinic acetylcholine receptor M2,Ki,nM,7.91,347.54,4.64
CHEMBL360154,1400.0,CCN1C(C/C=C2\[C@H]3[C@H](C)OC(=O)[C@H]3C=C3CCCC[C@@H]32)CCC1(C)C,Scientific Literature,In vitro inhibitory activity against cloned human M2 muscarinic receptor,B,Homo sapiens,,Bioorg Med Chem Lett,2004.0,Muscarinic acetylcholine receptor M2,Ki,nM,,357.54,4.87
CHEMBL355511,0.5,O=C(c1cccc2ncccc12)N1CCC(N2CCC(Oc3ccc(S(=O)(=O)c4ccc5c(c4)OCO5)cc3)CC2)CC1,Scientific Literature,Binding affinity towards Muscarinic acetylcholine receptor M2 stably expressed in CHO-K1 cells using [3H]-QNB as radioligand,B,,,Bioorg Med Chem Lett,2001.0,Muscarinic acetylcholine receptor M2,Ki,nM,9.3,599.71,4.94
CHEMBL76164,0.01,CCCS(=O)(=O)N1CCC(N2CCC(C3(c4ccc(S(=O)(=O)c5ccc6c(c5)OCO6)cc4)OCCO3)CC2)CC1,Scientific Literature,Antagonist activity at muscarinic M2 receptor (unknown origin) assessed as inhibition constant,B,Homo sapiens,,J Med Chem,2021.0,Muscarinic acetylcholine receptor M2,Ki,nM,11.0,606.76,3.36
CHEMBL234253,48.0,Cc1ccc(CCNCC2(N(C)C)COc3ccccc3OC2)cc1,Scientific Literature,Displacement of 1-[N-methyl- 3H]scopolamine from human muscarinic M2 receptor expressed in Sf9 cells,B,Homo sapiens,,Bioorg Med Chem Lett,2007.0,Muscarinic acetylcholine receptor M2,Ki,nM,7.32,340.47,2.9
CHEMBL4650755,0.1585,C[N+]1(C)[C@@H]2C[C@H](OC(=O)C(O)(c3cccs3)c3cccs3)C[C@H]1[C@@H]1O[C@@H]12,Scientific Literature,Displacement of [3H]-N-methyl Scopolamine Chloride from human M2 receptor membranes incubated for 2 hrs by scintillation counting analysis,B,Homo sapiens,,J Med Chem,2021.0,Muscarinic acetylcholine receptor M2,Ki,nM,9.8,392.52,2.35
CHEMBL2312389,2030.0,CCN1CCC(c2ccccc2)=C(C(=O)OCCCc2ccc(OC)cc2)C1,Scientific Literature,Displacement of [3H]NMS from human M2 muscarinic receptor expressed in CHO-K1 cells,B,Homo sapiens,,J Med Chem,2013.0,Muscarinic acetylcholine receptor M2,Ki,nM,5.69,379.5,4.35
CHEMBL346194,320.0,O=C(NC1CCN(Cc2ccccn2)CC1)C(O)(c1ccccc1)C1CCCC1,Scientific Literature,Inhibition of [3H]NMS binding to human muscarinic acetylcholine receptor M2 expressed in CHO cells,B,,,J Med Chem,2000.0,Muscarinic acetylcholine receptor M2,Ki,nM,6.5,393.53,3.24
CHEMBL147695,8600.0,O=C(NC1CCN(Cc2ccoc2)CC1)[C@](O)(c1ccccc1)[C@@H]1CCC(F)(F)C1,Scientific Literature,Inhibition of [3H]NMS binding to human muscarinic acetylcholine receptor M2 expressed in CHO cells,B,,,J Med Chem,2000.0,Muscarinic acetylcholine receptor M2,Ki,nM,5.07,418.48,3.68
CHEMBL358493,5500.0,C[N+]12CCC(CC1)C(O)(c1cc3ccccc3o1)C2,Scientific Literature,Binding affinity for muscarinic acetylcholine receptor M2 by measuring displacement of [3H]QNB from guinea pig heart,B,Cavia porcellus,,J Med Chem,1995.0,Muscarinic acetylcholine receptor M2,Ki,nM,5.26,258.34,2.49
CHEMBL302145,2900.0,NCc1cccc(NC(=O)[C@](O)(c2ccccc2)[C@@H]2CCC(F)(F)C2)c1,Scientific Literature,Binding affinity against human muscarinic acetylcholine receptor M2 in transfected CHO cells,B,,,Bioorg Med Chem Lett,2003.0,Muscarinic acetylcholine receptor M2,Ki,nM,5.54,360.4,3.41
CHEMBL195927,10000.0,COc1ccccc1N1CCC(C(=O)Nc2ccc(OC)c(N3CCN(C)CC3)c2)CC1,Scientific Literature,Affinity towards cloned Muscarinic acetylcholine receptor M2,B,Homo sapiens,,Bioorg Med Chem Lett,2005.0,Muscarinic acetylcholine receptor M2,Ki,nM,,438.57,3.31
CHEMBL310912,0.6,COc1ccc(S(=O)(=O)c2ccc(C(C)N3CCN(C4CCCCC4)CC3)cc2)cc1,Scientific Literature,Binding affinity towards the cloned human Muscarinic acetylcholine receptor M2,B,,,Bioorg Med Chem Lett,2000.0,Muscarinic acetylcholine receptor M2,Ki,nM,9.22,442.63,4.54
CHEMBL150845,9.6,CC(=C1CCN(C2CCN(C(=O)c3ccc(F)c4ccccc34)CC2)CC1)c1ccc(S(=O)(=O)C(C)C)cc1,Scientific Literature,Binding affinity for human Muscarinic acetylcholine receptor M2,B,Homo sapiens,,J Med Chem,2002.0,Muscarinic acetylcholine receptor M2,Ki,nM,8.02,548.72,6.34
CHEMBL1628706,1323.0,CC(C)(O)CC[C@H](C[C@H](O)[C@H](Cc1cccc(F)c1)NC(=O)c1cnc2ccccc2n1)C(N)=O,Scientific Literature,Binding affinity to muscarinic M2 receptor,B,,,J Med Chem,2012.0,Muscarinic acetylcholine receptor M2,Ki,nM,5.88,482.56,2.51
CHEMBL4641531,10000.0,C[N+](C)(C)C[C@@H]1CO[C@@H](c2ccc(S(=O)(=O)c3ccccc3)cc2)CO1.[I-],Scientific Literature,Displacement of [3H]NMS from human recombinant muscarinic receptor M2 expressed in CHO-K1 cell membranes incubated for 2 hrs by scintillation counting method,B,Homo sapiens,,J Med Chem,2020.0,Muscarinic acetylcholine receptor M2,Ki,nM,,503.4,2.68
CHEMBL4648939,13.8,C[N+](C)(C)C[C@@H]1COC[C@](c2ccccc2)(C2CCCCC2)O1,Scientific Literature,Displacement of [3H]NMS from human recombinant muscarinic receptor M2 expressed in CHO-K1 cell membranes incubated for 2 hrs by scintillation counting method,B,Homo sapiens,,J Med Chem,2020.0,Muscarinic acetylcholine receptor M2,Ki,nM,7.86,318.48,3.58
CHEMBL370862,50.0,COC1(C#CC(O)(c2ccccn2)C2CCCC2)CN2CCC1CC2,Scientific Literature,Binding affinity to human muscarinic M2 receptor,B,Homo sapiens,,Bioorg Med Chem Lett,2006.0,Muscarinic acetylcholine receptor M2,Ki,nM,7.3,340.47,2.57
CHEMBL380583,50.0,CO[C@]1(C#CC(O)(c2cccc(C)c2)c2cccc(C)c2)CN2CCC1CC2,Scientific Literature,Binding affinity to human muscarinic M2 receptor,B,Homo sapiens,,Bioorg Med Chem Lett,2006.0,Muscarinic acetylcholine receptor M2,Ki,nM,7.3,375.51,3.65
CHEMBL1162116,3.631,Cc1nccn1CC#CCOc1ccon1,Scientific Literature,Binding affinity to human cloned muscarinic M2 receptor expressed in CHO cells,B,Homo sapiens,,Bioorg Med Chem,2008.0,Muscarinic acetylcholine receptor M2,Ki,nM,8.44,217.23,1.26
CHEMBL541424,81283.05,C[C@@H]1O[C@H]([C@@H]2CCC[N+]2(C)C)C[S+]1[O-],Scientific Literature,Binding affinity to human cloned muscarinic M2 receptor expressed in CHO cells,B,Homo sapiens,,Bioorg Med Chem,2008.0,Muscarinic acetylcholine receptor M2,Ki,nM,4.09,218.34,0.72
CHEMBL134641,204.17,CO/N=C(\C#N)[C@H]1CN2CCC1CC2,Scientific Literature,Binding affinity to human cloned muscarinic M2 receptor expressed in CHO cells,B,Homo sapiens,,Bioorg Med Chem,2008.0,Muscarinic acetylcholine receptor M2,Ki,nM,6.69,193.25,0.85
CHEMBL216927,7.943,COc1nsnc1OCCOCCOCCOCCOc1nsnc1C1=CCCN(C)C1,Scientific Literature,Inhibition of [3H](R)-QNB binding to human M2 receptor expressed in A9 L cells,B,Homo sapiens,,J Med Chem,2006.0,Muscarinic acetylcholine receptor M2,Ki,nM,8.1,487.6,1.62
CHEMBL228144,4897.79,CC1COCC(C[N+](C)(C)C)O1.[I-],Scientific Literature,Displacement of [3H]NMS from human cloned muscarinic M2 receptor expressed in CHO cells,B,Homo sapiens,,Bioorg Med Chem Lett,2008.0,Muscarinic acetylcholine receptor M2,Ki,nM,5.31,301.17,0.5
CHEMBL4740422,1905.46,O=C(CCN1CCCc2ccccc21)NCc1cccc(F)c1,Scientific Literature,Displacement of [3H]-NMS from muscarinic M2 receptor (unknown origin) expressed in CHO-K1 cell membranes assessed as inhibition constant by radioligand competition analysis,B,Homo sapiens,,Bioorg Med Chem Lett,2020.0,Muscarinic acetylcholine receptor M2,Ki,nM,5.72,312.39,3.28
CHEMBL172233,32.36,CC(C1=C(CCN(C)CCF)Cc2ccccc21)c1ccccn1,Scientific Literature,Binding affinity towards cloned human muscarinic acetylcholine receptor M2 stably expressed in CHO-K1 cells using [3H]N-methylscopolamine,B,,,J Med Chem,2003.0,Muscarinic acetylcholine receptor M2,Ki,nM,7.49,324.44,4.49
CHEMBL450729,30902.95,CN1CCC[C@H]1c1ccco1,Scientific Literature,Displacement of [3H]NMS from human muscarinic M2 receptor expressed in CHO cells by liquid scintillation counter,B,Homo sapiens,,J Med Chem,2008.0,Muscarinic acetylcholine receptor M2,Ki,nM,4.51,151.21,2.05
CHEMBL460470,41686.94,CN1CCCC1c1ccco1,Scientific Literature,Displacement of [3H]NMS from human muscarinic M2 receptor expressed in CHO cells by liquid scintillation counter,B,Homo sapiens,,J Med Chem,2008.0,Muscarinic acetylcholine receptor M2,Ki,nM,4.38,151.21,2.05
CHEMBL2112959,44.0,O=C(CCNC(=O)CC(c1ccccc1)(c1ccccc1)c1ccccc1)NCCC(=O)NC[C@H]1CCCN(CC2CCCCC2)C1,Scientific Literature,Binding affinity (Ki) against binding of [3H]NMS to membranes from CHO cells expressing cloned human Muscarinic acetylcholine receptor M2,B,Homo sapiens,,J Med Chem,2002.0,Muscarinic acetylcholine receptor M2,Ki,nM,7.36,636.88,5.83
CHEMBL4128341,33.11,c1ccc(C2(c3ccccc3)COC[C@H](CO[C@@H]3CN4CCC3CC4)O2)cc1,Scientific Literature,Displacement of [3H]NMS from recombinant human muscarinic M2 receptor expressed in CHOK1 cell membranes after 120 mins by scintillation counting method,B,Homo sapiens,,Eur J Med Chem,2017.0,Muscarinic acetylcholine receptor M2,Ki,nM,7.48,379.5,3.46
CHEMBL4763304,575.44,O=C(O)C1CCCN1C(=O)CCN1CCCc2ccccc21,Scientific Literature,Displacement of [3H]-NMS from muscarinic M2 receptor (unknown origin) expressed in CHO-K1 cell membranes assessed as inhibition constant by radioligand competition analysis,B,Homo sapiens,,Bioorg Med Chem Lett,2020.0,Muscarinic acetylcholine receptor M2,Ki,nM,6.24,302.37,1.9
CHEMBL4128497,426.58,C[C@]1(C(=O)O[C@@H]2CN3CCC2CC3)COCC(c2ccccc2)(c2ccccc2)O1,Scientific Literature,Displacement of [3H]NMS from recombinant human muscarinic M2 receptor expressed in CHOK1 cell membranes after 120 mins by scintillation counting method,B,Homo sapiens,,Eur J Med Chem,2017.0,Muscarinic acetylcholine receptor M2,Ki,nM,6.37,407.51,3.37
CHEMBL215180,490.0,O=C(NCC1CCNCC1)[C@H]1CCCN1C(=O)[C@@H]1C[C@@H](O)CN1C(=O)CC(c1ccc(F)cc1)(c1ccc(F)cc1)c1ccc(F)cc1,Scientific Literature,Inhibition of [3H]NMS binding to human cloned M2 receptor expressed in CHO cells,B,Homo sapiens,,J Med Chem,2006.0,Muscarinic acetylcholine receptor M2,Ki,nM,6.31,662.75,3.9
CHEMBL215894,100.0,O=C(NC[C@@H]1CCCNC1)[C@H]1CCCN1C(=O)[C@@H]1C[C@@H](O)CN1C(=O)CC(c1ccc(Cl)cc1)(c1ccc(Cl)cc1)c1ccc(Cl)cc1,Scientific Literature,Inhibition of [3H]NMS binding to human cloned M2 receptor expressed in CHO cells,B,Homo sapiens,,J Med Chem,2006.0,Muscarinic acetylcholine receptor M2,Ki,nM,7.0,712.12,5.44
CHEMBL196370,10000.0,COc1ccc(NC(=O)N2CCN(c3ccccc3OC)CC2)cc1N1CCN(C)CC1,Scientific Literature,Affinity towards cloned Muscarinic acetylcholine receptor M2,B,Homo sapiens,,Bioorg Med Chem Lett,2005.0,Muscarinic acetylcholine receptor M2,Ki,nM,,439.56,2.81
CHEMBL434684,12.3,CC(C1=C(CN(C)C)Cc2ccccc21)c1ccccn1,Scientific Literature,Binding affinity towards cloned human muscarinic acetylcholine receptor M2 stably expressed in CHO-K1 cells using [3H]N-methylscopolamine,B,,,J Med Chem,2003.0,Muscarinic acetylcholine receptor M2,Ki,nM,7.91,278.4,3.76
CHEMBL370232,0.2,CO[C@]1(C#CC(O)(c2cccs2)c2cccs2)CN2CCC1CC2,Scientific Literature,Binding affinity to human muscarinic M2 receptor,B,Homo sapiens,,Bioorg Med Chem Lett,2006.0,Muscarinic acetylcholine receptor M2,Ki,nM,9.7,359.52,3.16
CHEMBL2205823,552.0,COc1ccccc1CN1C2C3C4CC5C6C4C2C6C1(O)C53,Scientific Literature,Binding affinity to M2 muscarinic receptor,B,,,Bioorg Med Chem Lett,2012.0,Muscarinic acetylcholine receptor M2,Ki,nM,6.26,295.38,1.96
CHEMBL5403404,10000.0,CCCN1CCN(c2ccc3c(c2)C(N(C)C(=O)OCc2ccccc2)CCC3)CC1,Scientific Literature,Binding affinity at human muscarinic M2 receptor assessed as inhibition constant,B,Homo sapiens,,Eur J Med Chem,2022.0,Muscarinic acetylcholine receptor M2,Ki,nM,,421.59,4.86
CHEMBL4747438,3467.37,O=C(CCN1CCCc2ccccc21)Nc1nccs1,Scientific Literature,Displacement of [3H]-NMS from muscarinic M2 receptor (unknown origin) expressed in CHO-K1 cell membranes assessed as inhibition constant by radioligand competition analysis,B,Homo sapiens,,Bioorg Med Chem Lett,2020.0,Muscarinic acetylcholine receptor M2,Ki,nM,5.46,287.39,2.92
CHEMBL4744856,89.13,CC1CCN(C(=O)CCN2CCCc3ccccc32)CC1,Scientific Literature,Displacement of [3H]-NMS from muscarinic M2 receptor (unknown origin) expressed in CHO-K1 cell membranes assessed as inhibition constant by radioligand competition analysis,B,Homo sapiens,,Bioorg Med Chem Lett,2020.0,Muscarinic acetylcholine receptor M2,Ki,nM,7.05,286.42,3.09
CHEMBL4792675,50118.72,O=C(CN1CCc2ccc(F)cc21)N1CCCC1,Scientific Literature,Displacement of [3H]-NMS from muscarinic M2 receptor (unknown origin) expressed in CHO-K1 cell membranes assessed as inhibition constant by radioligand competition analysis,B,Homo sapiens,,Bioorg Med Chem Lett,2020.0,Muscarinic acetylcholine receptor M2,Ki,nM,4.3,248.3,1.81
CHEMBL4760904,3630.78,CC1CCc2ccccc2N1CC(=O)N1CCCCC1,Scientific Literature,Displacement of [3H]-NMS from muscarinic M2 receptor (unknown origin) expressed in CHO-K1 cell membranes assessed as inhibition constant by radioligand competition analysis,B,Homo sapiens,,Bioorg Med Chem Lett,2020.0,Muscarinic acetylcholine receptor M2,Ki,nM,5.44,272.39,2.84
CHEMBL4793864,100000.0,CC1Cc2ccccc2N1CC(=O)N1CCCCC1,Scientific Literature,Displacement of [3H]-NMS from muscarinic M2 receptor (unknown origin) expressed in CHO-K1 cell membranes assessed as inhibition constant by radioligand competition analysis,B,Homo sapiens,,Bioorg Med Chem Lett,2020.0,Muscarinic acetylcholine receptor M2,Ki,nM,,258.37,2.45
CHEMBL26505,107.0,CCN(CC)CCOC(=O)C(C)(c1ccccc1)c1ccccc1,Scientific Literature,Displacement of [3H] N-methylscopolamine from human muscarinic M2 receptor expressed in CHOK1 cells after 30 mins by scintillation counting analysis,B,Homo sapiens,,Bioorg Med Chem,2013.0,Muscarinic acetylcholine receptor M2,Ki,nM,6.97,325.45,3.88
CHEMBL2377269,15.1,CCN(CC)CCOC(=O)C(c1ccccc1)C1(O)CCCCC1,Scientific Literature,Displacement of [3H] N-methylscopolamine from human muscarinic M2 receptor expressed in CHOK1 cells after 30 mins by scintillation counting analysis,B,Homo sapiens,,Bioorg Med Chem,2013.0,Muscarinic acetylcholine receptor M2,Ki,nM,7.82,333.47,3.35
CHEMBL2377392,116.0,CC[C@H](C)C(C(=O)OCCCN(CC)CC)c1ccccc1,Scientific Literature,Displacement of [3H] N-methylscopolamine from human muscarinic M2 receptor expressed in CHOK1 cells after 30 mins by scintillation counting analysis,B,Homo sapiens,,Bioorg Med Chem,2013.0,Muscarinic acetylcholine receptor M2,Ki,nM,6.94,305.46,4.09
CHEMBL3545181,0.061,C[N+]1(C)[C@@H]2C[C@@H](OC(=O)C(O)(c3cccs3)c3cccs3)C[C@H]1[C@@H]1O[C@@H]12.O.[Br-],Scientific Literature,Displacement of [3H]-NMS from human recombinant M2 receptor expressed in CHO cells after 2 hrs by filter binding assay,B,Homo sapiens,,J Med Chem,2011.0,Muscarinic acetylcholine receptor M2,Ki,nM,10.21,490.44,2.35
CHEMBL1910848,0.056,CC(C)(CCC(C(N)=O)(c1ccccc1)c1ccccc1)N1CC(Oc2ccccc2)C1,Scientific Literature,Displacement of [3H]-NMS from human recombinant M2 receptor expressed in CHO cells after 2 hrs by filter binding assay,B,Homo sapiens,,J Med Chem,2011.0,Muscarinic acetylcholine receptor M2,Ki,nM,10.25,428.58,4.78
CHEMBL194206,10000.0,COc1ccc(NC(=O)N2CCN(c3ccc(F)cc3)CC2)cc1N1CCN(C)CC1,Scientific Literature,Affinity towards cloned Muscarinic acetylcholine receptor M2,B,Homo sapiens,,Bioorg Med Chem Lett,2005.0,Muscarinic acetylcholine receptor M2,Ki,nM,,427.52,2.94
CHEMBL92569,5.07,CCCS(=O)(=O)N1CCC(N2CCC(C3(c4ccc(S(=O)(=O)c5ccc6c(c5)OCO6)cc4)CCCO3)CC2)CC1,Scientific Literature,Binding affinity at human cloned acetylcholine receptor M2 in CHO cells.,B,,,Bioorg Med Chem Lett,2000.0,Muscarinic acetylcholine receptor M2,Ki,nM,8.29,604.79,4.17
CHEMBL259131,5011.87,C[C@H]1OC[C@@H]([C@H]2CCC[N+]2(C)C)O1,Scientific Literature,Binding affinity to human cloned muscarinic M2 receptor expressed in CHO cells,B,Homo sapiens,,Bioorg Med Chem,2008.0,Muscarinic acetylcholine receptor M2,Ki,nM,5.3,186.28,0.99
CHEMBL94921,1550.0,CC(=O)c1ccc(C2=CN3CCC2CC3)s1,Scientific Literature,In vitro binding affinity towards muscarinic receptor in heart (M2) was determined,B,,,Bioorg Med Chem Lett,1994.0,Muscarinic acetylcholine receptor M2,Ki,nM,5.81,233.34,3.02
CHEMBL569953,3235.94,CN1CCC[C@H]1c1ccc([C@@](O)(c2ccccc2)C2CCCCC2)o1,Scientific Literature,Displacement of [3H]NMS from human cloned muscarinic M2 receptor expressed in CHO cells by scintillation counting,B,Homo sapiens,,J Med Chem,2010.0,Muscarinic acetylcholine receptor M2,Ki,nM,5.49,339.48,4.86
CHEMBL569307,2.344,C[N+]1(C)CCC[C@@H]1c1ccc([C@](O)(c2ccccc2)C2CCCCC2)o1.[I-],Scientific Literature,Displacement of [3H]NMS from human cloned muscarinic M2 receptor expressed in CHO cells by scintillation counting,B,Homo sapiens,,J Med Chem,2010.0,Muscarinic acetylcholine receptor M2,Ki,nM,8.63,481.42,5.01
CHEMBL12064,14.0,CCOc1ccc2c(C(=O)N3CCC(N4CCC(Cc5ccc(SC(C)C)cc5)CC4)CC3)cccc2c1,Scientific Literature,Binding affinity against muscarinic acetylcholine receptor M2 stably expressed in CHO-K1 cells using [3H]-QNB as radioligand.,B,,,Bioorg Med Chem Lett,2002.0,Muscarinic acetylcholine receptor M2,Ki,nM,7.85,530.78,7.3
CHEMBL12268,256.0,CC(C)Sc1ccc(CC2CCN(C3CCN(C(=O)c4cccc5cccnc45)CC3)CC2)cc1,Scientific Literature,Binding affinity against muscarinic acetylcholine receptor M2 stably expressed in CHO-K1 cells using [3H]-QNB as radioligand.,B,,,Bioorg Med Chem Lett,2002.0,Muscarinic acetylcholine receptor M2,Ki,nM,6.59,487.71,6.29
CHEMBL285898,248.0,CCN(CC)CCCCOC(=O)C(C)(c1ccccc1)C1CCCCC1,Scientific Literature,Antimuscarinic potency and subset specificity was characterised by its inhibition of the [3H]NMS Binding to Muscarinic acetylcholine receptor M2 subtype,B,,,J Med Chem,1992.0,Muscarinic acetylcholine receptor M2,Ki,nM,6.61,359.55,5.19
CHEMBL355193,570.0,CC1CN(CCC[C@@H]2[C@H]3CCCC[C@@H]3C[C@@H]3C(=O)O[C@@H](C)[C@H]23)C(C)CN1,Scientific Literature,Binding affinity towards human muscarinic M2 receptor in CHO-KI cells using [3H]- QNB as radioligand,B,,,Bioorg Med Chem Lett,1999.0,Muscarinic acetylcholine receptor M2,Ki,nM,6.24,362.56,3.45
CHEMBL282424,10000.0,Fc1ccccc1N1CCN(Cc2c[nH]c3ncccc23)CC1,Scientific Literature,Binding affinity to cloned Muscarinic acetylcholine receptor M2,B,,,Bioorg Med Chem Lett,2001.0,Muscarinic acetylcholine receptor M2,Ki,nM,,310.38,3.02
CHEMBL359027,96.0,C1=C(c2csc3ccccc23)C2CCN1CC2,Scientific Literature,Binding affinity for muscarinic acetylcholine receptor M2 by measuring displacement of [3H]QNB from guinea pig heart,B,Cavia porcellus,,J Med Chem,1995.0,Muscarinic acetylcholine receptor M2,Ki,nM,7.02,241.36,3.97
CHEMBL343182,5000.0,C1COC(C2CN3CCC2CC3)C1,Scientific Literature,Binding affinity for muscarinic acetylcholine receptor M2 by measuring displacement of [3H]QNB from guinea pig heart,B,Cavia porcellus,,J Med Chem,1995.0,Muscarinic acetylcholine receptor M2,Ki,nM,5.3,181.28,1.51
CHEMBL51459,2.1,CC(C)NC(=O)c1ccc(CC2CCN(C3CCN(C(=O)c4ccc(F)c5ccccc45)CC3)CC2)cc1,Scientific Literature,Binding affinity against cloned human muscarinic acetylcholine receptor M2.,B,,,Bioorg Med Chem Lett,2004.0,Muscarinic acetylcholine receptor M2,Ki,nM,8.68,515.67,5.68
CHEMBL334470,348.0,C[C@H]1CN(C2(C)CCN(C(=O)c3c(Cl)c[n+]([O-])cc3Cl)CC2)CCN1[C@@H](C)c1ccc(C(F)(F)F)cc1,Scientific Literature,Binding affinity towards muscarinic receptor M2,B,,,Bioorg Med Chem Lett,2003.0,Muscarinic acetylcholine receptor M2,Ki,nM,6.46,559.46,5.41
CHEMBL310558,190.0,CCC(=O)OC1CC2CCCC1N2,Scientific Literature,Inhibition of [3H]- oxotremorine-M binding to human Muscarinic acetylcholine receptor M2 expressed in CHO cell membranes,B,Homo sapiens,,J Med Chem,2000.0,Muscarinic acetylcholine receptor M2,Ki,nM,6.72,183.25,1.22
CHEMBL1902981,831.0,CCc1ccc(C(=O)C(C)CN2CCCCC2)cc1,DrugMatrix,DRUGMATRIX: Muscarinic M2 radioligand binding (ligand: [3H] N-Methylscopolamine),B,,,,,Muscarinic acetylcholine receptor M2,Ki,nM,6.08,259.39,3.55
CHEMBL177040,270.0,O=C(CCCNC(=O)CNC(=O)CC(c1ccccc1)(c1ccccc1)c1ccccc1)NCC1CCCN(CC2CCCCC2)C1,Scientific Literature,Binding affinity (Ki) against binding of [3H]NMS to membranes from CHO cells expressing cloned human Muscarinic acetylcholine receptor M2,B,Homo sapiens,,J Med Chem,2002.0,Muscarinic acetylcholine receptor M2,Ki,nM,6.57,636.88,5.83
CHEMBL294273,2700.0,CC(=O)OC1CC2CCCC1N2C,Scientific Literature,Inhibition of binding of [3H]quinuclidinyl benzilate to muscarinic receptors in membranes of CHO cells transfected with Muscarinic acetylcholine receptor M2,B,Homo sapiens,,J Med Chem,1998.0,Muscarinic acetylcholine receptor M2,Ki,nM,5.57,183.25,1.17
CHEMBL500313,100000.0,CN1CCC[C@H]1[C@@H]1CNC(=O)O1,Scientific Literature,Displacement of [3H]NMS from human muscarinic M2 receptor expressed in CHO cells,B,Homo sapiens,,Bioorg Med Chem Lett,2013.0,Muscarinic acetylcholine receptor M2,Ki,nM,,170.21,0.19
CHEMBL5270870,0.92,NCCCCCCCCN1CCC(COC(=O)Nc2ccc(F)cc2-c2ccc(F)c(Cl)c2)CC1,Scientific Literature,Displacement of [3H]N-methylscopolamine from human muscarinic M2 receptor expressed in human HEK293T cell membranes by radioligand competition binding based analysis,B,Homo sapiens,,J Med Chem,2022.0,Muscarinic acetylcholine receptor M2,Ki,nM,9.04,508.05,6.85
CHEMBL5270925,7.9,C#CCCCCCCN1CCC(OC(=O)Nc2ccc(F)cc2-c2ccc(F)c(Cl)c2)CC1,Scientific Literature,Displacement of [3H]N-methylscopolamine from human muscarinic M2 receptor expressed in human HEK293T cell membranes by radioligand competition binding based analysis,B,Homo sapiens,,J Med Chem,2022.0,Muscarinic acetylcholine receptor M2,Ki,nM,8.1,474.98,6.88
CHEMBL5279174,13.0,C#CCCCCCN1CCC(COC(=O)Nc2ccc(F)cc2-c2ccc(F)c(Cl)c2)CC1,Scientific Literature,Displacement of [3H]N-methylscopolamine from human muscarinic M2 receptor expressed in human HEK293T cell membranes by radioligand competition binding based analysis,B,Homo sapiens,,J Med Chem,2022.0,Muscarinic acetylcholine receptor M2,Ki,nM,7.89,474.98,6.74
CHEMBL76164,0.01,CCCS(=O)(=O)N1CCC(N2CCC(C3(c4ccc(S(=O)(=O)c5ccc6c(c5)OCO6)cc4)OCCO3)CC2)CC1,Scientific Literature,Binding affinity at human cloned acetylcholine receptor M2 in CHO cells.,B,,,Bioorg Med Chem Lett,2000.0,Muscarinic acetylcholine receptor M2,Ki,nM,11.0,606.76,3.36
CHEMBL422763,2.7,Cc1cccc(C(=O)N2CCC(N3CCC(C4(c5ccc(C(=O)NC(C)C)cc5)OCCO4)CC3)CC2)c1N,Scientific Literature,Binding affinity against cloned human muscarinic acetylcholine receptor M2.,B,,,Bioorg Med Chem Lett,2004.0,Muscarinic acetylcholine receptor M2,Ki,nM,8.57,534.7,3.93
CHEMBL308924,86000.0,CCO/C(O)=C1\CN2CC(CCC2CN(C)C)C1=O,Scientific Literature,Binding affinity of compound was determined towards human Muscarinic acetylcholine receptor M2 using [3H]QNB radioligand,B,,,J Med Chem,2003.0,Muscarinic acetylcholine receptor M2,Ki,nM,4.07,268.36,1.02
CHEMBL3121474,204.17,C[N+](C)(CC#CCOC1=NOCC1)CCCCCC[N+](C)(C)CCCN1C(=O)c2ccccc2C1=O.[Br-].[Br-],Scientific Literature,Displacement of [3H]-NMS from human muscarinic M2 Y104A mutant expressed in Flp-In-CHO cells by liquid scintillation counting,B,Homo sapiens,,J Med Chem,2014.0,Muscarinic acetylcholine receptor M2,Ki,nM,6.69,658.48,3.14
CHEMBL3323283,7.079,C[N+](C)(CCCCCC[N+]1(C)[C@@H]2C[C@H](OC(=O)[C@H](CO)c3ccccc3)C[C@H]1[C@@H]1O[C@@H]12)CCCN1C(=O)c2ccccc2C1=O.[Br-].[Br-],Scientific Literature,Displacement of [3H]-NMS from human muscarinic M2 Y177Q mutant expressed in Flp-In-CHO cells by liquid scintillation counting,B,Homo sapiens,,J Med Chem,2014.0,Muscarinic acetylcholine receptor M2,Ki,nM,8.15,779.61,3.76
CHEMBL3323288,275.42,C[N+](C)(C)CCCCCC[N+](C)(C)CC#CCOC1=NOCC1.[Br-].[Br-],Scientific Literature,Displacement of [3H]-NMS from human muscarinic M2 W422A mutant expressed in Flp-In-CHO cells by liquid scintillation counting,B,Homo sapiens,,J Med Chem,2014.0,Muscarinic acetylcholine receptor M2,Ki,nM,6.56,485.31,2.08
CHEMBL3323279,16.22,C[N+](C)(C)CCCCCC[N+]1(C)[C@@H]2CC[C@@H]1CC(OC(=O)C(CO)c1ccccc1)C2.[Br-].[Br-],Scientific Literature,Displacement of [3H]-NMS from wild-type human muscarinic M2 receptor expressed in Flp-In-CHO cells by liquid scintillation counting,B,Homo sapiens,,J Med Chem,2014.0,Muscarinic acetylcholine receptor M2,Ki,nM,7.79,592.46,3.71
CHEMBL3323282,47.86,C[N+](C)(C)CCCCCC[N+]1(C)[C@@H]2C[C@H](OC(=O)[C@H](CO)c3ccccc3)C[C@H]1[C@@H]1O[C@@H]12.[Br-].[Br-],Scientific Literature,Displacement of [3H]-NMS from wild-type human muscarinic M2 receptor expressed in Flp-In-CHO cells by liquid scintillation counting,B,Homo sapiens,,J Med Chem,2014.0,Muscarinic acetylcholine receptor M2,Ki,nM,7.32,606.44,2.7
CHEMBL3323287,11.48,CC(C)(CN1C(=O)c2cccc3cccc(c23)C1=O)C[N+](C)(C)CCCCCC[N+](C)(C)CC#CCOC1=NOCC1.[Br-].[Br-],Scientific Literature,Displacement of [3H]-NMS from wild-type human muscarinic M2 receptor expressed in Flp-In-CHO cells by liquid scintillation counting,B,Homo sapiens,,J Med Chem,2014.0,Muscarinic acetylcholine receptor M2,Ki,nM,7.94,736.59,4.93
CHEMBL28997,10000.0,Fc1ccc(N2CCN(Cc3c[nH]c4ncccc34)CC2)cc1,Scientific Literature,Binding affinity to cloned Muscarinic acetylcholine receptor M1,B,,,Bioorg Med Chem Lett,2001.0,Muscarinic acetylcholine receptor M2,Ki,nM,,310.38,3.02
CHEMBL4633296,5370.32,C[N+](C)(C)C[C@@H]1COC[C@@H](c2ccc(-c3ccccc3)cc2)O1.[I-],Scientific Literature,Displacement of [3H]NMS from human recombinant muscarinic receptor M2 expressed in CHO-K1 cell membranes incubated for 2 hrs by scintillation counting method,B,Homo sapiens,,J Med Chem,2020.0,Muscarinic acetylcholine receptor M2,Ki,nM,5.27,439.34,3.52
CHEMBL4633895,199.53,C[N+](C)(C)C[C@@H]1COC[C@@H](c2ccc(S(=O)(=O)c3ccccc3)cc2)O1.[I-],Scientific Literature,Displacement of [3H]NMS from human recombinant muscarinic receptor M2 expressed in CHO-K1 cell membranes incubated for 2 hrs by scintillation counting method,B,Homo sapiens,,J Med Chem,2020.0,Muscarinic acetylcholine receptor M2,Ki,nM,6.7,503.4,2.68
CHEMBL553058,7.943,COc1nsnc1OCCOCCOCCOCCOc1nsnc1C1=CCCN(C)C1.Cl,Scientific Literature,Compound was tested for binding inhibition of [3H](R)-QNB to Muscarinic acetylcholine receptor M2 expressed in A9 L cells,B,,,J Med Chem,2003.0,Muscarinic acetylcholine receptor M2,Ki,nM,8.1,524.07,1.62
CHEMBL350956,0.04,COc1ccc(S(=O)(=O)c2ccc([C@@H](C)N3CCN(C4CCCCC4)[C@@H](C)C3)cc2)cc1,Scientific Literature,Binding affinity against human cloned Muscarinic acetylcholine receptor M2.,B,,,Bioorg Med Chem Lett,2002.0,Muscarinic acetylcholine receptor M2,Ki,nM,10.4,456.65,4.93
CHEMBL594802,95499.26,CC1(C)CO[C@H](C[N+](C)(C)C)CO1.[I-],Scientific Literature,Displacement of [3H]NMS from human muscarinic M2 receptor expressed in CHO cells by microplate scintillation counting,B,Homo sapiens,,Bioorg Med Chem,2009.0,Muscarinic acetylcholine receptor M2,Ki,nM,4.02,315.2,0.89
CHEMBL3289390,0.45,C[N+]1(C)CCC[C@@H](OC(=O)C(O)(c2ccccc2)c2ccccc2)C1.[Br-],Scientific Literature,Displacement of [3H]NMS from human M2R expressed in CHOK1 cells after 2 hrs by scintillation counting analysis,B,Homo sapiens,,Bioorg Med Chem,2014.0,Muscarinic acetylcholine receptor M2,Ki,nM,9.35,420.35,2.7
CHEMBL165337,1.3,CCCCC(=O)N1CCC(N2CCN([C@@H](C)c3ccc(S(=O)(=O)c4ccc5c(c4)OCO5)cc3)[C@H](C)C2)CC1,Scientific Literature,Binding affinity against human cloned Muscarinic acetylcholine receptor M2.,B,,,Bioorg Med Chem Lett,2002.0,Muscarinic acetylcholine receptor M2,Ki,nM,8.89,555.74,4.5
CHEMBL4277264,7700.0,Cc1cc(Oc2nccc3occc23)ccc1-c1c(C)ncc2nccn12,Scientific Literature,Displacement of [3H]-QNB/[3H]-NMS from human muscarinic M2 receptor expressed in stable CHO cells after 90 mins by microbeta scintillation counting method,B,Homo sapiens,,J Med Chem,2019.0,Muscarinic acetylcholine receptor M2,Ki,nM,5.11,356.39,4.95
CHEMBL109051,1.3,COc1ccc(S(=O)(=O)c2ccc(CC3CCN(C4CCN(C(=O)c5ccc(F)c6ccccc56)CC4)CC3)cc2)cc1,Scientific Literature,Inhibitory activity against Muscarinic acetylcholine receptor M2,B,,,J Med Chem,2002.0,Muscarinic acetylcholine receptor M2,Ki,nM,8.89,600.76,6.38
CHEMBL11756,1.0,CC(C)Sc1ccc(CC2CCN(C3CCN(C(=O)c4cccc5ncccc45)CC3)CC2)cc1,Scientific Literature,Binding affinity against muscarinic acetylcholine receptor M2 stably expressed in CHO-K1 cells using [3H]-QNB as radioligand.,B,,,Bioorg Med Chem Lett,2002.0,Muscarinic acetylcholine receptor M2,Ki,nM,9.0,487.71,6.29
CHEMBL418530,2.7,CCOC(=O)CSc1ccc(CC2CCN(C3CCN(C(=O)c4cccc5cc(OCC)ccc45)CC3)CC2)cc1,Scientific Literature,Binding affinity against muscarinic acetylcholine receptor M2 stably expressed in CHO-K1 cells using [3H]-QNB as radioligand.,B,,,Bioorg Med Chem Lett,2002.0,Muscarinic acetylcholine receptor M2,Ki,nM,8.57,574.79,6.45
CHEMBL1200993,711.0,CC[N+](CC)(CC)CCOc1cccc(OCC[N+](CC)(CC)CC)c1OCC[N+](CC)(CC)CC.[I-].[I-].[I-],DrugMatrix,DRUGMATRIX: Muscarinic M2 radioligand binding (ligand: [3H] N-Methylscopolamine),B,,,,,Muscarinic acetylcholine receptor M2,Ki,nM,6.15,891.54,5.45
CHEMBL4763422,3630.78,O=C(CCN1CCCc2ccccc21)N1CCCCC1CO,Scientific Literature,Displacement of [3H]-NMS from muscarinic M2 receptor (unknown origin) expressed in CHO-K1 cell membranes assessed as inhibition constant by radioligand competition analysis,B,Homo sapiens,,Bioorg Med Chem Lett,2020.0,Muscarinic acetylcholine receptor M2,Ki,nM,5.44,302.42,2.2
CHEMBL3350064,100000.0,C[C@@H]1O[C@H]([C@@H]2CCCN2C)C[S@@+]1[O-],Scientific Literature,Binding affinity to cloned human muscarinic M2 receptor expressed in CHO cells,B,Homo sapiens,,J Med Chem,2006.0,Muscarinic acetylcholine receptor M2,Ki,nM,,203.31,0.57
CHEMBL165375,0.2,CCCS(=O)(=O)N1CCC(N2CCN([C@@H](C)c3ccc(S(=O)(=O)c4ccc5c(c4)OCO5)cc3)[C@H](C)C2)CC1,Scientific Literature,Binding affinity against human cloned Muscarinic acetylcholine receptor M2.,B,,,Bioorg Med Chem Lett,2002.0,Muscarinic acetylcholine receptor M2,Ki,nM,9.7,577.77,3.52
CHEMBL315428,310.0,O=C(OC1CC2CCCC1N2)c1ccc([N+](=O)[O-])cc1,Scientific Literature,Inhibition of [3H]- oxotremorine-M binding to human Muscarinic acetylcholine receptor M2 expressed in CHO cell membranes,B,Homo sapiens,,J Med Chem,2000.0,Muscarinic acetylcholine receptor M2,Ki,nM,6.51,276.29,2.03
CHEMBL1535,1049.0,CCN(CCO)CCCC(C)Nc1ccnc2cc(Cl)ccc12,DrugMatrix,DRUGMATRIX: Muscarinic M2 radioligand binding (ligand: [3H] N-Methylscopolamine),B,,,,,Muscarinic acetylcholine receptor M2,Ki,nM,5.98,335.88,3.78
CHEMBL350404,53.0,COc1cc2c(cc1S(=O)(=O)c1ccc([C@H](C)N3CCN(C4CCN(C(=O)c5ccccc5C)CC4)C[C@H]3C)cc1)OCO2,Scientific Literature,Binding affinity against human muscarinic acetylcholine receptor M2 using [3H]N-methylscopolamine as radioligand,B,,,Bioorg Med Chem Lett,2002.0,Muscarinic acetylcholine receptor M2,Ki,nM,7.28,619.78,4.94
CHEMBL3354067,10.96,CN1CCC=C(c2nsnc2OCCCCCC2CCN(CCCN3C(=O)CCc4ccccc43)CC2)C1,Scientific Literature,Displacement of [3H]NMS from human M2 receptor expressed in CHO cells by microplate scintillation counting based radioligand binding assay,B,Homo sapiens,,J Med Chem,2014.0,Muscarinic acetylcholine receptor M2,Ki,nM,7.96,537.77,5.28
CHEMBL2115128,0.057,C=C(c1ccc([S@+]([O-])c2ccc(OC)cc2)cc1)C1CCN(C2CCCCC2)CC1,Scientific Literature,Binding affinity against Muscarinic acetylcholine receptor M2,B,,,Bioorg Med Chem Lett,2000.0,Muscarinic acetylcholine receptor M2,Ki,nM,10.24,423.62,5.92
CHEMBL296419,501.0,COc1ccc(CCN2CCC(Nc3nc4ccccc4n3Cc3ccc(F)cc3)CC2)cc1,DrugMatrix,DRUGMATRIX: Muscarinic M2 radioligand binding (ligand: [3H] N-Methylscopolamine),B,,,,,Muscarinic acetylcholine receptor M2,Ki,nM,6.3,458.58,5.35
CHEMBL2377262,1340.0,CCN(CC)CCOC(=O)c1ccccc1Sc1ccc(Cl)cc1,Scientific Literature,Displacement of [3H] N-methylscopolamine from human muscarinic M2 receptor expressed in CHOK1 cells after 30 mins by scintillation counting analysis,B,Homo sapiens,,Bioorg Med Chem,2013.0,Muscarinic acetylcholine receptor M2,Ki,nM,5.87,363.91,4.99
CHEMBL4473985,100.0,COc1ccc(COC(=O)N(c2ccccc2)C2CN3CCC2CC3)cc1F,Scientific Literature,Displacement of [3H]NMS from human M2 AChR expressed in CHO cell membranes after 1 to 2 hrs by liquid scintillation spectrometry method,B,Homo sapiens,,Bioorg Med Chem Lett,2019.0,Muscarinic acetylcholine receptor M2,Ki,nM,7.0,384.45,4.07
CHEMBL74117,0.26,C=C(c1ccc(S(=O)(=O)c2ccc(OC)cc2)cc1)C1CCN(C2CCN(C(=O)C3CC3)CC2)CC1,Scientific Literature,Binding affinity against Muscarinic acetylcholine receptor M2 stably expressed in CHO-K1 cells.,B,,,Bioorg Med Chem Lett,2000.0,Muscarinic acetylcholine receptor M2,Ki,nM,9.59,508.68,4.65
CHEMBL540359,3.162,CC(C)OC(=O)c1ccc(NC(=O)N[C@@H](Cc2ccc(O)cc2)C(=O)N[C@H]2CCC[N+](C)(Cc3cccc(O)c3)C2)cc1.[I-],Scientific Literature,Displacement of [3H]N-methyl Scopolamine from human muscarinic acetylcholine M2 receptor expressed in CHO cells coexpressed with Gqi5 by scintillation proximity assay,B,Homo sapiens,,J Med Chem,2008.0,Muscarinic acetylcholine receptor M2,Ki,nM,8.5,716.62,4.32
CHEMBL72363,0.38,C=C(c1ccc(S(=O)(=O)c2ccc(OC)cc2)cc1)C1CCN(C2CCN(S(=O)(=O)CCCC)CC2)CC1,Scientific Literature,Binding affinity against Muscarinic acetylcholine receptor M2 stably expressed in CHO-K1 cells.,B,,,Bioorg Med Chem Lett,2000.0,Muscarinic acetylcholine receptor M2,Ki,nM,9.42,560.78,4.85
CHEMBL404557,4897.79,C[C@@H]1COC[C@@H](C[N+](C)(C)C)O1.[I-],Scientific Literature,Displacement of [3H]NMS from human muscarinic M2 receptor expressed in CHO cells by microplate scintillation counting,B,Homo sapiens,,Bioorg Med Chem,2009.0,Muscarinic acetylcholine receptor M2,Ki,nM,5.31,301.17,0.5
CHEMBL170739,59.5,O=C(COc1ccccc1)N1CCC(N2CCC(Oc3ccc(S(=O)(=O)c4ccc5c(c4)OCO5)cc3)CC2)CC1,Scientific Literature,Binding affinity towards Muscarinic acetylcholine receptor M2 stably expressed in CHO-K1 cells using [3H]-QNB as radioligand,B,,,Bioorg Med Chem Lett,2001.0,Muscarinic acetylcholine receptor M2,Ki,nM,7.22,578.69,4.16
CHEMBL294663,309.03,C[C@@H]1OC(=O)[C@H]2C[C@H]3CCCC[C@@H]3[C@@H](C#C[C@H]3CCC[C@H](C)N3C)[C@@H]12,Scientific Literature,Binding affinity against human muscarine receptor (hM2) cloned in CHO cells,B,Homo sapiens,,Bioorg Med Chem Lett,2002.0,Muscarinic acetylcholine receptor M2,Ki,nM,6.51,343.51,3.87
CHEMBL72219,97.0,CCN(CC)CCOCCOC(=O)C1(c2ccc(Cl)cc2)CCCC1,Scientific Literature,Binding affinity towards muscarinic m2 receptor,B,,,J Med Chem,1994.0,Muscarinic acetylcholine receptor M2,Ki,nM,7.01,367.92,4.05
CHEMBL148310,37000.0,Cc1ccccc1CN1CCC(NC(=O)C(O)(c2ccccc2)C2CCCC2)CC1,Scientific Literature,Inhibition of [3H]NMS binding to human muscarinic acetylcholine receptor M2 expressed in CHO cells,B,,,J Med Chem,2000.0,Muscarinic acetylcholine receptor M2,Ki,nM,4.43,406.57,4.15
CHEMBL149769,3300.0,O=C(NC1CCN(CC2CCCCC2)CC1)C(O)(c1ccccc1)C1CCCC1,Scientific Literature,Inhibition of [3H]NMS binding to human muscarinic acetylcholine receptor M2 expressed in CHO cells,B,,,J Med Chem,2000.0,Muscarinic acetylcholine receptor M2,Ki,nM,5.48,398.59,4.23
CHEMBL147611,480.0,O=C(NC1CCN(Cc2cccc(F)c2)CC1)[C@](O)(c1ccccc1)[C@@H]1CCC(F)(F)C1,Scientific Literature,Inhibition of [3H]NMS binding to human muscarinic acetylcholine receptor M2 expressed in CHO cells,B,,,J Med Chem,2000.0,Muscarinic acetylcholine receptor M2,Ki,nM,6.32,446.51,4.23
CHEMBL149486,22.0,Cc1ccc(CN2CCC(NC(=O)C(O)(c3ccccc3)C3CCCC3)CC2)cc1,Scientific Literature,Inhibition of [3H]NMS binding to human muscarinic acetylcholine receptor M2 expressed in CHO cells,B,,,J Med Chem,2000.0,Muscarinic acetylcholine receptor M2,Ki,nM,7.66,406.57,4.15
CHEMBL1201353,2487.0,CN(C)CC[C@@H](c1ccc(Cl)cc1)c1ccccn1,DrugMatrix,DRUGMATRIX: Muscarinic M2 radioligand binding (ligand: [3H] N-Methylscopolamine),B,,,,,Muscarinic acetylcholine receptor M2,Ki,nM,5.6,274.8,3.82
CHEMBL312085,0.2,CC(c1ccc(S(=O)(=O)c2ccccc2)cc1)N1CCN(C2CCCCC2)CC1,Scientific Literature,Binding affinity towards the cloned human Muscarinic acetylcholine receptor M2,B,,,Bioorg Med Chem Lett,2000.0,Muscarinic acetylcholine receptor M2,Ki,nM,9.7,412.6,4.53
CHEMBL86309,316.23,O=C(Cc1ccccc1)N(c1ccccc1)C1CCN(Cc2ccccc2)CC1,Scientific Literature,In vitro affinity for muscarinic M2 receptor.,B,,,Bioorg Med Chem Lett,2002.0,Muscarinic acetylcholine receptor M2,Ki,nM,6.5,384.52,4.93
CHEMBL355874,4.49,CCNCCCCC1CCN(CC(=O)N2c3ccccc3NC(=O)c3ccccc32)CC1,Scientific Literature,Tested in vitro for the binding affinity against muscarinic receptor subtype 2 (M2),B,,,Bioorg Med Chem Lett,1997.0,Muscarinic acetylcholine receptor M2,Ki,nM,8.35,434.58,4.41
CHEMBL59836,490.0,CC(C)=CCCN1CCC(NC(=O)[C@](O)(c2ccccc2)C2CCCC2)CC1,Scientific Literature,Inhibition of [3H]NMS binding to human muscarinic acetylcholine receptor M2 expressed in CHO cells,B,,,J Med Chem,2000.0,Muscarinic acetylcholine receptor M2,Ki,nM,6.31,384.56,4.0
CHEMBL85950,794.33,O=C(CCc1ccccc1)N(c1ccccc1)C1CCN(Cc2ccccc2)CC1,Scientific Literature,In vitro affinity for muscarinic M2 receptor.,B,,,Bioorg Med Chem Lett,2002.0,Muscarinic acetylcholine receptor M2,Ki,nM,6.1,398.55,5.32
CHEMBL150219,2000.0,CC(C)=CCCN1CCC(NC(=O)[C@](O)(c2ccccc2)[C@@H]2CCC(F)(F)C2)CC1,Scientific Literature,Inhibition of [3H]NMS binding to human muscarinic acetylcholine receptor M2 expressed in CHO cells,B,,,J Med Chem,2000.0,Muscarinic acetylcholine receptor M2,Ki,nM,5.7,420.54,4.25
CHEMBL4762056,416.87,O=C(CN1CCCc2ccccc21)N1CCCCC1,Scientific Literature,Displacement of [3H]-NMS from muscarinic M2 receptor (unknown origin) expressed in CHO-K1 cell membranes assessed as inhibition constant by radioligand competition analysis,B,Homo sapiens,,Bioorg Med Chem Lett,2020.0,Muscarinic acetylcholine receptor M2,Ki,nM,6.38,258.36,2.45
CHEMBL66623,40.0,Cc1cccc(C)c1C(=O)N1CCC(N2CCN(Cc3ccc(Cc4ccc5c(c4)OCO5)cc3)[C@@H](C)C2)CC1,Scientific Literature,Affinity for Muscarinic acetylcholine receptor M2,B,,,Bioorg Med Chem Lett,2001.0,Muscarinic acetylcholine receptor M2,Ki,nM,,539.72,5.43
CHEMBL352618,51.0,C[C@@H]1OC(=O)[C@H]2C[C@H]3CCCC[C@@H]3[C@@H](CCCN3CCOCC3)[C@@H]12,Scientific Literature,Binding affinity towards human muscarinic M2 receptor in CHO-KI cells using [3H]- QNB as radioligand,B,,,Bioorg Med Chem Lett,1999.0,Muscarinic acetylcholine receptor M2,Ki,nM,7.29,335.49,3.1
CHEMBL1794855,10000.0,CCN(C)C1CCCc2ccncc21.O=C(O)/C=C\C(=O)O.O=C(O)/C=C\C(=O)O,Scientific Literature,Affinity towards human muscarinic acetylcholine receptor M2,B,Homo sapiens,,Bioorg Med Chem Lett,2004.0,Muscarinic acetylcholine receptor M2,Ki,nM,,422.43,2.41
CHEMBL376870,1.072,CN1CCC[C@@H]1[C@@H]1CS[C@](c2ccccc2)(C2CCCCC2)O1,Scientific Literature,Binding affinity to human cloned muscarinic receptor M2 expressed in CHO cells,B,Homo sapiens,,J Med Chem,2007.0,Muscarinic acetylcholine receptor M2,Ki,nM,8.97,331.53,4.65
CHEMBL225387,908.0,O=C1OC(c2ccccc2)(c2ccccc2)CN1C1CCN(Cc2ccccc2)CC1,Scientific Literature,Displacement of [3H]N-methyl-scopolamine from human muscarinic M2 receptor expressed in CHO K1 cells,B,Homo sapiens,,J Med Chem,2007.0,Muscarinic acetylcholine receptor M2,Ki,nM,6.04,412.53,5.05
CHEMBL1123,16.0,CCN(CC)CCOC(=O)C1(C2CCCCC2)CCCCC1,DrugMatrix,DRUGMATRIX: Muscarinic M2 radioligand binding (ligand: [3H] N-Methylscopolamine),B,,,,,Muscarinic acetylcholine receptor M2,Ki,nM,7.8,309.49,4.4
CHEMBL49975,7.0,Cc1ccccc1C(=O)N1CCC(N2CCC(Cc3ccc(C(=O)NC(C)C)cc3)CC2)CC1,Scientific Literature,Binding affinity against cloned human muscarinic acetylcholine receptor M2.,B,,,Bioorg Med Chem Lett,2004.0,Muscarinic acetylcholine receptor M2,Ki,nM,8.15,461.65,4.69
CHEMBL2426678,1621.81,COc1ccc(CC(=O)N2CCC3(CC2)CN(C2CCc4cc(-c5ncccn5)ccc42)C3)nc1,Scientific Literature,Displacement of N-methyl [3H]-scopolamine from recombinant human muscarinic acetylcholine receptor M2 expressed in CHO cells after 2 hrs by liquid scintillation counting,B,Homo sapiens,,Bioorg Med Chem Lett,2013.0,Muscarinic acetylcholine receptor M2,Ki,nM,5.79,469.59,3.7
CHEMBL2426676,1202.26,COc1ccc(CC(=O)N2CCC3(CC2)CN([C@H]2CCc4cc(-c5ncccn5)ccc42)C3)cc1,Scientific Literature,Displacement of N-methyl [3H]-scopolamine from recombinant human muscarinic acetylcholine receptor M2 expressed in CHO cells after 2 hrs by liquid scintillation counting,B,Homo sapiens,,Bioorg Med Chem Lett,2013.0,Muscarinic acetylcholine receptor M2,Ki,nM,5.92,468.6,4.31
CHEMBL2424680,47.86,COc1ccc(CC(=O)N2CCC3(CC2)CN([C@@H](c2ccc(-c4ncccn4)cc2)C(C)C)C3)nc1,Scientific Literature,Displacement of N-methyl [3H]-scopolamine from recombinant human muscarinic acetylcholine receptor M2 expressed in CHO cells after 2 hrs by liquid scintillation counting,B,Homo sapiens,,Bioorg Med Chem Lett,2013.0,Muscarinic acetylcholine receptor M2,Ki,nM,7.32,485.63,4.41
CHEMBL2426672,151.36,COc1ccc(CC(=O)N2CCC3(CC2)CN(C(c2ccc(-c4ncccn4)cc2)C(C)C)C3)nc1,Scientific Literature,Displacement of N-methyl [3H]-scopolamine from recombinant human muscarinic acetylcholine receptor M2 expressed in CHO cells after 2 hrs by liquid scintillation counting,B,Homo sapiens,,Bioorg Med Chem Lett,2013.0,Muscarinic acetylcholine receptor M2,Ki,nM,6.82,485.63,4.41
CHEMBL366640,485.0,C[C@@H]1OC(=O)[C@H]2C[C@H]3CCCC[C@@H]3[C@@H](CCCN3CCN(C(=O)OC(C)(C)C)CC3)[C@@H]12,Scientific Literature,Binding affinity towards human muscarinic M2 receptor in CHO-KI cells using [3H]- QNB as radioligand,B,,,Bioorg Med Chem Lett,1999.0,Muscarinic acetylcholine receptor M2,Ki,nM,6.31,434.62,4.32
CHEMBL164397,9.0,C[C@@H]1CN(C2CCNCC2)CCN1[C@@H](C)c1ccc(S(=O)(=O)c2ccc3c(c2)OCO3)cc1,Scientific Literature,Binding affinity against human cloned Muscarinic acetylcholine receptor M2.,B,,,Bioorg Med Chem Lett,2002.0,Muscarinic acetylcholine receptor M2,Ki,nM,8.05,471.62,3.07
CHEMBL322251,250.0,Cc1cc[n+]([O-])c(C)c1C(=O)N1CCC(C)(N2CCN([C@@H](C)c3ccc(C(F)(F)F)cc3)[C@@H](C)C2)CC1,Scientific Literature,Binding affinity towards muscarinic receptor M2,B,,,Bioorg Med Chem Lett,2003.0,Muscarinic acetylcholine receptor M2,Ki,nM,6.6,518.62,4.72
CHEMBL115078,562.34,CCCCCCCCCCCCCC(=O)NCC(=O)N[C@@H](CO)C(=O)OCc1ccccc1,Scientific Literature,Ability to displace [3H]QNB from HM2 receptor binding to acetylcholine was evaluated by ligand inhibition assay,B,,,Bioorg Med Chem Lett,1999.0,Muscarinic acetylcholine receptor M2,Ki,nM,6.25,462.63,4.02
CHEMBL432170,4760.0,CCC[C@@H](c1ccc(C(F)(F)F)cc1)N1CCN(C2(C)CCN(C(=O)c3c(C)ncnc3C)CC2)C[C@@H]1C,Scientific Literature,Antagonistic activity against Muscarinic acetylcholine receptor M2,F,,,J Med Chem,2004.0,Muscarinic acetylcholine receptor M2,Ki,nM,5.32,531.67,5.65
CHEMBL440491,0.3,C=C(c1ccc(S(=O)(=O)c2ccc(OC)cc2)cc1)C1CCN(C2CCN(C(=O)OCC(C)C)CC2)CC1,Scientific Literature,Binding affinity against Muscarinic acetylcholine receptor M2 stably expressed in CHO-K1 cells.,B,,,Bioorg Med Chem Lett,2000.0,Muscarinic acetylcholine receptor M2,Ki,nM,9.52,540.73,5.51
CHEMBL2103803,0.17,C[N+]1(C)[C@@H]2CC[C@H]1C[C@@H](CC(C#N)(c1ccccc1)c1ccccc1)C2.[Br-],Scientific Literature,Displacement of [3H]N-methyl Scopolamine from human muscarinic M2 receptor expressed in CHO cells by scintillation proximity assay,B,Homo sapiens,,J Med Chem,2009.0,Muscarinic acetylcholine receptor M2,Ki,nM,9.77,425.41,4.9
CHEMBL146291,9400.0,O=C(NC1CCN(CC2CCCCCCC2)CC1)C(O)(c1ccccc1)C1CCCC1,Scientific Literature,Inhibition of [3H]NMS binding to human muscarinic acetylcholine receptor M2 expressed in CHO cells,B,,,J Med Chem,2000.0,Muscarinic acetylcholine receptor M2,Ki,nM,5.03,426.65,5.01
CHEMBL576707,141.25,CN1CCCC1c1ccc(C(c2ccccc2)C2CCCCC2)o1,Scientific Literature,Displacement of [3H]NMS from human cloned muscarinic M2 receptor expressed in CHO cells by scintillation counting,B,Homo sapiens,,J Med Chem,2010.0,Muscarinic acetylcholine receptor M2,Ki,nM,6.85,323.48,5.76
CHEMBL269645,134.0,CC(C)Sc1ccc(CC2CCN(C3CCN(C(=O)c4ccno4)CC3)CC2)cc1,Scientific Literature,Binding affinity against muscarinic acetylcholine receptor M2 stably expressed in CHO-K1 cells using [3H]-QNB as radioligand.,B,,,Bioorg Med Chem Lett,2002.0,Muscarinic acetylcholine receptor M2,Ki,nM,6.87,427.61,4.73
CHEMBL311795,456.0,Cc1ncnc(C)c1C(=O)N1CCC(C)(N2CCN([C@@H](C)c3ccc(C(F)(F)F)cc3)[C@@H](C)C2)CC1,Scientific Literature,Inhibition of binding affinity to muscarinic receptor M2,B,,,Bioorg Med Chem Lett,2003.0,Muscarinic acetylcholine receptor M2,Ki,nM,6.34,503.61,4.87
CHEMBL170033,0.5,O=C(c1cccc2ccccc12)N1CCC(N2CCC(Oc3ccc(S(=O)(=O)c4ccc5c(c4)OCO5)cc3)CC2)CC1,Scientific Literature,Binding affinity towards Muscarinic acetylcholine receptor M2 stably expressed in CHO-K1 cells using [3H]-QNB as radioligand,B,,,Bioorg Med Chem Lett,2001.0,Muscarinic acetylcholine receptor M2,Ki,nM,9.3,598.72,5.55
CHEMBL3323283,6.918,C[N+](C)(CCCCCC[N+]1(C)[C@@H]2C[C@H](OC(=O)[C@H](CO)c3ccccc3)C[C@H]1[C@@H]1O[C@@H]12)CCCN1C(=O)c2ccccc2C1=O.[Br-].[Br-],Scientific Literature,Displacement of [3H]-NMS from human muscarinic M2 W422A mutant expressed in Flp-In-CHO cells by liquid scintillation counting,B,Homo sapiens,,J Med Chem,2014.0,Muscarinic acetylcholine receptor M2,Ki,nM,8.16,779.61,3.76
CHEMBL3354075,213.8,O=C1CCc2ccccc2N1CCCN1CCC(CCCCCCCCCO)CC1,Scientific Literature,Displacement of [3H]NMS from human M2 receptor expressed in CHO cells by microplate scintillation counting based radioligand binding assay,B,Homo sapiens,,J Med Chem,2014.0,Muscarinic acetylcholine receptor M2,Ki,nM,6.67,414.63,5.18
CHEMBL3323288,1288.25,C[N+](C)(C)CCCCCC[N+](C)(C)CC#CCOC1=NOCC1.[Br-].[Br-],Scientific Literature,Displacement of [3H]-NMS from human muscarinic M2 Y104A mutant expressed in Flp-In-CHO cells by liquid scintillation counting,B,Homo sapiens,,J Med Chem,2014.0,Muscarinic acetylcholine receptor M2,Ki,nM,5.89,485.31,2.08
CHEMBL1197177,1.82,C[N+]1(C)[C@@H]2CC[C@@H]1CC(OC(=O)C(CO)c1ccccc1)C2,Scientific Literature,Displacement of [3H]-NMS from wild-type human muscarinic M2 receptor expressed in Flp-In-CHO cells by liquid scintillation counting,B,Homo sapiens,,J Med Chem,2014.0,Muscarinic acetylcholine receptor M2,Ki,nM,8.74,304.41,2.08
CHEMBL313738,1600.0,CN1C2CCCC1C(OC(=O)C1CCCCC1)C2,Scientific Literature,Inhibition of [3H]- oxotremorine-M binding to human Muscarinic acetylcholine receptor M2 expressed in CHO cell membranes,B,Homo sapiens,,J Med Chem,2000.0,Muscarinic acetylcholine receptor M2,Ki,nM,5.8,251.37,2.74
CHEMBL266295,1412.54,C[N+](C)(CCCCCC[N+](C)(C)CCCN1C(=O)c2ccccc2C1=O)CCCN1C(=O)c2ccccc2C1=O.[Br-].[Br-],Scientific Literature,"Displacement of 4-(2-((1E,3E)-5-((E)-3,3-Dimethyl-1-(6-oxo-6-((2-(4-(4-(1-(2-oxo-2-(11-oxo-10,11-dihydro-5H-dibenzo[b,e][1,4]diazepin-5-yl)ethyl)piperidin-4-yl)butyl)piperazin-1-yl)ethyl)amino)hexyl)-5-sulfoindolin-2-ylidene)penta-1,3-dien-1-yl)-3,3-dimethyl-3H-indol-1-ium-1-yl)butane-1-sulfonate Bis(hydrotrifluoroacetate) fluorescent tracer from human muscarinic M2 receptor expressed in CHO-K9 cells measured after 60 mins by Hoechst H33342 dye based confocal plate reader assay",B,Homo sapiens,,J Med Chem,2020.0,Muscarinic acetylcholine receptor M2,Ki,nM,5.85,708.54,4.07
CHEMBL266295,851.14,C[N+](C)(CCCCCC[N+](C)(C)CCCN1C(=O)c2ccccc2C1=O)CCCN1C(=O)c2ccccc2C1=O.[Br-].[Br-],Scientific Literature,"Displacement of 4-(2-((1E,3E)-5-((E)-1-(6-((3,5-Bis((2-(3-(1-(4-(1-(2-oxo-2-(11-oxo-10,11-dihydro-5H-dibenzo[b,e][1,4]diazepin-5-yl)ethyl)piperidin-4-yl)butyl)-1H-imidazol-4-yl)propanamido)ethyl)carbamoyl)benzyl)amino)-6-oxohexyl)-3,3-dimethyl-5-sulfoindolin-2-ylidene)penta-1,3-dien-1-yl)-3,3-dimethyl-3H-indol-1-ium-1-yl)butane-1-sulfonate Tris(hydrotrifluoroacetate) fluorescent tracer from human muscarinic M2 receptor expressed in CHO-K9 cells measured after 60 mins by Hoechst H33342 dye based confocal plate reader assay",B,Homo sapiens,,J Med Chem,2020.0,Muscarinic acetylcholine receptor M2,Ki,nM,6.07,708.54,4.07
CHEMBL3323288,61.66,C[N+](C)(C)CCCCCC[N+](C)(C)CC#CCOC1=NOCC1.[Br-].[Br-],Scientific Literature,Displacement of [3H]-NMS from wild-type human muscarinic M2 receptor expressed in Flp-In-CHO cells by liquid scintillation counting,B,Homo sapiens,,J Med Chem,2014.0,Muscarinic acetylcholine receptor M2,Ki,nM,7.21,485.31,2.08
CHEMBL1197177,10.96,C[N+]1(C)[C@@H]2CC[C@@H]1CC(OC(=O)C(CO)c1ccccc1)C2,Scientific Literature,Displacement of [3H]-NMS from human muscarinic M2 Y104A mutant expressed in Flp-In-CHO cells by liquid scintillation counting,B,Homo sapiens,,J Med Chem,2014.0,Muscarinic acetylcholine receptor M2,Ki,nM,7.96,304.41,2.08
CHEMBL3323281,61.66,CC(C)(CN1C(=O)c2cccc3cccc(c23)C1=O)C[N+](C)(C)CCCCCC[N+]1(C)[C@@H]2CC[C@@H]1CC(OC(=O)C(CO)c1ccccc1)C2.[Br-].[Br-],Scientific Literature,Displacement of [3H]-NMS from human muscarinic M2 Y104A mutant expressed in Flp-In-CHO cells by liquid scintillation counting,B,Homo sapiens,,J Med Chem,2014.0,Muscarinic acetylcholine receptor M2,Ki,nM,7.21,843.74,6.56
CHEMBL2042405,2.818,C[N+](C)(C)C[C@H]1COCC(c2ccccc2)(c2ccccc2)O1.[I-],Scientific Literature,Displacement of [3H]N-methylscopolamine from human muscarinic M2 receptor expressed in CHO cells after 120 mins by scintillation counting,B,Homo sapiens,,J Med Chem,2012.0,Muscarinic acetylcholine receptor M2,Ki,nM,8.55,439.34,3.05
CHEMBL45454,7.586,C[N+](C)(C)C[C@@H]1CS[C@@](c2ccccc2)(C2CCCCC2)O1.[I-],Scientific Literature,Binding affinity to human cloned muscarinic receptor M2 expressed in CHO cells,B,Homo sapiens,,J Med Chem,2007.0,Muscarinic acetylcholine receptor M2,Ki,nM,8.12,447.43,4.26
CHEMBL390842,1258.93,C[C@H]1COC[C@@H](C[N+](C)(C)C)O1.[I-],Scientific Literature,Displacement of [3H]NMS from human cloned muscarinic M2 receptor expressed in CHO cells,B,Homo sapiens,,Bioorg Med Chem Lett,2008.0,Muscarinic acetylcholine receptor M2,Ki,nM,5.9,301.17,0.5
CHEMBL435353,6.0,CN(C)C1(CNCCC2CCOCC2)COc2ccccc2OC1,Scientific Literature,Displacement of 1-[N-methyl- 3H]scopolamine from human muscarinic M2 receptor expressed in Sf9 cells,B,Homo sapiens,,Bioorg Med Chem Lett,2007.0,Muscarinic acetylcholine receptor M2,Ki,nM,8.22,334.46,2.16
CHEMBL228144,2089.3,CC1COCC(C[N+](C)(C)C)O1.[I-],Scientific Literature,Displacement of [3H]NMS from human cloned muscarinic M2 receptor expressed in CHO cells,B,Homo sapiens,,Bioorg Med Chem Lett,2008.0,Muscarinic acetylcholine receptor M2,Ki,nM,5.68,301.17,0.5
CHEMBL307234,0.9908,C=C(c1ccc(S(=O)(=O)c2ccc(OC)cc2)cc1)C1CCN(C2CCN(C(=O)OC)CC2)CC1,Scientific Literature,Binding affinity to muscarinic M2 receptor,B,Homo sapiens,,Bioorg Med Chem Lett,2007.0,Muscarinic acetylcholine receptor M2,Ki,nM,9.0,498.65,4.48
CHEMBL2377261,5.85,CC(C)N(CCOC(=O)C(O)(c1ccccc1)c1ccccc1)C(C)C,Scientific Literature,Displacement of [3H] N-methylscopolamine from human muscarinic M2 receptor expressed in CHOK1 cells after 30 mins by scintillation counting analysis,B,Homo sapiens,,Bioorg Med Chem,2013.0,Muscarinic acetylcholine receptor M2,Ki,nM,8.23,355.48,3.58
CHEMBL69402,300.0,NCC(=O)N1CCN(C(=O)[C@](O)(c2ccccc2)[C@@H]2CCC(F)(F)C2)CC1,Scientific Literature,Binding affinity against human muscarinic acetylcholine receptor M2 in transfected CHO cells,B,,,Bioorg Med Chem Lett,2003.0,Muscarinic acetylcholine receptor M2,Ki,nM,6.52,381.42,0.94
CHEMBL70124,35.0,Cc1ccccc1C(=O)N1CCC(N2CCN([C@@H](C)c3ccc(Cc4ccc5c(c4)OCO5)cc3)[C@@H](C)C2)CC1,Scientific Literature,Affinity for Muscarinic acetylcholine receptor M2,B,,,Bioorg Med Chem Lett,2001.0,Muscarinic acetylcholine receptor M2,Ki,nM,7.46,539.72,5.69
CHEMBL51588,122.0,Cc1ccccc1C(=O)N1CCC(N2CCC(Cc3ccc(C(=O)Nc4ccccc4)cc3)CC2)CC1,Scientific Literature,Binding affinity against cloned human muscarinic acetylcholine receptor M2.,B,,,Bioorg Med Chem Lett,2004.0,Muscarinic acetylcholine receptor M2,Ki,nM,6.91,495.67,5.81
CHEMBL3084413,0.73,C[N+]1(C)[C@@H]2CC[C@H]1C[C@@H](C=C(c1cccs1)c1cccs1)C2.[Br-],Scientific Literature,Displacement of [3H]N-methyl Scopolamine from human muscarinic M2 receptor expressed in CHO cells by scintillation proximity assay,B,Homo sapiens,,J Med Chem,2009.0,Muscarinic acetylcholine receptor M2,Ki,nM,9.14,410.45,5.26
CHEMBL283320,15848.93,CN(C)CCNC(=O)C1=C/C(=C\c2ccncc2)c2ccccc21,Scientific Literature,Affinity for Muscarinic acetylcholine receptor M2 expressed in CHO cells by [3H]NMS displacement.,B,,,Bioorg Med Chem Lett,2001.0,Muscarinic acetylcholine receptor M2,Ki,nM,4.8,319.41,2.7
CHEMBL279225,9120.11,CN(C)CCN(C)C(=O)C1=C/C(=C\c2ccccn2)c2ccccc21,Scientific Literature,Affinity for Muscarinic acetylcholine receptor M2 expressed in CHO cells by [3H]NMS displacement.,B,,,Bioorg Med Chem Lett,2001.0,Muscarinic acetylcholine receptor M2,Ki,nM,5.04,333.44,3.04
CHEMBL376897,0.4365,C[N+]1(C)[C@@H]2C[C@@H](OC(=O)[C@H](CO)c3ccccc3)C[C@H]1[C@@H]1O[C@@H]12,Scientific Literature,Displacement of [3H]-NMS from human muscarinic M2 W422A mutant expressed in Flp-In-CHO cells by liquid scintillation counting,B,Homo sapiens,,J Med Chem,2014.0,Muscarinic acetylcholine receptor M2,Ki,nM,9.36,318.39,1.06
CHEMBL266295,407.38,C[N+](C)(CCCCCC[N+](C)(C)CCCN1C(=O)c2ccccc2C1=O)CCCN1C(=O)c2ccccc2C1=O.[Br-].[Br-],Scientific Literature,"Displacement of 4-(2-((1E,3E)-5-((E)-3,3-Dimethyl-1-(6-oxo-6-((2-(4-(4-(1-(2-oxo-2-(11-oxo-10,11-dihydro-5H-dibenzo[b,e][1,4]diazepin-5-yl)ethyl)piperidin-4-yl)butyl)piperazin-1-yl)ethyl)amino)hexyl)-5-sulfoindolin-2-ylidene)penta-1,3-dien-1-yl)-3,3-dimethyl-3H-indol-1-ium-1-yl)butane-1-sulfonate Bis(hydrotrifluoroacetate) fluorescent tracer from human muscarinic M2 receptor expressed in CHO-K9 cells by FACSCalibur flow cytometry",B,Homo sapiens,,J Med Chem,2020.0,Muscarinic acetylcholine receptor M2,Ki,nM,6.39,708.54,4.07
CHEMBL4070155,1.95,CCCN(CCC)CC1CCCCN1CCNC(=O)N1c2ccccc2NC(=O)c2cccnc21,Scientific Literature,Displacement of [3H]-NMS from human muscarinic M2 receptor expressed in CHO-K9 cells measured after 60 mins by Hoechst H33342 dye based confocal plate reader assay,B,Homo sapiens,,J Med Chem,2020.0,Muscarinic acetylcholine receptor M2,Ki,nM,8.71,478.64,4.47
CHEMBL2429890,4414.0,c1cc2c(cc1CN[C@H]1C3C4CC5C6C4CC3C6C51)OCO2,Scientific Literature,Inhibition of muscarinic M2 receptor (unknown origin) by PDSP assay,B,Homo sapiens,,Bioorg Med Chem,2013.0,Muscarinic acetylcholine receptor M2,Ki,nM,5.36,295.38,2.65
CHEMBL2432048,1028.0,c1ccc(CCN[C@H]2C3C4CC5C6C4CC3C6C52)cc1,Scientific Literature,Inhibition of muscarinic M2 receptor (unknown origin) by PDSP assay,B,Homo sapiens,,Bioorg Med Chem,2013.0,Muscarinic acetylcholine receptor M2,Ki,nM,5.99,265.4,2.97
CHEMBL2432059,3553.0,CN(CCc1ccccn1)[C@H]1C2C3CC4C5C3CC2C5C41,Scientific Literature,Inhibition of muscarinic M2 receptor (unknown origin) by PDSP assay,B,Homo sapiens,,Bioorg Med Chem,2013.0,Muscarinic acetylcholine receptor M2,Ki,nM,5.45,280.42,2.7
CHEMBL2432052,2292.0,CN(CCc1cccc(F)c1)[C@H]1C2C3CC4C2C(=O)C2C4C3C21,Scientific Literature,Inhibition of muscarinic M2 receptor (unknown origin) by PDSP assay,B,Homo sapiens,,Bioorg Med Chem,2013.0,Muscarinic acetylcholine receptor M2,Ki,nM,5.64,311.4,2.63
CHEMBL2432041,1732.0,CN(Cc1cccc(F)c1)[C@H]1C2C3CC4C2C(=O)C2C4C3C21,Scientific Literature,Inhibition of muscarinic M2 receptor (unknown origin) by PDSP assay,B,Homo sapiens,,Bioorg Med Chem,2013.0,Muscarinic acetylcholine receptor M2,Ki,nM,5.76,297.37,2.58
CHEMBL594803,60255.96,C[C@@H]1O[C@H](C[N+](C)(C)C)COC1(C)C.[I-],Scientific Literature,Displacement of [3H]NMS from human muscarinic M2 receptor expressed in CHO cells by microplate scintillation counting,B,Homo sapiens,,Bioorg Med Chem,2009.0,Muscarinic acetylcholine receptor M2,Ki,nM,4.22,329.22,1.28
CHEMBL4066481,0.76,[3H]CC([3H])C(=O)NCCNC(=O)CCc1cn(CCCCC2CCN(CC(=O)N3c4ccccc4NC(=O)c4ccccc43)CC2)cn1,Scientific Literature,Displacement of [3H]NMS from human muscarinic acetylcholine receptor M2 expressed in CHOK9 cells after 3 hrs by liquid scintillation counting assay,B,Homo sapiens,,J Med Chem,2017.0,Muscarinic acetylcholine receptor M2,Ki,nM,9.12,631.81,4.27
CHEMBL69642,100.0,C[C@H]1CN(C2CCN(C(=O)c3c(N)cccc3Cl)CC2)CCN1[C@@H](C)c1ccc(S(=O)(=O)c2ccc3c(c2)OCO3)cc1,Scientific Literature,Affinity for Muscarinic acetylcholine receptor M2,B,,,Bioorg Med Chem Lett,2001.0,Muscarinic acetylcholine receptor M2,Ki,nM,7.0,625.19,4.86
CHEMBL3323287,26.92,CC(C)(CN1C(=O)c2cccc3cccc(c23)C1=O)C[N+](C)(C)CCCCCC[N+](C)(C)CC#CCOC1=NOCC1.[Br-].[Br-],Scientific Literature,Displacement of [3H]-NMS from human muscarinic M2 Y177Q/T423H mutant expressed in Flp-In-CHO cells by liquid scintillation counting,B,Homo sapiens,,J Med Chem,2014.0,Muscarinic acetylcholine receptor M2,Ki,nM,7.57,736.59,4.93
CHEMBL3354071,85.11,CN1CCC=C(c2nsnc2OCCCCCCCCCCCCCC2CCN(CCCN3C(=O)CCc4ccccc43)CC2)C1,Scientific Literature,Displacement of [3H]NMS from human M2 receptor expressed in CHO cells by microplate scintillation counting based radioligand binding assay,B,Homo sapiens,,J Med Chem,2014.0,Muscarinic acetylcholine receptor M2,Ki,nM,7.07,649.99,8.4
CHEMBL4130037,707.95,O=C(O[C@@H]1CN2CCC1CC2)[C@H]1COCC(c2ccccc2)(c2ccccc2)O1,Scientific Literature,Displacement of [3H]NMS from recombinant human muscarinic M2 receptor expressed in CHOK1 cell membranes after 120 mins by scintillation counting method,B,Homo sapiens,,Eur J Med Chem,2017.0,Muscarinic acetylcholine receptor M2,Ki,nM,6.15,393.48,2.98
CHEMBL2114066,17.3,COc1ccc([S@+]([O-])c2ccc(C(C#N)N3CCN(C4CCCCC4)CC3)cc2)cc1,Scientific Literature,Binding affinity against Muscarinic acetylcholine receptor M2,B,,,Bioorg Med Chem Lett,2000.0,Muscarinic acetylcholine receptor M2,Ki,nM,7.76,437.61,4.38
CHEMBL2426670,19952.62,COc1ccc(CC(=O)N2CCC3(CC2)CN([C@H](C)c2ccc(-c4ncccn4)cc2)C3)nc1,Scientific Literature,Displacement of N-methyl [3H]-scopolamine from recombinant human muscarinic acetylcholine receptor M2 expressed in CHO cells after 2 hrs by liquid scintillation counting,B,Homo sapiens,,Bioorg Med Chem Lett,2013.0,Muscarinic acetylcholine receptor M2,Ki,nM,4.7,457.58,3.78
CHEMBL115078,0.07586,CCCCCCCCCCCCCC(=O)NCC(=O)N[C@@H](CO)C(=O)OCc1ccccc1,Scientific Literature,Ability to displace [3H]QNB from HM2 receptor binding to acetylcholine was evaluated by ligand inhibition assay,B,,,Bioorg Med Chem Lett,1999.0,Muscarinic acetylcholine receptor M2,Ki,nM,10.12,462.63,4.02
CHEMBL4765133,64565.42,O=C(CCN1CCCc2ccccc21)Nc1ccc(O)cc1F,Scientific Literature,Displacement of [3H]-NMS from muscarinic M2 receptor (unknown origin) expressed in CHO-K1 cell membranes assessed as inhibition constant by radioligand competition analysis,B,Homo sapiens,,Bioorg Med Chem Lett,2020.0,Muscarinic acetylcholine receptor M2,Ki,nM,4.19,314.36,3.31
CHEMBL64894,508.0,CN(C)c1ccc(C(=C2C=CC(=[N+](C)C)C=C2)c2ccc(N(C)C)cc2)cc1.[Cl-],DrugMatrix,DRUGMATRIX: Muscarinic M2 radioligand binding (ligand: [3H] N-Methylscopolamine),B,,,,,Muscarinic acetylcholine receptor M2,Ki,nM,6.29,407.99,4.46
CHEMBL2441761,100000.0,CN1CCC[C@H]1[C@H]1COC(=O)N1,Scientific Literature,Displacement of [3H]NMS from human muscarinic M2 receptor expressed in CHO cells,B,Homo sapiens,,Bioorg Med Chem Lett,2013.0,Muscarinic acetylcholine receptor M2,Ki,nM,,170.21,0.19
CHEMBL281350,1000.0,Cc1nc(-c2ccc(-c3ccc(C(=O)N4CCc5cc6c(cc54)C4(CCN(C)CC4)CO6)cc3)c(C)c2)no1,Scientific Literature,Compound was tested for binding affinity against human cloned Muscarinic acetylcholine receptor M2,B,,,J Med Chem,1998.0,Muscarinic acetylcholine receptor M2,Ki,nM,,520.63,5.58
CHEMBL4747590,3235.94,CC1CCCCN1C(=O)CCN1CCCc2ccccc21,Scientific Literature,Displacement of [3H]-NMS from muscarinic M2 receptor (unknown origin) expressed in CHO-K1 cell membranes assessed as inhibition constant by radioligand competition analysis,B,Homo sapiens,,Bioorg Med Chem Lett,2020.0,Muscarinic acetylcholine receptor M2,Ki,nM,5.49,286.42,3.23
CHEMBL4745429,21379.62,CC1Cc2ccccc2N1CC(=O)N1CCCC1,Scientific Literature,Displacement of [3H]-NMS from muscarinic M2 receptor (unknown origin) expressed in CHO-K1 cell membranes assessed as inhibition constant by radioligand competition analysis,B,Homo sapiens,,Bioorg Med Chem Lett,2020.0,Muscarinic acetylcholine receptor M2,Ki,nM,4.67,244.34,2.06
CHEMBL4756442,13182.57,O=C(CCN1CCCc2ccccc21)N1CCC(O)CC1,Scientific Literature,Displacement of [3H]-NMS from muscarinic M2 receptor (unknown origin) expressed in CHO-K1 cell membranes assessed as inhibition constant by radioligand competition analysis,B,Homo sapiens,,Bioorg Med Chem Lett,2020.0,Muscarinic acetylcholine receptor M2,Ki,nM,4.88,288.39,1.81
CHEMBL4777543,389.05,O=C(CN1CCCc2ccccc21)N1CCCC1,Scientific Literature,Displacement of [3H]-NMS from muscarinic M2 receptor (unknown origin) expressed in CHO-K1 cell membranes assessed as inhibition constant by radioligand competition analysis,B,Homo sapiens,,Bioorg Med Chem Lett,2020.0,Muscarinic acetylcholine receptor M2,Ki,nM,6.41,244.34,2.06
CHEMBL4787283,18620.87,Cc1ccc2c(c1)CCCN2CC(=O)N1CCCCC1,Scientific Literature,Displacement of [3H]-NMS from muscarinic M2 receptor (unknown origin) expressed in CHO-K1 cell membranes assessed as inhibition constant by radioligand competition analysis,B,Homo sapiens,,Bioorg Med Chem Lett,2020.0,Muscarinic acetylcholine receptor M2,Ki,nM,4.73,272.39,2.76
CHEMBL1191560,243.0,CCN(CC)CCOC(=O)C(CC)(c1ccccc1)c1ccccc1,Scientific Literature,Displacement of [3H] N-methylscopolamine from human muscarinic M2 receptor expressed in CHOK1 cells after 30 mins by scintillation counting analysis,B,Homo sapiens,,Bioorg Med Chem,2013.0,Muscarinic acetylcholine receptor M2,Ki,nM,6.61,339.48,4.27
CHEMBL4756164,97.72,O=C(CCN1CCCc2ccccc21)NC1CCCC1,Scientific Literature,Displacement of [3H]-NMS from muscarinic M2 receptor (unknown origin) expressed in CHO-K1 cell membranes assessed as inhibition constant by radioligand competition analysis,B,Homo sapiens,,Bioorg Med Chem Lett,2020.0,Muscarinic acetylcholine receptor M2,Ki,nM,7.01,272.39,2.89
CHEMBL4758449,1698.24,O=C(CCN1CCCc2ccccc21)N1CCC1,Scientific Literature,Displacement of [3H]-NMS from muscarinic M2 receptor (unknown origin) expressed in CHO-K1 cell membranes assessed as inhibition constant by radioligand competition analysis,B,Homo sapiens,,Bioorg Med Chem Lett,2020.0,Muscarinic acetylcholine receptor M2,Ki,nM,5.77,244.34,2.06
CHEMBL4850553,12.02,CC(=O)NC(=O)[C@H](CCCCN)NC(=O)[C@H](C)NC(=O)[C@H](CCCNC(=N)N)NCCN1CCN(C(=O)CCCC2CCN(CC(=O)N3c4ccccc4NC(=O)c4ccccc43)CC2)CC1.O=C(O)C(F)(F)F.O=C(O)C(F)(F)F.O=C(O)C(F)(F)F.O=C(O)C(F)(F)F,Scientific Literature,Displacement of [3H]-NMS from human muscarinic M2 receptor expressed in CHO cell membranes assessed as inhibition constant by radioligand competition analysis,B,Homo sapiens,,Eur J Med Chem,2021.0,Muscarinic acetylcholine receptor M2,Ki,nM,7.92,1386.26,0.95
CHEMBL2312346,100000.0,COc1ccc(CCOC(=O)C2=C(c3ccccc3)CCN(C)C2)cc1OC,Scientific Literature,Displacement of [3H]-NMS from human muscarinic M2 receptor expressed in CHO cells by radioligand binding assay,B,Homo sapiens,,J Med Chem,2022.0,Muscarinic acetylcholine receptor M2,Ki,nM,,381.47,3.58
CHEMBL2030625,4738.0,C1CCC(CN2C3CCC2CC3)CC1,Scientific Literature,Inhibition of M2 muscarinic receptor,B,,,Bioorg Med Chem Lett,2012.0,Muscarinic acetylcholine receptor M2,Ki,nM,5.32,193.33,3.19
CHEMBL2030626,696.0,C1CC2CCC1N2CC12C3C4C5C3C1C5C42,Scientific Literature,Inhibition of M2 muscarinic receptor,B,,,Bioorg Med Chem Lett,2012.0,Muscarinic acetylcholine receptor M2,Ki,nM,6.16,213.32,1.98
CHEMBL569713,28.84,CN1[C@@H]2C[C@@H](OC(=O)[C@H](CO)c3ccccc3)C[C@H]1[C@@H]1O[C@@H]12,Scientific Literature,Displacement of [3H]-NMS from human muscarinic M2 Y104A mutant expressed in Flp-In-CHO cells by liquid scintillation counting,B,Homo sapiens,,J Med Chem,2014.0,Muscarinic acetylcholine receptor M2,Ki,nM,7.54,303.36,0.92
CHEMBL2078942,9.772,CN(C)C[C@H]1COCC(c2ccccc2)(c2ccccc2)O1,Scientific Literature,Displacement of [3H]NMS from recombinant human muscarinic M2 receptor expressed in CHOK1 cell membranes after 120 mins by scintillation counting method,B,Homo sapiens,,Eur J Med Chem,2017.0,Muscarinic acetylcholine receptor M2,Ki,nM,8.01,297.4,2.91
CHEMBL258161,35481.34,CN1CCN(CCCC(O)(c2ccccc2)c2ccccc2)CC1.Cl.Cl,Scientific Literature,Displacement of [3H]N-methylscopolamine from human muscarinic M2 receptor expressed in CHO-K1 cells,B,Homo sapiens,,Bioorg Med Chem Lett,2008.0,Muscarinic acetylcholine receptor M2,Ki,nM,4.45,397.39,2.95
CHEMBL1713967,1000.0,Cc1ccc(S(=O)(=O)NCc2ccc(C(=O)NCCN(Cc3ccccc3)C(C)(C)C)cc2)cc1,Scientific Literature,Binding affinity to muscarinic M2 receptor (unknown origin),B,Homo sapiens,,Bioorg Med Chem Lett,2014.0,Muscarinic acetylcholine receptor M2,Ki,nM,,493.67,4.5
CHEMBL220393,1.479,C[N+]1(C)CCC[C@@H]1[C@@H]1CS[C@](c2ccccc2)(C2CCCCC2)O1.[I-],Scientific Literature,Binding affinity to human cloned muscarinic receptor M2 expressed in CHO cells,B,Homo sapiens,,J Med Chem,2007.0,Muscarinic acetylcholine receptor M2,Ki,nM,8.83,473.46,4.79
CHEMBL222976,47.8,C[N+]1(CCOCc2ccccc2)CCC(N2CC(c3ccccc3)(c3ccccc3)NC2=O)C1,Scientific Literature,Displacement of [3H]N-methyl-scopolamine from human muscarinic M2 receptor expressed in CHOK1 cells,B,Homo sapiens,,J Med Chem,2007.0,Muscarinic acetylcholine receptor M2,Ki,nM,7.32,456.61,4.39
CHEMBL375073,2.754,CN1CCC[C@@H]1[C@@H]1CSC(c2ccccc2)(c2ccccc2)O1,Scientific Literature,Binding affinity to human cloned muscarinic receptor M2 expressed in CHO cells,B,Homo sapiens,,J Med Chem,2007.0,Muscarinic acetylcholine receptor M2,Ki,nM,8.56,325.48,4.11
CHEMBL4126290,61.66,c1ccc(C2(c3ccccc3)COC[C@@H](CO[C@@H]3CN4CCC3CC4)O2)cc1,Scientific Literature,Displacement of [3H]NMS from recombinant human muscarinic M2 receptor expressed in CHOK1 cell membranes after 120 mins by scintillation counting method,B,Homo sapiens,,Eur J Med Chem,2017.0,Muscarinic acetylcholine receptor M2,Ki,nM,7.21,379.5,3.46
CHEMBL443267,300.0,CCC1(CCN)CCN(C(=O)[C@](O)(c2ccccc2)[C@@H]2CCC(F)(F)C2)CC1,Scientific Literature,Binding affinity against human muscarinic acetylcholine receptor M2 in transfected CHO cells,B,,,Bioorg Med Chem Lett,2003.0,Muscarinic acetylcholine receptor M2,Ki,nM,6.52,394.51,3.68
CHEMBL167839,4.7,COc1ccc(S(=O)(=O)c2ccc([C@H](C)N3CCN(C4CCN(C(=O)c5ccccc5C)CC4)C[C@H]3C)cc2)c2c1OCO2,Scientific Literature,Binding affinity against human muscarinic acetylcholine receptor M2 using [3H]N-methylscopolamine as radioligand,B,,,Bioorg Med Chem Lett,2002.0,Muscarinic acetylcholine receptor M2,Ki,nM,8.33,619.78,4.94
CHEMBL73145,135.0,CCOC(=O)N1CCN(C(C)c2ccc(S(=O)(=O)c3ccccc3)cc2)CC1,Scientific Literature,Binding affinity towards the cloned human Muscarinic acetylcholine receptor M2,B,,,Bioorg Med Chem Lett,2000.0,Muscarinic acetylcholine receptor M2,Ki,nM,6.87,402.52,3.35
CHEMBL266295,645.65,C[N+](C)(CCCCCC[N+](C)(C)CCCN1C(=O)c2ccccc2C1=O)CCCN1C(=O)c2ccccc2C1=O.[Br-].[Br-],Scientific Literature,"Displacement of 4-(2-((1E,3E)-5-((E)-3,3-Dimethyl-1-(6-oxo-6-((2-(3-(1-(4-(1-(2-oxo-2-(11-oxo-10,11-dihydro-5H-dibenzo[b,e][1,4]diazepin-5-yl)ethyl)piperidin-4-yl)butyl)-1H-imidazol-4-yl)propanamido)ethyl)-amino)hexyl)-5-sulfoindolin-2-ylidene)penta-1,3-dien-1-yl)-3,3-dimethyl-3H-indol-1-ium-1-yl)butane-1-sulfonateHydrotrifluoroacetate fluorescent tracer from human muscarinic M2 receptor expressed in CHO-K9 cells measured after 60 mins by Hoechst H33342 dye based confocal plate reader assay",B,Homo sapiens,,J Med Chem,2020.0,Muscarinic acetylcholine receptor M2,Ki,nM,6.19,708.54,4.07
CHEMBL4641288,2400.0,COc1ccc(-c2cc(F)ccc2NC(=O)OCC2CCNCC2)cc1,Scientific Literature,Displacement of [3H]N-methylscopolamine from human muscarinic M2 receptor transiently expressed in HEK293T cell membranes incubated for 1 hr by scintillation counting method,A,Homo sapiens,,J Med Chem,2020.0,Muscarinic acetylcholine receptor M2,Ki,nM,5.62,358.41,4.05
CHEMBL4643867,13.0,O=C(Nc1ccc(F)cc1-c1ccc(Cl)c(Cl)c1)O[C@H]1CN2CCC1CC2,Scientific Literature,Displacement of [3H]N-methylscopolamine from human muscarinic M2 receptor transiently expressed in HEK293T cell membranes incubated for 1 hr by scintillation counting method,A,Homo sapiens,,J Med Chem,2020.0,Muscarinic acetylcholine receptor M2,Ki,nM,7.89,409.29,5.44
CHEMBL1242950,1000.0,CCCCC1CCN(CCCC(=O)c2ccccc2C)CC1,Scientific Literature,Binding affinity to human muscarinic M2 receptor by radioligand displacement assay,B,Homo sapiens,,J Med Chem,2010.0,Muscarinic acetylcholine receptor M2,Ki,nM,,301.47,4.86
CHEMBL215180,490.0,O=C(NCC1CCNCC1)[C@H]1CCCN1C(=O)[C@@H]1C[C@@H](O)CN1C(=O)CC(c1ccc(F)cc1)(c1ccc(F)cc1)c1ccc(F)cc1,Scientific Literature,Binding affinity to human M2 muscarinic receptor,B,Homo sapiens,,J Med Chem,2013.0,Muscarinic acetylcholine receptor M2,Ki,nM,6.31,662.75,3.9
CHEMBL93709,1700.0,COc1ccccc1C(=O)C1=CN2CCC1CC2,Scientific Literature,In vitro binding affinity towards muscarinic receptor in heart (M2) was determined,B,,,Bioorg Med Chem Lett,1994.0,Muscarinic acetylcholine receptor M2,Ki,nM,5.77,243.31,2.49
CHEMBL264747,2600.0,O=Cc1ccc(C2=CN3CCC2CC3)s1,Scientific Literature,In vitro binding affinity towards muscarinic receptor in heart (M2) was determined,B,,,Bioorg Med Chem Lett,1994.0,Muscarinic acetylcholine receptor M2,Ki,nM,5.58,219.31,2.63
CHEMBL277642,4.5,C[C@@H]1OC(=O)[C@H]2C[C@H]3CCCC[C@@H]3[C@@H](/C=C/[C@H]3CCC[C@H](C)N3C)[C@@H]12,Scientific Literature,In vitro inhibitory activity against cloned human M2 muscarinic receptor,B,Homo sapiens,,Bioorg Med Chem Lett,2004.0,Muscarinic acetylcholine receptor M2,Ki,nM,8.35,345.53,4.42
CHEMBL1672288,10000.0,N#Cc1cc(F)cc(C#Cc2csc(F)n2)c1,Scientific Literature,Binding affinity to muscarinic M2 receptor,B,,,J Med Chem,2011.0,Muscarinic acetylcholine receptor M2,Ki,nM,,246.24,2.69
CHEMBL1221512,1268.0,CC[C@H](C)[C@@H](CO[C@@H](Cc1ccccc1)C(=O)N[C@@H](CCS(C)(=O)=O)C(=O)OC(C)C)NC[C@@H](N)CS,DrugMatrix,DRUGMATRIX: Muscarinic M2 radioligand binding (ligand: [3H] N-Methylscopolamine),B,,,,,Muscarinic acetylcholine receptor M2,Ki,nM,5.9,559.8,1.75
CHEMBL954,1290.0,CCN(CC)CCOc1ccc(/C(=C(/Cl)c2ccccc2)c2ccccc2)cc1,DrugMatrix,DRUGMATRIX: Muscarinic M2 radioligand binding (ligand: [3H] N-Methylscopolamine),B,,,,,Muscarinic acetylcholine receptor M2,Ki,nM,5.89,405.97,6.56
CHEMBL307628,1189.0,O=C(OCOCCN1CCOCC1)C1(c2ccc(Cl)c(Cl)c2)CCCCC1,Scientific Literature,Binding affinity towards muscarinic m2 receptor,B,,,J Med Chem,1994.0,Muscarinic acetylcholine receptor M2,Ki,nM,5.92,416.35,4.04
CHEMBL310132,19.95,O=C(c1ccccc1)N(c1ccc(Cl)c(Cl)c1)C1CCN(Cc2ccccc2)CC1,Scientific Literature,In vitro affinity for muscarinic M2 receptor.,B,,,Bioorg Med Chem Lett,2002.0,Muscarinic acetylcholine receptor M2,Ki,nM,7.7,439.39,6.3
CHEMBL68584,240.0,NC1CCN(C(=O)[C@](O)(c2ccccc2)[C@@H]2CCC(F)(F)C2)CC1,Scientific Literature,Binding affinity against human muscarinic acetylcholine receptor M2 in transfected CHO cells,B,,,Bioorg Med Chem Lett,2003.0,Muscarinic acetylcholine receptor M2,Ki,nM,6.62,338.4,2.26
CHEMBL311099,0.51,COc1ccc(S(=O)(=O)c2ccc(C3(C4CCN(C5CCN(C(=O)c6cccc7c(Br)cccc67)CC5)CC4)OCCO3)cc2)cc1,Scientific Literature,Antagonistic activity against muscarinic acetylcholine receptor M2,F,,,Bioorg Med Chem Lett,2001.0,Muscarinic acetylcholine receptor M2,Ki,nM,9.29,719.7,6.66
CHEMBL4092769,50000.0,COc1cccc(C#CC[N+](C)(C)C)c1.O=C[O-],Scientific Literature,Displacement of [3H]N-methyl-scopolamine bromide from human recombinant muscarinic M2 receptor expressed in HEK293T cell membranes after 1 hr by liquid scintillation counting method,B,Homo sapiens,,J Med Chem,2017.0,Muscarinic acetylcholine receptor M2,Ki,nM,4.3,249.31,1.75
CHEMBL4097248,26000.0,COc1cccc2c1CC[N+](C)(C)C2.O=C[O-],Scientific Literature,Displacement of [3H]N-methyl-scopolamine bromide from human recombinant muscarinic M2 receptor expressed in HEK293T cell membranes after 1 hr by liquid scintillation counting method,B,Homo sapiens,,J Med Chem,2017.0,Muscarinic acetylcholine receptor M2,Ki,nM,4.58,237.3,1.83
CHEMBL4099673,11000.0,c1cncc(COCC2CCNC2)c1,Scientific Literature,Displacement of [3H]N-methyl-scopolamine bromide from human recombinant muscarinic M2 receptor expressed in HEK293T cell membranes after 1 hr by liquid scintillation counting method,B,Homo sapiens,,J Med Chem,2017.0,Muscarinic acetylcholine receptor M2,Ki,nM,4.96,192.26,1.21
CHEMBL144580,1100.0,C[N+]12CCC(CC1)C(c1cc3ccccc3o1)C2,Scientific Literature,Binding affinity for muscarinic acetylcholine receptor M2 by measuring displacement of [3H]QNB from guinea pig heart,B,Cavia porcellus,,J Med Chem,1995.0,Muscarinic acetylcholine receptor M2,Ki,nM,5.96,242.34,3.39
CHEMBL4089543,0.41,O=C(O)C(F)(F)F.O=C(O)C(F)(F)F.O=C(O)C(F)(F)F.O=C(O)C(F)(F)F.[3H]CC([3H])C(=O)NCc1cc(C(=O)NCCNC(=O)CCc2cn(CCCCC3CCN(CC(=O)N4c5ccccc5NC(=O)c5ccccc54)CC3)cn2)cc(C(=O)NCCNC(=O)CCc2cn(CCCCC3CCN(CC(=O)N4c5ccccc5NC(=O)c5ccccc54)CC3)cn2)c1,Scientific Literature,Displacement of [3H]NMS from human muscarinic acetylcholine receptor M2 expressed in CHOK9 cells after 3 hrs by liquid scintillation counting assay,B,Homo sapiens,,J Med Chem,2017.0,Muscarinic acetylcholine receptor M2,Ki,nM,9.39,1818.76,
CHEMBL343659,2400.0,Cc1cccc(CN2CCC(NC(=O)C(O)(c3ccccc3)C3CCCC3)CC2)n1,Scientific Literature,Inhibition of [3H]NMS binding to human muscarinic acetylcholine receptor M2 expressed in CHO cells,B,,,J Med Chem,2000.0,Muscarinic acetylcholine receptor M2,Ki,nM,5.62,407.56,3.55
CHEMBL83982,79.43,O=C(c1ccccc1)N(c1ccc(O)cc1)C1CCN(Cc2ccccc2)CC1,Scientific Literature,In vitro affinity for muscarinic M2 receptor.,B,,,Bioorg Med Chem Lett,2002.0,Muscarinic acetylcholine receptor M2,Ki,nM,7.1,386.5,4.7
CHEMBL74736,145.0,CCN(CC)CCOCCOC(=O)C1(c2ccccc2)CCCCC1,Scientific Literature,Binding affinity towards muscarinic m2 receptor,B,,,J Med Chem,1994.0,Muscarinic acetylcholine receptor M2,Ki,nM,6.84,347.5,3.79
CHEMBL3577945,4010.0,CCC[C@@H]1C[C@H](N(C)C(C)C)CC[C@@H]1N1CC[C@H](Nc2ncnc3ccc(C(F)(F)F)cc23)C1=O,Scientific Literature,Inhibition of muscarinic acetylcholine receptor M2 (unknown origin),B,Homo sapiens,,ACS Med Chem Lett,2015.0,Muscarinic acetylcholine receptor M2,Ki,nM,5.4,491.6,5.34
CHEMBL376255,4.266,CN1CCC[C@H]1[C@H]1CS[C@](c2ccccc2)(C2CCCCC2)O1,Scientific Literature,Binding affinity to human cloned muscarinic receptor M2 expressed in CHO cells,B,Homo sapiens,,J Med Chem,2007.0,Muscarinic acetylcholine receptor M2,Ki,nM,8.37,331.53,4.65
CHEMBL222804,47.9,O=C1NC(c2ccccc2)(c2ccccc2)CN1C1CCN(Cc2cccc(O)c2)CC1,Scientific Literature,Displacement of [3H]N-methyl-scopolamine from human muscarinic M2 receptor expressed in CHO K1 cells,B,Homo sapiens,,J Med Chem,2007.0,Muscarinic acetylcholine receptor M2,Ki,nM,7.32,427.55,4.33
CHEMBL441873,927.0,O=C1NC(c2ccccc2)(c2ccccc2)CN1C1CCN(Cc2cccs2)CC1,Scientific Literature,Displacement of [3H]N-methyl-scopolamine from human muscarinic M2 receptor expressed in CHO K1 cells,B,Homo sapiens,,J Med Chem,2007.0,Muscarinic acetylcholine receptor M2,Ki,nM,6.03,417.58,4.68
CHEMBL426393,328.0,O=C1NC(c2ccccc2)(c2ccccc2)CN1C1CCN(CCOc2ccccc2)CC1,Scientific Literature,Displacement of [3H]N-methyl-scopolamine from human muscarinic M2 receptor expressed in CHO K1 cells,B,Homo sapiens,,J Med Chem,2007.0,Muscarinic acetylcholine receptor M2,Ki,nM,6.48,441.58,4.5
CHEMBL5273907,6.7,CN1/C(=C/C=C/C=C/C2=[N+](CCCCCC(=O)NCCCCCCN3CCC(COC(=O)Nc4ccc(F)cc4-c4ccc(F)c(Cl)c4)CC3)c3ccccc3C2(C)C)C(C)(C)c2ccccc21,Scientific Literature,Displacement of [3H]N-methylscopolamine from human muscarinic M2 receptor expressed in human HEK293T cell membranes by radioligand competition binding based analysis,B,Homo sapiens,,J Med Chem,2022.0,Muscarinic acetylcholine receptor M2,Ki,nM,8.17,945.66,13.28
CHEMBL5268503,26.0,CN(C)c1ccc2c(-c3ccc(-c4cn(CCCCCn5cc(CCCCCN6CCC(COC(=O)Nc7ccc(F)cc7-c7ccc(F)c(Cl)c7)CC6)nn5)nn4)cc3C(=O)[O-])c3ccc(=[N+](C)C)cc-3oc2c1,Scientific Literature,Displacement of [3H]N-methylscopolamine from human muscarinic M2 receptor expressed in human HEK293T cell membranes by radioligand competition binding based analysis,B,Homo sapiens,,J Med Chem,2022.0,Muscarinic acetylcholine receptor M2,Ki,nM,7.58,1039.63,
CHEMBL2112956,72.0,O=C(CCCCCNC(=O)CC(c1ccccc1)(c1ccccc1)c1ccccc1)NC[C@H]1CCCN(CC2CCCCC2)C1,Scientific Literature,Binding affinity (Ki) against binding of [3H]NMS to membranes from CHO cells expressing cloned human Muscarinic acetylcholine receptor M2,B,Homo sapiens,,J Med Chem,2002.0,Muscarinic acetylcholine receptor M2,Ki,nM,7.14,607.88,7.5
CHEMBL183331,449.0,CCN1C(CCC2[C@H]3[C@H](C)OC(=O)[C@H]3C[C@H]3CCCC[C@H]23)CCC1(C)C,Scientific Literature,In vitro inhibitory activity against cloned human M2 muscarinic receptor,B,Homo sapiens,,Bioorg Med Chem Lett,2004.0,Muscarinic acetylcholine receptor M2,Ki,nM,6.35,361.57,5.03
CHEMBL75217,22.0,CCN(CC)CCOCOC(=O)C1(c2ccc(Cl)c(Cl)c2)CCCCC1,Scientific Literature,Binding affinity towards muscarinic m2 receptor,B,,,J Med Chem,1994.0,Muscarinic acetylcholine receptor M2,Ki,nM,7.66,402.36,5.05
CHEMBL426032,209.0,CCC1CCCCN1CCC[C@@H]1[C@H]2CCCC[C@@H]2C[C@@H]2C(=O)O[C@@H](C)[C@H]12,Scientific Literature,Binding affinity towards human muscarinic M2 receptor in CHO-KI cells using [3H]- QNB as radioligand,B,,,Bioorg Med Chem Lett,1999.0,Muscarinic acetylcholine receptor M2,Ki,nM,6.68,361.57,5.04
CHEMBL404866,177827.94,Cl.Cl.OC(CCCN1CCN(CCCC(O)(c2ccccc2)c2ccccc2)CC1)(c1ccccc1)c1ccccc1,Scientific Literature,Displacement of [3H]N-methylscopolamine from human muscarinic M2 receptor expressed in CHO-K1 cells,B,Homo sapiens,,Bioorg Med Chem Lett,2008.0,Muscarinic acetylcholine receptor M2,Ki,nM,,607.67,6.04
CHEMBL2023764,0.1,C=CCCCC[N@+]1(C)C2CCC1C[C@H](CC(C#N)(c1ccccc1)c1ccccc1)C2.[Br-],Scientific Literature,Displacement of [3H]-N-methyl scopolamine from muscarinic acetylcholine M2 receptor expressed in CHO cell membrane,B,,,Bioorg Med Chem Lett,2012.0,Muscarinic acetylcholine receptor M2,Ki,nM,10.0,493.53,6.63
CHEMBL410061,39.81,COC1(C#CC(C)(c2ccccc2)c2ccccc2)CN2CCC1CC2,Scientific Literature,Displacement of [3H]N-methylscopolamine from human recombinant muscarinic M2 receptor expressed in CHO cells,B,Homo sapiens,,Bioorg Med Chem Lett,2008.0,Muscarinic acetylcholine receptor M2,Ki,nM,7.4,345.49,4.11
CHEMBL564,387.0,CN(C)CCCN1c2ccccc2Sc2ccccc21,DrugMatrix,DRUGMATRIX: Muscarinic M2 radioligand binding (ligand: [3H] N-Methylscopolamine),B,,,,,Muscarinic acetylcholine receptor M2,Ki,nM,6.41,284.43,4.24
CHEMBL2042554,95.5,CN(C)C[C@@H]1COCC(c2ccccc2)(c2ccccc2)O1.O=C(O)C(=O)O,Scientific Literature,Displacement of [3H]N-methylscopolamine from human muscarinic M2 receptor expressed in CHO cells after 120 mins by scintillation counting,B,Homo sapiens,,J Med Chem,2012.0,Muscarinic acetylcholine receptor M2,Ki,nM,7.02,387.43,2.91
CHEMBL2042406,33.11,C[N+](C)(C)C[C@@H]1COCC(c2ccccc2)(c2ccccc2)O1.[I-],Scientific Literature,Displacement of [3H]N-methylscopolamine from human muscarinic M2 receptor expressed in CHO cells after 120 mins by scintillation counting,B,Homo sapiens,,J Med Chem,2012.0,Muscarinic acetylcholine receptor M2,Ki,nM,7.48,439.34,3.05
CHEMBL4466483,1700.0,FC(F)(F)c1cc(Oc2nccc3ccsc23)ccc1-c1cccc2nccn12,Scientific Literature,Displacement of [3H]-QNB/[3H]-NMS from human muscarinic M2 receptor expressed in stable CHO cells after 90 mins by microbeta scintillation counting method,B,Homo sapiens,,J Med Chem,2019.0,Muscarinic acetylcholine receptor M2,Ki,nM,5.77,411.41,6.42
CHEMBL200401,0.4,CO[C@]1(C#CC(O)(c2ccsc2)c2ccsc2)CN2CCC1CC2,Scientific Literature,Binding affinity to human muscarinic M2 receptor,B,Homo sapiens,,Bioorg Med Chem Lett,2006.0,Muscarinic acetylcholine receptor M2,Ki,nM,9.4,359.52,3.16
CHEMBL4862221,245.47,CC(=O)NC(=O)[C@H](CCCCN)NC(=O)[C@H](C)NC(=O)[C@H](CCCNC(=N)N)NCCN1CCN(C(=O)CC2CCN(CC(=O)N3c4ccccc4NC(=O)c4ccccc43)CC2)CC1.O=C(O)C(F)(F)F.O=C(O)C(F)(F)F.O=C(O)C(F)(F)F.O=C(O)C(F)(F)F,Scientific Literature,Displacement of [3H]-NMS from human muscarinic M2 receptor expressed in CHO cell membranes assessed as inhibition constant by radioligand competition analysis,B,Homo sapiens,,Eur J Med Chem,2021.0,Muscarinic acetylcholine receptor M2,Ki,nM,6.61,1358.2,0.17
CHEMBL383389,5.0,CO[C@]1(C#CC(O)(c2cccc(F)c2)c2cccc(F)c2)CN2CCC1CC2,Scientific Literature,Binding affinity to human muscarinic M2 receptor,B,Homo sapiens,,Bioorg Med Chem Lett,2006.0,Muscarinic acetylcholine receptor M2,Ki,nM,8.3,383.44,3.31
CHEMBL200432,3.2,COC1(C#CC(O)(c2ccccc2)C2CCCC2)CN2CCC1CC2,Scientific Literature,Binding affinity to human muscarinic M2 receptor,B,Homo sapiens,,Bioorg Med Chem Lett,2006.0,Muscarinic acetylcholine receptor M2,Ki,nM,8.49,339.48,3.18
CHEMBL381469,100.0,CO[C@]1(C#CC(O)(c2cccnc2)c2cccnc2)CN2CCC1CC2,Scientific Literature,Binding affinity to human muscarinic M2 receptor,B,Homo sapiens,,Bioorg Med Chem Lett,2006.0,Muscarinic acetylcholine receptor M2,Ki,nM,7.0,349.43,1.83
CHEMBL3290012,1000.0,O=S(=O)(NCCCCN1CCC(c2noc3cc(F)ccc23)CC1)c1cc2ccccc2s1,Scientific Literature,Displacement of [3H]AF-DX384 from human recombinant M2 receptor expressed in CHO cells,B,Homo sapiens,,J Med Chem,2014.0,Muscarinic acetylcholine receptor M2,Ki,nM,,487.62,5.12
CHEMBL517712,15.85,CN1[C@@H]2CC[C@H]1C[C@@H](OC(=O)C(CO)c1ccccc1)C2,Scientific Literature,Displacement of [3H]NMS from human muscarinic acetylcholine receptor M2 expressed in CHOK1 cells,B,Homo sapiens,,J Med Chem,2017.0,Muscarinic acetylcholine receptor M2,Ki,nM,7.8,289.38,1.93
CHEMBL284137,19.7,CCN(CC)CCCOC(=O)C(C)(c1ccccc1)C1CCCCC1,Scientific Literature,Antimuscarinic potency and subset specificity was characterised by its inhibition of the [3H]NMS Binding to Muscarinic acetylcholine receptor M2 subtype,B,,,J Med Chem,1992.0,Muscarinic acetylcholine receptor M2,Ki,nM,7.71,345.53,4.8
CHEMBL4873621,13.18,CC(=O)NC(=O)[C@H](CCCNC(=N)N)NC(=O)[C@H](C)NC(=O)[C@@H](CCCNC(=N)N)NCCCCC1CCN(CC(=O)N2c3ccccc3NC(=O)c3ccccc32)CC1.O=C(O)C(F)(F)F.O=C(O)C(F)(F)F.O=C(O)C(F)(F)F,Scientific Literature,Displacement of [3H]-NMS from human muscarinic M2 receptor expressed in CHO cell membranes assessed as inhibition constant by radioligand competition analysis,B,Homo sapiens,,Eur J Med Chem,2021.0,Muscarinic acetylcholine receptor M2,Ki,nM,7.88,1174.09,0.94
CHEMBL4872632,75.86,CC(=O)N[C@H](CCCN)C(=O)NC(=O)[C@H](C)NC(=O)[C@@H](CCCNC(=N)N)NCCN1CCN(CC(=O)NC2CCN(CC(=O)N3c4ccccc4NC(=O)c4ccccc43)CC2)CC1.O=C(O)C(F)(F)F.O=C(O)C(F)(F)F.O=C(O)C(F)(F)F.O=C(O)C(F)(F)F.O=C(O)C(F)(F)F,Scientific Literature,Displacement of [3H]-NMS from human muscarinic M2 receptor expressed in CHO cell membranes assessed as inhibition constant by radioligand competition analysis,B,Homo sapiens,,Eur J Med Chem,2021.0,Muscarinic acetylcholine receptor M2,Ki,nM,7.12,1473.21,-1.27
CHEMBL4873979,17.78,CC(=O)NC(=O)[C@H](CCCCN)NC(=O)[C@H](CCCNC(=N)N)NCCN1CCN(C(=O)CCCC2CCN(CC(=O)N3c4ccccc4NC(=O)c4ccccc43)CC2)CC1.O=C(O)C(F)(F)F.O=C(O)C(F)(F)F.O=C(O)C(F)(F)F.O=C(O)C(F)(F)F,Scientific Literature,Displacement of [3H]-NMS from human muscarinic M2 receptor expressed in CHO cell membranes assessed as inhibition constant by radioligand competition analysis,B,Homo sapiens,,Eur J Med Chem,2021.0,Muscarinic acetylcholine receptor M2,Ki,nM,7.75,1315.18,1.44
CHEMBL4852133,4466.84,CCCN[C@@H](CCNC(=N)N)C(=O)N[C@@H](CCCCN)C(=O)NC(C)=O.O=C(O)C(F)(F)F.O=C(O)C(F)(F)F,Scientific Literature,Displacement of [3H]-NMS from human muscarinic M2 receptor expressed in CHO cell membranes assessed as inhibition constant by radioligand competition analysis,B,Homo sapiens,,Eur J Med Chem,2021.0,Muscarinic acetylcholine receptor M2,Ki,nM,5.35,599.53,-1.5
CHEMBL4860752,2454.71,NCCN1CCN(CC(=O)NC2CCN(CC(=O)N3c4ccccc4NC(=O)c4ccccc43)CC2)CC1.O=C(O)C(F)(F)F.O=C(O)C(F)(F)F.O=C(O)C(F)(F)F.O=C(O)C(F)(F)F,Scientific Literature,Displacement of [3H]-NMS from human muscarinic M2 receptor expressed in CHO cell membranes assessed as inhibition constant by radioligand competition analysis,B,Homo sapiens,,Eur J Med Chem,2021.0,Muscarinic acetylcholine receptor M2,Ki,nM,5.61,975.74,1.07
CHEMBL4851265,14.79,CC(=O)NC(=O)[C@H](CCCNC(=N)N)NC(=O)[C@H](C)NC(=O)CNCCCCC1CCN(CC(=O)N2c3ccccc3NC(=O)c3ccccc32)CC1.O=C(O)C(F)(F)F.O=C(O)C(F)(F)F,Scientific Literature,Displacement of [3H]-NMS from human muscarinic M2 receptor expressed in CHO cell membranes assessed as inhibition constant by radioligand competition analysis,B,Homo sapiens,,Eur J Med Chem,2021.0,Muscarinic acetylcholine receptor M2,Ki,nM,7.83,960.93,1.3
CHEMBL4869723,1.175,CC(=O)N[C@@H](CCCN)C(=O)NC(=O)[C@H](C)NC(=O)[C@H](CCNC(=N)N)NCCN1CCN(CCC(=O)NC2CCN(CC(=O)N3c4ccccc4NC(=O)c4ccccc43)CC2)CC1.O=C(O)C(F)(F)F.O=C(O)C(F)(F)F.O=C(O)C(F)(F)F.O=C(O)C(F)(F)F.O=C(O)C(F)(F)F,Scientific Literature,Displacement of [3H]-NMS from human muscarinic M2 receptor expressed in CHO cell membranes assessed as inhibition constant by radioligand competition analysis,B,Homo sapiens,,Eur J Med Chem,2021.0,Muscarinic acetylcholine receptor M2,Ki,nM,8.93,1473.21,-1.27
CHEMBL4854179,144.54,CC(=O)N[C@@H](CCCN)C(=O)NC(=O)[C@H](C)NC(=O)[C@H](CCCNC(=N)N)NCCN1CCN(C(=O)CCC2CCN(CC(=O)N3c4ccccc4NC(=O)c4ccccc43)CC2)CC1.O=C(O)C(F)(F)F.O=C(O)C(F)(F)F.O=C(O)C(F)(F)F.O=C(O)C(F)(F)F,Scientific Literature,Displacement of [3H]-NMS from human muscarinic M2 receptor expressed in CHO cell membranes assessed as inhibition constant by radioligand competition analysis,B,Homo sapiens,,Eur J Med Chem,2021.0,Muscarinic acetylcholine receptor M2,Ki,nM,6.84,1358.2,0.17
CHEMBL4846035,6165.95,CCCN[C@@H](CCCNC(=N)N)C(=O)N[C@@H](C)C(=O)N[C@@H](CCCCN)C(=O)NC(C)=O.O=C(O)C(F)(F)F.O=C(O)C(F)(F)F,Scientific Literature,Displacement of [3H]-NMS from human muscarinic M2 receptor expressed in CHO cell membranes assessed as inhibition constant by radioligand competition analysis,B,Homo sapiens,,Eur J Med Chem,2021.0,Muscarinic acetylcholine receptor M2,Ki,nM,5.21,684.64,-1.6
CHEMBL4872142,6456.54,CCCN[C@@H](CCCNC(=N)N)C(=O)N[C@@H](CCCCN)C(=O)NC(C)=O.O=C(O)C(F)(F)F.O=C(O)C(F)(F)F,Scientific Literature,Displacement of [3H]-NMS from human muscarinic M2 receptor expressed in CHO cell membranes assessed as inhibition constant by radioligand competition analysis,B,Homo sapiens,,Eur J Med Chem,2021.0,Muscarinic acetylcholine receptor M2,Ki,nM,5.19,613.56,-1.11
CHEMBL4637731,4365.16,C[N+](C)(C)C[C@@H]1CO[C@H](c2ccccc2)C(c2ccccc2)(c2ccccc2)O1.[I-],Scientific Literature,Displacement of [3H]NMS from human recombinant muscarinic receptor M2 expressed in CHO-K1 cell membranes incubated for 2 hrs by scintillation counting method,B,Homo sapiens,,J Med Chem,2020.0,Muscarinic acetylcholine receptor M2,Ki,nM,5.36,515.44,4.79
CHEMBL2205811,1222.0,COc1cccc(CCN2C3C4C5CC6C7C5C3C7C2(O)C64)c1,Scientific Literature,Binding affinity to M2 muscarinic receptor,B,,,Bioorg Med Chem Lett,2012.0,Muscarinic acetylcholine receptor M2,Ki,nM,5.91,309.41,2.0
CHEMBL4636009,28000.0,N#Cc1ccc(-c2cc(F)ccc2NC(=O)OCC2CCNCC2)cc1,Scientific Literature,Displacement of [3H]N-methylscopolamine from human muscarinic M2 receptor transiently expressed in HEK293T cell membranes incubated for 1 hr by scintillation counting method,A,Homo sapiens,,J Med Chem,2020.0,Muscarinic acetylcholine receptor M2,Ki,nM,4.55,353.4,3.91
CHEMBL4647437,3.3,C[N+]12CCC(CC1)[C@@H](OC(=O)Nc1ccc(F)cc1-c1cccc(Cl)c1)C2.O=C[O-],Scientific Literature,Displacement of [3H]N-methylscopolamine from human muscarinic M2 receptor transiently expressed in HEK293T cell membranes incubated for 1 hr by scintillation counting method,A,Homo sapiens,,J Med Chem,2020.0,Muscarinic acetylcholine receptor M2,Ki,nM,8.48,434.9,4.93
CHEMBL200693,2.0,CO[C@]1(C#CC(O)(c2ccccc2)C2CCCCC2)CN2CCC1CC2,Scientific Literature,Binding affinity to human muscarinic M2 receptor,B,Homo sapiens,,Bioorg Med Chem Lett,2006.0,Muscarinic acetylcholine receptor M2,Ki,nM,8.7,353.51,3.57
CHEMBL383248,40.0,COC1(C#CC(O)(c2ccccc2)c2cccnn2)CN2CCC1CC2,Scientific Literature,Binding affinity to human muscarinic M2 receptor,B,Homo sapiens,,Bioorg Med Chem Lett,2006.0,Muscarinic acetylcholine receptor M2,Ki,nM,7.4,349.43,1.83
CHEMBL275347,26.0,O=C(c1cccc2ccccc12)N1CCC(N2CCC(Cc3ccc(SCCO)cc3)CC2)CC1,Scientific Literature,Binding affinity against muscarinic acetylcholine receptor M2 stably expressed in CHO-K1 cells using [3H]-QNB as radioligand.,B,,,Bioorg Med Chem Lett,2002.0,Muscarinic acetylcholine receptor M2,Ki,nM,7.58,488.7,5.48
CHEMBL104804,5370.32,COc1ccc2c(c1)CCN1Cc3c(ccc4[nH]c(C)c(Cc5ccccc5)c34)OC21,Scientific Literature,Inhibition of [3H]-NMS binding to human muscarinic acetylcholine receptor M2 in transfected CHO cells.,B,,,J Med Chem,2002.0,Muscarinic acetylcholine receptor M2,Ki,nM,5.27,410.52,5.53
CHEMBL2377384,348.0,C[N+](C)(C)CCOC(=O)C(c1ccccc1)c1ccccc1.[Br-],Scientific Literature,Displacement of [3H] N-methylscopolamine from human muscarinic M2 receptor expressed in CHOK1 cells after 30 mins by scintillation counting analysis,B,Homo sapiens,,Bioorg Med Chem,2013.0,Muscarinic acetylcholine receptor M2,Ki,nM,6.46,378.31,3.07
CHEMBL608828,616.6,CC(=O)O[C@@H]1CN2CCC1CC2,Scientific Literature,Binding affinity to human cloned muscarinic M2 receptor expressed in CHO cells,B,Homo sapiens,,Bioorg Med Chem,2008.0,Muscarinic acetylcholine receptor M2,Ki,nM,6.21,169.22,0.64
CHEMBL1643900,2287.0,Fc1cccc(CCN[C@H]2C3C4CC5C6C4CC3C6C52)c1,Scientific Literature,Inhibition of muscarinic M2 receptor,B,,,Bioorg Med Chem Lett,2011.0,Muscarinic acetylcholine receptor M2,Ki,nM,5.64,283.39,3.1
CHEMBL386983,2.512,COc1nsnc1OCCOCCOCCOCCOCCOc1nsnc1C1=CCCN(C)C1,Scientific Literature,Inhibition of [3H](R)-QNB binding to human M2 receptor expressed in A9 L cells,B,Homo sapiens,,J Med Chem,2006.0,Muscarinic acetylcholine receptor M2,Ki,nM,8.6,531.66,1.64
CHEMBL77793,102.33,Cc1nccn1CC#CCN1CCCC1=O,Scientific Literature,Binding affinity to human cloned muscarinic M2 receptor expressed in CHO cells,B,Homo sapiens,,Bioorg Med Chem,2008.0,Muscarinic acetylcholine receptor M2,Ki,nM,6.99,217.27,0.82
CHEMBL168704,44.67,CCN(CC)CCC1=C(C(C)c2ccccn2)c2ccccc2C1,Scientific Literature,Binding affinity towards cloned human muscarinic acetylcholine receptor M2 stably expressed in CHO-K1 cells using [3H]N-methylscopolamine,B,,,J Med Chem,2003.0,Muscarinic acetylcholine receptor M2,Ki,nM,7.35,320.48,4.93
CHEMBL4645580,6.026,C[N+](C)(C)C[C@H]1COC[C@@](c2ccccc2)(C2CCCCC2)O1.[I-],Scientific Literature,Displacement of [3H]NMS from human recombinant muscarinic receptor M2 expressed in CHO-K1 cell membranes incubated for 2 hrs by scintillation counting method,B,Homo sapiens,,J Med Chem,2020.0,Muscarinic acetylcholine receptor M2,Ki,nM,8.22,445.39,3.58
CHEMBL4644285,67.61,CN(C)C[C@@H]1COC[C@](c2ccccc2)(C2CCCCC2)O1,Scientific Literature,Displacement of [3H]NMS from human recombinant muscarinic receptor M2 expressed in CHO-K1 cell membranes incubated for 2 hrs by scintillation counting method,B,Homo sapiens,,J Med Chem,2020.0,Muscarinic acetylcholine receptor M2,Ki,nM,7.17,303.45,3.44
CHEMBL257547,25703.96,C[N+]1(CCCC(O)(c2ccccc2)c2ccccc2)CCN(c2ccccc2)CC1.[I-],Scientific Literature,Displacement of [3H]N-methylscopolamine from human muscarinic M2 receptor expressed in CHO-K1 cells,B,Homo sapiens,,Bioorg Med Chem Lett,2008.0,Muscarinic acetylcholine receptor M2,Ki,nM,4.59,528.48,4.67
CHEMBL4874955,0.1778,CC(=O)NC(=O)[C@H](CC(N)=O)NC(=O)[C@H](CCNC(=N)N)N[C@@H](CCCN)C(=O)NCCN1CCN(CCCCC2CCN(CC(=O)N3c4ccccc4NC(=O)c4ccccc43)CC2)CC1.O=C(O)C(F)(F)F.O=C(O)C(F)(F)F.O=C(O)C(F)(F)F.O=C(O)C(F)(F)F.O=C(O)C(F)(F)F,Scientific Literature,Displacement of [3H]-NMS from human muscarinic M2 receptor expressed in CHO cell membranes assessed as inhibition constant by radioligand competition analysis,B,Homo sapiens,,Eur J Med Chem,2021.0,Muscarinic acetylcholine receptor M2,Ki,nM,9.75,1501.27,-0.51
CHEMBL4850130,0.5888,N=C(N)NCCC[C@@H](N)C(=O)NCCN1CCN(CCCC2CCN(CC(=O)N3c4ccccc4NC(=O)c4ccccc43)CC2)CC1.O=C(O)C(F)(F)F.O=C(O)C(F)(F)F.O=C(O)C(F)(F)F.O=C(O)C(F)(F)F.O=C(O)C(F)(F)F,Scientific Literature,Displacement of [3H]-NMS from human muscarinic M2 receptor expressed in CHO cell membranes assessed as inhibition constant by radioligand competition analysis,B,Homo sapiens,,Eur J Med Chem,2021.0,Muscarinic acetylcholine receptor M2,Ki,nM,9.23,1230.98,1.73
CHEMBL4862098,0.9333,CC(=O)NC(=O)[C@H](CCCCN)NC(=O)[C@H](C)NC(=O)[C@H](CCCNC(=N)N)NCCN1CCN(CCC(=O)NC2CCN(CC(=O)N3c4ccccc4NC(=O)c4ccccc43)CC2)CC1.O=C(O)C(F)(F)F.O=C(O)C(F)(F)F.O=C(O)C(F)(F)F.O=C(O)C(F)(F)F.O=C(O)C(F)(F)F,Scientific Literature,Displacement of [3H]-NMS from human muscarinic M2 receptor expressed in CHO cell membranes assessed as inhibition constant by radioligand competition analysis,B,Homo sapiens,,Eur J Med Chem,2021.0,Muscarinic acetylcholine receptor M2,Ki,nM,9.03,1501.27,-0.49
CHEMBL612034,2238.72,CC(=O)O[C@H]1CN2CCC1CC2,Scientific Literature,Binding affinity to human cloned muscarinic M2 receptor expressed in CHO cells,B,Homo sapiens,,Bioorg Med Chem,2008.0,Muscarinic acetylcholine receptor M2,Ki,nM,5.65,169.22,0.64
CHEMBL4856113,0.07943,CC(=O)N[C@@H](CCCN)C(=O)NC(=O)[C@H](C)NC(=O)[C@H](CCNC(=N)N)NCCN1CCN(CCCCC2CCN(CC(=O)N3c4ccccc4NC(=O)c4ccccc43)CC2)CC1.O=C(O)C(F)(F)F.O=C(O)C(F)(F)F.O=C(O)C(F)(F)F.O=C(O)C(F)(F)F.O=C(O)C(F)(F)F,Scientific Literature,Displacement of [3H]-NMS from human muscarinic M2 receptor expressed in CHO cell membranes assessed as inhibition constant by radioligand competition analysis,B,Homo sapiens,,Eur J Med Chem,2021.0,Muscarinic acetylcholine receptor M2,Ki,nM,10.1,1458.24,0.64
CHEMBL27673,27.0,COc1ccccc1CNCCCCCCNCCCCCCCCNCCCCCCNCc1ccccc1OC,Scientific Literature,Displacement of [3H]AF-DX384 from human recombinant M2 receptor expressed in CHO cells,B,Homo sapiens,,J Med Chem,2014.0,Muscarinic acetylcholine receptor M2,Ki,nM,7.57,582.92,7.22
CHEMBL479,38.0,CSc1ccc2c(c1)N(CCC1CCCCN1C)c1ccccc1S2,DrugMatrix,DRUGMATRIX: Muscarinic M2 radioligand binding (ligand: [3H] N-Methylscopolamine),B,,,,,Muscarinic acetylcholine receptor M2,Ki,nM,7.42,370.59,5.89
CHEMBL4081662,630.0,COc1cccc(CCC[N+](C)(C)C)c1.[I-],Scientific Literature,Displacement of [3H]N-methyl-scopolamine bromide from human recombinant muscarinic M2 receptor expressed in HEK293T cell membranes after 1 hr by liquid scintillation counting method,B,Homo sapiens,,J Med Chem,2017.0,Muscarinic acetylcholine receptor M2,Ki,nM,6.2,335.23,2.33
CHEMBL4075227,1200.0,COc1cccc2c1CC(N(C)C)CC2,Scientific Literature,Displacement of [3H]N-methyl-scopolamine bromide from human recombinant muscarinic M2 receptor expressed in HEK293T cell membranes after 1 hr by liquid scintillation counting method,B,Homo sapiens,,J Med Chem,2017.0,Muscarinic acetylcholine receptor M2,Ki,nM,5.92,205.3,2.11
CHEMBL4092348,14000.0,C[N+](C)(C)CCc1cccc(O)c1.O=C[O-],Scientific Literature,Displacement of [3H]N-methyl-scopolamine bromide from human recombinant muscarinic M2 receptor expressed in HEK293T cell membranes after 1 hr by liquid scintillation counting method,B,Homo sapiens,,J Med Chem,2017.0,Muscarinic acetylcholine receptor M2,Ki,nM,4.85,225.29,1.64
CHEMBL4061390,10000.0,C[N+]1(C)CCC(OCc2nccs2)C1.O=C[O-],Scientific Literature,Displacement of [3H]N-methyl-scopolamine bromide from human recombinant muscarinic M2 receptor expressed in HEK293T cell membranes after 1 hr by liquid scintillation counting method,B,Homo sapiens,,J Med Chem,2017.0,Muscarinic acetylcholine receptor M2,Ki,nM,5.0,258.34,1.51
CHEMBL4091934,9120.11,COc1cccc(CC[N+](C)(C)C)c1.O=C[O-],Scientific Literature,Displacement of [3H]N-methyl-scopolamine from human recombinant muscarinic M2 receptor expressed in CHO-FlpIn cells after 6 hrs by liquid scintillation counting method,B,Homo sapiens,,J Med Chem,2017.0,Muscarinic acetylcholine receptor M2,Ki,nM,5.04,239.32,1.94
CHEMBL2205813,1348.0,COc1cccc(CCN2C3C4C5CC6C7C5C3C7C2(O)C64)c1OC,Scientific Literature,Binding affinity to M2 muscarinic receptor,B,,,Bioorg Med Chem Lett,2012.0,Muscarinic acetylcholine receptor M2,Ki,nM,5.87,339.44,2.01
CHEMBL1346,50.0,NC(=O)C(c1ccccc1)(c1ccccc1)[C@@H]1CCN(CCc2ccc3c(c2)CCO3)C1,Scientific Literature,Binding affinity to human muscarinic M2 receptor,B,Homo sapiens,,Bioorg Med Chem Lett,2006.0,Muscarinic acetylcholine receptor M2,Ki,nM,7.3,426.56,3.96
CHEMBL200416,25.0,CCCCC(O)(C#CC1(OC)CN2CCC1CC2)c1ccccc1,Scientific Literature,Binding affinity to human muscarinic M2 receptor,B,Homo sapiens,,Bioorg Med Chem Lett,2006.0,Muscarinic acetylcholine receptor M2,Ki,nM,7.6,327.47,3.18
CHEMBL145608,18000.0,OC1(c2cccs2)CN2CCC1CC2,Scientific Literature,Binding affinity for muscarinic acetylcholine receptor M2 by measuring displacement of [3H]QNB from guinea pig heart,B,Cavia porcellus,,J Med Chem,1995.0,Muscarinic acetylcholine receptor M2,Ki,nM,,209.31,1.66
CHEMBL28651,10000.0,CSc1ccc(N2CCN(Cc3c[nH]c4ncccc34)CC2)cc1,Scientific Literature,Binding affinity to cloned Muscarinic acetylcholine receptor M2,B,,,Bioorg Med Chem Lett,2001.0,Muscarinic acetylcholine receptor M2,Ki,nM,,338.48,3.61
CHEMBL91404,0.13,CCOC(=O)N1CCC(N2CCC(C(=O)c3ccc(S(=O)(=O)c4ccc5c(c4)OCO5)cc3)CC2)CC1,Scientific Literature,Binding affinity at human cloned acetylcholine receptor M2 in CHO cells.,B,,,Bioorg Med Chem Lett,2000.0,Muscarinic acetylcholine receptor M2,Ki,nM,9.89,528.63,3.76
CHEMBL74305,692.0,CCN(CC)CCOCCOC(=O)C1(c2ccc(OC)cc2)CCCC1,Scientific Literature,Binding affinity towards muscarinic m2 receptor,B,,,J Med Chem,1994.0,Muscarinic acetylcholine receptor M2,Ki,nM,6.16,363.5,3.41
CHEMBL420008,1.14,C=C(c1ccc(S(=O)(=O)c2ccc(OC)cc2)cc1)C1CCN(C2CCNCC2)CC1,Scientific Literature,Binding affinity to muscarinic M2 receptor,B,Homo sapiens,,Bioorg Med Chem Lett,2007.0,Muscarinic acetylcholine receptor M2,Ki,nM,8.94,440.61,4.01
CHEMBL376897,0.4266,C[N+]1(C)[C@@H]2C[C@@H](OC(=O)[C@H](CO)c3ccccc3)C[C@H]1[C@@H]1O[C@@H]12,Scientific Literature,Displacement of [3H]-NMS from wild-type human muscarinic M2 receptor expressed in Flp-In-CHO cells by liquid scintillation counting,B,Homo sapiens,,J Med Chem,2014.0,Muscarinic acetylcholine receptor M2,Ki,nM,9.37,318.39,1.06
CHEMBL168815,851.14,CC1OC2(CS1)CN1CCC2CC1,Scientific Literature,Displacement of [3H]NMS from human muscarinic M2 receptor transfected in CHO cells after 120 mins by scintillation counting analysis,B,Homo sapiens,,Bioorg Med Chem Lett,2014.0,Muscarinic acetylcholine receptor M2,Ki,nM,6.07,199.32,1.56
CHEMBL496915,38.02,CN1CCC[C@@H]1[C@@H]1C[S+]([O-])[C@@](c2ccccc2)(C2CCCCC2)O1,Scientific Literature,Displacement of [3H]NMS from human muscarinic M2 receptor expressed in CHO cells,B,Homo sapiens,,Bioorg Med Chem,2008.0,Muscarinic acetylcholine receptor M2,Ki,nM,7.42,347.52,3.66
CHEMBL1455766,1000.0,Cc1ccc(S(=O)(=O)NCc2ccc(C(=O)NCCN(Cc3ccccc3)C(C)C)cc2)cc1,Scientific Literature,Binding affinity to muscarinic M2 receptor (unknown origin),B,Homo sapiens,,Bioorg Med Chem Lett,2014.0,Muscarinic acetylcholine receptor M2,Ki,nM,,479.65,4.11
CHEMBL12098,0.89,Cc1cccc(C(=O)N2CCC(N3CCC(Cc4ccc(S(=O)(=O)c5cccc(Cl)c5)cc4)CC3)CC2)c1N,Scientific Literature,Binding affinity against cloned human muscarinic acetylcholine receptor M2.,B,,,Bioorg Med Chem Lett,2004.0,Muscarinic acetylcholine receptor M2,Ki,nM,9.05,566.17,5.62
CHEMBL64000,2.63,CC(=O)OC1CC2CCCC1N2,Scientific Literature,Binding affinity to human cloned muscarinic M2 receptor expressed in CHO cells,B,Homo sapiens,,Bioorg Med Chem,2008.0,Muscarinic acetylcholine receptor M2,Ki,nM,8.58,169.22,0.83
CHEMBL550,12022.64,CC[C@@H]1C(=O)OC[C@@H]1Cc1cncn1C,Scientific Literature,Binding affinity to human cloned muscarinic M2 receptor expressed in CHO cells,B,Homo sapiens,,Bioorg Med Chem,2008.0,Muscarinic acetylcholine receptor M2,Ki,nM,4.92,208.26,1.16
CHEMBL305026,0.8,Cc1cccc(C)c1C(=O)N1CCC(N2CCN([C@@H](C)c3ccc(S(=O)(=O)c4ccc5c(c4)OCO5)cc3)[C@H](C)C2)CC1,Scientific Literature,Affinity for Muscarinic acetylcholine receptor M2,B,,,Bioorg Med Chem Lett,2001.0,Muscarinic acetylcholine receptor M2,Ki,nM,9.1,603.79,5.24
CHEMBL516,12.0,CN1CCC(=C2c3ccccc3C=Cc3ccccc32)CC1,DrugMatrix,DRUGMATRIX: Muscarinic M2 radioligand binding (ligand: [3H] N-Methylscopolamine),B,,,,,Muscarinic acetylcholine receptor M2,Ki,nM,7.92,287.41,4.7
CHEMBL4129580,57.54,c1ccc(C2(c3ccccc3)COC[C@H](CO[C@H]3CN4CCC3CC4)O2)cc1,Scientific Literature,Displacement of [3H]NMS from recombinant human muscarinic M2 receptor expressed in CHOK1 cell membranes after 120 mins by scintillation counting method,B,Homo sapiens,,Eur J Med Chem,2017.0,Muscarinic acetylcholine receptor M2,Ki,nM,7.24,379.5,3.46
CHEMBL3289391,2.52,C[N+]1(C)CCC[C@H](OC(=O)C(O)(c2ccccc2)c2ccccc2)C1.[Br-],Scientific Literature,Displacement of [3H]NMS from human M2R expressed in CHOK1 cells after 2 hrs by scintillation counting analysis,B,Homo sapiens,,Bioorg Med Chem,2014.0,Muscarinic acetylcholine receptor M2,Ki,nM,8.6,420.35,2.7
CHEMBL12587,489.78,C[C@@H]1O[C@H](C[N+](C)(C)C)C[C@H]1O,Scientific Literature,Binding affinity to human cloned muscarinic M2 receptor expressed in CHO cells,B,Homo sapiens,,Bioorg Med Chem,2008.0,Muscarinic acetylcholine receptor M2,Ki,nM,6.31,174.26,0.23
CHEMBL1172,38.0,Clc1ccc2c(c1)CCc1cccnc1C2=C1CCNCC1,DrugMatrix,DRUGMATRIX: Muscarinic M2 radioligand binding (ligand: [3H] N-Methylscopolamine),B,,,,,Muscarinic acetylcholine receptor M2,Ki,nM,7.42,310.83,4.02
CHEMBL144247,20000.0,OC1(c2ccccn2)CN2CCC1CC2,Scientific Literature,Binding affinity for muscarinic acetylcholine receptor M2 by measuring displacement of [3H]QNB from guinea pig heart,B,Cavia porcellus,,J Med Chem,1995.0,Muscarinic acetylcholine receptor M2,Ki,nM,4.7,204.27,0.99
CHEMBL5089005,640.77,COc1ccc(NC(=O)c2ccc(-c3ccc(-c4noc(C)n4)cc3C)cc2)cc1OCCN(C)C.Cl,EUbOPEN Chemogenomic Library,"PDSP Secondary Binding target: CHRM2 - Compounds are tested at 10 uM concentration, plate are incubated at room temperature in the dark for 90 minutes. Reaction are stopped by vacuum filtration onto 0.3% polyethyleneimine soaked filter mats using Filtermate harvester. Scintillation cocktail is then melted onto microwave-dried filters on a hot plate and the radio activity is counted in Microbia counter. Compounds showing a minimum of 50% inhibition at 10 uM concentration are carried forward in this secondary binding assay to determine equilibrium binding affinity.",B,Homo sapiens,,,2024.0,Muscarinic acetylcholine receptor M2,Ki,nM,6.19,523.03,5.22
CHEMBL166685,4.4,CC(=O)Nc1ccccc1C(=O)N1CCC(N2CCN([C@@H](C)c3ccc(S(=O)(=O)c4ccc5c(c4)OCO5)cc3)[C@H](C)C2)CC1,Scientific Literature,Binding affinity against human muscarinic acetylcholine receptor M2 using [3H]N-methylscopolamine as radioligand,B,,,Bioorg Med Chem Lett,2002.0,Muscarinic acetylcholine receptor M2,Ki,nM,8.36,632.78,4.58
CHEMBL72956,36.0,CC(c1ccc(S(=O)(=O)c2ccc(S(C)(=O)=O)cc2)cc1)N1CCN(C2CCCCC2)CC1,Scientific Literature,Binding affinity towards the cloned human Muscarinic acetylcholine receptor M2,B,,,Bioorg Med Chem Lett,2000.0,Muscarinic acetylcholine receptor M2,Ki,nM,7.44,490.69,3.93
CHEMBL349142,0.3,C[C@@H]1CN(C2CCN(C(=O)c3ccc(Cl)cc3Cl)CC2)CCN1[C@@H](C)c1ccc(S(=O)(=O)c2ccc3c(c2)OCO3)cc1,Scientific Literature,Binding affinity against human muscarinic acetylcholine receptor M2 using [3H]N-methylscopolamine as radioligand,B,,,Bioorg Med Chem Lett,2002.0,Muscarinic acetylcholine receptor M2,Ki,nM,9.52,644.62,5.93
CHEMBL4778178,1230.27,O=C(CCN1CCCc2ccccc21)NCc1ccco1,Scientific Literature,Displacement of [3H]-NMS from muscarinic M2 receptor (unknown origin) expressed in CHO-K1 cell membranes assessed as inhibition constant by radioligand competition analysis,B,Homo sapiens,,Bioorg Med Chem Lett,2020.0,Muscarinic acetylcholine receptor M2,Ki,nM,5.91,284.36,2.74
CHEMBL4758633,5128.61,O=C(CCN1CCCc2ccccc21)N1CCC[C@H]1CO,Scientific Literature,Displacement of [3H]-NMS from muscarinic M2 receptor (unknown origin) expressed in CHO-K1 cell membranes assessed as inhibition constant by radioligand competition analysis,B,Homo sapiens,,Bioorg Med Chem Lett,2020.0,Muscarinic acetylcholine receptor M2,Ki,nM,5.29,288.39,1.81
CHEMBL4760037,5128.61,O=C(CCN1CCCc2ccccc21)N1CCCC1CO,Scientific Literature,Displacement of [3H]-NMS from muscarinic M2 receptor (unknown origin) expressed in CHO-K1 cell membranes assessed as inhibition constant by radioligand competition analysis,B,Homo sapiens,,Bioorg Med Chem Lett,2020.0,Muscarinic acetylcholine receptor M2,Ki,nM,5.29,288.39,1.81
CHEMBL1242923,2200.0,O=C(Cc1ccccc1)NC1CCN(CCCN2C(=O)COc3ccccc32)CC1,Scientific Literature,Displacement of [3H]-AFDX-384 from human muscarinic M2 receptor expressed in CHO-K1 cells,B,Homo sapiens,,J Med Chem,2010.0,Muscarinic acetylcholine receptor M2,Ki,nM,5.66,407.51,2.63
CHEMBL3350062,100000.0,C[C@@H]1O[C@H]([C@H]2CCCN2C)C[S@@+]1[O-],Scientific Literature,Binding affinity to cloned human muscarinic M2 receptor expressed in CHO cells,B,Homo sapiens,,J Med Chem,2006.0,Muscarinic acetylcholine receptor M2,Ki,nM,,203.31,0.57
CHEMBL1258671,10000.0,CCCCN1CCC(COC(=O)c2cc(F)c(N)c3c2OCCO3)CC1,Scientific Literature,Binding affinity to human muscarinic M2 receptor,B,Homo sapiens,,J Med Chem,2010.0,Muscarinic acetylcholine receptor M2,Ki,nM,,366.43,2.85
CHEMBL7568,343.0,CCN(CC)CCCC(C)Nc1c2ccc(Cl)cc2nc2ccc(OC)cc12,DrugMatrix,DRUGMATRIX: Muscarinic M2 radioligand binding (ligand: [3H] N-Methylscopolamine),B,,,,,Muscarinic acetylcholine receptor M2,Ki,nM,6.46,399.97,5.97
CHEMBL205654,63.1,Cc1c(NC2CC2)nc(C2CC2)nc1N1CCCCCC1,Scientific Literature,Binding affinity to muscarinic M2 receptor,B,Homo sapiens,,Bioorg Med Chem Lett,2006.0,Muscarinic acetylcholine receptor M2,Ki,nM,7.2,286.42,3.62
CHEMBL76,4677.35,CCN(CC)CCCC(C)Nc1ccnc2cc(Cl)ccc12,SARS-CoV-2 Screening Data,Activity of compound against Muscarinic acetylcholine receptor M2 (CHRM2) by displacement of 3H-QNB,B,Homo sapiens,,Nature,2020.0,Muscarinic acetylcholine receptor M2,Ki,nM,5.33,319.88,4.81
CHEMBL157101,9368.0,CC(=O)N1CCN(c2ccc(OCC3COC(Cn4ccnc4)(c4ccc(Cl)cc4Cl)O3)cc2)CC1,DrugMatrix,DRUGMATRIX: Muscarinic M2 radioligand binding (ligand: [3H] N-Methylscopolamine),B,,,,,Muscarinic acetylcholine receptor M2,Ki,nM,5.03,531.44,4.21
CHEMBL4471882,0.3631,CCC(=O)NCc1cc(C(=O)NCCN2CCC(N3CCC(n4c(=O)[nH]c5ccccc54)CC3)CC2)cc(C(=O)NCCN2CCN(CCCCC3CCN(CC(=O)N4c5ccccc5NC(=O)c5ccccc54)CC3)CC2)c1,Scientific Literature,Displacement of [3H]-NMS from human muscarinic M2 receptor expressed in CHO-K9 cells after 3 hrs by microbeta2 scintillation counting method,B,Homo sapiens,,J Med Chem,2019.0,Muscarinic acetylcholine receptor M2,Ki,nM,9.44,1077.39,
CHEMBL4569639,0.07943,CC(=O)N[C@@H](CCCCN)C(=O)N[C@@H](Cc1ccc(O)cc1)C(=O)NCCN1CCN(CCCCC2CCN(CC(=O)N3c4ccccc4NC(=O)c4ccccc43)CC2)CC1.O=C(O)C(F)(F)F.O=C(O)C(F)(F)F.O=C(O)C(F)(F)F.O=C(O)C(F)(F)F,Scientific Literature,Displacement of [3H]-NMS from human muscarinic M2 receptor expressed in CHO-K9 cells after 3 hrs by microbeta2 scintillation counting method,B,Homo sapiens,,J Med Chem,2019.0,Muscarinic acetylcholine receptor M2,Ki,nM,10.1,1308.18,3.6
CHEMBL569713,3.311,CN1[C@@H]2C[C@@H](OC(=O)[C@H](CO)c3ccccc3)C[C@H]1[C@@H]1O[C@@H]12,Scientific Literature,Displacement of [3H]-NMS from human muscarinic M2 Y177Q mutant expressed in Flp-In-CHO cells by liquid scintillation counting,B,Homo sapiens,,J Med Chem,2014.0,Muscarinic acetylcholine receptor M2,Ki,nM,8.48,303.36,0.92
CHEMBL608151,199.53,CCOC[C@H]1[C@@H]2CNC[C@@]21c1ccc(Cl)c(Cl)c1,Scientific Literature,Inhibition of muscarinic M2 receptor,B,,,J Med Chem,2010.0,Muscarinic acetylcholine receptor M2,Ki,nM,6.7,286.2,3.12
CHEMBL2426674,1949.84,COc1ccc(CC(=O)N2CCC3(CC2)CN(Cc2ccc(-c4ncccn4)cc2Cl)C3)cc1,Scientific Literature,Displacement of N-methyl [3H]-scopolamine from recombinant human muscarinic acetylcholine receptor M2 expressed in CHO cells after 2 hrs by liquid scintillation counting,B,Homo sapiens,,Bioorg Med Chem Lett,2013.0,Muscarinic acetylcholine receptor M2,Ki,nM,5.71,477.01,4.47
CHEMBL4635566,120.0,O=C(Nc1ccccc1-c1ccc(Cl)cc1)OCC1CCNCC1,Scientific Literature,Displacement of [3H]N-methylscopolamine from human muscarinic M2 receptor transiently expressed in HEK293T cell membranes incubated for 1 hr by scintillation counting method,A,Homo sapiens,,J Med Chem,2020.0,Muscarinic acetylcholine receptor M2,Ki,nM,6.92,344.84,4.56
CHEMBL4637749,370.0,C[N@+]12CC[C@H](CC1)[C@@H](NC(=O)Nc1ccc(F)cc1-c1ccccc1)C2.O=C([O-])C(F)(F)F,Scientific Literature,Displacement of [3H]N-methylscopolamine from human muscarinic M2 receptor transiently expressed in HEK293T cell membranes incubated for 1 hr by scintillation counting method,A,Homo sapiens,,J Med Chem,2020.0,Muscarinic acetylcholine receptor M2,Ki,nM,6.43,467.46,3.85
CHEMBL2432043,8846.0,CN(Cc1cccnc1)[C@H]1C2C3CC4C2C(=O)C2C4C3C21,Scientific Literature,Inhibition of muscarinic M2 receptor (unknown origin) by PDSP assay,B,Homo sapiens,,Bioorg Med Chem,2013.0,Muscarinic acetylcholine receptor M2,Ki,nM,5.05,280.37,1.84
CHEMBL539373,41.69,C[N+]1(C)CCC[C@H]1[C@H]1C[S+]([O-])C(c2ccccc2)(c2ccccc2)O1.[I-],Scientific Literature,Displacement of [3H]NMS from human muscarinic M2 receptor expressed in CHO cells,B,Homo sapiens,,Bioorg Med Chem,2008.0,Muscarinic acetylcholine receptor M2,Ki,nM,7.38,483.42,3.27
CHEMBL555146,462.0,C[C@@H]1CCCN1CCc1cc2cc(C(=O)c3ccc(F)cc3)ccc2o1,Scientific Literature,Binding affinity to human recombinant M2 receptor,B,Homo sapiens,,J Med Chem,2012.0,Muscarinic acetylcholine receptor M2,Ki,nM,6.33,351.42,4.83
CHEMBL517712,1.5,CN1[C@@H]2CC[C@H]1C[C@@H](OC(=O)C(CO)c1ccccc1)C2,Scientific Literature,Binding affinity (Ki) against binding of [3H]NMS to membranes from CHO cells expressing cloned human Muscarinic acetylcholine receptor M2,B,Homo sapiens,,J Med Chem,2002.0,Muscarinic acetylcholine receptor M2,Ki,nM,8.82,289.38,1.93
CHEMBL21536,50.12,CCCCCCOc1nsnc1C1=CCCN(C)C1,Scientific Literature,Inhibition of [3H](R)-QNB binding to human M2 receptor expressed in A9 L cells,B,Homo sapiens,,J Med Chem,2006.0,Muscarinic acetylcholine receptor M2,Ki,nM,7.3,281.42,3.22
CHEMBL1200993,467.74,CC[N+](CC)(CC)CCOc1cccc(OCC[N+](CC)(CC)CC)c1OCC[N+](CC)(CC)CC.[I-].[I-].[I-],Scientific Literature,Displacement of [3H]UNSW-MK259 from human muscarinic acetylcholine receptor M2 expressed in CHOK9 cells after 3 hrs by liquid scintillation counting assay,B,Homo sapiens,,J Med Chem,2017.0,Muscarinic acetylcholine receptor M2,Ki,nM,6.33,891.54,5.45
CHEMBL14,100.0,C[N+](C)(C)CCOC(N)=O.[Cl-],Scientific Literature,Inhibition of [3H](R)-QNB binding to human M2 receptor expressed in A9 L cells,B,Homo sapiens,,J Med Chem,2006.0,Muscarinic acetylcholine receptor M2,Ki,nM,7.0,182.65,-0.21
CHEMBL1231,9.612,CCN(CC)CC#CCOC(=O)C(O)(c1ccccc1)C1CCCCC1,DrugMatrix,DRUGMATRIX: Muscarinic M2 radioligand binding (ligand: [3H] N-Methylscopolamine),B,,,,,Muscarinic acetylcholine receptor M2,Ki,nM,8.02,357.49,3.34
CHEMBL2111540,2.78,COc1ccc([S@@+]([O-])c2ccc(C(C#N)N3CCN(C4CCCCC4)CC3)cc2)cc1,Scientific Literature,Binding affinity against Muscarinic acetylcholine receptor M2,B,,,Bioorg Med Chem Lett,2000.0,Muscarinic acetylcholine receptor M2,Ki,nM,8.56,437.61,4.38
CHEMBL3480577,4430.0,Cc1ccc2nc(CNCCCOc3ccccc3)cc(O)c2c1,SGC Frankfurt - Donated Chemical Probes,GPCRScan assay: inhibition of M2,B,Homo sapiens,,,2021.0,Muscarinic acetylcholine receptor M2,Ki,nM,5.35,322.41,3.81
CHEMBL4644612,0.7943,CC1(C)C(/C=C/C=C/C=C2/N(CCCCCC(=O)NCCNC(=O)CCc3cn(CCCCC4CCN(CC(=O)N5c6ccccc6NC(=O)c6ccccc65)CC4)cn3)c3ccc(S(=O)(=O)O)cc3C2(C)C)=[N+](CCCCS(=O)(=O)[O-])c2ccccc21.O=C(O)C(F)(F)F,Scientific Literature,Displacement of [3H]-NMS from human muscarinic M2 receptor stably expressed in CHO-K9 cells by radioligand competitive binding assay,B,Homo sapiens,,J Med Chem,2020.0,Muscarinic acetylcholine receptor M2,Ki,nM,9.1,1352.61,
CHEMBL4089376,3548.13,Cc1c(Cl)c(OCC(=O)N2CCN(C)CC2)nc2sc(C(=O)NC3CC3)c(N)c12,Scientific Literature,"Displacement of 4-(2-((1E,3E)-5-((E)-3,3-Dimethyl-1-(6-oxo-6-((2-(4-(4-(1-(2-oxo-2-(11-oxo-10,11-dihydro-5H-dibenzo[b,e][1,4]diazepin-5-yl)ethyl)piperidin-4-yl)butyl)piperazin-1-yl)ethyl)amino)hexyl)-5-sulfoindolin-2-ylidene)penta-1,3-dien-1-yl)-3,3-dimethyl-3H-indol-1-ium-1-yl)butane-1-sulfonate Bis(hydrotrifluoroacetate) fluorescent tracer from human muscarinic M2 receptor expressed in CHO-K9 cells measured after 60 mins by Hoechst H33342 dye based confocal plate reader assay",B,Homo sapiens,,J Med Chem,2020.0,Muscarinic acetylcholine receptor M2,Ki,nM,5.45,437.95,1.89
CHEMBL493980,1023.29,CN1CCC[C@H]1[C@H]1C[S+]([O-])[C@@](c2ccccc2)(C2CCCCC2)O1,Scientific Literature,Displacement of [3H]NMS from human muscarinic M2 receptor expressed in CHO cells,B,Homo sapiens,,Bioorg Med Chem,2008.0,Muscarinic acetylcholine receptor M2,Ki,nM,5.99,347.52,3.66
CHEMBL73245,0.4603,C=C(c1ccc(S(=O)(=O)c2ccc(OC)cc2)cc1)C1CCN(C2CCN(S(=O)(=O)CC)CC2)CC1,Scientific Literature,Binding affinity to muscarinic M2 receptor,B,Homo sapiens,,Bioorg Med Chem Lett,2007.0,Muscarinic acetylcholine receptor M2,Ki,nM,9.34,532.73,4.07
CHEMBL4127428,199.53,C[C@@]1(C(=O)O[C@H]2CN3CCC2CC3)COCC(c2ccccc2)(c2ccccc2)O1,Scientific Literature,Displacement of [3H]NMS from recombinant human muscarinic M2 receptor expressed in CHOK1 cell membranes after 120 mins by scintillation counting method,B,Homo sapiens,,Eur J Med Chem,2017.0,Muscarinic acetylcholine receptor M2,Ki,nM,6.7,407.51,3.37
CHEMBL493979,107.15,CN1CCC[C@@H]1[C@@H]1C[S+]([O-])[C@](c2ccccc2)(C2CCCCC2)O1,Scientific Literature,Displacement of [3H]NMS from human muscarinic M2 receptor expressed in CHO cells,B,Homo sapiens,,Bioorg Med Chem,2008.0,Muscarinic acetylcholine receptor M2,Ki,nM,6.97,347.52,3.66
CHEMBL4646116,3.02,Cc1cc(/C=C/C=C/c2ccc(N(C)C)cc2)cc(C)[n+]1CCN1CCN(CCCCC2CCN(CC(=O)N3c4ccccc4NC(=O)c4ccccc43)CC2)CC1.O=C(O)C(F)(F)F.O=C(O)C(F)(F)F.O=C(O)C(F)(F)F.O=C([O-])C(F)(F)F,Scientific Literature,Displacement of [3H]-NMS from human muscarinic M2 receptor stably expressed in CHO-K9 cells by radioligand competitive binding assay,B,Homo sapiens,,J Med Chem,2020.0,Muscarinic acetylcholine receptor M2,Ki,nM,8.52,1236.16,7.81
CHEMBL418446,6.6,CC(=C1CCN(C2CCN(C(=O)c3cccc(C)c3N)CC2)CC1)c1ccc([S+]([O-])C(C)C)cc1,Scientific Literature,Binding affinity for human Muscarinic acetylcholine receptor M2,B,Homo sapiens,,J Med Chem,2002.0,Muscarinic acetylcholine receptor M2,Ki,nM,8.18,493.72,5.27
CHEMBL59898,1096.48,CCOC(=O)c1c(C)[nH]c2ccc3c(c12)CN1CCc2cc(OC)ccc2C1O3,Scientific Literature,Displacement of [3H]N-methylscopolamine from human muscarinic M2 receptor expressed in CHO-K1 cells,B,Homo sapiens,,Bioorg Med Chem Lett,2008.0,Muscarinic acetylcholine receptor M2,Ki,nM,5.96,392.46,4.11
CHEMBL4535474,512.86,CNCc1ccccc1-c1csc([C@@H](C)Nc2nc(C)nc3cc(OC)c(OC)cc23)c1,SGC Frankfurt - Donated Chemical Probes,GPCRScan assay: inhibition of M2,B,Homo sapiens,,,2021.0,Muscarinic acetylcholine receptor M2,Ki,nM,6.29,448.59,5.58
CHEMBL648,412.0,CN1CCN(C(c2ccccc2)c2ccccc2)CC1,DrugMatrix,DRUGMATRIX: Muscarinic M2 radioligand binding (ligand: [3H] N-Methylscopolamine),B,,,,,Muscarinic acetylcholine receptor M2,Ki,nM,6.38,266.39,3.02
CHEMBL113436,2500.0,Cc1ccnc(C)c1C(=O)N1CCC(C)(N2CCN([C@@H](C)c3ccc(C(F)(F)F)cc3)[C@@H](C)C2)CC1,Scientific Literature,Binding affinity against muscarinic acetylcholine receptor M2,B,,,J Med Chem,2001.0,Muscarinic acetylcholine receptor M2,Ki,nM,5.6,502.63,5.48
CHEMBL467094,10000.0,COc1cc2c3c(c1OC)-c1cc4c(cc1CC3N(C)CC2)OCO4,Scientific Literature,Displacement of [3H]QNB from human muscarinic M2 receptor,B,Homo sapiens,,Bioorg Med Chem Lett,2010.0,Muscarinic acetylcholine receptor M2,Ki,nM,,339.39,3.18
CHEMBL343236,160.0,c1ccc2c(c1)CC(C1CN3CCC1CC3)O2,Scientific Literature,Binding affinity for muscarinic acetylcholine receptor M2 by measuring displacement of [3H]QNB from guinea pig heart,B,Cavia porcellus,,J Med Chem,1995.0,Muscarinic acetylcholine receptor M2,Ki,nM,6.8,229.32,2.33
CHEMBL4648071,31.0,O=C(Nc1ccc(F)cc1-c1cccc(Cl)c1)O[C@H]1CN2CCC1CC2,Scientific Literature,Displacement of [3H]N-methylscopolamine from human muscarinic M2 receptor transiently expressed in HEK293T cell membranes incubated for 1 hr by scintillation counting method,A,Homo sapiens,,J Med Chem,2020.0,Muscarinic acetylcholine receptor M2,Ki,nM,7.51,374.84,4.79
CHEMBL14,100.0,C[N+](C)(C)CCOC(N)=O.[Cl-],Scientific Literature,Compound was tested for binding inhibition of [3H](R)-QNB to Muscarinic acetylcholine receptor M2 expressed in A9 L cells,B,,,J Med Chem,2003.0,Muscarinic acetylcholine receptor M2,Ki,nM,7.0,182.65,-0.21
CHEMBL4442460,14000.0,COc1ccccc1N1CCN(CCCNC(=O)NN(Cc2ccccc2)c2ccccc2)CC1,Scientific Literature,Displacement of [3H] NMS from muscarinic M2 receptor (unknown origin),B,Homo sapiens,,J Med Chem,2019.0,Muscarinic acetylcholine receptor M2,Ki,nM,4.85,473.62,4.13
CHEMBL43383,4.266,CCN(CC)CCCCC1CCN(CC(=O)N2c3ccccc3C(=O)Nc3cccnc32)CC1,Scientific Literature,Displacement of [3H]-NMS from human muscarinic M2 receptor expressed in stable CHO-K1 cells by radioligand binding assay,B,Homo sapiens,,J Med Chem,2019.0,Muscarinic acetylcholine receptor M2,Ki,nM,8.37,463.63,4.54
CHEMBL4645845,0.5888,NCCNC(=O)CCc1cn(CCCCC2CCN(CC(=O)N3c4ccccc4NC(=O)c4ccccc43)CC2)cn1.O=C(O)C(F)(F)F.O=C(O)C(F)(F)F.O=C(O)C(F)(F)F,Scientific Literature,Displacement of [3H]-NMS from human muscarinic M2 receptor stably expressed in CHO-K9 cells by radioligand competitive binding assay,B,Homo sapiens,,J Med Chem,2020.0,Muscarinic acetylcholine receptor M2,Ki,nM,9.23,913.79,3.7
CHEMBL4097258,0.1072,CCC(=O)NCc1cc(C(=O)NCCNC(=O)CCc2cn(CCCCC3CCN(CC(=O)N4c5ccccc5NC(=O)c5ccccc54)CC3)cn2)cc(C(=O)NCCNC(=O)CCc2cn(CCCCC3CCN(CC(=O)N4c5ccccc5NC(=O)c5ccccc54)CC3)cn2)c1.O=C(O)C(F)(F)F.O=C(O)C(F)(F)F.O=C(O)C(F)(F)F.O=C(O)C(F)(F)F,Scientific Literature,Displacement of [3H]UNSW-MK259 from human muscarinic acetylcholine receptor M2 expressed in CHOK9 cells after 3 hrs by liquid scintillation counting assay,B,Homo sapiens,,J Med Chem,2017.0,Muscarinic acetylcholine receptor M2,Ki,nM,9.97,1814.75,
CHEMBL4070155,1.738,CCCN(CCC)CC1CCCCN1CCNC(=O)N1c2ccccc2NC(=O)c2cccnc21,Scientific Literature,Displacement of [3H]UNSW-MK259 from human muscarinic acetylcholine receptor M2 expressed in CHOK9 cells after 3 hrs by liquid scintillation counting assay,B,Homo sapiens,,J Med Chem,2017.0,Muscarinic acetylcholine receptor M2,Ki,nM,8.76,478.64,4.47
CHEMBL517712,0.344,CN1[C@@H]2CC[C@H]1C[C@@H](OC(=O)C(CO)c1ccccc1)C2,Scientific Literature,muscarinic acetylcholine receptor M1,B,Cricetulus griseus,,J Med Chem,1991.0,Muscarinic acetylcholine receptor M2,Ki,nM,9.46,289.38,1.93
CHEMBL3323288,91.2,C[N+](C)(C)CCCCCC[N+](C)(C)CC#CCOC1=NOCC1.[Br-].[Br-],Scientific Literature,Displacement of [3H]-NMS from human muscarinic M2 Y177Q mutant expressed in Flp-In-CHO cells by liquid scintillation counting,B,Homo sapiens,,J Med Chem,2014.0,Muscarinic acetylcholine receptor M2,Ki,nM,7.04,485.31,2.08
CHEMBL3323284,6.166,CC(C)(CN1C(=O)c2cccc3cccc(c23)C1=O)C[N+](C)(C)CCCCCC[N+]1(C)[C@@H]2C[C@H](OC(=O)[C@H](CO)c3ccccc3)C[C@H]1[C@@H]1O[C@@H]12.[Br-].[Br-],Scientific Literature,Displacement of [3H]-NMS from wild-type human muscarinic M2 receptor expressed in Flp-In-CHO cells by liquid scintillation counting,B,Homo sapiens,,J Med Chem,2014.0,Muscarinic acetylcholine receptor M2,Ki,nM,8.21,857.73,5.55
CHEMBL3323285,100.0,CN(C)CC#CCOC1=NOCC1,Scientific Literature,Displacement of [3H]-NMS from wild-type human muscarinic M2 receptor expressed in Flp-In-CHO cells by liquid scintillation counting,B,Homo sapiens,,J Med Chem,2014.0,Muscarinic acetylcholine receptor M2,Ki,nM,7.0,182.22,0.3
CHEMBL2432044,1939.0,CN(CCc1ccccc1)[C@H]1C2C3CC4C2C(=O)C2C4C3C21,Scientific Literature,Inhibition of muscarinic M2 receptor (unknown origin) by PDSP assay,B,Homo sapiens,,Bioorg Med Chem,2013.0,Muscarinic acetylcholine receptor M2,Ki,nM,5.71,293.41,2.49
CHEMBL2432040,474.0,CN(Cc1ccccc1)[C@H]1C2C3CC4C2C(=O)C2C4C3C21,Scientific Literature,Inhibition of muscarinic M2 receptor (unknown origin) by PDSP assay,B,Homo sapiens,,Bioorg Med Chem,2013.0,Muscarinic acetylcholine receptor M2,Ki,nM,6.32,279.38,2.44
CHEMBL220553,100000.0,CN1CCC[C@H]1[C@H]1CNC(=O)O1,Scientific Literature,Displacement of [3H]NMS from human muscarinic M2 receptor expressed in CHO cells,B,Homo sapiens,,Bioorg Med Chem Lett,2013.0,Muscarinic acetylcholine receptor M2,Ki,nM,,170.21,0.19
CHEMBL4470924,9.2,O=C(OC1C[N+]2(CCCc3cccc(Br)c3)CCC1CC2)C(O)(c1ccccc1)c1ccccc1.[Br-],Scientific Literature,Displacement of [3H]NMS from human M2R expressed in CHOK1 cell membranes incubated for 2 hrs by microbeta scintillation counting method,B,Homo sapiens,,Bioorg Med Chem,2019.0,Muscarinic acetylcholine receptor M2,Ki,nM,8.04,615.41,5.47
CHEMBL4871153,0.2884,CC(=O)NC(=O)[C@H](CCCCN)NC(=O)[C@H](C)NC(=O)[C@H](CCCNC(=N)N)NC1CCN(CCCCC2CCN(CC(=O)N3c4ccccc4NC(=O)c4ccccc43)CC2)CC1.O=C(O)C(F)(F)F.O=C(O)C(F)(F)F.O=C(O)C(F)(F)F.O=C(O)C(F)(F)F,Scientific Literature,Displacement of [3H]-NMS from human muscarinic M2 receptor expressed in CHO cell membranes assessed as inhibition constant by radioligand competition analysis,B,Homo sapiens,,Eur J Med Chem,2021.0,Muscarinic acetylcholine receptor M2,Ki,nM,9.54,1343.23,2.27
CHEMBL277642,10.0,C[C@@H]1OC(=O)[C@H]2C[C@H]3CCCC[C@@H]3[C@@H](/C=C/[C@H]3CCC[C@H](C)N3C)[C@@H]12,Scientific Literature,Binding affinity against human muscarine receptor (hM2) cloned in CHO cells,B,Homo sapiens,,Bioorg Med Chem Lett,2002.0,Muscarinic acetylcholine receptor M2,Ki,nM,8.0,345.53,4.42
CHEMBL352375,25.12,CC(C1=C(CCN(C(C)C)C(C)C)Cc2ccccc21)c1ccccn1,Scientific Literature,Binding affinity towards cloned human muscarinic acetylcholine receptor M2 stably expressed in CHO-K1 cells using [3H]N-methylscopolamine,B,,,J Med Chem,2003.0,Muscarinic acetylcholine receptor M2,Ki,nM,7.6,348.53,5.7
CHEMBL4649420,4.467,C[N+]1=C(/C=C/C=C/C=C2/N(CCCCCC(=O)NCCN3CCN(CCCCC4CCN(CC(=O)N5c6ccccc6NC(=O)c6ccccc65)CC4)CC3)c3ccccc3C2(C)C)C(C)(C)c2ccccc21.O=C(O)C(F)(F)F.O=C(O)C(F)(F)F.O=C(O)C(F)(F)F.O=C([O-])C(F)(F)F,Scientific Literature,Displacement of [3H]-NMS from human muscarinic M2 receptor stably expressed in CHO-K9 cells by radioligand competitive binding assay,B,Homo sapiens,,J Med Chem,2020.0,Muscarinic acetylcholine receptor M2,Ki,nM,8.35,1439.45,10.59
CHEMBL1231,11.75,CCN(CC)CC#CCOC(=O)C(O)(c1ccccc1)C1CCCCC1,Scientific Literature,Displacement of [3H]N-methylscopolamine from human muscarinic M2 receptor expressed in CHO cells after 120 mins by scintillation counting,B,Homo sapiens,,J Med Chem,2012.0,Muscarinic acetylcholine receptor M2,Ki,nM,7.93,357.49,3.34
CHEMBL4649201,17.0,O=C(Nc1ccc(F)cc1-c1ccc(Cl)c(Cl)c1)OCC1CCNCC1,Scientific Literature,Displacement of [3H]N-methylscopolamine from human muscarinic M2 receptor transiently expressed in HEK293T cell membranes incubated for 1 hr by scintillation counting method,A,Homo sapiens,,J Med Chem,2020.0,Muscarinic acetylcholine receptor M2,Ki,nM,7.77,397.28,5.35
CHEMBL4639307,14.0,C[N@+]12CC[C@H](CC1)[C@@H](OC(=O)Nc1ccc(F)cc1-c1ccccc1)C2.O=C([O-])C(F)(F)F,Scientific Literature,Displacement of [3H]N-methylscopolamine from human muscarinic M2 receptor transiently expressed in HEK293T cell membranes incubated for 1 hr by scintillation counting method,A,Homo sapiens,,J Med Chem,2020.0,Muscarinic acetylcholine receptor M2,Ki,nM,7.85,468.45,4.28
CHEMBL4878646,0.1862,NC1CCN(CCCCC2CCN(CC(=O)N3c4ccccc4NC(=O)c4ccccc43)CC2)CC1.O=C(O)C(F)(F)F.O=C(O)C(F)(F)F.O=C(O)C(F)(F)F,Scientific Literature,Displacement of [3H]-NMS from human muscarinic M2 receptor expressed in CHO cell membranes assessed as inhibition constant by radioligand competition analysis,B,Homo sapiens,,Eur J Med Chem,2021.0,Muscarinic acetylcholine receptor M2,Ki,nM,9.73,831.73,4.22
CHEMBL4862996,0.3311,CC(=O)NC(=O)[C@H](CCCCN)NC(=O)[C@H](C)NC(=O)[C@H](CCCNC(=N)N)NCCN1CCN(CCCC2CCN(CC(=O)N3c4ccccc4NC(=O)c4ccccc43)CC2)CC1.O=C(O)C(F)(F)F.O=C(O)C(F)(F)F.O=C(O)C(F)(F)F.O=C(O)C(F)(F)F.O=C(O)C(F)(F)F,Scientific Literature,Displacement of [3H]-NMS from human muscarinic M2 receptor expressed in CHO cell membranes assessed as inhibition constant by radioligand competition analysis,B,Homo sapiens,,Eur J Med Chem,2021.0,Muscarinic acetylcholine receptor M2,Ki,nM,9.48,1472.27,1.03
CHEMBL4863285,0.257,CC(=O)N[C@H](CCCN)C(=O)NC(=O)[C@H](C)NC(=O)[C@H](CCCNC(=N)N)NCCN1CCN(CCCC2CCN(CC(=O)N3c4ccccc4NC(=O)c4ccccc43)CC2)CC1.O=C(O)C(F)(F)F.O=C(O)C(F)(F)F.O=C(O)C(F)(F)F.O=C(O)C(F)(F)F.O=C(O)C(F)(F)F,Scientific Literature,Displacement of [3H]-NMS from human muscarinic M2 receptor expressed in CHO cell membranes assessed as inhibition constant by radioligand competition analysis,B,Homo sapiens,,Eur J Med Chem,2021.0,Muscarinic acetylcholine receptor M2,Ki,nM,9.59,1458.24,0.64
CHEMBL4596899,19.95,CC(=O)N[C@@H](Cc1c[nH]c2ccccc12)C(=O)N[C@@H](C)C(=O)N[C@@H](Cc1ccc(O)cc1)C(=O)NCCCCC1CCN(CC(=O)N2c3ccccc3NC(=O)c3ccccc32)CC1,Scientific Literature,Displacement of [3H]-NMS from human muscarinic M2 receptor expressed in CHO cell membranes assessed as inhibition constant by radioligand competition analysis,B,Homo sapiens,,Eur J Med Chem,2021.0,Muscarinic acetylcholine receptor M2,Ki,nM,7.7,869.04,5.08
CHEMBL2106570,1.54,CC[N+](C)(CC)CCOC(=O)C(O)(c1ccccc1)c1ccccc1.[Br-],Scientific Literature,Displacement of [3H] N-methylscopolamine from human muscarinic M2 receptor expressed in CHOK1 cells after 30 mins by scintillation counting analysis,B,Homo sapiens,,Bioorg Med Chem,2013.0,Muscarinic acetylcholine receptor M2,Ki,nM,8.81,422.36,2.95
CHEMBL4641726,0.5248,CC1(C)C(/C=C/C=C/C=C2/N(CCCCCC(=O)NCCN3CCN(CCCCC4CCN(CC(=O)N5c6ccccc6NC(=O)c6ccccc65)CC4)CC3)c3ccc(S(=O)(=O)O)cc3C2(C)C)=[N+](CCCCS(=O)(=O)[O-])c2ccccc21.O=C(O)C(F)(F)F.O=C(O)C(F)(F)F,Scientific Literature,Displacement of [3H]-NMS from human muscarinic M2 receptor stably expressed in CHO-K9 cells by radioligand competitive binding assay,B,Homo sapiens,,J Med Chem,2020.0,Muscarinic acetylcholine receptor M2,Ki,nM,9.28,1413.61,
CHEMBL4451030,2.042,CC(=O)N[C@@H](CCCCN)C(=O)N[C@@H](CCCNC(=N)N)C(=O)NCCCCC1CCN(CC(=O)N2c3ccccc3NC(=O)c3ccccc32)CC1.O=C(O)C(F)(F)F.O=C(O)C(F)(F)F.O=C(O)C(F)(F)F,Scientific Literature,Competitive displacement of [3H]-NMS from human muscarinic M2 receptor expressed in CHO-K9 cells using 2 nM [3H]-NMS after 3 hrs by microbeta2 scintillation counting method,B,Homo sapiens,,J Med Chem,2019.0,Muscarinic acetylcholine receptor M2,Ki,nM,8.69,1075.0,2.3
CHEMBL4548432,0.4266,CC(=O)N[C@@H](C)C(=O)N[C@@H](C)C(=O)NCCN1CCN(CCCCC2CCN(CC(=O)N3c4ccccc4NC(=O)c4ccccc43)CC2)CC1.O=C(O)C(F)(F)F.O=C(O)C(F)(F)F.O=C(O)C(F)(F)F,Scientific Literature,Displacement of [3H]-NMS from human muscarinic M2 receptor expressed in CHO-K9 cells after 3 hrs by microbeta2 scintillation counting method,B,Homo sapiens,,J Med Chem,2019.0,Muscarinic acetylcholine receptor M2,Ki,nM,9.37,1044.97,2.56
CHEMBL4567026,0.3548,CC(=O)N[C@@H](CCC(N)=O)C(=O)N[C@@H](C)C(=O)N[C@@H](CC(C)C)C(=O)NCCN1CCN(CCCCC2CCN(CC(=O)N3c4ccccc4NC(=O)c4ccccc43)CC2)CC1.O=C(O)C(F)(F)F.O=C(O)C(F)(F)F.O=C(O)C(F)(F)F,Scientific Literature,Displacement of [3H]-NMS from human muscarinic M2 receptor expressed in CHO-K9 cells after 3 hrs by microbeta2 scintillation counting method,B,Homo sapiens,,J Med Chem,2019.0,Muscarinic acetylcholine receptor M2,Ki,nM,9.45,1215.18,2.34
CHEMBL4582069,33.11,CC(=O)N[C@@H](Cc1c[nH]c2ccccc12)C(=O)N[C@@H](Cc1ccc(O)cc1)C(=O)NCCCCC1CCN(CC(=O)N2c3ccccc3NC(=O)c3ccccc32)CC1.O=C(O)C(F)(F)F,Scientific Literature,Displacement of [3H]-NMS from human muscarinic M2 receptor expressed in CHO-K9 cells after 3 hrs by microbeta2 scintillation counting method,B,Homo sapiens,,J Med Chem,2019.0,Muscarinic acetylcholine receptor M2,Ki,nM,7.48,911.98,5.58
CHEMBL4454134,7.762,CC(=O)N[C@@H](CCCCN)C(=O)N[C@@H](C)C(=O)N[C@@H](CCCNC(=N)N)C(=O)NCCCCC1CCN(CC(=O)N2c3ccccc3NC(=O)c3ccccc32)CC1.O=C(O)C(F)(F)F.O=C(O)C(F)(F)F.O=C(O)C(F)(F)F,Scientific Literature,Displacement of [3H]-NMS from human muscarinic M2 receptor expressed in CHO-K9 cells after 3 hrs by microbeta2 scintillation counting method,B,Homo sapiens,,J Med Chem,2019.0,Muscarinic acetylcholine receptor M2,Ki,nM,8.11,1146.08,1.8
CHEMBL4564922,4.169,CC(=O)N[C@@H](CCCCN)C(=O)N[C@@H](CCCNC(=N)N)C(=O)NCC(=O)NCCCCC1CCN(CC(=O)N2c3ccccc3NC(=O)c3ccccc32)CC1.O=C(O)C(F)(F)F.O=C(O)C(F)(F)F.O=C(O)C(F)(F)F,Scientific Literature,Displacement of [3H]-NMS from human muscarinic M2 receptor expressed in CHO-K9 cells after 3 hrs by microbeta2 scintillation counting method,B,Homo sapiens,,J Med Chem,2019.0,Muscarinic acetylcholine receptor M2,Ki,nM,8.38,1132.05,1.41
CHEMBL4468100,30.2,CCCC(C)(C)C(=O)N(CC)CCCC1CCN(CC(=O)N2c3ccc(Cl)cc3C(=O)Nc3cccnc32)CC1,Scientific Literature,Displacement of [3H]-NMS from human muscarinic M2 receptor expressed in CHO-K1 cells by scintillation counting method,B,Homo sapiens,,J Med Chem,2019.0,Muscarinic acetylcholine receptor M2,Ki,nM,7.52,568.16,6.13
CHEMBL2441758,100000.0,CN1CCC[C@H]1COC(N)=O,Scientific Literature,Displacement of [3H]NMS from human muscarinic M2 receptor expressed in CHO cells,B,Homo sapiens,,Bioorg Med Chem Lett,2013.0,Muscarinic acetylcholine receptor M2,Ki,nM,,158.2,0.18
CHEMBL2441755,100000.0,CN(C)C[C@H]1CNC(=O)O1,Scientific Literature,Displacement of [3H]NMS from human muscarinic M2 receptor expressed in CHO cells,B,Homo sapiens,,Bioorg Med Chem Lett,2013.0,Muscarinic acetylcholine receptor M2,Ki,nM,,144.17,-0.34
CHEMBL2441751,100000.0,CN(C)C[C@@H]1CN(C)C(=O)O1,Scientific Literature,Displacement of [3H]NMS from human muscarinic M2 receptor expressed in CHO cells,B,Homo sapiens,,Bioorg Med Chem Lett,2013.0,Muscarinic acetylcholine receptor M2,Ki,nM,,158.2,0.0
CHEMBL17045,52.0,CCN(CC)CC1CCCCN1CC(=O)N1c2ccccc2C(=O)Nc2cccnc21,Scientific Literature,Compound was evaluated for displacement of [3H]-QNB from human Muscarinic m2 receptor in CHO cells.,B,,,Bioorg Med Chem Lett,1996.0,Muscarinic acetylcholine receptor M2,Ki,nM,7.28,421.55,3.51
CHEMBL4870127,0.2291,N=C(N)NCCC[C@@H](N)C(=O)NCCN1CCN(CCCCC2CCN(CC(=O)N3c4ccccc4NC(=O)c4ccccc43)CC2)CC1.O=C(O)C(F)(F)F.O=C(O)C(F)(F)F.O=C(O)C(F)(F)F.O=C(O)C(F)(F)F.O=C(O)C(F)(F)F,Scientific Literature,Displacement of [3H]-NMS from human muscarinic M2 receptor expressed in CHO cell membranes assessed as inhibition constant by radioligand competition analysis,B,Homo sapiens,,Eur J Med Chem,2021.0,Muscarinic acetylcholine receptor M2,Ki,nM,9.64,1245.01,2.12
CHEMBL4859378,0.1047,C[C@H](NC(=O)[C@H](CCCNC(=N)N)NCCN1CCN(CCCCC2CCN(CC(=O)N3c4ccccc4NC(=O)c4ccccc43)CC2)CC1)C(=O)NC(=O)[C@@H](N)CCCN.O=C(O)C(F)(F)F.O=C(O)C(F)(F)F.O=C(O)C(F)(F)F.O=C(O)C(F)(F)F.O=C(O)C(F)(F)F,Scientific Literature,Displacement of [3H]-NMS from human muscarinic M2 receptor expressed in CHO cell membranes assessed as inhibition constant by radioligand competition analysis,B,Homo sapiens,,Eur J Med Chem,2021.0,Muscarinic acetylcholine receptor M2,Ki,nM,9.98,1430.23,0.85
CHEMBL4855492,0.195,CC(=O)N[C@H](CCCN)C(=O)NC(=O)[C@H](C)NC(=O)[C@H](CCCNC(=N)N)NCCN1CCN(CCCCC2CCN(CC(=O)N3c4ccccc4NC(=O)c4ccccc43)CC2)CC1.O=C(O)C(F)(F)F.O=C(O)C(F)(F)F.O=C(O)C(F)(F)F.O=C(O)C(F)(F)F.O=C(O)C(F)(F)F,Scientific Literature,Displacement of [3H]-NMS from human muscarinic M2 receptor expressed in CHO cell membranes assessed as inhibition constant by radioligand competition analysis,B,Homo sapiens,,Eur J Med Chem,2021.0,Muscarinic acetylcholine receptor M2,Ki,nM,9.71,1472.27,1.03
CHEMBL4876651,43.65,CC(=O)N[C@H](CCCN)C(=O)NC(=O)[C@H](C)NC(=O)[C@@H](CCNC(=N)N)NCCN1CCN(CC(=O)NC2CCN(CC(=O)N3c4ccccc4NC(=O)c4ccccc43)CC2)CC1.O=C(O)C(F)(F)F.O=C(O)C(F)(F)F.O=C(O)C(F)(F)F.O=C(O)C(F)(F)F.O=C(O)C(F)(F)F,Scientific Literature,Displacement of [3H]-NMS from human muscarinic M2 receptor expressed in CHO cell membranes assessed as inhibition constant by radioligand competition analysis,B,Homo sapiens,,Eur J Med Chem,2021.0,Muscarinic acetylcholine receptor M2,Ki,nM,7.36,1459.19,-1.66
CHEMBL4852646,0.3548,CC(=O)NC(=O)[C@H](CCNC(=N)N)NC(=O)[C@@H]1CC(=O)NCCC[C@@H](C(=O)NCCN2CCN(CCCC3CCN(CC(=O)N4c5ccccc5NC(=O)c5ccccc54)CC3)CC2)N1.O=C(O)C(F)(F)F.O=C(O)C(F)(F)F.O=C(O)C(F)(F)F.O=C(O)C(F)(F)F.O=C(O)C(F)(F)F,Scientific Literature,Displacement of [3H]-NMS from human muscarinic M2 receptor expressed in CHO cell membranes assessed as inhibition constant by radioligand competition analysis,B,Homo sapiens,,Eur J Med Chem,2021.0,Muscarinic acetylcholine receptor M2,Ki,nM,9.45,1470.21,-0.21
CHEMBL4645543,31.0,O=C(Nc1ccc(F)cc1-c1ccccc1)O[C@H]1CN2CCC1CC2,Scientific Literature,Displacement of [3H]N-methylscopolamine from human muscarinic M2 receptor transiently expressed in HEK293T cell membranes incubated for 1 hr by scintillation counting method,A,Homo sapiens,,J Med Chem,2020.0,Muscarinic acetylcholine receptor M2,Ki,nM,7.51,340.4,4.14
CHEMBL845,250.0,Clc1ccc2c(c1)N=C(N1CCNCC1)c1ccccc1N2,Scientific Literature,Displacement of [3H]-AFDX-384 from human muscarinic M2 receptor expressed in CHO-K1 cells,B,Homo sapiens,,J Med Chem,2010.0,Muscarinic acetylcholine receptor M2,Ki,nM,6.6,312.8,3.38
CHEMBL522460,320.0,Cc1ccccc1CN1CCC(N2CCC(n3c(=O)[nH]c4ccccc43)CC2)CC1,Scientific Literature,Displacement of [3H]-AFDX-384 from human muscarinic M2 receptor expressed in CHO-K1 cells,B,Homo sapiens,,J Med Chem,2010.0,Muscarinic acetylcholine receptor M2,Ki,nM,6.5,404.56,3.94
CHEMBL72957,0.4102,C=C(c1ccc(S(=O)(=O)c2ccc(OC)cc2)cc1)C1CCN(C2CCN(C(=O)OC(C)C)CC2)CC1,Scientific Literature,Binding affinity to muscarinic M2 receptor,B,Homo sapiens,,Bioorg Med Chem Lett,2007.0,Muscarinic acetylcholine receptor M2,Ki,nM,9.39,526.7,5.26
CHEMBL12980,0.045,O=C(OC1CN2CCC1CC2)C(O)(c1ccccc1)c1ccccc1,Scientific Literature,Binding affinity for muscarinic acetylcholine receptor M2 by measuring displacement of [3H]QNB from guinea pig heart,B,Cavia porcellus,,J Med Chem,1995.0,Muscarinic acetylcholine receptor M2,Ki,nM,10.35,337.42,2.56
CHEMBL1382,2.7,Cc1ccc(O)c([C@H](CCN(C(C)C)C(C)C)c2ccccc2)c1,Scientific Literature,Displacement of [3H]N-methyl Scopolamine from human cloned muscarinic M2 receptor expressed in CHO cells,B,Homo sapiens,,Bioorg Med Chem Lett,2008.0,Muscarinic acetylcholine receptor M2,Ki,nM,8.57,325.5,5.34
CHEMBL4590868,1.1,Cc1ccc(CCC[N+]23CCC(CC2)C(OC(=O)C(O)(c2ccccc2)c2ccccc2)C3)cc1.[Br-],Scientific Literature,Displacement of [3H]NMS from human M2R expressed in CHOK1 cell membranes incubated for 2 hrs by microbeta scintillation counting method,B,Homo sapiens,,Bioorg Med Chem,2019.0,Muscarinic acetylcholine receptor M2,Ki,nM,8.96,550.54,5.02
CHEMBL4447975,10000.0,COc1cc(OC)c2c(c1)OC[C@@]1(C)NCC[C@@H]21,Scientific Literature,Displacement of [3H]-QNB/[3H]-NMS from human recombinant Muscarinic acetylcholine M2 receptor expressed in stable CHO cells after 90 mins by microbeta scintillation counting method,B,Homo sapiens,,ACS Med Chem Lett,2019.0,Muscarinic acetylcholine receptor M2,Ki,nM,,249.31,1.93
CHEMBL4540604,2.3,O=C(OC1C[N+]2(CCc3ccccc3)CCC1CC2)C(O)(c1ccccc1)c1ccccc1.[Br-],Scientific Literature,Displacement of [3H]NMS from human M2R expressed in CHOK1 cell membranes incubated for 2 hrs by microbeta scintillation counting method,B,Homo sapiens,,Bioorg Med Chem,2019.0,Muscarinic acetylcholine receptor M2,Ki,nM,8.64,522.48,4.32
CHEMBL4483083,1.0,O=C(O[C@H]1C[N+]2(CCCc3ccccc3)CCC1CC2)C(O)(c1ccccc1)c1ccccc1.[Br-],Scientific Literature,Displacement of [3H]NMS from human M2R expressed in CHOK1 cell membranes incubated for 2 hrs by microbeta scintillation counting method,B,Homo sapiens,,Bioorg Med Chem,2019.0,Muscarinic acetylcholine receptor M2,Ki,nM,9.0,536.51,4.71
CHEMBL3354077,478.63,O=C1CCc2ccccc2N1CCCN1CCC(CCCCCCCCCCCCCO)CC1,Scientific Literature,Displacement of [3H]NMS from human M2 receptor expressed in CHO cells by microplate scintillation counting based radioligand binding assay,B,Homo sapiens,,J Med Chem,2014.0,Muscarinic acetylcholine receptor M2,Ki,nM,6.32,470.74,6.74
CHEMBL4441786,120.0,O=C(OCc1ccccc1)N(c1ccccc1)C1CN2CCC1CC2,Scientific Literature,Displacement of [3H]NMS from human M2 AChR expressed in CHO cell membranes after 1 to 2 hrs by liquid scintillation spectrometry method,B,Homo sapiens,,Bioorg Med Chem Lett,2019.0,Muscarinic acetylcholine receptor M2,Ki,nM,6.92,336.44,3.92
CHEMBL203249,2.0,COC1(C#CC(O)(c2ccccc2)c2cncnc2)CN2CCC1CC2,Scientific Literature,Binding affinity to human muscarinic M2 receptor,B,Homo sapiens,,Bioorg Med Chem Lett,2006.0,Muscarinic acetylcholine receptor M2,Ki,nM,8.7,349.43,1.83
CHEMBL519609,220.0,CCN(CC)CCCOC(=O)N1c2ccccc2Sc2ccccc21,Scientific Literature,Antagonist activity at muscarinic M2 receptor (unknown origin) by PDSP assay,B,Homo sapiens,,Bioorg Med Chem Lett,2013.0,Muscarinic acetylcholine receptor M2,Ki,nM,6.66,356.49,5.16
CHEMBL4640544,28.0,O=C(Nc1ccccc1-c1cc(F)c(F)c(F)c1)OCC1CCNCC1,Scientific Literature,Displacement of [3H]N-methylscopolamine from human muscarinic M2 receptor transiently expressed in HEK293T cell membranes incubated for 1 hr by scintillation counting method,A,Homo sapiens,,J Med Chem,2020.0,Muscarinic acetylcholine receptor M2,Ki,nM,7.55,364.37,4.32
CHEMBL4644670,2.0,O=C(Nc1ccccc1-c1ccccc1)O[C@H]1CN2CCC1CC2,Scientific Literature,Displacement of [3H]N-methylscopolamine from human muscarinic M2 receptor transiently expressed in HEK293T cell membranes incubated for 1 hr by scintillation counting method,A,Homo sapiens,,J Med Chem,2020.0,Muscarinic acetylcholine receptor M2,Ki,nM,8.7,322.41,4.0
CHEMBL4636899,0.631,CC1(C)C(/C=C/C=C/C=C2/N(CCCCCC(=O)NCc3cc(C(=O)NCCNC(=O)CCc4cn(CCCCC5CCN(CC(=O)N6c7ccccc7NC(=O)c7ccccc76)CC5)cn4)cc(C(=O)NCCNC(=O)CCc4cn(CCCCC5CCN(CC(=O)N6c7ccccc7NC(=O)c7ccccc76)CC5)cn4)c3)c3ccc(S(=O)(=O)O)cc3C2(C)C)=[N+](CCCCS(=O)(=O)[O-])c2ccccc21.O=C(O)C(F)(F)F.O=C(O)C(F)(F)F.O=C(O)C(F)(F)F,Scientific Literature,Displacement of [3H]-NMS from human muscarinic M2 receptor stably expressed in CHO-K9 cells by radioligand competitive binding assay,B,Homo sapiens,,J Med Chem,2020.0,Muscarinic acetylcholine receptor M2,Ki,nM,9.2,2311.52,
CHEMBL539120,17.78,C[N+]1(C)CCC[C@H]1[C@H]1C[S+]([O-])[C@@](c2ccccc2)(C2CCCCC2)O1.[I-],Scientific Literature,Displacement of [3H]NMS from human muscarinic M2 receptor expressed in CHO cells,B,Homo sapiens,,Bioorg Med Chem,2008.0,Muscarinic acetylcholine receptor M2,Ki,nM,7.75,489.46,3.81
CHEMBL2431212,6746.06,CC(C)NC(=O)c1ccc(C#Cc2ccncc2)cn1,EUbOPEN Chemogenomic Library,"PDSP Secondary Binding target: CHRM2 - Compounds are tested at 10 uM concentration, plate are incubated at room temperature in the dark for 90 minutes. Reaction are stopped by vacuum filtration onto 0.3% polyethyleneimine soaked filter mats using Filtermate harvester. Scintillation cocktail is then melted onto microwave-dried filters on a hot plate and the radio activity is counted in Microbia counter. Compounds showing a minimum of 50% inhibition at 10 uM concentration are carried forward in this secondary binding assay to determine equilibrium binding affinity.",B,Homo sapiens,,,2024.0,Muscarinic acetylcholine receptor M2,Ki,nM,5.17,265.32,2.01
CHEMBL7634,323.59,O=C1CCCN1CC#CCN1CCCC1,Scientific Literature,Binding affinity to human cloned muscarinic M2 receptor expressed in CHO cells,B,Homo sapiens,,Bioorg Med Chem,2008.0,Muscarinic acetylcholine receptor M2,Ki,nM,6.49,206.29,0.71
CHEMBL1474387,804.92,Cc1c(P(=S)(c2ccccc2)c2ccccc2)n2ccccc2[n+]1C/C=C/c1ccccc1.[Br-],EUbOPEN Chemogenomic Library,"PDSP Secondary Binding target: CHRM2 - Compounds are tested at 10 uM concentration, plate are incubated at room temperature in the dark for 90 minutes. Reaction are stopped by vacuum filtration onto 0.3% polyethyleneimine soaked filter mats using Filtermate harvester. Scintillation cocktail is then melted onto microwave-dried filters on a hot plate and the radio activity is counted in Microbia counter. Compounds showing a minimum of 50% inhibition at 10 uM concentration are carried forward in this secondary binding assay to determine equilibrium binding affinity.",B,Homo sapiens,,,2024.0,Muscarinic acetylcholine receptor M2,Ki,nM,6.09,545.49,5.0
CHEMBL376897,0.1778,C[N+]1(C)[C@@H]2C[C@@H](OC(=O)[C@H](CO)c3ccccc3)C[C@H]1[C@@H]1O[C@@H]12,Scientific Literature,Displacement of [3H]N-methylscopolamine from human muscarinic M2 receptor expressed in CHO cells after 120 mins by scintillation counting,B,Homo sapiens,,J Med Chem,2012.0,Muscarinic acetylcholine receptor M2,Ki,nM,9.75,318.39,1.06
CHEMBL4636351,1.413,CC1(C)C(/C=C/C=C/C=C2/N(CCCCCC(=O)NCc3cc(C(=O)NCCNC(=O)CCc4cn(CCCCC5CCN(CC(=O)N6c7ccccc7NC(=O)c7ccccc76)CC5)cn4)cc(C(=O)NCCNC(=O)CCc4cn(CCCCC5CCN(CC(=O)N6c7ccccc7NC(=O)c7ccccc76)CC5)cn4)c3)c3ccccc3C2(C)C)=[N+](CCCCS(=O)(=O)[O-])c2ccccc21.O=C(O)C(F)(F)F.O=C(O)C(F)(F)F.O=C(O)C(F)(F)F.O=C(O)C(F)(F)F,Scientific Literature,Displacement of [3H]-NMS from human muscarinic M2 receptor stably expressed in CHO-K9 cells by radioligand competitive binding assay,B,Homo sapiens,,J Med Chem,2020.0,Muscarinic acetylcholine receptor M2,Ki,nM,8.85,2345.48,
CHEMBL4643273,0.257,CC1(C)C(/C=C/C=C/C=C2/N(CCCCCC(=O)NCc3cc(C(=O)NCCN4CCC(N5CCC(n6c(=O)[nH]c7ccccc76)CC5)CC4)cc(C(=O)NCCN4CCN(CCCCC5CCN(CC(=O)N6c7ccccc7NC(=O)c7ccccc76)CC5)CC4)c3)c3ccc(S(=O)(=O)[O-])cc3C2(C)C)=[N+](CCCCS(=O)(=O)O)c2ccccc21.O=C(O)C(F)(F)F.O=C(O)C(F)(F)F.O=C(O)C(F)(F)F.O=C(O)C(F)(F)F,Scientific Literature,Displacement of [3H]-NMS from human muscarinic M2 receptor stably expressed in CHO-K9 cells by radioligand competitive binding assay,B,Homo sapiens,,J Med Chem,2020.0,Muscarinic acetylcholine receptor M2,Ki,nM,9.59,2144.28,
CHEMBL4864987,0.2399,CC(=O)NC(=O)[C@H](CCCNC(=N)N)NC(=O)[C@H](C)NCCN1CCN(CCCCC2CCN(CC(=O)N3c4ccccc4NC(=O)c4ccccc43)CC2)CC1.O=C(O)C(F)(F)F.O=C(O)C(F)(F)F.O=C(O)C(F)(F)F.O=C(O)C(F)(F)F,Scientific Literature,Displacement of [3H]-NMS from human muscarinic M2 receptor expressed in CHO cell membranes assessed as inhibition constant by radioligand competition analysis,B,Homo sapiens,,Eur J Med Chem,2021.0,Muscarinic acetylcholine receptor M2,Ki,nM,9.62,1244.1,1.81
CHEMBL4847898,0.309,CC(=O)NC(=O)[C@H](CCCNC(=N)N)NC(=O)[C@H](C)NC(=O)CNCCN1CCN(CCCCC2CCN(CC(=O)N3c4ccccc4NC(=O)c4ccccc43)CC2)CC1.O=C(O)C(F)(F)F.O=C(O)C(F)(F)F.O=C(O)C(F)(F)F.O=C(O)C(F)(F)F,Scientific Literature,Displacement of [3H]-NMS from human muscarinic M2 receptor expressed in CHO cell membranes assessed as inhibition constant by radioligand competition analysis,B,Homo sapiens,,Eur J Med Chem,2021.0,Muscarinic acetylcholine receptor M2,Ki,nM,9.51,1301.15,0.92
CHEMBL4869865,323.59,CC(=O)N[C@@H](CCCN)C(=O)NC(=O)[C@H](C)NC(=O)[C@H](CCCNC(=N)N)NCCN1CCN(C(=O)CC2CCN(CC(=O)N3c4ccccc4NC(=O)c4ccccc43)CC2)CC1.O=C(O)C(F)(F)F.O=C(O)C(F)(F)F.O=C(O)C(F)(F)F.O=C(O)C(F)(F)F,Scientific Literature,Displacement of [3H]-NMS from human muscarinic M2 receptor expressed in CHO cell membranes assessed as inhibition constant by radioligand competition analysis,B,Homo sapiens,,Eur J Med Chem,2021.0,Muscarinic acetylcholine receptor M2,Ki,nM,6.49,1344.18,-0.22
CHEMBL2205825,1248.0,COc1ccc(CN2C3C4C5CC6C7C5C3C7C2(O)C64)cc1,Scientific Literature,Binding affinity to M2 muscarinic receptor,B,,,Bioorg Med Chem Lett,2012.0,Muscarinic acetylcholine receptor M2,Ki,nM,5.9,295.38,1.96
CHEMBL4645019,194.98,C[N+](C)(C)C[C@@H]1COC[C@@H](c2ccc(Sc3ccccc3)cc2)O1.[I-],Scientific Literature,Displacement of [3H]NMS from human recombinant muscarinic receptor M2 expressed in CHO-K1 cell membranes incubated for 2 hrs by scintillation counting method,B,Homo sapiens,,J Med Chem,2020.0,Muscarinic acetylcholine receptor M2,Ki,nM,6.71,471.4,4.0
CHEMBL4639004,239.88,C[N+](C)(C)C[C@@H]1CO[C@@H](c2ccccc2)[C@@H](c2ccccc2)O1.[I-],Scientific Literature,Displacement of [3H]NMS from human recombinant muscarinic receptor M2 expressed in CHO-K1 cell membranes incubated for 2 hrs by scintillation counting method,B,Homo sapiens,,J Med Chem,2020.0,Muscarinic acetylcholine receptor M2,Ki,nM,6.62,439.34,3.59
CHEMBL4638935,870.96,C[N+](C)(C)C[C@@H]1CO[C@@H](C(c2ccccc2)c2ccccc2)CO1.[I-],Scientific Literature,Displacement of [3H]NMS from human recombinant muscarinic receptor M2 expressed in CHO-K1 cell membranes incubated for 2 hrs by scintillation counting method,B,Homo sapiens,,J Med Chem,2020.0,Muscarinic acetylcholine receptor M2,Ki,nM,6.06,453.36,3.31
CHEMBL15928,1000.0,COc1ccc(NC(=O)c2ccc(-c3ccc(-c4noc(C)n4)cc3C)cc2)cc1N1CCN(C)CC1,Scientific Literature,Binding affinity against muscarinic M2 receptor,B,,,J Med Chem,1994.0,Muscarinic acetylcholine receptor M2,Ki,nM,,497.6,5.03
CHEMBL352375,42.66,CC(C1=C(CCN(C(C)C)C(C)C)Cc2ccccc21)c1ccccn1,Scientific Literature,Binding affinity towards cloned human muscarinic acetylcholine receptor M2 stably expressed in CHO-K1 cells using [3H]N-methylscopolamine,B,,,J Med Chem,2003.0,Muscarinic acetylcholine receptor M2,Ki,nM,7.37,348.53,5.7
CHEMBL2151158,0.17,CCN(CC)CCOc1ccc(CN2CCC(C3CCN(Cc4ccc(C(=O)NC(C)C)cc4)CC3)CC2)cc1,Scientific Literature,Antagonist activity at human muscarinic M2 receptor,F,Homo sapiens,,J Med Chem,2011.0,Muscarinic acetylcholine receptor M2,Ki,nM,9.77,548.82,5.67
CHEMBL130835,9.2,COc1ccccc1CN1CCC(C2CCN(C(=O)CCCCCCC(=O)N3CCC(C4CCN(Cc5ccccc5OC)CC4)CC3)CC2)CC1,Scientific Literature,Affinity for human muscarinic acetylcholine receptor M2 expressed in CHO-K1 cells,B,,,J Med Chem,2001.0,Muscarinic acetylcholine receptor M2,Ki,nM,8.04,715.04,7.65
CHEMBL4638411,0.9333,CC1(C)C(/C=C/C=C/C=C2/N(CCCCCC(=O)NCCNC(=O)CCc3cn(CCCCC4CCN(CC(=O)N5c6ccccc6NC(=O)c6ccccc65)CC4)cn3)c3ccccc3C2(C)C)=[N+](CCCCS(=O)(=O)[O-])c2ccccc21.O=C(O)C(F)(F)F.O=C(O)C(F)(F)F,Scientific Literature,Displacement of [3H]-NMS from human muscarinic M2 receptor stably expressed in CHO-K9 cells by radioligand competitive binding assay,B,Homo sapiens,,J Med Chem,2020.0,Muscarinic acetylcholine receptor M2,Ki,nM,9.03,1386.57,
CHEMBL4116470,0.3548,CCC(=O)NCc1cc(C(=O)NCCNC(=O)CCc2cn(CCCCC3CCN(CC(=O)N4c5ccccc5NC(=O)c5ccccc54)CC3)cn2)cc(C(=O)NCCNC(=O)CCc2cn(CCCCC3CCN(CC(=O)N4c5ccccc5NC(=O)c5ccccc54)CC3)cn2)c1,Scientific Literature,"Displacement of 4-(2-((1E,3E)-5-((E)-3,3-Dimethyl-1-(6-oxo-6-((2-(3-(1-(4-(1-(2-oxo-2-(11-oxo-10,11-dihydro-5H-dibenzo[b,e][1,4]diazepin-5-yl)ethyl)piperidin-4-yl)butyl)-1H-imidazol-4-yl)propanamido)ethyl)-amino)hexyl)-5-sulfoindolin-2-ylidene)penta-1,3-dien-1-yl)-3,3-dimethyl-3H-indol-1-ium-1-yl)butane-1-sulfonateHydrotrifluoroacetate fluorescent tracer from human muscarinic M2 receptor expressed in CHO-K9 cells measured after 60 mins by Hoechst H33342 dye based confocal plate reader assay",B,Homo sapiens,,J Med Chem,2020.0,Muscarinic acetylcholine receptor M2,Ki,nM,9.45,1358.66,
CHEMBL85,1000.0,Cc1nc2n(c(=O)c1CCN1CCC(c3noc4cc(F)ccc34)CC1)CCCC2,Scientific Literature,Binding affinity to M2 receptor (unknown origin) by PDSP assay,B,Homo sapiens,,Medchemcomm,2012.0,Muscarinic acetylcholine receptor M2,Ki,nM,,410.49,3.59
CHEMBL64000,7.0,CC(=O)OC1CC2CCCC1N2,Scientific Literature,Inhibition of [3H]- oxotremorine-M binding to human Muscarinic acetylcholine receptor M2 expressed in CHO cell membranes,B,Homo sapiens,,J Med Chem,2000.0,Muscarinic acetylcholine receptor M2,Ki,nM,8.15,169.22,0.83
CHEMBL421113,0.29,C=C(c1ccc(S(=O)(=O)c2ccc(OC)cc2)cc1)C1CCN(C2CCN(S(=O)(=O)CCC)CC2)CC1,Scientific Literature,Binding affinity towards Muscarinic acetylcholine receptor M2 stably expressed in CHO-K1 cells using [3H]-QNB as radioligand,B,,,Bioorg Med Chem Lett,2001.0,Muscarinic acetylcholine receptor M2,Ki,nM,9.54,546.76,4.46
CHEMBL2178569,1.3,CC1(C)CN(CC/C=C2/c3cc(C(=O)O)ccc3OCc3ncccc32)C[C@H](c2ccc(Cl)cc2)[C@H]1O,Scientific Literature,Binding affinity to muscarinic M2 receptor,B,,,J Med Chem,2012.0,Muscarinic acetylcholine receptor M2,Ki,nM,8.89,519.04,5.63
CHEMBL52203,17.0,CC(C)S(=O)(=O)c1ccc(CC2CCN(C3CCN(C(=O)c4ccc(F)c5ccccc45)CC3)CC2)cc1,Scientific Literature,Binding affinity against cloned human muscarinic acetylcholine receptor M2.,B,,,Bioorg Med Chem Lett,2004.0,Muscarinic acetylcholine receptor M2,Ki,nM,7.77,536.71,5.72
CHEMBL276239,0.9,CC(C)Sc1ccc(CC2CCN(C3CCN(C(=O)c4cccc5ccccc45)CC3)CC2)cc1,Scientific Literature,Binding affinity for human Muscarinic acetylcholine receptor M2,B,Homo sapiens,,J Med Chem,2002.0,Muscarinic acetylcholine receptor M2,Ki,nM,9.05,486.73,6.9
CHEMBL1200604,37.0,CCN(Cc1ccncc1)C(=O)C(CO)c1ccccc1,DrugMatrix,DRUGMATRIX: Muscarinic M2 radioligand binding (ligand: [3H] N-Methylscopolamine),B,,,,,Muscarinic acetylcholine receptor M2,Ki,nM,7.43,284.36,2.21
CHEMBL593620,33884.42,C[C@@H]1OC[C@@H](C[N+](C)(C)C)OC1(C)C.[I-],Scientific Literature,Displacement of [3H]NMS from human muscarinic M2 receptor expressed in CHO cells by microplate scintillation counting,B,Homo sapiens,,Bioorg Med Chem,2009.0,Muscarinic acetylcholine receptor M2,Ki,nM,4.47,329.22,1.28
CHEMBL257431,55.0,CCCCN(CCCC)c1ccc(/C=C/c2cc[n+](CCC[N+](CC)(CC)CC)cc2)cc1.[Br-].[Br-],Scientific Literature,Displacement of [3H]N-methyl Scopolamine from human cloned muscarinic M2 receptor expressed in CHO cells,B,Homo sapiens,,Bioorg Med Chem Lett,2008.0,Muscarinic acetylcholine receptor M2,Ki,nM,7.26,611.55,6.82
CHEMBL4800495,95499.26,CC1CCCCN1CC(=O)n1c2ccccc2c2ccccc21,Scientific Literature,Displacement of [3H]-NMS from muscarinic M2 receptor (unknown origin) expressed in CHO-K1 cell membranes assessed as inhibition constant by radioligand competition analysis,B,Homo sapiens,,Bioorg Med Chem Lett,2020.0,Muscarinic acetylcholine receptor M2,Ki,nM,4.02,306.41,4.31
CHEMBL4760823,54.95,O=C(CCN1CCCc2ccccc21)NC1CCCCC1,Scientific Literature,Displacement of [3H]-NMS from muscarinic M2 receptor (unknown origin) expressed in CHO-K1 cell membranes assessed as inhibition constant by radioligand competition analysis,B,Homo sapiens,,Bioorg Med Chem Lett,2020.0,Muscarinic acetylcholine receptor M2,Ki,nM,7.26,286.42,3.28
CHEMBL27673,14.3,COc1ccccc1CNCCCCCCNCCCCCCCCNCCCCCCNCc1ccccc1OC,Scientific Literature,Affinity for human muscarinic acetylcholine receptor M2 expressed in CHO-K1 cells,B,,,J Med Chem,2001.0,Muscarinic acetylcholine receptor M2,Ki,nM,7.84,582.92,7.22
CHEMBL4649224,13.18,CN(C)CC1COCC(c2ccccc2)(C2CCCCC2)O1,Scientific Literature,Displacement of [3H]NMS from human recombinant muscarinic receptor M2 expressed in CHO-K1 cell membranes incubated for 2 hrs by scintillation counting method,B,Homo sapiens,,J Med Chem,2020.0,Muscarinic acetylcholine receptor M2,Ki,nM,7.88,303.45,3.44
CHEMBL12587,72.0,C[C@@H]1O[C@H](C[N+](C)(C)C)C[C@H]1O,Scientific Literature,Inhibition of [3H]- oxotremorine-M binding to human Muscarinic acetylcholine receptor M2 expressed in CHO cell membranes,B,Homo sapiens,,J Med Chem,2000.0,Muscarinic acetylcholine receptor M2,Ki,nM,7.14,174.26,0.23
CHEMBL294273,4400.0,CC(=O)OC1CC2CCCC1N2C,Scientific Literature,Inhibition of [3H]- oxotremorine-M binding to human Muscarinic acetylcholine receptor M2 expressed in CHO cell membranes,B,Homo sapiens,,J Med Chem,2000.0,Muscarinic acetylcholine receptor M2,Ki,nM,5.36,183.25,1.17
CHEMBL7002,7505.0,CC1(COc2ccc(CC3SC(=O)NC3=O)cc2)CCCCC1,DrugMatrix,DRUGMATRIX: Muscarinic M2 radioligand binding (ligand: [3H] N-Methylscopolamine),B,,,,,Muscarinic acetylcholine receptor M2,Ki,nM,5.12,333.45,3.93
CHEMBL376897,0.1778,C[N+]1(C)[C@@H]2C[C@@H](OC(=O)[C@H](CO)c3ccccc3)C[C@H]1[C@@H]1O[C@@H]12,Scientific Literature,Binding affinity to human cloned muscarinic receptor M2 expressed in CHO cells,B,Homo sapiens,,J Med Chem,2007.0,Muscarinic acetylcholine receptor M2,Ki,nM,9.75,318.39,1.06
CHEMBL4084262,52.0,COc1ccccc1N1CCC2(CCN(CCCSc3nnc(-c4ccccc4)n3C)CC2)CC1,Scientific Literature,Displacement of [3H]-QNB/[3H]-NMS from human muscarinic M2 receptor expressed in stable CHO cells after 90 mins by microbeta scintillation counting method,B,Homo sapiens,,J Med Chem,2019.0,Muscarinic acetylcholine receptor M2,Ki,nM,7.28,491.71,5.36
CHEMBL4448944,0.72,O=C(OC1C[N+]2(CCCc3ccccc3)CCC1CC2)C(O)(c1ccccc1)c1ccccc1.[Br-],Scientific Literature,Displacement of [3H]NMS from human M2R expressed in CHOK1 cell membranes incubated for 2 hrs by microbeta scintillation counting method,B,Homo sapiens,,Bioorg Med Chem,2019.0,Muscarinic acetylcholine receptor M2,Ki,nM,9.14,536.51,4.71
CHEMBL4643290,141.25,CC1(C)C(/C=C/C=C/C=C2/N(CCCCCC(=O)NCCCCC3CCN(CC(=O)N4c5ccccc5NC(=O)c5ccccc54)CC3)c3ccccc3C2(C)C)=[N+](CCCCS(=O)(=O)[O-])c2ccccc21.O=C(O)C(F)(F)F,Scientific Literature,Displacement of [3H]-NMS from human muscarinic M2 receptor stably expressed in CHO-K9 cells by radioligand competitive binding assay,B,Homo sapiens,,J Med Chem,2020.0,Muscarinic acetylcholine receptor M2,Ki,nM,6.85,1107.35,10.67
CHEMBL74300,3235.94,C[N+](C)(C)CC#CCOC(=O)Nc1cccc(Cl)c1.[Cl-],Scientific Literature,Displacement of [3H]NMS from human muscarinic M2 receptor expressed in CHO cells by microplate scintillation counting,B,Homo sapiens,,Bioorg Med Chem,2009.0,Muscarinic acetylcholine receptor M2,Ki,nM,5.49,317.22,2.6
CHEMBL7303,40.0,COC(=O)C1=CCCN(C)C1,Scientific Literature,Inhibition of [3H]- quinuclidinyl benzilate binding to human Muscarinic acetylcholine receptor M2 expressed in CHO cell membrane,B,Homo sapiens,,J Med Chem,2000.0,Muscarinic acetylcholine receptor M2,Ki,nM,7.4,155.2,0.42
CHEMBL517712,1.9,CN1[C@@H]2CC[C@H]1C[C@@H](OC(=O)C(CO)c1ccccc1)C2,Scientific Literature,Displacement of [3H]-AFDX-384 from human muscarinic M2 receptor expressed in CHO-K1 cells,B,Homo sapiens,,J Med Chem,2010.0,Muscarinic acetylcholine receptor M2,Ki,nM,8.72,289.38,1.93
CHEMBL3323280,9.772,CC(C)(CN1C(=O)c2ccccc2C1=O)C[N+](C)(C)CCCCCC[N+]1(C)[C@@H]2CC[C@@H]1CC(OC(=O)C(CO)c1ccccc1)C2.[Br-].[Br-],Scientific Literature,Displacement of [3H]-NMS from human muscarinic M2 Y104A mutant expressed in Flp-In-CHO cells by liquid scintillation counting,B,Homo sapiens,,J Med Chem,2014.0,Muscarinic acetylcholine receptor M2,Ki,nM,8.01,793.68,5.4
CHEMBL3323286,2.188,C[N+](C)(C)CC#CCOC1=NOCC1.[Br-],Scientific Literature,Displacement of [3H]-NMS from human muscarinic M2 Y177Q/T423H mutant expressed in Flp-In-CHO cells by liquid scintillation counting,B,Homo sapiens,,J Med Chem,2014.0,Muscarinic acetylcholine receptor M2,Ki,nM,8.66,277.16,0.45
CHEMBL3323279,54.95,C[N+](C)(C)CCCCCC[N+]1(C)[C@@H]2CC[C@@H]1CC(OC(=O)C(CO)c1ccccc1)C2.[Br-].[Br-],Scientific Literature,Displacement of [3H]-NMS from human muscarinic M2 W422A mutant expressed in Flp-In-CHO cells by liquid scintillation counting,B,Homo sapiens,,J Med Chem,2014.0,Muscarinic acetylcholine receptor M2,Ki,nM,7.26,592.46,3.71
CHEMBL3323284,6.457,CC(C)(CN1C(=O)c2cccc3cccc(c23)C1=O)C[N+](C)(C)CCCCCC[N+]1(C)[C@@H]2C[C@H](OC(=O)[C@H](CO)c3ccccc3)C[C@H]1[C@@H]1O[C@@H]12.[Br-].[Br-],Scientific Literature,Displacement of [3H]-NMS from human muscarinic M2 W422A mutant expressed in Flp-In-CHO cells by liquid scintillation counting,B,Homo sapiens,,J Med Chem,2014.0,Muscarinic acetylcholine receptor M2,Ki,nM,8.19,857.73,5.55
CHEMBL27673,2.399,COc1ccccc1CNCCCCCCNCCCCCCCCNCCCCCCNCc1ccccc1OC,Scientific Literature,Displacement of [3H] N-methyl-scopolamine chloride from human muscarinic receptor M2 expressed in CHO cells,B,Homo sapiens,,Bioorg Med Chem,2007.0,Muscarinic acetylcholine receptor M2,Ki,nM,8.62,582.92,7.22
CHEMBL9967,173.78,CN1CCN(CC(=O)N2c3ccccc3C(=O)Nc3cccnc32)CC1,Scientific Literature,Displacement of [3H]N-methylscopolamine chloride from human cloned muscarinic M2 receptor expressed in CHOK1 cells,B,Homo sapiens,,Bioorg Med Chem,2008.0,Muscarinic acetylcholine receptor M2,Ki,nM,6.76,351.41,1.56
CHEMBL539373,141.25,C[N+]1(C)CCC[C@H]1[C@H]1C[S+]([O-])C(c2ccccc2)(c2ccccc2)O1.[I-],Scientific Literature,Displacement of [3H]NMS from human muscarinic M2 receptor expressed in CHO cells,B,Homo sapiens,,Bioorg Med Chem,2008.0,Muscarinic acetylcholine receptor M2,Ki,nM,6.85,483.42,3.27
CHEMBL294273,2754.23,CC(=O)OC1CC2CCCC1N2C,Scientific Literature,Binding affinity to human cloned muscarinic M2 receptor expressed in CHO cells,B,Homo sapiens,,Bioorg Med Chem,2008.0,Muscarinic acetylcholine receptor M2,Ki,nM,5.56,183.25,1.17
CHEMBL4761549,40738.03,O=C(CN1CCCc2ccc(O)cc21)N1CCCCC1,Scientific Literature,Displacement of [3H]-NMS from muscarinic M2 receptor (unknown origin) expressed in CHO-K1 cell membranes assessed as inhibition constant by radioligand competition analysis,B,Homo sapiens,,Bioorg Med Chem Lett,2020.0,Muscarinic acetylcholine receptor M2,Ki,nM,4.39,274.36,2.16
CHEMBL4757676,100000.0,O=C(CN1CCc2ccc(Br)cc21)N1CCCCC1,Scientific Literature,Displacement of [3H]-NMS from muscarinic M2 receptor (unknown origin) expressed in CHO-K1 cell membranes assessed as inhibition constant by radioligand competition analysis,B,Homo sapiens,,Bioorg Med Chem Lett,2020.0,Muscarinic acetylcholine receptor M2,Ki,nM,,323.23,2.82
CHEMBL4646457,2238.72,C[N+](C)(C)C[C@@H]1CO[C@H](c2ccccc2)[C@@H](c2ccccc2)O1.[I-],Scientific Literature,Displacement of [3H]NMS from human recombinant muscarinic receptor M2 expressed in CHO-K1 cell membranes incubated for 2 hrs by scintillation counting method,B,Homo sapiens,,J Med Chem,2020.0,Muscarinic acetylcholine receptor M2,Ki,nM,5.65,439.34,3.59
CHEMBL390842,2089.3,C[C@H]1COC[C@@H](C[N+](C)(C)C)O1.[I-],Scientific Literature,Displacement of [3H]NMS from human muscarinic M2 receptor transfected in CHO cells after 120 mins by scintillation counting analysis,B,Homo sapiens,,Bioorg Med Chem Lett,2014.0,Muscarinic acetylcholine receptor M2,Ki,nM,5.68,301.17,0.5
CHEMBL14,1230.27,C[N+](C)(C)CCOC(N)=O.[Cl-],Scientific Literature,Displacement of [3H]NMS from human muscarinic M2 receptor expressed in CHO cells by liquid scintillation counter,B,Homo sapiens,,J Med Chem,2008.0,Muscarinic acetylcholine receptor M2,Ki,nM,5.91,182.65,-0.21
CHEMBL3323279,18.62,C[N+](C)(C)CCCCCC[N+]1(C)[C@@H]2CC[C@@H]1CC(OC(=O)C(CO)c1ccccc1)C2.[Br-].[Br-],Scientific Literature,Displacement of [3H]-NMS from human muscarinic M2 Y177Q mutant expressed in Flp-In-CHO cells by liquid scintillation counting,B,Homo sapiens,,J Med Chem,2014.0,Muscarinic acetylcholine receptor M2,Ki,nM,7.73,592.46,3.71
CHEMBL3323286,8.71,C[N+](C)(C)CC#CCOC1=NOCC1.[Br-],Scientific Literature,Displacement of [3H]-NMS from human muscarinic M2 Y177Q mutant expressed in Flp-In-CHO cells by liquid scintillation counting,B,Homo sapiens,,J Med Chem,2014.0,Muscarinic acetylcholine receptor M2,Ki,nM,8.06,277.16,0.45
CHEMBL539120,70.79,C[N+]1(C)CCC[C@H]1[C@H]1C[S+]([O-])[C@@](c2ccccc2)(C2CCCCC2)O1.[I-],Scientific Literature,Displacement of [3H]NMS from human muscarinic M2 receptor expressed in CHO cells,B,Homo sapiens,,Bioorg Med Chem,2008.0,Muscarinic acetylcholine receptor M2,Ki,nM,7.15,489.46,3.81
CHEMBL4080675,562.34,CCCCCC1CCN(CCCN2C(=O)CCc3ccccc32)CC1,Scientific Literature,Displacement of [3H]NMS from human muscarinic M2 receptor expressed in CHO cell membranes after 2 hrs by liquid scintillation counting method,B,Homo sapiens,,J Med Chem,2018.0,Muscarinic acetylcholine receptor M2,Ki,nM,6.25,342.53,4.65
CHEMBL4435641,300.0,O=C(OCCCc1ccc(Cl)c(Cl)c1)N(c1ccccc1)C1CN2CCC1CC2,Scientific Literature,Displacement of [3H]NMS from human M2 AChR expressed in CHO cell membranes after 1 to 2 hrs by liquid scintillation spectrometry method,B,Homo sapiens,,Bioorg Med Chem Lett,2019.0,Muscarinic acetylcholine receptor M2,Ki,nM,6.52,433.38,5.66
CHEMBL221753,204.0,CC(C)(C)CC(C)(C)c1ccc(OCCOCC[N+](C)(C)Cc2ccccc2)cc1.[Cl-],DrugMatrix,DRUGMATRIX: Muscarinic M2 radioligand binding (ligand: [3H] N-Methylscopolamine),B,,,,,Muscarinic acetylcholine receptor M2,Ki,nM,6.69,448.09,6.07
CHEMBL2432039,195.0,C1C2C3CC4C2C2C1C3[C@H](NCC13C5C6C7C5C1C7C63)C42,Scientific Literature,Inhibition of muscarinic M2 receptor (unknown origin) by PDSP assay,B,Homo sapiens,,Bioorg Med Chem,2013.0,Muscarinic acetylcholine receptor M2,Ki,nM,6.71,277.41,2.09
CHEMBL2432057,10000.0,CN(Cc1cccnc1)[C@H]1C2C3CC4C5C3CC2C5C41,Scientific Literature,Inhibition of muscarinic M2 receptor (unknown origin) by PDSP assay,B,Homo sapiens,,Bioorg Med Chem,2013.0,Muscarinic acetylcholine receptor M2,Ki,nM,,266.39,2.66
CHEMBL5281043,1.4,NCCCCCCN1CCC(COC(=O)Nc2ccc(F)cc2-c2ccc(F)c(Cl)c2)CC1,Scientific Literature,Displacement of [3H]N-methylscopolamine from human muscarinic M2 receptor expressed in human HEK293T cell membranes by radioligand competition binding based analysis,B,Homo sapiens,,J Med Chem,2022.0,Muscarinic acetylcholine receptor M2,Ki,nM,8.85,480.0,6.06
CHEMBL5271406,9.6,CC1(C)C(/C=C/C=C/C=C2/N(CCCCS(=O)(=O)O)c3ccccc3C2(C)C)=[N+](CCCCCC(=O)NCCCCCCCCN2CCC(OC(=O)Nc3ccc(F)cc3-c3ccc(F)c(Cl)c3)CC2)c2ccc(S(=O)(=O)[O-])cc21,Scientific Literature,Displacement of [3H]N-methylscopolamine from human muscarinic M2 receptor expressed in human HEK293T cell membranes by radioligand competition binding based analysis,B,Homo sapiens,,J Med Chem,2022.0,Muscarinic acetylcholine receptor M2,Ki,nM,8.02,1160.89,
CHEMBL4758316,616.6,O=C(CCN1CCCc2ccccc21)N1CCCC(CO)C1,Scientific Literature,Displacement of [3H]-NMS from muscarinic M2 receptor (unknown origin) expressed in CHO-K1 cell membranes assessed as inhibition constant by radioligand competition analysis,B,Homo sapiens,,Bioorg Med Chem Lett,2020.0,Muscarinic acetylcholine receptor M2,Ki,nM,6.21,302.42,2.06
CHEMBL1535,5128.61,CCN(CCO)CCCC(C)Nc1ccnc2cc(Cl)ccc12,SARS-CoV-2 Screening Data,Activity of compound against Muscarinic acetylcholine receptor M2 (CHRM2) by displacement of 3H-QNB,B,Homo sapiens,,Nature,2020.0,Muscarinic acetylcholine receptor M2,Ki,nM,5.29,335.88,3.78
CHEMBL3545181,0.7036,C[N+]1(C)[C@@H]2C[C@@H](OC(=O)C(O)(c3cccs3)c3cccs3)C[C@H]1[C@@H]1O[C@@H]12.O.[Br-],EUbOPEN Chemogenomic Library,"PDSP Secondary Binding target: CHRM2 - Compounds are tested at 10 uM concentration, plate are incubated at room temperature in the dark for 90 minutes. Reaction are stopped by vacuum filtration onto 0.3% polyethyleneimine soaked filter mats using Filtermate harvester. Scintillation cocktail is then melted onto microwave-dried filters on a hot plate and the radio activity is counted in Microbia counter. Compounds showing a minimum of 50% inhibition at 10 uM concentration are carried forward in this secondary binding assay to determine equilibrium binding affinity.",B,Homo sapiens,,,2024.0,Muscarinic acetylcholine receptor M2,Ki,nM,9.15,490.44,2.35
CHEMBL629,29.0,CN(C)CCC=C1c2ccccc2CCc2ccccc21,DrugMatrix,DRUGMATRIX: Muscarinic M2 radioligand binding (ligand: [3H] N-Methylscopolamine),B,,,,,Muscarinic acetylcholine receptor M2,Ki,nM,7.54,277.41,4.17
CHEMBL4648144,10.72,NCCCCC1CCN(CC(=O)N2c3ccccc3NC(=O)c3ccccc32)CC1.O=C(O)C(F)(F)F.O=C(O)C(F)(F)F,Scientific Literature,Displacement of [3H]-NMS from human muscarinic M2 receptor stably expressed in CHO-K9 cells by radioligand competitive binding assay,B,Homo sapiens,,J Med Chem,2020.0,Muscarinic acetylcholine receptor M2,Ki,nM,7.97,634.57,3.76
CHEMBL4642045,16.98,Cc1cc(/C=C/C=C/c2ccc(N(C)C)cc2)cc(C)[n+]1CCCCC1CCN(CC(=O)N2c3ccccc3NC(=O)c3ccccc32)CC1.O=C(O)C(F)(F)F.O=C([O-])C(F)(F)F,Scientific Literature,Displacement of [3H]-NMS from human muscarinic M2 receptor stably expressed in CHO-K9 cells by radioligand competitive binding assay,B,Homo sapiens,,J Med Chem,2020.0,Muscarinic acetylcholine receptor M2,Ki,nM,7.77,895.94,8.2
CHEMBL4787944,3311.31,Cn1ccc(NC(=O)CCN2CCCc3ccccc32)n1,Scientific Literature,Displacement of [3H]-NMS from muscarinic M2 receptor (unknown origin) expressed in CHO-K1 cell membranes assessed as inhibition constant by radioligand competition analysis,B,Homo sapiens,,Bioorg Med Chem Lett,2020.0,Muscarinic acetylcholine receptor M2,Ki,nM,5.48,284.36,2.2
CHEMBL4756873,7244.36,O=C(CCN1CCCc2ccccc21)Nc1cccnn1,Scientific Literature,Displacement of [3H]-NMS from muscarinic M2 receptor (unknown origin) expressed in CHO-K1 cell membranes assessed as inhibition constant by radioligand competition analysis,B,Homo sapiens,,Bioorg Med Chem Lett,2020.0,Muscarinic acetylcholine receptor M2,Ki,nM,5.14,282.35,2.26
CHEMBL4758742,48977.88,CCn1c2ccccc2c2ccc(NCC(=O)N3CCCCC3)cc21,Scientific Literature,Displacement of [3H]-NMS from muscarinic M2 receptor (unknown origin) expressed in CHO-K1 cell membranes assessed as inhibition constant by radioligand competition analysis,B,Homo sapiens,,Bioorg Med Chem Lett,2020.0,Muscarinic acetylcholine receptor M2,Ki,nM,4.31,335.45,4.24
CHEMBL3770346,3162.28,COc1nc2sc(C(=O)NC3CC3)c(N)c2c(C)c1Cl,Scientific Literature,Displacement of [3H]NMS from wild-type human mAChR2 expressed in Flp-In-CHO cell membranes in presence of mAChR2 agonist acetylcholine after 90 mins by scintillation counting analysis,B,Homo sapiens,,Bioorg Med Chem Lett,2017.0,Muscarinic acetylcholine receptor M2,Ki,nM,5.5,311.79,2.74
CHEMBL4798829,5467.68,c1ccc2oc(-c3csc(C4CCN(Cc5nc6ncccc6[nH]5)CC4)n3)cc2c1,SGC Frankfurt - Donated Chemical Probes,GPCRScan assay: inhibition of M2,B,Homo sapiens,,,2021.0,Muscarinic acetylcholine receptor M2,Ki,nM,5.26,415.52,5.21
CHEMBL4091058,4786.3,O=C1CCc2ccccc2N1CCCN1CCN(Cc2ccccc2)CC1,Scientific Literature,Displacement of [3H]NMS from human muscarinic M2 receptor expressed in CHO cell membranes after 2 hrs by liquid scintillation counting method,B,Homo sapiens,,J Med Chem,2018.0,Muscarinic acetylcholine receptor M2,Ki,nM,5.32,363.51,3.17
CHEMBL200208,251.0,CO[C@@]1(C#CC(O)(c2ccccc2)c2ccccc2)CN2CCC1CC2,Scientific Literature,Binding affinity to human muscarinic M2 receptor,B,Homo sapiens,,Bioorg Med Chem Lett,2006.0,Muscarinic acetylcholine receptor M2,Ki,nM,6.6,347.46,3.04
CHEMBL3298986,630.96,CC(C)(N)COc1ccc(Nc2ccc(CCNC[C@H](O)c3ccc(O)c4[nH]c(=O)ccc34)cc2)cc1,Scientific Literature,Inhibition of muscarinic acetylcholine receptor M2 (unknown origin),B,Homo sapiens,,Bioorg Med Chem Lett,2014.0,Muscarinic acetylcholine receptor M2,Ki,nM,6.2,502.62,3.96
CHEMBL1231,8.1,CCN(CC)CC#CCOC(=O)C(O)(c1ccccc1)C1CCCCC1,Scientific Literature,Displacement of 1-[N-methyl- 3H]scopolamine from human muscarinic M2 receptor expressed in Sf9 cells,B,Homo sapiens,,Bioorg Med Chem Lett,2007.0,Muscarinic acetylcholine receptor M2,Ki,nM,8.09,357.49,3.34
CHEMBL14,1318.26,C[N+](C)(C)CCOC(N)=O.[Cl-],Scientific Literature,Binding affinity to human cloned muscarinic M2 receptor expressed in CHO cells,B,Homo sapiens,,Bioorg Med Chem,2008.0,Muscarinic acetylcholine receptor M2,Ki,nM,5.88,182.65,-0.21
CHEMBL4597498,0.1,CC(=O)N[C@@H](CCCCN)C(=O)N[C@@H](C)C(=O)N[C@@H](CCCNC(=N)N)C(=O)NCCN1CCN(CCCCC2CCN(CC(=O)N3c4ccccc4NC(=O)c4ccccc43)CC2)CC1,Scientific Literature,Displacement of [3H]-NMS from human muscarinic M2 receptor expressed in CHO cell membranes assessed as inhibition constant by radioligand competition analysis,B,Homo sapiens,,Eur J Med Chem,2021.0,Muscarinic acetylcholine receptor M2,Ki,nM,10.0,916.19,1.42
CHEMBL4874785,1318.26,CC(=O)NC(=O)[C@H](CCCNC(=N)N)NC(=O)[C@H](C)NC(=O)[C@@H](CCCNC(=N)N)NCC(=O)NC1CCN(CC(=O)N2c3ccccc3NC(=O)c3ccccc32)CC1.O=C(O)C(F)(F)F.O=C(O)C(F)(F)F.O=C(O)C(F)(F)F,Scientific Literature,Displacement of [3H]-NMS from human muscarinic M2 receptor expressed in CHO cell membranes assessed as inhibition constant by radioligand competition analysis,B,Homo sapiens,,Eur J Med Chem,2021.0,Muscarinic acetylcholine receptor M2,Ki,nM,5.88,1175.03,-1.37
CHEMBL4852079,63.1,CC(=O)N[C@@H](CCCN)C(=O)NC(=O)[C@H](C)NC(=O)[C@H](CCCNC(=N)N)NCCN1CCN(CC(=O)NC2CCN(CC(=O)N3c4ccccc4NC(=O)c4ccccc43)CC2)CC1.O=C(O)C(F)(F)F.O=C(O)C(F)(F)F.O=C(O)C(F)(F)F.O=C(O)C(F)(F)F.O=C(O)C(F)(F)F,Scientific Literature,Displacement of [3H]-NMS from human muscarinic M2 receptor expressed in CHO cell membranes assessed as inhibition constant by radioligand competition analysis,B,Homo sapiens,,Eur J Med Chem,2021.0,Muscarinic acetylcholine receptor M2,Ki,nM,7.2,1473.21,-1.27
CHEMBL2111540,17.0,COc1ccc([S@@+]([O-])c2ccc(C(C#N)N3CCN(C4CCCCC4)CC3)cc2)cc1,Scientific Literature,Binding affinity towards the cloned human Muscarinic acetylcholine receptor M2,B,,,Bioorg Med Chem Lett,2000.0,Muscarinic acetylcholine receptor M2,Ki,nM,7.77,437.61,4.38
CHEMBL2093083,100000.0,C[C@H]1O[C@@H]([C@@H]2CCCN2C)C[S@@+]1[O-],Scientific Literature,Binding affinity to cloned human muscarinic M2 receptor expressed in CHO cells,B,Homo sapiens,,J Med Chem,2006.0,Muscarinic acetylcholine receptor M2,Ki,nM,,203.31,0.57
CHEMBL218755,39.81,COc1nsnc1OCCOCCOCCOc1nsnc1C1=CCCN(C)C1,Scientific Literature,Inhibition of [3H](R)-QNB binding to human M2 receptor expressed in A9 L cells,B,Homo sapiens,,J Med Chem,2006.0,Muscarinic acetylcholine receptor M2,Ki,nM,7.4,443.55,1.61
CHEMBL265256,0.302,CN(CCCCCCCCN(C)CCCCCCN(CC(=O)N1c2ccccc2C(=O)Nc2cccnc21)CC(=O)N1c2ccccc2C(=O)Nc2cccnc21)CCCCCCNCC(=O)N1c2ccccc2C(=O)Nc2cccnc21,Scientific Literature,Displacement of [3H]N-methylscopolamine chloride from human cloned muscarinic M2 receptor expressed in CHOK1 cells,B,Homo sapiens,,Bioorg Med Chem,2008.0,Muscarinic acetylcholine receptor M2,Ki,nM,9.52,1124.4,
CHEMBL91,1542.0,Clc1ccc(COC(Cn2ccnc2)c2ccc(Cl)cc2Cl)c(Cl)c1,DrugMatrix,DRUGMATRIX: Muscarinic M2 radioligand binding (ligand: [3H] N-Methylscopolamine),B,,,,,Muscarinic acetylcholine receptor M2,Ki,nM,5.81,416.13,6.45
CHEMBL541424,15488.17,C[C@@H]1O[C@H]([C@@H]2CCC[N+]2(C)C)C[S+]1[O-],Scientific Literature,Binding affinity to human cloned muscarinic M2 receptor expressed in CHO cells,B,Homo sapiens,,Bioorg Med Chem,2008.0,Muscarinic acetylcholine receptor M2,Ki,nM,4.81,218.34,0.72
CHEMBL4633679,199.53,C[N+](C)(C)C[C@@H]1CO[C@H](c2ccc(Sc3ccccc3)cc2)CO1.[I-],Scientific Literature,Displacement of [3H]NMS from human recombinant muscarinic receptor M2 expressed in CHO-K1 cell membranes incubated for 2 hrs by scintillation counting method,B,Homo sapiens,,J Med Chem,2020.0,Muscarinic acetylcholine receptor M2,Ki,nM,6.7,471.4,4.0
CHEMBL4646717,980.0,O=C(Nc1ccc(F)cc1-c1ccccc1Cl)OCC1CCNCC1,Scientific Literature,Displacement of [3H]N-methylscopolamine from human muscarinic M2 receptor transiently expressed in HEK293T cell membranes incubated for 1 hr by scintillation counting method,A,Homo sapiens,,J Med Chem,2020.0,Muscarinic acetylcholine receptor M2,Ki,nM,6.01,362.83,4.69
CHEMBL4632545,320.0,O=C(Nc1ccc(F)cc1-c1ccc(Cl)cc1)OCC1CCNCC1,Scientific Literature,Displacement of [3H]N-methylscopolamine from human muscarinic M2 receptor transiently expressed in HEK293T cell membranes incubated for 1 hr by scintillation counting method,A,Homo sapiens,,J Med Chem,2020.0,Muscarinic acetylcholine receptor M2,Ki,nM,6.5,362.83,4.69
CHEMBL4852544,1318.26,CC(=O)NC(=O)[C@H](CCCNC(=N)N)NC(=O)[C@H](C)NC(=O)CNC(=O)[C@H](CCCNC(=N)N)NC1CCN(CC(=O)N2c3ccccc3NC(=O)c3ccccc32)CC1.O=C(O)C(F)(F)F.O=C(O)C(F)(F)F.O=C(O)C(F)(F)F,Scientific Literature,Displacement of [3H]-NMS from human muscarinic M2 receptor expressed in CHO cell membranes assessed as inhibition constant by radioligand competition analysis,B,Homo sapiens,,Eur J Med Chem,2021.0,Muscarinic acetylcholine receptor M2,Ki,nM,5.88,1175.03,-1.37
CHEMBL4869980,104.71,CC(=O)NC(=O)[C@H](CCCNC(=N)N)NC(=O)[C@H](C)NC(=O)CNCCN1CCN(C(=O)CC2CCN(CC(=O)N3c4ccccc4NC(=O)c4ccccc43)CC2)CC1.O=C(O)C(F)(F)F.O=C(O)C(F)(F)F.O=C(O)C(F)(F)F,Scientific Literature,Displacement of [3H]-NMS from human muscarinic M2 receptor expressed in CHO cell membranes assessed as inhibition constant by radioligand competition analysis,B,Homo sapiens,,Eur J Med Chem,2021.0,Muscarinic acetylcholine receptor M2,Ki,nM,6.98,1173.06,-0.33
CHEMBL4863121,323.59,CC(=O)N[C@@H](CCCN)C(=O)NC(=O)[C@H](C)NC(=O)[C@H](CCNC(=N)N)NCCN1CCN(C(=O)CC2CCN(CC(=O)N3c4ccccc4NC(=O)c4ccccc43)CC2)CC1.O=C(O)C(F)(F)F.O=C(O)C(F)(F)F.O=C(O)C(F)(F)F.O=C(O)C(F)(F)F,Scientific Literature,Displacement of [3H]-NMS from human muscarinic M2 receptor expressed in CHO cell membranes assessed as inhibition constant by radioligand competition analysis,B,Homo sapiens,,Eur J Med Chem,2021.0,Muscarinic acetylcholine receptor M2,Ki,nM,6.49,1330.15,-0.61
CHEMBL4852079,100.0,CC(=O)N[C@@H](CCCN)C(=O)NC(=O)[C@H](C)NC(=O)[C@H](CCCNC(=N)N)NCCN1CCN(CC(=O)NC2CCN(CC(=O)N3c4ccccc4NC(=O)c4ccccc43)CC2)CC1.O=C(O)C(F)(F)F.O=C(O)C(F)(F)F.O=C(O)C(F)(F)F.O=C(O)C(F)(F)F.O=C(O)C(F)(F)F,Scientific Literature,Antagonist activity at human muscarinic acetylcholine receptor M2 expressed in human HEK293T cells coexpressing NlucN-mini-Gsi assessed as inhibition of iperoxo-induced mini-Gsi recruitment by measuring right ward shift of iperoxo-concentration-response curves at 16 uM preincubated for 120 mins followed by iperoxo-addition and measured by nano-luciferase technique,F,Homo sapiens,,Eur J Med Chem,2021.0,Muscarinic acetylcholine receptor M2,Ki,nM,7.0,1473.21,-1.27
CHEMBL4059733,0.7943,CCC(=O)NCCNC(=O)CCc1cn(CCCCC2CCN(CC(=O)N3c4ccccc4NC(=O)c4ccccc43)CC2)cn1,Scientific Literature,Displacement of [3H]-NMS from human muscarinic M2 receptor expressed in CHO cell membranes assessed as inhibition constant by radioligand competition analysis,B,Homo sapiens,,Eur J Med Chem,2021.0,Muscarinic acetylcholine receptor M2,Ki,nM,9.1,627.79,4.27
CHEMBL4872882,23.44,NCCN1CCN(CCC(=O)NC2CCN(CC(=O)N3c4ccccc4NC(=O)c4ccccc43)CC2)CC1.O=C(O)C(F)(F)F.O=C(O)C(F)(F)F.O=C(O)C(F)(F)F.O=C(O)C(F)(F)F,Scientific Literature,Displacement of [3H]-NMS from human muscarinic M2 receptor expressed in CHO cell membranes assessed as inhibition constant by radioligand competition analysis,B,Homo sapiens,,Eur J Med Chem,2021.0,Muscarinic acetylcholine receptor M2,Ki,nM,7.63,989.77,1.46
CHEMBL4643329,416.87,C[N+](C)(C)C[C@@H]1COC[C@@H](c2ccc([S+]([O-])c3ccccc3)cc2)O1.[I-],Scientific Literature,Displacement of [3H]NMS from human recombinant muscarinic receptor M2 expressed in CHO-K1 cell membranes incubated for 2 hrs by scintillation counting method,B,Homo sapiens,,J Med Chem,2020.0,Muscarinic acetylcholine receptor M2,Ki,nM,6.38,487.4,3.02
CHEMBL4520788,1474.01,CNCc1ccccc1-c1csc([C@H](C)Nc2nc(C)nc3cc(OC)c(OC)cc23)c1,EUbOPEN Chemogenomic Library Literature Data,Selectivity interaction (GPCR panel (PDSP screen)) EUB0000743a CHRM2,B,Homo sapiens,,,2023.0,Muscarinic acetylcholine receptor M2,Ki,nM,5.83,448.59,5.58
CHEMBL4644852,52.0,O=C(Nc1ccc(F)cc1-c1ccccc1)OCC1CCNCC1,Scientific Literature,Displacement of [3H]N-methylscopolamine from human muscarinic M2 receptor transiently expressed in HEK293T cell membranes incubated for 1 hr by scintillation counting method,A,Homo sapiens,,J Med Chem,2020.0,Muscarinic acetylcholine receptor M2,Ki,nM,7.28,328.39,4.04
CHEMBL4648196,98.0,O=C(Nc1ccc(F)cc1-c1ccc(F)cc1)OCC1CCNCC1,Scientific Literature,Displacement of [3H]N-methylscopolamine from human muscarinic M2 receptor transiently expressed in HEK293T cell membranes incubated for 1 hr by scintillation counting method,A,Homo sapiens,,J Med Chem,2020.0,Muscarinic acetylcholine receptor M2,Ki,nM,7.01,346.38,4.18
CHEMBL4640324,14.0,O=C(Nc1ccc(F)cc1-c1ccc(F)c(Cl)c1)O[C@H]1CN2CCC1CC2,Scientific Literature,Displacement of [3H]N-methylscopolamine from human muscarinic M2 receptor transiently expressed in HEK293T cell membranes incubated for 1 hr by scintillation counting method,A,Homo sapiens,,J Med Chem,2020.0,Muscarinic acetylcholine receptor M2,Ki,nM,7.85,392.83,4.93
CHEMBL4640703,5.7,O=C(Nc1ccc(F)cc1-c1cccc(Cl)c1)OCC1CCNCC1,Scientific Literature,Displacement of [3H]N-methylscopolamine from human muscarinic M2 receptor transiently expressed in HEK293T cell membranes incubated for 1 hr by scintillation counting method,A,Homo sapiens,,J Med Chem,2020.0,Muscarinic acetylcholine receptor M2,Ki,nM,8.24,362.83,4.69
CHEMBL4633816,3.7,C[N+]12CCC(CC1)[C@@H](OC(=O)Nc1ccc(F)cc1-c1ccc(F)c(Cl)c1)C2.O=C[O-],Scientific Literature,Displacement of [3H]N-methylscopolamine from human muscarinic M2 receptor transiently expressed in HEK293T cell membranes incubated for 1 hr by scintillation counting method,A,Homo sapiens,,J Med Chem,2020.0,Muscarinic acetylcholine receptor M2,Ki,nM,8.43,452.89,5.07
CHEMBL554916,95.5,C[N+]1(C)CCC[C@@H]1[C@@H]1C[S+]([O-])[C@](c2ccccc2)(C2CCCCC2)O1.[I-],Scientific Literature,Displacement of [3H]NMS from human muscarinic M2 receptor expressed in CHO cells,B,Homo sapiens,,Bioorg Med Chem,2008.0,Muscarinic acetylcholine receptor M2,Ki,nM,7.02,489.46,3.81
CHEMBL2377268,30.8,CN1CCC(OC(=O)C(CO)c2cccc(C(F)(F)F)c2)CC1,Scientific Literature,Displacement of [3H] N-methylscopolamine from human muscarinic M2 receptor expressed in CHOK1 cells after 30 mins by scintillation counting analysis,B,Homo sapiens,,Bioorg Med Chem,2013.0,Muscarinic acetylcholine receptor M2,Ki,nM,7.51,331.33,2.42
CHEMBL593861,46773.51,CC1(C)OC[C@@H](C[N+](C)(C)C)OC1(C)C.[I-],Scientific Literature,Displacement of [3H]NMS from human muscarinic M2 receptor expressed in CHO cells by microplate scintillation counting,B,Homo sapiens,,Bioorg Med Chem,2009.0,Muscarinic acetylcholine receptor M2,Ki,nM,4.33,343.25,1.67
CHEMBL3323288,64.57,C[N+](C)(C)CCCCCC[N+](C)(C)CC#CCOC1=NOCC1.[Br-].[Br-],Scientific Literature,Displacement of [3H]-NMS from human muscarinic M2 Y177Q/T423H mutant expressed in Flp-In-CHO cells by liquid scintillation counting,B,Homo sapiens,,J Med Chem,2014.0,Muscarinic acetylcholine receptor M2,Ki,nM,7.19,485.31,2.08
CHEMBL92569,5.0,CCCS(=O)(=O)N1CCC(N2CCC(C3(c4ccc(S(=O)(=O)c5ccc6c(c5)OCO6)cc4)CCCO3)CC2)CC1,Scientific Literature,Antagonist activity at muscarinic M2 receptor (unknown origin) assessed as inhibition constant,B,Homo sapiens,,J Med Chem,2021.0,Muscarinic acetylcholine receptor M2,Ki,nM,8.3,604.79,4.17
CHEMBL3545181,0.3162,C[N+]1(C)[C@@H]2C[C@@H](OC(=O)C(O)(c3cccs3)c3cccs3)C[C@H]1[C@@H]1O[C@@H]12.O.[Br-],Scientific Literature,Displacement of [3H]N-methylscopolamine from human recombinant muscarinic M2 receptor expressed in CHO cells,B,Homo sapiens,,Bioorg Med Chem Lett,2008.0,Muscarinic acetylcholine receptor M2,Ki,nM,9.5,490.44,2.35
CHEMBL728,1107.0,CN1CCN(CCCN2c3ccccc3Sc3ccc(Cl)cc32)CC1,DrugMatrix,DRUGMATRIX: Muscarinic M2 radioligand binding (ligand: [3H] N-Methylscopolamine),B,,,,,Muscarinic acetylcholine receptor M2,Ki,nM,5.96,373.95,4.58
CHEMBL500996,0.6,COc1ccccc1CNCCCCCCNCCCCCCCCNCCCCCCNCc1ccccc1OC.Cl.Cl.Cl.Cl,Scientific Literature,Displacement of [3H]AF-DX384 from muscarinic M2 receptor,B,,,J Nat Prod,1993.0,Muscarinic acetylcholine receptor M2,Ki,nM,9.22,728.76,7.22
CHEMBL517712,1.328,CN1[C@@H]2CC[C@H]1C[C@@H](OC(=O)C(CO)c1ccccc1)C2,DrugMatrix,DRUGMATRIX: Muscarinic M2 radioligand binding (ligand: [3H] N-Methylscopolamine),B,,,,,Muscarinic acetylcholine receptor M2,Ki,nM,8.88,289.38,1.93
CHEMBL1824784,4304.0,Cl.c1ccc(CN2C3CC4CC(C3)CC2C4)cc1,Scientific Literature,Inhibition of M2 muscarinic receptor by NIMH PDSP,B,,,Bioorg Med Chem Lett,2011.0,Muscarinic acetylcholine receptor M2,Ki,nM,5.37,263.81,3.45
CHEMBL2048820,242.85,Cc1cn2cc(CC(=O)N3CCC4(CC3)CN(Cc3ccc(-n5nccn5)cc3Cl)C4)nc2s1,EUbOPEN Chemogenomic Library,"PDSP Secondary Binding target: CHRM2 - Compounds are tested at 10 uM concentration, plate are incubated at room temperature in the dark for 90 minutes. Reaction are stopped by vacuum filtration onto 0.3% polyethyleneimine soaked filter mats using Filtermate harvester. Scintillation cocktail is then melted onto microwave-dried filters on a hot plate and the radio activity is counted in Microbia counter. Compounds showing a minimum of 50% inhibition at 10 uM concentration are carried forward in this secondary binding assay to determine equilibrium binding affinity.",B,Homo sapiens,,,2024.0,Muscarinic acetylcholine receptor M2,Ki,nM,6.62,496.04,3.61
CHEMBL2018875,527.84,COc1ccc2cc(S(=O)(=O)N[C@H](CC(=O)N[C@H](Cc3ccc(CN4[C@H](C)CCC[C@@H]4C)cc3)C(=O)N(C)C(C)C)c3ccc4c(c3)OCO4)ccc2c1.Cl,EUbOPEN Chemogenomic Library,"PDSP Secondary Binding target: CHRM2 - Compounds are tested at 10 uM concentration, plate are incubated at room temperature in the dark for 90 minutes. Reaction are stopped by vacuum filtration onto 0.3% polyethyleneimine soaked filter mats using Filtermate harvester. Scintillation cocktail is then melted onto microwave-dried filters on a hot plate and the radio activity is counted in Microbia counter. Compounds showing a minimum of 50% inhibition at 10 uM concentration are carried forward in this secondary binding assay to determine equilibrium binding affinity.",B,Homo sapiens,,,2024.0,Muscarinic acetylcholine receptor M2,Ki,nM,6.28,793.43,6.34
CHEMBL12098,0.89,Cc1cccc(C(=O)N2CCC(N3CCC(Cc4ccc(S(=O)(=O)c5cccc(Cl)c5)cc4)CC3)CC2)c1N,Scientific Literature,Binding affinity to human M2 muscarinic receptor,B,Homo sapiens,,J Med Chem,2013.0,Muscarinic acetylcholine receptor M2,Ki,nM,9.05,566.17,5.62
CHEMBL3480577,3981.07,Cc1ccc2nc(CNCCCOc3ccccc3)cc(O)c2c1,SGC Frankfurt - Donated Chemical Probes,GPCRScan assay: inhibition of M2,B,Homo sapiens,,,2021.0,Muscarinic acetylcholine receptor M2,Ki,nM,5.4,322.41,3.81
CHEMBL199981,126.0,CO[C@]1(C#CC(O)(c2ccc(Cl)cc2)c2ccc(Cl)cc2)CN2CCC1CC2,Scientific Literature,Binding affinity to human muscarinic M2 receptor,B,Homo sapiens,,Bioorg Med Chem Lett,2006.0,Muscarinic acetylcholine receptor M2,Ki,nM,6.9,416.35,4.34
CHEMBL200566,631.0,CO[C@]1(C#CC(O)C2c3ccccc3C=Cc3ccccc32)CN2CCC1CC2,Scientific Literature,Binding affinity to human muscarinic M2 receptor,B,Homo sapiens,,Bioorg Med Chem Lett,2006.0,Muscarinic acetylcholine receptor M2,Ki,nM,6.2,385.51,3.78
CHEMBL4520788,1479.11,CNCc1ccccc1-c1csc([C@H](C)Nc2nc(C)nc3cc(OC)c(OC)cc23)c1,SGC Frankfurt - Donated Chemical Probes,GPCRScan assay: inhibition of M2,B,Homo sapiens,,,2021.0,Muscarinic acetylcholine receptor M2,Ki,nM,5.83,448.59,5.58
CHEMBL113436,2500.0,Cc1ccnc(C)c1C(=O)N1CCC(C)(N2CCN([C@@H](C)c3ccc(C(F)(F)F)cc3)[C@@H](C)C2)CC1,Scientific Literature,Binding affinity towards muscarinic receptor M2,B,,,Bioorg Med Chem Lett,2003.0,Muscarinic acetylcholine receptor M2,Ki,nM,5.6,502.63,5.48
CHEMBL307810,1.0,COc1ccc([S+]([O-])c2ccc(C(C)N3CCN(C4CCCCC4)CC3)cc2)cc1,Scientific Literature,Binding affinity towards the cloned human Muscarinic acetylcholine receptor M2,B,,,Bioorg Med Chem Lett,2000.0,Muscarinic acetylcholine receptor M2,Ki,nM,9.0,426.63,4.87
CHEMBL326450,338.84,CCCCc1[nH]c2ccc3c(c2c1C(=O)OCC)CN1CCc2cc(OC)ccc2C1O3,Scientific Literature,Inhibition of [3H]-NMS binding to human muscarinic acetylcholine receptor M2 in transfected CHO cells.,B,,,J Med Chem,2002.0,Muscarinic acetylcholine receptor M2,Ki,nM,6.47,434.54,5.15
CHEMBL4089376,5495.41,Cc1c(Cl)c(OCC(=O)N2CCN(C)CC2)nc2sc(C(=O)NC3CC3)c(N)c12,Scientific Literature,Displacement of [3H]UNSW-MK259 from human muscarinic acetylcholine receptor M2 expressed in CHOK9 cells after 3 hrs by liquid scintillation counting assay,B,Homo sapiens,,J Med Chem,2017.0,Muscarinic acetylcholine receptor M2,Ki,nM,5.26,437.95,1.89
CHEMBL4440484,7.943,CCCC(C)(C)C(=O)N(CC)CCCC1CCN(CC(=O)N2c3ccccc3NC(=O)c3ccccc32)CC1,Scientific Literature,Binding affinity to muscarinic M2 receptor (unknown origin) expressed in CHO cells,B,Homo sapiens,,J Med Chem,2019.0,Muscarinic acetylcholine receptor M2,Ki,nM,8.1,532.73,6.08
CHEMBL4579642,239.88,CC(=O)N[C@@H](CCC(N)=O)C(=O)N[C@@H](C)C(=O)N[C@@H](CC(C)C)C(=O)NCCCCC1CCN(CC(=O)N2c3ccccc3NC(=O)c3ccccc32)CC1.O=C(O)C(F)(F)F,Scientific Literature,Displacement of [3H]-NMS from human muscarinic M2 receptor expressed in CHO-K9 cells after 3 hrs by microbeta2 scintillation counting method,B,Homo sapiens,,J Med Chem,2019.0,Muscarinic acetylcholine receptor M2,Ki,nM,6.62,874.96,2.72
CHEMBL4544820,46.77,CC(=O)N[C@@H](Cc1ccc(O)cc1)C(=O)N[C@@H](CCCCN)C(=O)NCCCCC1CCN(CC(=O)N2c3ccccc3NC(=O)c3ccccc32)CC1.O=C(O)C(F)(F)F.O=C(O)C(F)(F)F,Scientific Literature,Displacement of [3H]-NMS from human muscarinic M2 receptor expressed in CHO-K9 cells after 3 hrs by microbeta2 scintillation counting method,B,Homo sapiens,,J Med Chem,2019.0,Muscarinic acetylcholine receptor M2,Ki,nM,7.33,967.96,3.98
CHEMBL1908368,0.48,CC(C)[N+]1(C)C2CCC1CC(OC(=O)C(CO)c1ccccc1)C2.O.[Br-],Scientific Literature,Displacement of [3H]-NMS from human recombinant M2 receptor expressed in CHO cells after 2 hrs by filter binding assay,B,Homo sapiens,,J Med Chem,2011.0,Muscarinic acetylcholine receptor M2,Ki,nM,9.32,430.38,2.85
CHEMBL808,1158.0,Clc1ccc(COC(Cn2ccnc2)c2ccc(Cl)cc2Cl)cc1,DrugMatrix,DRUGMATRIX: Muscarinic M2 radioligand binding (ligand: [3H] N-Methylscopolamine),B,,,,,Muscarinic acetylcholine receptor M2,Ki,nM,5.94,381.69,5.8
CHEMBL267014,10000.0,Clc1ccc(N2CCN(Cc3c[nH]c4ncccc34)CC2)cc1,Scientific Literature,Binding affinity to cloned Muscarinic acetylcholine receptor M2,B,,,Bioorg Med Chem Lett,2001.0,Muscarinic acetylcholine receptor M2,Ki,nM,,326.83,3.54
CHEMBL4639297,2137.96,C[N+](C)(C)C[C@@H]1CO[C@@H](c2ccccc2)C(c2ccccc2)(c2ccccc2)O1.[I-],Scientific Literature,Displacement of [3H]NMS from human recombinant muscarinic receptor M2 expressed in CHO-K1 cell membranes incubated for 2 hrs by scintillation counting method,B,Homo sapiens,,J Med Chem,2020.0,Muscarinic acetylcholine receptor M2,Ki,nM,5.67,515.44,4.79
CHEMBL1189234,835.0,OC12C3C4CC5C6C4C1C6C(C53)N2Cc1ccccc1,Scientific Literature,Binding affinity to M2 muscarinic receptor,B,,,Bioorg Med Chem Lett,2012.0,Muscarinic acetylcholine receptor M2,Ki,nM,6.08,265.36,1.95
CHEMBL64000,2.6,CC(=O)OC1CC2CCCC1N2,Scientific Literature,Inhibition of [3H]- quinuclidinyl benzilate binding to human Muscarinic acetylcholine receptor M2 expressed in CHO cell membrane,B,Homo sapiens,,J Med Chem,2000.0,Muscarinic acetylcholine receptor M2,Ki,nM,8.59,169.22,0.83
CHEMBL376897,0.3311,C[N+]1(C)[C@@H]2C[C@@H](OC(=O)[C@H](CO)c3ccccc3)C[C@H]1[C@@H]1O[C@@H]12,Scientific Literature,Displacement of [3H]-NMS from human muscarinic M2 Y177Q/T423H mutant expressed in Flp-In-CHO cells by liquid scintillation counting,B,Homo sapiens,,J Med Chem,2014.0,Muscarinic acetylcholine receptor M2,Ki,nM,9.48,318.39,1.06
CHEMBL4641328,0.195,NCc1cc(C(=O)NCCN2CCC(N3CCC(n4c(=O)[nH]c5ccccc54)CC3)CC2)cc(C(=O)NCCN2CCN(CCCCC3CCN(CC(=O)N4c5ccccc5NC(=O)c5ccccc54)CC3)CC2)c1.O=C(O)C(F)(F)F.O=C(O)C(F)(F)F.O=C(O)C(F)(F)F.O=C(O)C(F)(F)F.O=C(O)C(F)(F)F.O=C(O)C(F)(F)F,Scientific Literature,Displacement of [3H]-NMS from human muscarinic M2 receptor stably expressed in CHO-K9 cells by radioligand competitive binding assay,B,Homo sapiens,,J Med Chem,2020.0,Muscarinic acetylcholine receptor M2,Ki,nM,9.71,1705.46,
CHEMBL4070155,4.898,CCCN(CCC)CC1CCCCN1CCNC(=O)N1c2ccccc2NC(=O)c2cccnc21,Scientific Literature,"Displacement of 4-(2-((1E,3E)-5-((E)-3,3-Dimethyl-1-(6-oxo-6-((2-(4-(4-(1-(2-oxo-2-(11-oxo-10,11-dihydro-5H-dibenzo[b,e][1,4]diazepin-5-yl)ethyl)piperidin-4-yl)butyl)piperazin-1-yl)ethyl)amino)hexyl)-5-sulfoindolin-2-ylidene)penta-1,3-dien-1-yl)-3,3-dimethyl-3H-indol-1-ium-1-yl)butane-1-sulfonate Bis(hydrotrifluoroacetate) fluorescent tracer from human muscarinic M2 receptor expressed in CHO-K9 cells by FACSCalibur flow cytometry",B,Homo sapiens,,J Med Chem,2020.0,Muscarinic acetylcholine receptor M2,Ki,nM,8.31,478.64,4.47
CHEMBL2426364,72.0,O=C(c1ccc(C(=O)N2CCC(N3CCCC3)CC2)c(Nc2ccccc2)c1)N1CCC(N2CCCC2)CC1,EUbOPEN Chemogenomic Library Literature Data,Selectivity interaction (NIMH Psychoactive Drug Screening Program Selectivity Panel (radioligand binding assay)) EUB0000214b CHRM2,B,Homo sapiens,,,2023.0,Muscarinic acetylcholine receptor M2,Ki,nM,7.14,529.73,4.83
CHEMBL2426666,25703.96,CCc1ccc(CC(=O)N2CCC3(CC2)CN([C@@H]2CCc4cc(-n5nccn5)ccc42)C3)nc1,Scientific Literature,Displacement of N-methyl [3H]-scopolamine from recombinant human muscarinic acetylcholine receptor M2 expressed in CHO cells after 2 hrs by liquid scintillation counting,B,Homo sapiens,,Bioorg Med Chem Lett,2013.0,Muscarinic acetylcholine receptor M2,Ki,nM,,456.59,3.38
CHEMBL2426681,870.96,COc1ccc(CC(=O)N2CCC3(CC2)CN(C2CCc4cc(-c5nccs5)ccc42)C3)nc1,Scientific Literature,Displacement of N-methyl [3H]-scopolamine from recombinant human muscarinic acetylcholine receptor M2 expressed in CHO cells after 2 hrs by liquid scintillation counting,B,Homo sapiens,,Bioorg Med Chem Lett,2013.0,Muscarinic acetylcholine receptor M2,Ki,nM,6.06,474.63,4.37
CHEMBL9967,251.0,CN1CCN(CC(=O)N2c3ccccc3C(=O)Nc3cccnc32)CC1,Scientific Literature,Compound was evaluated for displacement of [3H]-QNB from human Muscarinic m2 receptor in CHO cells.,B,,,Bioorg Med Chem Lett,1996.0,Muscarinic acetylcholine receptor M2,Ki,nM,6.6,351.41,1.56
CHEMBL109405,31.0,C1=C(c2cc3ccccc3o2)C2CCN1CC2,Scientific Literature,Binding affinity for muscarinic acetylcholine receptor M2 by measuring displacement of [3H]QNB from guinea pig heart,B,Cavia porcellus,,J Med Chem,1995.0,Muscarinic acetylcholine receptor M2,Ki,nM,7.51,225.29,3.5
CHEMBL2093082,100000.0,C[C@H]1O[C@@H]([C@@H]2CCC[N+]2(C)C)C[S@@+]1[O-].[I-],Scientific Literature,Binding affinity to cloned human muscarinic M2 receptor expressed in CHO cells,B,Homo sapiens,,J Med Chem,2006.0,Muscarinic acetylcholine receptor M2,Ki,nM,,345.25,0.72
CHEMBL14,1230.27,C[N+](C)(C)CCOC(N)=O.[Cl-],Scientific Literature,Binding affinity to cloned human muscarinic M2 receptor expressed in CHO cells,B,Homo sapiens,,J Med Chem,2006.0,Muscarinic acetylcholine receptor M2,Ki,nM,5.91,182.65,-0.21
CHEMBL151938,1000.0,CO/N=C/C1=CCCN(C)C1,Scientific Literature,Binding affinity to human cloned muscarinic M2 receptor expressed in CHO cells,B,Homo sapiens,,Bioorg Med Chem,2008.0,Muscarinic acetylcholine receptor M2,Ki,nM,6.0,154.21,0.88
CHEMBL1334465,10000.0,Cc1cc(NC(=O)Nc2ccc(N(C)C)cc2)c2cc(F)cc(F)c2n1,EUbOPEN Chemogenomic Library,"PDSP Secondary Binding target: CHRM2 - Compounds are tested at 10 uM concentration, plate are incubated at room temperature in the dark for 90 minutes. Reaction are stopped by vacuum filtration onto 0.3% polyethyleneimine soaked filter mats using Filtermate harvester. Scintillation cocktail is then melted onto microwave-dried filters on a hot plate and the radio activity is counted in Microbia counter. Compounds showing a minimum of 50% inhibition at 10 uM concentration are carried forward in this secondary binding assay to determine equilibrium binding affinity.",B,Homo sapiens,,,2024.0,Muscarinic acetylcholine receptor M2,Ki,nM,,356.38,4.53
CHEMBL4515788,0.1148,CC(=O)N[C@@H](Cc1ccc(O)cc1)C(=O)N[C@@H](C)C(=O)N[C@@H](CCCCN)C(=O)NCCN1CCN(CCCCC2CCN(CC(=O)N3c4ccccc4NC(=O)c4ccccc43)CC2)CC1.O=C(O)C(F)(F)F.O=C(O)C(F)(F)F.O=C(O)C(F)(F)F.O=C(O)C(F)(F)F,Scientific Literature,Displacement of [3H]-NMS from human muscarinic M2 receptor expressed in CHO-K9 cells after 3 hrs by microbeta2 scintillation counting method,B,Homo sapiens,,J Med Chem,2019.0,Muscarinic acetylcholine receptor M2,Ki,nM,9.94,1379.26,3.1
CHEMBL1201203,3.668,CN1[C@@H]2CC[C@H]1C[C@@H](OC(c1ccccc1)c1ccccc1)C2,DrugMatrix,DRUGMATRIX: Muscarinic M2 radioligand binding (ligand: [3H] N-Methylscopolamine),B,,,,,Muscarinic acetylcholine receptor M2,Ki,nM,8.44,307.44,4.42
CHEMBL5289601,1.1,CN1/C(=C/C=C/C=C/C2=[N+](CCCCCC(=O)NCCCCCCCCN3CCC(COC(=O)Nc4ccc(F)cc4-c4ccc(F)c(Cl)c4)CC3)c3ccccc3C2(C)C)C(C)(C)c2ccccc21,Scientific Literature,Displacement of [3H]N-methylscopolamine from human muscarinic M2 receptor expressed in human HEK293T cell membranes by radioligand competition binding based analysis,B,Homo sapiens,,J Med Chem,2022.0,Muscarinic acetylcholine receptor M2,Ki,nM,8.96,973.71,14.06
CHEMBL21536,8.128,CCCCCCOc1nsnc1C1=CCCN(C)C1,Scientific Literature,Displacement of [3H]NMS from human M2 receptor expressed in CHO cells by microplate scintillation counting based radioligand binding assay,B,Homo sapiens,,J Med Chem,2014.0,Muscarinic acetylcholine receptor M2,Ki,nM,8.09,281.42,3.22
CHEMBL1306,4590.0,CC(C)N1CCN(c2ccc(OC[C@H]3CO[C@](Cn4cncn4)(c4ccc(Cl)cc4Cl)O3)cc2)CC1,DrugMatrix,DRUGMATRIX: Muscarinic M2 radioligand binding (ligand: [3H] N-Methylscopolamine),B,,,,,Muscarinic acetylcholine receptor M2,Ki,nM,5.34,532.47,4.46
CHEMBL2111540,9.0,COc1ccc([S@@+]([O-])c2ccc(C(C#N)N3CCN(C4CCCCC4)CC3)cc2)cc1,Scientific Literature,Binding affinity towards the cloned human Muscarinic acetylcholine receptor M2,B,,,Bioorg Med Chem Lett,2000.0,Muscarinic acetylcholine receptor M2,Ki,nM,8.05,437.61,4.38
CHEMBL74141,0.51,COc1ccc(S(=O)(=O)c2ccc(C3(C4CCN(C5CCN(C(=O)c6ccc(F)c7ccccc67)CC5)CC4)OCCO3)cc2)cc1,Scientific Literature,Antagonistic activity against muscarinic acetylcholine receptor M2,F,,,Bioorg Med Chem Lett,2001.0,Muscarinic acetylcholine receptor M2,Ki,nM,9.29,658.79,6.04
CHEMBL21536,120.0,CCCCCCOc1nsnc1C1=CCCN(C)C1,Scientific Literature,Displacement of [3H]-AFDX-384 from human muscarinic M2 receptor expressed in CHO-K1 cells,B,Homo sapiens,,J Med Chem,2010.0,Muscarinic acetylcholine receptor M2,Ki,nM,6.92,281.42,3.22
CHEMBL277642,4.677,C[C@@H]1OC(=O)[C@H]2C[C@H]3CCCC[C@@H]3[C@@H](/C=C/[C@H]3CCC[C@H](C)N3C)[C@@H]12,Scientific Literature,Binding affinity against human muscarine receptor (hM2) cloned in CHO cells,B,Homo sapiens,,Bioorg Med Chem Lett,2002.0,Muscarinic acetylcholine receptor M2,Ki,nM,8.33,345.53,4.42
CHEMBL21536,11.75,CCCCCCOc1nsnc1C1=CCCN(C)C1,Scientific Literature,Binding affinity to human cloned muscarinic M2 receptor expressed in CHO cells,B,Homo sapiens,,Bioorg Med Chem,2008.0,Muscarinic acetylcholine receptor M2,Ki,nM,7.93,281.42,3.22
CHEMBL1908368,0.413,CC(C)[N+]1(C)C2CCC1CC(OC(=O)C(CO)c1ccccc1)C2.O.[Br-],Scientific Literature,Displacement of [3H]-NMS from human recombinant M2 receptor expressed in CHO cells after 24 hrs by filter binding assay,B,Homo sapiens,,J Med Chem,2011.0,Muscarinic acetylcholine receptor M2,Ki,nM,9.38,430.38,2.85
CHEMBL3833319,5.0,CN(CCN1CCC(OC(=O)Nc2ccccc2-c2ccccc2)CC1)C(=O)c1ccc(CN2CCC(C(N)=O)CC2)cc1,SureChEMBL Patent Bioactivity Data,Antagonist activity at human recombinant M2 receptor expressed in CHO cells assessed as blocking of muscarinic receptor agonist oxotremorine-induced inhibition of forskolin-mediated cAMP accumulation incubated for 10 mins by topcount liquid scintillation counting,F,Homo sapiens,,,2005.0,Muscarinic acetylcholine receptor M2,Ki,nM,,597.76,4.84
CHEMBL557808,74.13,C[N+](C)(C)C[C@@H]1C[S+]([O-])[C@@](c2ccccc2)(C2CCCCC2)O1.[I-],Scientific Literature,Displacement of [3H]NMS from human muscarinic M2 receptor expressed in CHO cells,B,Homo sapiens,,Bioorg Med Chem,2008.0,Muscarinic acetylcholine receptor M2,Ki,nM,7.13,463.43,3.27
CHEMBL1382,4.0,Cc1ccc(O)c([C@H](CCN(C(C)C)C(C)C)c2ccccc2)c1,Scientific Literature,Binding affinity to human muscarinic M2 receptor,B,Homo sapiens,,Bioorg Med Chem Lett,2006.0,Muscarinic acetylcholine receptor M2,Ki,nM,8.4,325.5,5.34
CHEMBL667,158.49,CC(=O)OCC[N+](C)(C)C,Scientific Literature,Displacement of [3H]NMS from human cloned muscarinic M2 receptor expressed in CHO cells,B,Homo sapiens,,Bioorg Med Chem Lett,2008.0,Muscarinic acetylcholine receptor M2,Ki,nM,6.8,146.21,0.26
CHEMBL14,1230.27,C[N+](C)(C)CCOC(N)=O.[Cl-],Scientific Literature,Displacement of [3H]NMS from human muscarinic M2 receptor transfected in CHO cells after 120 mins by scintillation counting analysis,B,Homo sapiens,,Bioorg Med Chem Lett,2014.0,Muscarinic acetylcholine receptor M2,Ki,nM,5.91,182.65,-0.21
CHEMBL643,12.0,CC(CN1c2ccccc2Sc2ccccc21)N(C)C,DrugMatrix,DRUGMATRIX: Muscarinic M2 radioligand binding (ligand: [3H] N-Methylscopolamine),B,,,,,Muscarinic acetylcholine receptor M2,Ki,nM,7.92,284.43,4.24
CHEMBL2205829,1295.0,OC12C3C4CC5C6C4C1C6C(C53)N2Cc1ccc2c(c1)OCO2,Scientific Literature,Inhibition of muscarinic M2 receptor (unknown origin) by PDSP assay,B,Homo sapiens,,Bioorg Med Chem,2013.0,Muscarinic acetylcholine receptor M2,Ki,nM,5.89,309.37,1.68
CHEMBL4572167,10000.0,CC[C@H]1c2ccccc2N(c2ccccc2)C[C@@]1(C)N,Scientific Literature,Displacement of [3H]-QNB/[3H]-NMS from human recombinant Muscarinic acetylcholine M2 receptor expressed in stable CHO cells after 90 mins by microbeta scintillation counting method,B,Homo sapiens,,ACS Med Chem Lett,2019.0,Muscarinic acetylcholine receptor M2,Ki,nM,,266.39,4.05
CHEMBL4446039,220.0,O=C(OCc1ccc(Cl)c(Cl)c1)N(c1ccccc1)C1CN2CCC1CC2,Scientific Literature,Displacement of [3H]NMS from human M2 AChR expressed in CHO cell membranes after 1 to 2 hrs by liquid scintillation spectrometry method,B,Homo sapiens,,Bioorg Med Chem Lett,2019.0,Muscarinic acetylcholine receptor M2,Ki,nM,6.66,405.33,5.23
CHEMBL21536,323.59,CCCCCCOc1nsnc1C1=CCCN(C)C1,Scientific Literature,"Displacement of 4-(2-((1E,3E)-5-((E)-3,3-Dimethyl-1-(6-oxo-6-((2-(3-(1-(4-(1-(2-oxo-2-(11-oxo-10,11-dihydro-5H-dibenzo[b,e][1,4]diazepin-5-yl)ethyl)piperidin-4-yl)butyl)-1H-imidazol-4-yl)propanamido)ethyl)-amino)hexyl)-5-sulfoindolin-2-ylidene)penta-1,3-dien-1-yl)-3,3-dimethyl-3H-indol-1-ium-1-yl)butane-1-sulfonateHydrotrifluoroacetate fluorescent tracer from human muscarinic M2 receptor expressed in CHO-K9 cells measured after 60 mins by Hoechst H33342 dye based confocal plate reader assay",B,Homo sapiens,,J Med Chem,2020.0,Muscarinic acetylcholine receptor M2,Ki,nM,6.49,281.42,3.22
CHEMBL21536,199.53,CCCCCCOc1nsnc1C1=CCCN(C)C1,Scientific Literature,Displacement of [3H]-NMS from human muscarinic M2 receptor expressed in CHO-K9 cells measured after 60 mins by Hoechst H33342 dye based confocal plate reader assay,B,Homo sapiens,,J Med Chem,2020.0,Muscarinic acetylcholine receptor M2,Ki,nM,6.7,281.42,3.22
CHEMBL1626,117.49,CN1CCC[C@@H]1CCO[C@](C)(c1ccccc1)c1ccc(Cl)cc1,SARS-CoV-2 Screening Data,Activity of compound against Muscarinic acetylcholine receptor M2 (CHRM2) by displacement of 3H-QNB,B,Homo sapiens,,Nature,2020.0,Muscarinic acetylcholine receptor M2,Ki,nM,6.93,343.9,5.1
CHEMBL395110,201.0,CN1CCCC(CN2c3ccccc3Sc3ccccc32)C1,DrugMatrix,DRUGMATRIX: Muscarinic M2 radioligand binding (ligand: [3H] N-Methylscopolamine),B,,,,,Muscarinic acetylcholine receptor M2,Ki,nM,6.7,310.47,4.63
CHEMBL376897,10.47,C[N+]1(C)[C@@H]2C[C@@H](OC(=O)[C@H](CO)c3ccccc3)C[C@H]1[C@@H]1O[C@@H]12,Scientific Literature,Displacement of [3H]-NMS from human muscarinic M2 Y104A mutant expressed in Flp-In-CHO cells by liquid scintillation counting,B,Homo sapiens,,J Med Chem,2014.0,Muscarinic acetylcholine receptor M2,Ki,nM,7.98,318.39,1.06
CHEMBL360648,3436.77,Cc1cc(C(=O)N2Cc3cnn(C)c3Nc3ccccc32)ccc1CNC(=O)N1CCC[C@H]1C(=S)N1CCCN(C)CC1,EUbOPEN Chemogenomic Library,"PDSP Secondary Binding target: CHRM2 - Compounds are tested at 10 uM concentration, plate are incubated at room temperature in the dark for 90 minutes. Reaction are stopped by vacuum filtration onto 0.3% polyethyleneimine soaked filter mats using Filtermate harvester. Scintillation cocktail is then melted onto microwave-dried filters on a hot plate and the radio activity is counted in Microbia counter. Compounds showing a minimum of 50% inhibition at 10 uM concentration are carried forward in this secondary binding assay to determine equilibrium binding affinity.",B,Homo sapiens,,,2024.0,Muscarinic acetylcholine receptor M2,Ki,nM,5.46,600.79,4.27
CHEMBL4852079,74.13,CC(=O)N[C@@H](CCCN)C(=O)NC(=O)[C@H](C)NC(=O)[C@H](CCCNC(=N)N)NCCN1CCN(CC(=O)NC2CCN(CC(=O)N3c4ccccc4NC(=O)c4ccccc43)CC2)CC1.O=C(O)C(F)(F)F.O=C(O)C(F)(F)F.O=C(O)C(F)(F)F.O=C(O)C(F)(F)F.O=C(O)C(F)(F)F,Scientific Literature,Antagonist activity at human muscarinic acetylcholine receptor M2 expressed in human HEK293T cells coexpressing NlucN-mini-Gsi assessed as inhibition of iperoxo-induced mini-Gsi recruitment by measuring equilibrium binding constant by nano-luciferase technique,F,Homo sapiens,,Eur J Med Chem,2021.0,Muscarinic acetylcholine receptor M2,Ki,nM,7.13,1473.21,-1.27
CHEMBL21536,4466.84,CCCCCCOc1nsnc1C1=CCCN(C)C1,Scientific Literature,Displacement of [3H]UR-AP060 from human muscarinic acetylcholine receptor M2 expressed in CHOK9 cell homogenate after 3 hrs by liquid scintillation counting assay,B,Homo sapiens,,J Med Chem,2017.0,Muscarinic acetylcholine receptor M2,Ki,nM,5.35,281.42,3.22
CHEMBL4862087,3.548,NCCN1CCN(CCCC2CCN(CC(=O)N3c4ccccc4NC(=O)c4ccccc43)CC2)CC1.O=C(O)C(F)(F)F.O=C(O)C(F)(F)F.O=C(O)C(F)(F)F.O=C(O)C(F)(F)F,Scientific Literature,Displacement of [3H]-NMS from human muscarinic M2 receptor expressed in CHO cell membranes assessed as inhibition constant by radioligand competition analysis,B,Homo sapiens,,Eur J Med Chem,2021.0,Muscarinic acetylcholine receptor M2,Ki,nM,8.45,960.77,2.99
CHEMBL4864101,1148.15,NCC(=O)NC1CCN(CC(=O)N2c3ccccc3NC(=O)c3ccccc32)CC1.O=C(O)C(F)(F)F.O=C(O)C(F)(F)F,Scientific Literature,Displacement of [3H]-NMS from human muscarinic M2 receptor expressed in CHO cell membranes assessed as inhibition constant by radioligand competition analysis,B,Homo sapiens,,Eur J Med Chem,2021.0,Muscarinic acetylcholine receptor M2,Ki,nM,5.94,635.52,1.46
CHEMBL4862735,0.2089,CC(=O)NC(=O)[C@H](CCCNC(=N)N)NC(=O)[C@H](C)NC(=O)CNC(=O)[C@H](CCCNC(=N)N)NCCN1CCN(CCCCC2CCN(CC(=O)N3c4ccccc4NC(=O)c4ccccc43)CC2)CC1.O=C(O)C(F)(F)F.O=C(O)C(F)(F)F.O=C(O)C(F)(F)F.O=C(O)C(F)(F)F.O=C(O)C(F)(F)F,Scientific Literature,Displacement of [3H]-NMS from human muscarinic M2 receptor expressed in CHO cell membranes assessed as inhibition constant by radioligand competition analysis,B,Homo sapiens,,Eur J Med Chem,2021.0,Muscarinic acetylcholine receptor M2,Ki,nM,9.68,1571.36,
CHEMBL4865137,7079.46,CC(=O)NC(=O)[C@H](CCCNC(=N)N)NC(=O)[C@H](C)NC(=O)[C@H](CCCNC(=N)N)NC1CCN(CC(=O)N2c3ccccc3NC(=O)c3ccccc32)CC1.O=C(O)C(F)(F)F.O=C(O)C(F)(F)F.O=C(O)C(F)(F)F,Scientific Literature,Displacement of [3H]-NMS from human muscarinic M2 receptor expressed in CHO cell membranes assessed as inhibition constant by radioligand competition analysis,B,Homo sapiens,,Eur J Med Chem,2021.0,Muscarinic acetylcholine receptor M2,Ki,nM,5.15,1117.98,-0.48
CHEMBL4858774,81.28,CC(=O)N[C@@H](CCCN)C(=O)NC(=O)[C@H](C)NC(=O)[C@H](CCNC(=N)N)NCCN1CCN(CC(=O)NC2CCN(CC(=O)N3c4ccccc4NC(=O)c4ccccc43)CC2)CC1.O=C(O)C(F)(F)F.O=C(O)C(F)(F)F.O=C(O)C(F)(F)F.O=C(O)C(F)(F)F.O=C(O)C(F)(F)F,Scientific Literature,Displacement of [3H]-NMS from human muscarinic M2 receptor expressed in CHO cell membranes assessed as inhibition constant by radioligand competition analysis,B,Homo sapiens,,Eur J Med Chem,2021.0,Muscarinic acetylcholine receptor M2,Ki,nM,7.09,1459.19,-1.66
CHEMBL633,1806.0,CCCCc1oc2ccccc2c1C(=O)c1cc(I)c(OCCN(CC)CC)c(I)c1,DrugMatrix,DRUGMATRIX: Muscarinic M2 radioligand binding (ligand: [3H] N-Methylscopolamine),B,,,,,Muscarinic acetylcholine receptor M2,Ki,nM,5.74,645.32,6.94
CHEMBL2205832,5011.0,OC12C3C4CC5C6C4C1C6C(C53)N2Cc1ccccn1,Scientific Literature,Binding affinity to M2 muscarinic receptor,B,,,Bioorg Med Chem Lett,2012.0,Muscarinic acetylcholine receptor M2,Ki,nM,5.3,266.34,1.34
CHEMBL2205829,1295.0,OC12C3C4CC5C6C4C1C6C(C53)N2Cc1ccc2c(c1)OCO2,Scientific Literature,Binding affinity to M2 muscarinic receptor,B,,,Bioorg Med Chem Lett,2012.0,Muscarinic acetylcholine receptor M2,Ki,nM,5.89,309.37,1.68
CHEMBL373256,251.0,COC1(C#CC(O)(Cc2ccccc2)c2ccccc2)CN2CCC1CC2,Scientific Literature,Binding affinity to human muscarinic M2 receptor,B,Homo sapiens,,Bioorg Med Chem Lett,2006.0,Muscarinic acetylcholine receptor M2,Ki,nM,6.6,361.49,3.23
CHEMBL4454300,0.1479,CC(=O)N[C@@H](Cc1c[nH]c2ccccc12)C(=O)N[C@@H](Cc1ccc(O)cc1)C(=O)NCCN1CCN(CCCCC2CCN(CC(=O)N3c4ccccc4NC(=O)c4ccccc43)CC2)CC1.O=C(O)C(F)(F)F.O=C(O)C(F)(F)F.O=C(O)C(F)(F)F,Scientific Literature,Displacement of [3H]-NMS from human muscarinic M2 receptor expressed in CHO-K9 cells after 3 hrs by microbeta2 scintillation counting method,B,Homo sapiens,,J Med Chem,2019.0,Muscarinic acetylcholine receptor M2,Ki,nM,9.83,1252.2,5.19
CHEMBL4568151,0.2399,CC(=O)N[C@@H](CCC(N)=O)C(=O)N[C@@H](CC(C)C)C(=O)NCCN1CCN(CCCCC2CCN(CC(=O)N3c4ccccc4NC(=O)c4ccccc43)CC2)CC1.O=C(O)C(F)(F)F.O=C(O)C(F)(F)F.O=C(O)C(F)(F)F,Scientific Literature,Displacement of [3H]-NMS from human muscarinic M2 receptor expressed in CHO-K9 cells after 3 hrs by microbeta2 scintillation counting method,B,Homo sapiens,,J Med Chem,2019.0,Muscarinic acetylcholine receptor M2,Ki,nM,9.62,1144.1,2.83
CHEMBL1200993,3715.35,CC[N+](CC)(CC)CCOc1cccc(OCC[N+](CC)(CC)CC)c1OCC[N+](CC)(CC)CC.[I-].[I-].[I-],Scientific Literature,Displacement of [3H]UR-AP060 from human muscarinic acetylcholine receptor M2 expressed in CHOK9 cell homogenate after 3 hrs by liquid scintillation counting assay,B,Homo sapiens,,J Med Chem,2017.0,Muscarinic acetylcholine receptor M2,Ki,nM,5.43,891.54,5.45
CHEMBL376897,1.202,C[N+]1(C)[C@@H]2C[C@@H](OC(=O)[C@H](CO)c3ccccc3)C[C@H]1[C@@H]1O[C@@H]12,Scientific Literature,Displacement of [3H]UR-AP060 from human muscarinic acetylcholine receptor M2 expressed in CHOK9 cell homogenate after 3 hrs by liquid scintillation counting assay,B,Homo sapiens,,J Med Chem,2017.0,Muscarinic acetylcholine receptor M2,Ki,nM,8.92,318.39,1.06
CHEMBL7634,147.91,O=C1CCCN1CC#CCN1CCCC1,Scientific Literature,Displacement of [3H]UNSW-MK259 from human muscarinic acetylcholine receptor M2 expressed in CHOK9 cells after 3 hrs by liquid scintillation counting assay,B,Homo sapiens,,J Med Chem,2017.0,Muscarinic acetylcholine receptor M2,Ki,nM,6.83,206.29,0.71
CHEMBL4475862,2.692,Cc1ccccc1C(=O)N1CCC(N2CCC(Cc3ccc(S(=O)(=O)c4cccc(Cl)c4)cc3)CC2)CC1,Scientific Literature,Displacement of [3H]-QNB from human muscarinic M2 receptor expressed in stable CHO-K1 cells incubated for 120 mins by radioligand competition binding assay,B,Homo sapiens,,J Med Chem,2019.0,Muscarinic acetylcholine receptor M2,Ki,nM,8.57,551.15,6.04
CHEMBL71,232.0,CN(C)CCCN1c2ccccc2Sc2ccc(Cl)cc21,DrugMatrix,DRUGMATRIX: Muscarinic M2 radioligand binding (ligand: [3H] N-Methylscopolamine),B,,,,,Muscarinic acetylcholine receptor M2,Ki,nM,6.63,318.87,4.89
CHEMBL726,2660.0,OCCN1CCN(CCCN2c3ccccc3Sc3ccc(C(F)(F)F)cc32)CC1,DrugMatrix,DRUGMATRIX: Muscarinic M2 radioligand binding (ligand: [3H] N-Methylscopolamine),B,,,,,Muscarinic acetylcholine receptor M2,Ki,nM,5.58,437.53,4.31
CHEMBL657,373.0,CN(C)CCOC(c1ccccc1)c1ccccc1,DrugMatrix,DRUGMATRIX: Muscarinic M2 radioligand binding (ligand: [3H] N-Methylscopolamine),B,,,,,Muscarinic acetylcholine receptor M2,Ki,nM,6.43,255.36,3.35
CHEMBL569713,3.02,CN1[C@@H]2C[C@@H](OC(=O)[C@H](CO)c3ccccc3)C[C@H]1[C@@H]1O[C@@H]12,Scientific Literature,Displacement of [3H]-NMS from wild-type human muscarinic M2 receptor expressed in Flp-In-CHO cells by liquid scintillation counting,B,Homo sapiens,,J Med Chem,2014.0,Muscarinic acetylcholine receptor M2,Ki,nM,8.52,303.36,0.92
CHEMBL4103375,1300.0,COc1cccc2c1CC(C[N+](C)(C)C)CC2.O=C[O-],Scientific Literature,Displacement of [3H]N-methyl-scopolamine bromide from human recombinant muscarinic M2 receptor expressed in HEK293T cell membranes after 1 hr by liquid scintillation counting method,B,Homo sapiens,,J Med Chem,2017.0,Muscarinic acetylcholine receptor M2,Ki,nM,5.89,279.38,2.51
CHEMBL4102555,2400.0,COc1cccc(C(=O)C[N+](C)(C)C)c1.O=C[O-],Scientific Literature,Displacement of [3H]N-methyl-scopolamine bromide from human recombinant muscarinic M2 receptor expressed in HEK293T cell membranes after 1 hr by liquid scintillation counting method,B,Homo sapiens,,J Med Chem,2017.0,Muscarinic acetylcholine receptor M2,Ki,nM,5.62,253.3,1.58
CHEMBL4060823,2041.74,C[N+](C)(C)CCc1ccc2c(c1)OCC2.O=C[O-],Scientific Literature,Displacement of [3H]N-methyl-scopolamine from human recombinant muscarinic M2 receptor expressed in CHO-FlpIn cells after 6 hrs by liquid scintillation counting method,B,Homo sapiens,,J Med Chem,2017.0,Muscarinic acetylcholine receptor M2,Ki,nM,5.69,251.33,1.87
CHEMBL5287315,23.0,C#CCCCCCN1CCC(OC(=O)Nc2ccc(F)cc2-c2ccc(F)c(Cl)c2)CC1,Scientific Literature,Displacement of [3H]N-methylscopolamine from human muscarinic M2 receptor expressed in human HEK293T cell membranes by radioligand competition binding based analysis,B,Homo sapiens,,J Med Chem,2022.0,Muscarinic acetylcholine receptor M2,Ki,nM,7.64,460.95,6.49
CHEMBL372566,50.0,CO[C@]1(C#C[C@](O)(c2ccccc2)c2cccnc2)CN2CCC1CC2,Scientific Literature,Binding affinity to human muscarinic M2 receptor,B,Homo sapiens,,Bioorg Med Chem Lett,2006.0,Muscarinic acetylcholine receptor M2,Ki,nM,7.3,348.45,2.43
CHEMBL6437,383.0,CN1CCN2c3ccccc3Cc3ccccc3C2C1,DrugMatrix,DRUGMATRIX: Muscarinic M2 radioligand binding (ligand: [3H] N-Methylscopolamine),B,,,,,Muscarinic acetylcholine receptor M2,Ki,nM,6.42,264.37,3.08
CHEMBL301265,10000.0,CCCN[C@H]1CCc2nc(N)sc2C1,Scientific Literature,Displacement of [3H]-QNB/[3H]-NMS from human muscarinic M2 receptor expressed in stable CHO cell membranes after 90 mins by microbeta scintillation counting method,A,Homo sapiens,,J Med Chem,2020.0,Muscarinic acetylcholine receptor M2,Ki,nM,,211.33,1.58
CHEMBL2312346,100000.0,COc1ccc(CCOC(=O)C2=C(c3ccccc3)CCN(C)C2)cc1OC,Scientific Literature,Displacement of [3H]NMS from human M2 muscarinic receptor expressed in CHO-K1 cells,B,Homo sapiens,,J Med Chem,2013.0,Muscarinic acetylcholine receptor M2,Ki,nM,,381.47,3.58
CHEMBL227429,5248.07,C[C@H]1COC[C@H](C[N+](C)(C)C)O1.[I-],Scientific Literature,Displacement of [3H]NMS from human cloned muscarinic M2 receptor expressed in CHO cells,B,Homo sapiens,,Bioorg Med Chem Lett,2008.0,Muscarinic acetylcholine receptor M2,Ki,nM,5.28,301.17,0.5
CHEMBL524061,302.0,CN1CCC[C@H]1[C@H]1C[S+]([O-])[C@](c2ccccc2)(C2CCCCC2)O1,Scientific Literature,Displacement of [3H]NMS from human muscarinic M2 receptor expressed in CHO cells,B,Homo sapiens,,Bioorg Med Chem,2008.0,Muscarinic acetylcholine receptor M2,Ki,nM,6.52,347.52,3.66
CHEMBL14,1300.0,C[N+](C)(C)CCOC(N)=O.[Cl-],Scientific Literature,Binding affinity of compound was determined towards human Muscarinic acetylcholine receptor M2 using [3H]QNB radioligand,B,,,J Med Chem,2003.0,Muscarinic acetylcholine receptor M2,Ki,nM,5.89,182.65,-0.21
CHEMBL517712,16.98,CN1[C@@H]2CC[C@H]1C[C@@H](OC(=O)C(CO)c1ccccc1)C2,Scientific Literature,Displacement of [3H]UR-AP060 from human muscarinic acetylcholine receptor M2 expressed in CHOK9 cell homogenate after 3 hrs by liquid scintillation counting assay,B,Homo sapiens,,J Med Chem,2017.0,Muscarinic acetylcholine receptor M2,Ki,nM,7.77,289.38,1.93
CHEMBL5289667,0.62,CN1/C(=C/C=C/C=C/C2=[N+](CCCCCC(=O)NCCCCCCCCN3CCC(OC(=O)Nc4ccc(F)cc4-c4ccc(F)c(Cl)c4)CC3)c3ccccc3C2(C)C)C(C)(C)c2ccccc21,Scientific Literature,Displacement of [3H]N-methylscopolamine from human muscarinic M2 receptor expressed in human HEK293T cell membranes by radioligand competition binding based analysis,B,Homo sapiens,,J Med Chem,2022.0,Muscarinic acetylcholine receptor M2,Ki,nM,9.21,959.69,13.82
CHEMBL517712,0.9,CN1[C@@H]2CC[C@H]1C[C@@H](OC(=O)C(CO)c1ccccc1)C2,Scientific Literature,Displacement of [3H]NMS from human M2 AChR expressed in CHO cell membranes after 1 to 2 hrs by liquid scintillation spectrometry method,B,Homo sapiens,,Bioorg Med Chem Lett,2019.0,Muscarinic acetylcholine receptor M2,Ki,nM,9.05,289.38,1.93
CHEMBL326450,339.0,CCCCc1[nH]c2ccc3c(c2c1C(=O)OCC)CN1CCc2cc(OC)ccc2C1O3,Scientific Literature,Binding affinity to human M2 muscarinic receptor,B,Homo sapiens,,J Med Chem,2013.0,Muscarinic acetylcholine receptor M2,Ki,nM,6.47,434.54,5.15
CHEMBL1621597,0.7943,CC(C)[N+]1(C)[C@@H]2CC[C@H]1C[C@@H](OC(=O)C(CO)c1ccccc1)C2,Scientific Literature,Displacement of [3H]-N-methyl Scopolamine Chloride from human M2 receptor membranes incubated for 2 hrs by scintillation counting analysis,B,Homo sapiens,,J Med Chem,2021.0,Muscarinic acetylcholine receptor M2,Ki,nM,9.1,332.46,2.85
CHEMBL5279691,2300.0,Cc1cc(C(F)(F)F)nc(Nc2ccccc2-c2nnn[nH]2)n1,Scientific Literature,Displacement of [3H]NMS from human M2 receptor stably expressed in HEK293T cells by Cheng-Prusoff equation analysis,B,Homo sapiens,,J Med Chem,2023.0,Muscarinic acetylcholine receptor M2,Ki,nM,5.64,321.27,2.73
CHEMBL4554682,0.1738,CC(=O)N[C@@H](CCCCN)C(=O)N[C@@H](C)C(=O)N[C@@H](Cc1ccc(O)cc1)C(=O)NCCN1CCN(CCCCC2CCN(CC(=O)N3c4ccccc4NC(=O)c4ccccc43)CC2)CC1.O=C(O)C(F)(F)F.O=C(O)C(F)(F)F.O=C(O)C(F)(F)F.O=C(O)C(F)(F)F,Scientific Literature,Displacement of [3H]-NMS from human muscarinic M2 receptor expressed in CHO-K9 cells after 3 hrs by microbeta2 scintillation counting method,B,Homo sapiens,,J Med Chem,2019.0,Muscarinic acetylcholine receptor M2,Ki,nM,9.76,1379.26,3.1
CHEMBL4126071,95.5,O=C(O[C@H]1CN2CCC1CC2)[C@H]1COCC(c2ccccc2)(c2ccccc2)O1,Scientific Literature,Displacement of [3H]NMS from recombinant human muscarinic M2 receptor expressed in CHOK1 cell membranes after 120 mins by scintillation counting method,B,Homo sapiens,,Eur J Med Chem,2017.0,Muscarinic acetylcholine receptor M2,Ki,nM,7.02,393.48,2.98
CHEMBL569713,9.5,CN1[C@@H]2C[C@@H](OC(=O)[C@H](CO)c3ccccc3)C[C@H]1[C@@H]1O[C@@H]12,Scientific Literature,Displacement of [3H]NMS from human M2 muscarinic receptor expressed in CHO-K1 cells,B,Homo sapiens,,J Med Chem,2013.0,Muscarinic acetylcholine receptor M2,Ki,nM,8.02,303.36,0.92
CHEMBL14,4100.0,C[N+](C)(C)CCOC(N)=O.[Cl-],Scientific Literature,Displacement of [3H]N-methyl-scopolamine bromide from human recombinant muscarinic M2 receptor expressed in HEK293T cell membranes after 1 hr by liquid scintillation counting method,B,Homo sapiens,,J Med Chem,2017.0,Muscarinic acetylcholine receptor M2,Ki,nM,5.39,182.65,-0.21
CHEMBL12587,25.0,C[C@@H]1O[C@H](C[N+](C)(C)C)C[C@H]1O,Scientific Literature,Inhibition of [3H]- quinuclidinyl benzilate binding to human Muscarinic acetylcholine receptor M2 expressed in CHO cell membrane,B,Homo sapiens,,J Med Chem,2000.0,Muscarinic acetylcholine receptor M2,Ki,nM,7.6,174.26,0.23
CHEMBL7634,10000.0,O=C1CCCN1CC#CCN1CCCC1,Scientific Literature,Displacement of [3H]UR-AP060 from human muscarinic acetylcholine receptor M2 expressed in CHOK9 cell homogenate after 3 hrs by liquid scintillation counting assay,B,Homo sapiens,,J Med Chem,2017.0,Muscarinic acetylcholine receptor M2,Ki,nM,5.0,206.29,0.71
CHEMBL201933,5.0,COC1(C#CC(O)(c2ccccc2)c2ccncc2)CN2CCC1CC2,Scientific Literature,Binding affinity to human muscarinic M2 receptor,B,Homo sapiens,,Bioorg Med Chem Lett,2006.0,Muscarinic acetylcholine receptor M2,Ki,nM,8.3,348.45,2.43
CHEMBL72551,0.38,C=C(c1ccc(S(=O)(=O)c2ccc(OC)cc2)cc1)C1CCN(C2CCN(C(=O)CCC)CC2)CC1,Scientific Literature,Binding affinity against Muscarinic acetylcholine receptor M2 stably expressed in CHO-K1 cells.,B,,,Bioorg Med Chem Lett,2000.0,Muscarinic acetylcholine receptor M2,Ki,nM,9.42,510.7,5.04
CHEMBL1411979,592.0,CN(C)CCN(Cc1cccs1)c1ccccn1,DrugMatrix,DRUGMATRIX: Muscarinic M2 radioligand binding (ligand: [3H] N-Methylscopolamine),B,,,,,Muscarinic acetylcholine receptor M2,Ki,nM,6.23,261.39,2.71
CHEMBL64000,2.6,CC(=O)OC1CC2CCCC1N2,Scientific Literature,Inhibition of binding of [3H]quinuclidinyl benzilate to muscarinic receptors in membranes of CHO cells transfected with Muscarinic acetylcholine receptor M2,B,Homo sapiens,,J Med Chem,1998.0,Muscarinic acetylcholine receptor M2,Ki,nM,8.59,169.22,0.83
CHEMBL4535474,511.68,CNCc1ccccc1-c1csc([C@@H](C)Nc2nc(C)nc3cc(OC)c(OC)cc23)c1,SGC Frankfurt - Donated Chemical Probes,GPCRScan assay: inhibition of M2,B,Homo sapiens,,,2021.0,Muscarinic acetylcholine receptor M2,Ki,nM,6.29,448.59,5.58
CHEMBL900,134.0,Cc1ccccc1C(OCCN(C)C)c1ccccc1,DrugMatrix,DRUGMATRIX: Muscarinic M2 radioligand binding (ligand: [3H] N-Methylscopolamine),B,,,,,Muscarinic acetylcholine receptor M2,Ki,nM,6.87,269.39,3.66
CHEMBL517712,1.0,CN1[C@@H]2CC[C@H]1C[C@@H](OC(=O)C(CO)c1ccccc1)C2,Scientific Literature,Binding affinity towards muscarinic m2 receptor,B,,,J Med Chem,1994.0,Muscarinic acetylcholine receptor M2,Ki,nM,9.0,289.38,1.93
CHEMBL2107687,19.0,CCC(C)C(C(=O)OCC[N+](C)(CC)CC)c1ccccc1.[Br-],DrugMatrix,DRUGMATRIX: Muscarinic M2 radioligand binding (ligand: [3H] N-Methylscopolamine),B,,,,,Muscarinic acetylcholine receptor M2,Ki,nM,7.72,386.37,3.85
CHEMBL3121474,275.42,C[N+](C)(CC#CCOC1=NOCC1)CCCCCC[N+](C)(C)CCCN1C(=O)c2ccccc2C1=O.[Br-].[Br-],Scientific Literature,Displacement of [3H]-NMS from human muscarinic M2 Y177Q mutant expressed in Flp-In-CHO cells by liquid scintillation counting,B,Homo sapiens,,J Med Chem,2014.0,Muscarinic acetylcholine receptor M2,Ki,nM,6.56,658.48,3.14
CHEMBL104,5167.0,Clc1ccccc1C(c1ccccc1)(c1ccccc1)n1ccnc1,DrugMatrix,DRUGMATRIX: Muscarinic M2 radioligand binding (ligand: [3H] N-Methylscopolamine),B,,,,,Muscarinic acetylcholine receptor M2,Ki,nM,5.29,344.85,5.38
CHEMBL407734,10000.0,CC(=O)c1ccc2c(c1)Nc1ccccc1S2,PubChem BioAssays,"PUBCHEM_BIOASSAY: Late-stage radioligand binding dose response assay to identify inhibitors of NADPH oxidase 1 (NOX1): PDSP screen Ki Set 2. (Class of assay: confirmatory) [Related pubchem assays (depositor defined):AID1792, AID1796, AID1823, AID2532, AID2538, AID2539, AID2541, AID2545, AID2556, AID2664, AID2752, AID2773, AID2808, AID2819, AID434953, AID434974, AID434992, AID434993, AID434997, AID435002, AID435009, AID435013, AID463255, AID488778] Panel member name: Muscarinic receptor M2",U,,,,,Muscarinic acetylcholine receptor M2,Ki,nM,,241.31,4.1
CHEMBL1112,1000.0,O=C1CCc2ccc(OCCCCN3CCN(c4cccc(Cl)c4Cl)CC3)cc2N1,Scientific Literature,Binding affinity to M2 receptor (unknown origin) by PDSP assay,B,Homo sapiens,,Medchemcomm,2012.0,Muscarinic acetylcholine receptor M2,Ki,nM,,448.39,4.86
CHEMBL445,123.0,CNCCC=C1c2ccccc2CCc2ccccc21,DrugMatrix,DRUGMATRIX: Muscarinic M2 radioligand binding (ligand: [3H] N-Methylscopolamine),B,,,,,Muscarinic acetylcholine receptor M2,Ki,nM,6.91,263.38,3.83
CHEMBL1101,13.7,OC(CCN1CCCCC1)(c1ccccc1)C1CC2C=CC1C2,Scientific Literature,Displacement of [3H] N-methylscopolamine from human muscarinic M2 receptor expressed in CHOK1 cells after 30 mins by scintillation counting analysis,B,Homo sapiens,,Bioorg Med Chem,2013.0,Muscarinic acetylcholine receptor M2,Ki,nM,7.86,311.47,3.96
CHEMBL43383,5.012,CCN(CC)CCCCC1CCN(CC(=O)N2c3ccccc3C(=O)Nc3cccnc32)CC1,Scientific Literature,Binding affinity to muscarinic M2 receptor (unknown origin) expressed in CHO cells,B,Homo sapiens,,J Med Chem,2019.0,Muscarinic acetylcholine receptor M2,Ki,nM,8.3,463.63,4.54
CHEMBL21731,685.0,CNCCCC12CCC(c3ccccc31)c1ccccc12,DrugMatrix,DRUGMATRIX: Muscarinic M2 radioligand binding (ligand: [3H] N-Methylscopolamine),B,,,,,Muscarinic acetylcholine receptor M2,Ki,nM,6.16,277.41,4.21
CHEMBL73245,0.46,C=C(c1ccc(S(=O)(=O)c2ccc(OC)cc2)cc1)C1CCN(C2CCN(S(=O)(=O)CC)CC2)CC1,Scientific Literature,Binding affinity against Muscarinic acetylcholine receptor M2 stably expressed in CHO-K1 cells.,B,,,Bioorg Med Chem Lett,2000.0,Muscarinic acetylcholine receptor M2,Ki,nM,9.34,532.73,4.07
CHEMBL277642,10.0,C[C@@H]1OC(=O)[C@H]2C[C@H]3CCCC[C@@H]3[C@@H](/C=C/[C@H]3CCC[C@H](C)N3C)[C@@H]12,Scientific Literature,Affinity for Muscarinic acetylcholine receptor M2 expressed in CHO cells by [3H]NMS displacement.,B,,,Bioorg Med Chem Lett,2001.0,Muscarinic acetylcholine receptor M2,Ki,nM,8.0,345.53,4.42
CHEMBL279453,5.28,CCCN(CCC)CC1CCCCN1CCNC(=O)N1c2ccccc2C(=O)Nc2cccnc21,Scientific Literature,Compound was evaluated for displacement of [3H]-QNB from human Muscarinic m2 receptor in CHO cells.,B,,,Bioorg Med Chem Lett,1996.0,Muscarinic acetylcholine receptor M2,Ki,nM,8.28,478.64,4.47
CHEMBL5274390,92.0,O=C(Nc1ccc(F)cc1-c1ccc(F)c(Cl)c1)OC1CCNCC1,Scientific Literature,Displacement of [3H]N-methylscopolamine from human muscarinic M2 receptor expressed in human HEK293T cell membranes by radioligand competition binding based analysis,B,Homo sapiens,,J Med Chem,2022.0,Muscarinic acetylcholine receptor M2,Ki,nM,7.04,366.8,4.59
CHEMBL72506,844.0,CCN(CC)CCOCCOCC1(c2ccccc2)CCCC1,Scientific Literature,Binding affinity towards muscarinic m2 receptor,B,,,J Med Chem,1994.0,Muscarinic acetylcholine receptor M2,Ki,nM,6.07,319.49,3.87
CHEMBL14,1230.27,C[N+](C)(C)CCOC(N)=O.[Cl-],Scientific Literature,Displacement of [3H]NMS from human cloned muscarinic M2 receptor expressed in CHO cells,B,Homo sapiens,,Bioorg Med Chem Lett,2008.0,Muscarinic acetylcholine receptor M2,Ki,nM,5.91,182.65,-0.21
CHEMBL716,1000.0,OCCOCCN1CCN(C2=Nc3ccccc3Sc3ccccc32)CC1,Scientific Literature,Binding affinity to M2 receptor (unknown origin) by PDSP assay,B,Homo sapiens,,Medchemcomm,2012.0,Muscarinic acetylcholine receptor M2,Ki,nM,,383.52,2.86
CHEMBL517712,1.44,CN1[C@@H]2CC[C@H]1C[C@@H](OC(=O)C(CO)c1ccccc1)C2,Scientific Literature,Displacement of [3H] N-methylscopolamine from human muscarinic M2 receptor expressed in CHOK1 cells after 30 mins by scintillation counting analysis,B,Homo sapiens,,Bioorg Med Chem,2013.0,Muscarinic acetylcholine receptor M2,Ki,nM,8.84,289.38,1.93
CHEMBL2048820,269.15,Cc1cn2cc(CC(=O)N3CCC4(CC3)CN(Cc3ccc(-n5nccn5)cc3Cl)C4)nc2s1,Scientific Literature,Binding affinity to muscarinic acetylcholine receptor M2 (unknown origin),B,Homo sapiens,,Bioorg Med Chem Lett,2013.0,Muscarinic acetylcholine receptor M2,Ki,nM,6.57,496.04,3.61
CHEMBL415,86.0,CN(C)CCCN1c2ccccc2CCc2ccc(Cl)cc21,DrugMatrix,DRUGMATRIX: Muscarinic M2 radioligand binding (ligand: [3H] N-Methylscopolamine),B,,,,,Muscarinic acetylcholine receptor M2,Ki,nM,7.07,314.86,4.53
CHEMBL305660,279.5,CC(C)(C)c1ccc(C(=O)CCCN2CCC(OC(c3ccccc3)c3ccccc3)CC2)cc1,DrugMatrix,DRUGMATRIX: Muscarinic M2 radioligand binding (ligand: [3H] N-Methylscopolamine),B,,,,,Muscarinic acetylcholine receptor M2,Ki,nM,6.55,469.67,7.22
CHEMBL1256938,10.38,COc1ccccc1NCCCCCCNCCCCCCCCNCCCCCCNc1ccccc1OC.Cl,Scientific Literature,Displacement of [3H]QNB from human muscarinic M2 receptor expressed in CHO cells,B,Homo sapiens,,Bioorg Med Chem,2007.0,Muscarinic acetylcholine receptor M2,Ki,nM,7.98,591.33,7.87
CHEMBL496915,66.07,CN1CCC[C@@H]1[C@@H]1C[S+]([O-])[C@@](c2ccccc2)(C2CCCCC2)O1,Scientific Literature,Displacement of [3H]NMS from human muscarinic M2 receptor expressed in CHO cells,B,Homo sapiens,,Bioorg Med Chem,2008.0,Muscarinic acetylcholine receptor M2,Ki,nM,7.18,347.52,3.66
CHEMBL569713,3.548,CN1[C@@H]2C[C@@H](OC(=O)[C@H](CO)c3ccccc3)C[C@H]1[C@@H]1O[C@@H]12,Scientific Literature,Displacement of [3H]-NMS from human muscarinic M2 Y177Q/T423H mutant expressed in Flp-In-CHO cells by liquid scintillation counting,B,Homo sapiens,,J Med Chem,2014.0,Muscarinic acetylcholine receptor M2,Ki,nM,8.45,303.36,0.92
CHEMBL83,2771.0,CC/C(=C(\c1ccccc1)c1ccc(OCCN(C)C)cc1)c1ccccc1,DrugMatrix,DRUGMATRIX: Muscarinic M2 radioligand binding (ligand: [3H] N-Methylscopolamine),B,,,,,Muscarinic acetylcholine receptor M2,Ki,nM,5.56,371.52,6.0
CHEMBL936,274.0,OC(CCCN1CCCCC1)(c1ccccc1)c1ccccc1,DrugMatrix,DRUGMATRIX: Muscarinic M2 radioligand binding (ligand: [3H] N-Methylscopolamine),B,,,,,Muscarinic acetylcholine receptor M2,Ki,nM,6.56,309.45,4.19
CHEMBL5267836,9.8,CN(C)c1ccc2c(-c3ccc(-c4cn(CCCCCn5cc(CCCCCCN6CCC(OC(=O)Nc7ccc(F)cc7-c7ccc(F)c(Cl)c7)CC6)nn5)nn4)cc3C(=O)[O-])c3ccc(=[N+](C)C)cc-3oc2c1,Scientific Literature,Displacement of [3H]N-methylscopolamine from human muscarinic M2 receptor expressed in human HEK293T cell membranes by radioligand competition binding based analysis,B,Homo sapiens,,J Med Chem,2022.0,Muscarinic acetylcholine receptor M2,Ki,nM,8.01,1039.63,
CHEMBL279453,6.026,CCCN(CCC)CC1CCCCN1CCNC(=O)N1c2ccccc2C(=O)Nc2cccnc21,Scientific Literature,Affinity for Muscarinic acetylcholine receptor M2 expressed in CHO cells by [3H]NMS displacement.,B,,,Bioorg Med Chem Lett,2001.0,Muscarinic acetylcholine receptor M2,Ki,nM,8.22,478.64,4.47
CHEMBL490,189.0,Fc1ccc([C@@H]2CCNC[C@H]2COc2ccc3c(c2)OCO3)cc1,DrugMatrix,DRUGMATRIX: Muscarinic M2 radioligand binding (ligand: [3H] N-Methylscopolamine),B,,,,,Muscarinic acetylcholine receptor M2,Ki,nM,6.72,329.37,3.33
CHEMBL1724,0.68,C[N+]1(C)CCCC(OC(=O)C(O)(c2ccccc2)c2ccccc2)C1.[Br-],Scientific Literature,Displacement of [3H]NMS from human M2R expressed in CHOK1 cells after 2 hrs by scintillation counting analysis,B,Homo sapiens,,Bioorg Med Chem,2014.0,Muscarinic acetylcholine receptor M2,Ki,nM,9.17,420.35,2.7
CHEMBL14,20.0,C[N+](C)(C)CCOC(N)=O.[Cl-],Scientific Literature,Inhibition of [3H]- quinuclidinyl benzilate binding to human Muscarinic acetylcholine receptor M2 expressed in CHO cell membrane,B,Homo sapiens,,J Med Chem,2000.0,Muscarinic acetylcholine receptor M2,Ki,nM,7.7,182.65,-0.21
CHEMBL517712,3.162,CN1[C@@H]2CC[C@H]1C[C@@H](OC(=O)C(CO)c1ccccc1)C2,Scientific Literature,"Displacement of 4-(2-((1E,3E)-5-((E)-3,3-Dimethyl-1-(6-oxo-6-((2-(3-(1-(4-(1-(2-oxo-2-(11-oxo-10,11-dihydro-5H-dibenzo[b,e][1,4]diazepin-5-yl)ethyl)piperidin-4-yl)butyl)-1H-imidazol-4-yl)propanamido)ethyl)-amino)hexyl)-5-sulfoindolin-2-ylidene)penta-1,3-dien-1-yl)-3,3-dimethyl-3H-indol-1-ium-1-yl)butane-1-sulfonateHydrotrifluoroacetate fluorescent tracer from human muscarinic M2 receptor expressed in CHO-K9 cells measured after 60 mins by Hoechst H33342 dye based confocal plate reader assay",B,Homo sapiens,,J Med Chem,2020.0,Muscarinic acetylcholine receptor M2,Ki,nM,8.5,289.38,1.93
CHEMBL294649,50118.72,Cn1cc(C(=O)C(=O)N[C@H]2CN3CCC2CC3)c2ccccc21,Scientific Literature,Binding affinity against Muscarinic M2 receptor,B,Homo sapiens,,Bioorg Med Chem Lett,1995.0,Muscarinic acetylcholine receptor M2,Ki,nM,4.3,311.38,1.57
CHEMBL2093082,28840.32,C[C@H]1O[C@@H]([C@@H]2CCC[N+]2(C)C)C[S@@+]1[O-].[I-],Scientific Literature,Binding affinity to cloned human muscarinic M2 receptor expressed in CHO cells,B,Homo sapiens,,J Med Chem,2006.0,Muscarinic acetylcholine receptor M2,Ki,nM,4.54,345.25,0.72
CHEMBL266295,31.62,C[N+](C)(CCCCCC[N+](C)(C)CCCN1C(=O)c2ccccc2C1=O)CCCN1C(=O)c2ccccc2C1=O.[Br-].[Br-],Scientific Literature,Displacement of [3H]Dimethyl-W84 from human muscarinic acetylcholine receptor M2 expressed in CHO cells after 2 hrs,B,Homo sapiens,,J Med Chem,2017.0,Muscarinic acetylcholine receptor M2,Ki,nM,7.5,708.54,4.07
CHEMBL7303,40.0,COC(=O)C1=CCCN(C)C1,Scientific Literature,Inhibition of binding of [3H]quinuclidinyl benzilate to muscarinic receptors in membranes of CHO cells transfected with Muscarinic acetylcholine receptor M2,B,Homo sapiens,,J Med Chem,1998.0,Muscarinic acetylcholine receptor M2,Ki,nM,7.4,155.2,0.42
CHEMBL73234,167.0,CCN(CC)CCOCCOC(=O)C1(c2ccccc2)CCCC1,Scientific Literature,Binding affinity towards muscarinic m2 receptor,B,,,J Med Chem,1994.0,Muscarinic acetylcholine receptor M2,Ki,nM,6.78,333.47,3.4
CHEMBL27673,36.0,COc1ccccc1CNCCCCCCNCCCCCCCCNCCCCCCNCc1ccccc1OC,Scientific Literature,Displacement of radiolabeled methoctramine from human muscarinic M2 receptor,B,Homo sapiens,,J Med Chem,2008.0,Muscarinic acetylcholine receptor M2,Ki,nM,7.44,582.92,7.22
CHEMBL1113,933.0,Clc1ccc2c(c1)C(N1CCNCC1)=Nc1ccccc1O2,DrugMatrix,DRUGMATRIX: Muscarinic M2 radioligand binding (ligand: [3H] N-Methylscopolamine),B,,,,,Muscarinic acetylcholine receptor M2,Ki,nM,6.03,313.79,3.43
CHEMBL4544086,17000.0,COc1ccccc1N1CCN(CCCNC(=O)NN(Cc2ccc(F)cc2)c2ccccc2)CC1,Scientific Literature,Displacement of [3H] NMS from muscarinic M2 receptor (unknown origin),B,Homo sapiens,,J Med Chem,2019.0,Muscarinic acetylcholine receptor M2,Ki,nM,4.77,491.61,4.27
CHEMBL320820,2089.3,C[C@@H]1O[C@H](C[N+](C)(C)C)CS1,Scientific Literature,Binding affinity to human cloned muscarinic M2 receptor expressed in CHO cells,B,Homo sapiens,,Bioorg Med Chem,2008.0,Muscarinic acetylcholine receptor M2,Ki,nM,5.68,176.31,1.17
CHEMBL1908368,1.259,CC(C)[N+]1(C)C2CCC1CC(OC(=O)C(CO)c1ccccc1)C2.O.[Br-],Scientific Literature,Displacement of [3H]N-methylscopolamine from human recombinant muscarinic M2 receptor expressed in CHO cells,B,Homo sapiens,,Bioorg Med Chem Lett,2008.0,Muscarinic acetylcholine receptor M2,Ki,nM,8.9,430.38,2.85
CHEMBL23957,107.15,C[N+](C)(C)CC#CCN1CCCC1=O.[I-],Scientific Literature,Binding affinity to human cloned muscarinic M2 receptor expressed in CHO cells,B,Homo sapiens,,Bioorg Med Chem,2008.0,Muscarinic acetylcholine receptor M2,Ki,nM,6.97,322.19,0.32
CHEMBL2111540,20.0,COc1ccc([S@@+]([O-])c2ccc(C(C#N)N3CCN(C4CCCCC4)CC3)cc2)cc1,Scientific Literature,Binding affinity towards the cloned human Muscarinic acetylcholine receptor M2,B,,,Bioorg Med Chem Lett,2000.0,Muscarinic acetylcholine receptor M2,Ki,nM,7.7,437.61,4.38
CHEMBL2111540,3.8,COc1ccc([S@@+]([O-])c2ccc(C(C#N)N3CCN(C4CCCCC4)CC3)cc2)cc1,Scientific Literature,Binding affinity towards the cloned human Muscarinic acetylcholine receptor M2,B,,,Bioorg Med Chem Lett,2000.0,Muscarinic acetylcholine receptor M2,Ki,nM,8.42,437.61,4.38
CHEMBL125764,620.0,C1=C(c2cccs2)C2CCN1CC2,Scientific Literature,Binding affinity for muscarinic acetylcholine receptor M2 by measuring displacement of [3H]QNB from guinea pig heart,B,Cavia porcellus,,J Med Chem,1995.0,Muscarinic acetylcholine receptor M2,Ki,nM,6.21,191.3,2.81
CHEMBL1628227,92.0,CN(C)CCC=C1c2ccccc2COc2ccccc21,DrugMatrix,DRUGMATRIX: Muscarinic M2 radioligand binding (ligand: [3H] N-Methylscopolamine),B,,,,,Muscarinic acetylcholine receptor M2,Ki,nM,7.04,279.38,3.96
CHEMBL4100938,140.0,C[N+](C)(C)CCc1ccc2ccoc2c1.O=C[O-],Scientific Literature,Displacement of [3H]N-methyl-scopolamine bromide from human recombinant muscarinic M2 receptor expressed in HEK293T cell membranes after 1 hr by liquid scintillation counting method,B,Homo sapiens,,J Med Chem,2017.0,Muscarinic acetylcholine receptor M2,Ki,nM,6.85,249.31,2.68
CHEMBL291280,21000.0,C[C@@H]1OCC2(CN3CCC2CC3)O1,Scientific Literature,Compound was evaluated for its binding affinity against muscarinic acetylcholine receptor M2 in guinea pig heart using (-)-[3H]-QNB as radioligand,B,Cavia porcellus,,J Med Chem,1992.0,Muscarinic acetylcholine receptor M2,Ki,nM,,183.25,0.84
CHEMBL716,1189.2,OCCOCCN1CCN(C2=Nc3ccccc3Sc3ccccc32)CC1,DrugMatrix,DRUGMATRIX: Muscarinic M2 radioligand binding (ligand: [3H] N-Methylscopolamine),B,,,,,Muscarinic acetylcholine receptor M2,Ki,nM,5.92,383.52,2.86
CHEMBL381878,20.0,CO[C@]1(C#CC(O)(c2ccc(F)cc2)c2ccc(F)cc2)CN2CCC1CC2,Scientific Literature,Binding affinity to human muscarinic M2 receptor,B,Homo sapiens,,Bioorg Med Chem Lett,2006.0,Muscarinic acetylcholine receptor M2,Ki,nM,7.7,383.44,3.31
CHEMBL199821,40.0,CCCCCC(O)(C#CC1(OC)CN2CCC1CC2)c1ccccc1,Scientific Literature,Binding affinity to human muscarinic M2 receptor,B,Homo sapiens,,Bioorg Med Chem Lett,2006.0,Muscarinic acetylcholine receptor M2,Ki,nM,7.4,341.5,3.57
CHEMBL371734,20.0,CO[C@]1(C#C[C@@](O)(c2ccccc2)C2CCCCC2)CN2CCC1CC2,Scientific Literature,Binding affinity to human muscarinic M2 receptor,B,Homo sapiens,,Bioorg Med Chem Lett,2006.0,Muscarinic acetylcholine receptor M2,Ki,nM,7.7,353.51,3.57
CHEMBL7303,40.0,COC(=O)C1=CCCN(C)C1,Scientific Literature,The binding affinity was measured as inhibition of binding of [3H]- oxotremorine-M m2 toMuscarinic acetylcholine receptor M2 in membranes of CHO cells,B,,,J Med Chem,2000.0,Muscarinic acetylcholine receptor M2,Ki,nM,7.4,155.2,0.42
CHEMBL4072787,6000.0,c1csc(COC2CCNC2)n1,Scientific Literature,Displacement of [3H]N-methyl-scopolamine bromide from human recombinant muscarinic M2 receptor expressed in HEK293T cell membranes after 1 hr by liquid scintillation counting method,B,Homo sapiens,,J Med Chem,2017.0,Muscarinic acetylcholine receptor M2,Ki,nM,5.22,184.26,1.02
CHEMBL667,380.0,CC(=O)OCC[N+](C)(C)C,Scientific Literature,Displacement of [3H]N-methyl-scopolamine from human recombinant muscarinic M2 receptor expressed in CHO-FlpIn cells after 6 hrs by liquid scintillation counting method,B,Homo sapiens,,J Med Chem,2017.0,Muscarinic acetylcholine receptor M2,Ki,nM,6.42,146.21,0.26
CHEMBL3545181,0.0215,C[N+]1(C)[C@@H]2C[C@@H](OC(=O)C(O)(c3cccs3)c3cccs3)C[C@H]1[C@@H]1O[C@@H]12.O.[Br-],Scientific Literature,Displacement of [3H]-NMS from human recombinant M2 receptor expressed in CHO cells after 24 hrs by filter binding assay,B,Homo sapiens,,J Med Chem,2011.0,Muscarinic acetylcholine receptor M2,Ki,nM,10.67,490.44,2.35
CHEMBL21536,275.42,CCCCCCOc1nsnc1C1=CCCN(C)C1,Scientific Literature,"Displacement of 4-(2-((1E,3E)-5-((E)-1-(6-((3,5-Bis((2-(3-(1-(4-(1-(2-oxo-2-(11-oxo-10,11-dihydro-5H-dibenzo[b,e][1,4]diazepin-5-yl)ethyl)piperidin-4-yl)butyl)-1H-imidazol-4-yl)propanamido)ethyl)carbamoyl)benzyl)amino)-6-oxohexyl)-3,3-dimethyl-5-sulfoindolin-2-ylidene)penta-1,3-dien-1-yl)-3,3-dimethyl-3H-indol-1-ium-1-yl)butane-1-sulfonate Tris(hydrotrifluoroacetate) fluorescent tracer from human muscarinic M2 receptor expressed in CHO-K9 cells measured after 60 mins by Hoechst H33342 dye based confocal plate reader assay",B,Homo sapiens,,J Med Chem,2020.0,Muscarinic acetylcholine receptor M2,Ki,nM,6.56,281.42,3.22
CHEMBL4642292,10000.0,Cc1nccc2c1C(C)(C)Nc1cc(Br)ccc1-2,Scientific Literature,Binding affinity to muscarinic acetylcholine receptor M2 (unknown origin),B,Homo sapiens,,J Nat Prod,2020.0,Muscarinic acetylcholine receptor M2,Ki,nM,,303.2,4.48
CHEMBL493795,562.34,CN1CCC[C@H]1[C@H]1C[S+]([O-])C(c2ccccc2)(c2ccccc2)O1,Scientific Literature,Displacement of [3H]NMS from human muscarinic M2 receptor expressed in CHO cells,B,Homo sapiens,,Bioorg Med Chem,2008.0,Muscarinic acetylcholine receptor M2,Ki,nM,6.25,341.48,3.13
CHEMBL7634,10000.0,O=C1CCCN1CC#CCN1CCCC1,Scientific Literature,Displacement of [3H]NMS from human muscarinic acetylcholine receptor M2,B,Homo sapiens,,J Med Chem,2017.0,Muscarinic acetylcholine receptor M2,Ki,nM,5.0,206.29,0.71
CHEMBL266295,31.62,C[N+](C)(CCCCCC[N+](C)(C)CCCN1C(=O)c2ccccc2C1=O)CCCN1C(=O)c2ccccc2C1=O.[Br-].[Br-],Scientific Literature,Displacement of [3H]NMS from human muscarinic acetylcholine receptor M2 expressed in CHO cells after 2 hrs,B,Homo sapiens,,J Med Chem,2017.0,Muscarinic acetylcholine receptor M2,Ki,nM,7.5,708.54,4.07
CHEMBL3354072,3235.94,O=C1CCc2ccccc2N1CCCN1CCC(CCCO)CC1,Scientific Literature,Displacement of [3H]NMS from human M2 receptor expressed in CHO cells by microplate scintillation counting based radioligand binding assay,B,Homo sapiens,,J Med Chem,2014.0,Muscarinic acetylcholine receptor M2,Ki,nM,5.49,330.47,2.84
CHEMBL4059733,0.7586,CCC(=O)NCCNC(=O)CCc1cn(CCCCC2CCN(CC(=O)N3c4ccccc4NC(=O)c4ccccc43)CC2)cn1,Scientific Literature,Displacement of [3H]NMS from human muscarinic acetylcholine receptor M2 expressed in CHOK9 cells after 3 hrs by liquid scintillation counting assay,B,Homo sapiens,,J Med Chem,2017.0,Muscarinic acetylcholine receptor M2,Ki,nM,9.12,627.79,4.27
CHEMBL493979,4.169,CN1CCC[C@@H]1[C@@H]1C[S+]([O-])[C@](c2ccccc2)(C2CCCCC2)O1,Scientific Literature,Displacement of [3H]NMS from human muscarinic M2 receptor expressed in CHO cells,B,Homo sapiens,,Bioorg Med Chem,2008.0,Muscarinic acetylcholine receptor M2,Ki,nM,8.38,347.52,3.66
CHEMBL266295,1071.52,C[N+](C)(CCCCCC[N+](C)(C)CCCN1C(=O)c2ccccc2C1=O)CCCN1C(=O)c2ccccc2C1=O.[Br-].[Br-],Scientific Literature,Displacement of [3H]UR-AP060 from human muscarinic acetylcholine receptor M2 expressed in CHOK9 cell homogenate after 3 hrs by liquid scintillation counting assay,B,Homo sapiens,,J Med Chem,2017.0,Muscarinic acetylcholine receptor M2,Ki,nM,5.97,708.54,4.07
CHEMBL9967,524.0,CN1CCN(CC(=O)N2c3ccccc3C(=O)Nc3cccnc32)CC1,Scientific Literature,Binding affinity to human M2 muscarinic receptor,B,Homo sapiens,,J Med Chem,2013.0,Muscarinic acetylcholine receptor M2,Ki,nM,6.28,351.41,1.56
CHEMBL2426677,14125.38,COc1ccc(CC(=O)N2CCC3(CC2)CN([C@@H]2CCc4cc(-c5ncccn5)ccc42)C3)cc1,Scientific Literature,Displacement of N-methyl [3H]-scopolamine from recombinant human muscarinic acetylcholine receptor M2 expressed in CHO cells after 2 hrs by liquid scintillation counting,B,Homo sapiens,,Bioorg Med Chem Lett,2013.0,Muscarinic acetylcholine receptor M2,Ki,nM,4.85,468.6,4.31
CHEMBL267014,10000.0,Clc1ccc(N2CCN(Cc3c[nH]c4ncccc34)CC2)cc1,Scientific Literature,Binding affinity to cloned Muscarinic acetylcholine receptor M1,B,,,Bioorg Med Chem Lett,2001.0,Muscarinic acetylcholine receptor M2,Ki,nM,,326.83,3.54
CHEMBL5283759,26.0,CN(C)c1ccc2c(-c3ccc(-c4cn(CCCCCn5cc(CCCCCN6CCC(OC(=O)Nc7ccc(F)cc7-c7ccc(F)c(Cl)c7)CC6)nn5)nn4)cc3C(=O)[O-])c3ccc(=[N+](C)C)cc-3oc2c1,Scientific Literature,Displacement of [3H]N-methylscopolamine from human muscarinic M2 receptor expressed in human HEK293T cell membranes by radioligand competition binding based analysis,B,Homo sapiens,,J Med Chem,2022.0,Muscarinic acetylcholine receptor M2,Ki,nM,7.58,1025.6,
CHEMBL7303,2454.71,COC(=O)C1=CCCN(C)C1,Scientific Literature,Binding affinity to human cloned muscarinic M2 receptor expressed in CHO cells,B,Homo sapiens,,Bioorg Med Chem,2008.0,Muscarinic acetylcholine receptor M2,Ki,nM,5.61,155.2,0.42
CHEMBL14,20.0,C[N+](C)(C)CCOC(N)=O.[Cl-],Scientific Literature,Inhibition of binding of [3H]quinuclidinyl benzilate to muscarinic receptors in membranes of CHO cells transfected with Muscarinic acetylcholine receptor M2,B,Homo sapiens,,J Med Chem,1998.0,Muscarinic acetylcholine receptor M2,Ki,nM,7.7,182.65,-0.21
CHEMBL4098877,2700.0,C[C@@H]1CN(c2cc(-c3n[nH]c4ccc(OC5(C)CC5)cc34)ncn2)C[C@H](C)O1,SGC Frankfurt - Donated Chemical Probes,Inhibition of Muscarinic M2 at 10 ÂµM in the Eurofins-Panlabs radioligand binding assay (Eurofins_assay_252710),B,Homo sapiens,,,2021.0,Muscarinic acetylcholine receptor M2,Ki,nM,5.57,379.46,3.56
CHEMBL517712,18.62,CN1[C@@H]2CC[C@H]1C[C@@H](OC(=O)C(CO)c1ccccc1)C2,Scientific Literature,"Displacement of 4-(2-((1E,3E)-5-((E)-3,3-Dimethyl-1-(6-oxo-6-((2-(4-(4-(1-(2-oxo-2-(11-oxo-10,11-dihydro-5H-dibenzo[b,e][1,4]diazepin-5-yl)ethyl)piperidin-4-yl)butyl)piperazin-1-yl)ethyl)amino)hexyl)indolin-2-ylidene)penta-1,3-dien-1-yl)-3,3-dimethyl-3H-indol-1-ium-1-yl)butane-1-sulfonate Tris(hydrotrifluoroacetate fluorescent tracer from human muscarinic M2 receptor expressed in CHO-K9 cells measured after 60 mins by Hoechst H33342 dye based confocal plate reader assay",B,Homo sapiens,,J Med Chem,2020.0,Muscarinic acetylcholine receptor M2,Ki,nM,7.73,289.38,1.93
CHEMBL21536,380.19,CCCCCCOc1nsnc1C1=CCCN(C)C1,Scientific Literature,"Displacement of 4-(2-((1E,3E)-5-((E)-3,3-Dimethyl-1-(6-oxo-6-((2-(4-(4-(1-(2-oxo-2-(11-oxo-10,11-dihydro-5H-dibenzo[b,e][1,4]diazepin-5-yl)ethyl)piperidin-4-yl)butyl)piperazin-1-yl)ethyl)amino)hexyl)-5-sulfoindolin-2-ylidene)penta-1,3-dien-1-yl)-3,3-dimethyl-3H-indol-1-ium-1-yl)butane-1-sulfonate Bis(hydrotrifluoroacetate) fluorescent tracer from human muscarinic M2 receptor expressed in CHO-K9 cells measured after 60 mins by Hoechst H33342 dye based confocal plate reader assay",B,Homo sapiens,,J Med Chem,2020.0,Muscarinic acetylcholine receptor M2,Ki,nM,6.42,281.42,3.22
CHEMBL4640926,3388.44,C[N+](C)(C)C[C@@H]1COC[C@H](c2ccc(Sc3ccccc3)cc2)O1.[I-],Scientific Literature,Displacement of [3H]NMS from human recombinant muscarinic receptor M2 expressed in CHO-K1 cell membranes incubated for 2 hrs by scintillation counting method,B,Homo sapiens,,J Med Chem,2020.0,Muscarinic acetylcholine receptor M2,Ki,nM,5.47,471.4,4.0
CHEMBL517712,7.079,CN1[C@@H]2CC[C@H]1C[C@@H](OC(=O)C(CO)c1ccccc1)C2,Scientific Literature,"Displacement of 4-(2-((1E,3E)-5-((E)-1-(6-((3,5-Bis((2-(3-(1-(4-(1-(2-oxo-2-(11-oxo-10,11-dihydro-5H-dibenzo[b,e][1,4]diazepin-5-yl)ethyl)piperidin-4-yl)butyl)-1H-imidazol-4-yl)propanamido)ethyl)carbamoyl)benzyl)amino)-6-oxohexyl)-3,3-dimethyl-5-sulfoindolin-2-ylidene)penta-1,3-dien-1-yl)-3,3-dimethyl-3H-indol-1-ium-1-yl)butane-1-sulfonate Tris(hydrotrifluoroacetate) fluorescent tracer from human muscarinic M2 receptor expressed in CHO-K9 cells measured after 60 mins by Hoechst H33342 dye based confocal plate reader assay",B,Homo sapiens,,J Med Chem,2020.0,Muscarinic acetylcholine receptor M2,Ki,nM,8.15,289.38,1.93
CHEMBL517712,0.912,CN1[C@@H]2CC[C@H]1C[C@@H](OC(=O)C(CO)c1ccccc1)C2,Scientific Literature,Displacement of [3H]-NMS from human muscarinic M2 receptor expressed in CHO-K9 cells measured after 60 mins by Hoechst H33342 dye based confocal plate reader assay,B,Homo sapiens,,J Med Chem,2020.0,Muscarinic acetylcholine receptor M2,Ki,nM,9.04,289.38,1.93
CHEMBL4070155,6.31,CCCN(CCC)CC1CCCCN1CCNC(=O)N1c2ccccc2NC(=O)c2cccnc21,Scientific Literature,Displacement of [3H]NMS from human muscarinic acetylcholine receptor M2 expressed in CHOK1 cells,B,Homo sapiens,,J Med Chem,2017.0,Muscarinic acetylcholine receptor M2,Ki,nM,8.2,478.64,4.47
CHEMBL72408,0.3499,C=C(c1ccc(S(=O)(=O)c2ccc(OC)cc2)cc1)C1CCN(C2CCN(C(=O)OCCCC)CC2)CC1,Scientific Literature,Binding affinity to muscarinic M2 receptor,B,Homo sapiens,,Bioorg Med Chem Lett,2007.0,Muscarinic acetylcholine receptor M2,Ki,nM,9.46,540.73,5.65
CHEMBL308566,0.1099,C=C(c1ccc(S(=O)(=O)c2ccc(OC)cc2)cc1)C1CCN(C2CCN(C(=O)OCC)CC2)CC1,Scientific Literature,Binding affinity to muscarinic M2 receptor,B,Homo sapiens,,Bioorg Med Chem Lett,2007.0,Muscarinic acetylcholine receptor M2,Ki,nM,9.96,512.67,4.87
CHEMBL422770,1.449,C=C(c1ccc(S(=O)(=O)c2ccc(OC)cc2)cc1)C1CCN(C2CCN(S(=O)(=O)Cc3ccccc3)CC2)CC1,Scientific Literature,Binding affinity to muscarinic M2 receptor,B,Homo sapiens,,Bioorg Med Chem Lett,2007.0,Muscarinic acetylcholine receptor M2,Ki,nM,8.84,594.8,5.25
CHEMBL200209,501.0,CO[C@]1(C#CC(O)(c2ccc(C)cc2)c2ccc(C)cc2)CN2CCC1CC2,Scientific Literature,Binding affinity to human muscarinic M2 receptor,B,Homo sapiens,,Bioorg Med Chem Lett,2006.0,Muscarinic acetylcholine receptor M2,Ki,nM,6.3,375.51,3.65
CHEMBL1559535,19952.62,Cc1cc(N2CCNCC2)nc2ccccc12,Scientific Literature,Displacement of [3H]-NMS from recombinant muscarinic M2 receptor (unknown origin) expressed in CHOK1 cells after 60 mins by liquid scintillation counting analysis,B,Homo sapiens,,J Med Chem,2013.0,Muscarinic acetylcholine receptor M2,Ki,nM,,227.31,1.95
CHEMBL382213,3.2,COC1(C#CC(O)(c2ccccc2)c2cccnc2F)CN2CCC1CC2,Scientific Literature,Binding affinity to human muscarinic M2 receptor,B,Homo sapiens,,Bioorg Med Chem Lett,2006.0,Muscarinic acetylcholine receptor M2,Ki,nM,8.49,366.44,2.57
CHEMBL200171,0.79,CO[C@]1(C#C[C@@](O)(c2ccccc2)c2cccnc2)CN2CCC1CC2,Scientific Literature,Binding affinity to human muscarinic M2 receptor,B,Homo sapiens,,Bioorg Med Chem Lett,2006.0,Muscarinic acetylcholine receptor M2,Ki,nM,9.1,348.45,2.43
CHEMBL17045,81.0,CCN(CC)CC1CCCCN1CC(=O)N1c2ccccc2C(=O)Nc2cccnc21,Scientific Literature,Binding affinity to human M2 muscarinic receptor,B,Homo sapiens,,J Med Chem,2013.0,Muscarinic acetylcholine receptor M2,Ki,nM,7.09,421.55,3.51
CHEMBL7634,17.0,O=C1CCCN1CC#CCN1CCCC1,Scientific Literature,Inhibition of [3H]- oxotremorine-M binding to human Muscarinic acetylcholine receptor M2 expressed in CHO cell membranes,B,Homo sapiens,,J Med Chem,2000.0,Muscarinic acetylcholine receptor M2,Ki,nM,7.77,206.29,0.71
CHEMBL4070055,6300.0,COc1cccc2c1C[N+](C)(C)CC2.O=C[O-],Scientific Literature,Displacement of [3H]N-methyl-scopolamine bromide from human recombinant muscarinic M2 receptor expressed in HEK293T cell membranes after 1 hr by liquid scintillation counting method,B,Homo sapiens,,J Med Chem,2017.0,Muscarinic acetylcholine receptor M2,Ki,nM,5.2,237.3,1.83
CHEMBL4089027,9200.0,C[N+](C)(C)CCc1cccc(OC(F)(F)F)c1.O=C[O-],Scientific Literature,Displacement of [3H]N-methyl-scopolamine bromide from human recombinant muscarinic M2 receptor expressed in HEK293T cell membranes after 1 hr by liquid scintillation counting method,B,Homo sapiens,,J Med Chem,2017.0,Muscarinic acetylcholine receptor M2,Ki,nM,5.04,293.28,2.83
CHEMBL21536,50.12,CCCCCCOc1nsnc1C1=CCCN(C)C1,Scientific Literature,Compound was tested for binding inhibition of [3H](R)-QNB to Muscarinic acetylcholine receptor M2 expressed in A9 L cells,B,,,J Med Chem,2003.0,Muscarinic acetylcholine receptor M2,Ki,nM,7.3,281.42,3.22
CHEMBL3936289,10000.0,CN1CC[C@H]2CC(=O)[C@H](Cc3ccccc3)[C@H]3CCC[C@@H]1[C@H]23,Scientific Literature,Binding affinity to human M2 receptor expressed in CHO cells measured after 90 mins by radioligand binding assay,B,Homo sapiens,,Bioorg Med Chem Lett,2016.0,Muscarinic acetylcholine receptor M2,Ki,nM,,297.44,3.55
CHEMBL277642,48.4,C[C@@H]1OC(=O)[C@H]2C[C@H]3CCCC[C@@H]3[C@@H](/C=C/[C@H]3CCC[C@H](C)N3C)[C@@H]12,Scientific Literature,Binding affinity towards human muscarinic M2 receptor in CHO-KI cells using [3H]- QNB as radioligand,B,,,Bioorg Med Chem Lett,1999.0,Muscarinic acetylcholine receptor M2,Ki,nM,7.32,345.53,4.42
CHEMBL3121474,91.2,C[N+](C)(CC#CCOC1=NOCC1)CCCCCC[N+](C)(C)CCCN1C(=O)c2ccccc2C1=O.[Br-].[Br-],Scientific Literature,Displacement of [3H]-NMS from wild-type human muscarinic M2 receptor expressed in Flp-In-CHO cells by liquid scintillation counting,B,Homo sapiens,,J Med Chem,2014.0,Muscarinic acetylcholine receptor M2,Ki,nM,7.04,658.48,3.14
CHEMBL200319,1.3,COC1(C#CC(O)(c2ccccc2)c2cccnc2)CN2CCC1CC2,Scientific Literature,Binding affinity to human muscarinic M2 receptor,B,Homo sapiens,,Bioorg Med Chem Lett,2006.0,Muscarinic acetylcholine receptor M2,Ki,nM,8.89,348.45,2.43
CHEMBL3140030,0.5888,C[N+]1(C)[C@@H]2C[C@H](OC(=O)[C@H](CO)c3ccccc3)C[C@H]1[C@@H]1O[C@@H]12,Scientific Literature,"Displacement of 4-(2-((1E,3E)-5-((E)-1-(6-((3,5-Bis((2-(3-(1-(4-(1-(2-oxo-2-(11-oxo-10,11-dihydro-5H-dibenzo[b,e][1,4]diazepin-5-yl)ethyl)piperidin-4-yl)butyl)-1H-imidazol-4-yl)propanamido)ethyl)carbamoyl)benzyl)amino)-6-oxohexyl)-3,3-dimethyl-5-sulfoindolin-2-ylidene)penta-1,3-dien-1-yl)-3,3-dimethyl-3H-indol-1-ium-1-yl)butane-1-sulfonate Tris(hydrotrifluoroacetate) fluorescent tracer from human muscarinic M2 receptor expressed in CHO-K9 cells measured after 60 mins by Hoechst H33342 dye based confocal plate reader assay",B,Homo sapiens,,J Med Chem,2020.0,Muscarinic acetylcholine receptor M2,Ki,nM,9.23,318.39,1.06
CHEMBL3084748,1.148,O=C(O[C@H]1C[C@H]2CC[C@@H](C1)[N+]21CCCC1)C(O)(c1ccccc1)c1ccccc1.[Cl-],Scientific Literature,Displacement of [3H]NMS from human recombinant muscarinic receptor M2 expressed in CHO-K1 cell membranes incubated for 2 hrs by scintillation counting method,B,Homo sapiens,,J Med Chem,2020.0,Muscarinic acetylcholine receptor M2,Ki,nM,8.94,427.97,3.77
CHEMBL7303,2400.0,COC(=O)C1=CCCN(C)C1,Scientific Literature,Binding affinity of compound was determined towards human Muscarinic acetylcholine receptor M2 using [3H]QNB radioligand,B,,,J Med Chem,2003.0,Muscarinic acetylcholine receptor M2,Ki,nM,5.62,155.2,0.42
CHEMBL418446,12.0,CC(=C1CCN(C2CCN(C(=O)c3cccc(C)c3N)CC2)CC1)c1ccc([S+]([O-])C(C)C)cc1,Scientific Literature,Binding affinity for human Muscarinic acetylcholine receptor M2,B,Homo sapiens,,J Med Chem,2002.0,Muscarinic acetylcholine receptor M2,Ki,nM,7.92,493.72,5.27
CHEMBL59898,537.03,CCOC(=O)c1c(C)[nH]c2ccc3c(c12)CN1CCc2cc(OC)ccc2C1O3,Scientific Literature,Inhibition of [3H]-NMS binding to human muscarinic acetylcholine receptor M2 in transfected CHO cells.,B,,,J Med Chem,2002.0,Muscarinic acetylcholine receptor M2,Ki,nM,6.27,392.46,4.11
CHEMBL1201027,1.6,C[N+]1(C)CCC(OC(=O)C(O)(c2ccccc2)C2CCCC2)C1.[Br-],Scientific Literature,Displacement of [3H]NMS from human M2R expressed in CHOK1 cell membranes incubated for 2 hrs by microbeta scintillation counting method,B,Homo sapiens,,Bioorg Med Chem,2019.0,Muscarinic acetylcholine receptor M2,Ki,nM,8.8,398.34,2.46
CHEMBL265256,0.2692,CN(CCCCCCCCN(C)CCCCCCN(CC(=O)N1c2ccccc2C(=O)Nc2cccnc21)CC(=O)N1c2ccccc2C(=O)Nc2cccnc21)CCCCCCNCC(=O)N1c2ccccc2C(=O)Nc2cccnc21,Scientific Literature,Affinity for Muscarinic acetylcholine receptor M2 expressed in CHO cells by [3H]NMS displacement.,B,,,Bioorg Med Chem Lett,2001.0,Muscarinic acetylcholine receptor M2,Ki,nM,9.57,1124.4,
CHEMBL2205816,872.0,OC12C3C4CC5C6C4C1C6C(C53)N2CCc1ccccn1,Scientific Literature,Inhibition of muscarinic M2 receptor (unknown origin) by PDSP assay,B,Homo sapiens,,Bioorg Med Chem,2013.0,Muscarinic acetylcholine receptor M2,Ki,nM,6.06,280.37,1.38
CHEMBL2205833,10000.0,OC12C3C4CC5C6C4C1C6C(C53)N2Cc1cccnc1,Scientific Literature,Inhibition of muscarinic M2 receptor (unknown origin) by PDSP assay,B,Homo sapiens,,Bioorg Med Chem,2013.0,Muscarinic acetylcholine receptor M2,Ki,nM,,266.34,1.34
CHEMBL3770346,158.49,COc1nc2sc(C(=O)NC3CC3)c(N)c2c(C)c1Cl,Scientific Literature,Displacement of [3H]NMS from wild-type human mAChR2 expressed in Flp-in-CHO cell membranes in presence of mAChR2 agonist xanomeline after 90 mins by scintillation counting analysis,B,Homo sapiens,,Bioorg Med Chem Lett,2017.0,Muscarinic acetylcholine receptor M2,Ki,nM,6.8,311.79,2.74
CHEMBL58,77.9,O=C1c2c(O)ccc(O)c2C(=O)c2c(NCCNCCO)ccc(NCCNCCO)c21,DrugMatrix,DRUGMATRIX: Muscarinic M2 radioligand binding (ligand: [3H] N-Methylscopolamine),B,,,,,Muscarinic acetylcholine receptor M2,Ki,nM,7.11,444.49,-0.14
CHEMBL5076314,203.56,CN1CCN(c2ccc(Nc3c4ccccc4nc4ccccc34)cc2)CC1.Cl.Cl.O,EUbOPEN Chemogenomic Library,"PDSP Secondary Binding target: CHRM2 - Compounds are tested at 10 uM concentration, plate are incubated at room temperature in the dark for 90 minutes. Reaction are stopped by vacuum filtration onto 0.3% polyethyleneimine soaked filter mats using Filtermate harvester. Scintillation cocktail is then melted onto microwave-dried filters on a hot plate and the radio activity is counted in Microbia counter. Compounds showing a minimum of 50% inhibition at 10 uM concentration are carried forward in this secondary binding assay to determine equilibrium binding affinity.",B,Homo sapiens,,,2024.0,Muscarinic acetylcholine receptor M2,Ki,nM,6.69,459.42,4.88
CHEMBL1908368,1.02,CC(C)[N+]1(C)C2CCC1CC(OC(=O)C(CO)c1ccccc1)C2.O.[Br-],Scientific Literature,Binding affinity to muscarinic M2 receptor,B,,,J Med Chem,2009.0,Muscarinic acetylcholine receptor M2,Ki,nM,8.99,430.38,2.85
CHEMBL4798829,4415.7,c1ccc2oc(-c3csc(C4CCN(Cc5nc6ncccc6[nH]5)CC4)n3)cc2c1,SGC Frankfurt - Donated Chemical Probes,GPCRScan assay: inhibition of M2,B,Homo sapiens,,,2021.0,Muscarinic acetylcholine receptor M2,Ki,nM,5.36,415.52,5.21
CHEMBL517712,4.898,CN1[C@@H]2CC[C@H]1C[C@@H](OC(=O)C(CO)c1ccccc1)C2,Scientific Literature,"Displacement of 4-(2-((1E,3E)-5-((E)-3,3-Dimethyl-1-(6-oxo-6-((2-(4-(4-(1-(2-oxo-2-(11-oxo-10,11-dihydro-5H-dibenzo[b,e][1,4]diazepin-5-yl)ethyl)piperidin-4-yl)butyl)piperazin-1-yl)ethyl)amino)hexyl)-5-sulfoindolin-2-ylidene)penta-1,3-dien-1-yl)-3,3-dimethyl-3H-indol-1-ium-1-yl)butane-1-sulfonate Bis(hydrotrifluoroacetate) fluorescent tracer from human muscarinic M2 receptor expressed in CHO-K9 cells measured after 60 mins by Hoechst H33342 dye based confocal plate reader assay",B,Homo sapiens,,J Med Chem,2020.0,Muscarinic acetylcholine receptor M2,Ki,nM,8.31,289.38,1.93
CHEMBL3140030,0.138,C[N+]1(C)[C@@H]2C[C@H](OC(=O)[C@H](CO)c3ccccc3)C[C@H]1[C@@H]1O[C@@H]12,Scientific Literature,"Displacement of 4-(2-((1E,3E)-5-((E)-3,3-Dimethyl-1-(6-oxo-6-((2-(3-(1-(4-(1-(2-oxo-2-(11-oxo-10,11-dihydro-5H-dibenzo[b,e][1,4]diazepin-5-yl)ethyl)piperidin-4-yl)butyl)-1H-imidazol-4-yl)propanamido)ethyl)-amino)hexyl)-5-sulfoindolin-2-ylidene)penta-1,3-dien-1-yl)-3,3-dimethyl-3H-indol-1-ium-1-yl)butane-1-sulfonateHydrotrifluoroacetate fluorescent tracer from human muscarinic M2 receptor expressed in CHO-K9 cells measured after 60 mins by Hoechst H33342 dye based confocal plate reader assay",B,Homo sapiens,,J Med Chem,2020.0,Muscarinic acetylcholine receptor M2,Ki,nM,9.86,318.39,1.06
CHEMBL7634,660.0,O=C1CCCN1CC#CCN1CCCC1,Scientific Literature,Inhibition of [3H]- quinuclidinyl benzilate binding to human Muscarinic acetylcholine receptor M2 expressed in CHO cell membrane,B,Homo sapiens,,J Med Chem,2000.0,Muscarinic acetylcholine receptor M2,Ki,nM,6.18,206.29,0.71
CHEMBL4520788,1474.01,CNCc1ccccc1-c1csc([C@H](C)Nc2nc(C)nc3cc(OC)c(OC)cc23)c1,SGC Frankfurt - Donated Chemical Probes,GPCRScan assay: inhibition of M2,B,Homo sapiens,,,2021.0,Muscarinic acetylcholine receptor M2,Ki,nM,5.83,448.59,5.58
CHEMBL279453,6.026,CCCN(CCC)CC1CCCCN1CCNC(=O)N1c2ccccc2C(=O)Nc2cccnc21,Scientific Literature,Displacement of [3H]-NMS from human muscarinic M2 receptor expressed in stable CHO-K1 cells by radioligand binding assay,B,Homo sapiens,,J Med Chem,2019.0,Muscarinic acetylcholine receptor M2,Ki,nM,8.22,478.64,4.47
CHEMBL5277670,5.9,CN1/C(=C/C=C/C=C/C2=[N+](CCCCCC(=O)NCCCCCCN3CCC(OC(=O)Nc4ccc(F)cc4-c4ccc(F)c(Cl)c4)CC3)c3ccccc3C2(C)C)C(C)(C)c2ccccc21,Scientific Literature,Displacement of [3H]N-methylscopolamine from human muscarinic M2 receptor expressed in human HEK293T cell membranes by radioligand competition binding based analysis,B,Homo sapiens,,J Med Chem,2022.0,Muscarinic acetylcholine receptor M2,Ki,nM,8.23,931.63,13.04
CHEMBL5285607,11.0,CN(C)c1ccc2c(-c3ccc(-c4cn(CCCCCn5cc(CCCCCCN6CCC(COC(=O)Nc7ccc(F)cc7-c7ccc(F)c(Cl)c7)CC6)nn5)nn4)cc3C(=O)[O-])c3ccc(=[N+](C)C)cc-3oc2c1,Scientific Literature,Displacement of [3H]N-methylscopolamine from human muscarinic M2 receptor expressed in human HEK293T cell membranes by radioligand competition binding based analysis,B,Homo sapiens,,J Med Chem,2022.0,Muscarinic acetylcholine receptor M2,Ki,nM,7.96,1053.66,
CHEMBL5289083,9.9,CN1/C(=C/C=C/C=C/C2=[N+](CCCCCC(=O)NCCCNCCCCCCN3CCC(COC(=O)Nc4ccc(F)cc4-c4ccc(F)c(Cl)c4)CC3)c3ccccc3C2(C)C)C(C)(C)c2ccccc21,Scientific Literature,Displacement of [3H]N-methylscopolamine from human muscarinic M2 receptor expressed in human HEK293T cell membranes by radioligand competition binding based analysis,B,Homo sapiens,,J Med Chem,2022.0,Muscarinic acetylcholine receptor M2,Ki,nM,8.0,1002.76,
CHEMBL266295,39.81,C[N+](C)(CCCCCC[N+](C)(C)CCCN1C(=O)c2ccccc2C1=O)CCCN1C(=O)c2ccccc2C1=O.[Br-].[Br-],Scientific Literature,Displacement of [3H]UNSW-MK259 from human muscarinic acetylcholine receptor M2 expressed in CHOK9 cells after 3 hrs by liquid scintillation counting assay,B,Homo sapiens,,J Med Chem,2017.0,Muscarinic acetylcholine receptor M2,Ki,nM,7.4,708.54,4.07
CHEMBL21536,269.15,CCCCCCOc1nsnc1C1=CCCN(C)C1,Scientific Literature,Displacement of [3H]UNSW-MK259 from human muscarinic acetylcholine receptor M2 expressed in CHOK9 cells after 3 hrs by liquid scintillation counting assay,B,Homo sapiens,,J Med Chem,2017.0,Muscarinic acetylcholine receptor M2,Ki,nM,6.57,281.42,3.22
CHEMBL3140030,1.122,C[N+]1(C)[C@@H]2C[C@H](OC(=O)[C@H](CO)c3ccccc3)C[C@H]1[C@@H]1O[C@@H]12,Scientific Literature,"Displacement of 4-(2-((1E,3E)-5-((E)-3,3-Dimethyl-1-(6-oxo-6-((2-(4-(4-(1-(2-oxo-2-(11-oxo-10,11-dihydro-5H-dibenzo[b,e][1,4]diazepin-5-yl)ethyl)piperidin-4-yl)butyl)piperazin-1-yl)ethyl)amino)hexyl)indolin-2-ylidene)penta-1,3-dien-1-yl)-3,3-dimethyl-3H-indol-1-ium-1-yl)butane-1-sulfonate Tris(hydrotrifluoroacetate fluorescent tracer from human muscarinic M2 receptor expressed in CHO-K9 cells measured after 60 mins by Hoechst H33342 dye based confocal plate reader assay",B,Homo sapiens,,J Med Chem,2020.0,Muscarinic acetylcholine receptor M2,Ki,nM,8.95,318.39,1.06
CHEMBL7634,851.14,O=C1CCCN1CC#CCN1CCCC1,Scientific Literature,"Displacement of 4-(2-((1E,3E)-5-((E)-3,3-Dimethyl-1-(6-oxo-6-((2-(4-(4-(1-(2-oxo-2-(11-oxo-10,11-dihydro-5H-dibenzo[b,e][1,4]diazepin-5-yl)ethyl)piperidin-4-yl)butyl)piperazin-1-yl)ethyl)amino)hexyl)-5-sulfoindolin-2-ylidene)penta-1,3-dien-1-yl)-3,3-dimethyl-3H-indol-1-ium-1-yl)butane-1-sulfonate Bis(hydrotrifluoroacetate) fluorescent tracer from human muscarinic M2 receptor expressed in CHO-K9 cells measured after 60 mins by Hoechst H33342 dye based confocal plate reader assay",B,Homo sapiens,,J Med Chem,2020.0,Muscarinic acetylcholine receptor M2,Ki,nM,6.07,206.29,0.71
CHEMBL390842,1584.89,C[C@H]1COC[C@@H](C[N+](C)(C)C)O1.[I-],Scientific Literature,Displacement of [3H]N-methylscopolamine from human muscarinic M2 receptor expressed in CHO cells after 120 mins by scintillation counting,B,Homo sapiens,,J Med Chem,2012.0,Muscarinic acetylcholine receptor M2,Ki,nM,5.8,301.17,0.5
CHEMBL3140030,1.175,C[N+]1(C)[C@@H]2C[C@H](OC(=O)[C@H](CO)c3ccccc3)C[C@H]1[C@@H]1O[C@@H]12,Scientific Literature,"Displacement of 4-(2-((1E,3E)-5-((E)-3,3-Dimethyl-1-(6-oxo-6-((2-(4-(4-(1-(2-oxo-2-(11-oxo-10,11-dihydro-5H-dibenzo[b,e][1,4]diazepin-5-yl)ethyl)piperidin-4-yl)butyl)piperazin-1-yl)ethyl)amino)hexyl)-5-sulfoindolin-2-ylidene)penta-1,3-dien-1-yl)-3,3-dimethyl-3H-indol-1-ium-1-yl)butane-1-sulfonate Bis(hydrotrifluoroacetate) fluorescent tracer from human muscarinic M2 receptor expressed in CHO-K9 cells measured after 60 mins by Hoechst H33342 dye based confocal plate reader assay",B,Homo sapiens,,J Med Chem,2020.0,Muscarinic acetylcholine receptor M2,Ki,nM,8.93,318.39,1.06
CHEMBL7634,1778.28,O=C1CCCN1CC#CCN1CCCC1,Scientific Literature,"Displacement of 4-(2-((1E,3E)-5-((E)-1-(6-((3,5-Bis((2-(3-(1-(4-(1-(2-oxo-2-(11-oxo-10,11-dihydro-5H-dibenzo[b,e][1,4]diazepin-5-yl)ethyl)piperidin-4-yl)butyl)-1H-imidazol-4-yl)propanamido)ethyl)carbamoyl)benzyl)amino)-6-oxohexyl)-3,3-dimethyl-5-sulfoindolin-2-ylidene)penta-1,3-dien-1-yl)-3,3-dimethyl-3H-indol-1-ium-1-yl)butane-1-sulfonate Tris(hydrotrifluoroacetate) fluorescent tracer from human muscarinic M2 receptor expressed in CHO-K9 cells measured after 60 mins by Hoechst H33342 dye based confocal plate reader assay",B,Homo sapiens,,J Med Chem,2020.0,Muscarinic acetylcholine receptor M2,Ki,nM,5.75,206.29,0.71
CHEMBL4636528,3.4,O=C(Nc1ccc(F)cc1-c1ccc(F)c(Cl)c1)OCC1CCNCC1,Scientific Literature,Displacement of [3H]N-methylscopolamine from human muscarinic M2 receptor transiently expressed in HEK293T cell membranes incubated for 1 hr by scintillation counting method,A,Homo sapiens,,J Med Chem,2020.0,Muscarinic acetylcholine receptor M2,Ki,nM,8.47,380.82,4.83
CHEMBL21536,724.44,CCCCCCOc1nsnc1C1=CCCN(C)C1,Scientific Literature,"Displacement of 4-(2-((1E,3E)-5-((E)-3,3-Dimethyl-1-(6-oxo-6-((2-(4-(4-(1-(2-oxo-2-(11-oxo-10,11-dihydro-5H-dibenzo[b,e][1,4]diazepin-5-yl)ethyl)piperidin-4-yl)butyl)piperazin-1-yl)ethyl)amino)hexyl)indolin-2-ylidene)penta-1,3-dien-1-yl)-3,3-dimethyl-3H-indol-1-ium-1-yl)butane-1-sulfonate Tris(hydrotrifluoroacetate fluorescent tracer from human muscarinic M2 receptor expressed in CHO-K9 cells measured after 60 mins by Hoechst H33342 dye based confocal plate reader assay",B,Homo sapiens,,J Med Chem,2020.0,Muscarinic acetylcholine receptor M2,Ki,nM,6.14,281.42,3.22
CHEMBL1829335,3700.0,C[C@@H]1CCCN1CCCOc1ccc(-c2ccc(=O)[nH]n2)cc1,Scientific Literature,Inhibition of muscarinic M2 receptor,B,,,J Med Chem,2011.0,Muscarinic acetylcholine receptor M2,Ki,nM,5.43,313.4,2.69
CHEMBL30713,10000.0,CC(N)Cc1c[nH]c2ccccc12,Scientific Literature,Displacement of [3H]QNB from human recombinant muscarinic M2 receptor expressed in CHO cells after 1 to 1.5 hrs by scintillation counting analysis,B,Homo sapiens,,Bioorg Med Chem Lett,2013.0,Muscarinic acetylcholine receptor M2,Ki,nM,,174.25,2.06
CHEMBL3104093,10000.0,CN1CCc2c(c3cccc4c3n2CCc2ccccc2-4)C1,Scientific Literature,Binding affinity to muscarinic M2 receptor (unknown origin) by radioligand displacement assay,B,Homo sapiens,,Bioorg Med Chem Lett,2014.0,Muscarinic acetylcholine receptor M2,Ki,nM,,288.39,3.85
CHEMBL715,100.0,Cc1cc2c(s1)Nc1ccccc1N=C2N1CCN(C)CC1,Scientific Literature,Binding affinity to M2 receptor (unknown origin) by PDSP assay,B,Homo sapiens,,Medchemcomm,2012.0,Muscarinic acetylcholine receptor M2,Ki,nM,7.0,312.44,3.44
CHEMBL1346,12.0,NC(=O)C(c1ccccc1)(c1ccccc1)[C@@H]1CCN(CCc2ccc3c(c2)CCO3)C1,Scientific Literature,Displacement of [3H]N-methylscopolamine from human muscarinic M2 receptor transiently expressed in HEK293T cell membranes incubated for 1 hr by scintillation counting method,A,Homo sapiens,,J Med Chem,2020.0,Muscarinic acetylcholine receptor M2,Ki,nM,7.92,426.56,3.96
CHEMBL4448933,0.1995,Nc1ccccc1C(=O)N1CCC(N2CCC(Cc3ccc(S(=O)(=O)c4cccc(Cl)c4)cc3)CC2)CC1,Scientific Literature,Displacement of [3H]-NMS from human muscarinic M2 receptor expressed in CHO cell membranes assessed as inhibition constant by radioligand competition analysis,B,Homo sapiens,,Eur J Med Chem,2021.0,Muscarinic acetylcholine receptor M2,Ki,nM,9.7,552.14,5.31
CHEMBL200234,19952.62,c1cc(N2CCNCC2)c2cc[nH]c2c1,Scientific Literature,Displacement of [3H]-NMS from recombinant muscarinic M2 receptor (unknown origin) expressed in CHOK1 cells after 60 mins by liquid scintillation counting analysis,B,Homo sapiens,,J Med Chem,2013.0,Muscarinic acetylcholine receptor M2,Ki,nM,,201.27,1.58
CHEMBL2426680,14454.4,COc1ccc(CC(=O)N2CCC3(CC2)CN([C@@H]2CCc4cc(-c5ncccn5)ccc42)C3)nc1,Scientific Literature,Displacement of N-methyl [3H]-scopolamine from recombinant human muscarinic acetylcholine receptor M2 expressed in CHO cells after 2 hrs by liquid scintillation counting,B,Homo sapiens,,Bioorg Med Chem Lett,2013.0,Muscarinic acetylcholine receptor M2,Ki,nM,4.84,469.59,3.7
CHEMBL1231,16.0,CCN(CC)CC#CCOC(=O)C(O)(c1ccccc1)C1CCCCC1,Scientific Literature,Binding affinity to human muscarinic M2 receptor,B,Homo sapiens,,Bioorg Med Chem Lett,2006.0,Muscarinic acetylcholine receptor M2,Ki,nM,7.8,357.49,3.34
CHEMBL551466,0.43,O=C(O[C@H]1C[N+]2(CCCOc3ccccc3)CCC1CC2)C(O)(c1cccs1)c1cccs1.[Br-],Scientific Literature,Displacement of [3H]NMS from human M2R expressed in CHOK1 cell membranes incubated for 2 hrs by microbeta scintillation counting method,B,Homo sapiens,,Bioorg Med Chem,2019.0,Muscarinic acetylcholine receptor M2,Ki,nM,9.37,564.57,4.67
CHEMBL376897,0.7244,C[N+]1(C)[C@@H]2C[C@@H](OC(=O)[C@H](CO)c3ccccc3)C[C@H]1[C@@H]1O[C@@H]12,Scientific Literature,Displacement of [3H]-NMS from human muscarinic M2 Y177Q mutant expressed in Flp-In-CHO cells by liquid scintillation counting,B,Homo sapiens,,J Med Chem,2014.0,Muscarinic acetylcholine receptor M2,Ki,nM,9.14,318.39,1.06
CHEMBL21536,213.8,CCCCCCOc1nsnc1C1=CCCN(C)C1,Scientific Literature,"Displacement of 4-(2-((1E,3E)-5-((E)-3,3-Dimethyl-1-(6-oxo-6-((2-(4-(4-(1-(2-oxo-2-(11-oxo-10,11-dihydro-5H-dibenzo[b,e][1,4]diazepin-5-yl)ethyl)piperidin-4-yl)butyl)piperazin-1-yl)ethyl)amino)hexyl)-5-sulfoindolin-2-ylidene)penta-1,3-dien-1-yl)-3,3-dimethyl-3H-indol-1-ium-1-yl)butane-1-sulfonate Bis(hydrotrifluoroacetate) fluorescent tracer from human muscarinic M2 receptor expressed in CHO-K9 cells by FACSCalibur flow cytometry",B,Homo sapiens,,J Med Chem,2020.0,Muscarinic acetylcholine receptor M2,Ki,nM,6.67,281.42,3.22
CHEMBL7634,1023.29,O=C1CCCN1CC#CCN1CCCC1,Scientific Literature,"Displacement of 4-(2-((1E,3E)-5-((E)-3,3-Dimethyl-1-(6-oxo-6-((2-(3-(1-(4-(1-(2-oxo-2-(11-oxo-10,11-dihydro-5H-dibenzo[b,e][1,4]diazepin-5-yl)ethyl)piperidin-4-yl)butyl)-1H-imidazol-4-yl)propanamido)ethyl)-amino)hexyl)-5-sulfoindolin-2-ylidene)penta-1,3-dien-1-yl)-3,3-dimethyl-3H-indol-1-ium-1-yl)butane-1-sulfonateHydrotrifluoroacetate fluorescent tracer from human muscarinic M2 receptor expressed in CHO-K9 cells measured after 60 mins by Hoechst H33342 dye based confocal plate reader assay",B,Homo sapiens,,J Med Chem,2020.0,Muscarinic acetylcholine receptor M2,Ki,nM,5.99,206.29,0.71
CHEMBL667,380.19,CC(=O)OCC[N+](C)(C)C,Scientific Literature,Displacement of [3H]N-methyl-scopolamine from human recombinant muscarinic M2 receptor expressed in CHO-FlpIn cells after 6 hrs by liquid scintillation counting method,B,Homo sapiens,,J Med Chem,2017.0,Muscarinic acetylcholine receptor M2,Ki,nM,6.42,146.21,0.26
CHEMBL3354073,602.56,O=C1CCc2ccccc2N1CCCN1CCC(CCCCCO)CC1,Scientific Literature,Displacement of [3H]NMS from human M2 receptor expressed in CHO cells by microplate scintillation counting based radioligand binding assay,B,Homo sapiens,,J Med Chem,2014.0,Muscarinic acetylcholine receptor M2,Ki,nM,6.22,358.53,3.62
