Molecule ChEMBL ID,Standard Value,Smiles,Source Description,Assay Description,Assay Type,Assay Organism,Assay Tissue Name,Document Journal,Document Year,Target Name,Standard Type,Standard Units,pChEMBL Value,Molecular Weight,AlogP
CHEMBL61861,10000.0,CN(CC[C@@H](Oc1ccc(C(F)(F)F)cc1)c1ccccc1)CC(=O)[O-].[Li+],Scientific Literature,Binding affinity of compound towards Binding affinity towards Alpha-1A adrenergic receptor was determined,B,,,Bioorg Med Chem Lett,2001,Alpha-1a adrenergic receptor,Ki,nM,,373.3,4.23
CHEMBL1824785,10000.0,Cl.Fc1cccc(CN2C3CC4CC(C3)CC2C4)c1,Scientific Literature,Inhibition of alpha-1A adrenergic receptor by NIMH PDSP,B,,,Bioorg Med Chem Lett,2011,Alpha-1a adrenergic receptor,Ki,nM,,281.8,3.59
CHEMBL41996,257.0,CC1=C(C(=O)NCCCN2CCC(C#N)(c3ccccn3)CC2)[C@@H](c2ccc(F)c(F)c2)CC(=O)N1C,Scientific Literature,In vitro antagonism at Alpha-1A adrenergic receptor,F,,,Bioorg Med Chem Lett,2000,Alpha-1a adrenergic receptor,Ki,nM,6.59,507.59,3.64
CHEMBL56,1757.0,CCCN(CCC)C1CCc2cccc(O)c2C1,Scientific Literature,Binding affinity was determined on human cloned Alpha-1A adrenoceptor,B,,,J Med Chem,2001,Alpha-1a adrenergic receptor,Ki,nM,5.75,247.38,3.37
CHEMBL91405,0.39,CC1=C(C(=O)NCCCN2CCC(c3ccc(F)cc3)CC2)[C@@H](c2ccc(F)c(F)c2)NC(=O)N1,Scientific Literature,Ability to displace [125I]- HEAT from human cloned Alpha-1A adrenergic receptor stably expressed in CHO cells.,B,,,J Med Chem,2000,Alpha-1a adrenergic receptor,Ki,nM,9.41,486.54,4.12
CHEMBL180312,59.0,CCOC(=O)C1CCC(=O)N1CC(=O)CCN1CCN(c2ccccc2OC(C)C)CC1,Scientific Literature,Binding constant measured against Alpha-1A adrenergic receptor in human prostate; ++:moderately active,B,Homo sapiens,Prostate gland,Bioorg Med Chem Lett,2005,Alpha-1a adrenergic receptor,Ki,nM,7.23,445.56,2.11
CHEMBL276932,1.259,CCC1=NC(CC)=C(C(=O)NCCCN2CCC(c3ccccc3)(c3ccccc3)CC2)C(c2ccc([N+](=O)[O-])cc2)/C1=C(\O)OC,Scientific Literature,Binding affinity was tested on human Alpha-1A adrenergic receptor,B,,,J Med Chem,1997,Alpha-1a adrenergic receptor,Ki,nM,8.9,636.79,7.21
CHEMBL13903,0.868,COc1ccccc1N1CCN(CCn2c(=O)[nH]c3sc(-c4ccccc4)cc3c2=O)CC1,Scientific Literature,Binding affinity for human Alpha-1A adrenergic receptor,B,Homo sapiens,,Bioorg Med Chem Lett,2001,Alpha-1a adrenergic receptor,Ki,nM,9.06,462.58,3.25
CHEMBL95263,127.0,CCCCCC1=C(C(=O)NCCCN2CCC(c3ccccc3)(c3ccccc3)CC2)C(c2ccc([N+](=O)[O-])cc2)C(C(=O)NCC)=C(CC)N1,Scientific Literature,Binding affinity against human Alpha-1a adrenergic receptor,B,,,Bioorg Med Chem Lett,1999,Alpha-1a adrenergic receptor,Ki,nM,6.9,691.92,7.5
CHEMBL200366,1.995,COc1cccc(OC)c1OCCNCCOc1ccccc1OCc1ccc(C)cc1,Scientific Literature,Displacement of [3H]prazosin from cloned human ADRA1A expressed in CHO cells,B,Homo sapiens,,J Med Chem,2005,Alpha-1a adrenergic receptor,Ki,nM,8.7,437.54,4.64
CHEMBL179721,9.5,Nc1ccc(C(=O)NCCN2CCC(c3cccc4[nH]ccc34)CC2)cc1,Scientific Literature,Inhibition of [3H]prazosin binding to human adrenergic alpha-1A receptor expressed in CHO-K1 cell membranes,B,Bos taurus,,J Med Chem,2005,Alpha-1a adrenergic receptor,Ki,nM,8.02,362.48,3.36
CHEMBL98241,294.0,C[C@H](CN1CCN(c2cc(F)c(F)cc2F)CC1)N1C(=O)CC2(CCCC2)CC1=O,Scientific Literature,In vitro binding affinity at human Alpha-1A adrenergic receptor.,B,,,J Med Chem,2003,Alpha-1a adrenergic receptor,Ki,nM,6.53,423.48,3.32
CHEMBL179334,0.18,CO/C(O)=C1\C(C)=NC(C)=C(C(=O)NCCCN2CCC(c3ccccc3)(c3ccccc3)CC2)[C@H]1c1ccc([N+](=O)[O-])cc1,Scientific Literature,Binding constant measured against Alpha-1A adrenergic receptor in human prostate; +++:highly active,B,Homo sapiens,Prostate gland,Bioorg Med Chem Lett,2005,Alpha-1a adrenergic receptor,Ki,nM,9.74,608.74,6.43
CHEMBL282214,4.4,COc1ccc(CCNCC2CCc3ccccc3C2)cc1,Scientific Literature,Binding constant measured against Alpha-1A adrenergic receptor in human prostate; ++:moderately active,B,Homo sapiens,Prostate gland,Bioorg Med Chem Lett,2005,Alpha-1a adrenergic receptor,Ki,nM,8.36,295.43,3.63
CHEMBL359012,0.2,COC(=O)C1=C(C)NC(=O)N(C(=O)NCCCN2CCC3(CC2)OCCc2ccccc23)C1c1ccc(F)c(F)c1,Scientific Literature,In vitro binding affinity against alpha-1A adrenergic receptor of human liver microsomes,B,,Liver,J Med Chem,1999,Alpha-1a adrenergic receptor,Ki,nM,9.7,568.62,4.14
CHEMBL357628,0.7,CCC1=C(C(N)=O)C(c2ccc(F)cc2F)N(C(=O)NCCCN2CCC(C#N)(c3ccccc3)CC2)C(=O)N1,Scientific Literature,In vitro binding affinity against alpha-1A adrenergic receptor of human liver microsomes,B,,Liver,J Med Chem,1999,Alpha-1a adrenergic receptor,Ki,nM,9.15,550.61,3.84
CHEMBL356571,6.9,COC(=O)C1=C(C)NC(=O)N(C(=O)NCCCN2CCC(c3ccc(Cl)cc3)(c3ccc(Cl)cc3)CC2)C1c1ccc(F)c(F)c1,Scientific Literature,In vitro binding affinity against alpha-1A adrenergic receptor of human liver microsomes,B,,Liver,J Med Chem,1999,Alpha-1a adrenergic receptor,Ki,nM,8.16,671.57,6.97
CHEMBL123448,58.0,CCc1sc2ccc(Cl)c3c2c1CN(C)CC3,Scientific Literature,Inhibition of [3H]prazosin binding to human Alpha-1A adrenergic receptor expressed in CHO cells,B,Homo sapiens,,J Med Chem,1995,Alpha-1a adrenergic receptor,Ki,nM,7.24,265.81,4.11
CHEMBL242725,48.98,COc1cc2nc(N3CCN(C(=O)c4ccccn4)[C@H]4CCCC[C@H]43)nc(N)c2cc1OC,Scientific Literature,Displacement of [3H]prazosin from human adrenergic alpha-1a receptor expressed in CHO cells,B,Homo sapiens,,Bioorg Med Chem,2007,Alpha-1a adrenergic receptor,Ki,nM,7.31,448.53,2.9
CHEMBL242508,27.54,COc1ccc(C(=O)N2CCN(c3nc(N)c4cc(OC)c(OC)cc4n3)[C@@H]3CCCC[C@@H]32)o1,Scientific Literature,Displacement of [3H]prazosin from human adrenergic alpha-1a receptor expressed in CHO cells,B,Homo sapiens,,Bioorg Med Chem,2007,Alpha-1a adrenergic receptor,Ki,nM,7.56,467.53,3.1
CHEMBL145459,0.2,COC(=O)C1=C(C)NC(=O)N(C(=O)NCCCN2CCC(c3ccccc3)CC2)C1c1ccc(F)c(F)c1,Scientific Literature,In vitro binding affinity against alpha-1A adrenergic receptor of human liver microsomes,B,,Liver,J Med Chem,1999,Alpha-1a adrenergic receptor,Ki,nM,9.7,526.58,4.46
CHEMBL424658,19.38,COc1cc2nc(N3CCN(C(=O)CCC(=O)c4ccccc4)CC3)nc(N)c2cc1OC,Scientific Literature,The binding affinity towards Alpha-1C adrenergic receptor in the COS cell line.,B,,,J Med Chem,1999,Alpha-1a adrenergic receptor,Ki,nM,7.71,449.51,2.54
CHEMBL136458,1112.8,COc1cc2nc(N3CCN(C(=O)C(C)Oc4c(OC)cccc4C(C)C)CC3)nc(N)c2cc1OC,Scientific Literature,The binding affinity towards Alpha-1C adrenergic receptor in the COS cell line.,B,,,J Med Chem,1999,Alpha-1a adrenergic receptor,Ki,nM,5.95,509.61,3.48
CHEMBL299984,35.0,COC(=O)C1(c2ccccc2)CCN(CCCNC(=O)N2C(=O)NC3=C(C(=O)OC3)C2c2ccc3c(c2)OCO3)CC1,Scientific Literature,Displacement of [3H]- prazosin from human recombinant Alpha-1A adrenergic receptor,B,Homo sapiens,,Bioorg Med Chem Lett,2000,Alpha-1a adrenergic receptor,Ki,nM,7.46,576.61,2.6
CHEMBL316100,0.17,N#CC1(c2ccc(F)cc2)CCN(CCCNC(=O)C2=CNC(=O)N[C@@H]2c2ccc(F)c(F)c2)CC1,Scientific Literature,Evaluated for the ability to displace [125I]- HEAT from human cloned Alpha-1A adrenergic receptor stably expressed in CHO cells.,B,,,J Med Chem,2000,Alpha-1a adrenergic receptor,Ki,nM,9.77,497.52,3.41
CHEMBL274529,417.0,CC(C)Oc1ccccc1N1CCN(CC(=O)CC(=O)CN2CCCCC2=O)CC1,Scientific Literature,Binding affinity for human Alpha-1A adrenergic receptor expressed in COS cell membranes,B,Homo sapiens,,Bioorg Med Chem Lett,2000,Alpha-1a adrenergic receptor,Ki,nM,6.38,415.53,2.14
CHEMBL137903,1.59,COc1cc2nc(N3CCN(C(=O)CC(c4ccccc4)c4ccccc4)CC3)nc(N)c2cc1OC,Scientific Literature,The binding affinity towards Alpha-1C adrenergic receptor in the COS cell line.,B,,,J Med Chem,1999,Alpha-1a adrenergic receptor,Ki,nM,8.8,497.6,4.1
CHEMBL89685,1.175,CC(=O)C1=C(C)NC(C)=C(C(=O)NCCCN2CCC(c3ccccc3)(c3ccccc3)CC2)C1c1ccc([N+](=O)[O-])cc1,Scientific Literature,Binding affinity determined by displacement of [3H]prazosin from alpha-1A adrenergic receptor,B,,,J Med Chem,1998,Alpha-1a adrenergic receptor,Ki,nM,8.93,592.74,6.01
CHEMBL49851,5.93,Cn1nc(Cl)c2cn3nc(NCCN4CCN(c5ccccc5Cl)CC4)ccc3c2c1=O,Scientific Literature,The compound was tested for binding affinity on [3H]- prazosin as specific ligand on Human cloned alpha-1A adrenergic receptor expressed in CHO cells,B,,,J Med Chem,1999,Alpha-1a adrenergic receptor,Ki,nM,8.23,472.38,3.12
CHEMBL80132,18.56,COc1ccccc1N1CCN(CCNc2cc(C)nn(C)c2=O)CC1,Scientific Literature,Binding affinity towards human cloned alpha-1A-adrenoceptor using [3H]prazosin as radioligand,B,,,J Med Chem,2001,Alpha-1a adrenergic receptor,Ki,nM,7.73,357.46,1.33
CHEMBL1083182,20.89,COc1ccccc1OCCNCC1CSC(c2ccccc2)(c2ccccc2)O1,Scientific Literature,Displacement of [3H]prazosin from human alpha1A adrenergic receptor expressed in CHO cells,B,Homo sapiens,,Bioorg Med Chem Lett,2010,Alpha-1a adrenergic receptor,Ki,nM,7.68,421.56,4.7
CHEMBL1086156,35.48,COc1ccccc1OCCNCC1CSC(c2ccccc2)(c2ccccc2)S1,Scientific Literature,Displacement of [3H]prazosin from human alpha1A adrenergic receptor expressed in CHO cells,B,Homo sapiens,,Bioorg Med Chem Lett,2010,Alpha-1a adrenergic receptor,Ki,nM,7.45,437.63,5.41
CHEMBL5483012,0.4,COC(=O)C1=C(C)NC(C)=C(C(=O)NCCCN2CCC(c3ccccc3)(c3ccccc3)CC2)C1c1ccc([N+](=O)[O-])cc1.Cl,Scientific Literature,In vitro binding affinity against Alpha-1A adrenergic receptor of human liver microsomes.,B,,Liver,J Med Chem,1999,Alpha-1a adrenergic receptor,Ki,nM,9.4,645.2,5.59
CHEMBL256041,11.0,CC(C)Oc1ccccc1N1CCN(C2CCC(NC(=O)NCc3cccc(F)c3)CC2)CC1,Scientific Literature,Displacement of [125I]HEAT from human recombinant adrenergic alpha1A receptor,B,Homo sapiens,,Bioorg Med Chem Lett,2008,Alpha-1a adrenergic receptor,Ki,nM,7.96,468.62,4.55
CHEMBL141322,1.0,COC(=O)C1=C(C)N=C(C)N(CCCCCN2CCC(C(=O)OC)(c3ccccc3)CC2)C1c1ccc(F)c(F)c1,Scientific Literature,Binding affinity against Alpha-1A adrenergic receptor (recombinant human receptor) using [3H]prazosin.,B,,,J Med Chem,1999,Alpha-1a adrenergic receptor,Ki,nM,9.0,567.68,5.56
CHEMBL295304,8.8,Cc1ccc(C(C(=O)NCCCN2CCC(c3ccccc3)CC2)c2ccc(C)cc2)cc1,Scientific Literature,Inhibition of binding of [125I]HEAT to cloned human alpha-1A adrenergic receptor.,B,,,Bioorg Med Chem Lett,2000,Alpha-1a adrenergic receptor,Ki,nM,8.06,440.63,5.82
CHEMBL96467,0.17,C[C@@H]1OC(=O)N(C(=O)NCCCN2CCC(c3ccc(F)cc3)CC2)[C@H]1c1ccc(F)c(F)c1,Scientific Literature,Binding constant measured against Alpha-1A adrenergic receptor in human prostate; +++:highly active,B,Homo sapiens,Prostate gland,Bioorg Med Chem Lett,2005,Alpha-1a adrenergic receptor,Ki,nM,9.77,475.51,4.97
CHEMBL24981,2.0,COc1ccc(Cl)cc1N1CCN(CCCNc2nccc(C(N)=O)n2)CC1,Scientific Literature,Binding constant measured against Alpha-1A adrenergic receptor in human prostate; ++:moderately active,B,Homo sapiens,Prostate gland,Bioorg Med Chem Lett,2005,Alpha-1a adrenergic receptor,Ki,nM,8.7,404.9,1.86
CHEMBL289339,6.4,Cc1ccccc1C1(C#N)CCN(CCCNC(=O)C(c2ccc(Cl)cc2)C(C)C)CC1,Scientific Literature,Inhibition of binding of [125I]HEAT to cloned human alpha-1A adrenergic receptor.,B,,,Bioorg Med Chem Lett,2000,Alpha-1a adrenergic receptor,Ki,nM,8.19,452.04,5.45
CHEMBL359421,0.4,COC(=O)C1=C(C)N=C(C)N(CCCCCN2CCC(c3ccccc3)CC2)C1c1ccc(F)c(F)c1,Scientific Literature,Binding affinity against Alpha-1A adrenergic receptor (recombinant human receptor) using [3H]prazosin.,B,,,J Med Chem,1999,Alpha-1a adrenergic receptor,Ki,nM,9.4,509.64,6.24
CHEMBL2234448,91.2,COc1ccccc1N1CCN(CC2COC3(CCCCC3)O2)CC1,Scientific Literature,Binding affinity to adrenergic alpha1A receptor (unknown origin),B,Homo sapiens,,Med Chem Res,2011,Alpha-1a adrenergic receptor,Ki,nM,7.04,346.47,2.89
CHEMBL243692,2.7,CC(C)Oc1ccccc1N1CCN(C2CCC(N3C(=O)c4cc(Cl)c(Cl)cc4C3=O)CC2)CC1,Scientific Literature,Displacement of [125]HEAT from human adrenergic alpha-1a receptor expressed in CHO cells,B,Homo sapiens,,Bioorg Med Chem Lett,2007,Alpha-1a adrenergic receptor,Ki,nM,8.57,516.47,5.51
CHEMBL197442,0.3162,COc1cccc(OC)c1OCCNCCOc1ccccc1OCc1cccc([N+](=O)[O-])c1,Scientific Literature,Displacement of [3H]prazosin from cloned human ADRA1A expressed in CHO cells,B,Homo sapiens,,J Med Chem,2005,Alpha-1a adrenergic receptor,Ki,nM,9.5,468.51,4.24
CHEMBL95548,1.37,CC1=C(C(N)=O)C(c2ccc([N+](=O)[O-])cc2)C(C(=O)NCCCN2CCC(c3ccccc3)CC2)=C(COCCN)N1,Scientific Literature,Binding affinity against human Alpha-1a adrenergic receptor,B,,,Bioorg Med Chem Lett,1999,Alpha-1a adrenergic receptor,Ki,nM,8.86,576.7,2.66
CHEMBL70178,40.0,COc1ccccc1N1CCN(Cc2ccc(CN3CCCC3=O)s2)CC1,Scientific Literature,Displacement of [125I]HEAT from COS cell membranes expressing human Alpha-1A adrenergic receptor,B,Homo sapiens,,Bioorg Med Chem Lett,2002,Alpha-1a adrenergic receptor,Ki,nM,7.4,385.53,3.2
CHEMBL3342874,12.02,COc1ccccc1N1CCN(CC2COC3(CCN(C(=O)Nc4ccccc4)CC3)O2)CC1,Scientific Literature,Displacement of [3H]prazosin from human recombinant alpha1A adrenoceptor expressed in CHO cells after 30 mins by liquid scintillation counting,B,Homo sapiens,,Eur J Med Chem,2014,Alpha-1a adrenergic receptor,Ki,nM,7.92,466.58,3.26
CHEMBL27013,0.166,COc1cc2nc(N(C)CCCCCCN(C)C(=O)c3ccco3)nc(N)c2cc1OC,Scientific Literature,Binding affinity at human cloned Alpha-1A adrenergic receptor in chinese hamster ovary cells by [3H]-prazosin displacement.,B,,,J Med Chem,1998,Alpha-1a adrenergic receptor,Ki,nM,9.78,441.53,3.59
CHEMBL4795065,2630.27,C=CC(=O)Nc1ccc2[nH]c(=O)n(C3CCN(Cc4ccc(-c5nc6cc[nH]c(=O)c6cc5-c5ccccc5)cc4)CC3)c2c1,SGC Frankfurt - Donated Chemical Probes,GPCRScan assay: inhibition of Alpha1A,B,Homo sapiens,,,2021,Alpha-1a adrenergic receptor,Ki,nM,5.58,596.69,5.86
CHEMBL82877,0.16,O=C1c2ccc([N+](=O)[O-])cc2S(=O)(=O)N1CCCCN1CCC(n2c(=O)oc3ccccc32)CC1,Scientific Literature,Ability to displace beta ([125I]-iodo-4-hydroxyphenyl)-ethylaminomethyl tetralone from human cloned Alpha-1a adrenergic receptor stably expressed in CHO cells,B,,,Bioorg Med Chem Lett,1998,Alpha-1a adrenergic receptor,Ki,nM,9.8,500.53,2.76
CHEMBL287791,0.7,CC1=C(C(=O)NCCCN2CCC(c3ccc(F)cc3)CC2)[C@@H](c2ccc(F)c(F)c2)CC(=O)N1C,Scientific Literature,In vitro antagonism at Alpha-1A adrenergic receptor,F,,,Bioorg Med Chem Lett,2000,Alpha-1a adrenergic receptor,Ki,nM,9.15,499.58,4.71
CHEMBL417954,0.2512,O=c1[nH]cc(F)c(=O)n1CCCN1CCN(c2ccc(F)cc2OCC(F)(F)F)CC1,Scientific Literature,Inhibition of [3H]prazosin binding to CHO-K1 whole cells expressing human cloned Alpha-1A adrenergic receptor,B,,,Bioorg Med Chem Lett,2003,Alpha-1a adrenergic receptor,Ki,nM,9.6,448.39,1.97
CHEMBL70751,18.62,CSc1ccc(Cl)cc1NCC1=NCCN1,Scientific Literature,Affinity to Alpha-1 adrenergic receptor determined by radioligand binding techniques from rat-1 fibroblasts membranes,B,,,J Med Chem,2002,Alpha-1a adrenergic receptor,Ki,nM,7.73,255.77,2.48
CHEMBL144989,1.9,COC(=O)C1=C(C)NC(=O)N(C(=O)NCCCN2CCC(c3ccccc3)(c3ccccc3)CC2)C1c1ccc(F)c(F)c1,Scientific Literature,In vitro binding affinity against alpha-1A adrenergic receptor of human liver microsomes,B,,Liver,J Med Chem,1999,Alpha-1a adrenergic receptor,Ki,nM,8.72,602.68,5.66
CHEMBL423294,25.12,COc1cc2nc(N3CCN(C(=O)c4ccco4)[C@H]4CCCC[C@H]43)nc(N)c2cc1OC,Scientific Literature,Binding affinity was tested on human Alpha-1A adrenergic receptor,B,,,J Med Chem,1997,Alpha-1a adrenergic receptor,Ki,nM,7.6,437.5,3.1
CHEMBL27899,69.18,CO/C(O)=C1\C(C)=NC(C)=C(C(=O)NCCCN2CCC(c3ccccc3)(c3ccccc3)CC2)C1c1ccc(OC(C)C)cc1,Scientific Literature,Binding affinity was tested on human Alpha-1A adrenergic receptor,B,,,J Med Chem,1997,Alpha-1a adrenergic receptor,Ki,nM,7.16,621.82,7.31
CHEMBL145334,2.1,CNC(=O)C1=C(C)NC(=O)N(C(=O)NCCCN2CCC(C(=O)OC)(c3ccccc3)CC2)C1c1ccc([N+](=O)[O-])cc1,Scientific Literature,In vitro binding affinity against Alpha-1A adrenergic receptor of human liver microsomes.,B,,Liver,J Med Chem,1999,Alpha-1a adrenergic receptor,Ki,nM,8.68,592.65,2.99
CHEMBL2419771,1.995,COc1ccc2c(c1OCCNC[C@H]1COc3ccccc3O1)OCC2.Cl,Scientific Literature,Displacement of [3H]prazosin from human alpha-1A adrenoreceptor expressed in CHO cells after 30 mins,B,Homo sapiens,,J Med Chem,2013,Alpha-1a adrenergic receptor,Ki,nM,8.7,393.87,2.44
CHEMBL2419772,16.98,COc1ccc2c(c1OCCNC[C@@H]1COc3ccccc3O1)OCC2.Cl,Scientific Literature,Displacement of [3H]prazosin from human alpha-1A adrenoreceptor expressed in CHO cells after 30 mins,B,Homo sapiens,,J Med Chem,2013,Alpha-1a adrenergic receptor,Ki,nM,7.77,393.87,2.44
CHEMBL341665,0.3236,COc1cc2nc(N(C)CCCCCCN(C)C(=O)c3cccc(CN(C)C)c3)nc(N)c2cc1OC,Scientific Literature,Binding affinity at human cloned Alpha-1A adrenergic receptor in chinese hamster ovary cells by [3H]-prazosin displacement.,B,,,J Med Chem,1998,Alpha-1a adrenergic receptor,Ki,nM,9.49,508.67,4.06
CHEMBL95605,125892541179416.62,O=c1[nH]c2c([nH]c3ccccc32)c(=O)n1CCN1CCN2c3ccccc3OCC2C1,Scientific Literature,Binding affinity towards Alpha-1A adrenergic receptor,B,,,J Med Chem,2003,Alpha-1a adrenergic receptor,Ki,nM,,417.47,1.75
CHEMBL182998,0.36,COCC1=C(C(=O)OC)[C@H](c2ccc(F)c(F)c2)N(C(=O)NCCCN2CCC(c3ccccn3)CC2)C(=O)N1,Scientific Literature,Binding constant measured against Alpha-1A adrenergic receptor in human prostate; +++:highly active,B,Homo sapiens,Prostate gland,Bioorg Med Chem Lett,2005,Alpha-1a adrenergic receptor,Ki,nM,9.44,557.6,3.48
CHEMBL12603,22.0,CC(C)Oc1ccccc1N1CCN(CCNC(=O)CN2CCCCCC2=O)CC1,Scientific Literature,Binding constant measured against Alpha-1A adrenergic receptor in human prostate; ++:moderately active,B,Homo sapiens,Prostate gland,Bioorg Med Chem Lett,2005,Alpha-1a adrenergic receptor,Ki,nM,7.66,416.57,2.11
CHEMBL75030,125.89,c1ccc2c(c1)CCCC2NC1=NCCO1,Scientific Literature,Binding affinity towards human Alpha-1C adrenergic receptor by the displacement of [3H]prazosin,B,,,Bioorg Med Chem Lett,1994,Alpha-1a adrenergic receptor,Ki,nM,6.9,216.28,2.04
CHEMBL432026,1.7,CCC1=C(C(=O)NCCCN2CCC(c3ccccc3)(c3ccccc3)CC2)C(c2ccc([N+](=O)[O-])cc2)C(C(N)=O)=C(COCCN)N1,Scientific Literature,Binding affinity against human Alpha-1a adrenergic receptor,B,,,Bioorg Med Chem Lett,1999,Alpha-1a adrenergic receptor,Ki,nM,8.77,666.82,4.25
CHEMBL12127,18.0,CC(C)Oc1ccccc1N1CCN(C/C=C/C(=O)CN2CCCCC2=O)CC1,Scientific Literature,Binding affinity for human Alpha-1A adrenergic receptor expressed in COS cell membranes,B,Homo sapiens,,Bioorg Med Chem Lett,2000,Alpha-1a adrenergic receptor,Ki,nM,7.75,399.54,2.73
CHEMBL3298749,1.096,COc1ccccc1N1CCN(CCn2c(=O)[nH]c3c(sc4ccc(NC(=O)CCC(=O)NCc5ccccc5)cc43)c2=O)CC1,Scientific Literature,Displacement of [125I]BE2254 from human alpha1a receptor expressed in HEK293 cells,B,Homo sapiens,,Eur J Med Chem,2014,Alpha-1a adrenergic receptor,Ki,nM,8.96,640.77,3.77
CHEMBL3298019,1.698,COc1ccccc1N1CCN(CCn2c(=O)[nH]c3c(sc4ccc(NC(=O)CCCN(C)C)cc43)c2=O)CC1,Scientific Literature,Displacement of [125I]BE2254 from human alpha1a receptor expressed in HEK293 cells,B,Homo sapiens,,Eur J Med Chem,2014,Alpha-1a adrenergic receptor,Ki,nM,8.77,564.71,3.02
CHEMBL142243,0.5,COCC1=C(C(=O)OC)C(c2ccc(F)c(F)c2)N(C(=O)NCCCN2CCC(C)(c3ccccc3)CC2)C(=O)N1,Scientific Literature,In vitro binding affinity against alpha-1A adrenergic receptor of human liver microsomes,B,,Liver,J Med Chem,1999,Alpha-1a adrenergic receptor,Ki,nM,9.3,570.64,4.26
CHEMBL12202,38.0,CC(C)Oc1ccccc1N1CCN(CCOC(=O)CN2CCCCC2=O)CC1,Scientific Literature,Binding affinity for human Alpha-1A adrenergic receptor expressed in COS cell membranes,B,Homo sapiens,,Bioorg Med Chem Lett,2000,Alpha-1a adrenergic receptor,Ki,nM,7.42,403.52,2.15
CHEMBL2051956,0.1995,COC(=O)C1=C(C)NC(C)=C(C(=O)OCCCN2CCC(c3ccccc3)(c3ccccc3)CC2)[C@@H]1c1cccc([N+](=O)[O-])c1,Scientific Literature,Binding affinity was tested on human Alpha-1A adrenergic receptor,B,,,J Med Chem,1997,Alpha-1a adrenergic receptor,Ki,nM,9.7,609.72,6.02
CHEMBL2031737,10000.0,C[C@@H]1CCCN1CCc1cc2cc(C(=O)c3ccc([N+](=O)[O-])cc3)ccc2o1,Scientific Literature,Binding affinity to human recombinant alpha1A adrenergic receptor,B,Homo sapiens,,J Med Chem,2012,Alpha-1a adrenergic receptor,Ki,nM,,378.43,4.6
CHEMBL95253,3.0,CCNC(=O)C1=C(COCCN)NC(CC)=C(C(=O)NCCCN2CCC(c3ccccc3)(c3ccccc3)CC2)C1c1ccc([N+](=O)[O-])cc1,Scientific Literature,Binding affinity against human Alpha-1a adrenergic receptor,B,,,Bioorg Med Chem Lett,1999,Alpha-1a adrenergic receptor,Ki,nM,8.52,694.88,4.9
CHEMBL99879,1.1220184543019651e+17,O=c1[nH]c2c([nH]c3ccccc32)c(=O)n1CCN1CCN(c2ccccc2O)CC1,Scientific Literature,Binding affinity towards Alpha-1A adrenergic receptor,B,,,J Med Chem,2003,Alpha-1a adrenergic receptor,Ki,nM,,405.46,1.7
CHEMBL74342,14125.38,Brc1c(NC2=N[C@@H]3CCCC[C@@H]3N2)ccc2nccnc12,Scientific Literature,Binding affinity for human Alpha-1A adrenergic receptor from cultured LM(tk-) cells using [3H]-prazosin,B,Homo sapiens,,Bioorg Med Chem Lett,1995,Alpha-1a adrenergic receptor,Ki,nM,4.85,346.23,3.07
CHEMBL90184,19.0,O=C1NC(C(F)(F)F)=C(C(=O)NCCCN2CCC(c3ccc(F)cc3)CC2)[C@@H](c2ccc(F)c(F)c2)N1,Scientific Literature,Ability to displace [125I]- HEAT from human cloned Alpha-1A adrenergic receptor stably expressed in CHO cells.,B,,,J Med Chem,2000,Alpha-1a adrenergic receptor,Ki,nM,7.72,540.51,4.66
CHEMBL2419765,177.83,COc1ccc2cc[nH]c2c1OCCNC[C@H]1COc2ccccc2O1,Scientific Literature,Displacement of [3H]prazosin from human alpha-1A adrenoreceptor expressed in CHO cells after 30 mins,B,Homo sapiens,,J Med Chem,2013,Alpha-1a adrenergic receptor,Ki,nM,6.75,354.41,2.98
CHEMBL2419769,0.4898,COc1ccc2ccoc2c1OCCNC[C@H]1COc2ccccc2O1.Cl,Scientific Literature,Displacement of [3H]prazosin from human alpha-1A adrenoreceptor expressed in CHO cells after 30 mins,B,Homo sapiens,,J Med Chem,2013,Alpha-1a adrenergic receptor,Ki,nM,9.31,391.85,3.25
CHEMBL482496,500.0,[3H]C([3H])([3H])Oc1cc(I)c(OC)cc1CCNCc1ccccc1OC([3H])([3H])[3H],Scientific Literature,Binding affinity to alpha 1A adrenergic receptor,B,,,Bioorg Med Chem,2008,Alpha-1a adrenergic receptor,Ki,nM,,439.33,3.65
CHEMBL322688,13.0,O=C1CC2(CCN(CCc3cccc4ccccc34)CC2)Oc2ccc(NS(=O)(=O)Cc3ccccc3)cc21,Scientific Literature,Displacement of [125I]HEAT from human Alpha-1C adrenergic receptor expressed in CHO cells,B,Homo sapiens,,Bioorg Med Chem Lett,1999,Alpha-1a adrenergic receptor,Ki,nM,7.89,540.69,5.82
CHEMBL72768,33.11,CSc1ccc(F)cc1NCC1=NCCN1,Scientific Literature,Affinity to Alpha-1 adrenergic receptor determined by radioligand binding techniques from rat-1 fibroblasts membranes,B,,,J Med Chem,2002,Alpha-1a adrenergic receptor,Ki,nM,7.48,239.32,1.96
CHEMBL41844,3.6,COC(=O)C1(c2ccccc2)CCN(CCCNC(=O)C2=C(C)N=C(C)/C(=C(/O)OC)C2c2ccc([N+](=O)[O-])cc2)CC1,Scientific Literature,Inhibition of binding of [125I]HEAT to cloned human alpha-1A adrenergic receptor.,B,,,Bioorg Med Chem Lett,2000,Alpha-1a adrenergic receptor,Ki,nM,8.44,590.68,4.56
CHEMBL56,1000.0,CCCN(CCC)C1CCc2cccc(O)c2C1,Scientific Literature,Displacement of [3H]prazosin from human cloned Alpha-1A adrenergic receptor,B,Homo sapiens,,J Med Chem,1999,Alpha-1a adrenergic receptor,Ki,nM,,247.38,3.37
CHEMBL55290,0.3162,Cc1n[nH]c(=O)n(CCCN2CCN(c3ccccc3OCC(F)(F)F)CC2)c1=O,Scientific Literature,Inhibition of [3H]prazosin binding to CHO-K1 whole cells expressing human cloned Alpha-1A adrenergic receptor,B,,,Bioorg Med Chem Lett,2003,Alpha-1a adrenergic receptor,Ki,nM,9.5,427.43,1.39
CHEMBL79990,297.0,CC(C)Oc1ccccc1N1CCN(Cc2nc(CN3C(=O)c4ccccc4C3=O)co2)CC1,Scientific Literature,Displacement of [125I]HEAT from human Alpha-1A adrenergic receptor,B,Homo sapiens,,Bioorg Med Chem Lett,2002,Alpha-1a adrenergic receptor,Ki,nM,6.53,460.53,3.58
CHEMBL320397,616.0,COc1cc2c(cc1O)CCN1Cc3c(ccc(O)c3OC)C[C@@H]21,Scientific Literature,In vitro binding affinity at human Alpha-1A adrenergic receptor.,B,,,J Med Chem,2003,Alpha-1a adrenergic receptor,Ki,nM,6.21,327.38,2.77
CHEMBL90453,2.2,CC(=O)N1C(=O)N(C)C(C)=C(C(=O)NCCCN2CCC(c3ccc(F)cc3)CC2)[C@H]1c1ccc(F)c(F)c1,Scientific Literature,Evaluated for the ability to displace [125I]- HEAT from human cloned Alpha-1A adrenergic receptor stably expressed in CHO cells.,B,,,J Med Chem,2000,Alpha-1a adrenergic receptor,Ki,nM,8.66,542.6,4.72
CHEMBL2,0.58,COc1cc2nc(N3CCN(C(=O)c4ccco4)CC3)nc(N)c2cc1OC,Scientific Literature,Binding affinity was determined for the alpha-1A adrenergic receptor,B,,,J Med Chem,1998,Alpha-1a adrenergic receptor,Ki,nM,9.24,383.41,1.78
CHEMBL90210,2.5,O=C1NC=C(C(=O)NCCCN2CCC(c3ccccn3)CC2)[C@@H](c2ccc(F)c(F)c2)N1,Scientific Literature,Evaluated for the ability to displace [125I]- HEAT from human cloned Alpha-1A adrenergic receptor stably expressed in CHO cells.,B,,,J Med Chem,2000,Alpha-1a adrenergic receptor,Ki,nM,8.6,455.51,2.98
CHEMBL150696,460.0,CC1=C(C(N)=O)C(c2ccc([N+](=O)[O-])cc2)C(C(=O)NCCCN2CCC(C(=O)N(C)C)(c3ccccc3)CC2)=C(C)N1,Scientific Literature,Binding affinity was determined for the alpha-1A adrenergic receptor,B,,,J Med Chem,1998,Alpha-1a adrenergic receptor,Ki,nM,6.34,588.71,2.94
CHEMBL151825,4.79,COC(=O)C1(c2ccccc2)CCN(CCCNC(=O)C2=C(C)N=C(C)/C(=C(/O)OCCC#N)C2c2ccc([N+](=O)[O-])cc2)CC1,Scientific Literature,Binding affinity was determined for the alpha-1A adrenergic receptor,B,,,J Med Chem,1998,Alpha-1a adrenergic receptor,Ki,nM,8.32,629.71,4.84
CHEMBL341849,0.05,COC(=O)C1=C(C)NC(=O)N(C(=O)NCCCN2CCN(c3ccccc3[N+](=O)[O-])C[C@H]2C)C1c1ccc(F)c(F)c1,Scientific Literature,In vitro binding affinity against Alpha-1A adrenergic receptor of human liver microsomes.,B,,Liver,J Med Chem,1999,Alpha-1a adrenergic receptor,Ki,nM,10.3,586.6,3.7
CHEMBL431631,6.5,COc1ccccc1CCN1CCC2(CC1)CC(=O)c1ccc(NS(C)(=O)=O)cc1O2,Scientific Literature,Displacement of [125I]HEAT from human Alpha-1C adrenergic receptor expressed in CHO cells,B,Homo sapiens,,Bioorg Med Chem Lett,1999,Alpha-1a adrenergic receptor,Ki,nM,8.19,444.55,3.11
CHEMBL12529,20.0,CCOC(=O)C1CCC(=O)N1CC(=O)NCCN1CCN(c2ccccc2OC(C)C)CC1,Scientific Literature,Binding affinity for human Alpha-1A adrenergic receptor expressed in COS cell membranes,B,Homo sapiens,,Bioorg Med Chem Lett,2000,Alpha-1a adrenergic receptor,Ki,nM,7.7,460.58,1.27
CHEMBL279516,3.7,O=C(NC1CCN(CCc2c[nH]c3ccccc23)CC1)c1ccccc1,Scientific Literature,The compound was tested for binding affinity against Alpha-1A adrenergic receptor from human clones.,B,,,J Med Chem,1995,Alpha-1a adrenergic receptor,Ki,nM,8.43,347.46,3.6
CHEMBL356584,0.2,CCC1=C(C(N)=O)C(c2ccc(F)c(F)c2)N(C(=O)NCCCN2CCC(C(=O)OC)(c3ccccc3)CC2)C(=O)N1,Scientific Literature,In vitro binding affinity radioligand,B,,,J Med Chem,1999,Alpha-1a adrenergic receptor,Ki,nM,9.7,583.64,3.49
CHEMBL327931,0.5248,CO/C(O)=C1\C(C)=NC(C)=C(C(=O)NCCCN2CCC(c3ccccc3)CC2)C1c1ccc(Cl)c([N+](=O)[O-])c1,Scientific Literature,Binding affinity determined by displacement of [3H]prazosin from alpha-1A adrenergic receptor,B,,,J Med Chem,1998,Alpha-1a adrenergic receptor,Ki,nM,9.28,567.09,5.88
CHEMBL1910243,13.2,COc1ccccc1N1CCN(CCN(C(=O)c2ccc([18F])c(C)c2)c2ccccn2)CC1,Scientific Literature,Binding affinity to alpha1A receptor,B,,,Eur J Med Chem,2011,Alpha-1a adrenergic receptor,Ki,nM,7.88,447.54,4.01
CHEMBL42156,240.0,COC(=O)C1(c2ccccc2)CCN(CCCNC(=O)CCc2ccc([N+](=O)[O-])cc2)CC1,Scientific Literature,Inhibition of binding of [125I]HEAT to cloned human alpha-1A adrenergic receptor.,B,,,Bioorg Med Chem Lett,2000,Alpha-1a adrenergic receptor,Ki,nM,6.62,453.54,3.24
CHEMBL298579,5.8,N#CC1(c2ccccc2)CCN(CCCNC(=O)N2C(=O)NC3=C(C(=O)OC3)C2c2ccc(F)c(F)c2)CC1,Scientific Literature,Displacement of [3H]- prazosin from human recombinant Alpha-1A adrenergic receptor,B,Homo sapiens,,Bioorg Med Chem Lett,2000,Alpha-1a adrenergic receptor,Ki,nM,8.24,535.55,3.5
CHEMBL432302,25.0,Cc1ccc(C(C(=O)NCCCN2CCC(C#N)(c3ccccn3)CC2)c2ccc(C)cc2)cc1,Scientific Literature,Inhibition of binding of [125I]HEAT to cloned human alpha-1A adrenergic receptor.,B,,,Bioorg Med Chem Lett,2000,Alpha-1a adrenergic receptor,Ki,nM,7.6,466.63,4.89
CHEMBL558890,3.388,COc1cc2nc(N3CCN(C(=O)C4COc5ccccc5O4)[C@@H]4CCCC[C@@H]43)nc(N)c2cc1OC,Scientific Literature,Displacement of [3H]prazosin from human alpha1A adrenoceptor expressed in CHO cells,B,Homo sapiens,,J Med Chem,2009,Alpha-1a adrenergic receptor,Ki,nM,8.47,505.58,3.03
CHEMBL393104,1.6,CC(C)Oc1ccccc1N1CCN([C@H]2CC[C@H](NS(=O)(=O)c3ccc(Cl)cc3Cl)CC2)CC1,Scientific Literature,Binding affinity to human cloned adrenergic alpha-1A receptor,B,Homo sapiens,,Bioorg Med Chem Lett,2007,Alpha-1a adrenergic receptor,Ki,nM,8.8,526.53,5.19
CHEMBL234650,3.9,CC(C)Oc1ccccc1N1CCN([C@H]2CC[C@H](NS(=O)(=O)Cc3ccccc3)CC2)CC1,Scientific Literature,Binding affinity to human cloned adrenergic alpha-1A receptor,B,Homo sapiens,,Bioorg Med Chem Lett,2007,Alpha-1a adrenergic receptor,Ki,nM,8.41,471.67,4.03
CHEMBL233582,3.0,CC(C)Oc1ccccc1N1CCN([C@H]2CC[C@H](NS(=O)(=O)c3ccc(Cl)cc3F)CC2)CC1,Scientific Literature,Binding affinity to human cloned adrenergic alpha-1A receptor,B,Homo sapiens,,Bioorg Med Chem Lett,2007,Alpha-1a adrenergic receptor,Ki,nM,8.52,510.08,4.68
CHEMBL234609,1.5,Cc1ccc(S(=O)(=O)N[C@H]2CC[C@H](N3CCN(c4ccccc4OC(C)C)CC3)CC2)cc1Cl,Scientific Literature,Binding affinity to human cloned adrenergic alpha-1A receptor,B,Homo sapiens,,Bioorg Med Chem Lett,2007,Alpha-1a adrenergic receptor,Ki,nM,8.82,506.11,4.85
CHEMBL234422,1.0,COc1ccc([N+](=O)[O-])cc1S(=O)(=O)N[C@H]1CC[C@H](N2CCN(c3ccccc3OC(C)C)CC2)CC1,Scientific Literature,Binding affinity to human cloned adrenergic alpha-1A receptor,B,Homo sapiens,,Bioorg Med Chem Lett,2007,Alpha-1a adrenergic receptor,Ki,nM,9.0,532.66,3.8
CHEMBL399195,5.6,CC(C)Oc1ccccc1N1CCN([C@H]2CC[C@@H](NS(=O)(=O)c3ccccc3F)CC2)CC1,Scientific Literature,Binding affinity to human cloned adrenergic alpha-1A receptor,B,Homo sapiens,,Bioorg Med Chem Lett,2007,Alpha-1a adrenergic receptor,Ki,nM,8.25,475.63,4.02
CHEMBL234679,9.6,CC(C)Oc1ccccc1N1CCN([C@H]2CC[C@@H](NS(=O)(=O)c3ccccc3C#N)CC2)CC1,Scientific Literature,Binding affinity to human cloned adrenergic alpha-1A receptor,B,Homo sapiens,,Bioorg Med Chem Lett,2007,Alpha-1a adrenergic receptor,Ki,nM,8.02,482.65,3.76
CHEMBL42359,700.0,CNCC(O)c1cc(O)c(O)cc1F,Scientific Literature,Binding affinity against alpha-1 adrenergic receptor in guinea pig cerebral cortical membranes by displacement of [3H]- WB-4101,B,Cavia porcellus,,J Med Chem,1988,Alpha-1a adrenergic receptor,Ki,nM,6.16,201.2,0.49
CHEMBL179401,3.6,COc1ccccc1N1CCN(CCCNc2cc(O)nc(Nc3c(Cl)cccc3Cl)n2)CC1,Scientific Literature,Inhibition of [3H]prazosin binding to human adrenergic alpha-1A receptor expressed in CHO-K1 cell membranes,B,Bos taurus,,J Med Chem,2005,Alpha-1a adrenergic receptor,Ki,nM,8.44,503.43,4.87
CHEMBL385371,66.07,COc1ccc2ccccc2c1OCCNC[C@H]1COc2cc3c(cc2O1)CCCC3.Cl,Scientific Literature,Displacement of [3H]prazosin from cloned human adrenergic alpha 1A receptor expressed in CHO cells,B,Homo sapiens,,J Med Chem,2006,Alpha-1a adrenergic receptor,Ki,nM,7.18,455.98,4.54
CHEMBL25554,0.4266,COc1cccc(OC)c1OCCNCC1COc2ccccc2O1,Scientific Literature,Displacement of [3H]prazosin from human adrenergic alpha1A expressed in CHO cells,B,Homo sapiens,,Bioorg Med Chem,2010,Alpha-1a adrenergic receptor,Ki,nM,9.37,345.4,2.51
CHEMBL56438,130.0,O=C1CC2(CCCC2)CC(=O)N1CCN1CCN(c2cc(Cl)ccc2Cl)CC1,Scientific Literature,Binding constant measured against Alpha-1A adrenergic receptor in human prostate; +:inactive,B,Homo sapiens,Prostate gland,Bioorg Med Chem Lett,2005,Alpha-1a adrenergic receptor,Ki,nM,6.89,424.37,3.82
CHEMBL1289267,1258.93,O=C1O[C@]2(CC[C@H](c3nc4cc(OC(F)(F)F)ccc4[nH]3)CC2)CN1c1ccccc1,Scientific Literature,Antagonistic activity at human alpha1A receptor expressed in rat 1 fibroblast cells assessed as inhibition of calcium level by FLIPR assay,F,Homo sapiens,,Bioorg Med Chem Lett,2010,Alpha-1a adrenergic receptor,Ki,nM,5.9,431.41,5.51
CHEMBL1289154,199.53,O=C1OC2(CCN(c3nc4cc(OC(F)(F)F)ccc4[nH]3)CC2)CN1c1ccccc1,Scientific Literature,Antagonistic activity at human alpha1A receptor expressed in rat 1 fibroblast cells assessed as inhibition of calcium level by FLIPR assay,F,Homo sapiens,,Bioorg Med Chem Lett,2010,Alpha-1a adrenergic receptor,Ki,nM,6.7,432.4,4.46
CHEMBL123349,449.0,CN1CCc2cccc(Cl)c2CC1,Scientific Literature,Inhibition of [3H]prazosin binding to human Alpha-1A adrenergic receptor expressed in CHO cells,B,Homo sapiens,,J Med Chem,1995,Alpha-1a adrenergic receptor,Ki,nM,6.35,195.69,2.37
CHEMBL305928,1995.26,C1CCCC(NC2=NCCO2)CC1,Scientific Literature,Binding affinity towards human Alpha-1C adrenergic receptor by the displacement of [3H]prazosin,B,,,Bioorg Med Chem Lett,1994,Alpha-1a adrenergic receptor,Ki,nM,5.7,182.27,1.68
CHEMBL492834,1000.0,COc1cccc(OC)c1OCCNC[C@@H]1CO[C@H](c2ccccc2)CO1,Scientific Literature,Displacement of [3H]prazosin from human cloned alpha1A adrenoceptor expressed in CHO cells,B,Homo sapiens,,J Med Chem,2008,Alpha-1a adrenergic receptor,Ki,nM,,373.45,2.83
CHEMBL358595,0.2,CCC1=C(C(N)=O)C(c2ccc([N+](=O)[O-])cc2)N(C(=O)NCCCN2CCC(C(=O)OC)(c3ccccc3)CC2)C(=O)N1,Scientific Literature,In vitro binding affinity against Alpha-1A adrenergic receptor of human liver microsomes.,B,,Liver,J Med Chem,1999,Alpha-1a adrenergic receptor,Ki,nM,9.7,592.65,3.12
CHEMBL358595,1.9,CCC1=C(C(N)=O)C(c2ccc([N+](=O)[O-])cc2)N(C(=O)NCCCN2CCC(C(=O)OC)(c3ccccc3)CC2)C(=O)N1,Scientific Literature,In vitro binding affinity against Alpha-1A adrenergic receptor in isolated prostate tissue of dog,B,Canis lupus familiaris,Prostate gland,J Med Chem,1999,Alpha-1a adrenergic receptor,Ki,nM,8.72,592.65,3.12
CHEMBL142383,0.4,COC(=O)C1=C(C)NC(=O)N(C(=O)NCCCN2CCC(C(=O)OC)(c3ccccc3)CC2)C1c1ccc([N+](=O)[O-])cc1,Scientific Literature,In vitro binding affinity against Alpha-1A adrenergic receptor of human liver microsomes.,B,,Liver,J Med Chem,1999,Alpha-1a adrenergic receptor,Ki,nM,9.4,593.64,3.41
CHEMBL99142,3.02,COc1ccccc1N1CCN(CCn2c(C)nc3c4ccccc4nc-3c2O)CC1,Scientific Literature,Displacement of [125I]BE2254 from human cloned adrenergic alpha 1A receptor expressed in HEK293 cells,B,Homo sapiens,,Bioorg Med Chem Lett,2006,Alpha-1a adrenergic receptor,Ki,nM,8.52,417.51,3.38
CHEMBL25537,100.0,CC(=O)CC(=O)NCCCN1CCC(c2ccccc2)(c2ccccc2)CC1,Scientific Literature,Binding affinity was tested on human Alpha-1A adrenergic receptor,B,,,J Med Chem,1997,Alpha-1a adrenergic receptor,Ki,nM,7.0,378.52,3.55
CHEMBL142957,0.3,CCOC(=O)C1=C(C)NC(=O)N(C(=O)NCCCN2CCC(C(=O)OC)(c3ccccc3)CC2)C1c1ccc([N+](=O)[O-])cc1,Scientific Literature,In vitro binding affinity against Alpha-1A adrenergic receptor of human liver microsomes.,B,,Liver,J Med Chem,1999,Alpha-1a adrenergic receptor,Ki,nM,9.52,607.66,3.8
CHEMBL93523,20.0,N#Cc1ccccc1C1CCN(CCCNC(=O)C2=C(C(F)(F)F)NC(=O)N[C@@H]2c2ccc(F)c(F)c2)CC1,Scientific Literature,Evaluated for the ability to displace [125I]- HEAT from human cloned Alpha-1A adrenergic receptor stably expressed in CHO cells.,B,,,J Med Chem,2000,Alpha-1a adrenergic receptor,Ki,nM,7.7,547.53,4.39
CHEMBL319345,48.0,N#CCc1ccc(N2CCN(CCn3c(=O)[nH]c4c([nH]c5ccccc54)c3=O)CC2)cc1,Scientific Literature,Binding affinity towards Alpha-1A adrenergic receptor,B,,,J Med Chem,2003,Alpha-1a adrenergic receptor,Ki,nM,,428.5,2.06
CHEMBL540542,43.65,CSc1ccccc1NCC1=NCCN1.Cl,Scientific Literature,Affinity to Alpha-1 adrenergic receptor determined by radioligand binding techniques from rat-1 fibroblasts membranes,B,,,J Med Chem,2002,Alpha-1a adrenergic receptor,Ki,nM,7.36,257.79,1.82
CHEMBL94167,0.17,O=C1NC=C(C(=O)NCCCN2CCC(c3ccc(F)cc3)CC2)[C@@H](c2ccc(F)c(F)c2)N1,Scientific Literature,Evaluated for the ability to displace [125I]- HEAT from human cloned Alpha-1A adrenergic receptor stably expressed in CHO cells.,B,,,J Med Chem,2000,Alpha-1a adrenergic receptor,Ki,nM,9.77,472.51,3.73
CHEMBL4458714,7.244,COc1ccccc1OCCNCCC1COC(c2ccccc2)(c2ccccc2)O1.O=C(O)C(=O)O,Scientific Literature,Displacement of [3H] prazosin from human cloned adrenoceptor alpha 1A expressed in CHO cell membrane incubated for 30 mins by liquid scintillation counting,B,Homo sapiens,,Eur J Med Chem,2019,Alpha-1a adrenergic receptor,Ki,nM,8.14,509.56,4.37
CHEMBL555146,10000.0,C[C@@H]1CCCN1CCc1cc2cc(C(=O)c3ccc(F)cc3)ccc2o1,Scientific Literature,Binding affinity to human recombinant alpha1A adrenergic receptor,B,Homo sapiens,,J Med Chem,2012,Alpha-1a adrenergic receptor,Ki,nM,,351.42,4.83
CHEMBL55645,7.943,O=c1[nH]cc(CO)c(=O)n1CCCN1CCN(c2ccc(F)cc2OCC(F)(F)F)CC1,Scientific Literature,Inhibition of [3H]prazosin binding to CHO-K1 whole cells expressing human cloned Alpha-1A adrenergic receptor,B,,,Bioorg Med Chem Lett,2003,Alpha-1a adrenergic receptor,Ki,nM,8.1,460.43,1.32
CHEMBL362954,19.9,COc1cccc(N(NC2=NCCN2)c2ccc(C)cc2)c1,Scientific Literature,Binding affinity towards alpha-1A adrenergic receptor expressed in human embryonic kidney (HEK293) cells,B,Homo sapiens,,Bioorg Med Chem Lett,2005,Alpha-1a adrenergic receptor,Ki,nM,7.7,296.37,2.61
CHEMBL420184,14.0,COc1ccccc1N1CCN(Cc2ccc(CN3CCCCC3=O)s2)CC1,Scientific Literature,Displacement of [125I]HEAT from COS cell membranes expressing human Alpha-1A adrenergic receptor,B,Homo sapiens,,Bioorg Med Chem Lett,2002,Alpha-1a adrenergic receptor,Ki,nM,7.85,399.56,3.59
CHEMBL25467,36.0,C=Cc1sc2ccc(Cl)c3c2c1CN(C)CC3,Scientific Literature,Inhibition of [3H]prazosin binding to human Alpha-1A adrenergic receptor expressed in CHO cells,B,Homo sapiens,,J Med Chem,1995,Alpha-1a adrenergic receptor,Ki,nM,7.44,263.79,4.19
CHEMBL66823,419.0,COc1ccccc1N1CCN(Cc2ccc(CN3CCCCC3O)s2)CC1,Scientific Literature,Displacement of [125I]HEAT from COS cell membranes expressing human Alpha-1A adrenergic receptor,B,Homo sapiens,,Bioorg Med Chem Lett,2002,Alpha-1a adrenergic receptor,Ki,nM,6.38,401.58,3.38
CHEMBL543741,42.66,COc1ccccc1N1CCN(CCN2C(=O)CC3(CCCC3)CC2=O)CC1.Cl.Cl,Scientific Literature,Binding affinity to adrenergic alpha1A receptor,B,,,Eur J Med Chem,2011,Alpha-1a adrenergic receptor,Ki,nM,7.37,458.43,2.53
CHEMBL4091168,154.88,c1ccc(C2(c3ccccc3)COCC(CNCCOc3ccccn3)O2)cc1,Scientific Literature,Displacement of [3H]prazosin from recombinant human alpha-1a adrenergic receptor expressed in CHO cell membranes after 30 mins by liquid scintillation counting method,A,Homo sapiens,,Eur J Med Chem,2017,Alpha-1a adrenergic receptor,Ki,nM,6.81,390.48,3.41
CHEMBL3582270,0.3,CCN(CC)c1ccc2cc(-n3cc(C(=O)N4CCN(c5nc(N)c6cc(OC)c(OC)cc6n5)CC4)nn3)c(=O)oc2c1,Scientific Literature,Displacement of [3H]-Prazosin from human alpha-1A adrenergic receptor transfected in CHO cell membranes after 2 hrs by microplate scintillation counting analysis,B,Homo sapiens,,ACS Med Chem Lett,2015,Alpha-1a adrenergic receptor,Ki,nM,9.52,599.65,2.72
CHEMBL3342863,11.75,COc1ccccc1N1CCN(CC2COC3(CCN(C(=O)C4CCCN4)CC3)O2)CC1,Scientific Literature,Displacement of [3H]prazosin from human recombinant alpha1A adrenoceptor expressed in CHO cells after 30 mins by liquid scintillation counting,B,Homo sapiens,,Eur J Med Chem,2014,Alpha-1a adrenergic receptor,Ki,nM,7.93,444.58,1.3
CHEMBL282214,3.981,COc1ccc(CCNCC2CCc3ccccc3C2)cc1,Scientific Literature,Binding affinity was tested on human Alpha-1A adrenergic receptor,B,,,J Med Chem,1997,Alpha-1a adrenergic receptor,Ki,nM,8.4,295.43,3.63
CHEMBL344432,0.55,COc1cccc2c1CCCC2CCCNCCOc1ccccn1,Scientific Literature,Binding affinity was determined on human cloned Alpha-1A adrenoceptor,B,,,J Med Chem,2001,Alpha-1a adrenergic receptor,Ki,nM,9.26,340.47,3.96
CHEMBL192099,4100.0,O=C1CC2(CCCC2)CC(=O)N1CCN1CCN(c2ccc(F)c(F)c2)CC1,Scientific Literature,Binding affinity for human Alpha-1A adrenergic receptor,B,Homo sapiens,,J Med Chem,2005,Alpha-1a adrenergic receptor,Ki,nM,5.39,391.46,2.8
CHEMBL12062,0.65,CC(C)Oc1ccccc1N1CCN(CCCNC(=O)CN2CCCCC2=O)CC1,Scientific Literature,Binding constant measured against Alpha-1A adrenergic receptor in human prostate; +++:highly active,B,Homo sapiens,Prostate gland,Bioorg Med Chem Lett,2005,Alpha-1a adrenergic receptor,Ki,nM,9.19,416.57,2.11
CHEMBL72753,5128.61,Clc1c(NC2=NCCN2)ccc2nccnc12,Scientific Literature,Binding affinity for human Alpha-1A adrenergic receptor from cultured LM(tk-) cells using [3H]-prazosin,B,Homo sapiens,,Bioorg Med Chem Lett,1995,Alpha-1a adrenergic receptor,Ki,nM,5.29,247.69,1.65
CHEMBL145553,1.7,COCC1=C(C(=O)OC)C(c2cc(F)c(F)c(F)c2)N(C(=O)N2CCC(N3CCC(C(=O)OC)(c4ccccc4)CC3)CC2)C(=O)N1,Scientific Literature,In vitro binding affinity against alpha-1A adrenergic receptor of human liver microsomes,B,,Liver,J Med Chem,1999,Alpha-1a adrenergic receptor,Ki,nM,8.77,658.67,4.03
CHEMBL1630941,19.05,COc1ccc(C[C@@H](C)NC[C@H]2Oc3ccccc3O[C@H]2C)cc1S(N)(=O)=O,Scientific Literature,Displacement of [3H]prazosin from human alpha1A adrenoceptor expressed in CHO cells,B,Homo sapiens,,Eur J Med Chem,2010,Alpha-1a adrenergic receptor,Ki,nM,7.72,406.5,2.09
CHEMBL2111563,13.0,C[C@H]1OC(=O)N(C(=O)NCCCN2CCC(c3ccc(F)cc3)CC2)[C@@H]1c1ccc(F)c(F)c1,Scientific Literature,Tested for binding affinity against recombinant human Alpha-1A adrenergic receptor using [125I]HEAT in competition binding assay,B,,,Bioorg Med Chem Lett,2000,Alpha-1a adrenergic receptor,Ki,nM,7.89,475.51,4.97
CHEMBL142635,5.888,COc1ccccc1N1CCN(CC(O)COc2cccc3ccccc23)CC1,Scientific Literature,Binding affinity to adrenergic alpha1A receptor (unknown origin),B,Homo sapiens,,Med Chem Res,2011,Alpha-1a adrenergic receptor,Ki,nM,8.23,392.5,3.41
CHEMBL418531,83.0,CC(C)Oc1cc(F)ccc1N1CCN(CCNC(=O)CN2CCCCC2=O)CC1,Scientific Literature,Binding affinity for human Alpha-1A adrenergic receptor expressed in COS cell membranes,B,Homo sapiens,,Bioorg Med Chem Lett,2000,Alpha-1a adrenergic receptor,Ki,nM,7.08,420.53,1.86
CHEMBL13647,380.19,COc1ccccc1N1CCN(CCN2C(=O)CC3(CCCC3)CC2=O)CC1,Scientific Literature,Displacement of [3H]prazosin from recombinant human alpha-1a adrenergic receptor expressed in CHO cell membranes after 30 mins by liquid scintillation counting method,A,Homo sapiens,,Eur J Med Chem,2017,Alpha-1a adrenergic receptor,Ki,nM,6.42,385.51,2.53
CHEMBL4070363,169.82,Cc1ccccc1OCCNCC1COCC(c2ccccc2)(c2ccccc2)O1,Scientific Literature,Displacement of [3H]prazosin from recombinant human alpha-1a adrenergic receptor expressed in CHO cell membranes after 30 mins by liquid scintillation counting method,A,Homo sapiens,,Eur J Med Chem,2017,Alpha-1a adrenergic receptor,Ki,nM,6.77,403.52,4.32
CHEMBL2312227,27.54,COc1ccccc1OCCNCC1COCC(c2ccccc2)(c2ccccc2)O1,Scientific Literature,Displacement of [3H]prazosin from recombinant human alpha-1a adrenergic receptor expressed in CHO cell membranes after 30 mins by liquid scintillation counting method,A,Homo sapiens,,Eur J Med Chem,2017,Alpha-1a adrenergic receptor,Ki,nM,7.56,419.52,4.02
CHEMBL4129291,0.871,COc1cc2nc(N3CCN(C(=O)COc4c(OC)cccc4C(C)C)[C@H]4CCCC[C@H]43)nc(N)c2cc1OC,Scientific Literature,Displacement of [3H]prazosin from human alpha1A adrenergic receptor expressed in CHO cell membranes after 30 mins by rapid filtration method,B,Homo sapiens,,Bioorg Med Chem,2018,Alpha-1a adrenergic receptor,Ki,nM,9.06,549.67,4.4
CHEMBL298838,1.0,O=c1[nH]cc(Cl)c(=O)n1CCCN1CCN(c2ccc(F)cc2OCC(F)(F)F)CC1,Scientific Literature,Inhibition of [3H]prazosin binding to CHO-K1 whole cells expressing human cloned Alpha-1A adrenergic receptor,B,,,Bioorg Med Chem Lett,2003,Alpha-1a adrenergic receptor,Ki,nM,9.0,464.85,2.48
CHEMBL238402,54.0,COc1ccc(S(=O)(=O)N[C@H]2CC[C@H](N3CCN(c4ccccc4OCC(F)(F)F)CC3)CC2)cc1OC,Scientific Literature,Binding affinity to human cloned adrenergic Alpha-1A receptor,B,Homo sapiens,,Bioorg Med Chem Lett,2007,Alpha-1a adrenergic receptor,Ki,nM,7.27,557.64,4.06
CHEMBL228606,69.0,COc1ccc(S(=O)(=O)N[C@H]2CC[C@H](N3CCC(c4ccccc4OCCF)CC3)CC2)cc1OC,Scientific Literature,Binding affinity to human cloned adrenergic Alpha-1A receptor,B,Homo sapiens,,Bioorg Med Chem Lett,2007,Alpha-1a adrenergic receptor,Ki,nM,7.16,520.67,4.52
CHEMBL67552,0.41,CC(C)Oc1ccccc1N1CCN(CCCNC(=O)c2ccc3c(c2)C(=O)N(c2cccc(F)c2)C3=O)CC1,Scientific Literature,Binding affinity towards cloned human alpha-1A adrenergic receptor was determined using [125]-HEAT as radioligand,B,,,J Med Chem,2000,Alpha-1a adrenergic receptor,Ki,nM,9.39,544.63,4.36
CHEMBL611,4.0,COc1cc2nc(N3CCN(C(=O)C4CCCO4)CC3)nc(N)c2cc1OC,Scientific Literature,In vitro binding affinity radioligand,B,,,J Med Chem,1999,Alpha-1a adrenergic receptor,Ki,nM,8.4,387.44,1.06
CHEMBL13647,130.0,COc1ccccc1N1CCN(CCN2C(=O)CC3(CCCC3)CC2=O)CC1,Scientific Literature,Binding affinity for human Alpha-1A adrenergic receptor,B,Homo sapiens,,Bioorg Med Chem Lett,2001,Alpha-1a adrenergic receptor,Ki,nM,6.89,385.51,2.53
CHEMBL556782,3981.07,Cc1ccc(C(=O)N2CCN(c3ccc(OC4CCN(C5CCC5)CC4)cc3)C(=O)C2)cc1.Cl,Scientific Literature,Antagonist activity at human recombinant adrenergic alpha 1A receptor expressed in Rat1 cells assessed as inhibition of phenylephrine-induced cellular calcium mobilization,F,Homo sapiens,,J Med Chem,2007,Alpha-1a adrenergic receptor,Ki,nM,,484.04,3.88
CHEMBL492785,407.38,c1ccc(OCCNC[C@@H]2COC[C@@H](c3ccccc3)O2)cc1,Scientific Literature,Displacement of [3H]prazosin from human cloned alpha1A adrenoceptor expressed in CHO cells,B,Homo sapiens,,J Med Chem,2008,Alpha-1a adrenergic receptor,Ki,nM,6.39,313.4,2.81
CHEMBL13647,380.19,COc1ccccc1N1CCN(CCN2C(=O)CC3(CCCC3)CC2=O)CC1,Scientific Literature,Displacement of [3H]prazosin from human cloned alpha1A adrenoceptor expressed in CHO cells,B,Homo sapiens,,J Med Chem,2008,Alpha-1a adrenergic receptor,Ki,nM,6.42,385.51,2.53
CHEMBL493285,169.82,c1ccc(OCCNC[C@@H]2COCC(c3ccccc3)(c3ccccc3)O2)cc1,Scientific Literature,Displacement of [3H]prazosin from human cloned alpha1A adrenoceptor expressed in CHO cells,B,Homo sapiens,,J Med Chem,2008,Alpha-1a adrenergic receptor,Ki,nM,6.77,389.5,4.01
CHEMBL4171491,120.23,COc1cc2nc(N3CCC[C@@H](NC4=CC(=O)c5ccccc5C4=O)C3)nc(N)c2cc1OC,Scientific Literature,Displacement of [3H]prazosin from human alpha1A adrenoceptor expressed in CHO cell membranes after 30 mins,B,Homo sapiens,,Eur J Med Chem,2017,Alpha-1a adrenergic receptor,Ki,nM,6.92,459.51,2.75
CHEMBL51871,0.6,O=C1OCC2=C1C(c1ccc(F)c(F)c1)N(C(=O)NCCCN1CCN(c3ccccc3[N+](=O)[O-])CC1)C(=O)N2,Scientific Literature,Displacement of [3H]- prazosin from human recombinant Alpha-1A adrenergic receptor,B,Homo sapiens,,Bioorg Med Chem Lett,2000,Alpha-1a adrenergic receptor,Ki,nM,9.22,556.53,2.67
CHEMBL290860,0.32,CO/C(O)=C1\C(C)=NC(C)=C(C(=O)OCCCN2CCC(c3ccccc3)(c3ccccc3)CC2)C1c1ccc([N+](=O)[O-])cc1,Scientific Literature,Ability to displace [3H]prazosin from cloned human Alpha-1A adrenergic receptor,B,,,J Med Chem,1995,Alpha-1a adrenergic receptor,Ki,nM,9.49,609.72,6.86
CHEMBL2261604,12.3,COc1cc2nc(N3CCN(C(=O)c4ccco4)[C@H]4CCCC[C@@H]43)nc(N)c2cc1OC,Scientific Literature,Displacement of [3H]prazosin from Homo sapiens (human) alpha1A adrenergic receptor,B,Homo sapiens,,Med Chem Res,2004,Alpha-1a adrenergic receptor,Ki,nM,7.91,437.5,3.1
CHEMBL2260148,20.42,COC(=O)C1=C(C)NC(C)=C(C(=O)N(C)CCCN2CCC(c3ccccc3)(c3ccccc3)CC2)C1c1ccc([N+](=O)[O-])cc1,Scientific Literature,Binding affinity to Homo sapiens (human) alpha1A adrenergic receptor,B,Homo sapiens,,Med Chem Res,2004,Alpha-1a adrenergic receptor,Ki,nM,7.69,622.77,5.93
CHEMBL313251,316.23,CC1=C(C(=O)O)C(c2ccc3c(c2)OCO3)C(C(=O)NCCCN2CCC(c3ccccc3)(c3ccccc3)CC2)=C(C)N1,Scientific Literature,Binding affinity determined by displacement of [3H]prazosin from alpha-1A adrenergic receptor,B,,,J Med Chem,1998,Alpha-1a adrenergic receptor,Ki,nM,6.5,593.72,5.32
CHEMBL1767162,316.23,O=c1c2ccccc2c(Cc2ccc(Cl)cc2)nn1CCNCCCCc1ccc(OCCCN2CCCCCC2)cc1,Scientific Literature,Binding affinity to human adrenergic alpha1A receptor expressed in rat intact fibroblasts,B,Homo sapiens,,J Med Chem,2011,Alpha-1a adrenergic receptor,Ki,nM,6.5,601.24,6.9
CHEMBL315392,58.88,CC1=C(C(=O)NCCCN2CCC(c3ccccc3)(c3ccccc3)CC2)C(c2ccc([N+](=O)[O-])cc2)C(C(=O)N(C)C)=C(C)N1,Scientific Literature,Binding affinity determined by displacement of [3H]prazosin from alpha-1A adrenergic receptor,B,,,J Med Chem,1998,Alpha-1a adrenergic receptor,Ki,nM,7.23,621.78,5.51
CHEMBL41994,50.0,Cc1ccccc1C1(C#N)CCN(CCCNC(=O)C(c2ccc(F)c(F)c2)C(C)C)CC1,Scientific Literature,Inhibition of binding of [125I]HEAT to cloned human alpha-1A adrenergic receptor.,B,,,Bioorg Med Chem Lett,2000,Alpha-1a adrenergic receptor,Ki,nM,7.3,453.58,5.08
CHEMBL1767143,1995.26,COC(=O)c1ccc(Cc2nn(C[C@H]3CCCN3C)c(=O)c3ccccc23)cc1,Scientific Literature,Binding affinity to human adrenergic alpha1A receptor expressed in rat intact fibroblasts,B,Homo sapiens,,J Med Chem,2011,Alpha-1a adrenergic receptor,Ki,nM,,391.47,2.87
CHEMBL1767151,1995.26,CN1CCC[C@@H]1Cn1nc(CC2CCCCC2)c2ccccc2c1=O,Scientific Literature,Binding affinity to human adrenergic alpha1A receptor expressed in rat intact fibroblasts,B,Homo sapiens,,J Med Chem,2011,Alpha-1a adrenergic receptor,Ki,nM,,339.48,3.61
CHEMBL1767166,100.0,O=c1c2ccccc2c(Cc2ccc(O)cc2)nn1C[C@H]1CCCN1CCCCc1ccc(OCCCN2CCCCCC2)cc1,Scientific Literature,Binding affinity to human adrenergic alpha1A receptor expressed in rat intact fibroblasts,B,Homo sapiens,,J Med Chem,2011,Alpha-1a adrenergic receptor,Ki,nM,7.0,622.85,6.83
CHEMBL1767160,125.89,O=c1c2ccccc2c(Cc2ccc(Cl)cc2)nn1C1CCCN(CCCc2ccc(OCCCN3CCCCCC3)cc2)CC1,Scientific Literature,Binding affinity to human adrenergic alpha1A receptor expressed in rat intact fibroblasts,B,Homo sapiens,,J Med Chem,2011,Alpha-1a adrenergic receptor,Ki,nM,6.9,641.3,7.95
CHEMBL1767168,31.62,O=c1c2ccccc2c(Cc2ccc(Cl)cc2)nn1C[C@@H]1CCCN1CCCCc1ccc(OCCCN2CCCCCC2)cc1,Scientific Literature,Binding affinity to human adrenergic alpha1A receptor expressed in rat intact fibroblasts,B,Homo sapiens,,J Med Chem,2011,Alpha-1a adrenergic receptor,Ki,nM,7.5,641.3,7.77
CHEMBL5275284,3.981,CC(C)C(=O)NCCN1CCC[C@@H]1Cn1nc(Cc2ccc(Cl)cc2)c2ccccc2c1=O.O=C(O)C(F)(F)F,Scientific Literature,Antagonist activity against recombinant human adrenergic alpha1A receptor expressed in Rat1 cells incubated for 30 mins by FLIPR analysis,B,Homo sapiens,,ACS Med Chem Lett,2017,Alpha-1a adrenergic receptor,Ki,nM,8.4,581.04,3.88
CHEMBL5282336,50.12,COCCCC(=O)NCCN1CCC[C@@H]1Cn1nc(Cc2ccc(Cl)cc2)c2ccccc2c1=O.O=C(O)C(F)(F)F,Scientific Literature,Antagonist activity against recombinant human adrenergic alpha1A receptor expressed in Rat1 cells incubated for 30 mins by FLIPR analysis,B,Homo sapiens,,ACS Med Chem Lett,2017,Alpha-1a adrenergic receptor,Ki,nM,7.3,611.06,3.65
CHEMBL146163,4.5,COC(=O)C1=C(C)NC(=O)N(C(=O)NCCCN2CCC(C(=O)OC)(c3ccccc3)CC2)C1c1ccc(Cl)cc1,Scientific Literature,In vitro binding affinity against Alpha-1A adrenergic receptor of human liver microsomes.,B,,Liver,J Med Chem,1999,Alpha-1a adrenergic receptor,Ki,nM,8.35,583.09,4.16
CHEMBL100052,31.0,O=C1c2ccccc2CC12CCN(CCc1cccc3ccccc13)CC2,Scientific Literature,Displacement of [125I]HEAT from human Alpha-1C adrenergic receptor expressed in CHO cells,B,Homo sapiens,,Bioorg Med Chem Lett,1999,Alpha-1a adrenergic receptor,Ki,nM,7.51,355.48,4.9
CHEMBL83791,3466.0,CC(C)Oc1ccccc1N1CCN(Cc2nc(CN3CCCCCC3=O)co2)CC1,Scientific Literature,Displacement of [125I]HEAT from human Alpha-1A adrenergic receptor,B,Homo sapiens,,Bioorg Med Chem Lett,2002,Alpha-1a adrenergic receptor,Ki,nM,5.46,426.56,3.69
CHEMBL284470,5.888,CO/C(O)=C1\C(C)=NC(C)=C(C(=O)NCCCCN2CCC(c3ccccc3)(c3ccccc3)CC2)C1c1ccc([N+](=O)[O-])cc1,Scientific Literature,Binding affinity was tested on human Alpha-1A adrenergic receptor,B,,,J Med Chem,1997,Alpha-1a adrenergic receptor,Ki,nM,8.23,622.77,6.82
CHEMBL143940,5.0,COC(=O)C1=C(C)NC(=O)N(C(=O)NCCCN2CCC(c3ccccc3)(c3ccccc3)CC2)C1c1ccc([N+](=O)[O-])cc1,Scientific Literature,In vitro binding affinity against Alpha-1A adrenergic receptor of human liver microsomes.,B,,Liver,J Med Chem,1999,Alpha-1a adrenergic receptor,Ki,nM,8.3,611.7,5.29
CHEMBL145190,0.08,COC(=O)C1=C(C)NC(=O)N(C(=O)NCCCN2CCN(c3ccccc3C#N)CC2)C1c1ccc(F)c(F)c1,Scientific Literature,In vitro binding affinity against Alpha-1A adrenergic receptor of human liver microsomes.,B,,Liver,J Med Chem,1999,Alpha-1a adrenergic receptor,Ki,nM,10.1,552.58,3.27
CHEMBL836,0.1995,CCOc1ccccc1OCCN[C@H](C)Cc1ccc(OC)c(S(N)(=O)=O)c1,Scientific Literature,Binding affinity was tested on human Alpha-1A adrenergic receptor,B,,,J Med Chem,1997,Alpha-1a adrenergic receptor,Ki,nM,9.7,408.52,2.34
CHEMBL5483012,0.2344,COC(=O)C1=C(C)NC(C)=C(C(=O)NCCCN2CCC(c3ccccc3)(c3ccccc3)CC2)C1c1ccc([N+](=O)[O-])cc1.Cl,Scientific Literature,Binding affinity was tested on human Alpha-1A adrenergic receptor,B,,,J Med Chem,1997,Alpha-1a adrenergic receptor,Ki,nM,9.63,645.2,5.59
CHEMBL14213,3.1,COc1ccccc1N1CCN(CCn2c(=O)c3c(-c4ccccc4)csc3n(C)c2=O)CC1,Scientific Literature,Binding affinity for human Alpha-1A adrenergic receptor,B,Homo sapiens,,Bioorg Med Chem Lett,2001,Alpha-1a adrenergic receptor,Ki,nM,8.51,476.6,3.26
CHEMBL324090,0.04,COc1cc2c(cc1OC)CN(c1cc(N)c3cc(OC)c(OC)cc3n1)CC2,Scientific Literature,Binding affinity against Alpha-1A adrenergic receptor from human clone,B,Homo sapiens,,J Med Chem,1995,Alpha-1a adrenergic receptor,Ki,nM,10.4,395.46,3.41
CHEMBL25554,0.4266,COc1cccc(OC)c1OCCNCC1COc2ccccc2O1,Scientific Literature,Binding affinity measured in CHO cells expressing human cloned Alpha-1A adrenergic receptor expressed as pKi,B,Homo sapiens,,J Med Chem,2003,Alpha-1a adrenergic receptor,Ki,nM,9.37,345.4,2.51
CHEMBL145843,0.01,COC(=O)C1=C(C)NC(=O)N(C(=O)NCCCN2CCN(c3ccccc3[N+](=O)[O-])CC2)C1c1ccc(F)c(F)c1,Scientific Literature,In vitro binding affinity against Alpha-1A adrenergic receptor of human liver microsomes.,B,,Liver,J Med Chem,1999,Alpha-1a adrenergic receptor,Ki,nM,11.0,572.57,3.31
CHEMBL286591,15.85,O=C(CCCN1CCC(NC(=O)c2ccccc2)CC1)c1ccccc1,Scientific Literature,Binding affinity was tested on human Alpha-1A adrenergic receptor,B,,,J Med Chem,1997,Alpha-1a adrenergic receptor,Ki,nM,7.8,350.46,3.54
CHEMBL262002,0.46,COCC1=C(C(=O)OC)[C@H](c2ccc(F)c(F)c2)N(C(=O)N[C@@H]2CC[C@@H](N3CCC(c4ccccc4C#N)CC3)C2)C(=O)N1,Scientific Literature,Displacement of [125I]HEAT from human Alpha-1A adrenergic receptor stably expressed in CHO cells,B,,,Bioorg Med Chem Lett,2000,Alpha-1a adrenergic receptor,Ki,nM,9.34,607.66,4.49
CHEMBL421297,1.8,CC(C)Oc1ccccc1N1CCN(Cc2cc(CN3CCCCCC3=O)cs2)CC1,Scientific Literature,Displacement of [125I]HEAT from COS cell membranes expressing human Alpha-1A adrenergic receptor,B,Homo sapiens,,Bioorg Med Chem Lett,2002,Alpha-1a adrenergic receptor,Ki,nM,8.74,441.64,4.76
CHEMBL70326,660.69,CS(=O)(=O)c1cc(F)ccc1NCC1=NCCN1,Scientific Literature,Affinity to Alpha-1 adrenergic receptor determined by radioligand binding techniques from rat-1 fibroblasts membranes,B,,,J Med Chem,2002,Alpha-1a adrenergic receptor,Ki,nM,6.18,271.32,0.64
CHEMBL4167693,1000.0,COc1cc2nc(N3CCC[C@@H](NC(=O)[C@@H]4COc5ccccc5O4)C3)nc(N)c2cc1OC,Scientific Literature,Displacement of [3H]prazosin from human alpha1A adrenoceptor expressed in CHO cell membranes after 30 mins,B,Homo sapiens,,Eur J Med Chem,2017,Alpha-1a adrenergic receptor,Ki,nM,,465.51,2.15
CHEMBL68604,0.88,CC(C)Oc1ccccc1N1CCN(CC(O)CNC(=O)c2ccc3c(c2)C(=O)N(c2ccc(O)cc2)C3=O)CC1,Scientific Literature,Binding affinity towards cloned human alpha-1A adrenergic receptor was determined using [125]-HEAT as radioligand,B,,,J Med Chem,2000,Alpha-1a adrenergic receptor,Ki,nM,9.06,558.64,2.89
CHEMBL76867,9.0,CC(C)Oc1ccccc1N1CCN(Cc2cc(CN3CCCCC3=O)nn2C)CC1,Scientific Literature,Compound was evaluated for its binding affinity to COS cell membrane expressing the human Alpha-1A adrenergic receptor,B,,,Bioorg Med Chem Lett,2000,Alpha-1a adrenergic receptor,Ki,nM,8.05,425.58,3.04
CHEMBL142743,0.1,COC(=O)C1=C(C)NC(=O)N(C(=O)NCCCN2CCC(C(=O)OC)(c3ccccc3)CC2)C1c1ccc2nonc2c1,Scientific Literature,In vitro binding affinity against Alpha-1A adrenergic receptor of human liver microsomes.,B,,Liver,J Med Chem,1999,Alpha-1a adrenergic receptor,Ki,nM,10.0,590.64,3.04
CHEMBL101610,0.69,Cc1noc(C)c1S(=O)(=O)Nc1ccc2c(c1)C(=O)CC1(CCN(CCc3cccc4ccccc34)CC1)O2,Scientific Literature,Ability to displace [125I]HEAT from cloned human Alpha-1A adrenergic receptor stably expressed in CHO cells,B,,,Bioorg Med Chem Lett,1999,Alpha-1a adrenergic receptor,Ki,nM,9.16,545.66,5.29
CHEMBL3739932,125.89,O=C(O)C(=O)O.c1ccc(OCCNC[C@H]2COC(c3ccccc3)(c3ccccc3)O2)cc1,Scientific Literature,Displacement of [3H]prazosin from human recombinant alpha1A adrenoceptor expressed in CHO cell membrane after 30 mins by liquid scintillation counting,B,Homo sapiens,,Medchemcomm,2015,Alpha-1a adrenergic receptor,Ki,nM,6.9,465.5,3.97
CHEMBL68045,22.0,COc1ccccc1N1CCN(CC(O)CNC(=O)c2ccc3c(c2)C(=O)N(c2cccc(F)c2)C3=O)CC1,Scientific Literature,Binding affinity towards cloned human alpha-1A adrenergic receptor was determined using [125]-HEAT as radioligand,B,,,J Med Chem,2000,Alpha-1a adrenergic receptor,Ki,nM,7.66,532.57,2.55
CHEMBL359433,12.0,COC(=O)C1=C(C)NC(=O)N(C(=O)NCCCN2CCN(c3cccc([N+](=O)[O-])c3)CC2)C1c1ccc(F)c(F)c1,Scientific Literature,In vitro binding affinity against Alpha-1A adrenergic receptor of human liver microsomes.,B,,Liver,J Med Chem,1999,Alpha-1a adrenergic receptor,Ki,nM,7.92,572.57,3.31
CHEMBL311890,0.12,O=C1c2ccccc2S(=O)(=O)N1CCCCN1CCC(n2c(=O)oc3ccccc32)CC1,Scientific Literature,Ability to displace beta ([125I]-iodo-4-hydroxyphenyl)-ethylamino methyl tetralone from human cloned Alpha-1a adrenergic receptor stably expressed in Chinese Hamster Ovary (CHO) cells,B,Homo sapiens,,Bioorg Med Chem Lett,1998,Alpha-1a adrenergic receptor,Ki,nM,9.92,455.54,2.86
CHEMBL3911497,1000.0,COc1cccc(OC)c1OCCNCC1COC2(CCCCC2)O1,Scientific Literature,Displacement of [3H]prazosin from recombinant human alpha1a adrenergic receptor expressed in CHO cell membranes after 30 mins by TopCount liquid scintillation counting method,B,Homo sapiens,,Eur J Med Chem,2017,Alpha-1a adrenergic receptor,Ki,nM,,351.44,2.75
CHEMBL83272,0.084,O=C1c2ccccc2S(=O)(=O)N1CCCCN1CCC(n2c(=O)oc3cc(F)ccc32)CC1,Scientific Literature,Ability to displace beta ([125I]-iodo-4-hydroxyphenyl)-ethylamino methyl tetralone from human cloned Alpha-1a adrenergic receptor stably expressed in Chinese Hamster Ovary (CHO) cells,B,Homo sapiens,,Bioorg Med Chem Lett,1998,Alpha-1a adrenergic receptor,Ki,nM,10.08,473.53,3.0
CHEMBL4465749,1000.0,COc1ccccc1OCCNC[C@H]1OCCO[C@H]1c1ccccc1,Scientific Literature,Displacement of [3H]Prazosin from human recombinant alpha 1A adrenergic receptor expressed in CHO cells incubated for 30 mins by radioligand competition binding assay,B,Homo sapiens,,Eur J Med Chem,2019,Alpha-1a adrenergic receptor,Ki,nM,,343.42,2.82
CHEMBL3739897,30.2,O=C(O)C(=O)O.c1ccc(OCCNC[C@@H]2COC(c3ccccc3)(c3ccccc3)O2)cc1,Scientific Literature,Displacement of [3H]prazosin from human recombinant alpha1A adrenoceptor expressed in CHO cell membrane after 30 mins by liquid scintillation counting,B,Homo sapiens,,Medchemcomm,2015,Alpha-1a adrenergic receptor,Ki,nM,7.52,465.5,3.97
CHEMBL70918,7300.0,Cc1ccc(CC2(O)CCN(C[C@H](O)Cc3ccc(O)cc3)CC2)cc1,Scientific Literature,In vitro binding affinity towards Alpha-1 adrenergic receptor by displacing [3H]prazosin radioligand,B,,,Bioorg Med Chem Lett,2001,Alpha-1a adrenergic receptor,Ki,nM,5.14,355.48,2.67
CHEMBL2112853,31.62,COc1cc2nc3c(c(N)c2cc1OC)CCC(CNC(=O)c1cccc(C(F)(F)F)c1)C3.Cl,Scientific Literature,Binding affinity measured in CHO cells expressing human cloned Alpha-1A adrenergic receptor expressed as pKi,B,Homo sapiens,,J Med Chem,2003,Alpha-1a adrenergic receptor,Ki,nM,7.5,495.93,4.39
CHEMBL347522,27.0,CC(=O)C1(c2ccccc2)CCN(CCCNC(=O)C2=C(C)NC(C)=C(C(N)=O)C2c2ccc([N+](=O)[O-])cc2)CC1,Scientific Literature,Binding affinity was determined for the alpha-1A adrenergic receptor,B,,,J Med Chem,1998,Alpha-1a adrenergic receptor,Ki,nM,7.57,559.67,3.44
CHEMBL347559,2.88,CC1=C(C(N)=O)C(c2ccc([N+](=O)[O-])cc2)C(C(=O)NCCCN2CCC(C#N)(c3ccccc3)CC2)=C(C)N1,Scientific Literature,Binding affinity was determined for the alpha-1A adrenergic receptor,B,,,J Med Chem,1998,Alpha-1a adrenergic receptor,Ki,nM,8.54,542.64,3.38
CHEMBL4083252,49.0,COc1ccccc1N1CCN(CCCSc2nnc(-c3ccccc3)n2C)CC1,Scientific Literature,Displacement of [3H]-prazosin from recombinant human alpha1A adrenergic receptor measured after 90 mins by microbeta scintillation counting method,A,Homo sapiens,,J Med Chem,2019,Alpha-1a adrenergic receptor,Ki,nM,7.31,423.59,3.8
CHEMBL4473623,169.82,O=C(O)C(=O)O.c1ccc(OCCNCC[C@@H]2CO[C@H](C(c3ccccc3)c3ccccc3)O2)cc1,Scientific Literature,Displacement of [3H] prazosin from human cloned adrenoceptor alpha 1A expressed in CHO cell membrane incubated for 30 mins by liquid scintillation counting,B,Homo sapiens,,Eur J Med Chem,2019,Alpha-1a adrenergic receptor,Ki,nM,6.77,493.56,4.62
CHEMBL4439658,83.18,COc1ccccc1OCCNCC(CO)OC(c1ccccc1)c1ccccc1.O=C(O)C(=O)O,Scientific Literature,Displacement of [3H] prazosin from human cloned adrenoceptor alpha 1A expressed in CHO cell membrane incubated for 30 mins by liquid scintillation counting,B,Homo sapiens,,Eur J Med Chem,2019,Alpha-1a adrenergic receptor,Ki,nM,7.08,497.54,3.83
CHEMBL2220978,3.467,COc1ccccc1N1CCN(CCc2ccc3c(c2)OCO3)CC1,Scientific Literature,Displacement of [3H]prazosin from human alpha1A-adrenoceptor expressed in CHO cell membranes measured after 30 mins,B,Homo sapiens,,Eur J Med Chem,2016,Alpha-1a adrenergic receptor,Ki,nM,8.46,340.42,2.79
CHEMBL3976144,2.239,COc1ccc(CCN2CCN(c3ccccc3OC(C)C)CC2)cc1,Scientific Literature,Displacement of [3H]prazosin from human alpha1A-adrenoceptor expressed in CHO cell membranes measured after 30 mins,B,Homo sapiens,,Eur J Med Chem,2016,Alpha-1a adrenergic receptor,Ki,nM,8.65,354.49,3.85
CHEMBL4576555,1348.96,CN1CCN(C(=O)C(C)(C)c2ccc(C(=O)Nc3cn4cc(-c5cc(C(C)(C)C)cc(C(C)(C)C)c5)ccc4n3)cc2)CC1,SGC Frankfurt - Donated Chemical Probes,GPCRScan assay: inhibition of Alpha1A,B,Homo sapiens,,,2021,Alpha-1a adrenergic receptor,Ki,nM,5.87,593.82,6.9
CHEMBL1946782,1000.0,COc1ccccc1OCCNCC1CCC(c2ccccc2)(c2ccccc2)C1=O.O=C(O)C(=O)O,Scientific Literature,Displacement of [3H]prazosin from human recombinant alpha1A adrenoceptor expressed in CHO cells after 30 mins by liquid scintillation counting,B,Homo sapiens,,J Med Chem,2012,Alpha-1a adrenergic receptor,Ki,nM,,505.57,4.63
CHEMBL1946783,39.81,COc1ccccc1N1CCN(CC2CCC(c3ccccc3)(c3ccccc3)C2=O)CC1.O=C(O)C(=O)O,Scientific Literature,Displacement of [3H]prazosin from human recombinant alpha1A adrenoceptor expressed in CHO cells after 30 mins by liquid scintillation counting,B,Homo sapiens,,J Med Chem,2012,Alpha-1a adrenergic receptor,Ki,nM,7.4,530.62,4.78
CHEMBL13647,380.19,COc1ccccc1N1CCN(CCN2C(=O)CC3(CCCC3)CC2=O)CC1,Scientific Literature,Displacement of [3H]prazosin from human recombinant alpha1A adrenoceptor expressed in CHO cells after 30 mins by liquid scintillation counting,B,Homo sapiens,,J Med Chem,2012,Alpha-1a adrenergic receptor,Ki,nM,6.42,385.51,2.53
CHEMBL281232,1500.0,NCC(O)c1cc(O)c(O)cc1F,Scientific Literature,Binding affinity against alpha-1 adrenergic receptor in guinea pig cerebral cortical membranes by displacement of [3H]- WB-4101,B,Cavia porcellus,,J Med Chem,1988,Alpha-1a adrenergic receptor,Ki,nM,5.82,187.17,0.23
CHEMBL4846866,353.6,CN1CCN(Cc2ccc(OCCCCN3CCC(c4noc5cc(F)ccc45)CC3)cc2)CC1,Scientific Literature,Binding affinity to alpha1 adrenoceptor (unknown origin),A,Homo sapiens,,Bioorg Med Chem Lett,2021,Alpha-1a adrenergic receptor,Ki,nM,6.45,480.63,4.75
CHEMBL144731,6.8,COC(=O)C1=C(C)N=C(C)N(Cc2cccc(CN3CCC(C(=O)OC)(c4ccccc4)CC3)c2)C1c1ccc(F)c(F)c1,Scientific Literature,Binding affinity against Alpha-1A adrenergic receptor (recombinant human receptor) using [3H]prazosin.,B,,,J Med Chem,1999,Alpha-1a adrenergic receptor,Ki,nM,8.17,601.69,6.09
CHEMBL301077,1.1,COC(=O)C1(c2ccccc2)CCN(CCCNC(=O)N2C(=O)NC3=C(C(=O)OC3)C2c2ccc([N+](=O)[O-])cc2)CC1,Scientific Literature,Displacement of [3H]- prazosin from human recombinant Alpha-1A adrenergic receptor,B,Homo sapiens,,Bioorg Med Chem Lett,2000,Alpha-1a adrenergic receptor,Ki,nM,8.96,577.59,2.78
CHEMBL141604,0.4,COCC1=C(C(=O)OC)C(c2ccc(F)c(F)c2)N(CCCCCN2CCC(C#N)(c3ccccc3)CC2)C(C)=N1,Scientific Literature,Binding affinity against Alpha-1A adrenergic receptor (recombinant human receptor) using [3H]prazosin.,B,,,J Med Chem,1999,Alpha-1a adrenergic receptor,Ki,nM,9.4,564.68,5.54
CHEMBL3741808,0.4074,COc1cccc(OC)c1OCCNC[C@H]1COc2ccccc2O1.O=C(O)C(=O)O,Scientific Literature,Displacement of [3H]prazosin from human recombinant alpha1A adrenoceptor expressed in CHO cell membrane after 30 mins by liquid scintillation counting,B,Homo sapiens,,Medchemcomm,2015,Alpha-1a adrenergic receptor,Ki,nM,9.39,435.43,2.51
CHEMBL341838,7.5,COCC1=C(C(=O)OC)C(c2ccc(F)c(F)c2)N(C(=O)N2CCC(N3CCC(C(=O)OC)(c4ccccc4)CC3)CC2)C(=O)N1,Scientific Literature,In vitro binding affinity against alpha-1A adrenergic receptor of human liver microsomes,B,,Liver,J Med Chem,1999,Alpha-1a adrenergic receptor,Ki,nM,8.12,640.68,3.9
CHEMBL424494,1.1,COC(=O)C1=C(C)NC(=O)N(C(=O)NCCCN2CCC3(CCc4ccccc43)CC2)C1c1ccc(F)c(F)c1,Scientific Literature,In vitro binding affinity against alpha-1A adrenergic receptor of human liver microsomes,B,,Liver,J Med Chem,1999,Alpha-1a adrenergic receptor,Ki,nM,8.96,552.62,4.56
CHEMBL88388,8.913,CC(=O)C1=C(C)NC(C)=C(C(=O)NCCCN2CCC(c3ccccc3)(c3ccccc3)CC2)C1c1ccc2c(c1)OCO2,Scientific Literature,Binding affinity determined by displacement of [3H]prazosin from alpha-1A adrenergic receptor,B,,,J Med Chem,1998,Alpha-1a adrenergic receptor,Ki,nM,8.05,591.75,5.83
CHEMBL69733,316.23,COc1ccc(CCCN2CCC(CCC(=O)c3cc(Cl)c(N)c4c3OCCO4)CC2)cc1OC,Scientific Literature,Compound was evaluated for binding affinity against Alpha-1C adrenergic receptor using radioligand binding assay,B,,,Bioorg Med Chem Lett,1995,Alpha-1a adrenergic receptor,Ki,nM,6.5,503.04,5.02
CHEMBL4165863,3494.0,O=C(OCc1ccccc1)N1CCc2ccc(N3CCN(C4CCCC4)CC3)cc2C1,Scientific Literature,Displacement of [3H]-Prazosin from human adrenergic alpha1A receptor after 90 mins by microbeta scintillation counting method,B,Homo sapiens,,Eur J Med Chem,2018,Alpha-1a adrenergic receptor,Ki,nM,5.46,419.57,4.45
CHEMBL4213993,270.0,CS(=O)(=O)c1ccccc1CNCCOc1cc(F)ccc1Cl.Cl,Scientific Literature,Displacement of 7-methoxy-[3H]-prazosin from human alpha1A-adrenoreceptor expressed in CHOK1 cell membranes after 60 mins by TopCount liquid scintillation counting method,B,Homo sapiens,,Eur J Med Chem,2017,Alpha-1a adrenergic receptor,Ki,nM,,394.3,3.05
CHEMBL149263,7.7,CCOC(=O)C1(c2ccccc2)CCN(CCCNC(=O)C2=C(C)NC(C)=C(C(N)=O)C2c2ccc3c(c2)OCO3)CC1,Scientific Literature,Binding affinity was determined for the alpha-1A adrenergic receptor,B,,,J Med Chem,1998,Alpha-1a adrenergic receptor,Ki,nM,8.11,588.71,3.24
CHEMBL228659,3.3,COc1ccc(S(=O)(=O)N[C@H]2CC[C@@H](N3CCC(c4cc(F)ccc4OC(C)C)CC3)CC2)cc1OC,Scientific Literature,Binding affinity to human cloned adrenergic alpha-1a receptor,B,Homo sapiens,,Bioorg Med Chem Lett,2007,Alpha-1a adrenergic receptor,Ki,nM,8.48,534.69,5.1
CHEMBL228607,31.0,COc1ccc(S(=O)(=O)N[C@H]2CC[C@H](N3CCC(c4ccccc4OCC(F)F)CC3)CC2)cc1OC,Scientific Literature,Binding affinity to human cloned adrenergic alpha-1a receptor,B,Homo sapiens,,Bioorg Med Chem Lett,2007,Alpha-1a adrenergic receptor,Ki,nM,7.51,538.66,4.82
CHEMBL493697,165.96,COc1cccc(OC)c1OCCNC[C@@H]1COCC(c2ccccc2)(c2ccccc2)O1,Scientific Literature,Displacement of [3H]prazosin from human recombinant alpha1A adrenergic receptor expressed in CHO cell membranes after 30 mins,B,Homo sapiens,,J Med Chem,2013,Alpha-1a adrenergic receptor,Ki,nM,6.78,449.55,4.03
CHEMBL13647,380.19,COc1ccccc1N1CCN(CCN2C(=O)CC3(CCCC3)CC2=O)CC1,Scientific Literature,Displacement of [3H]prazosin from human recombinant alpha1A adrenergic receptor expressed in CHO cell membranes after 30 mins,B,Homo sapiens,,J Med Chem,2013,Alpha-1a adrenergic receptor,Ki,nM,6.42,385.51,2.53
CHEMBL328763,0.14,COCC1=C(C(=O)NCCCN2CCC(c3ccc(F)cc3C#N)CC2)[C@@H](c2ccc(F)c(F)c2)NC(=O)N1,Scientific Literature,Evaluated for the ability to displace [125I]- HEAT from human cloned Alpha-1A adrenergic receptor stably expressed in CHO cells.,B,,,J Med Chem,2000,Alpha-1a adrenergic receptor,Ki,nM,9.85,541.57,3.62
CHEMBL355910,6.12,CCOC(=O)C1(c2ccccc2)CCN(CCCNC(=O)C2=C(C)NC(C)=C(C(=O)NC)C2c2ccc([N+](=O)[O-])cc2)CC1,Scientific Literature,Binding affinity was determined for the alpha-1A adrenergic receptor,B,,,J Med Chem,1998,Alpha-1a adrenergic receptor,Ki,nM,8.21,603.72,3.68
CHEMBL1289610,2511.89,Cc1ncccc1N1C[C@]2(CC[C@@H](c3nc4cc(OC(F)(F)F)ccc4[nH]3)CC2)OC1=O,Scientific Literature,Antagonistic activity at human alpha1A receptor expressed in rat 1 fibroblast cells assessed as inhibition of calcium level by FLIPR assay,F,Homo sapiens,,Bioorg Med Chem Lett,2010,Alpha-1a adrenergic receptor,Ki,nM,,446.43,5.22
CHEMBL1290037,2511.89,N#Cc1ccc2[nH]c([C@H]3CC[C@]4(CC3)CN(c3ccccc3)C(=O)O4)nc2c1,Scientific Literature,Antagonistic activity at human alpha1A receptor expressed in rat 1 fibroblast cells assessed as inhibition of calcium level by FLIPR assay,F,Homo sapiens,,Bioorg Med Chem Lett,2010,Alpha-1a adrenergic receptor,Ki,nM,,372.43,4.49
CHEMBL91403,0.6,CC1=C(C(=O)NCCCN2CCC(C#N)(c3ccc(F)cc3C#N)CC2)[C@@H](c2ccc(F)c(F)c2)NC(=O)N1C,Scientific Literature,Evaluated for the ability to displace [125I]- HEAT from human cloned Alpha-1A adrenergic receptor stably expressed in CHO cells.,B,,,J Med Chem,2000,Alpha-1a adrenergic receptor,Ki,nM,9.22,550.59,4.01
CHEMBL1255003,7.943,Cc1cccc(C)c1OCCNCCOc1ccccc1OCc1ccccc1,Scientific Literature,Displacement of [3H]prazosin from human adrenergic alpha1A expressed in CHO cells,B,Homo sapiens,,Bioorg Med Chem,2010,Alpha-1a adrenergic receptor,Ki,nM,8.1,391.51,4.93
CHEMBL99363,100000000000000.0,Cc1nc2c3ccccc3nc-2c(O)n1CCN1CCN2c3ccccc3OCC2C1,Scientific Literature,Binding affinity towards Alpha-1A adrenergic receptor,B,,,J Med Chem,2003,Alpha-1a adrenergic receptor,Ki,nM,,415.5,3.13
CHEMBL99994,100000000000000.0,CC(C)(C)c1ccc(N2CCN(CCn3cnc4c5ccccc5nc-4c3O)CC2)cc1,Scientific Literature,Binding affinity towards Alpha-1A adrenergic receptor,B,,,J Med Chem,2003,Alpha-1a adrenergic receptor,Ki,nM,,429.57,4.36
CHEMBL40464,3.0,CC1=C(C(=O)NCCCN2CCC(c3ccccc3C#N)CC2)[C@@H](c2ccc(F)c(F)c2)CC(=O)N1C,Scientific Literature,In vitro antagonism at Alpha-1A adrenergic receptor,F,,,Bioorg Med Chem Lett,2000,Alpha-1a adrenergic receptor,Ki,nM,8.52,506.6,4.44
CHEMBL1088072,48.98,COc1ccccc1CCCNCC1COC(c2ccccc2)(c2ccccc2)O1,Scientific Literature,Displacement of [3H]prazosin from human alpha1A adrenergic receptor expressed in CHO cells,B,Homo sapiens,,Bioorg Med Chem Lett,2010,Alpha-1a adrenergic receptor,Ki,nM,7.31,403.52,4.53
CHEMBL1082862,19.5,COc1ccccc1OCCNCC1COC(c2ccccc2)(c2ccccc2)O1,Scientific Literature,Displacement of [3H]prazosin from human alpha1A adrenergic receptor expressed in CHO cells,B,Homo sapiens,,Bioorg Med Chem Lett,2010,Alpha-1a adrenergic receptor,Ki,nM,7.71,405.49,3.98
CHEMBL13647,380.19,COc1ccccc1N1CCN(CCN2C(=O)CC3(CCCC3)CC2=O)CC1,Scientific Literature,Displacement of [3H]prazosin from human alpha1A adrenergic receptor expressed in CHO cells,B,Homo sapiens,,Bioorg Med Chem Lett,2010,Alpha-1a adrenergic receptor,Ki,nM,6.42,385.51,2.53
CHEMBL214986,11.22,COc1cccc(OC)c1OCCNC[C@@H]1COc2ccccc2O1.Cl,Scientific Literature,Displacement of [3H]prazosin from cloned human adrenergic alpha 1A receptor expressed in CHO cells,B,Homo sapiens,,J Med Chem,2006,Alpha-1a adrenergic receptor,Ki,nM,7.95,381.86,2.51
CHEMBL4092411,10000.0,CNc1nc(C#Cc2ccc(Cl)s2)nc2c1ncn2[C@@H]1O[C@H](C(=O)OC)[C@@H](O)[C@H]1O,Scientific Literature,Displacement of [3H]Prazosin from human adrenergic alpha1A receptor,B,Homo sapiens,,J Med Chem,2017,Alpha-1a adrenergic receptor,Ki,nM,,449.88,0.77
CHEMBL426317,6.75,COc1cccc(N2CCN(CCCCn3ncc(=O)n(C)c3=O)CC2)c1,Scientific Literature,Binding affinity to alpha 1A adrenergic receptor (unknown origin) assessed as inhibition constant,B,Homo sapiens,,J Med Chem,2022,Alpha-1a adrenergic receptor,Ki,nM,8.17,373.46,0.55
CHEMBL234649,1.2,CC(C)Oc1ccccc1N1CCN([C@H]2CC[C@@H](NS(=O)(=O)Cc3ccccc3)CC2)CC1,Scientific Literature,Binding affinity to human cloned adrenergic alpha-1A receptor,B,Homo sapiens,,Bioorg Med Chem Lett,2007,Alpha-1a adrenergic receptor,Ki,nM,8.92,471.67,4.03
CHEMBL234474,19.0,COc1ccc(Cl)cc1S(=O)(=O)N[C@H]1CC[C@@H](N2CCN(c3ccccc3OCC3CC3)CC2)CC1,Scientific Literature,Binding affinity to human cloned adrenergic alpha-1A receptor,B,Homo sapiens,,Bioorg Med Chem Lett,2007,Alpha-1a adrenergic receptor,Ki,nM,7.72,534.12,4.55
CHEMBL393105,0.56,CC(C)Oc1ccccc1N1CCN([C@H]2CC[C@H](NS(=O)(=O)c3cccc(Cl)c3F)CC2)CC1,Scientific Literature,Binding affinity to human cloned adrenergic alpha-1A receptor,B,Homo sapiens,,Bioorg Med Chem Lett,2007,Alpha-1a adrenergic receptor,Ki,nM,9.25,510.08,4.68
CHEMBL234231,36.0,COc1ccc(C(F)(F)F)cc1S(=O)(=O)N[C@H]1CC[C@@H](N2CCN(c3ccccc3OC(C)C)CC2)CC1,Scientific Literature,Binding affinity to human cloned adrenergic alpha-1A receptor,B,Homo sapiens,,Bioorg Med Chem Lett,2007,Alpha-1a adrenergic receptor,Ki,nM,7.44,555.66,4.91
CHEMBL234607,3.8,COc1ccc(Cl)cc1S(=O)(=O)N[C@H]1CC[C@H](N2CCN(c3ccccc3OC(C)C)CC2)CC1,Scientific Literature,Binding affinity to human cloned adrenergic alpha-1A receptor,B,Homo sapiens,,Bioorg Med Chem Lett,2007,Alpha-1a adrenergic receptor,Ki,nM,8.42,522.11,4.55
CHEMBL391530,1.6,COc1ccc(S(=O)(=O)N[C@H]2CC[C@@H](N3CCN(c4ccccc4OC(C)C)CC3)CC2)cc1OC,Scientific Literature,Binding affinity to human cloned adrenergic alpha-1A receptor,B,Homo sapiens,,Bioorg Med Chem Lett,2007,Alpha-1a adrenergic receptor,Ki,nM,8.8,517.69,3.9
CHEMBL232592,6.3,CC(C)Oc1ccccc1N1CCN([C@H]2CC[C@@H](NS(=O)(=O)c3ccccc3[N+](=O)[O-])CC2)CC1,Scientific Literature,Binding affinity to human cloned adrenergic alpha-1A receptor,B,Homo sapiens,,Bioorg Med Chem Lett,2007,Alpha-1a adrenergic receptor,Ki,nM,8.2,502.64,3.79
CHEMBL438673,1.2,COc1ccc(S(=O)(=O)N[C@H]2CC[C@@H](N3CCN(c4ccccc4OCC(F)(F)F)CC3)CC2)cc1OC,Scientific Literature,Binding affinity to human cloned adrenergic Alpha-1A receptor,B,Homo sapiens,,Bioorg Med Chem Lett,2007,Alpha-1a adrenergic receptor,Ki,nM,8.92,557.64,4.06
CHEMBL242507,23.44,COc1cc2nc(N3CCN(C(=O)c4ccc(C)o4)[C@H]4CCCC[C@H]43)nc(N)c2cc1OC,Scientific Literature,Displacement of [3H]prazosin from human adrenergic alpha-1a receptor expressed in CHO cells,B,Homo sapiens,,Bioorg Med Chem,2007,Alpha-1a adrenergic receptor,Ki,nM,7.63,451.53,3.4
CHEMBL1242725,40.74,COc1ccccc1N1CCN(C[C@@H]2CO[C@@](CN3C(=O)CCC3=O)(c3ccccc3)O2)CC1,Scientific Literature,Displacement [3H]prazosin of human recombinant alpha1A adrenergic receptor expressed in CHO cells by rapid filtration technique,B,Homo sapiens,,Eur J Med Chem,2010,Alpha-1a adrenergic receptor,Ki,nM,7.39,465.55,2.23
CHEMBL40650,0.22,COc1cccc2c1CC[C@H]1CN(CCn3c(=O)[nH]c4c(sc5cccnc54)c3=O)C[C@@H]21,Scientific Literature,Binding constant measured against Alpha-1A adrenergic receptor in human prostate; +++:highly active,B,Homo sapiens,Prostate gland,Bioorg Med Chem Lett,2005,Alpha-1a adrenergic receptor,Ki,nM,9.66,448.55,2.97
CHEMBL1223615,23.0,COc1ccccc1N1CCN(CCCCNc2ccccn2)CC1,Scientific Literature,Displacement of [3H]prazosin from human adrenergic alpha1A receptor,B,Homo sapiens,,Bioorg Med Chem Lett,2010,Alpha-1a adrenergic receptor,Ki,nM,7.64,340.47,3.1
CHEMBL309106,0.33,CC(C)Oc1ccccc1N1CCN(C[C@@H](O)CNC(=O)c2ccc3c(c2)C(=O)N(c2ccc(N(C)C)cc2)C3=O)CC1,Scientific Literature,Binding affinity towards cloned human alpha-1A adrenergic receptor was determined using [125]-HEAT as radioligand,B,,,J Med Chem,2000,Alpha-1a adrenergic receptor,Ki,nM,9.48,585.71,3.25
CHEMBL83894,194.94,O=S1(=O)c2cccc3cccc(c23)N1CCCN1CCN(c2ccc(F)cc2)CC1,EUbOPEN Chemogenomic Library,"PDSP Secondary Binding target: ADRA1A - Compounds are tested at 10 uM concentration, plate are incubated at room temperature in the dark for 90 minutes. Reaction are stopped by vacuum filtration onto 0.3% polyethyleneimine soaked filter mats using Filtermate harvester. Scintillation cocktail is then melted onto microwave-dried filters on a hot plate and the radio activity is counted in Microbia counter. Compounds showing a minimum of 50% inhibition at 10 uM concentration are carried forward in this secondary binding assay to determine equilibrium binding affinity.",B,Homo sapiens,,,2024,Alpha-1a adrenergic receptor,Ki,nM,6.71,425.53,3.7
CHEMBL69967,7300.0,Cc1ccc(CC2(O)CCN(C[C@@H](O)Cc3ccc(O)cc3)CC2)cc1,Scientific Literature,In vitro binding affinity towards Alpha-1 adrenergic receptor by displacing [3H]prazosin radioligand,B,,,Bioorg Med Chem Lett,2001,Alpha-1a adrenergic receptor,Ki,nM,5.14,355.48,2.67
CHEMBL1796037,1698.24,COc1ccccc1N1CCN(CCN2C(=O)CC(c3ccc(Cl)cc3)CC2=O)CC1,Scientific Literature,Displacement of [125I]BE-2254 from human adrenergic alpha1A receptor expressed in HEK293 cells,B,Homo sapiens,,Eur J Med Chem,2011,Alpha-1a adrenergic receptor,Ki,nM,5.77,441.96,3.4
CHEMBL1796050,9.772,COc1ccccc1N1CCN(CCCCN2C(=O)CC3(CCc4ccccc43)CC2=O)CC1,Scientific Literature,Displacement of [125I]BE-2254 from human adrenergic alpha1A receptor expressed in HEK293 cells,B,Homo sapiens,,Eur J Med Chem,2011,Alpha-1a adrenergic receptor,Ki,nM,8.01,461.61,3.63
CHEMBL3342864,60.26,COc1ccccc1N1CCN(CC2COC3(CCN(C(C)=O)CC3)O2)CC1,Scientific Literature,Displacement of [3H]prazosin from human recombinant alpha1A adrenoceptor expressed in CHO cells after 30 mins by liquid scintillation counting,B,Homo sapiens,,Eur J Med Chem,2014,Alpha-1a adrenergic receptor,Ki,nM,7.22,389.5,1.57
CHEMBL358595,0.19,CCC1=C(C(N)=O)C(c2ccc([N+](=O)[O-])cc2)N(C(=O)NCCCN2CCC(C(=O)OC)(c3ccccc3)CC2)C(=O)N1,Scientific Literature,In vitro binding affinity against Alpha-1A adrenergic receptor in isolated prostate tissue of human,B,,Prostate gland,J Med Chem,1999,Alpha-1a adrenergic receptor,Ki,nM,9.72,592.65,3.12
CHEMBL284103,3.162,CNC(=O)C1=C(C)NC(C)=C(C(=O)NCCCN2CCC(c3ccccc3)(c3ccccc3)CC2)C1c1ccc([N+](=O)[O-])cc1,Scientific Literature,Binding affinity was tested on human Alpha-1A adrenergic receptor,B,,,J Med Chem,1997,Alpha-1a adrenergic receptor,Ki,nM,8.5,607.76,5.16
CHEMBL145267,10.0,COC(=O)C1(c2ccccc2)CCN(CCCNC(=O)N2C(=O)NC(C)=C(C(=O)O)C2c2ccc([N+](=O)[O-])cc2)CC1,Scientific Literature,In vitro binding affinity against Alpha-1A adrenergic receptor of human liver microsomes.,B,,Liver,J Med Chem,1999,Alpha-1a adrenergic receptor,Ki,nM,8.0,579.61,3.33
CHEMBL145178,1.2,COC(=O)C1=C(C)N=C(C)N(CCC[C@H](C)CN2CCC(C#N)(c3ccccc3)CC2)C1c1ccc(F)c(F)c1,Scientific Literature,Binding affinity against Alpha-1A adrenergic receptor (recombinant human receptor) using [3H]prazosin.,B,,,J Med Chem,1999,Alpha-1a adrenergic receptor,Ki,nM,8.92,548.68,6.16
CHEMBL98167,793.0,O=C1CC2(CCN(CCc3ccccn3)CC2)Oc2ccccc21,Scientific Literature,Displacement of [125I]HEAT from human Alpha-1C adrenergic receptor expressed in CHO cells,B,Homo sapiens,,Bioorg Med Chem Lett,1999,Alpha-1a adrenergic receptor,Ki,nM,6.1,322.41,3.12
CHEMBL150743,4330.0,CC1=C(C(N)=O)C(c2ccc([N+](=O)[O-])cc2)C(C(=O)NCCCN2CCCCC2)=C(C)N1,Scientific Literature,Binding affinity was determined for the alpha-1A adrenergic receptor,B,,,J Med Chem,1998,Alpha-1a adrenergic receptor,Ki,nM,5.36,441.53,2.31
CHEMBL296965,28.0,N#CC1(c2ccccc2)CCN(CCCNC(=O)C(c2ccccc2)c2ccccc2)CC1,Scientific Literature,Inhibition of binding of [125I]HEAT to cloned human alpha-1A adrenergic receptor.,B,,,Bioorg Med Chem Lett,2000,Alpha-1a adrenergic receptor,Ki,nM,7.55,437.59,4.88
CHEMBL429697,0.38,COCC1=C(C(=O)OC)[C@H](c2ccc(F)c(F)c2)N(C(=O)N[C@@H]2CC[C@@H](N3CCC(c4ccccn4)CC3)C2)C(=O)N1,Scientific Literature,Displacement of [125I]HEAT from human Alpha-1A adrenergic receptor stably expressed in CHO cells,B,,,Bioorg Med Chem Lett,2000,Alpha-1a adrenergic receptor,Ki,nM,9.42,583.64,4.01
CHEMBL260994,42.0,O=C1Nc2ccccc2C1CCCCN1CCN(c2ccc(Cl)cc2)CC1,Scientific Literature,Inhibition of adrenergic alpha-1 receptor,B,,,J Med Chem,2008,Alpha-1a adrenergic receptor,Ki,nM,7.38,383.92,4.37
CHEMBL302940,0.77,COc1ccc(N2C(=O)c3ccc(C(=O)NCC(O)CN4CCN(c5ccccc5OC(C)C)CC4)cc3C2=O)cc1,Scientific Literature,Binding affinity towards cloned human alpha-1A adrenergic receptor was determined using [125]-HEAT as radioligand,B,,,J Med Chem,2000,Alpha-1a adrenergic receptor,Ki,nM,9.11,572.66,3.2
CHEMBL185271,40.0,COCC1=C(C(=O)OC)[C@H](c2ccc(F)c(F)c2)N(C(=O)NCCCN2CCC(c3cccc(NC(C)=O)c3)CC2)C(=O)N1,Scientific Literature,Displacement of [125I]HEAT from human recombinant adrenergic alpha-1A receptor,B,Homo sapiens,,J Med Chem,2007,Alpha-1a adrenergic receptor,Ki,nM,7.4,613.66,4.04
CHEMBL68565,1.47,COc1ccccc1N1C(=O)c2ccc(C(=O)NCC(O)CN3CCN(c4ccccc4OC(C)C)CC3)cc2C1=O,Scientific Literature,Binding affinity towards cloned human alpha-1A adrenergic receptor was determined using [125]-HEAT as radioligand,B,,,J Med Chem,2000,Alpha-1a adrenergic receptor,Ki,nM,8.83,572.66,3.2
CHEMBL357439,14.0,COC(=O)C1=C(C)NC(=O)N(C(=O)NCCCN2CCN(c3ccc(OC)cc3)CC2)C1c1ccc(F)c(F)c1,Scientific Literature,In vitro binding affinity against Alpha-1A adrenergic receptor of human liver microsomes.,B,,Liver,J Med Chem,1999,Alpha-1a adrenergic receptor,Ki,nM,7.85,557.6,3.41
CHEMBL269538,10000.0,COc1ccc2c(c1)[nH]c1c(C)nccc12,Scientific Literature,Binding affinity towards Alpha-1A adrenergic receptor,B,,,Bioorg Med Chem Lett,2003,Alpha-1a adrenergic receptor,Ki,nM,,212.25,3.03
CHEMBL286003,24.55,COc1ccccc1OCCNCC1COC(c2ccccc2)(c2ccccc2)O1.O=C(O)C(=O)O,Scientific Literature,Affinity constant towards human recombinant Alpha-1A adrenergic receptor using [3H]prazosin (from CHO cells) as radioligand by radioligand binding assay,B,,,J Med Chem,2003,Alpha-1a adrenergic receptor,Ki,nM,7.61,495.53,3.98
CHEMBL239080,1995.26,C[C@@H]1CCCN1CCCOc1ccc(N2CCN(C(=O)c3ccc(C#N)cc3)CC2=O)cc1.O=CO,Scientific Literature,Antagonist activity at human recombinant adrenergic alpha 1A receptor expressed in Rat1 cells assessed as inhibition of phenylephrine-induced cellular calcium mobilization,F,Homo sapiens,,J Med Chem,2007,Alpha-1a adrenergic receptor,Ki,nM,,492.58,3.3
CHEMBL81173,2.4,CS(=O)(=O)c1ccc2c(c1)S(=O)(=O)N(CCCCN1CCC(n3c(=O)oc4ccccc43)CC1)C2=O,Scientific Literature,Ability to displace beta ([125I]-iodo-4-hydroxyphenyl)-ethylaminomethyl tetralone from human cloned Alpha-1a adrenergic receptor stably expressed in COS-7 cells,B,,,Bioorg Med Chem Lett,1998,Alpha-1a adrenergic receptor,Ki,nM,8.62,533.63,2.26
CHEMBL544290,588.84,CS(=O)(=O)c1ccccc1NCC1=NCCN1.Cl,Scientific Literature,Affinity to Alpha-1 adrenergic receptor determined by radioligand binding techniques from rat-1 fibroblasts membranes,B,,,J Med Chem,2002,Alpha-1a adrenergic receptor,Ki,nM,6.23,289.79,0.5
CHEMBL70692,147.91,CSc1c(F)cccc1NCC1=NCCN1,Scientific Literature,Affinity to Alpha-1 adrenergic receptor determined by radioligand binding techniques from rat-1 fibroblasts membranes,B,,,J Med Chem,2002,Alpha-1a adrenergic receptor,Ki,nM,6.83,239.32,1.96
CHEMBL284103,3.1,CNC(=O)C1=C(C)NC(C)=C(C(=O)NCCCN2CCC(c3ccccc3)(c3ccccc3)CC2)C1c1ccc([N+](=O)[O-])cc1,Scientific Literature,Inhibition of [3H]prazosin binding to human Alpha-1A adrenergic receptor expressed in CHO cells,B,Homo sapiens,,J Med Chem,1995,Alpha-1a adrenergic receptor,Ki,nM,8.51,607.76,5.16
CHEMBL430717,10.34,COc1cc2nc(N3CCN(C(=O)COc4c(OC)cccc4C(C)C)CC3)nc(N)c2cc1OC,Scientific Literature,The binding affinity towards Alpha-1C adrenergic receptor in the COS cell line.,B,,,J Med Chem,1999,Alpha-1a adrenergic receptor,Ki,nM,7.99,495.58,3.09
CHEMBL313990,0.17,O=C1c2cc(Cl)ccc2S(=O)(=O)N1CCCCN1CCC(n2c(=O)oc3ccccc32)CC1,Scientific Literature,Compound was evaluated for its affinity for alpha 1a receptor in human prostate tissue preparations,B,,Prostate gland,Bioorg Med Chem Lett,1998,Alpha-1a adrenergic receptor,Ki,nM,9.77,489.98,3.51
CHEMBL89927,0.12,CC1=C(C(=O)NCCCN2CCC(c3ccc(F)cc3C#N)CC2)[C@@H](c2ccc(F)c(F)c2)NC(=O)N1C,Scientific Literature,Evaluated for the ability to displace [125I]- HEAT from human cloned Alpha-1A adrenergic receptor stably expressed in CHO cells.,B,,,J Med Chem,2000,Alpha-1a adrenergic receptor,Ki,nM,9.92,525.58,4.33
CHEMBL81093,8.4,CC(C)Oc1ccccc1N1CCN(Cc2cc(CN3CCCCC3=O)no2)CC1,Scientific Literature,Displacement of [125I]HEAT from human Alpha-1A adrenergic receptor,B,Homo sapiens,,Bioorg Med Chem Lett,2002,Alpha-1a adrenergic receptor,Ki,nM,8.08,412.53,3.3
CHEMBL421324,3.8,CC(C)Oc1ccccc1N1CCN(Cc2cc(CN3CCCCC3=O)on2)CC1,Scientific Literature,Compound was evaluated for its binding affinity to COS cell membrane expressing the human Alpha-1A adrenergic receptor,B,,,Bioorg Med Chem Lett,2000,Alpha-1a adrenergic receptor,Ki,nM,8.42,412.53,3.3
CHEMBL540035,43.65,CCSc1ccccc1NCC1=NCCN1.Cl,Scientific Literature,Affinity to Alpha-1 adrenergic receptor determined by radioligand binding techniques from rat-1 fibroblasts membranes,B,,,J Med Chem,2002,Alpha-1a adrenergic receptor,Ki,nM,7.36,271.82,2.21
CHEMBL70634,537.03,CS(=O)(=O)c1ccc(Cl)cc1NCC1=NCCN1,Scientific Literature,Affinity to Alpha-1 adrenergic receptor determined by radioligand binding techniques from rat-1 fibroblasts membranes,B,,,J Med Chem,2002,Alpha-1a adrenergic receptor,Ki,nM,6.27,287.77,1.16
CHEMBL145443,0.7,COC(=O)C1=C(C)NC(=O)N(C(=O)NCCCN2CCN(c3cccc(Cl)c3)CC2)C1c1ccc(F)c(F)c1,Scientific Literature,In vitro binding affinity against Alpha-1A adrenergic receptor of human liver microsomes.,B,,Liver,J Med Chem,1999,Alpha-1a adrenergic receptor,Ki,nM,9.15,562.02,4.05
CHEMBL77618,0.44,COc1ccc(Cl)cc1N1CCN(CCCNc2c(C(C)=O)c(-c3ccccc3)nn(C)c2=O)CC1,Scientific Literature,Binding affinity towards human cloned alpha-1A-adrenoceptor using [3H]prazosin as radioligand,B,,,J Med Chem,2001,Alpha-1a adrenergic receptor,Ki,nM,9.36,510.04,3.94
CHEMBL41844,3.58,COC(=O)C1(c2ccccc2)CCN(CCCNC(=O)C2=C(C)N=C(C)/C(=C(/O)OC)C2c2ccc([N+](=O)[O-])cc2)CC1,Scientific Literature,Binding affinity was determined for the alpha-1A adrenergic receptor,B,,,J Med Chem,1998,Alpha-1a adrenergic receptor,Ki,nM,8.45,590.68,4.56
CHEMBL309969,1.1,CC(C)Oc1ccccc1N1CCN(Cc2cc(CN3CCCC3=O)no2)CC1,Scientific Literature,Displacement of [125I]HEAT from human Alpha-1A adrenergic receptor,B,Homo sapiens,,Bioorg Med Chem Lett,2002,Alpha-1a adrenergic receptor,Ki,nM,8.96,398.51,2.91
CHEMBL301078,1.1,COc1ccccc1N1CCN(CCNc2ccc3c4c(=O)n(C)nc(Cl)c4cn3n2)CC1,Scientific Literature,The compound was tested for binding affinity on [3H]- prazosin as specific ligand on Human cloned alpha-1A adrenergic receptor expressed in CHO cells,B,,,J Med Chem,1999,Alpha-1a adrenergic receptor,Ki,nM,8.96,467.96,2.48
CHEMBL151878,2.19,CCOC(=O)C1(c2ccccc2)CCN(CCCNC(=O)C2=C(C)NC(C)=C(C(N)=O)C2c2ccc([N+](=O)[O-])cc2)CC1,Scientific Literature,Binding affinity was determined for the alpha-1A adrenergic receptor,B,,,J Med Chem,1998,Alpha-1a adrenergic receptor,Ki,nM,8.66,589.69,3.42
CHEMBL147077,3.94,CNC(=O)C1=C(C)NC(C)=C(C(=O)NCCCN2CCC(C(=O)OC)(c3ccccc3)CC2)C1c1ccc([N+](=O)[O-])cc1,Scientific Literature,Binding affinity was determined for the alpha-1A adrenergic receptor,B,,,J Med Chem,1998,Alpha-1a adrenergic receptor,Ki,nM,8.4,589.69,3.29
CHEMBL218203,29.9,O=C(NCCCCN1CCN(c2ccccc2Cl)CC1)c1ccc2ccccc2c1,Scientific Literature,Displacement of [3H]-prazosin from human ADRA1A receptor,B,Homo sapiens,,Bioorg Med Chem Lett,2016,Alpha-1a adrenergic receptor,Ki,nM,7.52,421.97,4.83
CHEMBL358406,5.98,CC1=C(C(N)=O)C(c2ccc([N+](=O)[O-])cc2)C(C(=O)NCCCN2CCC(C(=O)Oc3ccccc3)(c3ccccc3)CC2)=C(C)N1,Scientific Literature,Binding affinity was determined for the alpha-1A adrenergic receptor,B,,,J Med Chem,1998,Alpha-1a adrenergic receptor,Ki,nM,8.22,637.74,4.46
CHEMBL242723,25.7,COc1cc2nc(N3CCN(C(=O)c4ccc(C(C)=O)o4)[C@H]4CCCC[C@H]43)nc(N)c2cc1OC,Scientific Literature,Displacement of [3H]prazosin from human adrenergic alpha-1a receptor expressed in CHO cells,B,Homo sapiens,,Bioorg Med Chem,2007,Alpha-1a adrenergic receptor,Ki,nM,7.59,479.54,3.3
CHEMBL5272464,10.0,CCCNC(=O)CCCN1CCC[C@@H]1Cn1nc(Cc2ccc(Cl)cc2)c2ccccc2c1=O.Cl,Scientific Literature,Antagonist activity against recombinant human adrenergic alpha1A receptor expressed in Rat1 cells incubated for 30 mins by FLIPR analysis,B,Homo sapiens,,ACS Med Chem Lett,2017,Alpha-1a adrenergic receptor,Ki,nM,8.0,517.5,4.41
CHEMBL589390,414.33,Cc1ccc2c(c1)c1c(n2CCc2ccc(C)nc2)CCN(C)C1,EUbOPEN Chemogenomic Library,"PDSP Secondary Binding target: ADRA1A - Compounds are tested at 10 uM concentration, plate are incubated at room temperature in the dark for 90 minutes. Reaction are stopped by vacuum filtration onto 0.3% polyethyleneimine soaked filter mats using Filtermate harvester. Scintillation cocktail is then melted onto microwave-dried filters on a hot plate and the radio activity is counted in Microbia counter. Compounds showing a minimum of 50% inhibition at 10 uM concentration are carried forward in this secondary binding assay to determine equilibrium binding affinity.",B,Homo sapiens,,,2024,Alpha-1a adrenergic receptor,Ki,nM,6.38,319.45,3.88
CHEMBL43491,0.2,CC1=C(C(=O)NCCCN2CCC(c3ccc(F)cc3C#N)CC2)[C@@H](c2ccc(F)c(F)c2)CC(=O)N1,Scientific Literature,In vitro antagonism at Alpha-1A adrenergic receptor,F,,,Bioorg Med Chem Lett,2000,Alpha-1a adrenergic receptor,Ki,nM,9.7,510.56,4.24
CHEMBL142929,0.1,COCC1=C(C(=O)OC)C(c2ccc(F)c(F)c2)N(C(=O)NCCCN2CCC(C#N)(c3ccccc3)CC2)C(=O)N1,Scientific Literature,In vitro binding affinity against alpha-1A adrenergic receptor of human liver microsomes,B,,Liver,J Med Chem,1999,Alpha-1a adrenergic receptor,Ki,nM,10.0,581.62,3.76
CHEMBL144925,0.2,CCC1=C(C(N)=O)C(c2ccc(F)cc2F)N(C(=O)NCCCN2CCC(C(=O)OC)(c3ccccc3)CC2)C(=O)N1,Scientific Literature,In vitro binding affinity against alpha-1A adrenergic receptor of human liver microsomes,B,,Liver,J Med Chem,1999,Alpha-1a adrenergic receptor,Ki,nM,9.7,583.64,3.49
CHEMBL142718,1.3,CCC1=C(C(N)=O)C(c2ccc(F)cc2F)N(C(=O)NCCCN2CCN(c3ccccc3C(N)=O)CC2)C(=O)N1,Scientific Literature,In vitro binding affinity against Alpha-1A adrenergic receptor of human liver microsomes.,B,,Liver,J Med Chem,1999,Alpha-1a adrenergic receptor,Ki,nM,8.89,569.61,2.2
CHEMBL1289936,1258.93,O=C1O[C@]2(CC[C@H](c3nc4cc(C(F)(F)F)ccc4[nH]3)CC2)CN1c1ccccn1,Scientific Literature,Antagonistic activity at human alpha1A receptor expressed in rat 1 fibroblast cells assessed as inhibition of calcium level by FLIPR assay,F,Homo sapiens,,Bioorg Med Chem Lett,2010,Alpha-1a adrenergic receptor,Ki,nM,5.9,416.4,5.03
CHEMBL1289268,794.33,O=C1O[C@]2(CC[C@H](c3nc4cc(OC(F)(F)F)ccc4[nH]3)CC2)CN1c1ccccc1F,Scientific Literature,Antagonistic activity at human alpha1A receptor expressed in rat 1 fibroblast cells assessed as inhibition of calcium level by FLIPR assay,F,Homo sapiens,,Bioorg Med Chem Lett,2010,Alpha-1a adrenergic receptor,Ki,nM,6.1,449.4,5.65
CHEMBL135973,36.31,O[C@@H]1[C@H](NC[C@H]2COc3ccccc3O2)CC[C@H]1Oc1ccccc1,Scientific Literature,Displacement of [3H]prazosin from human cloned Alpha-1A adrenergic receptor,B,Homo sapiens,,J Med Chem,1999,Alpha-1a adrenergic receptor,Ki,nM,7.44,341.41,2.39
CHEMBL82267,0.51,CCOC(=O)[C@@H]1CN(CCCCN2C(=O)c3cc(Cl)ccc3S2(=O)=O)CC[C@@H]1c1ccccc1,Scientific Literature,Binding affinity against human Alpha-1a adrenergic receptor was evaluated by cloned receptor binding assay,B,,,Bioorg Med Chem Lett,1998,Alpha-1a adrenergic receptor,Ki,nM,9.29,505.04,3.93
CHEMBL81728,40.0,O=C(NCCN1CCN(c2cccc3c2OCCO3)CC1)c1ccc(F)cc1,Scientific Literature,Binding affinity to human alpha 1A adrenergic receptor expressed in CHO cells assessed as inhibition constant,B,Homo sapiens,,J Med Chem,2022,Alpha-1a adrenergic receptor,Ki,nM,7.4,385.44,2.15
CHEMBL142236,0.1,COCC1=C(C(=O)OC)C(c2ccc(F)c(F)c2)N(C(=O)NCCCN2CCN(c3ccccc3C(N)=O)CC2)C(=O)N1,Scientific Literature,In vitro binding affinity against Alpha-1A adrenergic receptor of human liver microsomes.,B,,Liver,J Med Chem,1999,Alpha-1a adrenergic receptor,Ki,nM,10.0,600.62,2.13
CHEMBL90420,0.18,CC1=C(C(=O)NCCCN2CCC(c3ccc(F)cc3)CC2)[C@@H](c2ccc(F)c(F)c2)N(C)C(=O)N1C,Scientific Literature,Ability to displace [125I]- HEAT from human cloned Alpha-1A adrenergic receptor stably expressed in CHO cells.,B,,,J Med Chem,2000,Alpha-1a adrenergic receptor,Ki,nM,9.74,514.59,4.8
CHEMBL2413153,21.4,Cn1c(=O)cnn(CCCCN2CCN(c3ccccc3OCCF)CC2)c1=O,Scientific Literature,Binding affinity to adrenergic alpha1A receptor (unknown origin),B,Homo sapiens,,Bioorg Med Chem,2013,Alpha-1a adrenergic receptor,Ki,nM,7.67,405.47,0.89
CHEMBL70563,457.09,CS(=O)(=O)c1cc(Cl)ccc1NCC1=NCCN1,Scientific Literature,Affinity to Alpha-1 adrenergic receptor determined by radioligand binding techniques from rat-1 fibroblasts membranes,B,,,J Med Chem,2002,Alpha-1a adrenergic receptor,Ki,nM,6.34,287.77,1.16
CHEMBL53675,0.7943,CCc1c[nH]c(=O)n(CCCN2CCN(c3ccc(F)cc3OCC(F)(F)F)CC2)c1=O,Scientific Literature,Inhibition of [3H]prazosin binding to CHO-K1 whole cells expressing human cloned Alpha-1A adrenergic receptor,B,,,Bioorg Med Chem Lett,2003,Alpha-1a adrenergic receptor,Ki,nM,9.1,458.46,2.39
CHEMBL3342870,5.248,COc1ccccc1N1CCN(CC2COC3(CCN(S(=O)(=O)c4ccc([N+](=O)[O-])cc4)CC3)O2)CC1,Scientific Literature,Displacement of [3H]prazosin from human recombinant alpha1A adrenoceptor expressed in CHO cells after 30 mins by liquid scintillation counting,B,Homo sapiens,,Eur J Med Chem,2014,Alpha-1a adrenergic receptor,Ki,nM,8.28,532.62,2.32
CHEMBL55695,0.1585,Cc1c[nH]c(=O)n(CCCCN2CCN(c3ccc(F)cc3OCC(F)(F)F)CC2)c1=O,Scientific Literature,Inhibition of [3H]prazosin binding to CHO-K1 whole cells expressing human cloned Alpha-1A adrenergic receptor,B,,,Bioorg Med Chem Lett,2003,Alpha-1a adrenergic receptor,Ki,nM,9.8,458.46,2.53
CHEMBL3343982,112.2,Cc1ccc2c(NCCCCCCCNc3ccnc4cc(C)ccc34)ccnc2c1,Scientific Literature,Displacement of [3H]-prazosin from human alpha1A adrenergic receptor transfected in COS1 cells,B,Homo sapiens,,Bioorg Med Chem,2014,Alpha-1a adrenergic receptor,Ki,nM,6.95,412.58,6.87
CHEMBL238401,23.0,CCN([C@H]1CC[C@H](N2CCN(c3ccccc3OC(C)C)CC2)CC1)S(=O)(=O)c1ccc(OC)c(OC)c1,Scientific Literature,Binding affinity to human cloned adrenergic Alpha-1A receptor,B,Homo sapiens,,Bioorg Med Chem Lett,2007,Alpha-1a adrenergic receptor,Ki,nM,7.64,545.75,4.64
CHEMBL180561,1.862,CC1=C(C(N)=O)C(c2ccc([N+](=O)[O-])cc2)C(C(=O)NCCCCN2CCC(c3ccccc3)(c3ccccc3)CC2)=C(C)N1,Scientific Literature,Binding affinity was tested on human Alpha-1A adrenergic receptor,B,,,J Med Chem,1997,Alpha-1a adrenergic receptor,Ki,nM,8.73,607.76,5.29
CHEMBL25467,25.12,C=Cc1sc2ccc(Cl)c3c2c1CN(C)CC3,Scientific Literature,Binding affinity was tested on human Alpha-1A adrenergic receptor,B,,,J Med Chem,1997,Alpha-1a adrenergic receptor,Ki,nM,7.6,263.79,4.19
CHEMBL709,10.0,COc1cc2nc(N(C)CCCNC(=O)C3CCCO3)nc(N)c2cc1OC,Scientific Literature,Binding affinity was tested on human Alpha-1A adrenergic receptor,B,,,J Med Chem,1997,Alpha-1a adrenergic receptor,Ki,nM,8.0,389.46,1.35
CHEMBL144938,0.2,COC(=O)C1=C(C)NC(=O)N(CC(=O)NCCN2CCC(C(=O)OC)(c3ccccc3)CC2)C1c1ccc(F)c(F)c1,Scientific Literature,In vitro binding affinity against alpha-1A adrenergic receptor of human liver microsomes,B,,Liver,J Med Chem,1999,Alpha-1a adrenergic receptor,Ki,nM,9.7,584.62,2.8
CHEMBL194849,26.8,Cc1ccc(N(NC2=NCCN2)c2cccc(O)c2)cc1,Scientific Literature,Binding affinity towards alpha-1A adrenergic receptor expressed in human embryonic kidney (HEK293) cells,B,Homo sapiens,,Bioorg Med Chem Lett,2005,Alpha-1a adrenergic receptor,Ki,nM,7.57,282.35,2.3
CHEMBL3298018,6.918,COc1ccccc1N1CCN(CCn2c(=O)[nH]c3c(sc4ccc(NC(=O)CCCN(C)Cc5ccccc5)cc43)c2=O)CC1,Scientific Literature,Displacement of [125I]BE2254 from human alpha1a receptor expressed in HEK293 cells,B,Homo sapiens,,Eur J Med Chem,2014,Alpha-1a adrenergic receptor,Ki,nM,8.16,640.81,4.59
CHEMBL141322,13.0,COC(=O)C1=C(C)N=C(C)N(CCCCCN2CCC(C(=O)OC)(c3ccccc3)CC2)C1c1ccc(F)c(F)c1,Scientific Literature,Binding affinity against Alpha-1A adrenergic receptor (recombinant human receptor) using [3H]prazosin.,B,,,J Med Chem,1999,Alpha-1a adrenergic receptor,Ki,nM,7.89,567.68,5.56
CHEMBL98063,3.3,CCC1=C(C(N)=O)C(c2ccc([N+](=O)[O-])cc2)C(C(=O)NCCCN2CCC(c3ccccc3)(c3ccccc3)CC2)=C(COCCN=[N+]=[N-])N1,Scientific Literature,Binding affinity against human Alpha-1A adrenergic receptor,B,,,Bioorg Med Chem Lett,1999,Alpha-1a adrenergic receptor,Ki,nM,8.48,692.82,5.6
CHEMBL95104,218.78,O=S(=O)(c1ccc2cc[nH]c2c1)N1CCC[C@@H]1CCN1CCC(Oc2ccc(Cl)cc2)CC1,Scientific Literature,Compound was tested for its binding affinity for Alpha 1B adrenergic receptor,B,,,Bioorg Med Chem Lett,2002,Alpha-1a adrenergic receptor,Ki,nM,6.66,488.05,4.91
CHEMBL549764,81.28,COc1cc2nc(N3CCN(C(=O)C4COc5ccccc5O4)[C@H]4CCCC[C@@H]43)nc(N)c2cc1OC,Scientific Literature,Displacement of [3H]prazosin from human alpha1A adrenoceptor expressed in CHO cells,B,Homo sapiens,,J Med Chem,2009,Alpha-1a adrenergic receptor,Ki,nM,7.09,505.58,3.03
CHEMBL19826,1700.0,COc1cc2nc(N3CCN(C(=O)c4ccco4)[C@H](C(=O)NC(C)(C)C)C3)nc(N)c2cc1OC,Scientific Literature,Compound was tested for binding affinity utilizing cloned receptor binding assays by using [125 I]HEAT as radioligand to the human Alpha-1A adrenergic receptor,B,,,J Med Chem,1998,Alpha-1a adrenergic receptor,Ki,nM,5.77,482.54,2.07
CHEMBL3758991,5.0,COc1ccccc1N1CCN(CCCCNC(=O)Nc2cccc(Cl)c2)CC1,Scientific Literature,Displacement of [3H]-prazosin from human ADRA1A receptor,B,Homo sapiens,,Bioorg Med Chem Lett,2016,Alpha-1a adrenergic receptor,Ki,nM,8.3,416.95,4.07
CHEMBL3759865,19.0,O=C(NCCCCN1CCN(c2cccc3[nH]ccc23)CC1)c1ccc2ccccc2c1,Scientific Literature,Displacement of [3H]-prazosin from human ADRA1A receptor,B,Homo sapiens,,Bioorg Med Chem Lett,2016,Alpha-1a adrenergic receptor,Ki,nM,7.72,426.56,4.65
CHEMBL44042,3.2,CC1=C(C(=O)NCCCN2CCC(C#N)(c3ccccc3C#N)CC2)[C@@H](c2ccc(F)c(F)c2)CC(=O)N1,Scientific Literature,In vitro antagonism at Alpha-1A adrenergic receptor,F,,,Bioorg Med Chem Lett,2000,Alpha-1a adrenergic receptor,Ki,nM,8.49,517.58,3.78
CHEMBL232609,14.4,CC(C)Oc1ccccc1N1CCN([C@H]2CC[C@@H](NS(=O)(=O)c3cnc(Cl)c(Br)c3)CC2)CC1,Scientific Literature,Binding affinity to human cloned adrenergic alpha-1A receptor,B,Homo sapiens,,Bioorg Med Chem Lett,2007,Alpha-1a adrenergic receptor,Ki,nM,7.84,571.97,4.7
CHEMBL234874,5.6,CC(C)Oc1ccccc1N1CCN([C@H]2CC[C@@H](NS(=O)(=O)c3ccc(F)cc3)CC2)CC1,Scientific Literature,Binding affinity to human cloned adrenergic alpha-1A receptor,B,Homo sapiens,,Bioorg Med Chem Lett,2007,Alpha-1a adrenergic receptor,Ki,nM,8.25,475.63,4.02
CHEMBL232593,1.0,CC(C)Oc1ccccc1N1CCN([C@H]2CC[C@H](NS(=O)(=O)c3ccccc3[N+](=O)[O-])CC2)CC1,Scientific Literature,Binding affinity to human cloned adrenergic alpha-1A receptor,B,Homo sapiens,,Bioorg Med Chem Lett,2007,Alpha-1a adrenergic receptor,Ki,nM,9.0,502.64,3.79
CHEMBL1169493,3.0,CCOC(=O)C1CN(CCCCN2C(=O)c3cc(Cl)ccc3S2(=O)=O)CCC1c1ccccc1,Scientific Literature,Binding affinity against human Alpha-1a adrenergic receptor was evaluated by cloned receptor binding assay,B,,,Bioorg Med Chem Lett,1998,Alpha-1a adrenergic receptor,Ki,nM,8.52,505.04,3.93
CHEMBL301650,19.95,O=c1[nH]cc(C(F)(F)F)c(=O)n1CCCN1CCN(c2ccccc2OCC(F)(F)F)CC1,Scientific Literature,Inhibition of [3H]prazosin binding to CHO-K1 whole cells expressing human cloned Alpha-1A adrenergic receptor,B,,,Bioorg Med Chem Lett,2003,Alpha-1a adrenergic receptor,Ki,nM,7.7,480.41,2.71
CHEMBL292189,0.03981,Cc1[nH]c(=O)n(CCCN2CCN(c3ccccc3OCC(F)(F)F)CC2)c(=O)c1C,Scientific Literature,Inhibition of [3H]prazosin binding to CHO-K1 whole cells expressing human cloned Alpha-1A adrenergic receptor,B,,,Bioorg Med Chem Lett,2003,Alpha-1a adrenergic receptor,Ki,nM,10.4,440.47,2.31
CHEMBL145338,0.2,COC(=O)C1=C(C)NC(=O)N(C(=O)NCCCN2CCN(c3ccccc3C(=O)OC)CC2)C1c1ccc(F)c(F)c1,Scientific Literature,In vitro binding affinity against Alpha-1A adrenergic receptor of human liver microsomes.,B,,Liver,J Med Chem,1999,Alpha-1a adrenergic receptor,Ki,nM,9.7,585.61,3.19
CHEMBL243694,0.2,CC(C)Oc1ccccc1N1CCN(C2CCC(N3C(=O)c4cccc(F)c4C3=O)CC2)CC1,Scientific Literature,Displacement of [125]HEAT from human adrenergic alpha-1a receptor expressed in CHO cells,B,Homo sapiens,,Bioorg Med Chem Lett,2007,Alpha-1a adrenergic receptor,Ki,nM,9.7,465.57,4.34
CHEMBL239299,1995.26,C[C@@H]1CCCN1CCCOc1ccc(N2CCN(C(=O)c3ccc(F)cc3F)CC2=O)cc1.O=CO,Scientific Literature,Antagonist activity at human recombinant adrenergic alpha 1A receptor expressed in Rat1 cells assessed as inhibition of phenylephrine-induced cellular calcium mobilization,F,Homo sapiens,,J Med Chem,2007,Alpha-1a adrenergic receptor,Ki,nM,,503.55,3.71
CHEMBL329143,0.91,O=C1NC=C(C(=O)NCCCN2CCC(O)(c3ccc(F)cc3)CC2)[C@@H](c2ccc(F)c(F)c2)N1,Scientific Literature,Evaluated for the ability to displace [125I]- HEAT from human cloned Alpha-1A adrenergic receptor stably expressed in CHO cells.,B,,,J Med Chem,2000,Alpha-1a adrenergic receptor,Ki,nM,9.04,488.51,2.83
CHEMBL90606,0.14,CC1=C(C(=O)NCCCN2CCC(c3ccc(F)cc3)CC2)[C@@H](c2ccc(F)c(F)c2)N(C)C(=O)N1,Scientific Literature,Evaluated for the ability to displace [125I]- HEAT from human cloned Alpha-1A adrenergic receptor stably expressed in CHO cells.,B,,,J Med Chem,2000,Alpha-1a adrenergic receptor,Ki,nM,9.85,500.57,4.46
CHEMBL420959,2.99,COc1ccc(Cl)cc1N1CCN(CCCCNc2c(C(C)=O)c(C)nn(C)c2=O)CC1,Scientific Literature,Binding affinity towards human cloned alpha-1A-adrenoceptor using [3H]prazosin as radioligand,B,,,J Med Chem,2001,Alpha-1a adrenergic receptor,Ki,nM,8.52,461.99,2.97
CHEMBL4125846,16.98,COc1cc2nc(N3CCN(C(=O)Cc4ccc5ccccc5c4)[C@H]4CCCC[C@H]43)nc(N)c2cc1OC,Scientific Literature,Displacement of [3H]prazosin from human alpha1A adrenergic receptor expressed in CHO cell membranes after 30 mins by rapid filtration method,B,Homo sapiens,,Bioorg Med Chem,2018,Alpha-1a adrenergic receptor,Ki,nM,7.77,511.63,4.58
CHEMBL1796048,3388.44,COc1ccccc1N1CCN(CCN2C(=O)CC3(CCc4ccccc43)CC2=O)CC1,Scientific Literature,Displacement of [125I]BE-2254 from human adrenergic alpha1A receptor expressed in HEK293 cells,B,Homo sapiens,,Eur J Med Chem,2011,Alpha-1a adrenergic receptor,Ki,nM,5.47,433.55,2.85
CHEMBL42053,42.0,CC1=C(C(=O)NCC(C)CN2CCC(C#N)(c3ccccn3)CC2)[C@@H](c2ccc(F)c(F)c2)CC(=O)N1,Scientific Literature,In vitro antagonism at Alpha-1A adrenergic receptor,F,,,Bioorg Med Chem Lett,2000,Alpha-1a adrenergic receptor,Ki,nM,7.38,507.59,3.55
CHEMBL418882,578.0,COc1ccccc1N1CCN(Cc2ccc(C=O)s2)CC1,Scientific Literature,Displacement of [125I]HEAT from COS cell membranes expressing human Alpha-1A adrenergic receptor,B,Homo sapiens,,Bioorg Med Chem Lett,2002,Alpha-1a adrenergic receptor,Ki,nM,6.24,316.43,2.89
CHEMBL90652,0.13,N#Cc1ccccc1C1CCN(CCCNC(=O)C2=CNC(=O)N[C@@H]2c2ccc(F)c(F)c2)CC1,Scientific Literature,Evaluated for the ability to displace [125I]- HEAT from human cloned Alpha-1A adrenergic receptor stably expressed in CHO cells.,B,,,J Med Chem,2000,Alpha-1a adrenergic receptor,Ki,nM,9.89,479.53,3.46
CHEMBL4212812,93.0,Cc1cc(OCCCN2CCN(c3ccccc3)CC2)ccc1Cl.Cl.Cl,Scientific Literature,Displacement of [3H]prazosin from recombinant human alpha1 adrenoceptor expressed in CHO cell membranes after 30 mins by liquid scintillation counting method,B,Homo sapiens,,Bioorg Med Chem Lett,2018,Alpha-1a adrenergic receptor,Ki,nM,7.03,417.81,4.24
CHEMBL3354065,436.52,CCCCC1CCN(CCCN2C(=O)CCc3ccccc32)CC1,Scientific Literature,Displacement of [3H]prazosin from human recombinant alpha-1A adrenergic receptor expressed in CHO cell membranes after 30 mins by liquid scintillation counting method,B,Homo sapiens,,J Med Chem,2018,Alpha-1a adrenergic receptor,Ki,nM,6.36,328.5,4.26
CHEMBL3343981,316.0,COc1ccc2nccc(NCCCCCCCNc3ccnc4ccc(OC)cc34)c2c1,Scientific Literature,Binding affinity to human alpha1A adrenergic receptor transfected in COS1 cells assessed as compound required to occupy 50% of receptor,B,Homo sapiens,,Bioorg Med Chem,2014,Alpha-1a adrenergic receptor,Ki,nM,6.5,444.58,6.27
CHEMBL4205740,270.0,Cl.O=S1(=O)CCC(NCCOc2cc(F)ccc2Cl)c2ccccc21,Scientific Literature,Displacement of 7-methoxy-[3H]-prazosin from human alpha1A-adrenoreceptor expressed in CHOK1 cell membranes after 60 mins by TopCount liquid scintillation counting method,B,Homo sapiens,,Eur J Med Chem,2017,Alpha-1a adrenergic receptor,Ki,nM,,406.31,3.37
CHEMBL4205209,270.0,Cl.O=S1(=O)CC(NCCOc2cc(F)ccc2Cl)c2ccccc21,Scientific Literature,Displacement of 7-methoxy-[3H]-prazosin from human alpha1A-adrenoreceptor expressed in CHOK1 cell membranes after 60 mins by TopCount liquid scintillation counting method,B,Homo sapiens,,Eur J Med Chem,2017,Alpha-1a adrenergic receptor,Ki,nM,,392.28,2.98
CHEMBL4207824,130.0,CNc1ccc2c(c1)[C@@H](NCCOc1cc(F)ccc1F)CCS2(=O)=O.Cl,Scientific Literature,Displacement of 7-methoxy-[3H]-prazosin from human alpha1A-adrenoreceptor expressed in CHOK1 cell membranes after 60 mins by TopCount liquid scintillation counting method,B,Homo sapiens,,Eur J Med Chem,2017,Alpha-1a adrenergic receptor,Ki,nM,6.89,418.89,2.89
CHEMBL1290038,2511.89,N#Cc1ccc2[nH]c([C@H]3CC[C@]4(CC3)CN(c3ccc(F)cc3)C(=O)O4)nc2c1,Scientific Literature,Antagonistic activity at human alpha1A receptor expressed in rat 1 fibroblast cells assessed as inhibition of calcium level by FLIPR assay,F,Homo sapiens,,Bioorg Med Chem Lett,2010,Alpha-1a adrenergic receptor,Ki,nM,,390.42,4.63
CHEMBL392377,100.0,CC(C)Oc1ccccc1N1CCN([C@H]2CC[C@H](NS(=O)(=O)c3ccc(OC(F)(F)F)cc3)CC2)CC1,Scientific Literature,Binding affinity to human cloned adrenergic alpha-1A receptor,B,Homo sapiens,,Bioorg Med Chem Lett,2007,Alpha-1a adrenergic receptor,Ki,nM,7.0,541.64,4.78
CHEMBL236618,7.5,CC(C)Oc1ccccc1N1CCN([C@H]2CC[C@H](NS(=O)(=O)c3ccc(S(C)(=O)=O)cc3)CC2)CC1,Scientific Literature,Binding affinity to human cloned adrenergic alpha-1A receptor,B,Homo sapiens,,Bioorg Med Chem Lett,2007,Alpha-1a adrenergic receptor,Ki,nM,8.12,535.73,3.29
CHEMBL234681,0.88,CC(C)Oc1ccccc1N1CCN([C@H]2CC[C@H](NS(=O)(=O)c3ccccc3F)CC2)CC1,Scientific Literature,Binding affinity to human cloned adrenergic alpha-1A receptor,B,Homo sapiens,,Bioorg Med Chem Lett,2007,Alpha-1a adrenergic receptor,Ki,nM,9.06,475.63,4.02
CHEMBL228333,14.0,O=S(=O)(N[C@H]1CC[C@H](N2CCC(c3ccccc3OC3CC3)CC2)CC1)c1ccc2c(c1)OCO2,Scientific Literature,Binding affinity to human cloned adrenergic alpha-1a receptor,B,Homo sapiens,,Bioorg Med Chem Lett,2007,Alpha-1a adrenergic receptor,Ki,nM,7.85,498.65,4.43
CHEMBL390473,43.0,COc1ccc(S(=O)(=O)N[C@H]2CC[C@H](N3CCC(c4cc(F)ccc4OC(C)C)CC3)CC2)cc1OC,Scientific Literature,Binding affinity to human cloned adrenergic alpha-1a receptor,B,Homo sapiens,,Bioorg Med Chem Lett,2007,Alpha-1a adrenergic receptor,Ki,nM,7.37,534.69,5.1
CHEMBL228445,5.9,O=S(=O)(N[C@H]1CC[C@@H](N2CCC(c3ccccc3OCC(F)(F)F)CC2)CC1)c1cc(Cl)ccc1F,Scientific Literature,Binding affinity to human cloned adrenergic alpha-1a receptor,B,Homo sapiens,,Bioorg Med Chem Lett,2007,Alpha-1a adrenergic receptor,Ki,nM,8.23,549.03,5.89
CHEMBL390192,10.0,COc1ccc(Cl)cc1S(=O)(=O)N[C@H]1CC[C@H](N2CCC(c3ccccc3OCC(F)(F)F)CC2)CC1,Scientific Literature,Binding affinity to human cloned adrenergic alpha-1a receptor,B,Homo sapiens,,Bioorg Med Chem Lett,2007,Alpha-1a adrenergic receptor,Ki,nM,8.0,561.07,5.76
CHEMBL146109,0.5,COC(=O)C1=C(C)NC(=O)N(C(=O)NCCCN2CCC(C)(c3ccccc3)CC2)C1c1ccc(F)c(F)c1,Scientific Literature,In vitro binding affinity against alpha-1A adrenergic receptor of human liver microsomes,B,,Liver,J Med Chem,1999,Alpha-1a adrenergic receptor,Ki,nM,9.3,540.61,4.63
CHEMBL199080,0.3981,COc1cccc(OC)c1OCCNCCOc1ccccc1OCc1cccc(C)c1,Scientific Literature,Displacement of [3H]prazosin from cloned human ADRA1A expressed in CHO cells,B,Homo sapiens,,J Med Chem,2005,Alpha-1a adrenergic receptor,Ki,nM,9.4,437.54,4.64
CHEMBL123012,0.8,CCC1=C(C(=O)OC)C(c2ccc([N+](=O)[O-])cc2)N(C(=O)NCCCN2CCC(C(=O)OC)(c3ccccc3)CC2)C(=O)N1,Scientific Literature,In vitro binding affinity against Alpha-1A adrenergic receptor of human liver microsomes.,B,,Liver,J Med Chem,1999,Alpha-1a adrenergic receptor,Ki,nM,9.1,607.66,3.8
CHEMBL3947302,2.951,CCOc1ccccc1N1CCN(CCc2cccc(OC)c2)CC1,Scientific Literature,Displacement of [3H]prazosin from human alpha1A-adrenoceptor expressed in CHO cell membranes measured after 30 mins,B,Homo sapiens,,Eur J Med Chem,2016,Alpha-1a adrenergic receptor,Ki,nM,8.53,340.47,3.46
CHEMBL3392247,0.4,COC(=O)C1=C(C)NC(C)=C(C(=O)NCCCN2CCC(c3ccccc3)(c3ccccc3)CC2)C1c1cccc([N+](=O)[O-])c1,Scientific Literature,Inhibition of [3H]prazosin binding to human Alpha-1A adrenergic receptor expressed in CHO cells,B,Homo sapiens,,J Med Chem,1995,Alpha-1a adrenergic receptor,Ki,nM,9.4,608.74,5.59
CHEMBL292365,0.6,COCC1=C(C(=O)OC)[C@H](c2ccc(F)c(F)c2)N(C(=O)N[C@H]2CC[C@@H](N3CCC(c4ccccc4C#N)CC3)C2)C(=O)N1,Scientific Literature,Displacement of [125I]HEAT from human Alpha-1A adrenergic receptor stably expressed in CHO cells,B,,,Bioorg Med Chem Lett,2000,Alpha-1a adrenergic receptor,Ki,nM,9.22,607.66,4.49
CHEMBL142383,0.5,COC(=O)C1=C(C)NC(=O)N(C(=O)NCCCN2CCC(C(=O)OC)(c3ccccc3)CC2)C1c1ccc([N+](=O)[O-])cc1,Scientific Literature,In vitro binding affinity against Alpha-1A adrenergic receptor of human liver microsomes.,B,,Liver,J Med Chem,1999,Alpha-1a adrenergic receptor,Ki,nM,9.3,593.64,3.41
CHEMBL356978,1.5,COC(=O)C1=C(C)NC(=O)N(C(=O)NCCCN2CCC(C(=O)OC)(c3ccccc3)CC2)C1c1cccc(F)c1,Scientific Literature,In vitro binding affinity against Alpha-1A adrenergic receptor of human liver microsomes.,B,,Liver,J Med Chem,1999,Alpha-1a adrenergic receptor,Ki,nM,8.82,566.63,3.65
CHEMBL3752576,1659.59,C=CCN(CC=C)CCc1c[nH]c2ccccc12,Scientific Literature,Binding affinity to alpha-1A adrenergic receptor (unknown origin) by competition binding assay,B,Homo sapiens,,Bioorg Med Chem Lett,2016,Alpha-1a adrenergic receptor,Ki,nM,5.78,240.35,3.38
CHEMBL72958,1122.02,CS(=O)(=O)Nc1ccc(F)c([C@@H](O)CN)c1,Scientific Literature,Affinity to Alpha-1 adrenergic receptor determined by radioligand binding techniques from rat-1 fibroblasts membranes,B,,,J Med Chem,2002,Alpha-1a adrenergic receptor,Ki,nM,5.95,248.28,0.19
CHEMBL83041,3.1,Cc1ccc2c(c1)oc(=O)n2C1CCN(CCCCN2C(=O)c3ccccc3S2(=O)=O)CC1,Scientific Literature,Ability to displace beta ([125I]-iodo-4-hydroxyphenyl)-ethylamino methyl tetralone from human cloned Alpha-1a adrenergic receptor stably expressed in Chinese Hamster Ovary (CHO) cells,B,Homo sapiens,,Bioorg Med Chem Lett,1998,Alpha-1a adrenergic receptor,Ki,nM,8.51,469.56,3.16
CHEMBL3758610,160.0,CS(=O)(=O)Nc1cccc(N2CCN(CCCCNC(=O)c3ccc4ccccc4c3)CC2)c1,Scientific Literature,Displacement of [3H]-prazosin from human ADRA1A receptor,B,Homo sapiens,,Bioorg Med Chem Lett,2016,Alpha-1a adrenergic receptor,Ki,nM,6.8,480.63,3.54
CHEMBL403280,3.1,CC(C)Oc1ccccc1N1CCN(C2CCC(NC(=O)Nc3ccc(F)cc3F)CC2)CC1,Scientific Literature,Displacement of [125I]HEAT from human recombinant adrenergic alpha1A receptor,B,Homo sapiens,,Bioorg Med Chem Lett,2008,Alpha-1a adrenergic receptor,Ki,nM,8.51,472.58,5.01
CHEMBL257098,11.0,CC(C)Oc1ccccc1N1CCN(C2CCC(NC(=O)Nc3ccccc3Cl)CC2)CC1,Scientific Literature,Displacement of [125I]HEAT from human recombinant adrenergic alpha1A receptor,B,Homo sapiens,,Bioorg Med Chem Lett,2008,Alpha-1a adrenergic receptor,Ki,nM,7.96,471.05,5.38
CHEMBL144534,0.4,COCC1=NC(C)=C(C(=O)OC)C(c2ccc(F)c(F)c2)N1CCCCCN1CCC(C#N)(c2ccccc2)CC1,Scientific Literature,Binding affinity against Alpha-1A adrenergic receptor (recombinant human receptor) using [3H]prazosin.,B,,,J Med Chem,1999,Alpha-1a adrenergic receptor,Ki,nM,9.4,564.68,5.54
CHEMBL3929328,199.53,COc1ccccc1N1CCN(CC2CSC3(CCCCC3)S2)CC1,Scientific Literature,Displacement of [3H]prazosin from recombinant human alpha1a adrenergic receptor expressed in CHO cell membranes after 30 mins by TopCount liquid scintillation counting method,B,Homo sapiens,,Eur J Med Chem,2017,Alpha-1a adrenergic receptor,Ki,nM,6.7,378.61,4.33
CHEMBL101739,56.0,c1ccc2c(c1)CCC1(CCN(CCc3cccc4ccccc34)CC1)O2,Scientific Literature,Displacement of [125I]HEAT from human Alpha-1C adrenergic receptor expressed in CHO cells,B,Homo sapiens,,Bioorg Med Chem Lett,1999,Alpha-1a adrenergic receptor,Ki,nM,7.25,357.5,5.24
CHEMBL347499,1.9,CCOC(=O)C1(c2ccccc2)CCN(CCCNC(=O)C2=C(C)NC(C)=C(C(C)=O)C2c2ccc([N+](=O)[O-])cc2)CC1,Scientific Literature,Binding affinity was determined for the alpha-1A adrenergic receptor,B,,,J Med Chem,1998,Alpha-1a adrenergic receptor,Ki,nM,8.72,588.71,4.52
CHEMBL79940,1298.0,CC(C)Oc1ccccc1N1CCN(Cc2nc(CN3CCCC3=O)co2)CC1,Scientific Literature,Displacement of [125I]HEAT from human Alpha-1A adrenergic receptor,B,Homo sapiens,,Bioorg Med Chem Lett,2002,Alpha-1a adrenergic receptor,Ki,nM,5.89,398.51,2.91
CHEMBL178921,300.0,Clc1ccc(C2(Cn3ccnc3)OCC(CN3CCN(CCc4ccccc4)CC3)O2)c(Cl)c1,Scientific Literature,Inhibition of [3H]prazosin binding to human adrenergic alpha-1A receptor expressed in CHO-K1 cell membranes,B,Bos taurus,,J Med Chem,2005,Alpha-1a adrenergic receptor,Ki,nM,6.52,501.46,4.32
CHEMBL303464,1.4,COc1ccccc1N1CCN(CCn2nc(-c3ccccc3)c3c(C)onc3c2=O)CC1,Scientific Literature,In vitro binding affinity at human Alpha-1A adrenergic receptor.,B,,,J Med Chem,2003,Alpha-1a adrenergic receptor,Ki,nM,8.85,445.52,3.19
CHEMBL89965,0.39,CC1=C(C(=O)NCCCN2CCC(C#N)(c3ccc(F)cc3)CC2)[C@@H](c2ccc(F)c(F)c2)NC(=O)N1C,Scientific Literature,Evaluated for the ability to displace [125I]- HEAT from human cloned Alpha-1A adrenergic receptor stably expressed in CHO cells.,B,,,J Med Chem,2000,Alpha-1a adrenergic receptor,Ki,nM,9.41,525.58,4.14
CHEMBL43860,0.4,CC1=C(C(=O)NCCCN2CCC(c3ccc(F)cc3)CC2)[C@@H](c2ccc(F)c(F)c2)CC(=O)N1,Scientific Literature,In vitro antagonism at Alpha-1A adrenergic receptor,F,,,Bioorg Med Chem Lett,2000,Alpha-1a adrenergic receptor,Ki,nM,9.4,485.55,4.37
CHEMBL80125,1502.0,OCc1cc(CN2CCN(c3ccccc3Oc3ccccc3)CC2)on1,Scientific Literature,Displacement of [125I]HEAT from human Alpha-1A adrenergic receptor,B,Homo sapiens,,Bioorg Med Chem Lett,2002,Alpha-1a adrenergic receptor,Ki,nM,5.82,365.43,3.28
CHEMBL142606,1.1,COC(=O)C1=C(C)N=C(C)N(CCCCCN2CCC(c3ccccc3C(F)(F)F)CC2)C1c1ccc(F)c(F)c1,Scientific Literature,Binding affinity against Alpha-1A adrenergic receptor (recombinant human receptor) using [3H]prazosin.,B,,,J Med Chem,1999,Alpha-1a adrenergic receptor,Ki,nM,8.96,577.64,7.26
CHEMBL360688,5.0,C[C@@]1(O)C(=O)N(CCCN2CCN(c3ccc(F)cc3OCC(F)(F)F)CC2)C(=O)N[C@@H]1O,Scientific Literature,Binding constant measured against Alpha-1A adrenergic receptor in human prostate; ++:moderately active,B,Homo sapiens,Prostate gland,Bioorg Med Chem Lett,2005,Alpha-1a adrenergic receptor,Ki,nM,8.3,478.44,0.9
CHEMBL388884,3.467,COc1cc2nc(N3CCN(C(=O)c4ccc(Br)o4)[C@H]4CCCC[C@H]43)nc(N)c2cc1OC,Scientific Literature,Displacement of [3H]prazosin from human adrenergic alpha-1a receptor expressed in CHO cells,B,Homo sapiens,,Bioorg Med Chem,2007,Alpha-1a adrenergic receptor,Ki,nM,8.46,516.4,3.86
CHEMBL57163,2.1379620895022237e+17,O=c1[nH]c2c([nH]c3ccccc32)c(=O)n1CCN1CCN(c2ccccc2Cl)CC1,Scientific Literature,Binding affinity towards Alpha-1A adrenergic receptor,B,,,J Med Chem,2003,Alpha-1a adrenergic receptor,Ki,nM,,423.9,2.65
CHEMBL90421,0.18,CC1=C(C(=O)NCCCN2CCC(c3ccc(F)cc3)CC2)[C@@H](c2ccc(F)c(F)c2)NC(=O)N1C,Scientific Literature,Ability to displace [125I]- HEAT from human cloned Alpha-1A adrenergic receptor stably expressed in CHO cells.,B,,,J Med Chem,2000,Alpha-1a adrenergic receptor,Ki,nM,9.74,500.57,4.46
CHEMBL257097,1.7,CC(C)Oc1ccccc1N1CCN(C2CCC(NC(=O)Nc3cc(F)ccc3F)CC2)CC1,Scientific Literature,Displacement of [125I]HEAT from human recombinant adrenergic alpha1A receptor,B,Homo sapiens,,Bioorg Med Chem Lett,2008,Alpha-1a adrenergic receptor,Ki,nM,8.77,472.58,5.01
CHEMBL222896,3.467,COc1ccc(Cl)cc1N1CCN(CCn2c(C)nc3c(sc4ccccc43)c2=O)CC1,Scientific Literature,Displacement of [125I]BE2254 from human cloned adrenergic alpha 1A receptor expressed in HEK293 cells,B,Homo sapiens,,Bioorg Med Chem Lett,2006,Alpha-1a adrenergic receptor,Ki,nM,8.46,469.01,4.4
CHEMBL1095777,355.59,CCc1cc2c(cc1CC)CC(NC[C@H](O)c1ccc(O)c3[nH]c(=O)ccc13)C2,EUbOPEN Chemogenomic Library,"PDSP Secondary Binding target: ADRA1A - Compounds are tested at 10 uM concentration, plate are incubated at room temperature in the dark for 90 minutes. Reaction are stopped by vacuum filtration onto 0.3% polyethyleneimine soaked filter mats using Filtermate harvester. Scintillation cocktail is then melted onto microwave-dried filters on a hot plate and the radio activity is counted in Microbia counter. Compounds showing a minimum of 50% inhibition at 10 uM concentration are carried forward in this secondary binding assay to determine equilibrium binding affinity.",B,Homo sapiens,,,2024,Alpha-1a adrenergic receptor,Ki,nM,6.45,392.5,3.15
CHEMBL298595,234.42,O=C1CC2(CCCC2)CC(=O)N1CCN1CCCN(c2ccccc2Cl)CC1,Scientific Literature,Binding affinity to adrenergic alpha1A receptor (unknown origin),B,Homo sapiens,,Med Chem Res,2011,Alpha-1a adrenergic receptor,Ki,nM,6.63,403.95,3.56
CHEMBL200366,1.99,COc1cccc(OC)c1OCCNCCOc1ccccc1OCc1ccc(C)cc1,Scientific Literature,Binding affinity to adrenergic alpha1A receptor (unknown origin),B,Homo sapiens,,Med Chem Res,2011,Alpha-1a adrenergic receptor,Ki,nM,8.7,437.54,4.64
CHEMBL310471,2.1,CC(C)Oc1ccccc1N1CCN(Cc2cc(CN3CCCCC3=O)n[nH]2)CC1,Scientific Literature,Compound was evaluated for its binding affinity to COS cell membrane expressing the human Alpha-1A adrenergic receptor,B,,,Bioorg Med Chem Lett,2000,Alpha-1a adrenergic receptor,Ki,nM,8.68,411.55,3.03
CHEMBL95191,26.0,CCC(C)c1ccc(N2CCN(CCn3c(=O)[nH]c4c([nH]c5ccccc54)c3=O)CC2)cc1,Scientific Literature,Binding affinity towards Alpha-1A adrenergic receptor,B,,,J Med Chem,2003,Alpha-1a adrenergic receptor,Ki,nM,,445.57,3.51
CHEMBL27021,31.62,COc1ccccc1N1CCN(CCc2ccccc2)CC1,Scientific Literature,Displacement of [3H]prazosin from human alpha1A-adrenoceptor expressed in CHO cell membranes measured after 30 mins,B,Homo sapiens,,Eur J Med Chem,2016,Alpha-1a adrenergic receptor,Ki,nM,7.5,296.41,3.06
CHEMBL323579,5.9,CCC1=C(C(N)=O)C(c2ccc([N+](=O)[O-])cc2)C(C(=O)NCCCN2CCC(c3ccccc3)(c3ccccc3)CC2)=C(COCCN)N1,Scientific Literature,Binding affinity against human Alpha-1a adrenergic receptor,B,,,Bioorg Med Chem Lett,1999,Alpha-1a adrenergic receptor,Ki,nM,8.23,666.82,4.25
CHEMBL12364,129.0,O=C(CN1CCCCC1=O)NCCN1CCN(c2ccc(F)cc2OCC(F)(F)F)CC1,Scientific Literature,Binding affinity for human Alpha-1A adrenergic receptor expressed in COS cell membranes,B,Homo sapiens,,Bioorg Med Chem Lett,2000,Alpha-1a adrenergic receptor,Ki,nM,6.89,460.47,2.02
CHEMBL76643,89.0,CC(C)Oc1ccccc1N1CCN(CC2=NOC(CN3CCCCC3=O)C2)CC1,Scientific Literature,Compound was evaluated for its binding affinity to COS cell membrane expressing the human Alpha-1A adrenergic receptor,B,,,Bioorg Med Chem Lett,2000,Alpha-1a adrenergic receptor,Ki,nM,7.05,414.55,2.75
CHEMBL538397,8.5,COc1ccc(S(=O)(=O)N[C@H]2CC[C@@H](N3CCC(c4ccccc4OCCF)CC3)CC2)cc1OC,Scientific Literature,Binding affinity to human cloned adrenergic alpha-1a receptor,B,Homo sapiens,,Bioorg Med Chem Lett,2007,Alpha-1a adrenergic receptor,Ki,nM,8.07,520.67,4.52
CHEMBL1289503,1995.26,O=C1O[C@]2(CC[C@H](c3nc4cc(OC(F)(F)F)ccc4[nH]3)CC2)CN1c1ccccn1,Scientific Literature,Antagonistic activity at human alpha1A receptor expressed in rat 1 fibroblast cells assessed as inhibition of calcium level by FLIPR assay,F,Homo sapiens,,Bioorg Med Chem Lett,2010,Alpha-1a adrenergic receptor,Ki,nM,5.7,432.4,4.91
CHEMBL228279,4.5,COc1ccc(Cl)cc1S(=O)(=O)N[C@H]1CC[C@H](N2CCC(c3ccccc3OC3CC3)CC2)CC1,Scientific Literature,Binding affinity to human cloned adrenergic alpha-1a receptor,B,Homo sapiens,,Bioorg Med Chem Lett,2007,Alpha-1a adrenergic receptor,Ki,nM,8.35,519.11,5.36
CHEMBL357061,5.41,COCCOC(=O)C1(c2ccccc2)CCN(CCCNC(=O)C2=C(C)NC(C)=C(C(N)=O)C2c2ccc([N+](=O)[O-])cc2)CC1,Scientific Literature,Binding affinity was determined for the alpha-1A adrenergic receptor,B,,,J Med Chem,1998,Alpha-1a adrenergic receptor,Ki,nM,8.27,619.72,3.04
CHEMBL3298023,0.912,COc1ccccc1N1CCN(CCn2c(C)nc3c(sc4ccc(NC(=O)CCCC(=O)NCCc5ccccc5)cc43)c2=O)CC1,Scientific Literature,Displacement of [125I]BE2254 from human alpha1a receptor expressed in HEK293 cells,B,Homo sapiens,,Eur J Med Chem,2014,Alpha-1a adrenergic receptor,Ki,nM,9.04,666.85,5.22
CHEMBL3298024,1.0,COc1ccccc1N1CCN(CCn2c(C)nc3c(sc4ccc(NC(=O)CCCNC(=O)Cc5ccccc5)cc43)c2=O)CC1,Scientific Literature,Displacement of [125I]BE2254 from human alpha1a receptor expressed in HEK293 cells,B,Homo sapiens,,Eur J Med Chem,2014,Alpha-1a adrenergic receptor,Ki,nM,9.0,652.82,4.83
CHEMBL556313,1000.0,O=C1CC2(CCCC2)CC(=O)N1CCN1CCN(c2cc(F)ccc2F)CC1,Scientific Literature,Binding affinity for human Alpha-1A adrenergic receptor,B,Homo sapiens,,J Med Chem,2005,Alpha-1a adrenergic receptor,Ki,nM,6.0,391.46,2.8
CHEMBL145746,0.4,COC(=O)C1=C(C)N=C(C)N(CCCCCN2CCC(c3ccccc3)(c3ccccc3)CC2)C1c1ccc(F)c(F)c1,Scientific Literature,Binding affinity against Alpha-1A adrenergic receptor (recombinant human receptor) using [3H]prazosin.,B,,,J Med Chem,1999,Alpha-1a adrenergic receptor,Ki,nM,9.4,585.74,7.44
CHEMBL297667,7.4,Cc1ccc(C(C(=O)NCCCN2CCC(C#N)(c3ccccc3C)CC2)C(C)C)cc1,Scientific Literature,Inhibition of binding of [125I]HEAT to cloned human alpha-1A adrenergic receptor.,B,,,Bioorg Med Chem Lett,2000,Alpha-1a adrenergic receptor,Ki,nM,8.13,431.62,5.11
CHEMBL279436,1.862,CC1=C(C(N)=O)C(c2ccc([N+](=O)[O-])cc2)C(C(=O)NCCCN2CCC(c3ccccc3)(c3ccccc3)CC2)=C(C)N1,Scientific Literature,Binding affinity to Homo sapiens (human) alpha1A adrenergic receptor,B,Homo sapiens,,Med Chem Res,2004,Alpha-1a adrenergic receptor,Ki,nM,8.73,593.73,4.9
CHEMBL279436,1.0,CC1=C(C(N)=O)C(c2ccc([N+](=O)[O-])cc2)C(C(=O)NCCCN2CCC(c3ccccc3)(c3ccccc3)CC2)=C(C)N1,Scientific Literature,Binding affinity to Homo sapiens (human) alpha1A adrenergic receptor,B,Homo sapiens,,Med Chem Res,2004,Alpha-1a adrenergic receptor,Ki,nM,9.0,593.73,4.9
CHEMBL4466677,2.63,COc1ccccc1N1CCN(CC2COCC(c3ccccc3)(c3ccccc3)O2)CC1,Scientific Literature,Displacement of [3H]Prazosin from human recombinant alpha 1A adrenergic receptor expressed in CHO cells incubated for 30 mins by radioligand competition binding assay,B,Homo sapiens,,Eur J Med Chem,2019,Alpha-1a adrenergic receptor,Ki,nM,8.58,444.58,4.18
CHEMBL4203310,772.0,Cc1cc(C)c(OCCOCCN2CCN(CCc3ccccc3)CC2)c(C)c1.Cl.Cl,Scientific Literature,Displacement of [3H]prazosin from recombinant human alpha1 adrenoceptor expressed in CHO cell membranes after 30 mins by liquid scintillation counting method,B,Homo sapiens,,Bioorg Med Chem Lett,2018,Alpha-1a adrenergic receptor,Ki,nM,6.11,469.5,3.87
CHEMBL2419770,9.12,COc1ccc2ccoc2c1OCCNC[C@@H]1COc2ccccc2O1.Cl,Scientific Literature,Displacement of [3H]prazosin from human alpha-1A adrenoreceptor expressed in CHO cells after 30 mins,B,Homo sapiens,,J Med Chem,2013,Alpha-1a adrenergic receptor,Ki,nM,8.04,391.85,3.25
CHEMBL83340,0.064,COc1ccc2c(c1)C(=O)N(CCCCN1CCC(n3c(=O)oc4ccccc43)CC1)S2(=O)=O,Scientific Literature,Ability to displace beta ([125I]-iodo-4-hydroxyphenyl)-ethylaminomethyl tetralone from human cloned Alpha-1a adrenergic receptor stably expressed in Chinese Hamster Ovary (CHO) cells,B,,,Bioorg Med Chem Lett,1998,Alpha-1a adrenergic receptor,Ki,nM,10.19,485.56,2.86
CHEMBL338608,0.16,Cc1c(-c2ccccc2)oc2c(C(=O)NCCCN3CCN(c4ccccc4OCc4no[n+]([O-])c4C)CC3)cccc2c1=O,Scientific Literature,Inhibition of [3H]prazosin binding to cloned human Alpha-1A adrenergic receptor in CHO cells (chinese hamster ovary cells),B,,,J Med Chem,2003,Alpha-1a adrenergic receptor,Ki,nM,9.8,609.68,4.22
CHEMBL42472,0.05012,COc1cccc(OC)c1OCCNC[C@@H]1C[C@H](c2ccccc2)c2ccccc2O1,Scientific Literature,Affinity constant on CHO cells expressing Human recombinant Alpha-1A adrenergic receptor,B,Homo sapiens,,J Med Chem,2002,Alpha-1a adrenergic receptor,Ki,nM,10.3,419.52,4.66
CHEMBL313990,90.0,O=C1c2cc(Cl)ccc2S(=O)(=O)N1CCCCN1CCC(n2c(=O)oc3ccccc32)CC1,Scientific Literature,Compound was evaluated for its affinity for Alpha-1a adrenergic receptor in human aorta preparations,B,,Aorta,Bioorg Med Chem Lett,1998,Alpha-1a adrenergic receptor,Ki,nM,7.05,489.98,3.51
CHEMBL43651,13.0,CC1=C(C(=O)NCCCN2CCC(C#N)(c3ccccc3C#N)CC2)[C@@H](c2ccc(F)c(F)c2)CC(=O)N1C,Scientific Literature,In vitro antagonism at Alpha-1A adrenergic receptor,F,,,Bioorg Med Chem Lett,2000,Alpha-1a adrenergic receptor,Ki,nM,7.89,531.61,4.12
CHEMBL394139,45.0,CC(C)Oc1ccccc1N1CCN([C@H]2CC[C@@H](NS(=O)(=O)c3cc(Cl)ccc3F)CC2)CC1,Scientific Literature,Binding affinity to human cloned adrenergic alpha-1A receptor,B,Homo sapiens,,Bioorg Med Chem Lett,2007,Alpha-1a adrenergic receptor,Ki,nM,7.35,510.08,4.68
CHEMBL145785,288.4,COc1cc2nc3c(c(N)c2cc1OC)CCC(CNC(=O)c1ccccc1C(F)(F)F)C3,Scientific Literature,Binding affinity measured in CHO cells expressing human cloned Alpha-1A adrenergic receptor expressed as pKi,B,Homo sapiens,,J Med Chem,2003,Alpha-1a adrenergic receptor,Ki,nM,6.54,459.47,4.39
CHEMBL305029,0.3,CC(C)Oc1ccccc1N1CCN(Cc2ccc(CN3CCCCC3=O)s2)CC1,Scientific Literature,Displacement of [125I]HEAT from COS cell membranes expressing human Alpha-1A adrenergic receptor,B,Homo sapiens,,Bioorg Med Chem Lett,2002,Alpha-1a adrenergic receptor,Ki,nM,9.52,427.61,4.37
CHEMBL142719,14.0,CNC(=O)C1=C(C)N=C(C)N(CCCCCN2CCC(C(=O)OC)(c3ccccc3)CC2)C1c1ccc(F)cc1F,Scientific Literature,Binding affinity against Alpha-1A adrenergic receptor (recombinant human receptor) using [3H]prazosin.,B,,,J Med Chem,1999,Alpha-1a adrenergic receptor,Ki,nM,7.85,566.69,5.14
CHEMBL429623,4.3,COc1ccc([N+](=O)[O-])cc1S(=O)(=O)N[C@H]1CC[C@@H](N2CCN(c3ccccc3OC(C)C)CC2)CC1,Scientific Literature,Binding affinity to human cloned adrenergic alpha-1A receptor,B,Homo sapiens,,Bioorg Med Chem Lett,2007,Alpha-1a adrenergic receptor,Ki,nM,8.37,532.66,3.8
CHEMBL391107,13.7,CC(C)Oc1ccccc1N1CCN([C@H]2CC[C@@H](NS(=O)(=O)c3ccccc3)CC2)CC1,Scientific Literature,Binding affinity to human cloned adrenergic alpha-1A receptor,B,Homo sapiens,,Bioorg Med Chem Lett,2007,Alpha-1a adrenergic receptor,Ki,nM,7.86,457.64,3.89
CHEMBL315914,1.38,CO/C(O)=C1\C(C)=NC(C)=C(C(=O)NCCCN2CCC(c3ccccc3)(c3ccccc3)CC2)C1c1ccc(C)cc1,Scientific Literature,Binding affinity determined by displacement of [3H]prazosin from alpha-1A adrenergic receptor,B,,,J Med Chem,1998,Alpha-1a adrenergic receptor,Ki,nM,8.86,577.77,6.83
CHEMBL92322,36.31,CO/C(O)=C1\C(C)=NC(C)=C(C(=O)NCCCN2CCC(c3ccccc3)(c3ccccc3)CC2)C1c1ccc2ccccc2c1,Scientific Literature,Binding affinity determined by displacement of [3H]prazosin from alpha-1A adrenergic receptor,B,,,J Med Chem,1998,Alpha-1a adrenergic receptor,Ki,nM,7.44,613.8,7.68
CHEMBL316677,2.04173794466954e+17,COc1ccccc1N1CCN(CCCn2c(C)nc3c4ccccc4nc-3c2O)CC1,Scientific Literature,Binding affinity towards Alpha-1A adrenergic receptor,B,,,J Med Chem,2003,Alpha-1a adrenergic receptor,Ki,nM,,431.54,3.77
CHEMBL429076,10.0,COc1ccc(Br)cc1S(=O)(=O)N[C@H]1CC[C@H](N2CCN(c3ccccc3OC(C)C)CC2)CC1,Scientific Literature,Binding affinity to human cloned adrenergic alpha-1A receptor,B,Homo sapiens,,Bioorg Med Chem Lett,2007,Alpha-1a adrenergic receptor,Ki,nM,8.0,566.56,4.66
CHEMBL433203,7.079457843841403e+17,COc1ccccc1N1CCN(CCn2cnc3c4ccccc4nc-3c2O)CC1,Scientific Literature,Binding affinity towards Alpha-1A adrenergic receptor,B,,,J Med Chem,2003,Alpha-1a adrenergic receptor,Ki,nM,,403.49,3.07
CHEMBL228278,11.0,COc1ccc(S(=O)(=O)N[C@H]2CC[C@H](N3CCC(c4ccccc4OC4CC4)CC3)CC2)cc1OC,Scientific Literature,Binding affinity to human cloned adrenergic alpha-1a receptor,B,Homo sapiens,,Bioorg Med Chem Lett,2007,Alpha-1a adrenergic receptor,Ki,nM,7.96,514.69,4.71
CHEMBL390184,3.0,CC(C)Oc1ccccc1C1CCN([C@H]2CC[C@@H](NS(=O)(=O)c3ccc(F)c(F)c3)CC2)CC1,Scientific Literature,Binding affinity to human cloned adrenergic alpha-1a receptor,B,Homo sapiens,,Bioorg Med Chem Lett,2007,Alpha-1a adrenergic receptor,Ki,nM,8.52,492.63,5.22
CHEMBL233790,3.5,CC(C)Oc1ccccc1N1CCN([C@H]2CC[C@H](NS(=O)(=O)c3cnc(Cl)c(Br)c3)CC2)CC1,Scientific Literature,Binding affinity to human cloned adrenergic alpha-1A receptor,B,Homo sapiens,,Bioorg Med Chem Lett,2007,Alpha-1a adrenergic receptor,Ki,nM,8.46,571.97,4.7
CHEMBL232607,4.9,COc1ccncc1S(=O)(=O)N[C@H]1CC[C@@H](N2CCN(c3ccccc3OC(C)C)CC2)CC1,Scientific Literature,Binding affinity to human cloned adrenergic alpha-1A receptor,B,Homo sapiens,,Bioorg Med Chem Lett,2007,Alpha-1a adrenergic receptor,Ki,nM,8.31,488.65,3.29
CHEMBL80599,0.53,COc1ccc(Cl)cc1N1CCN(CCCNc2c(C(C)=O)c(C)nn(C)c2=O)CC1,Scientific Literature,Binding affinity towards human cloned alpha-1A-adrenoceptor using [3H]prazosin as radioligand,B,,,J Med Chem,2001,Alpha-1a adrenergic receptor,Ki,nM,9.28,447.97,2.58
CHEMBL70095,0.98,COc1ccc(N2C(=O)c3ccc(C(=O)NCC(O)CN4CCN(c5ccccc5OC(C)C)CC4)cc3C2=O)cc1OC,Scientific Literature,Binding affinity towards cloned human alpha-1A adrenergic receptor was determined using [125]-HEAT as radioligand,B,,,J Med Chem,2000,Alpha-1a adrenergic receptor,Ki,nM,9.01,602.69,3.2
CHEMBL37962,831.76,CN(CCOc1ccccc1)CC1COC(c2ccccc2)(c2ccccc2)O1.O=C(O)C(=O)O,Scientific Literature,Affinity constant towards human recombinant Alpha-1A adrenergic receptor using [3H]prazosin (from CHO cells) as radioligand by radioligand binding assay,B,,,J Med Chem,2003,Alpha-1a adrenergic receptor,Ki,nM,6.08,479.53,4.31
CHEMBL69245,6.9,COC(CNC(=O)c1ccc2c(c1)C(=O)N(c1cccc(F)c1)C2=O)CN1CCN(c2ccccc2OC(C)C)CC1,Scientific Literature,Binding affinity towards cloned human alpha-1A adrenergic receptor was determined using [125]-HEAT as radioligand,B,,,J Med Chem,2000,Alpha-1a adrenergic receptor,Ki,nM,8.16,574.65,3.98
CHEMBL358595,1.9,CCC1=C(C(N)=O)C(c2ccc([N+](=O)[O-])cc2)N(C(=O)NCCCN2CCC(C(=O)OC)(c3ccccc3)CC2)C(=O)N1,Scientific Literature,In vitro binding affinity against Alpha-1A adrenergic receptor of human liver microsomes.,B,,Liver,J Med Chem,1999,Alpha-1a adrenergic receptor,Ki,nM,8.72,592.65,3.12
CHEMBL4448297,1000.0,c1ccc(OCCNCC2(c3ccccc3)COCCO2)cc1,Scientific Literature,Displacement of [3H]Prazosin from human recombinant alpha 1A adrenergic receptor expressed in CHO cells incubated for 30 mins by radioligand competition binding assay,B,Homo sapiens,,Eur J Med Chem,2019,Alpha-1a adrenergic receptor,Ki,nM,,313.4,2.6
CHEMBL342126,0.2,COC(=O)C1=C(C)NC(=O)N(C(=O)NCCCN2CCC(c3ccc(F)cc3)(c3ccc(F)cc3)CC2)C1c1ccc(F)c(F)c1,Scientific Literature,In vitro binding affinity against alpha-1A adrenergic receptor of human liver microsomes,B,,Liver,J Med Chem,1999,Alpha-1a adrenergic receptor,Ki,nM,9.7,638.66,5.94
CHEMBL302698,12589.25,CS(=O)(=O)c1ccc(C(F)(F)F)cc1NCC1=NCCN1,Scientific Literature,Affinity to Alpha-1 adrenergic receptor determined by radioligand binding techniques from rat-1 fibroblasts membranes,B,,,J Med Chem,2002,Alpha-1a adrenergic receptor,Ki,nM,,321.32,1.52
CHEMBL19376,830.0,COc1cc2nc(N3CCN[C@H](C(=O)NC(C)(C)C)C3)nc(N)c2cc1OC,Scientific Literature,Compound was tested for binding affinity utilizing cloned receptor binding assays by using [125 I]HEAT as radioligand to the human Alpha-1A adrenergic receptor,B,,,J Med Chem,1998,Alpha-1a adrenergic receptor,Ki,nM,6.08,388.47,0.92
CHEMBL347501,3.66,COC(=O)C1(c2ccccc2)CCN(CCCNC(=O)C2=C(C)N=C(C)/C(=C(/O)OCCO)C2c2ccc([N+](=O)[O-])cc2)CC1,Scientific Literature,Binding affinity was determined for the alpha-1A adrenergic receptor,B,,,J Med Chem,1998,Alpha-1a adrenergic receptor,Ki,nM,8.44,620.7,3.92
CHEMBL40303,61.0,N#CC1(c2ccccc2)CCN(CCCNC(=O)C(c2ccccc2)C2CCCCC2)CC1,Scientific Literature,Inhibition of binding of [125I]HEAT to cloned human alpha-1A adrenergic receptor.,B,,,Bioorg Med Chem Lett,2000,Alpha-1a adrenergic receptor,Ki,nM,7.21,443.64,5.41
CHEMBL94259,4.2,N#Cc1cc(F)ccc1C1CCN(CCCNC(=O)C2=C(C(F)(F)F)NC(=O)N[C@@H]2c2ccc(F)c(F)c2)CC1,Scientific Literature,Evaluated for the ability to displace [125I]- HEAT from human cloned Alpha-1A adrenergic receptor stably expressed in CHO cells.,B,,,J Med Chem,2000,Alpha-1a adrenergic receptor,Ki,nM,8.38,565.52,4.53
CHEMBL179334,0.18,CO/C(O)=C1\C(C)=NC(C)=C(C(=O)NCCCN2CCC(c3ccccc3)(c3ccccc3)CC2)[C@H]1c1ccc([N+](=O)[O-])cc1,Scientific Literature,Ability to displace [3H]prazosin from cloned human Alpha-1A adrenergic receptor,B,,,J Med Chem,1995,Alpha-1a adrenergic receptor,Ki,nM,9.74,608.74,6.43
CHEMBL3797887,2700.0,C[C@@H](c1cccc(C#N)c1)n1cc(Cl)cc(C(N)=O)c1=N,SGC Frankfurt - Donated Chemical Probes,Binding assay (ADRA1A),B,Homo sapiens,,,2021,Alpha-1a adrenergic receptor,Ki,nM,,300.75,2.2
CHEMBL301224,33.88,O=C1CC2(CCCC2)CCN1CCN1CCN(c2cc(Cl)ccc2Cl)CC1,Scientific Literature,Binding affinity to adrenergic alpha1A receptor (unknown origin),B,Homo sapiens,,Med Chem Res,2011,Alpha-1a adrenergic receptor,Ki,nM,7.47,410.39,4.3
CHEMBL299253,43.65,O=C1CC2(C=CN1CCN1CCN(c3ccccc3Cl)CC1)CCCC2,Scientific Literature,Binding affinity to adrenergic alpha1A receptor (unknown origin),B,Homo sapiens,,Med Chem Res,2011,Alpha-1a adrenergic receptor,Ki,nM,7.36,373.93,3.77
CHEMBL2234450,158.49,COc1cc2nc3c(c(N)c2cc1OC)CC(CNC(=O)c1ccoc1)C3,Scientific Literature,Binding affinity to adrenergic alpha1A receptor (unknown origin),B,Homo sapiens,,Med Chem Res,2011,Alpha-1a adrenergic receptor,Ki,nM,6.8,367.4,2.57
CHEMBL2234446,7.94,COc1ccccc1N1CCN(CC2CO[C@H](c3cccc4ccccc34)O2)CC1,Scientific Literature,Binding affinity to adrenergic alpha1A receptor (unknown origin),B,Homo sapiens,,Med Chem Res,2011,Alpha-1a adrenergic receptor,Ki,nM,8.1,404.51,4.08
CHEMBL239101,1995.26,O=C(c1cc(F)cc(F)c1)N1CCN(c2ccc(OC3CCN(C4CCC4)CC3)cc2)C(=O)C1.O=CO,Scientific Literature,Antagonist activity at human recombinant adrenergic alpha 1A receptor expressed in Rat1 cells assessed as inhibition of phenylephrine-induced cellular calcium mobilization,F,Homo sapiens,,J Med Chem,2007,Alpha-1a adrenergic receptor,Ki,nM,,515.56,3.85
CHEMBL540633,3981.07,Cl.O=C(c1ccccc1)N1CCN(c2ccc(OC3CCN(C4CCC4)CC3)cc2)C(=O)C1,Scientific Literature,Antagonist activity at human recombinant adrenergic alpha 1A receptor expressed in Rat1 cells assessed as inhibition of phenylephrine-induced cellular calcium mobilization,F,Homo sapiens,,J Med Chem,2007,Alpha-1a adrenergic receptor,Ki,nM,,470.01,3.57
CHEMBL239081,10000.0,C[C@@H]1CCCN1CCCOc1ccc(N2CCN(C(=O)c3cc(F)cc(F)c3)CC2=O)cc1.O=CO,Scientific Literature,Antagonist activity at human recombinant adrenergic alpha 1A receptor expressed in Rat1 cells assessed as inhibition of phenylephrine-induced cellular calcium mobilization,F,Homo sapiens,,J Med Chem,2007,Alpha-1a adrenergic receptor,Ki,nM,,503.55,3.71
CHEMBL427552,1.99,COc1cccc(COc2ccccc2OCCNCCOc2c(OC)cccc2OC)c1,Scientific Literature,Binding affinity to adrenergic alpha1A receptor (unknown origin),B,Homo sapiens,,Med Chem Res,2011,Alpha-1a adrenergic receptor,Ki,nM,8.7,453.54,4.34
CHEMBL2234439,169.82,c1ccc(OCCNC2COCC(c3ccccc3)(c3ccccc3)O2)cc1,Scientific Literature,Binding affinity to adrenergic alpha1A receptor (unknown origin),B,Homo sapiens,,Med Chem Res,2011,Alpha-1a adrenergic receptor,Ki,nM,6.77,375.47,3.97
CHEMBL200446,0.2512,COc1cccc(OC)c1OCCNCCOc1ccccc1OCc1ccc(Cl)cc1,Scientific Literature,Displacement of [3H]prazosin from cloned human ADRA1A expressed in CHO cells,B,Homo sapiens,,J Med Chem,2005,Alpha-1a adrenergic receptor,Ki,nM,9.6,457.95,4.98
CHEMBL389104,16.0,O=S(=O)(N[C@H]1CC[C@@H](N2CCC(c3ccccc3OC3CC3)CC2)CC1)c1ccc2c(c1)OCO2,Scientific Literature,Binding affinity to human cloned adrenergic alpha-1a receptor,B,Homo sapiens,,Bioorg Med Chem Lett,2007,Alpha-1a adrenergic receptor,Ki,nM,7.8,498.65,4.43
CHEMBL228334,1.8,COc1ccc(S(=O)(=O)N[C@H]2CC[C@@H](N3CCC(c4ccccc4OCC(F)(F)F)CC3)CC2)cc1OC,Scientific Literature,Binding affinity to human cloned adrenergic Alpha-1A receptor,B,Homo sapiens,,Bioorg Med Chem Lett,2007,Alpha-1a adrenergic receptor,Ki,nM,8.74,556.65,5.11
CHEMBL243228,0.8,CC(C)Oc1ccccc1N1CCN(C2CCC(N3C(=O)c4cccnc4C3=O)CC2)CC1,Scientific Literature,Displacement of [125]HEAT from human adrenergic alpha-1a receptor expressed in CHO cells,B,Homo sapiens,,Bioorg Med Chem Lett,2007,Alpha-1a adrenergic receptor,Ki,nM,9.1,448.57,3.6
CHEMBL2146807,100.0,CCCCN1CCC[C@@H]1Cn1nc(Cc2ccc(Cl)cc2)c2cccnc2c1=O,Scientific Literature,Antagonist activity at human adrenergic alpha1A receptor expressed in rat fibroblasts by by plate-based calcium imaging,F,Homo sapiens,,Bioorg Med Chem,2012,Alpha-1a adrenergic receptor,Ki,nM,7.0,410.95,4.3
CHEMBL2146810,50.12,CCCCN1CCC[C@@H]1Cn1nc(Cc2ccc(Cl)cc2)c2ncccc2c1=O,Scientific Literature,Antagonist activity at human adrenergic alpha1A receptor expressed in rat fibroblasts by by plate-based calcium imaging,F,Homo sapiens,,Bioorg Med Chem,2012,Alpha-1a adrenergic receptor,Ki,nM,7.3,410.95,4.3
CHEMBL228332,3.8,O=S(=O)(N[C@H]1CC[C@H](N2CCC(c3ccccc3OC3CC3)CC2)CC1)c1cc(Cl)ccc1F,Scientific Literature,Binding affinity to human cloned adrenergic alpha-1a receptor,B,Homo sapiens,,Bioorg Med Chem Lett,2007,Alpha-1a adrenergic receptor,Ki,nM,8.42,507.07,5.49
CHEMBL242934,4.169,COc1cc2nc(N3CCN(C(=O)c4ccccc4)[C@H]4CCCC[C@H]43)nc(N)c2cc1OC,Scientific Literature,Displacement of [3H]prazosin from human adrenergic alpha-1a receptor expressed in CHO cells,B,Homo sapiens,,Bioorg Med Chem,2007,Alpha-1a adrenergic receptor,Ki,nM,8.38,447.54,3.5
CHEMBL232779,3.5,CC(C)Oc1ccccc1N1CCN([C@H]2CC[C@@H](NS(=O)(=O)c3cccc(F)c3)CC2)CC1,Scientific Literature,Binding affinity to human cloned adrenergic alpha-1A receptor,B,Homo sapiens,,Bioorg Med Chem Lett,2007,Alpha-1a adrenergic receptor,Ki,nM,8.46,475.63,4.02
CHEMBL232780,0.73,CC(C)Oc1ccccc1N1CCN([C@H]2CC[C@H](NS(=O)(=O)c3cccc(F)c3)CC2)CC1,Scientific Literature,Binding affinity to human cloned adrenergic alpha-1A receptor,B,Homo sapiens,,Bioorg Med Chem Lett,2007,Alpha-1a adrenergic receptor,Ki,nM,9.14,475.63,4.02
CHEMBL288772,0.8,CC1=C(C(=O)NCCCN2CCC(c3ccc(F)cc3C#N)CC2)[C@@H](c2ccc(F)c(F)c2)CC(=O)N1C,Scientific Literature,In vitro antagonism at Alpha-1A adrenergic receptor,F,,,Bioorg Med Chem Lett,2000,Alpha-1a adrenergic receptor,Ki,nM,9.1,524.59,4.58
CHEMBL42335,1.4,CC1=C(C(=O)NCCCN2CCC(C#N)(c3ccc(F)cc3C#N)CC2)[C@@H](c2ccc(F)c(F)c2)CC(=O)N1,Scientific Literature,In vitro antagonism at Alpha-1A adrenergic receptor,F,,,Bioorg Med Chem Lett,2000,Alpha-1a adrenergic receptor,Ki,nM,8.85,535.57,3.92
CHEMBL315538,7.079,CO/C(O)=C1\C(C)=NC(C)=C(C(=O)NCCCN2CCC(c3ccccc3)(c3ccccc3)CC2)C1c1ccc(OC)cc1,Scientific Literature,Binding affinity determined by displacement of [3H]prazosin from alpha-1A adrenergic receptor,B,,,J Med Chem,1998,Alpha-1a adrenergic receptor,Ki,nM,8.15,593.77,6.53
CHEMBL151668,59.0,COC(=O)C1(c2ccccc2)CCN(CCCNC(=O)C2=C(C)NC(C)=C(C(=O)O)C2c2ccc([N+](=O)[O-])cc2)CC1,Scientific Literature,Binding affinity was determined for the alpha-1A adrenergic receptor,B,,,J Med Chem,1998,Alpha-1a adrenergic receptor,Ki,nM,7.23,576.65,3.63
CHEMBL142981,0.1,COC(=O)C1=C(C)NC(=O)N(CCCCCN2CCC(C(=O)OC)(c3ccccc3)CC2)C1c1ccc(F)c(F)c1,Scientific Literature,In vitro binding affinity against alpha-1A adrenergic receptor of human liver microsomes,B,,Liver,J Med Chem,1999,Alpha-1a adrenergic receptor,Ki,nM,10.0,569.65,4.86
CHEMBL3752900,524.81,C=CCN(CC=C)CCc1c[nH]c2ccc(Cl)cc12,Scientific Literature,Binding affinity to alpha-1A adrenergic receptor (unknown origin) by competition binding assay,B,Homo sapiens,,Bioorg Med Chem Lett,2016,Alpha-1a adrenergic receptor,Ki,nM,6.28,274.8,4.04
CHEMBL284470,14.79,CO/C(O)=C1\C(C)=NC(C)=C(C(=O)NCCCCN2CCC(c3ccccc3)(c3ccccc3)CC2)C1c1ccc([N+](=O)[O-])cc1,Scientific Literature,Binding affinity determined by displacement of [3H]prazosin from alpha-1A adrenergic receptor,B,,,J Med Chem,1998,Alpha-1a adrenergic receptor,Ki,nM,7.83,622.77,6.82
CHEMBL27251,373.0,CN1CCc2ccc3c4c2[C@H]1Cc1cccc(c1-4)[C@@H]3N,Scientific Literature,Binding affinity towards alpha-1-adrenergic receptor,B,,,J Med Chem,2003,Alpha-1a adrenergic receptor,Ki,nM,6.43,262.36,2.8
CHEMBL228389,21.0,COc1ccc(S(=O)(=O)N[C@H]2CC[C@H](N3CCC(c4ccccc4OCC(F)(F)F)CC3)CC2)cc1OC,Scientific Literature,Binding affinity to human cloned adrenergic alpha-1a receptor,B,Homo sapiens,,Bioorg Med Chem Lett,2007,Alpha-1a adrenergic receptor,Ki,nM,7.68,556.65,5.11
CHEMBL429453,15.0,CCN([C@H]1CC[C@@H](N2CCN(c3ccccc3OC(C)C)CC2)CC1)S(=O)(=O)c1ccc(OC)c(OC)c1,Scientific Literature,Binding affinity to human cloned adrenergic Alpha-1A receptor,B,Homo sapiens,,Bioorg Med Chem Lett,2007,Alpha-1a adrenergic receptor,Ki,nM,7.82,545.75,4.64
CHEMBL1796034,15.85,O=C1CC(c2ccccc2)CC(=O)N1CCCCN1CCN(c2ccccc2Cl)CC1,Scientific Literature,Displacement of [125I]BE-2254 from human adrenergic alpha1A receptor expressed in HEK293 cells,B,Homo sapiens,,Eur J Med Chem,2011,Alpha-1a adrenergic receptor,Ki,nM,7.8,439.99,4.18
CHEMBL69295,0.66,Cc1ccc(N2C(=O)c3ccc(C(=O)NCC(O)CN4CCN(c5ccccc5OC(C)C)CC4)cc3C2=O)cc1,Scientific Literature,Binding affinity towards cloned human alpha-1A adrenergic receptor was determined using [125]-HEAT as radioligand,B,,,J Med Chem,2000,Alpha-1a adrenergic receptor,Ki,nM,9.18,556.66,3.5
CHEMBL343822,1100.0,O=C1c2ccccc2C(Cc2ccnc(F)c2)(Cc2ccnc(F)c2)c2ccccc21,Scientific Literature,Inhibition of alpha1A adrenergic receptor (unknown origin),B,Homo sapiens,,Bioorg Med Chem Lett,2019,Alpha-1a adrenergic receptor,Ki,nM,5.96,412.44,5.07
CHEMBL4170675,18.2,COc1cc2nc(N3CCC[C@H](NC(=O)[C@H]4COc5ccccc5O4)C3)nc(N)c2cc1OC,Scientific Literature,Displacement of [3H]prazosin from human alpha1A adrenoceptor expressed in CHO cell membranes after 30 mins,B,Homo sapiens,,Eur J Med Chem,2017,Alpha-1a adrenergic receptor,Ki,nM,7.74,465.51,2.15
CHEMBL611,2.0,COc1cc2nc(N3CCN(C(=O)C4CCCO4)CC3)nc(N)c2cc1OC,Scientific Literature,Binding affinity against human adrenergic receptor subtype Alpha-1A adrenergic receptor using [3H]prazosin as radioligand,B,,,J Med Chem,1997,Alpha-1a adrenergic receptor,Ki,nM,8.7,387.44,1.06
CHEMBL2146812,398.11,CN1CCC[C@@H]1Cn1nc(Cc2ccc(Cl)cc2)c2nccnc2c1=O,Scientific Literature,Antagonist activity at human adrenergic alpha1A receptor expressed in rat fibroblasts by by plate-based calcium imaging,F,Homo sapiens,,Bioorg Med Chem,2012,Alpha-1a adrenergic receptor,Ki,nM,6.4,369.86,2.52
CHEMBL302942,2.09,COc1ccc(N2C(=O)c3ccc(C(=O)NC[C@@H](O)CN4CCN(c5ccccc5OC(C)C)CC4)cc3C2=O)cc1,Scientific Literature,Binding affinity towards cloned human alpha-1A adrenergic receptor was determined using [125]-HEAT as radioligand,B,,,J Med Chem,2000,Alpha-1a adrenergic receptor,Ki,nM,8.68,572.66,3.2
CHEMBL358595,0.5,CCC1=C(C(N)=O)C(c2ccc([N+](=O)[O-])cc2)N(C(=O)NCCCN2CCC(C(=O)OC)(c3ccccc3)CC2)C(=O)N1,Scientific Literature,In vitro binding affinity against Alpha-1A adrenergic receptor of human liver microsomes.,B,,Liver,J Med Chem,1999,Alpha-1a adrenergic receptor,Ki,nM,9.3,592.65,3.12
CHEMBL80641,0.63,COc1ccccc1N1CCN(CCNc2c(C(C)=O)c(-c3ccccc3)nn(C)c2=O)CC1,Scientific Literature,Binding affinity towards human cloned alpha-1A-adrenoceptor using [3H]prazosin as radioligand,B,,,J Med Chem,2001,Alpha-1a adrenergic receptor,Ki,nM,9.2,461.57,2.89
CHEMBL145894,0.06,COC(=O)C1=C(C)NC(=O)N(C(=O)NCCCN2CCC(c3ccc(C)cc3)(c3ccccc3C)CC2)C1c1ccc(F)c(F)c1,Scientific Literature,In vitro binding affinity against alpha-1A adrenergic receptor of human liver microsomes,B,,Liver,J Med Chem,1999,Alpha-1a adrenergic receptor,Ki,nM,10.22,630.74,6.28
CHEMBL75201,107151.93,C1COC(N2CCOCC2)=N1,Scientific Literature,Binding affinity towards human Alpha-1C adrenergic receptor by the displacement of [3H]prazosin,B,,,Bioorg Med Chem Lett,1994,Alpha-1a adrenergic receptor,Ki,nM,,156.18,-0.3
CHEMBL151045,7.7,CC1=C(C(N)=O)C(c2ccc([N+](=O)[O-])cc2)C(C(=O)NCCCN2CCC(O)(c3ccccc3)CC2)=C(C)N1,Scientific Literature,Binding affinity was determined for the alpha-1A adrenergic receptor,B,,,J Med Chem,1998,Alpha-1a adrenergic receptor,Ki,nM,8.11,533.63,2.8
CHEMBL51074,1.93,Cn1nc(Cl)c2cn3nc(NCCN4CCN(c5ccccc5)CC4)ccc3c2c1=O,Scientific Literature,The compound was tested for binding affinity on [3H]- prazosin as specific ligand on Human cloned alpha-1A adrenergic receptor expressed in CHO cells,B,,,J Med Chem,1999,Alpha-1a adrenergic receptor,Ki,nM,8.71,437.94,2.47
CHEMBL62249,9.7,Cc1ccc(C2(c3ccc(C)cc3)CC(=O)N(CC(O)CN3CCC(C#N)(c4ccccc4C)CC3)C2=O)cc1,Scientific Literature,In vitro binding affinity towards cloned human Alpha-1A adrenergic receptor,B,Homo sapiens,,Bioorg Med Chem Lett,2001,Alpha-1a adrenergic receptor,Ki,nM,8.01,535.69,4.58
CHEMBL144286,95.5,COc1cc2nc3c(c(N)c2cc1OC)CCC(CNC(=O)c1ccco1)C3,Scientific Literature,Binding affinity measured in CHO cells expressing human cloned Alpha-1A adrenergic receptor expressed as pKi,B,Homo sapiens,,J Med Chem,2003,Alpha-1a adrenergic receptor,Ki,nM,7.02,381.43,2.96
CHEMBL298058,1.3,Cc1ccc(C(C(=O)NCCCN2CCC(C#N)(c3ccccc3C)CC2)c2ccc(C)cc2)cc1,Scientific Literature,Inhibition of binding of [125I]HEAT to cloned human alpha-1A adrenergic receptor.,B,,,Bioorg Med Chem Lett,2000,Alpha-1a adrenergic receptor,Ki,nM,8.89,479.67,5.81
CHEMBL3920110,1.995,COc1ccc(CCN2CCN(c3ccccc3OC(C)C)CC2)cc1OC,Scientific Literature,Displacement of [3H]prazosin from human alpha1A-adrenoceptor expressed in CHO cell membranes measured after 30 mins,B,Homo sapiens,,Eur J Med Chem,2016,Alpha-1a adrenergic receptor,Ki,nM,8.7,384.52,3.86
CHEMBL597,0.6,Cc1ccc(N(CC2=NCCN2)c2cccc(O)c2)cc1,Scientific Literature,Displacement of [3H]-Prazosin from human alpha-1A adrenergic receptor transfected in CHO cell membranes after 2 hrs by microplate scintillation counting analysis,B,Homo sapiens,,ACS Med Chem Lett,2015,Alpha-1a adrenergic receptor,Ki,nM,9.22,281.36,2.84
CHEMBL215421,0.4074,COc1cccc(OC)c1OCCNC[C@H]1COc2ccccc2O1.Cl,Scientific Literature,Displacement of [3H]prazosin from cloned human adrenergic alpha 1A receptor expressed in CHO cells,B,Homo sapiens,,J Med Chem,2006,Alpha-1a adrenergic receptor,Ki,nM,9.39,381.86,2.51
CHEMBL37883,37.15,O=C(O)C(=O)O.c1ccc(OCCNCC2COC(c3ccccc3)(c3ccccc3)O2)cc1,Scientific Literature,Displacement of [3H] prazosin from human cloned adrenoceptor alpha 1A expressed in CHO cell membrane incubated for 30 mins by liquid scintillation counting,B,Homo sapiens,,Eur J Med Chem,2019,Alpha-1a adrenergic receptor,Ki,nM,7.43,465.5,3.97
CHEMBL4526865,977.24,COc1ccccc1OCCNC[C@@H]1CO[C@H](C(c2ccccc2)c2ccccc2)O1.O=C(O)C(=O)O,Scientific Literature,Displacement of [3H] prazosin from human cloned adrenoceptor alpha 1A expressed in CHO cell membrane incubated for 30 mins by liquid scintillation counting,B,Homo sapiens,,Eur J Med Chem,2019,Alpha-1a adrenergic receptor,Ki,nM,6.01,509.56,4.24
CHEMBL228496,7.0,O=S(=O)(N[C@H]1CC[C@@H](N2CCC(c3ccccc3OCC(F)(F)F)CC2)CC1)c1cccc(OC(F)F)c1,Scientific Literature,Binding affinity to human cloned adrenergic alpha-1a receptor,B,Homo sapiens,,Bioorg Med Chem Lett,2007,Alpha-1a adrenergic receptor,Ki,nM,8.15,562.6,5.7
CHEMBL61643,5.7,Cc1ccc(C(O)(C(=O)NCCCN2CCC(C#N)(c3ccccc3)CC2)c2ccc(C)cc2)cc1,Scientific Literature,In vitro binding affinity towards cloned human Alpha-1A adrenergic receptor,B,Homo sapiens,,Bioorg Med Chem Lett,2001,Alpha-1a adrenergic receptor,Ki,nM,8.24,481.64,4.6
CHEMBL70676,977.24,Ic1c(NC2=NCCN2)ccc2nccnc12,Scientific Literature,Binding affinity for human Alpha-1A adrenergic receptor from cultured LM(tk-) cells using [3H]-prazosin,B,Homo sapiens,,Bioorg Med Chem Lett,1995,Alpha-1a adrenergic receptor,Ki,nM,6.01,339.14,1.61
CHEMBL145411,0.1,COC(=O)C1=C(C)N=C(C)N(CCCCCN2CCC(c3ccc(C)cc3)(c3ccccc3C)CC2)C1c1ccc(F)c(F)c1,Scientific Literature,Binding affinity against Alpha-1A adrenergic receptor (recombinant human receptor) using [3H]prazosin.,B,,,J Med Chem,1999,Alpha-1a adrenergic receptor,Ki,nM,10.0,613.79,8.06
CHEMBL2424668,80.0,Cl.O=C(Cc1ccc(OC2CCNCC2)cc1OCCF)N1CCC(N2C(=O)CCc3ccccc32)CC1,Scientific Literature,Binding affinity to human adrenergic alpha-1A receptor by competitive binding assay,B,Homo sapiens,,Bioorg Med Chem Lett,2013,Alpha-1a adrenergic receptor,Ki,nM,7.1,546.08,3.68
CHEMBL2114249,0.9,C[C@H]1OC(=O)N(C(=O)NCCCN2CCC(c3ccc(F)cc3)CC2)[C@H]1c1ccc(F)c(F)c1,Scientific Literature,Tested for binding affinity against recombinant human Alpha-1A adrenergic receptor using [125I]HEAT in competition binding assay,B,,,Bioorg Med Chem Lett,2000,Alpha-1a adrenergic receptor,Ki,nM,9.05,475.51,4.97
CHEMBL13754,2.63,COc1ccccc1N1CCN(CCn2c(=O)[nH]c3sc(C)c(-c4ccccc4)c3c2=O)CC1,Scientific Literature,Binding affinity for human Alpha-1A adrenergic receptor,B,Homo sapiens,,Bioorg Med Chem Lett,2001,Alpha-1a adrenergic receptor,Ki,nM,8.58,476.6,3.56
CHEMBL57691,4.7,COCC1=C(C(=O)OC)[C@H](c2ccc(F)c(F)c2)N(C(=O)N[C@H]2CC[C@@H](N3CCC(c4ccccn4)CC3)C2)C(=O)N1,Scientific Literature,Displacement of [125I]HEAT from human Alpha-1A adrenergic receptor stably expressed in CHO cells,B,,,Bioorg Med Chem Lett,2000,Alpha-1a adrenergic receptor,Ki,nM,8.33,583.64,4.01
CHEMBL100481,281838293126444.94,Cc1nc2c3ccccc3nc-2c(O)n1CCN1CCN(c2ccc(C(C)C)cc2)CC1,Scientific Literature,Binding affinity towards Alpha-1A adrenergic receptor,B,,,J Med Chem,2003,Alpha-1a adrenergic receptor,Ki,nM,,429.57,4.5
CHEMBL1775000,151.0,COc1ccccc1N1CCN(CCN(C(=O)c2ccc([18F])cc2)c2ccccn2)CC1,Scientific Literature,Binding affinity to alpha1A receptor,B,,,Eur J Med Chem,2011,Alpha-1a adrenergic receptor,Ki,nM,6.82,433.52,3.7
CHEMBL432947,1.2,Cc1ccc2oc(=O)n(C3CCN(CCCCN4C(=O)c5ccccc5S4(=O)=O)CC3)c2c1,Scientific Literature,Ability to displace beta ([125I]-iodo-4-hydroxyphenyl)-ethylamino methyl tetralone from human cloned Alpha-1a adrenergic receptor stably expressed in Chinese Hamster Ovary (CHO) cells,B,Homo sapiens,,Bioorg Med Chem Lett,1998,Alpha-1a adrenergic receptor,Ki,nM,8.92,469.56,3.16
CHEMBL1796049,63.1,COc1ccccc1N1CCN(CCCN2C(=O)CC3(CCc4ccccc43)CC2=O)CC1,Scientific Literature,Displacement of [125I]BE-2254 from human adrenergic alpha1A receptor expressed in HEK293 cells,B,Homo sapiens,,Eur J Med Chem,2011,Alpha-1a adrenergic receptor,Ki,nM,7.2,447.58,3.24
CHEMBL2153558,18.2,COc1cccc(OC)c1OCCNC[C@@H]1COc2cccc(F)c2O1.Cl,Scientific Literature,Displacement of [3H]prazosin from human cloned alpha1A adrenoceptor expressed in CHO cell membranes after 30 mins by liquid scintillation counter,B,Homo sapiens,,Eur J Med Chem,2012,Alpha-1a adrenergic receptor,Ki,nM,7.74,399.85,2.65
CHEMBL1767152,199.53,CN1CCC[C@@H]1Cn1nc(CCc2ccccc2)c2ccccc2c1=O,Scientific Literature,Binding affinity to human adrenergic alpha1A receptor expressed in rat intact fibroblasts,B,Homo sapiens,,J Med Chem,2011,Alpha-1a adrenergic receptor,Ki,nM,6.7,347.46,3.28
CHEMBL1767161,158.49,O=c1c2ccccc2c(Cc2ccc(Cl)cc2)nn1C1CCCN(CCCCc2ccc(OCCCN3CCCCCC3)cc2)CC1,Scientific Literature,Binding affinity to human adrenergic alpha1A receptor expressed in rat intact fibroblasts,B,Homo sapiens,,J Med Chem,2011,Alpha-1a adrenergic receptor,Ki,nM,6.8,655.33,8.34
CHEMBL639,50.12,CN1CCCC(n2nc(Cc3ccc(Cl)cc3)c3ccccc3c2=O)CC1,Scientific Literature,Binding affinity to human adrenergic alpha1A receptor expressed in rat intact fibroblasts,B,Homo sapiens,,J Med Chem,2011,Alpha-1a adrenergic receptor,Ki,nM,7.3,381.91,4.3
CHEMBL1765111,31.62,O=c1c2ccccc2c(Cc2ccc(Cl)cc2)nn1C1CCCN(CCc2ccc(OCCCN3CCCCCC3)cc2)CC1,Scientific Literature,Binding affinity to human adrenergic alpha1A receptor expressed in rat intact fibroblasts,B,Homo sapiens,,J Med Chem,2011,Alpha-1a adrenergic receptor,Ki,nM,7.5,627.27,7.56
CHEMBL359173,8.0,COC(=O)C1=C(C)NC(=O)N(C(=O)NCCCN2CCC(C(=O)OC)(c3ccccc3)CC2)C1c1ccc(C)cc1,Scientific Literature,In vitro binding affinity against Alpha-1A adrenergic receptor of human liver microsomes.,B,,Liver,J Med Chem,1999,Alpha-1a adrenergic receptor,Ki,nM,8.1,562.67,3.81
CHEMBL3342858,17.78,COc1ccccc1N1CCN(CC2COC3(CCN(c4ccccn4)CC3)O2)CC1,Scientific Literature,Displacement of [3H]prazosin from human recombinant alpha1A adrenoceptor expressed in CHO cells after 30 mins by liquid scintillation counting,B,Homo sapiens,,Eur J Med Chem,2014,Alpha-1a adrenergic receptor,Ki,nM,7.75,424.55,2.62
CHEMBL3342859,10.72,COc1ccccc1N1CCN(CC2COC3(CCN(C(=O)c4ccccc4)CC3)O2)CC1,Scientific Literature,Displacement of [3H]prazosin from human recombinant alpha1A adrenoceptor expressed in CHO cells after 30 mins by liquid scintillation counting,B,Homo sapiens,,Eur J Med Chem,2014,Alpha-1a adrenergic receptor,Ki,nM,7.97,451.57,2.87
CHEMBL3104091,2398.83,CN1CCc2c(c3cccc4c3n2-c2ccccc2CC4)C1,Scientific Literature,Displacement of [125I]HEAT from adrenergic alpha1A receptor (unknown origin),B,Homo sapiens,,Bioorg Med Chem Lett,2014,Alpha-1a adrenergic receptor,Ki,nM,5.62,288.39,3.72
CHEMBL145353,4.2,COC(=O)C1(c2ccccc2)CCN(CCCCCN2C(C)=NC(C)=C(C(N)=O)C2c2ccc(F)cc2F)CC1,Scientific Literature,Binding affinity against Alpha-1A adrenergic receptor (recombinant human receptor) using [3H]prazosin.,B,,,J Med Chem,1999,Alpha-1a adrenergic receptor,Ki,nM,8.38,552.67,4.88
CHEMBL358313,3.5,COC(=O)C1=C(C)N=C(C)N(CCC[C@H](C)CN2CCN(c3ccccc3C(N)=O)CC2)C1c1ccc(F)c(F)c1,Scientific Literature,Binding affinity against Alpha-1A adrenergic receptor (recombinant human receptor) using [3H]prazosin.,B,,,J Med Chem,1999,Alpha-1a adrenergic receptor,Ki,nM,8.46,567.68,4.52
CHEMBL3216590,3.802,COc1ccc2c(c1OCCNC[C@H]1COc3ccccc3O1)NCC2.Cl.Cl,Scientific Literature,Displacement of [3H]prazosin from human alpha-1A adrenoreceptor expressed in CHO cells after 30 mins,B,Homo sapiens,,J Med Chem,2013,Alpha-1a adrenergic receptor,Ki,nM,8.42,429.34,2.47
CHEMBL300272,62.0,COC(=O)C1(c2ccccc2)CCN(CCNC(=O)N2C(=O)NC3=C(C(=O)OC3)C2c2ccc(F)c(F)c2)CC1,Scientific Literature,Displacement of [3H]- prazosin from human recombinant Alpha-1A adrenergic receptor,B,Homo sapiens,,Bioorg Med Chem Lett,2000,Alpha-1a adrenergic receptor,Ki,nM,7.21,554.55,2.76
CHEMBL14199,8.49,COc1ccccc1N1CCN(CCCn2c(=O)[nH]c3scc(-c4ccccc4)c3c2=O)CC1,Scientific Literature,Binding affinity for human Alpha-1A adrenergic receptor,B,Homo sapiens,,Bioorg Med Chem Lett,2001,Alpha-1a adrenergic receptor,Ki,nM,8.07,476.6,3.64
CHEMBL316358,0.18,CN1C=C(C(=O)NCCCN2CCC(C#N)(c3ccc(F)cc3C#N)CC2)[C@@H](c2ccc(F)c(F)c2)NC1=O,Scientific Literature,Evaluated for the ability to displace [125I]- HEAT from human cloned Alpha-1A adrenergic receptor stably expressed in CHO cells.,B,,,J Med Chem,2000,Alpha-1a adrenergic receptor,Ki,nM,9.74,536.56,3.62
CHEMBL328658,0.25,CC1=C(C(=O)NCCCN2CCC(c3ccccc3C#N)CC2)[C@@H](c2ccc(F)c(F)c2)NC(=O)N1,Scientific Literature,Evaluated for the ability to displace [125I]- HEAT from human cloned Alpha-1A adrenergic receptor stably expressed in CHO cells.,B,,,J Med Chem,2000,Alpha-1a adrenergic receptor,Ki,nM,9.6,493.56,3.85
CHEMBL93693,11.0,CC1=C(C(=O)NCCCN2CCC(c3ccc(F)cc3)CC2)[C@H](c2ccc(F)c(F)c2)N(C)C(=O)N1C,Scientific Literature,Ability to displace [125I]- HEAT from human cloned Alpha-1A adrenergic receptor stably expressed in CHO cells.,B,,,J Med Chem,2000,Alpha-1a adrenergic receptor,Ki,nM,7.96,514.59,4.8
CHEMBL90086,0.068,CN1C=C(C(=O)NCCCN2CCC(c3ccc(F)cc3C#N)CC2)[C@@H](c2ccc(F)c(F)c2)NC1=O,Scientific Literature,Evaluated for the ability to displace [125I]- HEAT from human cloned Alpha-1A adrenergic receptor stably expressed in CHO cells.,B,,,J Med Chem,2000,Alpha-1a adrenergic receptor,Ki,nM,10.17,511.55,3.94
CHEMBL134428,77.62,O[C@@H]1[C@H](NC[C@@H]2COc3ccccc3O2)CC[C@H]1Oc1ccccc1,Scientific Literature,Displacement of [3H]prazosin from human cloned Alpha-1A adrenergic receptor,B,Homo sapiens,,J Med Chem,1999,Alpha-1a adrenergic receptor,Ki,nM,7.11,341.41,2.39
CHEMBL45491,12.0,CN(C)C1C=CC2(CC1)c1ccccc1CCc1ccc(Cl)cc12,Scientific Literature,The compound was tested for binding affinity against Alpha-1 adrenergic receptor using WB-4101 as radioligand,B,,,J Med Chem,1991,Alpha-1a adrenergic receptor,Ki,nM,7.92,337.89,5.0
CHEMBL56248,8.3,COCC1=C(C(=O)OC)[C@H](c2ccc(F)c(F)c2)N(C(=O)N[C@H]2CC[C@H](N3CCC(c4ccccn4)CC3)C2)C(=O)N1,Scientific Literature,Displacement of [125I]HEAT from human Alpha-1A adrenergic receptor stably expressed in CHO cells,B,,,Bioorg Med Chem Lett,2000,Alpha-1a adrenergic receptor,Ki,nM,8.08,583.64,4.01
CHEMBL145610,1.2,COC(=O)C1=C(C)NC(=O)N(C(=O)NCCCN2CCC(C(=O)OC)(c3ccccc3)CC2)C1c1ccc(F)cc1,Scientific Literature,In vitro binding affinity against Alpha-1A adrenergic receptor of human liver microsomes.,B,,Liver,J Med Chem,1999,Alpha-1a adrenergic receptor,Ki,nM,8.92,566.63,3.65
CHEMBL543741,380.19,COc1ccccc1N1CCN(CCN2C(=O)CC3(CCCC3)CC2=O)CC1.Cl.Cl,Scientific Literature,Affinity constant towards human recombinant Alpha-1A adrenergic receptor using [3H]prazosin (from CHO cells) as radioligand by radioligand binding assay,F,,,J Med Chem,2003,Alpha-1a adrenergic receptor,Ki,nM,6.42,458.43,2.53
CHEMBL143066,1.1,COC(=O)C1=C(C)NC(=O)N(C(=O)NCCCN2CCC(C(=O)OC)(c3ccccc3)CC2)C1c1cccc(Cl)c1,Scientific Literature,In vitro binding affinity against Alpha-1A adrenergic receptor of human liver microsomes.,B,,Liver,J Med Chem,1999,Alpha-1a adrenergic receptor,Ki,nM,8.96,583.09,4.16
CHEMBL145562,0.7,COC(=O)C1(c2ccccc2)CCN(CCCNC(=O)N2C(=O)NC(C)=C(C(N)=O)C2c2ccc([N+](=O)[O-])cc2)CC1,Scientific Literature,In vitro binding affinity against Alpha-1A adrenergic receptor of human liver microsomes.,B,,Liver,J Med Chem,1999,Alpha-1a adrenergic receptor,Ki,nM,9.15,578.63,2.73
CHEMBL3797529,2700.0,N=c1c(C(N)=O)cc(Cl)cn1Cc1ccccc1,Scientific Literature,Displacement of 7-methoxy-[3H]-prazosin from human alpha1A adrenergic receptor expressed in CHO-K1 cell membranes incubated for 60 mins by liquid scintillation counting analysis,B,Homo sapiens,,J Med Chem,2016,Alpha-1a adrenergic receptor,Ki,nM,,261.71,1.77
CHEMBL101610,10.0,Cc1noc(C)c1S(=O)(=O)Nc1ccc2c(c1)C(=O)CC1(CCN(CCc3cccc4ccccc34)CC1)O2,Scientific Literature,Binding affinity against Alpha-1A adrenergic receptor in human prostatic tissue,B,,,Bioorg Med Chem Lett,1999,Alpha-1a adrenergic receptor,Ki,nM,8.0,545.66,5.29
CHEMBL3936289,10000.0,CN1CC[C@H]2CC(=O)[C@H](Cc3ccccc3)[C@H]3CCC[C@@H]1[C@H]23,Scientific Literature,Displacement of [3H]Prazosin from human Alpha1A receptor measured after 90 mins by microbeta scintillation counting method,B,Homo sapiens,,Bioorg Med Chem Lett,2016,Alpha-1a adrenergic receptor,Ki,nM,,297.44,3.55
CHEMBL4462600,16.98,O=C(O)C(=O)O.c1ccc(OCCNCCOC(c2ccccc2)c2ccccc2)cc1,Scientific Literature,Displacement of [3H] prazosin from human cloned adrenoceptor alpha 1A expressed in CHO cell membrane incubated for 30 mins by liquid scintillation counting,B,Homo sapiens,,Eur J Med Chem,2019,Alpha-1a adrenergic receptor,Ki,nM,7.77,437.49,4.46
CHEMBL4468507,44.67,COc1ccccc1OCCNCCOC(c1ccccc1)c1ccccc1.O=C(O)C(=O)O,Scientific Literature,Displacement of [3H] prazosin from human cloned adrenoceptor alpha 1A expressed in CHO cell membrane incubated for 30 mins by liquid scintillation counting,B,Homo sapiens,,Eur J Med Chem,2019,Alpha-1a adrenergic receptor,Ki,nM,7.35,467.52,4.47
CHEMBL357172,0.3,COC(=O)C1=C(C)NC(=O)N(C(=O)NCCCN2CCN(c3ccccc3C(N)=O)CC2)C1c1cc(F)c(F)c(F)c1,Scientific Literature,In vitro binding affinity against Alpha-1A adrenergic receptor of human liver microsomes.,B,,Liver,J Med Chem,1999,Alpha-1a adrenergic receptor,Ki,nM,9.52,588.59,2.64
CHEMBL67648,0.8,CC(C)Oc1ccccc1N1CCN(CC(O)CNC(=O)c2ccc3c(c2)C(=O)N(c2ccc(N(C)C)cc2)C3=O)CC1,Scientific Literature,Binding affinity towards cloned human alpha-1A adrenergic receptor was determined using [125]-HEAT as radioligand,B,,,J Med Chem,2000,Alpha-1a adrenergic receptor,Ki,nM,9.1,585.71,3.25
CHEMBL145756,16.0,COC(=O)C1=C(C)NC(=O)N(C(=O)NCCCN2CCN(c3ccc(OC)cc3C)CC2)C1c1ccc(F)c(F)c1,Scientific Literature,In vitro binding affinity against Alpha-1A adrenergic receptor of human liver microsomes.,B,,Liver,J Med Chem,1999,Alpha-1a adrenergic receptor,Ki,nM,7.8,571.63,3.72
CHEMBL344525,0.3,COC(=O)C1=C(C)NC(=O)N(C(=O)NCCCN2CCN(c3ccccc3C)CC2)C1c1ccc(F)c(F)c1,Scientific Literature,In vitro binding affinity against Alpha-1A adrenergic receptor of human liver microsomes.,B,,Liver,J Med Chem,1999,Alpha-1a adrenergic receptor,Ki,nM,9.52,541.6,3.71
CHEMBL370818,5.25,Cc1ccc(N(NC2=NCCO2)c2cccc(O)c2)cc1,Scientific Literature,Binding affinity towards alpha-1A adrenergic receptor expressed in human embryonic kidney (HEK293) cells,B,Homo sapiens,,Bioorg Med Chem Lett,2005,Alpha-1a adrenergic receptor,Ki,nM,8.28,283.33,2.73
CHEMBL369520,1.4,O=C(NCCCCN1CCN(c2csc3cc(F)ccc23)CC1)c1cnccn1,Scientific Literature,Inhibition of [3H]prazosin binding to human adrenergic alpha-1A receptor expressed in CHO-K1 cell membranes,B,Bos taurus,,J Med Chem,2005,Alpha-1a adrenergic receptor,Ki,nM,8.85,413.52,3.16
CHEMBL145394,0.12,COC(=O)C1=C(C)NC(=O)N(C(=O)NCCCN2CCN(c3ccccc3C(N)=O)CC2)C1c1ccc(F)c(F)c1,Scientific Literature,In vitro binding affinity against Alpha-1A adrenergic receptor of human liver microsomes.,B,,Liver,J Med Chem,1999,Alpha-1a adrenergic receptor,Ki,nM,9.92,570.6,2.5
CHEMBL2112774,201.0,COc1cccc(C2CCC(NCCOc3ccccn3)CC2)c1,Scientific Literature,Binding affinity was determined on human cloned Alpha-1A adrenoceptor,B,,,J Med Chem,2001,Alpha-1a adrenergic receptor,Ki,nM,6.7,326.44,3.79
CHEMBL293968,2691.53,O=C1CC2(CCCC2)CC(=O)N1CCN1CCN(c2ccccc2)CC1,Scientific Literature,Binding affinity to adrenergic alpha1A receptor (unknown origin),B,Homo sapiens,,Med Chem Res,2011,Alpha-1a adrenergic receptor,Ki,nM,5.57,355.48,2.52
CHEMBL2234443,0.08913,COc1cccc(OC)c1OCCN[C@H]1C[C@@H](c2ccccc2)c2ccccc2S1,Scientific Literature,Binding affinity to adrenergic alpha1A receptor (unknown origin),B,Homo sapiens,,Med Chem Res,2011,Alpha-1a adrenergic receptor,Ki,nM,10.05,421.56,5.33
CHEMBL2234454,467.74,COc1cccc(OC)c1OCCN[C@H]1COC[C@H](c2ccccc2)O1,Scientific Literature,Binding affinity to adrenergic alpha1A receptor (unknown origin),B,Homo sapiens,,Med Chem Res,2011,Alpha-1a adrenergic receptor,Ki,nM,6.33,359.42,2.79
CHEMBL431354,95.42,Cc1ccc(C)c(N2CCN(CCN3C(=O)CC4(CCCC4)CC3=O)CC2)c1,Scientific Literature,Binding affinity to adrenergic alpha1A receptor (unknown origin),B,Homo sapiens,,Med Chem Res,2011,Alpha-1a adrenergic receptor,Ki,nM,7.02,383.54,3.13
CHEMBL342731,0.2,COC(=O)C1=C(C)NC(=O)N(C(=O)NCCCN2CCN(c3ccccc3)CC2)C1c1ccc(F)c(F)c1,Scientific Literature,In vitro binding affinity against Alpha-1A adrenergic receptor of human liver microsomes.,B,,Liver,J Med Chem,1999,Alpha-1a adrenergic receptor,Ki,nM,9.7,527.57,3.4
CHEMBL493284,89.13,COc1cccc(OC)c1OCCNC[C@@H]1COC(c2ccccc2)(c2ccccc2)CO1,Scientific Literature,Displacement of [3H]prazosin from human cloned alpha1A adrenoceptor expressed in CHO cells,B,Homo sapiens,,J Med Chem,2008,Alpha-1a adrenergic receptor,Ki,nM,7.05,449.55,4.03
CHEMBL452437,199.53,COc1ccccc1OCCNC[C@@H]1COC[C@H](c2ccccc2)O1,Scientific Literature,Displacement of [3H]prazosin from human cloned alpha1A adrenoceptor expressed in CHO cells,B,Homo sapiens,,J Med Chem,2008,Alpha-1a adrenergic receptor,Ki,nM,6.7,343.42,2.82
CHEMBL521665,436.52,COc1ccccc1OCCNC[C@@H]1CO[C@H](c2ccccc2)CO1,Scientific Literature,Displacement of [3H]prazosin from human cloned alpha1A adrenoceptor expressed in CHO cells,B,Homo sapiens,,J Med Chem,2008,Alpha-1a adrenergic receptor,Ki,nM,6.36,343.42,2.82
CHEMBL522460,11.0,Cc1ccccc1CN1CCC(N2CCC(n3c(=O)[nH]c4ccccc43)CC2)CC1,Scientific Literature,Binding affinity to human adrenergic alpha1A receptor by radioligand displacement assay,B,Homo sapiens,,J Med Chem,2010,Alpha-1a adrenergic receptor,Ki,nM,7.96,404.56,3.94
CHEMBL2419766,436.52,COc1ccc2cc[nH]c2c1OCCNC[C@@H]1COc2ccccc2O1,Scientific Literature,Displacement of [3H]prazosin from human alpha-1A adrenoreceptor expressed in CHO cells after 30 mins,B,Homo sapiens,,J Med Chem,2013,Alpha-1a adrenergic receptor,Ki,nM,6.36,354.41,2.98
CHEMBL3582272,29.9,CCN(CC)c1ccc2cc(-n3cc(CN4CCN(c5nc(N)c6cc(OC)c(OC)cc6n5)CC4)nn3)c(=O)oc2c1,Scientific Literature,Displacement of [3H]-Prazosin from human alpha-1A adrenergic receptor transfected in CHO cell membranes after 2 hrs by microplate scintillation counting analysis,B,Homo sapiens,,ACS Med Chem Lett,2015,Alpha-1a adrenergic receptor,Ki,nM,7.52,585.67,3.08
CHEMBL101579,8.0,Cn1cnc(S(=O)(=O)Nc2ccc3c(c2)C(=O)CC2(CCN(CCc4cccc5ccccc45)CC2)O3)c1,Scientific Literature,Displacement of [125I]HEAT from human Alpha-1C adrenergic receptor expressed in CHO cells,B,Homo sapiens,,Bioorg Med Chem Lett,1999,Alpha-1a adrenergic receptor,Ki,nM,8.1,530.65,4.42
CHEMBL101322,2000.0,CS(=O)(=O)Nc1ccc2c(c1)C(=O)CC1(CCN(CCc3ccccn3)CC1)O2,Scientific Literature,Displacement of [125I]HEAT from human Alpha-1C adrenergic receptor expressed in CHO cells,B,Homo sapiens,,Bioorg Med Chem Lett,1999,Alpha-1a adrenergic receptor,Ki,nM,,415.52,2.5
CHEMBL144965,1.0,COC(=O)C1=C(C)NC(=O)N(C(=O)NCCCN2CCC(OC)(c3ccccc3)CC2)C1c1ccc(F)c(F)c1,Scientific Literature,In vitro binding affinity against alpha-1A adrenergic receptor of human liver microsomes,B,,Liver,J Med Chem,1999,Alpha-1a adrenergic receptor,Ki,nM,9.0,556.61,4.22
CHEMBL312871,8.71,CC1=C(C(N)=O)C(c2ccc3c(c2)OCO3)C(C(=O)NCCCN2CCC(c3ccccc3)(c3ccccc3)CC2)=C(C)N1,Scientific Literature,Binding affinity determined by displacement of [3H]prazosin from alpha-1A adrenergic receptor,B,,,J Med Chem,1998,Alpha-1a adrenergic receptor,Ki,nM,8.06,592.74,4.72
CHEMBL1796041,67.61,COc1ccccc1N1CCN(CCCCN2C(=O)CC(c3ccc(Cl)cc3)CC2=O)CC1,Scientific Literature,Displacement of [125I]BE-2254 from human adrenergic alpha1A receptor expressed in HEK293 cells,B,Homo sapiens,,Eur J Med Chem,2011,Alpha-1a adrenergic receptor,Ki,nM,7.17,470.01,4.18
CHEMBL293515,0.4,COCC1=C(C(=O)OC)[C@H](c2ccc(F)c(F)c2)N(C(=O)N[C@@H]2CC[C@H](N3CCC(c4ccccn4)CC3)C2)C(=O)N1,Scientific Literature,Displacement of [125I]HEAT from human Alpha-1A adrenergic receptor stably expressed in CHO cells,B,,,Bioorg Med Chem Lett,2000,Alpha-1a adrenergic receptor,Ki,nM,9.4,583.64,4.01
CHEMBL419164,1670.0,CS(=O)(=O)Nc1ccc2c(c1)OC1(CCN(CCc3ccccn3)CC1)CC2=O,Scientific Literature,Displacement of [125I]HEAT from human Alpha-1C adrenergic receptor expressed in CHO cells,B,Homo sapiens,,Bioorg Med Chem Lett,1999,Alpha-1a adrenergic receptor,Ki,nM,5.78,415.52,2.5
CHEMBL13647,380.19,COc1ccccc1N1CCN(CCN2C(=O)CC3(CCCC3)CC2=O)CC1,Scientific Literature,Displacement of [3H]prazosin from human cloned Alpha-1A adrenergic receptor,B,Homo sapiens,,J Med Chem,1999,Alpha-1a adrenergic receptor,Ki,nM,6.42,385.51,2.53
CHEMBL99614,20.0,CS(=O)(=O)Nc1ccc2c(c1)OC1(CCN(CCc3cccc4ccccc34)CC1)CC2=O,Scientific Literature,Displacement of [125I]HEAT from human Alpha-1C adrenergic receptor expressed in CHO cells,B,Homo sapiens,,Bioorg Med Chem Lett,1999,Alpha-1a adrenergic receptor,Ki,nM,7.7,464.59,4.25
CHEMBL88628,16.22,CNC(=O)C1=C(C)NC(C)=C(C(=O)NCCCN2CCC(c3ccccc3)(c3ccccc3)CC2)C1c1ccc2c(c1)OCO2,Scientific Literature,Binding affinity determined by displacement of [3H]prazosin from alpha-1A adrenergic receptor,B,,,J Med Chem,1998,Alpha-1a adrenergic receptor,Ki,nM,7.79,606.77,4.98
CHEMBL228607,31.0,COc1ccc(S(=O)(=O)N[C@H]2CC[C@H](N3CCC(c4ccccc4OCC(F)F)CC3)CC2)cc1OC,Scientific Literature,Binding affinity to human cloned adrenergic Alpha-1A receptor,B,Homo sapiens,,Bioorg Med Chem Lett,2007,Alpha-1a adrenergic receptor,Ki,nM,7.51,538.66,4.82
CHEMBL388361,28.0,COc1ccc(S(=O)(=O)N[C@H]2CC[C@H](N3CCC(c4ccccc4OC(C)C)CC3)CC2)cc1OC,Scientific Literature,Binding affinity to human cloned adrenergic Alpha-1A receptor,B,Homo sapiens,,Bioorg Med Chem Lett,2007,Alpha-1a adrenergic receptor,Ki,nM,7.55,516.7,4.96
CHEMBL25300,0.3981,COc1c(C)c(C)c(O)c(C)c1CN(C)CCOc1cc(C)c(O)cc1C(C)C,Scientific Literature,Binding affinity was tested on human Alpha-1A adrenergic receptor,B,,,J Med Chem,1997,Alpha-1a adrenergic receptor,Ki,nM,9.4,401.55,4.97
CHEMBL234669,2.7,CC(C)Oc1ccccc1N1CCN([C@H]2CC[C@H](NS(=O)(=O)c3ccccc3)CC2)CC1,Scientific Literature,Binding affinity to human cloned adrenergic alpha-1A receptor,B,Homo sapiens,,Bioorg Med Chem Lett,2007,Alpha-1a adrenergic receptor,Ki,nM,8.57,457.64,3.89
CHEMBL2260371,8.71,COC(=O)C1=C(C)NC(C)=C(C(=O)NCCN2CCC(c3ccccc3)(c3ccccc3)CC2)C1c1ccc([N+](=O)[O-])cc1,Scientific Literature,Binding affinity to Homo sapiens (human) alpha1A adrenergic receptor,B,Homo sapiens,,Med Chem Res,2004,Alpha-1a adrenergic receptor,Ki,nM,8.06,594.71,5.2
CHEMBL2260367,1.862,COC(=O)C1=C(C)NC(C)=C(C(=O)NCCCN2CCC(c3ccccc3)(c3ccccc3)CC2)C1c1ccc(Cl)c(Cl)c1,Scientific Literature,Binding affinity to Homo sapiens (human) alpha1A adrenergic receptor,B,Homo sapiens,,Med Chem Res,2004,Alpha-1a adrenergic receptor,Ki,nM,8.73,632.63,6.99
CHEMBL301224,33.93,O=C1CC2(CCCC2)CCN1CCN1CCN(c2cc(Cl)ccc2Cl)CC1,Scientific Literature,Binding affinity to adrenergic alpha1A receptor (unknown origin),B,Homo sapiens,,Med Chem Res,2011,Alpha-1a adrenergic receptor,Ki,nM,7.47,410.39,4.3
CHEMBL98912,100000000000000.0,CC(C)c1ccc(N2CCN(CCn3cnc4c5ccccc5nc-4c3O)CC2)cc1,Scientific Literature,Binding affinity towards Alpha-1A adrenergic receptor,B,,,J Med Chem,2003,Alpha-1a adrenergic receptor,Ki,nM,,415.54,4.19
CHEMBL419497,2.3,CN1C=C(C(=O)NCCCN2CCC(C#N)(c3ccc(F)cc3)CC2)[C@H](c2ccc(F)c(F)c2)NC1=O,Scientific Literature,Ability to displace [125I]- HEAT from human cloned Alpha-1A adrenergic receptor stably expressed in CHO cells.,B,,,J Med Chem,2000,Alpha-1a adrenergic receptor,Ki,nM,8.64,511.55,3.75
CHEMBL95434,4.4,CC1=C(C(N)=O)C(c2ccc([N+](=O)[O-])cc2)C(C(=O)NCCCN2CCC(c3ccccc3)(c3ccccc3)CC2)=C(CCCCN)N1,Scientific Literature,Binding affinity against human Alpha-1a adrenergic receptor,B,,,Bioorg Med Chem Lett,1999,Alpha-1a adrenergic receptor,Ki,nM,8.36,650.82,5.01
CHEMBL389129,34000.0,CC(C)C(=O)Nc1cccc(C2CCN(Cc3ccc(Oc4ccc(Cl)c(Cl)c4)cc3)CC2)c1,Scientific Literature,Displacement of [125I]HEAT from human recombinant adrenergic alpha-1A receptor,B,Homo sapiens,,J Med Chem,2007,Alpha-1a adrenergic receptor,Ki,nM,4.47,497.47,7.76
CHEMBL1796044,10.23,COc1ccccc1N1CCN(CCCN2C(=O)CC(C)(c3ccccc3)CC2=O)CC1,Scientific Literature,Displacement of [125I]BE-2254 from human adrenergic alpha1A receptor expressed in HEK293 cells,B,Homo sapiens,,Eur J Med Chem,2011,Alpha-1a adrenergic receptor,Ki,nM,7.99,435.57,3.31
CHEMBL55629,0.7943,Cc1c[nH]c(=O)n(CC2(CN3CCN(c4ccccc4OCC(F)(F)F)CC3)CC2)c1=O,Scientific Literature,Inhibition of [3H]prazosin binding to CHO-K1 whole cells expressing human cloned Alpha-1A adrenergic receptor,B,,,Bioorg Med Chem Lett,2003,Alpha-1a adrenergic receptor,Ki,nM,9.1,452.48,2.39
CHEMBL521694,537.03,c1ccc(OCCNC[C@@H]2CO[C@@H](c3ccccc3)CO2)cc1,Scientific Literature,Displacement of [3H]prazosin from human cloned alpha1A adrenoceptor expressed in CHO cells,B,Homo sapiens,,J Med Chem,2008,Alpha-1a adrenergic receptor,Ki,nM,6.27,313.4,2.81
CHEMBL3343977,120.0,Cc1ccc2c(NCCNc3ccnc4cc(C)ccc34)ccnc2c1,Scientific Literature,Binding affinity to human alpha1A adrenergic receptor transfected in COS1 cells assessed as compound required to occupy 50% of receptor,B,Homo sapiens,,Bioorg Med Chem,2014,Alpha-1a adrenergic receptor,Ki,nM,6.92,342.45,4.92
CHEMBL532818,195.0,COc1cccc2c(NCCNc3ccnc4c(OC)cccc34)ccnc12,Scientific Literature,Binding affinity to human alpha1A adrenergic receptor transfected in COS1 cells assessed as compound required to occupy 50% of receptor,B,Homo sapiens,,Bioorg Med Chem,2014,Alpha-1a adrenergic receptor,Ki,nM,6.71,374.44,4.32
CHEMBL72724,588.84,CSc1ccc(C(F)(F)F)cc1NCC1=NCCN1,Scientific Literature,Affinity to Alpha-1 adrenergic receptor determined by radioligand binding techniques from rat-1 fibroblasts membranes,B,,,J Med Chem,2002,Alpha-1a adrenergic receptor,Ki,nM,6.23,289.33,2.84
CHEMBL357131,1.6,COC(=O)C1=C(C)N=C(C)N(CCC[C@H](C)CN2CCC(C(=O)OC)(c3ccccc3)CC2)C1c1ccc(F)c(F)c1,Scientific Literature,Binding affinity against Alpha-1A adrenergic receptor (recombinant human receptor) using [3H]prazosin.,B,,,J Med Chem,1999,Alpha-1a adrenergic receptor,Ki,nM,8.8,581.7,5.81
CHEMBL268758,2.63,COc1ccccc1N1CCN(CCn2c(=O)[nH]c3scc(-c4ccccc4)c3c2=O)CC1,Scientific Literature,Binding affinity for human Alpha-1A adrenergic receptor,B,Homo sapiens,,Bioorg Med Chem Lett,2001,Alpha-1a adrenergic receptor,Ki,nM,8.58,462.58,3.25
CHEMBL88448,20.42,CO/C(O)=C1\C(C)=NC(C)=C(C(=O)N(C)CCCN2CCC(c3ccccc3)(c3ccccc3)CC2)C1c1ccc([N+](=O)[O-])cc1,Scientific Literature,Binding affinity determined by displacement of [3H]prazosin from alpha-1A adrenergic receptor,B,,,J Med Chem,1998,Alpha-1a adrenergic receptor,Ki,nM,7.69,622.77,6.77
CHEMBL142383,2.1,COC(=O)C1=C(C)NC(=O)N(C(=O)NCCCN2CCC(C(=O)OC)(c3ccccc3)CC2)C1c1ccc([N+](=O)[O-])cc1,Scientific Literature,In vitro binding affinity against Alpha-1A adrenergic receptor of human liver microsomes.,B,,Liver,J Med Chem,1999,Alpha-1a adrenergic receptor,Ki,nM,8.68,593.64,3.41
CHEMBL357842,0.5,COC(=O)C1=C(C)N=C(C)N(CCCCCN2CCC(C(=O)OC)(c3ccccc3)CC2)C1c1ccc(F)cc1F,Scientific Literature,Binding affinity against Alpha-1A adrenergic receptor (recombinant human receptor) using [3H]prazosin.,B,,,J Med Chem,1999,Alpha-1a adrenergic receptor,Ki,nM,9.3,567.68,5.56
CHEMBL4100620,0.16,COCC1=C(C(=O)NCCCN2CCC(C#N)(c3ccc(C#N)cc3)CC2)[C@@H](c2ccc(F)c(F)c2)NC(=O)N1,Scientific Literature,"Displacement of [125I]L-762,459 from recombinant human alpha1a adrenergic receptor expressed in mammalian cells measured after 1 hr",B,Homo sapiens,,Eur J Med Chem,2017,Alpha-1a adrenergic receptor,Ki,nM,9.8,548.59,3.15
CHEMBL300222,0.4,COC(=O)C1(c2ccccc2)CCN(CCCNC(=O)N2C(=O)NC3=C(C(=O)OC3)C2c2ccc(F)c(F)c2)CC1,Scientific Literature,Displacement of [3H]- prazosin from human recombinant Alpha-1A adrenergic receptor,B,Homo sapiens,,Bioorg Med Chem Lett,2000,Alpha-1a adrenergic receptor,Ki,nM,9.4,568.58,3.15
CHEMBL393725,18.0,COc1ccc(C)cc1S(=O)(=O)N[C@H]1CC[C@@H](N2CCN(c3ccccc3OC(C)C)CC2)CC1,Scientific Literature,Binding affinity to human cloned adrenergic alpha-1A receptor,B,Homo sapiens,,Bioorg Med Chem Lett,2007,Alpha-1a adrenergic receptor,Ki,nM,7.75,501.69,4.2
CHEMBL25121,0.6607,CCC1=C(C(=O)NCCCN2CCC(c3ccccc3)(c3ccccc3)CC2)C(c2ccc([N+](=O)[O-])cc2)/C(=C(\O)OC)C(C)=N1,Scientific Literature,Binding affinity was tested on human Alpha-1A adrenergic receptor,B,,,J Med Chem,1997,Alpha-1a adrenergic receptor,Ki,nM,9.18,622.77,6.82
CHEMBL3917716,1.122,CCOc1ccccc1N1CCN(CCc2ccc3c(c2)OCO3)CC1,Scientific Literature,Displacement of [3H]prazosin from human alpha1A-adrenoceptor expressed in CHO cell membranes measured after 30 mins,B,Homo sapiens,,Eur J Med Chem,2016,Alpha-1a adrenergic receptor,Ki,nM,8.95,354.45,3.18
CHEMBL493043,467.74,COc1cccc(OC)c1OCCNC[C@@H]1COC[C@H](c2ccccc2)O1,Scientific Literature,Displacement of [3H]prazosin from human cloned alpha1A adrenoceptor expressed in CHO cells,B,Homo sapiens,,J Med Chem,2008,Alpha-1a adrenergic receptor,Ki,nM,6.33,373.45,2.83
CHEMBL1946779,26.92,COc1ccccc1OCCNCC1CCC(c2ccccc2)(c2ccccc2)O1.O=C(O)C(=O)O,Scientific Literature,Displacement of [3H]prazosin from human recombinant alpha1A adrenoceptor expressed in CHO cells after 30 mins by liquid scintillation counting,B,Homo sapiens,,J Med Chem,2012,Alpha-1a adrenergic receptor,Ki,nM,7.57,493.56,4.79
CHEMBL1946780,0.6457,COc1ccccc1N1CCN(CC2CCC(c3ccccc3)(c3ccccc3)O2)CC1.O=C(O)C(=O)O,Scientific Literature,Displacement of [3H]prazosin from human recombinant alpha1A adrenoceptor expressed in CHO cells after 30 mins by liquid scintillation counting,B,Homo sapiens,,J Med Chem,2012,Alpha-1a adrenergic receptor,Ki,nM,9.19,518.61,4.94
CHEMBL1946784,1000.0,O=C(O)C(=O)O.O[C@@H]1[C@H](CNCCOc2ccccc2)CCC1(c1ccccc1)c1ccccc1,Scientific Literature,Displacement of [3H]prazosin from human recombinant alpha1A adrenoceptor expressed in CHO cells after 30 mins by liquid scintillation counting,B,Homo sapiens,,J Med Chem,2012,Alpha-1a adrenergic receptor,Ki,nM,,477.56,4.41
CHEMBL310768,0.9,CC(C)Oc1ccccc1N1CCN(Cc2nc(CN3CCCC3=O)cs2)CC1,Scientific Literature,Displacement of [125I]HEAT from human Alpha-1A adrenergic receptor,B,Homo sapiens,,Bioorg Med Chem Lett,2002,Alpha-1a adrenergic receptor,Ki,nM,9.05,414.58,3.37
CHEMBL382972,1.585,COc1cccc(OC)c1OCCNCCOc1ccccc1OCc1ccccc1C,Scientific Literature,Displacement of [3H]prazosin from cloned human ADRA1A expressed in CHO cells,B,Homo sapiens,,J Med Chem,2005,Alpha-1a adrenergic receptor,Ki,nM,8.8,437.54,4.64
CHEMBL1796038,6918.31,O=C1CC(c2ccc(Cl)cc2)CC(=O)N1CCN1CCN(c2ccccc2Cl)CC1,Scientific Literature,Displacement of [125I]BE-2254 from human adrenergic alpha1A receptor expressed in HEK293 cells,B,Homo sapiens,,Eur J Med Chem,2011,Alpha-1a adrenergic receptor,Ki,nM,5.16,446.38,4.05
CHEMBL1796039,28.18,COc1ccccc1N1CCN(CCCN2C(=O)CC(c3ccc(Cl)cc3)CC2=O)CC1,Scientific Literature,Displacement of [125I]BE-2254 from human adrenergic alpha1A receptor expressed in HEK293 cells,B,Homo sapiens,,Eur J Med Chem,2011,Alpha-1a adrenergic receptor,Ki,nM,7.55,455.99,3.79
CHEMBL1796046,22.39,COc1ccccc1N1CCN(CCCCN2C(=O)CC(C)(c3ccccc3)CC2=O)CC1,Scientific Literature,Displacement of [125I]BE-2254 from human adrenergic alpha1A receptor expressed in HEK293 cells,B,Homo sapiens,,Eur J Med Chem,2011,Alpha-1a adrenergic receptor,Ki,nM,7.65,449.6,3.7
CHEMBL229085,0.91,COc1ccc(S(=O)(=O)N[C@H]2CC[C@@H](N3CCC(c4ccccc4OC4CC4)CC3)CC2)cc1OC,Scientific Literature,Binding affinity to human cloned adrenergic alpha-1a receptor,B,Homo sapiens,,Bioorg Med Chem Lett,2007,Alpha-1a adrenergic receptor,Ki,nM,9.04,514.69,4.71
CHEMBL1767164,39.81,O=c1c2ccccc2c(Cc2ccc(Cl)cc2)nn1C[C@H]1CCCN1CCCCc1ccc(OCCCN2CCCCCC2)cc1,Scientific Literature,Antagonist activity at human adrenergic alpha1A receptor expressed in rat fibroblasts by by plate-based calcium imaging,F,Homo sapiens,,Bioorg Med Chem,2012,Alpha-1a adrenergic receptor,Ki,nM,7.4,641.3,7.77
CHEMBL3342861,21.38,COc1ccccc1N1CCN(CC2COC3(CCN(C(=O)c4ccco4)CC3)O2)CC1,Scientific Literature,Displacement of [3H]prazosin from human recombinant alpha1A adrenoceptor expressed in CHO cells after 30 mins by liquid scintillation counting,B,Homo sapiens,,Eur J Med Chem,2014,Alpha-1a adrenergic receptor,Ki,nM,7.67,441.53,2.46
CHEMBL3343975,26.3,c1ccc2c(NCCNc3ccnc4ccccc34)ccnc2c1,Scientific Literature,Displacement of [3H]-prazosin from human alpha1A adrenergic receptor transfected in COS1 cells,B,Homo sapiens,,Bioorg Med Chem,2014,Alpha-1a adrenergic receptor,Ki,nM,7.58,314.39,4.31
CHEMBL3343976,134.9,Cc1ccc2nccc(NCCNc3ccnc4ccc(C)cc34)c2c1,Scientific Literature,Displacement of [3H]-prazosin from human alpha1A adrenergic receptor transfected in COS1 cells,B,Homo sapiens,,Bioorg Med Chem,2014,Alpha-1a adrenergic receptor,Ki,nM,6.87,342.45,4.92
CHEMBL533979,125.89,c1ccc2c(NCCCCCCCNc3ccnc4ccccc34)ccnc2c1,Scientific Literature,Displacement of [3H]-prazosin from human alpha1A adrenergic receptor transfected in COS1 cells,B,Homo sapiens,,Bioorg Med Chem,2014,Alpha-1a adrenergic receptor,Ki,nM,6.9,384.53,6.26
CHEMBL3298022,3.548,COc1ccccc1N1CCN(CCn2c(C)nc3c(sc4ccc(NC(=O)CCCC(=O)NCc5ccccc5)cc43)c2=O)CC1,Scientific Literature,Displacement of [125I]BE2254 from human alpha1a receptor expressed in HEK293 cells,B,Homo sapiens,,Eur J Med Chem,2014,Alpha-1a adrenergic receptor,Ki,nM,8.45,652.82,5.18
CHEMBL1183249,1000.0,c1ccc(OCCNCC2COC3(CCCCC3)O2)cc1,Scientific Literature,Displacement of [3H]prazosin from recombinant human alpha1a adrenergic receptor expressed in CHO cell membranes after 30 mins by TopCount liquid scintillation counting method,B,Homo sapiens,,Eur J Med Chem,2017,Alpha-1a adrenergic receptor,Ki,nM,,291.39,2.73
CHEMBL234423,11.0,Cc1ccc(S(=O)(=O)N[C@H]2CC[C@@H](N3CCN(c4ccccc4OC(C)C)CC3)CC2)cc1Cl,Scientific Literature,Binding affinity to human cloned adrenergic alpha-1A receptor,B,Homo sapiens,,Bioorg Med Chem Lett,2007,Alpha-1a adrenergic receptor,Ki,nM,7.96,506.11,4.85
CHEMBL233849,1.6,COc1ccc(Br)cc1S(=O)(=O)N[C@H]1CC[C@@H](N2CCN(c3ccccc3OC(C)C)CC2)CC1,Scientific Literature,Binding affinity to human cloned adrenergic alpha-1A receptor,B,Homo sapiens,,Bioorg Med Chem Lett,2007,Alpha-1a adrenergic receptor,Ki,nM,8.8,566.56,4.66
CHEMBL1289714,501.19,O=C1O[C@]2(CC[C@H](c3nc4cc(OC(F)(F)F)ccc4[nH]3)CC2)CN1c1cccc(F)n1,Scientific Literature,Antagonistic activity at human alpha1A receptor expressed in rat 1 fibroblast cells assessed as inhibition of calcium level by FLIPR assay,F,Homo sapiens,,Bioorg Med Chem Lett,2010,Alpha-1a adrenergic receptor,Ki,nM,6.3,450.39,5.05
CHEMBL1796035,36.31,COc1ccc(Cl)cc1N1CCN(CCCCN2C(=O)CC(c3ccccc3)CC2=O)CC1,Scientific Literature,Displacement of [125I]BE-2254 from human adrenergic alpha1A receptor expressed in HEK293 cells,B,Homo sapiens,,Eur J Med Chem,2011,Alpha-1a adrenergic receptor,Ki,nM,7.44,470.01,4.18
CHEMBL1796045,34.67,COc1ccc(Cl)cc1N1CCN(CCCN2C(=O)CC(C)(c3ccccc3)CC2=O)CC1,Scientific Literature,Displacement of [125I]BE-2254 from human adrenergic alpha1A receptor expressed in HEK293 cells,B,Homo sapiens,,Eur J Med Chem,2011,Alpha-1a adrenergic receptor,Ki,nM,7.46,470.01,3.97
CHEMBL3233432,262.0,O=C(CCCN1CC[C@H]2[C@@H](C1)c1cccc3c1N2CCO3)c1ccc(F)cc1,Scientific Literature,Inhibition of adrenergic alpha1A receptor (unknown origin),B,Homo sapiens,,J Med Chem,2014,Alpha-1a adrenergic receptor,Ki,nM,6.58,380.46,3.86
CHEMBL3758665,1030.0,CCOC(=O)Nc1cccc(N2CCN(CCCCNC(=O)c3ccc4ccccc4c3)CC2)c1,Scientific Literature,Displacement of [3H]-prazosin from human ADRA1A receptor,B,Homo sapiens,,Bioorg Med Chem Lett,2016,Alpha-1a adrenergic receptor,Ki,nM,5.99,474.61,4.74
CHEMBL26962,963.0,COc1ccccc1N1CCN(CCCCNC(=O)C2CCCCC2)CC1,Scientific Literature,Displacement of [3H]-prazosin from human ADRA1A receptor,B,Homo sapiens,,Bioorg Med Chem Lett,2016,Alpha-1a adrenergic receptor,Ki,nM,6.02,373.54,3.29
CHEMBL4163587,7.079,COc1cc2nc(N3CCC[C@H](NC4=CC(=O)c5ccccc5C4=O)C3)nc(N)c2cc1OC,Scientific Literature,Displacement of [3H]prazosin from human alpha1A adrenoceptor expressed in CHO cell membranes after 30 mins,B,Homo sapiens,,Eur J Med Chem,2017,Alpha-1a adrenergic receptor,Ki,nM,8.15,459.51,2.75
CHEMBL493283,74.13,COc1ccccc1OCCNC[C@@H]1COC(c2ccccc2)(c2ccccc2)CO1,Scientific Literature,Displacement of [3H]prazosin from human cloned alpha1A adrenoceptor expressed in CHO cells,B,Homo sapiens,,J Med Chem,2008,Alpha-1a adrenergic receptor,Ki,nM,7.13,419.52,4.02
CHEMBL493661,512.86,COc1cccc(OC)c1OCCNC[C@@H]1CO[C@@H](c2ccccc2)CO1,Scientific Literature,Displacement of [3H]prazosin from human cloned alpha1A adrenoceptor expressed in CHO cells,B,Homo sapiens,,J Med Chem,2008,Alpha-1a adrenergic receptor,Ki,nM,6.29,373.45,2.83
CHEMBL228390,2.2,O=S(=O)(N[C@H]1CC[C@H](N2CCC(c3ccccc3OCC(F)(F)F)CC2)CC1)c1ccc2c(c1)OCCO2,Scientific Literature,Binding affinity to human cloned adrenergic alpha-1a receptor,B,Homo sapiens,,Bioorg Med Chem Lett,2007,Alpha-1a adrenergic receptor,Ki,nM,8.66,554.63,4.87
CHEMBL243229,0.4,CC(C)Oc1ccccc1N1CCN(C2CCC(N3C(=O)c4ccncc4C3=O)CC2)CC1,Scientific Literature,Displacement of [125]HEAT from human adrenergic alpha-1a receptor expressed in CHO cells,B,Homo sapiens,,Bioorg Med Chem Lett,2007,Alpha-1a adrenergic receptor,Ki,nM,9.4,448.57,3.6
CHEMBL391016,5.8,CC(C)Oc1ccccc1N1CCN([C@H]2CC[C@H](NS(=O)(=O)c3cccnc3)CC2)CC1,Scientific Literature,Binding affinity to human cloned adrenergic alpha-1A receptor,B,Homo sapiens,,Bioorg Med Chem Lett,2007,Alpha-1a adrenergic receptor,Ki,nM,8.24,458.63,3.28
CHEMBL234854,5.0,CC(C)Oc1ccccc1N1CCN([C@H]2CC[C@@H](NS(=O)(=O)c3cccnc3)CC2)CC1,Scientific Literature,Binding affinity to human cloned adrenergic alpha-1A receptor,B,Homo sapiens,,Bioorg Med Chem Lett,2007,Alpha-1a adrenergic receptor,Ki,nM,8.3,458.63,3.28
CHEMBL3343977,120.23,Cc1ccc2c(NCCNc3ccnc4cc(C)ccc34)ccnc2c1,Scientific Literature,Displacement of [3H]-prazosin from human alpha1A adrenergic receptor transfected in COS1 cells,B,Homo sapiens,,Bioorg Med Chem,2014,Alpha-1a adrenergic receptor,Ki,nM,6.92,342.45,4.92
CHEMBL495289,223.87,c1ccc(OCCNC[C@@H]2COC(c3ccccc3)(c3ccccc3)CO2)cc1,Scientific Literature,Displacement of [3H]prazosin from human cloned alpha1A adrenoceptor expressed in CHO cells,B,Homo sapiens,,J Med Chem,2008,Alpha-1a adrenergic receptor,Ki,nM,6.65,389.5,4.01
CHEMBL435576,12.0,Cc1ccc(C(C(=O)NCCCN2CCN(c3ccccc3)CC2)c2ccc(C)cc2)cc1,Scientific Literature,Inhibition of binding of [125I]HEAT to cloned human alpha-1A adrenergic receptor.,B,,,Bioorg Med Chem Lett,2000,Alpha-1a adrenergic receptor,Ki,nM,7.92,441.62,4.76
CHEMBL301024,2.3,COCC1=C(C(=O)OC)[C@H](c2ccc(F)c(F)c2)N(C(=O)N[C@H]2CC[C@H](N3CCC(C#N)(c4ccccc4)CC3)C2)C(=O)N1,Scientific Literature,Displacement of [125I]HEAT from human Alpha-1A adrenergic receptor stably expressed in CHO cells,B,,,Bioorg Med Chem Lett,2000,Alpha-1a adrenergic receptor,Ki,nM,8.64,607.66,4.29
CHEMBL142981,0.1,COC(=O)C1=C(C)NC(=O)N(CCCCCN2CCC(C(=O)OC)(c3ccccc3)CC2)C1c1ccc(F)c(F)c1,Scientific Literature,Binding affinity against Alpha-1A adrenergic receptor (recombinant human receptor) using [3H]prazosin.,B,,,J Med Chem,1999,Alpha-1a adrenergic receptor,Ki,nM,10.0,569.65,4.86
CHEMBL2146811,158.49,COCCN1CCC[C@@H]1Cn1nc(Cc2ccc(Cl)cc2)c2ncccc2c1=O,Scientific Literature,Antagonist activity at human adrenergic alpha1A receptor expressed in rat fibroblasts by by plate-based calcium imaging,F,Homo sapiens,,Bioorg Med Chem,2012,Alpha-1a adrenergic receptor,Ki,nM,6.8,412.92,3.15
CHEMBL4126860,1.862,CCCN(CCC)c1nc(N2CCN(C(=O)c3ccco3)[C@@H]3CCCC[C@@H]32)nc2cc(OC)c(OC)cc12,Scientific Literature,Displacement of [3H]prazosin from human alpha1A adrenergic receptor expressed in CHO cell membranes after 30 mins by rapid filtration method,B,Homo sapiens,,Bioorg Med Chem,2018,Alpha-1a adrenergic receptor,Ki,nM,8.73,521.66,5.14
CHEMBL1255002,6.31,Clc1cccc(Cl)c1OCCNCCOc1ccccc1OCc1ccccc1,Scientific Literature,Displacement of [3H]prazosin from human adrenergic alpha1A expressed in CHO cells,B,Homo sapiens,,Bioorg Med Chem,2010,Alpha-1a adrenergic receptor,Ki,nM,8.2,432.35,5.62
CHEMBL1796042,14.13,COc1ccccc1N1CCN(CCCN2C(=O)CC(c3ccc([N+](=O)[O-])cc3)CC2=O)CC1,Scientific Literature,Displacement of [125I]BE-2254 from human adrenergic alpha1A receptor expressed in HEK293 cells,B,Homo sapiens,,Eur J Med Chem,2011,Alpha-1a adrenergic receptor,Ki,nM,7.85,466.54,3.05
CHEMBL1796047,95.5,COc1ccc(Cl)cc1N1CCN(CCCCN2C(=O)CC(C)(c3ccccc3)CC2=O)CC1,Scientific Literature,Displacement of [125I]BE-2254 from human adrenergic alpha1A receptor expressed in HEK293 cells,B,Homo sapiens,,Eur J Med Chem,2011,Alpha-1a adrenergic receptor,Ki,nM,7.02,484.04,4.36
CHEMBL125365,1.8,Cc1c(-c2ccccc2)oc2c(C(=O)NCCCN3CCN(c4ccccc4OCc4no[n+]([O-])c4C(N)=O)CC3)cccc2c1=O,Scientific Literature,Inhibition of [3H]prazosin binding to cloned human Alpha-1A adrenergic receptor in CHO cells (chinese hamster ovary cells),B,,,J Med Chem,2003,Alpha-1a adrenergic receptor,Ki,nM,8.74,638.68,3.01
CHEMBL81661,15.0,O=C1CCCCN1Cc1cc(CN2CCN(c3ccccc3Oc3ccccc3)CC2)on1,Scientific Literature,Displacement of [125I]HEAT from human Alpha-1A adrenergic receptor,B,Homo sapiens,,Bioorg Med Chem Lett,2002,Alpha-1a adrenergic receptor,Ki,nM,7.82,446.55,4.3
CHEMBL291951,6.31,CN(C)c1c[nH]c(=O)n(CCCN2CCN(c3ccc(F)cc3OCC(F)(F)F)CC2)c1=O,Scientific Literature,Inhibition of [3H]prazosin binding to CHO-K1 whole cells expressing human cloned Alpha-1A adrenergic receptor,B,,,Bioorg Med Chem Lett,2003,Alpha-1a adrenergic receptor,Ki,nM,8.2,473.47,1.9
CHEMBL433014,1.0232929922807494e+17,CCOc1ccccc1N1CCN(CCn2cnc3c4ccccc4nc-3c2O)CC1,Scientific Literature,Binding affinity towards Alpha-1A adrenergic receptor,B,,,J Med Chem,2003,Alpha-1a adrenergic receptor,Ki,nM,,417.51,3.46
CHEMBL3392246,3.3,COC(=O)C1=C(C)NC(C)=C(C(=O)OCCCN2CCC(c3ccccc3)(c3ccccc3)CC2)C1c1ccc([N+](=O)[O-])cc1,Scientific Literature,Inhibition of [3H]prazosin binding to human Alpha-1A adrenergic receptor expressed in CHO cells,B,Homo sapiens,,J Med Chem,1995,Alpha-1a adrenergic receptor,Ki,nM,8.48,609.72,6.02
CHEMBL311014,499.0,COc1ccc2c(c1)oc(=O)n2C1CCN(CCCCN2C(=O)c3ccccc3S2(=O)=O)CC1,Scientific Literature,Ability to displace beta ([125I]-iodo-4-hydroxyphenyl)-ethylamino methyl tetralone from human cloned Alpha-1a adrenergic receptor stably expressed in Chinese Hamster Ovary (CHO) cells,B,Homo sapiens,,Bioorg Med Chem Lett,1998,Alpha-1a adrenergic receptor,Ki,nM,6.3,485.56,2.86
CHEMBL319972,1e+17,CC(C)(C)c1ccc(N2CCN(CCn3c(=O)[nH]c4c([nH]c5ccccc54)c3=O)CC2)cc1,Scientific Literature,Binding affinity towards Alpha-1A adrenergic receptor,B,,,J Med Chem,2003,Alpha-1a adrenergic receptor,Ki,nM,,445.57,3.29
CHEMBL3342866,7.943,COc1ccccc1N1CCN(CC2COC3(CCN(S(=O)(=O)c4ccccc4)CC3)O2)CC1,Scientific Literature,Displacement of [3H]prazosin from human recombinant alpha1A adrenoceptor expressed in CHO cells after 30 mins by liquid scintillation counting,B,Homo sapiens,,Eur J Med Chem,2014,Alpha-1a adrenergic receptor,Ki,nM,8.1,487.62,2.41
CHEMBL3342872,7.943,COc1ccccc1N1CCN(CC2COC3(CCN(S(=O)(=O)c4cccs4)CC3)O2)CC1,Scientific Literature,Displacement of [3H]prazosin from human recombinant alpha1A adrenoceptor expressed in CHO cells after 30 mins by liquid scintillation counting,B,Homo sapiens,,Eur J Med Chem,2014,Alpha-1a adrenergic receptor,Ki,nM,8.1,493.65,2.48
CHEMBL78874,0.19,CCC(=O)c1c(-c2ccccc2)nn(C)c(=O)c1NCCN1CCN(c2ccccc2OC)CC1,Scientific Literature,Binding affinity towards human cloned alpha-1A-adrenoceptor using [3H]prazosin as radioligand,B,,,J Med Chem,2001,Alpha-1a adrenergic receptor,Ki,nM,9.72,475.59,3.28
CHEMBL56,1757.2,CCCN(CCC)C1CCc2cccc(O)c2C1,Scientific Literature,Binding affinity towards human cloned alpha-1A-adrenoceptor using [3H]prazosin as radioligand,B,,,J Med Chem,2001,Alpha-1a adrenergic receptor,Ki,nM,5.75,247.38,3.37
CHEMBL1627,9.9,CNC(=O)C(CCN1CCC(O)(c2ccc(Cl)cc2)CC1)(c1ccccc1)c1ccccc1,Scientific Literature,Displacement of [125I]HEAT from adrenergic alpha1A receptor,B,,,J Med Chem,2008,Alpha-1a adrenergic receptor,Ki,nM,8.0,463.02,4.75
CHEMBL145547,0.02,COC(=O)C1=C(C)NC(=O)N(C(=O)NCCCN2CCN(c3ccccc3[N+](=O)[O-])C[C@@H]2C)C1c1ccc(F)c(F)c1,Scientific Literature,In vitro binding affinity against Alpha-1A adrenergic receptor of human liver microsomes.,B,,Liver,J Med Chem,1999,Alpha-1a adrenergic receptor,Ki,nM,10.7,586.6,3.7
CHEMBL302495,202.0,COc1ccccc1N1CCN(Cc2ccc(CO)s2)CC1,Scientific Literature,Displacement of [125I]HEAT from COS cell membranes expressing human Alpha-1A adrenergic receptor,B,Homo sapiens,,Bioorg Med Chem Lett,2002,Alpha-1a adrenergic receptor,Ki,nM,6.7,318.44,2.57
CHEMBL145122,430.0,COC(=O)C1=C(C)NC(=O)N(C(=O)NCCCN2CCN(c3ccc(C(C)=O)cc3)CC2)C1c1ccc(F)c(F)c1,Scientific Literature,In vitro binding affinity against Alpha-1A adrenergic receptor of human liver microsomes.,B,,Liver,J Med Chem,1999,Alpha-1a adrenergic receptor,Ki,nM,6.37,569.61,3.6
CHEMBL358795,0.4,CC(=O)C1=C(C)NC(=O)N(C(=O)NCCCN2CCN(c3ccccc3C(N)=O)CC2)C1c1cc(F)c(F)c(F)c1,Scientific Literature,In vitro binding affinity against Alpha-1A adrenergic receptor of human liver microsomes.,B,,Liver,J Med Chem,1999,Alpha-1a adrenergic receptor,Ki,nM,9.4,572.59,3.05
CHEMBL43749,75.0,COC(=O)C1(c2ccccc2)CCN(CCCNC(=O)Cc2ccc([N+](=O)[O-])cc2)CC1,Scientific Literature,Inhibition of binding of [125I]HEAT to cloned human alpha-1A adrenergic receptor.,B,,,Bioorg Med Chem Lett,2000,Alpha-1a adrenergic receptor,Ki,nM,7.12,439.51,2.85
CHEMBL141322,0.1,COC(=O)C1=C(C)N=C(C)N(CCCCCN2CCC(C(=O)OC)(c3ccccc3)CC2)C1c1ccc(F)c(F)c1,Scientific Literature,Binding affinity against Alpha-1A adrenergic receptor (recombinant human receptor) using [3H]prazosin.,B,,,J Med Chem,1999,Alpha-1a adrenergic receptor,Ki,nM,10.0,567.68,5.56
CHEMBL1946781,1000.0,O=C(O)C(=O)O.O=C1C(CNCCOc2ccccc2)CCC1(c1ccccc1)c1ccccc1,Scientific Literature,Displacement of [3H]prazosin from human recombinant alpha1A adrenoceptor expressed in CHO cells after 30 mins by liquid scintillation counting,B,Homo sapiens,,J Med Chem,2012,Alpha-1a adrenergic receptor,Ki,nM,,475.54,4.62
CHEMBL1910141,36.0,COc1ccccc1N1CCN(CCN(C(=O)C23CCC(CF)(CC2)C3)c2ccccn2)CC1,Scientific Literature,Displacement of [3H]prazosin from alpha1A receptor expressed in HEK293 EBNA cells by radioligand binding assay,B,,,Eur J Med Chem,2011,Alpha-1a adrenergic receptor,Ki,nM,7.44,466.6,4.17
CHEMBL5403404,2356.0,CCCN1CCN(c2ccc3c(c2)C(N(C)C(=O)OCc2ccccc2)CCC3)CC1,Scientific Literature,Binding affinity to human alpha 1A adrenergic receptor assessed as inhibition constant,B,Homo sapiens,,Eur J Med Chem,2022,Alpha-1a adrenergic receptor,Ki,nM,5.63,421.59,4.86
CHEMBL100045,19.5,CCC1=C(C(N)=O)C(c2ccc([N+](=O)[O-])cc2)C(C(=O)NCCCN2CCC(c3ccccc3)(c3ccccc3)CC2)=C(COC)N1,Scientific Literature,Binding affinity against human Alpha-1a adrenergic receptor,B,,,Bioorg Med Chem Lett,1999,Alpha-1a adrenergic receptor,Ki,nM,7.71,637.78,4.92
CHEMBL60452,220.0,Cc1ccc(C2(c3ccc(C)cc3)CC(=S)N(CCCN3CCC(C#N)(c4ccccc4Cl)CC3)C2=O)cc1,Scientific Literature,In vitro binding affinity towards cloned human Alpha-1A adrenergic receptor,B,Homo sapiens,,Bioorg Med Chem Lett,2001,Alpha-1a adrenergic receptor,Ki,nM,6.66,556.18,6.75
CHEMBL69339,18.0,COc1ccccc1N1CCN(Cc2ccc(CN3CCCCCC3=O)s2)CC1,Scientific Literature,Displacement of [125I]HEAT from COS cell membranes expressing human Alpha-1A adrenergic receptor,B,Homo sapiens,,Bioorg Med Chem Lett,2002,Alpha-1a adrenergic receptor,Ki,nM,7.75,413.59,3.98
CHEMBL37883,37.15,O=C(O)C(=O)O.c1ccc(OCCNCC2COC(c3ccccc3)(c3ccccc3)O2)cc1,Scientific Literature,Displacement of [3H]prazosin from human recombinant alpha1A adrenoceptor expressed in CHO cells after 30 mins by liquid scintillation counting,B,Homo sapiens,,J Med Chem,2012,Alpha-1a adrenergic receptor,Ki,nM,7.43,465.5,3.97
CHEMBL1946785,1000.0,O=C(O)C(=O)O.O[C@@H]1[C@@H](CNCCOc2ccccc2)CCC1(c1ccccc1)c1ccccc1,Scientific Literature,Displacement of [3H]prazosin from human recombinant alpha1A adrenoceptor expressed in CHO cells after 30 mins by liquid scintillation counting,B,Homo sapiens,,J Med Chem,2012,Alpha-1a adrenergic receptor,Ki,nM,,477.56,4.41
CHEMBL1946787,38.9,COc1ccccc1N1CCN(C[C@H]2CCC(c3ccccc3)(c3ccccc3)[C@H]2O)CC1.O=C(O)C(=O)O,Scientific Literature,Displacement of [3H]prazosin from human recombinant alpha1A adrenoceptor expressed in CHO cells after 30 mins by liquid scintillation counting,B,Homo sapiens,,J Med Chem,2012,Alpha-1a adrenergic receptor,Ki,nM,7.41,532.64,4.57
CHEMBL1672288,10000.0,N#Cc1cc(F)cc(C#Cc2csc(F)n2)c1,Scientific Literature,Binding affinity to adrenergic alpha1A receptor,B,,,J Med Chem,2011,Alpha-1a adrenergic receptor,Ki,nM,,246.24,2.69
CHEMBL1242352,0.263,COc1ccccc1N1CCN(CC2OCC(c3ccccc3)(c3ccccc3)O2)CC1,Scientific Literature,Displacement [3H]prazosin of human recombinant alpha1A adrenergic receptor expressed in CHO cells by rapid filtration technique,B,Homo sapiens,,Eur J Med Chem,2010,Alpha-1a adrenergic receptor,Ki,nM,9.58,430.55,4.13
CHEMBL1242444,1.38,COc1ccccc1N1CCN(C[C@H]2CO[C@](CN3CCCC3=O)(c3ccccc3)O2)CC1,Scientific Literature,Displacement [3H]prazosin of human recombinant alpha1A adrenergic receptor expressed in CHO cells by rapid filtration technique,B,Homo sapiens,,Eur J Med Chem,2010,Alpha-1a adrenergic receptor,Ki,nM,8.86,451.57,2.71
CHEMBL1242541,0.871,COc1ccccc1N1CCN(C[C@H]2CO[C@@](CN3CCCCC3=O)(c3ccccc3)O2)CC1,Scientific Literature,Displacement [3H]prazosin of human recombinant alpha1A adrenergic receptor expressed in CHO cells by rapid filtration technique,B,Homo sapiens,,Eur J Med Chem,2010,Alpha-1a adrenergic receptor,Ki,nM,9.06,465.59,3.1
CHEMBL1084658,117.49,Cc1ccccc1OCCNCC1COC(c2ccccc2)(c2ccccc2)O1,Scientific Literature,Displacement of [3H]prazosin from human alpha1A adrenergic receptor expressed in CHO cells,B,Homo sapiens,,Bioorg Med Chem Lett,2010,Alpha-1a adrenergic receptor,Ki,nM,6.93,389.5,4.28
CHEMBL1087942,100.0,COc1cccc(OC)c1OCCNCC1COC(c2ccccc2)(c2ccccc2)O1,Scientific Literature,Displacement of [3H]prazosin from human alpha1A adrenergic receptor expressed in CHO cells,B,Homo sapiens,,Bioorg Med Chem Lett,2010,Alpha-1a adrenergic receptor,Ki,nM,7.0,435.52,3.99
CHEMBL1078772,489.78,c1ccc(-c2ccccc2OCCNCC2COC(c3ccccc3)(c3ccccc3)O2)cc1,Scientific Literature,Displacement of [3H]prazosin from human alpha1A adrenergic receptor expressed in CHO cells,B,Homo sapiens,,Bioorg Med Chem Lett,2010,Alpha-1a adrenergic receptor,Ki,nM,6.31,451.57,5.64
CHEMBL346649,3.72,CCO/C(O)=C1\C(C)=NC(C)=C(C(=O)NCCCN2CCC(C(=O)OC)(c3ccccc3)CC2)C1c1ccc([N+](=O)[O-])cc1,Scientific Literature,Binding affinity was determined for the alpha-1A adrenergic receptor,B,,,J Med Chem,1998,Alpha-1a adrenergic receptor,Ki,nM,8.43,604.7,4.95
CHEMBL63208,550.0,Brc1ccc2c(-c3c[nH]c(-c4c[nH]c5ccccc45)n3)c[nH]c2c1,Scientific Literature,Compound was tested for its binding affinity towards CHO cells expressing human Alpha-1a adrenergic receptor by displacing [125I]HEAT (2-beta-(4-hydroxyphenyl)-ethylaminomethyltetralone),B,,,Bioorg Med Chem Lett,1996,Alpha-1a adrenergic receptor,Ki,nM,6.26,377.25,5.47
CHEMBL75808,79.0,CC(C)Oc1ccccc1N1CCN(Cc2cc(CN3CCCCC3=O)nc(N)n2)CC1,Scientific Literature,Compound was evaluated for its binding affinity to COS cell membrane expressing the human Alpha-1A adrenergic receptor,B,,,Bioorg Med Chem Lett,2000,Alpha-1a adrenergic receptor,Ki,nM,7.1,438.58,2.68
CHEMBL219719,181.97,Cn1c(=O)n(CCN2CCN(c3ccc(Cl)c(Cl)c3)CC2)c(=O)c2c1c1ccccc1n2C,Scientific Literature,Displacement of [125I]BE2254 from human cloned adrenergic alpha 1A receptor expressed in HEK293 cells,B,Homo sapiens,,Bioorg Med Chem Lett,2006,Alpha-1a adrenergic receptor,Ki,nM,6.74,486.4,3.32
CHEMBL220781,3.311,COc1ccccc1N1CCN(CCn2c(=O)[nH]c3c(sc4ccccc43)c2=O)CC1,Scientific Literature,Displacement of [125I]BE2254 from human cloned adrenergic alpha 1A receptor expressed in HEK293 cells,B,Homo sapiens,,Bioorg Med Chem Lett,2006,Alpha-1a adrenergic receptor,Ki,nM,8.48,436.54,2.74
CHEMBL217469,1.585,COc1ccc2ccccc2c1OCCNC[C@H]1COc2ccccc2O1.Cl,Scientific Literature,Displacement of [3H]prazosin from cloned human adrenergic alpha 1A receptor expressed in CHO cells,B,Homo sapiens,,J Med Chem,2006,Alpha-1a adrenergic receptor,Ki,nM,8.8,401.89,3.66
CHEMBL436955,102.33,COc1cccc(OC)c1OCCNC[C@@H]1COc2cc3ccccc3cc2O1.Cl,Scientific Literature,Displacement of [3H]prazosin from cloned human adrenergic alpha 1A receptor expressed in CHO cells,B,Homo sapiens,,J Med Chem,2006,Alpha-1a adrenergic receptor,Ki,nM,6.99,431.92,3.67
CHEMBL181215,0.2,COc1cccc(OC)c1OCCNC[C@H]1CSc2ccccc2O1,Scientific Literature,Binding constant measured against Alpha-1A adrenergic receptor in human prostate; +++:highly active,B,Homo sapiens,Prostate gland,Bioorg Med Chem Lett,2005,Alpha-1a adrenergic receptor,Ki,nM,9.7,361.46,3.23
CHEMBL25300,0.4,COc1c(C)c(C)c(O)c(C)c1CN(C)CCOc1cc(C)c(O)cc1C(C)C,Scientific Literature,Binding constant measured against Alpha-1A adrenergic receptor in human prostate; +++:highly active,B,Homo sapiens,Prostate gland,Bioorg Med Chem Lett,2005,Alpha-1a adrenergic receptor,Ki,nM,9.4,401.55,4.97
CHEMBL1242633,26.92,COc1ccccc1N1CCN(C[C@@H]2CO[C@@](CN3CCCCCC3=O)(c3ccccc3)O2)CC1,Scientific Literature,Displacement [3H]prazosin of human recombinant alpha1A adrenergic receptor expressed in CHO cells by rapid filtration technique,B,Homo sapiens,,Eur J Med Chem,2010,Alpha-1a adrenergic receptor,Ki,nM,7.57,479.62,3.49
CHEMBL82480,2321.0,CC(C)Oc1ccccc1N1CCN(Cc2nc(CN3CCCCC3=O)co2)CC1,Scientific Literature,Displacement of [125I]HEAT from human Alpha-1A adrenergic receptor,B,Homo sapiens,,Bioorg Med Chem Lett,2002,Alpha-1a adrenergic receptor,Ki,nM,5.63,412.53,3.3
CHEMBL323579,0.5,CCC1=C(C(N)=O)C(c2ccc([N+](=O)[O-])cc2)C(C(=O)NCCCN2CCC(c3ccccc3)(c3ccccc3)CC2)=C(COCCN)N1,Scientific Literature,Binding affinity against human Alpha-1a adrenergic receptor,B,,,Bioorg Med Chem Lett,1999,Alpha-1a adrenergic receptor,Ki,nM,9.3,666.82,4.25
CHEMBL344339,0.4,COC(=O)C1=C(C)NC(=O)N(C(=O)NCCCN2CCC3(CCCc4ccccc43)CC2)C1c1ccc(F)c(F)c1,Scientific Literature,In vitro binding affinity against alpha-1A adrenergic receptor of human liver microsomes,B,,Liver,J Med Chem,1999,Alpha-1a adrenergic receptor,Ki,nM,9.4,566.65,4.95
CHEMBL82056,147.0,Cc1cccc2oc(=O)n(C3CCN(CCCCN4C(=O)c5ccccc5S4(=O)=O)CC3)c12,Scientific Literature,Ability to displace beta ([125I]-iodo-4-hydroxyphenyl)-ethylamino methyl tetralone from human cloned Alpha-1a adrenergic receptor stably expressed in Chinese Hamster Ovary (CHO) cells,B,Homo sapiens,,Bioorg Med Chem Lett,1998,Alpha-1a adrenergic receptor,Ki,nM,6.83,469.56,3.16
CHEMBL144933,0.06,COCC1=C(C(=O)OC)C(c2ccc(F)c(F)c2)N(C(=O)NCCCN2CCC(C#N)(c3ccc(F)cc3)CC2)C(=O)N1,Scientific Literature,In vitro binding affinity against alpha-1A adrenergic receptor of human liver microsomes,B,,Liver,J Med Chem,1999,Alpha-1a adrenergic receptor,Ki,nM,10.22,599.61,3.9
CHEMBL145793,2570.4,COc1cc2nc3c(c(O)c2cc1OC)CCC(CNC(=O)c1ccco1)C3,Scientific Literature,Binding affinity measured in CHO cells expressing human cloned Alpha-1A adrenergic receptor expressed as pKi,B,Homo sapiens,,J Med Chem,2003,Alpha-1a adrenergic receptor,Ki,nM,5.59,382.42,3.09
CHEMBL71479,776.25,Cc1ccc(S(C)(=O)=O)c(NCC2=NCCN2)c1,Scientific Literature,Affinity to Alpha-1 adrenergic receptor determined by radioligand binding techniques from rat-1 fibroblasts membranes,B,,,J Med Chem,2002,Alpha-1a adrenergic receptor,Ki,nM,6.11,267.35,0.81
CHEMBL327775,56.23,CC1=C(C#N)C(c2ccc([N+](=O)[O-])cc2)C(C(=O)NCCCN2CCC(c3ccccc3)(c3ccccc3)CC2)=C(C)N1,Scientific Literature,Binding affinity determined by displacement of [3H]prazosin from alpha-1A adrenergic receptor,B,,,J Med Chem,1998,Alpha-1a adrenergic receptor,Ki,nM,7.25,575.71,5.94
CHEMBL42640,1.0,CC1=C(C(=O)NCCCN2CCC(c3ccccc3C#N)CC2)[C@@H](c2ccc(F)c(F)c2)CC(=O)N1,Scientific Literature,In vitro antagonism at Alpha-1A adrenergic receptor,F,,,Bioorg Med Chem Lett,2000,Alpha-1a adrenergic receptor,Ki,nM,9.0,492.57,4.1
CHEMBL310890,1.2,CC(C)Oc1ccccc1N1CCN(Cc2nc(CN3CCCCC3=O)cs2)CC1,Scientific Literature,Displacement of [125I]HEAT from human Alpha-1A adrenergic receptor,B,Homo sapiens,,Bioorg Med Chem Lett,2002,Alpha-1a adrenergic receptor,Ki,nM,8.92,428.6,3.77
CHEMBL1083181,37.15,c1ccc(OCCNCC2COC(c3ccccc3)(c3ccccc3)O2)cc1,Scientific Literature,Displacement of [3H]prazosin from human alpha1A adrenergic receptor expressed in CHO cells,B,Homo sapiens,,Bioorg Med Chem Lett,2010,Alpha-1a adrenergic receptor,Ki,nM,7.43,375.47,3.97
CHEMBL1078751,1000.0,c1ccc(-c2cccc(OCCNCC3COC(c4ccccc4)(c4ccccc4)O3)c2)cc1,Scientific Literature,Displacement of [3H]prazosin from human alpha1A adrenergic receptor expressed in CHO cells,B,Homo sapiens,,Bioorg Med Chem Lett,2010,Alpha-1a adrenergic receptor,Ki,nM,,451.57,5.64
CHEMBL1289386,794.33,O=C1O[C@]2(CC[C@H](c3nc4cc(OC(F)(F)F)ccc4[nH]3)CC2)CN1c1ccc(F)cc1,Scientific Literature,Antagonistic activity at human alpha1A receptor expressed in rat 1 fibroblast cells assessed as inhibition of calcium level by FLIPR assay,F,Homo sapiens,,Bioorg Med Chem Lett,2010,Alpha-1a adrenergic receptor,Ki,nM,6.1,449.4,5.65
CHEMBL1632174,10000.0,O=C(O)CCCCCN1CCC(CNC(=O)c2c3n(c4ccccc24)CCCO3)CC1,Scientific Literature,Binding affinity to alpha1A adrenergic receptor,B,,,Bioorg Med Chem,2010,Alpha-1a adrenergic receptor,Ki,nM,,427.55,3.51
CHEMBL4084262,2178.0,COc1ccccc1N1CCC2(CCN(CCCSc3nnc(-c4ccccc4)n3C)CC2)CC1,Scientific Literature,Displacement of [3H]-prazosin from recombinant human alpha1A adrenergic receptor measured after 90 mins by microbeta scintillation counting method,A,Homo sapiens,,J Med Chem,2019,Alpha-1a adrenergic receptor,Ki,nM,5.66,491.71,5.36
CHEMBL89243,1.82,CO/C(O)=C1\C(C)=NC(C)=C(C(=O)NCCCN2CCC(c3ccccc3)(c3ccccc3)CC2)C1c1ccc(C#N)cc1,Scientific Literature,Binding affinity determined by displacement of [3H]prazosin from alpha-1A adrenergic receptor,B,,,J Med Chem,1998,Alpha-1a adrenergic receptor,Ki,nM,8.74,588.75,6.39
CHEMBL44496,47.0,COC(=O)C1(c2ccccc2)CCN(CCCNC(=O)C(C)c2ccc([N+](=O)[O-])cc2)CC1,Scientific Literature,Inhibition of binding of [125I]HEAT to cloned human alpha-1A adrenergic receptor.,B,,,Bioorg Med Chem Lett,2000,Alpha-1a adrenergic receptor,Ki,nM,7.33,453.54,3.41
CHEMBL605405,1.413,Cc1ccc2c(c1)c1c(n2/C=C\c2ccccc2)CCN(C)C1,Scientific Literature,Binding affinity to adrenergic alpha1A receptor by radioligand displacement assay,B,,,Bioorg Med Chem Lett,2010,Alpha-1a adrenergic receptor,Ki,nM,8.85,302.42,4.57
CHEMBL423294,12.3,COc1cc2nc(N3CCN(C(=O)c4ccco4)[C@H]4CCCC[C@H]43)nc(N)c2cc1OC,Scientific Literature,Displacement of [3H]prazosin from human adrenergic alpha-1a receptor expressed in CHO cells,B,Homo sapiens,,Bioorg Med Chem,2007,Alpha-1a adrenergic receptor,Ki,nM,7.91,437.5,3.1
CHEMBL391017,13.4,COc1ccncc1S(=O)(=O)N[C@H]1CC[C@H](N2CCN(c3ccccc3OC(C)C)CC2)CC1,Scientific Literature,Binding affinity to human cloned adrenergic alpha-1A receptor,B,Homo sapiens,,Bioorg Med Chem Lett,2007,Alpha-1a adrenergic receptor,Ki,nM,7.87,488.65,3.29
CHEMBL67713,0.5,CC(C)Oc1ccccc1N1CCN(Cc2cc(CN3CCCCC3=O)cs2)CC1,Scientific Literature,Displacement of [125I]HEAT from COS cell membranes expressing human Alpha-1A adrenergic receptor,B,Homo sapiens,,Bioorg Med Chem Lett,2002,Alpha-1a adrenergic receptor,Ki,nM,9.3,427.61,4.37
CHEMBL1223747,12.0,FC(F)(F)c1cccc(N2CCN(CCCCNc3ccc4ccccc4n3)CC2)c1,Scientific Literature,Displacement of [3H]prazosin from human adrenergic alpha1A receptor,B,Homo sapiens,,Bioorg Med Chem Lett,2010,Alpha-1a adrenergic receptor,Ki,nM,7.92,428.5,5.27
CHEMBL95290,4.5,CCNC(=O)C1=C(CC)NC(COCCN)=C(C(=O)NCCCN2CCC(c3ccccc3)(c3ccccc3)CC2)C1c1ccc([N+](=O)[O-])cc1,Scientific Literature,Binding affinity against human Alpha-1a adrenergic receptor,B,,,Bioorg Med Chem Lett,1999,Alpha-1a adrenergic receptor,Ki,nM,8.35,694.88,4.9
CHEMBL2312225,338.84,COc1cccc(OC)c1OCCNCC1COCC(c2ccccc2)(c2ccccc2)O1,Scientific Literature,Displacement of [3H]prazosin from human recombinant alpha1A adrenergic receptor expressed in CHO cell membranes after 30 mins,B,Homo sapiens,,J Med Chem,2013,Alpha-1a adrenergic receptor,Ki,nM,6.47,449.55,4.03
CHEMBL2312536,257.04,COc1ccccc1OCCNC[C@H]1COCC(c2ccccc2)(c2ccccc2)O1,Scientific Literature,Displacement of [3H]prazosin from human recombinant alpha1A adrenergic receptor expressed in CHO cell membranes after 30 mins,B,Homo sapiens,,J Med Chem,2013,Alpha-1a adrenergic receptor,Ki,nM,6.59,419.52,4.02
CHEMBL1254582,3.162,COc1cccc(OC)c1SCCNCCOc1ccccc1OCc1ccccc1,Scientific Literature,Displacement of [3H]prazosin from human adrenergic alpha1A expressed in CHO cells,B,Homo sapiens,,Bioorg Med Chem,2010,Alpha-1a adrenergic receptor,Ki,nM,8.5,439.58,5.04
CHEMBL1255086,10.0,c1ccc(COc2ccccc2OCCNCCOc2ccccc2)cc1,Scientific Literature,Displacement of [3H]prazosin from human adrenergic alpha1A expressed in CHO cells,B,Homo sapiens,,Bioorg Med Chem,2010,Alpha-1a adrenergic receptor,Ki,nM,8.0,363.46,4.31
CHEMBL3893197,79.43,c1cnc2c(N3CCN(CCCCc4ccc(OCCCN5CCCCCC5)cc4)CC3)cccc2c1,Scientific Literature,Antagonist activity at adrenergic alpha1A receptor (unknown origin) expressed in Rat1 cells assessed as inhibition of phenylephrine-induced Ca2+ flux preincubated for 30 mins followed by phenylephrine addition by Fluo-4-AM-dye based FLIPR assay,A,Homo sapiens,,Bioorg Med Chem Lett,2016,Alpha-1a adrenergic receptor,Ki,nM,7.1,500.73,6.02
CHEMBL3953018,1995.26,N#Cc1ccc(N2CCN(CCc3ccc(OCCCN4CCCCCC4)cc3)CC2)c2ncccc12,Scientific Literature,Antagonist activity at adrenergic alpha1A receptor (unknown origin) expressed in Rat1 cells assessed as inhibition of phenylephrine-induced Ca2+ flux preincubated for 30 mins followed by phenylephrine addition by Fluo-4-AM-dye based FLIPR assay,A,Homo sapiens,,Bioorg Med Chem Lett,2016,Alpha-1a adrenergic receptor,Ki,nM,,497.69,5.12
CHEMBL1767159,100.0,O=c1c2ccccc2c(Cc2ccc(Cl)cc2)nn1C1CCCN(Cc2ccc(OCCCN3CCCCCC3)cc2)CC1,Scientific Literature,Binding affinity to human adrenergic alpha1A receptor expressed in rat intact fibroblasts,B,Homo sapiens,,J Med Chem,2011,Alpha-1a adrenergic receptor,Ki,nM,7.0,613.25,7.51
CHEMBL1767167,25.12,O=c1c2ccccc2c(Cc2ccc(Cl)cc2)nn1C[C@H]1CCCN1CCCCCc1ccc(OCCCN2CCCCCC2)cc1,Scientific Literature,Binding affinity to human adrenergic alpha1A receptor expressed in rat intact fibroblasts,B,Homo sapiens,,J Med Chem,2011,Alpha-1a adrenergic receptor,Ki,nM,7.6,655.33,8.16
CHEMBL2146803,19.95,COCCN1CCC[C@@H]1Cn1nc(Cc2ccc(Cl)cc2)c2ccccc2c1=O,Scientific Literature,Antagonist activity at human adrenergic alpha1A receptor expressed in rat fibroblasts by by plate-based calcium imaging,F,Homo sapiens,,Bioorg Med Chem,2012,Alpha-1a adrenergic receptor,Ki,nM,7.7,411.93,3.75
CHEMBL1242632,0.631,COc1ccccc1N1CCN(C[C@H]2CO[C@@](CN3CCCCCC3=O)(c3ccccc3)O2)CC1,Scientific Literature,Displacement [3H]prazosin of human recombinant alpha1A adrenergic receptor expressed in CHO cells by rapid filtration technique,B,Homo sapiens,,Eur J Med Chem,2010,Alpha-1a adrenergic receptor,Ki,nM,9.2,479.62,3.49
CHEMBL4213352,14.0,COc1ccccc1N1CCN(CCOCCOc2cc(C)cc(C)c2C)CC1.Cl.Cl,Scientific Literature,Displacement of [3H]prazosin from recombinant human alpha1 adrenoceptor expressed in CHO cell membranes after 30 mins by liquid scintillation counting method,B,Homo sapiens,,Bioorg Med Chem Lett,2018,Alpha-1a adrenergic receptor,Ki,nM,7.85,471.47,3.84
CHEMBL4217761,36.0,Cc1cccc(OCCOCCN2CCN(CCc3ccccc3)CC2)c1C.Cl.Cl,Scientific Literature,Displacement of [3H]prazosin from recombinant human alpha1 adrenoceptor expressed in CHO cell membranes after 30 mins by liquid scintillation counting method,B,Homo sapiens,,Bioorg Med Chem Lett,2018,Alpha-1a adrenergic receptor,Ki,nM,7.44,455.47,3.56
CHEMBL1615374,278.07,Cl.N#Cc1ccc2[nH]cc(CCCCN3CCN(c4ccc5oc(C(N)=O)cc5c4)CC3)c2c1,EUbOPEN Chemogenomic Library,"PDSP Secondary Binding target: ADRA1A - Compounds are tested at 10 uM concentration, plate are incubated at room temperature in the dark for 90 minutes. Reaction are stopped by vacuum filtration onto 0.3% polyethyleneimine soaked filter mats using Filtermate harvester. Scintillation cocktail is then melted onto microwave-dried filters on a hot plate and the radio activity is counted in Microbia counter. Compounds showing a minimum of 50% inhibition at 10 uM concentration are carried forward in this secondary binding assay to determine equilibrium binding affinity.",B,Homo sapiens,,,2024,Alpha-1a adrenergic receptor,Ki,nM,6.56,478.0,4.03
CHEMBL1289820,1995.26,O=C1O[C@]2(CC[C@H](c3nc4cc(C(F)(F)F)ccc4[nH]3)CC2)CN1c1ccccc1,Scientific Literature,Antagonistic activity at human alpha1A receptor expressed in rat 1 fibroblast cells assessed as inhibition of calcium level by FLIPR assay,F,Homo sapiens,,Bioorg Med Chem Lett,2010,Alpha-1a adrenergic receptor,Ki,nM,5.7,415.42,5.63
CHEMBL1290706,100.0,O=C1OC2(CCN(c3nc4cc(C(F)(F)F)ccc4[nH]3)CC2)CN1c1ccccc1,Scientific Literature,Antagonistic activity at human alpha1A receptor expressed in rat 1 fibroblast cells assessed as inhibition of calcium level by FLIPR assay,F,Homo sapiens,,Bioorg Med Chem Lett,2010,Alpha-1a adrenergic receptor,Ki,nM,7.0,416.4,4.58
CHEMBL1078954,302.0,COc1cc(OC)cc(OCCNCC2COC(c3ccccc3)(c3ccccc3)O2)c1,Scientific Literature,Displacement of [3H]prazosin from human alpha1A adrenergic receptor expressed in CHO cells,B,Homo sapiens,,Bioorg Med Chem Lett,2010,Alpha-1a adrenergic receptor,Ki,nM,6.52,435.52,3.99
CHEMBL538397,11.0,COc1ccc(S(=O)(=O)N[C@H]2CC[C@@H](N3CCC(c4ccccc4OCCF)CC3)CC2)cc1OC,Scientific Literature,Binding affinity to human cloned adrenergic Alpha-1A receptor,B,Homo sapiens,,Bioorg Med Chem Lett,2007,Alpha-1a adrenergic receptor,Ki,nM,7.96,520.67,4.52
CHEMBL559206,2511.89,Cl.O=C(c1ccccc1)N1CCN(c2ccc(OCCCN3CCCCC3)cc2)C(=O)C1,Scientific Literature,Antagonist activity at human recombinant adrenergic alpha 1A receptor expressed in Rat1 cells assessed as inhibition of phenylephrine-induced cellular calcium mobilization,F,Homo sapiens,,J Med Chem,2007,Alpha-1a adrenergic receptor,Ki,nM,,458.0,3.43
CHEMBL42539,4.1,COc1cccc(OC)c1OCCNCC1Oc2ccccc2OC1c1ccc(C)cc1,Scientific Literature,Binding constant measured against Alpha-1A adrenergic receptor in human prostate; ++:moderately active,B,Homo sapiens,Prostate gland,Bioorg Med Chem Lett,2005,Alpha-1a adrenergic receptor,Ki,nM,8.39,435.52,4.56
CHEMBL233816,11.0,COc1ccc(Cl)cc1S(=O)(=O)N[C@H]1CC[C@@H](N2CCN(c3ccccc3OC(C)C)CC2)CC1,Scientific Literature,Binding affinity to human cloned adrenergic alpha-1A receptor,B,Homo sapiens,,Bioorg Med Chem Lett,2007,Alpha-1a adrenergic receptor,Ki,nM,7.96,522.11,4.55
CHEMBL234232,25.0,COc1ccc(C(F)(F)F)cc1S(=O)(=O)N[C@H]1CC[C@H](N2CCN(c3ccccc3OC(C)C)CC2)CC1,Scientific Literature,Binding affinity to human cloned adrenergic alpha-1A receptor,B,Homo sapiens,,Bioorg Med Chem Lett,2007,Alpha-1a adrenergic receptor,Ki,nM,7.6,555.66,4.91
CHEMBL228554,38.0,O=S(=O)(N[C@H]1CC[C@H](N2CCC(c3ccccc3OCC(F)(F)F)CC2)CC1)c1ccc(OC(F)F)cc1,Scientific Literature,Binding affinity to human cloned adrenergic alpha-1a receptor,B,Homo sapiens,,Bioorg Med Chem Lett,2007,Alpha-1a adrenergic receptor,Ki,nM,7.42,562.6,5.7
CHEMBL243690,37.8,CC(C)Oc1ccccc1N1CCN(C2CCC(N3C(=O)c4c(F)c(F)c(F)c(F)c4C3=O)CC2)CC1,Scientific Literature,Displacement of [125]HEAT from human adrenergic alpha-1a receptor expressed in CHO cells,B,Homo sapiens,,Bioorg Med Chem Lett,2007,Alpha-1a adrenergic receptor,Ki,nM,7.42,519.54,4.76
CHEMBL234194,17.0,COc1ccc(OC)c(S(=O)(=O)N[C@H]2CC[C@H](N3CCN(c4ccccc4OC(C)C)CC3)CC2)c1,Scientific Literature,Binding affinity to human cloned adrenergic alpha-1A receptor,B,Homo sapiens,,Bioorg Med Chem Lett,2007,Alpha-1a adrenergic receptor,Ki,nM,7.77,517.69,3.9
CHEMBL561851,1.862,COc1cc2nc(N(C)CCCCCCN(C)C(=O)C3COc4ccccc4O3)nc(N)c2cc1OC,Scientific Literature,Displacement of [3H]prazosin from human alpha1A adrenoceptor expressed in CHO cells,B,Homo sapiens,,J Med Chem,2009,Alpha-1a adrenergic receptor,Ki,nM,8.73,509.61,3.52
CHEMBL2260359,1.778,COC(=O)C1=C(C)NC(C)=C(C(=O)NCCCN2CCC(c3ccccc3)(c3ccccc3)CC2)C1c1ccc(Cl)cc1,Scientific Literature,Binding affinity to Homo sapiens (human) alpha1A adrenergic receptor,B,Homo sapiens,,Med Chem Res,2004,Alpha-1a adrenergic receptor,Ki,nM,8.75,598.19,6.34
CHEMBL2112365,30.0,C[C@@H]1OC(=O)N(C(=O)NCCCN2CCC(c3ccc(F)cc3)CC2)[C@@H]1c1ccc(F)c(F)c1,Scientific Literature,Tested for binding affinity against recombinant human Alpha-1A adrenergic receptor using [125I]HEAT in competition binding assay,B,,,Bioorg Med Chem Lett,2000,Alpha-1a adrenergic receptor,Ki,nM,7.52,475.51,4.97
CHEMBL707,2.6,COc1cc2nc(N3CCN(C(=O)C4COc5ccccc5O4)CC3)nc(N)c2cc1OC,Scientific Literature,Binding affinity against Alpha-1A adrenergic receptor from human clone,B,Homo sapiens,,J Med Chem,1995,Alpha-1a adrenergic receptor,Ki,nM,8.59,451.48,1.72
CHEMBL314960,1.778,CO/C(O)=C1\C(C)=NC(C)=C(C(=O)NCCCN2CCC(c3ccccc3)(c3ccccc3)CC2)C1c1ccc(Cl)cc1,Scientific Literature,Binding affinity determined by displacement of [3H]prazosin from alpha-1A adrenergic receptor,B,,,J Med Chem,1998,Alpha-1a adrenergic receptor,Ki,nM,8.75,598.19,7.18
CHEMBL59262,1.445,O=C1CC2(CCCC2)CC(=O)N1CCCCN1CCN(c2cc(Cl)ccc2Cl)CC1,Scientific Literature,Binding affinity to adrenergic alpha1A receptor (unknown origin),B,Homo sapiens,,Med Chem Res,2011,Alpha-1a adrenergic receptor,Ki,nM,8.84,452.43,4.61
CHEMBL427552,1.995,COc1cccc(COc2ccccc2OCCNCCOc2c(OC)cccc2OC)c1,Scientific Literature,Binding affinity to adrenergic alpha1A receptor (unknown origin),B,Homo sapiens,,Med Chem Res,2011,Alpha-1a adrenergic receptor,Ki,nM,8.7,453.54,4.34
CHEMBL2234457,537.03,c1ccc(OCCN[C@H]2CO[C@H](c3ccccc3)CO2)cc1,Scientific Literature,Binding affinity to adrenergic alpha1A receptor (unknown origin),B,Homo sapiens,,Med Chem Res,2011,Alpha-1a adrenergic receptor,Ki,nM,6.27,299.37,2.77
CHEMBL293539,86.16,O=C1CC2(CCCC2)CC(=O)N1CCN1CCN(c2cc(F)ccc2Cl)CC1,Scientific Literature,Binding affinity to adrenergic alpha1A receptor (unknown origin),B,Homo sapiens,,Med Chem Res,2011,Alpha-1a adrenergic receptor,Ki,nM,7.07,407.92,3.31
CHEMBL2234443,0.08,COc1cccc(OC)c1OCCN[C@H]1C[C@@H](c2ccccc2)c2ccccc2S1,Scientific Literature,Binding affinity to adrenergic alpha1A receptor (unknown origin),B,Homo sapiens,,Med Chem Res,2011,Alpha-1a adrenergic receptor,Ki,nM,10.1,421.56,5.33
CHEMBL2164354,39.0,O=C(C1CCCCC1)N(CCN1CC=C(c2ccccc2)CC1)c1ccccn1,Scientific Literature,Binding affinity to adrenergic alpha1A receptor by radioligand binding assay,B,,,Bioorg Med Chem Lett,2012,Alpha-1a adrenergic receptor,Ki,nM,7.41,389.54,4.78
CHEMBL1182191,25.12,COc1cccc(OC)c1OCCNC[C@H]1COc2cc3c(cc2O1)CCCC3,Scientific Literature,Antagonist activity at human alpha A1 adrenoreceptor expressed in CHO cells,B,Homo sapiens,,Eur J Med Chem,2020,Alpha-1a adrenergic receptor,Ki,nM,7.6,399.49,3.39
CHEMBL1223681,14.0,Cc1ccccc1N1CCN(CCCCNc2ccccn2)CC1,Scientific Literature,Displacement of [3H]prazosin from human adrenergic alpha1A receptor,B,Homo sapiens,,Bioorg Med Chem Lett,2010,Alpha-1a adrenergic receptor,Ki,nM,7.85,324.47,3.4
CHEMBL194323,5.25,COc1cccc(N(NC2=NCCO2)c2ccc(C)cc2)c1,Scientific Literature,Binding affinity towards alpha-1A adrenergic receptor expressed in human embryonic kidney (HEK293) cells,B,Homo sapiens,,Bioorg Med Chem Lett,2005,Alpha-1a adrenergic receptor,Ki,nM,8.28,297.36,3.03
CHEMBL35520,1.0,COCC1=C(C(=O)OC)C(c2ccc(F)c(F)c2)N(C(=O)NCCCN2CCC(C(=O)OC)(c3ccccc3)CC2)C(=O)N1,Scientific Literature,Displacement of [3H]- prazosin from human recombinant Alpha-1A adrenergic receptor,B,Homo sapiens,,Bioorg Med Chem Lett,2000,Alpha-1a adrenergic receptor,Ki,nM,,614.65,3.41
CHEMBL433832,2.4,COCC1=C(C(=O)OC)[C@H](c2ccc(F)c(F)c2)N(C(=O)N[C@H]2CC[C@H](N3CCC(c4ccccc4C#N)CC3)C2)C(=O)N1,Scientific Literature,Displacement of [125I]HEAT from human Alpha-1A adrenergic receptor stably expressed in CHO cells,B,,,Bioorg Med Chem Lett,2000,Alpha-1a adrenergic receptor,Ki,nM,8.62,607.66,4.49
CHEMBL440499,3.7,CC(C)Oc1ccccc1N1CCN(Cc2cc(CN3CCCCC3=O)n(C)n2)CC1,Scientific Literature,Compound was evaluated for its binding affinity to COS cell membrane expressing the human Alpha-1A adrenergic receptor,B,,,Bioorg Med Chem Lett,2000,Alpha-1a adrenergic receptor,Ki,nM,8.43,425.58,3.04
CHEMBL298612,25118.86,Cn1cc(C(=O)C(=O)N[C@@H]2CN3CCC2CC3)c2ccccc21,Scientific Literature,Binding affinity against Alpha-1A adrenergic receptor,B,,,Bioorg Med Chem Lett,1995,Alpha-1a adrenergic receptor,Ki,nM,4.6,311.38,1.57
CHEMBL1182152,33.88,COc1cccc(OC)c1OCCNC[C@H]1COc2cc3ccccc3cc2O1,Scientific Literature,Antagonist activity at human alpha A1 adrenoreceptor expressed in CHO cells,B,Homo sapiens,,Eur J Med Chem,2020,Alpha-1a adrenergic receptor,Ki,nM,7.47,395.46,3.67
CHEMBL11828,28.0,CC(C)Oc1ccccc1N1CCN(CC(O)CC(=O)CN2CCCCC2=O)CC1,Scientific Literature,Binding affinity for human Alpha-1A adrenergic receptor expressed in COS cell membranes,B,Homo sapiens,,Bioorg Med Chem Lett,2000,Alpha-1a adrenergic receptor,Ki,nM,7.55,417.55,1.93
CHEMBL1630940,0.6026,COc1ccc(C[C@@H](C)NCCOc2ccccc2OCC(F)(F)F)cc1S(N)(=O)=O,Scientific Literature,Displacement of [3H]prazosin from human alpha1A adrenoceptor expressed in CHO cells,B,Homo sapiens,,Eur J Med Chem,2010,Alpha-1a adrenergic receptor,Ki,nM,9.22,462.49,2.88
CHEMBL92328,0.17,CC1=C(C(=O)NCCCN2CCC(c3ccc(F)cc3C#N)CC2)[C@@H](c2ccc(F)c(F)c2)NC(=O)N1,Scientific Literature,Evaluated for the ability to displace [125I]- HEAT from human cloned Alpha-1A adrenergic receptor stably expressed in CHO cells.,B,,,J Med Chem,2000,Alpha-1a adrenergic receptor,Ki,nM,9.77,511.55,3.99
CHEMBL242004,180.0,Cc1ccc(NC(=O)C(C)C)cc1C1CCN(Cc2ccc(Oc3ccc(F)c(F)c3)cc2)CC1,Scientific Literature,Displacement of [125I]HEAT from human recombinant adrenergic alpha-1A receptor,B,Homo sapiens,,J Med Chem,2007,Alpha-1a adrenergic receptor,Ki,nM,6.75,478.58,7.04
CHEMBL271989,6.0,COc1ccccc1N1CCN(CCCCNc2ccc3ccccc3n2)CC1,Scientific Literature,Displacement of [3H]prazosin from human adrenergic alpha1A receptor,B,Homo sapiens,,Bioorg Med Chem Lett,2010,Alpha-1a adrenergic receptor,Ki,nM,8.22,390.53,4.26
CHEMBL1223856,58.0,Clc1cccc(N2CCN(CCCCNc3cc(-c4ccccc4)ccn3)CC2)c1Cl,Scientific Literature,Displacement of [3H]prazosin from human adrenergic alpha1A receptor,B,Homo sapiens,,Bioorg Med Chem Lett,2010,Alpha-1a adrenergic receptor,Ki,nM,7.24,455.43,6.07
CHEMBL91616,0.12,CN1C=C(C(=O)NCCCN2CCC(C#N)(c3ccc(F)cc3)CC2)[C@@H](c2ccc(F)c(F)c2)NC1=O,Scientific Literature,Ability to displace [125I]- HEAT from human cloned Alpha-1A adrenergic receptor stably expressed in CHO cells.,B,,,J Med Chem,2000,Alpha-1a adrenergic receptor,Ki,nM,9.92,511.55,3.75
CHEMBL42220,7.5,COc1ccccc1C1(C#N)CCN(CCCNC(=O)C(c2ccc(C)cc2)c2ccc(C)cc2)CC1,Scientific Literature,Inhibition of binding of [125I]HEAT to cloned human alpha-1A adrenergic receptor.,B,,,Bioorg Med Chem Lett,2000,Alpha-1a adrenergic receptor,Ki,nM,8.12,495.67,5.51
CHEMBL2234439,169.82,c1ccc(OCCNC2COCC(c3ccccc3)(c3ccccc3)O2)cc1,Scientific Literature,Binding affinity to adrenergic alpha1A receptor (unknown origin),B,Homo sapiens,,Med Chem Res,2011,Alpha-1a adrenergic receptor,Ki,nM,6.77,375.47,3.97
CHEMBL1767149,199.53,CN1CCC[C@@H]1Cn1nc(Cc2ccc(F)c(F)c2)c2ccccc2c1=O,Scientific Literature,Binding affinity to human adrenergic alpha1A receptor expressed in rat intact fibroblasts,B,Homo sapiens,,J Med Chem,2011,Alpha-1a adrenergic receptor,Ki,nM,6.7,369.42,3.36
CHEMBL1767158,158.49,CN1CCCCC(n2nc(Cc3ccc(Cl)cc3)c3ccccc3c2=O)C1,Scientific Literature,Binding affinity to human adrenergic alpha1A receptor expressed in rat intact fibroblasts,B,Homo sapiens,,J Med Chem,2011,Alpha-1a adrenergic receptor,Ki,nM,6.8,381.91,4.3
CHEMBL1767145,50.12,CN1CCC[C@@H]1Cn1nc(Cc2cccc(F)c2)c2ccccc2c1=O,Scientific Literature,Binding affinity to human adrenergic alpha1A receptor expressed in rat intact fibroblasts,B,Homo sapiens,,J Med Chem,2011,Alpha-1a adrenergic receptor,Ki,nM,7.3,351.43,3.22
CHEMBL403280,14.0,CC(C)Oc1ccccc1N1CCN(C2CCC(NC(=O)Nc3ccc(F)cc3F)CC2)CC1,Scientific Literature,Displacement of [125I]HEAT from human recombinant adrenergic alpha1A receptor,B,Homo sapiens,,Bioorg Med Chem Lett,2008,Alpha-1a adrenergic receptor,Ki,nM,7.85,472.58,5.01
CHEMBL256853,110.0,COc1ccc(NC(=O)NC2CCC(N3CCN(c4ccccc4OC(C)C)CC3)CC2)c(OC)c1,Scientific Literature,Displacement of [125I]HEAT from human recombinant adrenergic alpha1A receptor,B,Homo sapiens,,Bioorg Med Chem Lett,2008,Alpha-1a adrenergic receptor,Ki,nM,6.96,496.65,4.75
CHEMBL272340,155.0,COc1ccccc1NC(=O)NC1CCC(N2CCN(c3ccccc3OC(C)C)CC2)CC1,Scientific Literature,Displacement of [125I]HEAT from human recombinant adrenergic alpha1A receptor,B,Homo sapiens,,Bioorg Med Chem Lett,2008,Alpha-1a adrenergic receptor,Ki,nM,6.81,466.63,4.74
CHEMBL1209158,76.0,COc1cccc(F)c1OC1CN(Cc2cnn(-c3ccccc3)c2C)C1,Scientific Literature,Binding affinity to adrenergic Alpha-1A receptor,B,,,Bioorg Med Chem Lett,2010,Alpha-1a adrenergic receptor,Ki,nM,7.12,367.42,3.59
CHEMBL5269671,31.62,CCCC(=O)NCCN1CCC[C@@H]1Cn1nc(Cc2ccc(Cl)cc2)c2ccccc2c1=O.O=C(O)C(F)(F)F,Scientific Literature,Antagonist activity against recombinant human adrenergic alpha1A receptor expressed in Rat1 cells incubated for 30 mins by FLIPR analysis,B,Homo sapiens,,ACS Med Chem Lett,2017,Alpha-1a adrenergic receptor,Ki,nM,7.5,581.04,4.02
CHEMBL5291469,199.53,O=C(NCCN1CCC[C@@H]1Cn1nc(Cc2ccc(Cl)cc2)c2ccccc2c1=O)C1CCOCC1.O=C(O)C(F)(F)F,Scientific Literature,Antagonist activity against recombinant human adrenergic alpha1A receptor expressed in Rat1 cells incubated for 30 mins by FLIPR analysis,B,Homo sapiens,,ACS Med Chem Lett,2017,Alpha-1a adrenergic receptor,Ki,nM,6.7,623.07,3.65
CHEMBL5284242,31.62,COCCCC(=O)N(C)CCN1CCC[C@@H]1Cn1nc(Cc2ccc(Cl)cc2)c2ccccc2c1=O.O=C(O)C(F)(F)F,Scientific Literature,Antagonist activity against recombinant human adrenergic alpha1A receptor expressed in Rat1 cells incubated for 30 mins by FLIPR analysis,B,Homo sapiens,,ACS Med Chem Lett,2017,Alpha-1a adrenergic receptor,Ki,nM,7.5,625.09,3.99
CHEMBL95736,3.8,CC1=C(C(N)=O)C(c2ccc([N+](=O)[O-])cc2)C(C(=O)NCCCN2CCC(c3ccccc3)(c3ccccc3)CC2)=C(CCCN)N1,Scientific Literature,Binding affinity against human Alpha-1a adrenergic receptor,B,,,Bioorg Med Chem Lett,1999,Alpha-1a adrenergic receptor,Ki,nM,8.42,636.8,4.62
CHEMBL514874,18.62,COc1ccccc1N1CCN(CCN(C(=O)C2CCCCC2)c2ccccn2)CC1.Cl,Scientific Literature,Displacement of [3H]prazosin from human recombinant alpha1A adrenoceptor expressed in CHO cells after 30 mins by liquid scintillation counting,B,Homo sapiens,,J Med Chem,2012,Alpha-1a adrenergic receptor,Ki,nM,7.73,459.03,3.83
CHEMBL2205827,10000.0,COc1ccc(CN2C3C4C5CC6C7C5C3C7C2(O)C64)cc1OC,Scientific Literature,Binding affinity to alpha1A adrenergic,B,,,Bioorg Med Chem Lett,2012,Alpha-1a adrenergic receptor,Ki,nM,,325.41,1.96
CHEMBL5425252,11.0,COc1ccccc1N1CCN(CCCNC(=O)NCc2ccccc2-c2ccccc2)CC1,Scientific Literature,Displacement of [3H]prazosin from adrenergic alpha 1A receptor (unknown origin) expressed in HEK293T cells assessed as inhibition constant by competition binding assay,B,Homo sapiens,,J Med Chem,2023,Alpha-1a adrenergic receptor,Ki,nM,7.96,458.61,4.37
CHEMBL2146801,12.59,COCCN1CCC[C@@H]1Cn1nc(Cc2ccc(Cl)cc2)c2cnccc2c1=O,Scientific Literature,Antagonist activity at human adrenergic alpha1A receptor expressed in rat fibroblasts by by plate-based calcium imaging,F,Homo sapiens,,Bioorg Med Chem,2012,Alpha-1a adrenergic receptor,Ki,nM,7.9,412.92,3.15
CHEMBL2146484,630.96,CN1CCC[C@@H]1Cn1nc(Cc2ccc(Cl)cc2)c2cccnc2c1=O,Scientific Literature,Antagonist activity at human adrenergic alpha1A receptor expressed in rat fibroblasts by by plate-based calcium imaging,F,Homo sapiens,,Bioorg Med Chem,2012,Alpha-1a adrenergic receptor,Ki,nM,6.2,368.87,3.13
CHEMBL1767142,1995.26,CN1CCC[C@@H]1Cn1nc(Cc2ccc(C(C)(C)C)cc2)c2ccccc2c1=O,Scientific Literature,Binding affinity to human adrenergic alpha1A receptor expressed in rat intact fibroblasts,B,Homo sapiens,,J Med Chem,2011,Alpha-1a adrenergic receptor,Ki,nM,,389.54,4.38
CHEMBL1767164,39.81,O=c1c2ccccc2c(Cc2ccc(Cl)cc2)nn1C[C@H]1CCCN1CCCCc1ccc(OCCCN2CCCCCC2)cc1,Scientific Literature,Binding affinity to human adrenergic alpha1A receptor expressed in rat intact fibroblasts,B,Homo sapiens,,J Med Chem,2011,Alpha-1a adrenergic receptor,Ki,nM,7.4,641.3,7.77
CHEMBL313990,0.077,O=C1c2cc(Cl)ccc2S(=O)(=O)N1CCCCN1CCC(n2c(=O)oc3ccccc32)CC1,Scientific Literature,Ability to displace beta ([125I]-iodo-4-hydroxyphenyl)-ethylaminomethyl tetralone from human cloned Alpha-1a adrenergic receptor stably expressed in Chinese Hamster Ovary (CHO) cells,B,,,Bioorg Med Chem Lett,1998,Alpha-1a adrenergic receptor,Ki,nM,10.11,489.98,3.51
CHEMBL4457585,120.23,O=C(O)C(=O)O.c1ccc(OCCNC[C@H]2CO[C@H](C(c3ccccc3)c3ccccc3)O2)cc1,Scientific Literature,Displacement of [3H] prazosin from human cloned adrenoceptor alpha 1A expressed in CHO cell membrane incubated for 30 mins by liquid scintillation counting,B,Homo sapiens,,Eur J Med Chem,2019,Alpha-1a adrenergic receptor,Ki,nM,6.92,479.53,4.23
CHEMBL1910139,16.0,COc1ccccc1N1CCN(CCN(C(=O)C23C4C5C2C2C3C4C52CF)c2ccccn2)CC1,Scientific Literature,Displacement of [3H]prazosin from alpha1A receptor expressed in HEK293 EBNA cells by radioligand binding assay,B,,,Eur J Med Chem,2011,Alpha-1a adrenergic receptor,Ki,nM,7.8,474.58,2.95
CHEMBL180932,0.4,CCC1=C(C(N)=O)[C@H](c2ccc([N+](=O)[O-])cc2)C(C(=O)NCCCN2CCC(c3ccccc3)(c3ccccc3)CC2)=C(COCCN)N1,Scientific Literature,Binding constant measured against Alpha-1A adrenergic receptor in human prostate; +++:highly active,B,Homo sapiens,Prostate gland,Bioorg Med Chem Lett,2005,Alpha-1a adrenergic receptor,Ki,nM,9.4,666.82,4.25
CHEMBL278865,1.0,COc1ccccc1N1CCN(CCCNC(=O)c2cccc3c(=O)c(C)c(-c4ccccc4)oc23)CC1,Scientific Literature,Binding constant measured against Alpha-1A adrenergic receptor in human prostate; ++:moderately active,B,Homo sapiens,Prostate gland,Bioorg Med Chem Lett,2005,Alpha-1a adrenergic receptor,Ki,nM,9.0,511.62,4.72
CHEMBL302246,1.5,CC(C)Oc1ccccc1N1CCN(CC(O)CNC(=O)c2ccc3c(c2)C(=O)N(c2cccc(F)c2)C3=O)CC1,Scientific Literature,Binding affinity towards cloned human alpha-1A adrenergic receptor was determined using [125]-HEAT as radioligand,B,,,J Med Chem,2000,Alpha-1a adrenergic receptor,Ki,nM,8.82,560.63,3.33
CHEMBL532818,194.98,COc1cccc2c(NCCNc3ccnc4c(OC)cccc34)ccnc12,Scientific Literature,Displacement of [3H]-prazosin from human alpha1A adrenergic receptor transfected in COS1 cells,B,Homo sapiens,,Bioorg Med Chem,2014,Alpha-1a adrenergic receptor,Ki,nM,6.71,374.44,4.32
CHEMBL3343981,316.23,COc1ccc2nccc(NCCCCCCCNc3ccnc4ccc(OC)cc34)c2c1,Scientific Literature,Displacement of [3H]-prazosin from human alpha1A adrenergic receptor transfected in COS1 cells,B,Homo sapiens,,Bioorg Med Chem,2014,Alpha-1a adrenergic receptor,Ki,nM,6.5,444.58,6.27
CHEMBL533979,126.0,c1ccc2c(NCCCCCCCNc3ccnc4ccccc34)ccnc2c1,Scientific Literature,Binding affinity to human alpha1A adrenergic receptor transfected in COS1 cells assessed as compound required to occupy 50% of receptor,B,Homo sapiens,,Bioorg Med Chem,2014,Alpha-1a adrenergic receptor,Ki,nM,6.9,384.53,6.26
CHEMBL3342855,9.772,COc1ccccc1N1CCN(CC2COC3(CCS(=O)(=O)CC3)O2)CC1,Scientific Literature,Displacement of [3H]prazosin from human recombinant alpha1A adrenoceptor expressed in CHO cells after 30 mins by liquid scintillation counting,B,Homo sapiens,,Eur J Med Chem,2014,Alpha-1a adrenergic receptor,Ki,nM,8.01,396.51,1.14
CHEMBL256041,82.0,CC(C)Oc1ccccc1N1CCN(C2CCC(NC(=O)NCc3cccc(F)c3)CC2)CC1,Scientific Literature,Displacement of [125I]HEAT from human recombinant adrenergic alpha1A receptor,B,Homo sapiens,,Bioorg Med Chem Lett,2008,Alpha-1a adrenergic receptor,Ki,nM,7.09,468.62,4.55
CHEMBL292403,1.995,Cc1cn(CCCN2CCN(c3ccccc3OCC(F)(F)F)CC2)c(=O)[nH]c1=O,Scientific Literature,Inhibition of [3H]prazosin binding to CHO-K1 whole cells expressing human cloned Alpha-1A adrenergic receptor,B,,,Bioorg Med Chem Lett,2003,Alpha-1a adrenergic receptor,Ki,nM,8.7,426.44,2.0
CHEMBL141821,0.6,COC(=O)C1=C(C)NC(=O)N(C(=O)NCCCN2CCN(c3ccccc3O)CC2)C1c1ccc(F)c(F)c1,Scientific Literature,In vitro binding affinity against Alpha-1A adrenergic receptor of human liver microsomes.,B,,Liver,J Med Chem,1999,Alpha-1a adrenergic receptor,Ki,nM,9.22,543.57,3.11
CHEMBL4171710,109.65,COc1cc2nc(N3CCC[C@@H](NC(=O)c4ccco4)C3)nc(N)c2cc1OC,Scientific Literature,Displacement of [3H]prazosin from human alpha1A adrenoceptor expressed in CHO cell membranes after 30 mins,B,Homo sapiens,,Eur J Med Chem,2017,Alpha-1a adrenergic receptor,Ki,nM,6.96,397.44,2.22
CHEMBL93623,0.75,COC(=O)N1C(=O)N(C)C(C)=C(C(=O)NCCCN2CCC(c3ccc(F)cc3)CC2)[C@H]1c1ccc(F)c(F)c1,Scientific Literature,"Displacement of [125I]L-762,459 from recombinant human alpha1a adrenergic receptor expressed in mammalian cells measured after 1 hr",B,Homo sapiens,,Eur J Med Chem,2017,Alpha-1a adrenergic receptor,Ki,nM,9.12,558.6,4.94
CHEMBL74071,2691.53,CC(C)S(=O)(=O)c1ccccc1NCC1=NCCN1,Scientific Literature,Affinity to Alpha-1 adrenergic receptor determined by radioligand binding techniques from rat-1 fibroblasts membranes,B,,,J Med Chem,2002,Alpha-1a adrenergic receptor,Ki,nM,5.57,281.38,1.28
CHEMBL419448,549.54,CS(=O)(=O)c1c(F)cccc1NCC1=NCCN1,Scientific Literature,Affinity to Alpha-1 adrenergic receptor determined by radioligand binding techniques from rat-1 fibroblasts membranes,B,,,J Med Chem,2002,Alpha-1a adrenergic receptor,Ki,nM,6.26,271.32,0.64
CHEMBL322405,3.15,COC(=O)C1(c2ccccc2)CCN(CCCNC(=O)C2=C(COCCN)NC(C)=C(C(N)=O)C2c2ccc([N+](=O)[O-])cc2)CC1,Scientific Literature,Binding affinity against human Alpha-1a adrenergic receptor,B,,,Bioorg Med Chem Lett,1999,Alpha-1a adrenergic receptor,Ki,nM,8.5,634.73,1.98
CHEMBL542402,1288.25,C[S+]([O-])c1ccccc1NCC1=NCCN1.Cl,Scientific Literature,Affinity to Alpha-1 adrenergic receptor determined by radioligand binding techniques from rat-1 fibroblasts membranes,B,,,J Med Chem,2002,Alpha-1a adrenergic receptor,Ki,nM,5.89,273.79,0.84
CHEMBL313990,0.24,O=C1c2cc(Cl)ccc2S(=O)(=O)N1CCCCN1CCC(n2c(=O)oc3ccccc32)CC1,Scientific Literature,Compound was evaluated for its affinity for Alpha-1a adrenergic receptor in dog prostate tissue preparations,B,Canis lupus familiaris,Prostate gland,Bioorg Med Chem Lett,1998,Alpha-1a adrenergic receptor,Ki,nM,9.62,489.98,3.51
CHEMBL69143,0.9,CC(C)Oc1ccccc1N1CCN(CC(O)CNC(=O)c2ccc3c(c2)C(=O)N(c2ccccc2)C3=O)CC1,Scientific Literature,Binding affinity towards cloned human alpha-1A adrenergic receptor was determined using [125]-HEAT as radioligand,B,,,J Med Chem,2000,Alpha-1a adrenergic receptor,Ki,nM,9.05,542.64,3.19
CHEMBL143026,85.11,COc1cc2nc3c(c(N)c2cc1OC)CCC(CNC(=O)c1ccc(C(F)(F)F)cc1)C3,Scientific Literature,Binding affinity to adrenergic alpha1A receptor (unknown origin),B,Homo sapiens,,Med Chem Res,2011,Alpha-1a adrenergic receptor,Ki,nM,7.07,459.47,4.39
CHEMBL2234449,2570.4,COc1cc2nc3c(c(N)c2cc1OC)CCC(CNC(=O)c1ccoc1)C3,Scientific Literature,Binding affinity to adrenergic alpha1A receptor (unknown origin),B,Homo sapiens,,Med Chem Res,2011,Alpha-1a adrenergic receptor,Ki,nM,5.59,381.43,2.96
CHEMBL2234456,74.13,COc1ccccc1OCCNC1COC(c2ccccc2)(c2ccccc2)CO1,Scientific Literature,Binding affinity to adrenergic alpha1A receptor (unknown origin),B,Homo sapiens,,Med Chem Res,2011,Alpha-1a adrenergic receptor,Ki,nM,7.13,405.49,3.98
CHEMBL2234455,223.87,c1ccc(OCCNC2COC(c3ccccc3)(c3ccccc3)CO2)cc1,Scientific Literature,Binding affinity to adrenergic alpha1A receptor (unknown origin),B,Homo sapiens,,Med Chem Res,2011,Alpha-1a adrenergic receptor,Ki,nM,6.65,375.47,3.97
CHEMBL2234452,512.86,COc1cccc(OC)c1OCCN[C@H]1CO[C@H](c2ccccc2)CO1,Scientific Literature,Binding affinity to adrenergic alpha1A receptor (unknown origin),B,Homo sapiens,,Med Chem Res,2011,Alpha-1a adrenergic receptor,Ki,nM,6.29,359.42,2.79
CHEMBL25554,0.1585,COc1cccc(OC)c1OCCNCC1COc2ccccc2O1,Scientific Literature,Binding affinity was tested on human Alpha-1A adrenergic receptor,B,,,J Med Chem,1997,Alpha-1a adrenergic receptor,Ki,nM,9.8,345.4,2.51
CHEMBL363548,150.0,O=C(CCCN1CCC(O)(c2ccc(Cl)cc2)CC1)c1ccc(Cl)cc1,Scientific Literature,Displacement of [125I]HEAT from human recombinant adrenergic alpha-1A receptor,B,Homo sapiens,,J Med Chem,2007,Alpha-1a adrenergic receptor,Ki,nM,6.82,392.33,4.94
CHEMBL262217,0.2,COCC1=C(C(=O)OC)C(c2ccc(F)c(F)c2)N(C(=O)NCCCN2CCC(C#N)(c3cccc(F)c3)CC2)C(=O)N1,Scientific Literature,In vitro binding affinity against alpha-1A adrenergic receptor of human liver microsomes,B,,Liver,J Med Chem,1999,Alpha-1a adrenergic receptor,Ki,nM,9.7,599.61,3.9
CHEMBL492835,1000.0,c1ccc(OCCNC[C@@H]2COC[C@H](c3ccccc3)O2)cc1,Scientific Literature,Displacement of [3H]prazosin from human cloned alpha1A adrenoceptor expressed in CHO cells,B,Homo sapiens,,J Med Chem,2008,Alpha-1a adrenergic receptor,Ki,nM,,313.4,2.81
CHEMBL493285,128.82,c1ccc(OCCNC[C@@H]2COCC(c3ccccc3)(c3ccccc3)O2)cc1,Scientific Literature,Displacement of [3H]prazosin from human recombinant alpha1A adrenergic receptor expressed in CHO cell membranes after 30 mins,B,Homo sapiens,,J Med Chem,2013,Alpha-1a adrenergic receptor,Ki,nM,6.89,389.5,4.01
CHEMBL299539,0.9,COC(=O)C1(c2ccccc2)CCN(CCCNC(=O)N2C(=O)NC3=C(C(=O)OC3)C2c2ccc3nonc3c2)CC1,Scientific Literature,Displacement of [3H]- prazosin from human recombinant Alpha-1A adrenergic receptor,B,Homo sapiens,,Bioorg Med Chem Lett,2000,Alpha-1a adrenergic receptor,Ki,nM,9.05,574.59,2.41
CHEMBL193620,4400.0,O=C1CC2(CCCC2)CC(=O)N1CCN1CCN(c2cc(F)c(F)cc2F)CC1,Scientific Literature,Binding affinity for human Alpha-1A adrenergic receptor,B,Homo sapiens,,J Med Chem,2005,Alpha-1a adrenergic receptor,Ki,nM,5.36,409.45,2.94
CHEMBL271913,101.0,COc1ccc(Cl)cc1NC(=O)NC1CCC(N2CCN(c3ccccc3OC(C)C)CC2)CC1,Scientific Literature,Displacement of [125I]HEAT from human recombinant adrenergic alpha1A receptor,B,Homo sapiens,,Bioorg Med Chem Lett,2008,Alpha-1a adrenergic receptor,Ki,nM,7.0,501.07,5.39
CHEMBL228494,4.8,O=S(=O)(N[C@H]1CC[C@H](N2CCC(c3ccccc3OCC(F)(F)F)CC2)CC1)c1cc(Cl)ccc1F,Scientific Literature,Binding affinity to human cloned adrenergic alpha-1a receptor,B,Homo sapiens,,Bioorg Med Chem Lett,2007,Alpha-1a adrenergic receptor,Ki,nM,8.32,549.03,5.89
CHEMBL228553,12.0,O=S(=O)(N[C@H]1CC[C@H](N2CCC(c3ccccc3OCC(F)(F)F)CC2)CC1)c1cccc(OC(F)F)c1,Scientific Literature,Binding affinity to human cloned adrenergic alpha-1a receptor,B,Homo sapiens,,Bioorg Med Chem Lett,2007,Alpha-1a adrenergic receptor,Ki,nM,7.92,562.6,5.7
CHEMBL228280,1.8,O=S(=O)(N[C@H]1CC[C@@H](N2CCC(c3ccccc3OC3CC3)CC2)CC1)c1cc(Cl)ccc1F,Scientific Literature,Binding affinity to human cloned adrenergic alpha-1a receptor,B,Homo sapiens,,Bioorg Med Chem Lett,2007,Alpha-1a adrenergic receptor,Ki,nM,8.74,507.07,5.49
CHEMBL198431,1.995,COc1ccccc1COc1ccccc1OCCNCCOc1c(OC)cccc1OC,Scientific Literature,Displacement of [3H]prazosin from cloned human ADRA1A expressed in CHO cells,B,Homo sapiens,,J Med Chem,2005,Alpha-1a adrenergic receptor,Ki,nM,8.7,453.54,4.34
CHEMBL196817,1.259,COc1cccc(OC)c1OCCNCCOc1ccccc1OCc1ccc([N+](=O)[O-])cc1,Scientific Literature,Displacement of [3H]prazosin from cloned human ADRA1A expressed in CHO cells,B,Homo sapiens,,J Med Chem,2005,Alpha-1a adrenergic receptor,Ki,nM,8.9,468.51,4.24
CHEMBL141444,0.2,COC(=O)C1=C(C)NC(=O)N(C(=O)NCCCN2CCC(C(=O)OC)(c3ccccc3)CC2)C1c1ccc(F)cc1F,Scientific Literature,In vitro binding affinity against Alpha-1A adrenergic receptor of human liver microsomes.,B,,Liver,J Med Chem,1999,Alpha-1a adrenergic receptor,Ki,nM,9.7,584.62,3.78
CHEMBL4071929,281.84,COCOc1ccccc1OCCNCC1COCC(c2ccccc2)(c2ccccc2)O1,Scientific Literature,Displacement of [3H]prazosin from recombinant human alpha-1a adrenergic receptor expressed in CHO cell membranes after 30 mins by liquid scintillation counting method,A,Homo sapiens,,Eur J Med Chem,2017,Alpha-1a adrenergic receptor,Ki,nM,6.55,449.55,4.0
CHEMBL1078750,1000.0,c1ccc(-c2ccc(OCCNCC3COC(c4ccccc4)(c4ccccc4)O3)cc2)cc1,Scientific Literature,Displacement of [3H]prazosin from human alpha1A adrenergic receptor expressed in CHO cells,B,Homo sapiens,,Bioorg Med Chem Lett,2010,Alpha-1a adrenergic receptor,Ki,nM,,451.57,5.64
CHEMBL300355,2.4,COCC1=C(C(=O)OC)[C@H](c2ccc(F)c(F)c2)N(C(=O)N[C@H]2CC[C@@H](N3CCC(C#N)(c4ccccc4)CC3)C2)C(=O)N1,Scientific Literature,Displacement of [125I]HEAT from human Alpha-1A adrenergic receptor stably expressed in CHO cells,B,,,Bioorg Med Chem Lett,2000,Alpha-1a adrenergic receptor,Ki,nM,8.62,607.66,4.29
CHEMBL92221,200.0,Cc1c(NC2=NCCN2)cccc1-c1ccccc1,Scientific Literature,Binding affinity towards alpha-1-adrenergic receptor,B,,,J Med Chem,2003,Alpha-1a adrenergic receptor,Ki,nM,6.7,251.33,3.03
CHEMBL81006,0.099,Cc1ccc2c(c1)C(=O)N(CCCCN1CCC(n3c(=O)oc4ccccc43)CC1)S2(=O)=O,Scientific Literature,Ability to displace beta ([125I]-iodo-4-hydroxyphenyl)-ethylaminomethyl tetralone from human cloned Alpha-1a adrenergic receptor stably expressed in Chinese Hamster Ovary (CHO) cells,B,,,Bioorg Med Chem Lett,1998,Alpha-1a adrenergic receptor,Ki,nM,10.0,469.56,3.16
CHEMBL4218360,270.0,Cl.Fc1ccc(Cl)c(OCCNCc2cccc(Cl)c2)c1,Scientific Literature,Displacement of 7-methoxy-[3H]-prazosin from human alpha1A-adrenoreceptor expressed in CHOK1 cell membranes after 60 mins by TopCount liquid scintillation counting method,B,Homo sapiens,,Eur J Med Chem,2017,Alpha-1a adrenergic receptor,Ki,nM,,350.65,4.3
CHEMBL4209590,50.0,CS(=O)(=O)c1ccccc1CCCNCCOc1cc(F)ccc1Cl,Scientific Literature,Displacement of 7-methoxy-[3H]-prazosin from human alpha1A-adrenoreceptor expressed in CHOK1 cell membranes after 60 mins by TopCount liquid scintillation counting method,B,Homo sapiens,,Eur J Med Chem,2017,Alpha-1a adrenergic receptor,Ki,nM,7.3,385.89,3.48
CHEMBL69848,0.2,CC(C)Oc1ccccc1N1CCN(Cc2cc(CN3CCCC3=O)cs2)CC1,Scientific Literature,Displacement of [125I]HEAT from COS cell membranes expressing human Alpha-1A adrenergic receptor,B,Homo sapiens,,Bioorg Med Chem Lett,2002,Alpha-1a adrenergic receptor,Ki,nM,9.7,413.59,3.98
CHEMBL304132,0.16,Cc1ccc(N2C(=O)c3ccc(C(=O)NCCCN4CCN(c5ccccc5OC(C)C)CC4)cc3C2=O)cc1,Scientific Literature,Binding affinity towards cloned human alpha-1A adrenergic receptor was determined using [125]-HEAT as radioligand,B,,,J Med Chem,2000,Alpha-1a adrenergic receptor,Ki,nM,9.8,540.66,4.52
CHEMBL95578,4.8,CCC1=C(C(N)=O)C(c2ccc([N+](=O)[O-])cc2)C(C(=O)NCCCN2CCC(c3ccccc3)(c3ccccc3)CC2)=C(COCCCN)N1,Scientific Literature,Binding affinity against human Alpha-1a adrenergic receptor,B,,,Bioorg Med Chem Lett,1999,Alpha-1a adrenergic receptor,Ki,nM,8.32,680.85,4.64
CHEMBL308671,1.5,CC(C)Oc1ccccc1N1CCN(CC(O)CNC(=O)c2ccc3c(c2)C(=O)N(c2ccc(F)cc2)C3=O)CC1,Scientific Literature,Binding affinity towards cloned human alpha-1A adrenergic receptor was determined using [125]-HEAT as radioligand,B,,,J Med Chem,2000,Alpha-1a adrenergic receptor,Ki,nM,8.82,560.63,3.33
CHEMBL145574,0.7,CC(=O)C1=C(C)NC(=O)N(C(=O)NCCCN2CCN(c3ccccc3C(N)=O)CC2)C1c1ccc(F)c(F)c1,Scientific Literature,In vitro binding affinity against Alpha-1A adrenergic receptor of human liver microsomes.,B,,Liver,J Med Chem,1999,Alpha-1a adrenergic receptor,Ki,nM,9.15,554.6,2.91
CHEMBL132378,954.99,O[C@H]1[C@@H](NC[C@@H]2COc3ccccc3O2)CC[C@@H]1Oc1ccccc1,Scientific Literature,Displacement of [3H]prazosin from human cloned Alpha-1A adrenergic receptor,B,Homo sapiens,,J Med Chem,1999,Alpha-1a adrenergic receptor,Ki,nM,6.02,341.41,2.39
CHEMBL72995,100000.0,CC1CN=C(Nc2ccc3nccnc3c2Br)N1,Scientific Literature,Binding affinity for human Alpha-1A adrenergic receptor from cultured LM(tk-) cells using [3H]-prazosin,B,Homo sapiens,,Bioorg Med Chem Lett,1995,Alpha-1a adrenergic receptor,Ki,nM,,306.17,2.15
CHEMBL300647,36.0,CN(C)C1C=CC2(CC1)c1ccccc1C=Cc1ccc(Cl)cc12,Scientific Literature,The compound was tested for binding affinity against Alpha-1 adrenergic receptor using WB-4101 as radioligand,B,,,J Med Chem,1991,Alpha-1a adrenergic receptor,Ki,nM,7.44,335.88,5.39
CHEMBL98168,45.0,O=C1OC2(CCN(CCc3cccc4ccccc34)CC2)Cc2ccccc21,Scientific Literature,Displacement of [125I]HEAT from human Alpha-1C adrenergic receptor expressed in CHO cells,B,Homo sapiens,,Bioorg Med Chem Lett,1999,Alpha-1a adrenergic receptor,Ki,nM,7.35,371.48,4.63
CHEMBL41959,380.0,COC(=O)C1(c2ccccc2)CCN(CCNC(=O)CCc2ccc([N+](=O)[O-])cc2)CC1,Scientific Literature,Inhibition of binding of [125I]HEAT to cloned human alpha-1A adrenergic receptor.,B,,,Bioorg Med Chem Lett,2000,Alpha-1a adrenergic receptor,Ki,nM,6.42,439.51,2.85
CHEMBL100878,71.0,C1=CC2(CCN(CCc3cccc4ccccc34)CC2)Oc2ccccc21,Scientific Literature,Displacement of [125I]HEAT from human Alpha-1C adrenergic receptor expressed in CHO cells,B,Homo sapiens,,Bioorg Med Chem Lett,1999,Alpha-1a adrenergic receptor,Ki,nM,7.15,355.48,5.32
CHEMBL98430,8.0,Cc1[nH]c2ccccc2c1CCN1CCC2(CC1)CC(=O)c1ccc(NS(C)(=O)=O)cc1O2,Scientific Literature,Displacement of [125I]HEAT from human Alpha-1C adrenergic receptor expressed in CHO cells,B,Homo sapiens,,Bioorg Med Chem Lett,1999,Alpha-1a adrenergic receptor,Ki,nM,8.1,467.59,3.89
CHEMBL68913,1.22,COc1cc(N2C(=O)c3ccc(C(=O)NCC(O)CN4CCN(c5ccccc5OC(C)C)CC4)cc3C2=O)cc(OC)c1OC,Scientific Literature,Binding affinity towards cloned human alpha-1A adrenergic receptor was determined using [125]-HEAT as radioligand,B,,,J Med Chem,2000,Alpha-1a adrenergic receptor,Ki,nM,8.91,632.71,3.21
CHEMBL42763,22.0,Cc1ccc(C(C(=O)NCCCN2CCC(C#N)(c3ccccc3C(F)(F)F)CC2)c2ccc(C)cc2)cc1,Scientific Literature,Inhibition of binding of [125I]HEAT to cloned human alpha-1A adrenergic receptor.,B,,,Bioorg Med Chem Lett,2000,Alpha-1a adrenergic receptor,Ki,nM,7.66,533.64,6.52
CHEMBL1256998,1849.05,CCCCN1CCC(COC(=O)c2cc(Cl)c(N)c3c2OCCO3)CC1.Cl,EUbOPEN Chemogenomic Library,"PDSP Secondary Binding target: ADRA1A - Compounds are tested at 10 uM concentration, plate are incubated at room temperature in the dark for 90 minutes. Reaction are stopped by vacuum filtration onto 0.3% polyethyleneimine soaked filter mats using Filtermate harvester. Scintillation cocktail is then melted onto microwave-dried filters on a hot plate and the radio activity is counted in Microbia counter. Compounds showing a minimum of 50% inhibition at 10 uM concentration are carried forward in this secondary binding assay to determine equilibrium binding affinity.",B,Homo sapiens,,,2024,Alpha-1a adrenergic receptor,Ki,nM,5.73,419.35,3.36
CHEMBL42361,72.0,CC(C)C(C(=O)NCCCN1CCC(C#N)(c2ccccc2)CC1)c1ccccc1,Scientific Literature,Inhibition of binding of [125I]HEAT to cloned human alpha-1A adrenergic receptor.,B,,,Bioorg Med Chem Lett,2000,Alpha-1a adrenergic receptor,Ki,nM,7.14,403.57,4.49
CHEMBL145001,1.0,COC(=O)C1=C(C)N=C(C)N(CCCCCN2CCC(C#N)(c3ccccc3)CC2)C1c1ccc(F)c(F)c1,Scientific Literature,Binding affinity against Alpha-1A adrenergic receptor (recombinant human receptor) using [3H]prazosin.,B,,,J Med Chem,1999,Alpha-1a adrenergic receptor,Ki,nM,9.0,534.65,5.91
CHEMBL77901,2.29,COc1ccccc1N1CCN(CCNc2c(C(C)=O)c(C)nn(C)c2=O)CC1,Scientific Literature,Binding affinity towards human cloned alpha-1A-adrenoceptor using [3H]prazosin as radioligand,B,,,J Med Chem,2001,Alpha-1a adrenergic receptor,Ki,nM,8.64,399.5,1.53
CHEMBL416073,50.0,N#CC1(c2ccccc2)CCN(CCCNC(=O)C(c2ccccc2)C2CCCC2)CC1,Scientific Literature,Inhibition of binding of [125I]HEAT to cloned human alpha-1A adrenergic receptor.,B,,,Bioorg Med Chem Lett,2000,Alpha-1a adrenergic receptor,Ki,nM,7.3,429.61,5.02
CHEMBL50490,9.1,O=C1OCC2=C1C(c1ccc(F)c(F)c1)N(C(=O)NCCCN1CCC(c3ccccc3)(c3ccccc3)CC1)C(=O)N2,Scientific Literature,Displacement of [3H]- prazosin from human recombinant Alpha-1A adrenergic receptor,B,Homo sapiens,,Bioorg Med Chem Lett,2000,Alpha-1a adrenergic receptor,Ki,nM,8.04,586.64,5.02
CHEMBL298713,0.1,COC(=O)C1=C(C)NC(=O)N(C(=O)NCCCN2CCC(C(=O)OC)(c3ccccc3)CC2)C1c1ccc(F)c(F)c1,Scientific Literature,In vitro binding affinity against Alpha-1A adrenergic receptor of human liver microsomes.,B,,Liver,J Med Chem,1999,Alpha-1a adrenergic receptor,Ki,nM,10.0,584.62,3.78
CHEMBL91956,8.71,CO/C(O)=C1\C(C)=NC(C)=C(C(=O)NCCN2CCC(c3ccccc3)(c3ccccc3)CC2)C1c1ccc([N+](=O)[O-])cc1,Scientific Literature,Binding affinity determined by displacement of [3H]prazosin from alpha-1A adrenergic receptor,B,,,J Med Chem,1998,Alpha-1a adrenergic receptor,Ki,nM,8.06,594.71,6.04
CHEMBL313160,1.479,CO/C(O)=C1\C(C)=NC(C)=C(C(=O)NCCCN2CCC(c3ccccc3)(c3ccccc3)CC2)C1c1ccc([N+](=O)[O-])c(OC)c1,Scientific Literature,Binding affinity determined by displacement of [3H]prazosin from alpha-1A adrenergic receptor,B,,,J Med Chem,1998,Alpha-1a adrenergic receptor,Ki,nM,8.83,638.77,6.44
CHEMBL611,39.81,COc1cc2nc(N3CCN(C(=O)C4CCCO4)CC3)nc(N)c2cc1OC,Scientific Literature,Binding affinity was tested on human Alpha-1A adrenergic receptor,B,,,J Med Chem,1997,Alpha-1a adrenergic receptor,Ki,nM,7.4,387.44,1.06
CHEMBL431362,0.29,Cc1ccc(N2C(=O)c3ccc(C(=O)NC[C@H](O)CN4CCN(c5ccccc5OC(C)C)CC4)cc3C2=O)cc1,Scientific Literature,Binding affinity towards cloned human alpha-1A adrenergic receptor was determined using [125]-HEAT as radioligand,B,,,J Med Chem,2000,Alpha-1a adrenergic receptor,Ki,nM,9.54,556.66,3.5
CHEMBL309106,0.33,CC(C)Oc1ccccc1N1CCN(C[C@@H](O)CNC(=O)c2ccc3c(c2)C(=O)N(c2ccc(N(C)C)cc2)C3=O)CC1,Scientific Literature,Binding affinity towards cloned human alpha-1A adrenergic receptor was determined using [125]-HEAT as radioligand,B,,,J Med Chem,2000,Alpha-1a adrenergic receptor,Ki,nM,9.48,585.71,3.25
CHEMBL327712,1.862,CO/C(O)=C1\C(C)=NC(C)=C(C(=O)NCCCN2CCC(c3ccccc3)(c3ccccc3)CC2)C1c1ccc(Cl)c(Cl)c1,Scientific Literature,Binding affinity determined by displacement of [3H]prazosin from alpha-1A adrenergic receptor,B,,,J Med Chem,1998,Alpha-1a adrenergic receptor,Ki,nM,8.73,632.63,7.83
CHEMBL79532,44.0,COC(=O)C1(c2ccccc2)CCN(CCCCN2C(=O)c3cc(Cl)ccc3S2(=O)=O)CC1,Scientific Literature,Binding affinity against human Alpha-1a adrenergic receptor was evaluated by cloned receptor binding assay,B,,,Bioorg Med Chem Lett,1998,Alpha-1a adrenergic receptor,Ki,nM,7.36,491.01,3.47
CHEMBL12062,0.66,CC(C)Oc1ccccc1N1CCN(CCCNC(=O)CN2CCCCC2=O)CC1,Scientific Literature,Binding affinity for human Alpha-1A adrenergic receptor expressed in COS cell membranes,B,Homo sapiens,,Bioorg Med Chem Lett,2000,Alpha-1a adrenergic receptor,Ki,nM,9.18,416.57,2.11
CHEMBL306792,20.89,CSc1cc(F)ccc1NCC1=NCCN1,Scientific Literature,Affinity to Alpha-1 adrenergic receptor determined by radioligand binding techniques from rat-1 fibroblasts membranes,B,,,J Med Chem,2002,Alpha-1a adrenergic receptor,Ki,nM,7.68,239.32,1.96
CHEMBL74467,812.83,CS(=O)(=O)c1ccc(F)cc1NCC1=NCCN1,Scientific Literature,Affinity to Alpha-1 adrenergic receptor determined by radioligand binding techniques from rat-1 fibroblasts membranes,B,,,J Med Chem,2002,Alpha-1a adrenergic receptor,Ki,nM,6.09,271.32,0.64
CHEMBL278716,4.8,COCC1=C(C(=O)OC)[C@H](c2ccc(F)c(F)c2)N(C(=O)N[C@H]2CC[C@H](N3CCN(c4ccccc4C#N)CC3)C2)C(=O)N1,Scientific Literature,Displacement of [125I]HEAT from human Alpha-1A adrenergic receptor stably expressed in CHO cells,B,,,Bioorg Med Chem Lett,2000,Alpha-1a adrenergic receptor,Ki,nM,8.32,608.65,3.43
CHEMBL44124,7.3,Cc1ccc(C(C(=O)NCCCN2CCC(C#N)(c3ccccc3)CC2)c2ccc(C)cc2)cc1,Scientific Literature,Inhibition of binding of [125I]HEAT to cloned human alpha-1A adrenergic receptor.,B,,,Bioorg Med Chem Lett,2000,Alpha-1a adrenergic receptor,Ki,nM,8.14,465.64,5.5
CHEMBL300821,0.44,COCC1=C(C(=O)OC)[C@H](c2ccc(F)c(F)c2)N(C(=O)N[C@H]2CC[C@@H](N3CCN(c4ccccc4C#N)CC3)C2)C(=O)N1,Scientific Literature,Displacement of [125I]HEAT from human Alpha-1A adrenergic receptor stably expressed in CHO cells,B,,,Bioorg Med Chem Lett,2000,Alpha-1a adrenergic receptor,Ki,nM,9.36,608.65,3.43
CHEMBL12603,18.0,CC(C)Oc1ccccc1N1CCN(CCNC(=O)CN2CCCCCC2=O)CC1,Scientific Literature,Binding affinity for human Alpha-1A adrenergic receptor expressed in COS cell membranes,B,Homo sapiens,,Bioorg Med Chem Lett,2000,Alpha-1a adrenergic receptor,Ki,nM,7.75,416.57,2.11
CHEMBL92951,0.24,COCC1=C(C(=O)NCCCN2CCC(c3ccc(F)cc3)CC2)[C@@H](c2ccc(F)c(F)c2)NC(=O)N1,Scientific Literature,"Displacement of [125I]L-762,459 from recombinant human alpha1a adrenergic receptor expressed in mammalian cells measured after 1 hr",B,Homo sapiens,,Eur J Med Chem,2017,Alpha-1a adrenergic receptor,Ki,nM,9.62,516.56,3.74
CHEMBL239099,1995.26,N#Cc1ccc(C(=O)N2CCN(c3ccc(OC4CCN(C5CCC5)CC4)cc3)C(=O)C2)cc1.O=CO,Scientific Literature,Antagonist activity at human recombinant adrenergic alpha 1A receptor expressed in Rat1 cells assessed as inhibition of phenylephrine-induced cellular calcium mobilization,F,Homo sapiens,,J Med Chem,2007,Alpha-1a adrenergic receptor,Ki,nM,,504.59,3.44
CHEMBL306377,2187.76,c1ccc2c(c1)CCCC2NC1=NCCCO1,Scientific Literature,Binding affinity towards human Alpha-1A adrenergic receptor by the displacement of [3H]prazosin,B,,,Bioorg Med Chem Lett,1994,Alpha-1a adrenergic receptor,Ki,nM,5.66,230.31,2.43
CHEMBL494908,158.49,COc1ccccc1OCCNC[C@@H]1CO[C@@H](c2ccccc2)CO1,Scientific Literature,Displacement of [3H]prazosin from human cloned alpha1A adrenoceptor expressed in CHO cells,B,Homo sapiens,,J Med Chem,2008,Alpha-1a adrenergic receptor,Ki,nM,6.8,343.42,2.82
CHEMBL114166,33.0,CC(C)=CCOc1ccc(Cl)c2c1CCN(C)CC2,Scientific Literature,Inhibition of [3H]prazosin binding to human Alpha-1A adrenergic receptor expressed in CHO cells,B,Homo sapiens,,J Med Chem,1995,Alpha-1a adrenergic receptor,Ki,nM,7.48,279.81,3.72
CHEMBL311290,1033.0,COC(=O)c1ccc2c(c1)oc(=O)n2C1CCN(CCCCN2C(=O)c3ccccc3S2(=O)=O)CC1,Scientific Literature,Ability to displace beta ([125I]-iodo-4-hydroxyphenyl)-ethylamino methyl tetralone from human cloned Alpha-1a adrenergic receptor stably expressed in Chinese Hamster Ovary (CHO) cells,B,Homo sapiens,,Bioorg Med Chem Lett,1998,Alpha-1a adrenergic receptor,Ki,nM,5.99,513.57,2.64
CHEMBL145770,0.3,COC(=O)C1=C(C)N=C(C)N(CCCCCN2CCC(c3ccccc3OC)CC2)C1c1ccc(F)c(F)c1,Scientific Literature,Binding affinity against Alpha-1A adrenergic receptor (recombinant human receptor) using [3H]prazosin.,B,,,J Med Chem,1999,Alpha-1a adrenergic receptor,Ki,nM,9.52,539.67,6.25
CHEMBL70740,616.6,O=S1(=O)CCCc2cccc(NCC3=NCCN3)c21,Scientific Literature,Affinity to Alpha-1 adrenergic receptor determined by radioligand binding techniques from rat-1 fibroblasts membranes,B,,,J Med Chem,2002,Alpha-1a adrenergic receptor,Ki,nM,6.21,279.37,0.82
CHEMBL303282,4740.0,O=C(c1nc(-c2c[nH]c3ccccc23)c[nH]1)c1c[nH]c2cc(O)ccc12,Scientific Literature,Compound was tested for its binding affinity towards Rat-1 cells stably expressing hamster alpha-1b adrenergic receptor by displacing [125I]HEAT (2-beta-(4-hydroxyphenyl)-ethylaminomethyltetralone),B,,,Bioorg Med Chem Lett,1996,Alpha-1a adrenergic receptor,Ki,nM,5.32,342.36,3.98
CHEMBL4572167,1584.89,CC[C@H]1c2ccccc2N(c2ccccc2)C[C@@]1(C)N,Scientific Literature,Displacement of [3H]-Prazosin from human recombinant adrenergic alpha1A receptor expressed in cells after 90 mins by microbeta scintillation counting method,B,Homo sapiens,,ACS Med Chem Lett,2019,Alpha-1a adrenergic receptor,Ki,nM,5.8,266.39,4.05
CHEMBL134,512.86,Clc1cccc(Cl)c1NC1=NCCN1,Scientific Literature,Binding affinity towards human Alpha-1A adrenergic receptor by the displacement of [3H]prazosin,B,,,Bioorg Med Chem Lett,1994,Alpha-1a adrenergic receptor,Ki,nM,6.29,230.1,2.36
CHEMBL1223680,17.0,Fc1ccccc1N1CCN(CCCCNc2ccccn2)CC1,Scientific Literature,Displacement of [3H]prazosin from human adrenergic alpha1A receptor,B,Homo sapiens,,Bioorg Med Chem Lett,2010,Alpha-1a adrenergic receptor,Ki,nM,7.77,328.43,3.24
CHEMBL198860,0.2512,COc1cccc(OC)c1OCCNCCOc1ccccc1OCc1cccc(Cl)c1,Scientific Literature,Displacement of [3H]prazosin from cloned human ADRA1A expressed in CHO cells,B,Homo sapiens,,J Med Chem,2005,Alpha-1a adrenergic receptor,Ki,nM,9.6,457.95,4.98
CHEMBL42231,0.5129,COc1cccc(OC)c1OCCNCC1Cc2ccccc2C(c2ccccc2)C1,Scientific Literature,Affinity constant on CHO cells expressing Human recombinant Alpha-1A adrenergic receptor,B,Homo sapiens,,J Med Chem,2002,Alpha-1a adrenergic receptor,Ki,nM,9.29,417.55,5.07
CHEMBL305928,3801.89,C1CCCC(NC2=NCCO2)CC1,Scientific Literature,Binding affinity towards human Alpha-1A adrenergic receptor by the displacement of [3H]prazosin,B,,,Bioorg Med Chem Lett,1994,Alpha-1a adrenergic receptor,Ki,nM,5.42,182.27,1.68
CHEMBL59590,2.0,Cc1ccc(C(O)(C(=O)NCCCN2CCC(C#N)(c3ccccc3C)CC2)c2ccc(C)cc2)cc1,Scientific Literature,In vitro binding affinity towards cloned human Alpha-1A adrenergic receptor,B,Homo sapiens,,Bioorg Med Chem Lett,2001,Alpha-1a adrenergic receptor,Ki,nM,8.7,495.67,4.91
CHEMBL4762646,1065.0,C[C@@H](c1cccc(C#N)c1)n1cc(Cl)cc(C(N)=O)c1=N.Cl,EUbOPEN Chemogenomic Library Literature Data,Selectivity interaction (GPCR panel (PDSP screen)) EUB0000341aCl ADRA1A,B,Homo sapiens,,,2023,Alpha-1a adrenergic receptor,Ki,nM,5.97,337.21,2.2
CHEMBL5422870,38.0,COCCOCCOc1ccc(NC(=O)NCCCN2CCN(c3ccccc3OC)CC2)c(-c2ccccc2)c1,Scientific Literature,Displacement of [3H]prazosin from adrenergic alpha 1A receptor (unknown origin) expressed in HEK293T cells assessed as inhibition constant by competition binding assay,B,Homo sapiens,,J Med Chem,2023,Alpha-1a adrenergic receptor,Ki,nM,7.42,562.71,4.74
CHEMBL4580139,1000.0,c1ccc(OCCNC[C@H]2OCCO[C@H]2c2ccccc2)cc1,Scientific Literature,Displacement of [3H]Prazosin from human recombinant alpha 1A adrenergic receptor expressed in CHO cells incubated for 30 mins by radioligand competition binding assay,B,Homo sapiens,,Eur J Med Chem,2019,Alpha-1a adrenergic receptor,Ki,nM,,313.4,2.81
CHEMBL1182155,0.4074,COc1cccc(OC)c1OCCNC[C@H]1COc2ccccc2O1,Scientific Literature,Antagonist activity at human alpha A1 adrenoreceptor expressed in CHO cells,B,Homo sapiens,,Eur J Med Chem,2020,Alpha-1a adrenergic receptor,Ki,nM,9.39,345.4,2.51
CHEMBL3754496,1258.93,C=CCN(CC=C)CCc1c[nH]c2ccc(F)cc12,Scientific Literature,Binding affinity to alpha-1A adrenergic receptor (unknown origin) by competition binding assay,B,Homo sapiens,,Bioorg Med Chem Lett,2016,Alpha-1a adrenergic receptor,Ki,nM,5.9,258.34,3.52
CHEMBL78676,2.0,COc1ccc(Cl)cc1N1CCN(CCCNc2cc(-c3ccccc3)nn(C)c2=O)CC1,Scientific Literature,Binding affinity towards human cloned alpha-1A-adrenoceptor using [3H]prazosin as radioligand,B,,,J Med Chem,2001,Alpha-1a adrenergic receptor,Ki,nM,8.7,468.0,3.73
CHEMBL3104091,2371.0,CN1CCc2c(c3cccc4c3n2-c2ccccc2CC4)C1,Scientific Literature,Displacement of [125I]HEAT from adrenergic alpha1A receptor (unknown origin),B,Homo sapiens,,Bioorg Med Chem Lett,2014,Alpha-1a adrenergic receptor,Ki,nM,5.62,288.39,3.72
CHEMBL288768,1.8,CC1=C(C(=O)NCCCN2CCC(C#N)(c3ccc(F)cc3)CC2)[C@@H](c2ccc(F)c(F)c2)CC(=O)N1,Scientific Literature,In vitro antagonism at Alpha-1A adrenergic receptor,F,,,Bioorg Med Chem Lett,2000,Alpha-1a adrenergic receptor,Ki,nM,8.74,510.56,4.05
CHEMBL317556,1659586907437556.2,Cc1nc2c3ccccc3nc-2c(O)n1CCN1CCN(c2ccc(C(C)(C)C)cc2)CC1,Scientific Literature,Binding affinity towards Alpha-1A adrenergic receptor,B,,,J Med Chem,2003,Alpha-1a adrenergic receptor,Ki,nM,,443.6,4.67
CHEMBL56489,1.585,Cc1cc(=O)n(CCCN2CCN(c3ccc(F)cc3OCC(F)(F)F)CC2)c(=O)[nH]1,Scientific Literature,Inhibition of [3H]prazosin binding to CHO-K1 whole cells expressing human cloned Alpha-1A adrenergic receptor,B,,,Bioorg Med Chem Lett,2003,Alpha-1a adrenergic receptor,Ki,nM,8.8,444.43,2.14
CHEMBL142307,0.8,COC(=O)C1=C(C)NC(=O)N(C(=O)NCCCN2CCN(c3ccc(Cl)cc3)CC2)C1c1ccc(F)c(F)c1,Scientific Literature,In vitro binding affinity against Alpha-1A adrenergic receptor of human liver microsomes.,B,,Liver,J Med Chem,1999,Alpha-1a adrenergic receptor,Ki,nM,9.1,562.02,4.05
CHEMBL83592,0.27,O=C1c2cc(F)ccc2S(=O)(=O)N1CCCCN1CCC(n2c(=O)oc3ccccc32)CC1,Scientific Literature,Ability to displace beta ([125I]-iodo-4-hydroxyphenyl)-ethylaminomethyl tetralone from human cloned Alpha-1a adrenergic receptor stably expressed in HEK cells,B,,,Bioorg Med Chem Lett,1998,Alpha-1a adrenergic receptor,Ki,nM,9.57,473.53,3.0
CHEMBL70691,173.78,COc1ccc(SC)c(NCC2=NCCN2)c1,Scientific Literature,Affinity to Alpha-1 adrenergic receptor determined by radioligand binding techniques from rat-1 fibroblasts membranes,B,,,J Med Chem,2002,Alpha-1a adrenergic receptor,Ki,nM,6.76,251.35,1.83
CHEMBL327327,2.6,CC1=C(C(=O)NCCCN2CCC(c3ccccn3)CC2)[C@@H](c2ccc(F)c(F)c2)NC(=O)N1,Scientific Literature,Evaluated for the ability to displace [125I]- HEAT from human cloned Alpha-1A adrenergic receptor stably expressed in CHO cells.,B,,,J Med Chem,2000,Alpha-1a adrenergic receptor,Ki,nM,8.59,469.54,3.37
CHEMBL93843,0.3,CN1C=C(C(=O)NCCCN2CCC(C#N)(c3ccc(F)cc3C#N)CC2)[C@@H](c2ccc(F)c(F)c2)N(C)C1=O,Scientific Literature,Evaluated for the ability to displace [125I]- HEAT from human cloned Alpha-1A adrenergic receptor stably expressed in CHO cells.,B,,,J Med Chem,2000,Alpha-1a adrenergic receptor,Ki,nM,9.52,550.59,3.96
CHEMBL43594,7.0,CC1=C(C(=O)NCCCN2CCC(C#N)(c3ccc(F)cc3C#N)CC2)[C@@H](c2ccc(F)c(F)c2)CC(=O)N1C,Scientific Literature,In vitro antagonism at Alpha-1A adrenergic receptor,F,,,Bioorg Med Chem Lett,2000,Alpha-1a adrenergic receptor,Ki,nM,8.15,549.6,4.26
CHEMBL419624,4.25,CCOc1ccccc1N1CCN(CC(O)CNC(=O)c2ccc3c(c2)C(=O)N(c2cccc(F)c2)C3=O)CC1,Scientific Literature,Binding affinity towards cloned human alpha-1A adrenergic receptor was determined using [125]-HEAT as radioligand,B,,,J Med Chem,2000,Alpha-1a adrenergic receptor,Ki,nM,8.37,546.6,2.94
CHEMBL309518,0.057,CSc1ccc2c(c1)C(=O)N(CCCCN1CCC(n3c(=O)oc4ccccc43)CC1)S2(=O)=O,Scientific Literature,Ability to displace beta ([125I]-iodo-4-hydroxyphenyl)-ethylaminomethyl tetralone from human cloned Alpha-1a adrenergic receptor stably expressed in CHO cells,B,,,Bioorg Med Chem Lett,1998,Alpha-1a adrenergic receptor,Ki,nM,10.24,501.63,3.58
CHEMBL56863,0.0631,O=c1[nH]c2ccccc2c(=O)n1CCCN1CCN(c2ccccc2OCC(F)(F)F)CC1,Scientific Literature,Inhibition of [3H]prazosin binding to CHO-K1 whole cells expressing human cloned Alpha-1A adrenergic receptor,B,,,Bioorg Med Chem Lett,2003,Alpha-1a adrenergic receptor,Ki,nM,10.2,462.47,2.84
CHEMBL69264,0.18,CC(C)Oc1ccccc1N1CCN(CCCNC(=O)c2ccc3c(c2)C(=O)N(c2ccc(N(C)C)cc2)C3=O)CC1,Scientific Literature,Binding affinity towards cloned human alpha-1A adrenergic receptor was determined using [125]-HEAT as radioligand,B,,,J Med Chem,2000,Alpha-1a adrenergic receptor,Ki,nM,9.74,569.71,4.28
CHEMBL275469,8.7,CC(C)Oc1ccccc1N1CCN(CCNC(=O)CN2CCCCC2=O)CC1,Scientific Literature,Binding affinity for human Alpha-1A adrenergic receptor expressed in COS cell membranes,B,Homo sapiens,,Bioorg Med Chem Lett,2000,Alpha-1a adrenergic receptor,Ki,nM,8.06,402.54,1.72
CHEMBL13647,380.19,COc1ccccc1N1CCN(CCN2C(=O)CC3(CCCC3)CC2=O)CC1,Scientific Literature,Displacement [3H]prazosin of human recombinant alpha1A adrenergic receptor expressed in CHO cells by rapid filtration technique,B,Homo sapiens,,Eur J Med Chem,2010,Alpha-1a adrenergic receptor,Ki,nM,6.42,385.51,2.53
CHEMBL70973,1202.26,CCS(=O)(=O)c1ccccc1NCC1=NCCN1,Scientific Literature,Affinity to Alpha-1 adrenergic receptor determined by radioligand binding techniques from rat-1 fibroblasts membranes,B,,,J Med Chem,2002,Alpha-1a adrenergic receptor,Ki,nM,5.92,267.35,0.89
CHEMBL515472,335.0,COc1c(OCCF)cccc1[C@H](O)C1CCN(CCc2ccc(F)cc2)CC1,Scientific Literature,Inhibition of human cloned alpha1A adrenergic receptor by competitive binding experiment,B,Homo sapiens,,Bioorg Med Chem,2009,Alpha-1a adrenergic receptor,Ki,nM,6.47,405.49,4.17
CHEMBL516088,146.0,COc1c(OCCF)cccc1C(=O)C1CCN(CCc2ccc(F)cc2)CC1,Scientific Literature,Inhibition of human cloned alpha1A adrenergic receptor by competitive binding experiment,B,Homo sapiens,,Bioorg Med Chem,2009,Alpha-1a adrenergic receptor,Ki,nM,6.84,403.47,4.32
CHEMBL4127078,5.754,CCCCCC(=O)N1CCN(c2nc(N)c3cc(OC)c(OC)cc3n2)[C@@H]2CCCC[C@@H]21,Scientific Literature,Displacement of [3H]prazosin from human alpha1A adrenergic receptor expressed in CHO cell membranes after 30 mins by rapid filtration method,B,Homo sapiens,,Bioorg Med Chem,2018,Alpha-1a adrenergic receptor,Ki,nM,8.24,441.58,3.77
CHEMBL411663,20.0,O=C1Nc2ccc(F)cc2C1CCCCN1CCN(c2ccccc2)CC1,Scientific Literature,Inhibition of adrenergic alpha-1 receptor,B,,,J Med Chem,2008,Alpha-1a adrenergic receptor,Ki,nM,7.7,367.47,3.85
CHEMBL2234451,1698.24,COc1cc2nc3c(c(N)c2cc1OC)CCC(CNCOc1c(OC)cccc1OC)C3,Scientific Literature,Binding affinity to adrenergic alpha1A receptor (unknown origin),B,Homo sapiens,,Med Chem Res,2011,Alpha-1a adrenergic receptor,Ki,nM,5.77,453.54,3.58
CHEMBL198860,0.2512,COc1cccc(OC)c1OCCNCCOc1ccccc1OCc1cccc(Cl)c1,Scientific Literature,Binding affinity to adrenergic alpha1A receptor (unknown origin),B,Homo sapiens,,Med Chem Res,2011,Alpha-1a adrenergic receptor,Ki,nM,9.6,457.95,4.98
CHEMBL236621,23.0,COc1ccc(S(=O)(=O)N[C@H]2CC[C@H](N3CCN(c4ccccc4OC(C)C)CC3)CC2)cc1OC,Scientific Literature,Binding affinity to human cloned adrenergic Alpha-1A receptor,B,Homo sapiens,,Bioorg Med Chem Lett,2007,Alpha-1a adrenergic receptor,Ki,nM,7.64,517.69,3.9
CHEMBL1767135,316.23,CN(C)CCCn1nc(Cc2ccc(Cl)cc2)c2ccccc2c1=O,Scientific Literature,Binding affinity to human adrenergic alpha1A receptor expressed in rat intact fibroblasts,B,Homo sapiens,,J Med Chem,2011,Alpha-1a adrenergic receptor,Ki,nM,6.5,355.87,3.59
CHEMBL1767134,158.49,CN(C)CCn1nc(Cc2ccc(Cl)cc2)c2ccccc2c1=O,Scientific Literature,Binding affinity to human adrenergic alpha1A receptor expressed in rat intact fibroblasts,B,Homo sapiens,,J Med Chem,2011,Alpha-1a adrenergic receptor,Ki,nM,6.8,341.84,3.2
CHEMBL1796036,21.88,COc1ccccc1N1CCN(CCCCCN2C(=O)CC(c3ccccc3)CC2=O)CC1,Scientific Literature,Displacement of [125I]BE-2254 from human adrenergic alpha1A receptor expressed in HEK293 cells,B,Homo sapiens,,Eur J Med Chem,2011,Alpha-1a adrenergic receptor,Ki,nM,7.66,449.6,3.92
CHEMBL1241328,885.0,Cl.Cn1c(=O)[nH]c2c([nH]c(=O)n2C)c1=N,Scientific Literature,Binding affinity to adrenergic alpha1A receptor,B,,,J Med Chem,2010,Alpha-1a adrenergic receptor,Ki,nM,6.05,231.64,-1.63
CHEMBL143558,977.24,COc1cc2nc3c(c(N)c2cc1OC)CCC(CNCCOc1c(OC)cccc1OC)C3,Scientific Literature,Binding affinity measured in CHO cells expressing human cloned Alpha-1A adrenergic receptor expressed as pKi,B,Homo sapiens,,J Med Chem,2003,Alpha-1a adrenergic receptor,Ki,nM,6.01,467.57,3.62
CHEMBL389978,10.47,COc1cc2nc(N3CCN(C(=O)c4ccc[nH]4)[C@H]4CCCC[C@H]43)nc(N)c2cc1OC,Scientific Literature,Displacement of [3H]prazosin from human adrenergic alpha-1a receptor expressed in CHO cells,B,Homo sapiens,,Bioorg Med Chem,2007,Alpha-1a adrenergic receptor,Ki,nM,7.98,436.52,2.83
CHEMBL94167,0.17,O=C1NC=C(C(=O)NCCCN2CCC(c3ccc(F)cc3)CC2)[C@@H](c2ccc(F)c(F)c2)N1,Scientific Literature,"Displacement of [125I]L-762,459 from recombinant human alpha1a adrenergic receptor expressed in mammalian cells measured after 1 hr",B,Homo sapiens,,Eur J Med Chem,2017,Alpha-1a adrenergic receptor,Ki,nM,9.77,472.51,3.73
CHEMBL200136,7.943,COc1cccc(OC)c1OCCNCCOc1ccccc1OCc1ccccc1[N+](=O)[O-],Scientific Literature,Displacement of [3H]prazosin from cloned human ADRA1A expressed in CHO cells,B,Homo sapiens,,J Med Chem,2005,Alpha-1a adrenergic receptor,Ki,nM,8.1,468.51,4.24
CHEMBL200580,1.995,COc1ccc(COc2ccccc2OCCNCCOc2c(OC)cccc2OC)cc1,Scientific Literature,Displacement of [3H]prazosin from cloned human ADRA1A expressed in CHO cells,B,Homo sapiens,,J Med Chem,2005,Alpha-1a adrenergic receptor,Ki,nM,8.7,453.54,4.34
CHEMBL436407,0.5,COC(=O)C1=C(C)N=C(C)N(CCCCCN2CCN(c3ccccc3C(=O)OC)CC2)C1c1ccc(F)c(F)c1,Scientific Literature,Binding affinity against Alpha-1A adrenergic receptor (recombinant human receptor) using [3H]prazosin.,B,,,J Med Chem,1999,Alpha-1a adrenergic receptor,Ki,nM,9.3,568.67,4.97
CHEMBL50081,2.3,NC(=O)c1ccccc1N1CCN(CCCNC(=O)N2C(=O)NC3=C(C(=O)OC3)C2c2ccc(F)c(F)c2)CC1,Scientific Literature,Displacement of [3H]- prazosin from human recombinant Alpha-1A adrenergic receptor,B,Homo sapiens,,Bioorg Med Chem Lett,2000,Alpha-1a adrenergic receptor,Ki,nM,8.64,554.55,1.86
CHEMBL356829,2.4,COC(=O)C1(c2ccccc2)CCN(CCCNC(=O)C2=C(C)NC(C)=C(C(N)=O)C2c2ccc([N+](=O)[O-])cc2)CC1,Scientific Literature,In vitro binding affinity against Alpha-1A adrenergic receptor of human liver microsomes.,B,,Liver,J Med Chem,1999,Alpha-1a adrenergic receptor,Ki,nM,8.62,575.67,3.03
CHEMBL180932,0.6457,CCC1=C(C(N)=O)[C@H](c2ccc([N+](=O)[O-])cc2)C(C(=O)NCCCN2CCC(c3ccccc3)(c3ccccc3)CC2)=C(COCCN)N1,Scientific Literature,Binding affinity was tested on human Alpha-1A adrenergic receptor,B,,,J Med Chem,1997,Alpha-1a adrenergic receptor,Ki,nM,9.19,666.82,4.25
CHEMBL125989,0.73,Cc1c(-c2ccccc2)oc2c(C(=O)NCCCN3CCN(c4ccccc4OCc4no[n+]([O-])c4C#N)CC3)cccc2c1=O,Scientific Literature,Inhibition of [3H]prazosin binding to cloned human Alpha-1A adrenergic receptor in CHO cells (chinese hamster ovary cells),B,,,J Med Chem,2003,Alpha-1a adrenergic receptor,Ki,nM,9.14,620.67,3.78
CHEMBL146983,2512.0,CCOC(=O)C1CCN(CCCNC(=O)C2=C(C)NC(C)=C(C(=O)NC)C2c2ccc([N+](=O)[O-])cc2)CC1,Scientific Literature,Binding affinity was determined for the alpha-1A adrenergic receptor,B,,,J Med Chem,1998,Alpha-1a adrenergic receptor,Ki,nM,5.6,527.62,2.36
CHEMBL57740,2.512,CC(C)c1c[nH]c(=O)n(CCCN2CCN(c3ccc(F)cc3OCC(F)(F)F)CC2)c1=O,Scientific Literature,Inhibition of [3H]prazosin binding to CHO-K1 whole cells expressing human cloned Alpha-1A adrenergic receptor,B,,,Bioorg Med Chem Lett,2003,Alpha-1a adrenergic receptor,Ki,nM,8.6,472.48,2.95
CHEMBL303248,0.9,Cc1cccc(N2C(=O)c3ccc(C(=O)NCC(O)CN4CCN(c5ccccc5OC(C)C)CC4)cc3C2=O)c1,Scientific Literature,Binding affinity towards cloned human alpha-1A adrenergic receptor was determined using [125]-HEAT as radioligand,B,,,J Med Chem,2000,Alpha-1a adrenergic receptor,Ki,nM,9.05,556.66,3.5
CHEMBL303485,331.0,CC(C)Oc1ccccc1N1CCN(Cc2cc(CO)cs2)CC1,Scientific Literature,Displacement of [125I]HEAT from COS cell membranes expressing human Alpha-1A adrenergic receptor,B,Homo sapiens,,Bioorg Med Chem Lett,2002,Alpha-1a adrenergic receptor,Ki,nM,6.48,346.5,3.35
CHEMBL301416,77.0,Cc1ccc(C2(c3ccc(C)cc3)OC(=O)N(CCCN3CCC(C#N)(c4ccccc4C)CC3)C2=O)cc1,Scientific Literature,In vitro binding affinity towards cloned human Alpha-1A adrenergic receptor,B,Homo sapiens,,Bioorg Med Chem Lett,2001,Alpha-1a adrenergic receptor,Ki,nM,7.11,521.66,5.78
CHEMBL145332,3.2,COC(=O)C1=C(C)NC(=O)N(C(=O)NCCCN2CCC(C#N)(c3ccccc3)CC2)C1c1ccc(F)c(F)c1,Scientific Literature,In vitro binding affinity against alpha-1A adrenergic receptor of human liver microsomes,B,,Liver,J Med Chem,1999,Alpha-1a adrenergic receptor,Ki,nM,8.49,551.59,4.14
CHEMBL49137,1479.11,Cc1c(NC2=NCCN2)ccc2nccnc12,Scientific Literature,Binding affinity for human Alpha-1A adrenergic receptor from cultured LM(tk-) cells using [3H]-prazosin,B,Homo sapiens,,Bioorg Med Chem Lett,1995,Alpha-1a adrenergic receptor,Ki,nM,5.83,227.27,1.31
CHEMBL81486,1.0,COc1ccc(Cl)cc1N1CCN(CCNc2cc(-c3ccccc3)nn(C)c2=O)CC1,Scientific Literature,Binding affinity towards human cloned alpha-1A-adrenoceptor using [3H]prazosin as radioligand,B,,,J Med Chem,2001,Alpha-1a adrenergic receptor,Ki,nM,9.0,453.97,3.34
CHEMBL1910140,74.0,COc1ccccc1N1CCN(CCN(C(=O)C23CCC(CF)(CC2)CC3)c2ccccn2)CC1,Scientific Literature,Displacement of [3H]prazosin from alpha1A receptor expressed in HEK293 EBNA cells by radioligand binding assay,B,,,Eur J Med Chem,2011,Alpha-1a adrenergic receptor,Ki,nM,7.13,480.63,4.56
CHEMBL330401,6.31,COc1ccc(C2(c3ccccc3)CCN(CCCNC(=O)C3=C(COCCN)NC(C)=C(C(N)=O)C3c3ccc([N+](=O)[O-])cc3)CC2)cc1,Scientific Literature,Binding affinity against human Alpha-1a adrenergic receptor,B,,,Bioorg Med Chem Lett,1999,Alpha-1a adrenergic receptor,Ki,nM,8.2,682.82,3.87
CHEMBL2205824,10000.0,COc1cccc(CN2C3C4C5CC6C7C5C3C7C2(O)C64)c1,Scientific Literature,Binding affinity to alpha1A adrenergic,B,,,Bioorg Med Chem Lett,2012,Alpha-1a adrenergic receptor,Ki,nM,,295.38,1.96
CHEMBL99761,6.456542290346591e+17,COc1ccccc1C1CCN(CCn2c(=O)[nH]c3c([nH]c4ccccc43)c2=O)CC1,Scientific Literature,Binding affinity towards Alpha-1A adrenergic receptor,B,,,J Med Chem,2003,Alpha-1a adrenergic receptor,Ki,nM,,418.5,3.06
CHEMBL80730,0.18,COc1ccccc1N1CCN(CCNc2c(C(=O)C(C)C)c(-c3ccccc3)nn(C)c2=O)CC1,Scientific Literature,Binding affinity towards human cloned alpha-1A-adrenoceptor using [3H]prazosin as radioligand,B,,,J Med Chem,2001,Alpha-1a adrenergic receptor,Ki,nM,9.74,489.62,3.53
CHEMBL611,4.2,COc1cc2nc(N3CCN(C(=O)C4CCCO4)CC3)nc(N)c2cc1OC,Scientific Literature,Compound was tested for its binding affinity utilizing cloned receptor binding assays by using [125 I]HEAT as radioligand to the human Alpha-1A adrenergic receptor,B,,,J Med Chem,1998,Alpha-1a adrenergic receptor,Ki,nM,8.38,387.44,1.06
CHEMBL12501,98.0,COc1ccccc1N1CCN(CCCNC(=O)CN2CCCCC2=O)CC1,Scientific Literature,Binding affinity for human Alpha-1A adrenergic receptor expressed in COS cell membranes,B,Homo sapiens,,Bioorg Med Chem Lett,2000,Alpha-1a adrenergic receptor,Ki,nM,7.01,388.51,1.34
CHEMBL25554,0.4266,COc1cccc(OC)c1OCCNCC1COc2ccccc2O1,Scientific Literature,Antagonistic affinity tested against isolated Human recombinant Thoracic Aorta Alpha-1A adrenergic receptor,F,Homo sapiens,Aorta,J Med Chem,2002,Alpha-1a adrenergic receptor,Ki,nM,9.37,345.4,2.51
CHEMBL99979,9.332543007969886e+16,CCc1nc2c3ccccc3nc-2c(O)n1CCCN1CCN(c2ccccc2OC)CC1,Scientific Literature,Binding affinity towards Alpha-1A adrenergic receptor,B,,,J Med Chem,2003,Alpha-1a adrenergic receptor,Ki,nM,,445.57,4.03
CHEMBL3409256,16.9,NC(=O)c1ccccc1OCCCN1CCN(c2cccc3c2ccn3S(=O)(=O)c2ccccc2)CC1,Scientific Literature,Displacement of [3H]prazosin from human adrenergic alpha1A receptor expressed in CHO cells,B,Homo sapiens,,Eur J Med Chem,2015,Alpha-1a adrenergic receptor,Ki,nM,7.77,518.64,3.57
CHEMBL3343983,257.0,COc1ccc2c(NCCCCCCCNc3ccnc4cc(OC)ccc34)ccnc2c1,Scientific Literature,Binding affinity to human alpha1A adrenergic receptor transfected in COS1 cells assessed as compound required to occupy 50% of receptor,B,Homo sapiens,,Bioorg Med Chem,2014,Alpha-1a adrenergic receptor,Ki,nM,6.59,444.58,6.27
CHEMBL56,1000.0,CCCN(CCC)C1CCc2cccc(O)c2C1,Scientific Literature,Displacement of [3H]prazosin from human recombinant alpha1A adrenergic receptor expressed in CHO cell membranes after 30 mins,B,Homo sapiens,,J Med Chem,2013,Alpha-1a adrenergic receptor,Ki,nM,,247.38,3.37
CHEMBL2312537,169.82,c1ccc(OCCNCC2COCC(c3ccccc3)(c3ccccc3)O2)cc1,Scientific Literature,Displacement of [3H]prazosin from human recombinant alpha1A adrenergic receptor expressed in CHO cell membranes after 30 mins,B,Homo sapiens,,J Med Chem,2013,Alpha-1a adrenergic receptor,Ki,nM,6.77,389.5,4.01
CHEMBL3298748,5.248,COc1ccccc1N1CCN(CCn2c(=O)[nH]c3c(sc4ccc(NC(=O)CCCCc5ccccc5)cc43)c2=O)CC1,Scientific Literature,Displacement of [125I]BE2254 from human alpha1a receptor expressed in HEK293 cells,B,Homo sapiens,,Eur J Med Chem,2014,Alpha-1a adrenergic receptor,Ki,nM,8.28,611.77,5.09
CHEMBL3758330,46.7,O=C(NCCCCN1CCN(c2ccccc2O)CC1)c1ccc2ccccc2c1,Scientific Literature,Displacement of [3H]-prazosin from human ADRA1A receptor,B,Homo sapiens,,Bioorg Med Chem Lett,2016,Alpha-1a adrenergic receptor,Ki,nM,7.33,403.53,3.88
CHEMBL3760063,81.0,COc1ccccc1N1CCN(CCCCNC(=O)N2CCOCC2)CC1,Scientific Literature,Displacement of [3H]-prazosin from human ADRA1A receptor,B,Homo sapiens,,Bioorg Med Chem Lett,2016,Alpha-1a adrenergic receptor,Ki,nM,7.09,376.5,1.64
CHEMBL3582271,4.7,COc1cc2nc(N3CCN(C(=S)Nc4ccc(-c5c6ccc(=O)cc-6oc6cc(O)ccc56)c(C(=O)O)c4)CC3)nc(N)c2cc1OC,Scientific Literature,Displacement of [3H]-Prazosin from human alpha-1A adrenergic receptor transfected in CHO cell membranes after 2 hrs by microplate scintillation counting analysis,B,Homo sapiens,,ACS Med Chem Lett,2015,Alpha-1a adrenergic receptor,Ki,nM,8.33,678.73,5.03
CHEMBL356623,9.05,CC1=C(C(N)=O)C(c2ccc([N+](=O)[O-])cc2)C(C(=O)NCCCN2CCC(C(=O)OCCO)(c3ccccc3)CC2)=C(C)N1,Scientific Literature,Binding affinity was determined for the alpha-1A adrenergic receptor,B,,,J Med Chem,1998,Alpha-1a adrenergic receptor,Ki,nM,8.04,605.69,2.39
CHEMBL1946777,0.263,COc1ccccc1N1CCN(CC2COC(c3ccccc3)(c3ccccc3)O2)CC1.O=C(O)C(=O)O,Scientific Literature,Displacement of [3H]prazosin from human recombinant alpha1A adrenoceptor expressed in CHO cells after 30 mins by liquid scintillation counting,B,Homo sapiens,,J Med Chem,2012,Alpha-1a adrenergic receptor,Ki,nM,9.58,520.58,4.13
CHEMBL295395,1.1,CC1=C(C(=O)NCCCN2CCC(C#N)(c3ccc(F)cc3F)CC2)[C@@H](c2ccc(F)c(F)c2)CC(=O)N1C,Scientific Literature,In vitro antagonism at Alpha-1A adrenergic receptor,F,,,Bioorg Med Chem Lett,2000,Alpha-1a adrenergic receptor,Ki,nM,8.96,542.58,4.53
CHEMBL242724,4.266,COc1cc2nc(N3CCN(C(=O)c4cccs4)[C@H]4CCCC[C@H]43)nc(N)c2cc1OC,Scientific Literature,Displacement of [3H]prazosin from human adrenergic alpha-1a receptor expressed in CHO cells,B,Homo sapiens,,Bioorg Med Chem,2007,Alpha-1a adrenergic receptor,Ki,nM,8.37,453.57,3.56
CHEMBL242003,1010.0,Cc1ccc(C2CCN(Cc3ccc(Oc4ccc(F)c(F)c4)cc3)CC2)cc1NC(=O)C(C)C,Scientific Literature,Displacement of [125I]HEAT from human recombinant adrenergic alpha-1A receptor,B,Homo sapiens,,J Med Chem,2007,Alpha-1a adrenergic receptor,Ki,nM,6.0,478.58,7.04
CHEMBL100434,77624711662869.28,CC(C)c1ccc(N2CCN(CCn3c(=O)[nH]c4c([nH]c5ccccc54)c3=O)CC2)cc1,Scientific Literature,Binding affinity towards Alpha-1A adrenergic receptor,B,,,J Med Chem,2003,Alpha-1a adrenergic receptor,Ki,nM,,431.54,3.12
CHEMBL445577,0.1,CCC1=C(C(=O)OC)C(c2ccc(F)cc2F)N(C(=O)NCCCN2CCN(c3ccccc3C(N)=O)CC2)C(=O)N1,Scientific Literature,In vitro binding affinity against Alpha-1A adrenergic receptor of human liver microsomes.,B,,Liver,J Med Chem,1999,Alpha-1a adrenergic receptor,Ki,nM,10.0,584.62,2.89
CHEMBL836,0.19,CCOc1ccccc1OCCN[C@H](C)Cc1ccc(OC)c(S(N)(=O)=O)c1,Scientific Literature,Binding affinity to human cloned adrenergic alpha-1a receptor,B,Homo sapiens,,Bioorg Med Chem Lett,2007,Alpha-1a adrenergic receptor,Ki,nM,9.72,408.52,2.34
CHEMBL442059,6.2,COc1ccc(Cl)cc1S(=O)(=O)N[C@H]1CC[C@@H](N2CCC(c3ccccc3OCC(F)(F)F)CC2)CC1,Scientific Literature,Binding affinity to human cloned adrenergic alpha-1a receptor,B,Homo sapiens,,Bioorg Med Chem Lett,2007,Alpha-1a adrenergic receptor,Ki,nM,8.21,561.07,5.76
CHEMBL1223616,33.0,Clc1cccc(N2CCN(CCCCNc3ccccn3)CC2)c1Cl,Scientific Literature,Displacement of [3H]prazosin from human adrenergic alpha1A receptor,B,Homo sapiens,,Bioorg Med Chem Lett,2010,Alpha-1a adrenergic receptor,Ki,nM,7.48,379.33,4.4
CHEMBL1223682,40.0,Cc1cccc(N2CCN(CCCCNc3ccccn3)CC2)c1C,Scientific Literature,Displacement of [3H]prazosin from human adrenergic alpha1A receptor,B,Homo sapiens,,Bioorg Med Chem Lett,2010,Alpha-1a adrenergic receptor,Ki,nM,7.4,338.5,3.71
CHEMBL44124,7.3,Cc1ccc(C(C(=O)NCCCN2CCC(C#N)(c3ccccc3)CC2)c2ccc(C)cc2)cc1,Scientific Literature,In vitro binding affinity towards cloned human Alpha-1A adrenergic receptor,B,Homo sapiens,,Bioorg Med Chem Lett,2001,Alpha-1a adrenergic receptor,Ki,nM,8.14,465.64,5.5
CHEMBL316495,3.8,CCCC1=C(C(=O)NCCCN2CCC(c3ccccc3)(c3ccccc3)CC2)C(c2ccc([N+](=O)[O-])cc2)C(C(=O)NCC)=C(CC)N1,Scientific Literature,Binding affinity against human Alpha-1a adrenergic receptor,B,,,Bioorg Med Chem Lett,1999,Alpha-1a adrenergic receptor,Ki,nM,8.42,663.86,6.72
CHEMBL233623,0.9,COc1ccc(C)cc1S(=O)(=O)N[C@H]1CC[C@H](N2CCN(c3ccccc3OC(C)C)CC2)CC1,Scientific Literature,Binding affinity to human cloned adrenergic alpha-1A receptor,B,Homo sapiens,,Bioorg Med Chem Lett,2007,Alpha-1a adrenergic receptor,Ki,nM,9.05,501.69,4.2
CHEMBL236830,17.0,CC(C)Oc1ccccc1N1CCN([C@H]2CC[C@@H](NS(=O)(=O)c3ccc(OC(F)(F)F)cc3)CC2)CC1,Scientific Literature,Binding affinity to human cloned adrenergic alpha-1A receptor,B,Homo sapiens,,Bioorg Med Chem Lett,2007,Alpha-1a adrenergic receptor,Ki,nM,7.77,541.64,4.78
CHEMBL1254659,9.772,COc1cccc(OC)c1CCCNCCOc1ccccc1OCc1ccccc1,Scientific Literature,Displacement of [3H]prazosin from human adrenergic alpha1A expressed in CHO cells,B,Homo sapiens,,Bioorg Med Chem,2010,Alpha-1a adrenergic receptor,Ki,nM,8.01,421.54,4.88
CHEMBL1254829,2.512,COc1cccc(C)c1OCCNCCOc1ccccc1OCc1ccccc1,Scientific Literature,Displacement of [3H]prazosin from human adrenergic alpha1A expressed in CHO cells,B,Homo sapiens,,Bioorg Med Chem,2010,Alpha-1a adrenergic receptor,Ki,nM,8.6,407.51,4.63
CHEMBL80458,0.28,COc1ccc(Cl)cc1N1CCN(CCNc2c(C(C)=O)c(-c3ccccc3)nn(C)c2=O)CC1,Scientific Literature,Binding affinity towards human cloned alpha-1A-adrenoceptor using [3H]prazosin as radioligand,B,,,J Med Chem,2001,Alpha-1a adrenergic receptor,Ki,nM,9.55,496.01,3.55
CHEMBL291166,1.9,CC1=C(C(=O)NCCCN2CCC(C#N)(c3ccc(F)cc3)CC2)[C@@H](c2ccc(F)c(F)c2)CC(=O)N1C,Scientific Literature,In vitro antagonism at Alpha-1A adrenergic receptor,F,,,Bioorg Med Chem Lett,2000,Alpha-1a adrenergic receptor,Ki,nM,8.72,524.59,4.39
CHEMBL62045,0.48,Cc1ccc(C2(c3ccc(C)cc3)CC(=O)N(CCCN3CCC(C#N)(c4ccccc4Cl)CC3)C2=O)cc1,Scientific Literature,In vitro binding affinity towards cloned human Alpha-1A adrenergic receptor,B,Homo sapiens,,Bioorg Med Chem Lett,2001,Alpha-1a adrenergic receptor,Ki,nM,9.32,540.11,5.95
CHEMBL245231,200.0,CC(C)C(=O)Nc1cccc(C2CCN(Cc3ccc(Oc4ccc(F)c(F)c4)cc3)CC2)c1,Scientific Literature,Displacement of [125I]HEAT from human recombinant adrenergic alpha-1A receptor,B,Homo sapiens,,J Med Chem,2007,Alpha-1a adrenergic receptor,Ki,nM,6.7,464.56,6.73
CHEMBL215188,33.88,COc1cccc(OC)c1OCCNC[C@H]1COc2cc3ccccc3cc2O1.Cl,Scientific Literature,Displacement of [3H]prazosin from cloned human adrenergic alpha 1A receptor expressed in CHO cells,B,Homo sapiens,,J Med Chem,2006,Alpha-1a adrenergic receptor,Ki,nM,7.47,431.92,3.67
CHEMBL1289609,1584.89,Cc1cccc(N2C[C@]3(CC[C@@H](c4nc5cc(OC(F)(F)F)ccc5[nH]4)CC3)OC2=O)n1,Scientific Literature,Antagonistic activity at human alpha1A receptor expressed in rat 1 fibroblast cells assessed as inhibition of calcium level by FLIPR assay,F,Homo sapiens,,Bioorg Med Chem Lett,2010,Alpha-1a adrenergic receptor,Ki,nM,5.8,446.43,5.22
CHEMBL493041,87.1,COc1ccccc1OCCNC[C@@H]1COC[C@@H](c2ccccc2)O1,Scientific Literature,Displacement of [3H]prazosin from human cloned alpha1A adrenoceptor expressed in CHO cells,B,Homo sapiens,,J Med Chem,2008,Alpha-1a adrenergic receptor,Ki,nM,7.06,343.42,2.82
CHEMBL4642292,10000.0,Cc1nccc2c1C(C)(C)Nc1cc(Br)ccc1-2,Scientific Literature,Binding affinity to adrenoceptor alpha 1A (unknown origin),B,Homo sapiens,,J Nat Prod,2020,Alpha-1a adrenergic receptor,Ki,nM,,303.2,4.48
CHEMBL137598,1.39,COc1cc2nc(N3CCN(c4ccco4)CC3)nc(N)c2cc1OC,Scientific Literature,The binding affinity towards Alpha-1C adrenergic receptor in the COS cell line.,B,,,J Med Chem,1999,Alpha-1a adrenergic receptor,Ki,nM,8.86,355.4,2.15
CHEMBL70892,0.2,CC(C)Oc1ccccc1N1CCN(CCCNC(=O)c2ccc3c(c2)C(=O)N(c2ccc(O)cc2)C3=O)CC1,Scientific Literature,Binding affinity towards cloned human alpha-1A adrenergic receptor was determined using [125]-HEAT as radioligand,B,,,J Med Chem,2000,Alpha-1a adrenergic receptor,Ki,nM,9.7,542.64,3.92
CHEMBL68746,1.8,CC(C)Oc1ccccc1N1CCN(CC(O)CNC(=O)c2ccc3c(c2)C(=O)N(c2ccc([N+](=O)[O-])cc2)C3=O)CC1,Scientific Literature,Binding affinity towards cloned human alpha-1A adrenergic receptor was determined using [125]-HEAT as radioligand,B,,,J Med Chem,2000,Alpha-1a adrenergic receptor,Ki,nM,8.74,587.63,3.1
CHEMBL304591,0.11,COc1ccc(N2C(=O)c3ccc(C(=O)NCCCN4CCN(c5ccccc5OC(C)C)CC4)cc3C2=O)cc1,Scientific Literature,Binding affinity towards cloned human alpha-1A adrenergic receptor was determined using [125]-HEAT as radioligand,B,,,J Med Chem,2000,Alpha-1a adrenergic receptor,Ki,nM,9.96,556.66,4.23
CHEMBL4588223,33.88,COc1ccccc1OCCNCC1COC(c2ccccc2)(c2ccccc2)OC1.O=C(O)C(=O)O,Scientific Literature,Displacement of [3H] prazosin from human cloned adrenoceptor alpha 1A expressed in CHO cell membrane incubated for 30 mins by liquid scintillation counting,B,Homo sapiens,,Eur J Med Chem,2019,Alpha-1a adrenergic receptor,Ki,nM,7.47,509.56,4.23
CHEMBL300647,61.0,CN(C)C1C=CC2(CC1)c1ccccc1C=Cc1ccc(Cl)cc12,Scientific Literature,The compound was tested for binding affinity against Alpha-1 adrenergic receptor using WB-4101 as radioligand,B,,,J Med Chem,1991,Alpha-1a adrenergic receptor,Ki,nM,7.21,335.88,5.39
CHEMBL3342856,48.98,COc1ccccc1N1CCN(CC2COC3(CCNCC3)O2)CC1,Scientific Literature,Displacement of [3H]prazosin from human recombinant alpha1A adrenoceptor expressed in CHO cells after 30 mins by liquid scintillation counting,B,Homo sapiens,,Eur J Med Chem,2014,Alpha-1a adrenergic receptor,Ki,nM,7.31,347.46,1.31
CHEMBL3797887,1065.37,C[C@@H](c1cccc(C#N)c1)n1cc(Cl)cc(C(N)=O)c1=N,SGC Frankfurt - Donated Chemical Probes,GPCRScan assay: inhibition of Alpha1A,B,Homo sapiens,,,2021,Alpha-1a adrenergic receptor,Ki,nM,5.97,300.75,2.2
CHEMBL79161,0.89,COc1ccccc1N1CCN(CCCNc2c(C(C)=O)c(C)nn(C)c2=O)CC1,Scientific Literature,Binding affinity towards human cloned alpha-1A-adrenoceptor using [3H]prazosin as radioligand,B,,,J Med Chem,2001,Alpha-1a adrenergic receptor,Ki,nM,9.05,413.52,1.92
CHEMBL3343983,257.04,COc1ccc2c(NCCCCCCCNc3ccnc4cc(OC)ccc34)ccnc2c1,Scientific Literature,Displacement of [3H]-prazosin from human alpha1A adrenergic receptor transfected in COS1 cells,B,Homo sapiens,,Bioorg Med Chem,2014,Alpha-1a adrenergic receptor,Ki,nM,6.59,444.58,6.27
CHEMBL3343984,74.13,COc1cccc2c(NCCCCCCCNc3ccnc4c(OC)cccc34)ccnc12,Scientific Literature,Displacement of [3H]-prazosin from human alpha1A adrenergic receptor transfected in COS1 cells,B,Homo sapiens,,Bioorg Med Chem,2014,Alpha-1a adrenergic receptor,Ki,nM,7.13,444.58,6.27
CHEMBL43905,0.08913,COc1cccc(OC)c1OCCNCC1CC(c2ccccc2)c2ccccc2S1,Scientific Literature,Affinity constant on CHO cells expressing Human recombinant Alpha-1A adrenergic receptor,B,Homo sapiens,,J Med Chem,2002,Alpha-1a adrenergic receptor,Ki,nM,10.05,435.59,5.37
CHEMBL144779,1698.24,COc1cc2nc3c(c(O)c2cc1OC)CCC(CNCCOc1c(OC)cccc1OC)C3,Scientific Literature,Binding affinity measured in CHO cells expressing human cloned Alpha-1A adrenergic receptor expressed as pKi,B,Homo sapiens,,J Med Chem,2003,Alpha-1a adrenergic receptor,Ki,nM,5.77,468.55,3.75
CHEMBL311247,0.28,O=C1c2ccccc2C(=O)N1CCCCN1CCC(n2c(O)nc3ccccc32)CC1,Scientific Literature,Ability to displace beta ([125I]-iodo-4-hydroxyphenyl)-ethylamino methyl tetralone from human cloned Alpha-1a adrenergic receptor stably expressed in Chinese Hamster Ovary (CHO) cells,B,Homo sapiens,,Bioorg Med Chem Lett,1998,Alpha-1a adrenergic receptor,Ki,nM,9.55,418.5,3.46
CHEMBL4161165,0.631,COc1cc2nc(N3CCC[C@H](NC(=O)c4ccco4)C3)nc(N)c2cc1OC,Scientific Literature,Displacement of [3H]prazosin from human alpha1A adrenoceptor expressed in CHO cell membranes after 30 mins,B,Homo sapiens,,Eur J Med Chem,2017,Alpha-1a adrenergic receptor,Ki,nM,9.2,397.44,2.22
CHEMBL3758711,283.0,O=C(NCCCCN1CCN(c2cccc(C(F)(F)F)c2)CC1)c1ccc2ccccc2c1,Scientific Literature,Displacement of [3H]-prazosin from human ADRA1A receptor,B,Homo sapiens,,Bioorg Med Chem Lett,2016,Alpha-1a adrenergic receptor,Ki,nM,6.55,455.52,5.19
CHEMBL1290707,100.0,O=C1OC2(CCN(c3nc4ccccc4[nH]3)CC2)CN1c1ccccc1,Scientific Literature,Antagonistic activity at human alpha1A receptor expressed in rat 1 fibroblast cells assessed as inhibition of calcium level by FLIPR assay,F,Homo sapiens,,Bioorg Med Chem Lett,2010,Alpha-1a adrenergic receptor,Ki,nM,7.0,348.41,3.56
CHEMBL3896541,1995.26,O=C(O)c1ccnc2c(N3CCN(CCc4ccc(OCCCN5CCCCCC5)cc4)CC3)cccc12,Scientific Literature,Antagonist activity at adrenergic alpha1A receptor (unknown origin) expressed in Rat1 cells assessed as inhibition of phenylephrine-induced Ca2+ flux preincubated for 30 mins followed by phenylephrine addition by Fluo-4-AM-dye based FLIPR assay,A,Homo sapiens,,Bioorg Med Chem Lett,2016,Alpha-1a adrenergic receptor,Ki,nM,,516.69,4.94
CHEMBL3917428,50.12,O=C(O)CCc1ccc2cc(Cc3ccccc3)cc(N3CCN(CCc4ccc(OCCCN5CCCCCC5)cc4)CC3)c2n1,Scientific Literature,Antagonist activity at adrenergic alpha1A receptor (unknown origin) expressed in Rat1 cells assessed as inhibition of phenylephrine-induced Ca2+ flux preincubated for 30 mins followed by phenylephrine addition by Fluo-4-AM-dye based FLIPR assay,A,Homo sapiens,,Bioorg Med Chem Lett,2016,Alpha-1a adrenergic receptor,Ki,nM,7.3,634.87,6.85
CHEMBL4447975,10000.0,COc1cc(OC)c2c(c1)OC[C@@]1(C)NCC[C@@H]21,Scientific Literature,Displacement of [3H]-Prazosin from human recombinant adrenergic alpha1A receptor expressed in cells after 90 mins by microbeta scintillation counting method,B,Homo sapiens,,ACS Med Chem Lett,2019,Alpha-1a adrenergic receptor,Ki,nM,,249.31,1.93
CHEMBL4127483,22.39,CCCN(CCC)c1nc(N2CCN(C(=O)c3ccco3)[C@H]3CCCC[C@H]32)nc2cc(OC)c(OC)cc12,Scientific Literature,Displacement of [3H]prazosin from human alpha1A adrenergic receptor expressed in CHO cell membranes after 30 mins by rapid filtration method,B,Homo sapiens,,Bioorg Med Chem,2018,Alpha-1a adrenergic receptor,Ki,nM,7.65,521.66,5.14
CHEMBL2260366,1.122,COC(=O)C1=C(C)NC(C)=C(C(=O)NCCCN2CCC(c3ccccc3)(c3ccccc3)CC2)C1c1ccc2c(c1)OCO2,Scientific Literature,Binding affinity to Homo sapiens (human) alpha1A adrenergic receptor,B,Homo sapiens,,Med Chem Res,2004,Alpha-1a adrenergic receptor,Ki,nM,8.95,607.75,5.41
CHEMBL2205836,472.0,COc1ccccc1CCN1C2C3C4CC5C6C4C2C6C1(O)C53,Scientific Literature,Binding affinity to alpha1A adrenergic,B,,,Bioorg Med Chem Lett,2012,Alpha-1a adrenergic receptor,Ki,nM,6.33,309.41,2.0
CHEMBL4081581,0.18,CC1=C(C(=O)NCCCN2CCC(c3ccc(F)c(F)c3)CC2)[C@@H](c2ccc(F)c(F)c2)NC(=O)N1C,Scientific Literature,"Displacement of [125I]L-762,459 from recombinant human alpha1a adrenergic receptor expressed in mammalian cells measured after 1 hr",B,Homo sapiens,,Eur J Med Chem,2017,Alpha-1a adrenergic receptor,Ki,nM,9.74,518.56,4.6
CHEMBL90420,0.14,CC1=C(C(=O)NCCCN2CCC(c3ccc(F)cc3)CC2)[C@@H](c2ccc(F)c(F)c2)N(C)C(=O)N1C,Scientific Literature,"Displacement of [125I]L-762,459 from recombinant human alpha1a adrenergic receptor expressed in mammalian cells measured after 1 hr",B,Homo sapiens,,Eur J Med Chem,2017,Alpha-1a adrenergic receptor,Ki,nM,9.85,514.59,4.8
CHEMBL90453,2.2,CC(=O)N1C(=O)N(C)C(C)=C(C(=O)NCCCN2CCC(c3ccc(F)cc3)CC2)[C@H]1c1ccc(F)c(F)c1,Scientific Literature,"Displacement of [125I]L-762,459 from recombinant human alpha1a adrenergic receptor expressed in mammalian cells measured after 1 hr",B,Homo sapiens,,Eur J Med Chem,2017,Alpha-1a adrenergic receptor,Ki,nM,8.66,542.6,4.72
CHEMBL91125,0.45,COCC1=C(C(=O)NCCCN2CCC(c3ccccn3)CC2)[C@@H](c2ccc(F)c(F)c2)NC(=O)N1,Scientific Literature,"Displacement of [125I]L-762,459 from recombinant human alpha1a adrenergic receptor expressed in mammalian cells measured after 1 hr",B,Homo sapiens,,Eur J Med Chem,2017,Alpha-1a adrenergic receptor,Ki,nM,9.35,499.56,3.0
CHEMBL154508,104.0,O=C(NCCCCN1CCN(c2cccc(Cl)c2Cl)CC1)c1ccc2ccccc2c1,Scientific Literature,Displacement of [3H]-prazosin from human ADRA1A receptor,B,Homo sapiens,,Bioorg Med Chem Lett,2016,Alpha-1a adrenergic receptor,Ki,nM,6.98,456.42,5.48
CHEMBL3759441,211.0,O=C1Cc2c(cccc2N2CCN(CCCCNC(=O)c3ccc4ccccc4c3)CC2)N1,Scientific Literature,Displacement of [3H]-prazosin from human ADRA1A receptor,B,Homo sapiens,,Bioorg Med Chem Lett,2016,Alpha-1a adrenergic receptor,Ki,nM,6.68,442.56,3.67
CHEMBL327716,0.42,COCC1=C(C(=O)NCCCN2CCC(c3ccccc3C#N)CC2)[C@@H](c2ccc(F)c(F)c2)NC(=O)N1,Scientific Literature,Evaluated for the ability to displace [125I]- HEAT from human cloned Alpha-1A adrenergic receptor stably expressed in CHO cells.,B,,,J Med Chem,2000,Alpha-1a adrenergic receptor,Ki,nM,9.38,523.58,3.48
CHEMBL1242542,11.48,COc1ccccc1N1CCN(C[C@@H]2CO[C@@](CN3CCCCC3=O)(c3ccccc3)O2)CC1,Scientific Literature,Displacement [3H]prazosin of human recombinant alpha1A adrenergic receptor expressed in CHO cells by rapid filtration technique,B,Homo sapiens,,Eur J Med Chem,2010,Alpha-1a adrenergic receptor,Ki,nM,7.94,465.59,3.1
CHEMBL94188,0.07,N#Cc1cc(F)ccc1C1CCN(CCCNC(=O)C2=CNC(=O)N[C@@H]2c2ccc(F)c(F)c2)CC1,Scientific Literature,"Displacement of [125I]L-762,459 from recombinant human alpha1a adrenergic receptor expressed in mammalian cells measured after 1 hr",B,Homo sapiens,,Eur J Med Chem,2017,Alpha-1a adrenergic receptor,Ki,nM,10.15,497.52,3.6
CHEMBL4062896,0.17,COCC1=C(C(=O)NCCCN2CCC(C#N)(c3ccc(F)cc3)CC2)[C@@H](c2ccc(F)cc2)NCN1,Scientific Literature,"Displacement of [125I]L-762,459 from recombinant human alpha1a adrenergic receptor expressed in mammalian cells measured after 1 hr",B,Homo sapiens,,Eur J Med Chem,2017,Alpha-1a adrenergic receptor,Ki,nM,9.77,509.6,3.12
CHEMBL178923,1.413,COc1cc2nc(N3CCN(C(=O)CCCCC4CCSS4)CC3)nc(N)c2cc1OC,Scientific Literature,Equilibrium dissociation constant was evaluated by radio-receptor binding assays using [3H]prazosin to label cloned human alpha 1a expressed in CHO cells,B,Homo sapiens,,J Med Chem,2005,Alpha-1a adrenergic receptor,Ki,nM,8.85,477.66,3.59
CHEMBL209497,78.0,O=C1/C(=N/c2cccc(C(F)(F)F)c2)c2ccccc2N1c1cccc(OCCN2CCCC2)c1,Scientific Literature,Binding affinity to human adrenergic alpha-1A receptor,B,Homo sapiens,,Bioorg Med Chem Lett,2006,Alpha-1a adrenergic receptor,Ki,nM,7.11,479.5,5.98
CHEMBL41677,17.0,COC(=O)C1(c2ccccc2)CCN(CCCNC(=O)C(c2ccc(C)cc2)c2ccc(C)cc2)CC1,Scientific Literature,In vitro binding affinity towards cloned human Alpha-1A adrenergic receptor,B,Homo sapiens,,Bioorg Med Chem Lett,2001,Alpha-1a adrenergic receptor,Ki,nM,7.77,498.67,5.15
CHEMBL1767150,1995.26,COc1ccc(Cc2nn(C[C@H]3CCCN3C)c(=O)c3ccccc23)cc1OC,Scientific Literature,Binding affinity to human adrenergic alpha1A receptor expressed in rat intact fibroblasts,B,Homo sapiens,,J Med Chem,2011,Alpha-1a adrenergic receptor,Ki,nM,,393.49,3.1
CHEMBL1767146,398.11,CN1CCC[C@@H]1Cn1nc(Cc2cccc(Cl)c2)c2ccccc2c1=O,Scientific Literature,Binding affinity to human adrenergic alpha1A receptor expressed in rat intact fibroblasts,B,Homo sapiens,,J Med Chem,2011,Alpha-1a adrenergic receptor,Ki,nM,6.4,367.88,3.73
CHEMBL1767157,316.23,CN1CCCC1CCn1nc(Cc2ccc(Cl)cc2)c2ccccc2c1=O,Scientific Literature,Binding affinity to human adrenergic alpha1A receptor expressed in rat intact fibroblasts,B,Homo sapiens,,J Med Chem,2011,Alpha-1a adrenergic receptor,Ki,nM,6.5,381.91,4.13
CHEMBL1767155,100.0,CN1CCC(Cn2nc(Cc3ccc(Cl)cc3)c3ccccc3c2=O)C1,Scientific Literature,Binding affinity to human adrenergic alpha1A receptor expressed in rat intact fibroblasts,B,Homo sapiens,,J Med Chem,2011,Alpha-1a adrenergic receptor,Ki,nM,7.0,367.88,3.59
CHEMBL1796040,48.98,O=C1CC(c2ccc(Cl)cc2)CC(=O)N1CCCN1CCN(c2ccccc2Cl)CC1,Scientific Literature,Displacement of [125I]BE-2254 from human adrenergic alpha1A receptor expressed in HEK293 cells,B,Homo sapiens,,Eur J Med Chem,2011,Alpha-1a adrenergic receptor,Ki,nM,7.31,460.4,4.44
CHEMBL1774995,176.0,O=C(N(CCN1CCN(c2ccccc2O)CC1)c1ccccn1)C12C3C4C1C1C2C3C41I,Scientific Literature,Inhibition of adrenergic alpha1A receptor,B,,,J Med Chem,2011,Alpha-1a adrenergic receptor,Ki,nM,6.75,554.43,2.87
CHEMBL1630939,0.3467,COc1ccc(C[C@@H](C)NCCOc2ccccc2OCc2ccccc2)cc1S(N)(=O)=O,Scientific Literature,Displacement of [3H]prazosin from human alpha1A adrenoceptor expressed in CHO cells,B,Homo sapiens,,Eur J Med Chem,2010,Alpha-1a adrenergic receptor,Ki,nM,9.46,470.59,3.52
CHEMBL1630938,0.3388,COc1ccc(C[C@@H](C)NCCOc2ccccc2OC(C)C)cc1S(N)(=O)=O,Scientific Literature,Displacement of [3H]prazosin from human alpha1A adrenoceptor expressed in CHO cells,B,Homo sapiens,,Eur J Med Chem,2010,Alpha-1a adrenergic receptor,Ki,nM,9.47,422.55,2.73
CHEMBL4562896,1000.0,COc1cccc(OC)c1OCCNC[C@H]1OCCO[C@@H]1c1ccccc1,Scientific Literature,Displacement of [3H]Prazosin from human recombinant alpha 1A adrenergic receptor expressed in CHO cells incubated for 30 mins by radioligand competition binding assay,B,Homo sapiens,,Eur J Med Chem,2019,Alpha-1a adrenergic receptor,Ki,nM,,373.45,2.83
CHEMBL4444133,1000.0,c1ccc(OCCNCC2OCCOC2(c2ccccc2)c2ccccc2)cc1,Scientific Literature,Displacement of [3H]Prazosin from human recombinant alpha 1A adrenergic receptor expressed in CHO cells incubated for 30 mins by radioligand competition binding assay,B,Homo sapiens,,Eur J Med Chem,2019,Alpha-1a adrenergic receptor,Ki,nM,,389.5,4.01
CHEMBL4528183,1000.0,COc1cccc(OC)c1OCCNCC1OCCOC1(c1ccccc1)c1ccccc1,Scientific Literature,Displacement of [3H]Prazosin from human recombinant alpha 1A adrenergic receptor expressed in CHO cells incubated for 30 mins by radioligand competition binding assay,B,Homo sapiens,,Eur J Med Chem,2019,Alpha-1a adrenergic receptor,Ki,nM,,449.55,4.03
CHEMBL4456257,1000.0,COc1ccccc1N1CCN(C[C@H]2OCCO[C@H]2c2ccccc2)CC1,Scientific Literature,Displacement of [3H]Prazosin from human recombinant alpha 1A adrenergic receptor expressed in CHO cells incubated for 30 mins by radioligand competition binding assay,B,Homo sapiens,,Eur J Med Chem,2019,Alpha-1a adrenergic receptor,Ki,nM,,368.48,2.97
CHEMBL56,1000.0,CCCN(CCC)C1CCc2cccc(O)c2C1,Scientific Literature,Displacement of [3H]Prazosin from human recombinant alpha 1A adrenergic receptor expressed in CHO cells incubated for 30 mins by radioligand competition binding assay,B,Homo sapiens,,Eur J Med Chem,2019,Alpha-1a adrenergic receptor,Ki,nM,,247.38,3.37
CHEMBL13647,380.19,COc1ccccc1N1CCN(CCN2C(=O)CC3(CCCC3)CC2=O)CC1,Scientific Literature,Displacement of [3H]Prazosin from human recombinant alpha 1A adrenergic receptor expressed in CHO cells incubated for 30 mins by radioligand competition binding assay,B,Homo sapiens,,Eur J Med Chem,2019,Alpha-1a adrenergic receptor,Ki,nM,6.42,385.51,2.53
CHEMBL310599,0.3,CC(=O)c1c(-c2ccccc2)nn(C)c(=O)c1NCCN1CCN(c2ccccc2Cl)CC1,Scientific Literature,Binding affinity towards human cloned alpha-1A-adrenoceptor using [3H]prazosin as radioligand,B,,,J Med Chem,2001,Alpha-1a adrenergic receptor,Ki,nM,9.52,465.99,3.54
CHEMBL4562487,1000.0,c1ccc(OCCNC[C@H]2OCCO[C@@H]2c2ccccc2)cc1,Scientific Literature,Displacement of [3H]Prazosin from human recombinant alpha 1A adrenergic receptor expressed in CHO cells incubated for 30 mins by radioligand competition binding assay,B,Homo sapiens,,Eur J Med Chem,2019,Alpha-1a adrenergic receptor,Ki,nM,,313.4,2.81
CHEMBL2436555,10000.0,Cl.NC1=Nc2ccc(Cl)cc2CN1,Scientific Literature,Displacement of [3H]Prazosin from human recombinant alpha1A-adrenoceptor after 90 mins by scintillation counting analysis,B,Homo sapiens,,Bioorg Med Chem Lett,2013,Alpha-1a adrenergic receptor,Ki,nM,,218.09,1.39
CHEMBL1254914,1.995,CCOc1ccccc1OCCNCCOc1ccccc1OCc1ccccc1,Scientific Literature,Displacement of [3H]prazosin from human adrenergic alpha1A expressed in CHO cells,B,Homo sapiens,,Bioorg Med Chem,2010,Alpha-1a adrenergic receptor,Ki,nM,8.7,407.51,4.71
CHEMBL4160032,33.11,COc1cc2nc(N3CCC[C@H](NC(=O)[C@@H]4COc5ccccc5O4)C3)nc(N)c2cc1OC,Scientific Literature,Displacement of [3H]prazosin from human alpha1A adrenoceptor expressed in CHO cell membranes after 30 mins,B,Homo sapiens,,Eur J Med Chem,2017,Alpha-1a adrenergic receptor,Ki,nM,7.48,465.51,2.15
CHEMBL228658,23.0,COc1ccc(S(=O)(=O)N[C@H]2CC[C@H](N3CCC(c4ccc(F)cc4OC(C)C)CC3)CC2)cc1OC,Scientific Literature,Binding affinity to human cloned adrenergic alpha-1a receptor,B,Homo sapiens,,Bioorg Med Chem Lett,2007,Alpha-1a adrenergic receptor,Ki,nM,7.64,534.69,5.1
CHEMBL2312226,1000.0,COc1cccc(OC)c1OCCNC[C@H]1COCC(c2ccccc2)(c2ccccc2)O1,Scientific Literature,Displacement of [3H]prazosin from human recombinant alpha1A adrenergic receptor expressed in CHO cell membranes after 30 mins,B,Homo sapiens,,J Med Chem,2013,Alpha-1a adrenergic receptor,Ki,nM,,449.55,4.03
CHEMBL220781,3.311,COc1ccccc1N1CCN(CCn2c(=O)[nH]c3c(sc4ccccc43)c2=O)CC1,Scientific Literature,Displacement of [125I]BE2254 from human alpha1a receptor expressed in HEK293 cells,B,Homo sapiens,,Eur J Med Chem,2014,Alpha-1a adrenergic receptor,Ki,nM,8.48,436.54,2.74
CHEMBL243694,1.0,CC(C)Oc1ccccc1N1CCN(C2CCC(N3C(=O)c4cccc(F)c4C3=O)CC2)CC1,Scientific Literature,Displacement of [125]HEAT from human adrenergic alpha-1a receptor expressed in CHO cells,B,Homo sapiens,,Bioorg Med Chem Lett,2007,Alpha-1a adrenergic receptor,Ki,nM,9.0,465.57,4.34
CHEMBL3883955,337.2,O=c1ccc(OCCCN2CCC(c3noc4cc(F)ccc34)CC2)nn1-c1c(F)cccc1F,Scientific Literature,Binding affinity to alpha1 adrenoceptor (unknown origin),A,Homo sapiens,,Bioorg Med Chem Lett,2021,Alpha-1a adrenergic receptor,Ki,nM,6.47,484.48,4.44
CHEMBL426317,413.0,COc1cccc(N2CCN(CCCCn3ncc(=O)n(C)c3=O)CC2)c1,Scientific Literature,Binding affinity to alpha 1A adrenergic receptor by radioligand binding assay,B,Homo sapiens,,Bioorg Med Chem Lett,2006,Alpha-1a adrenergic receptor,Ki,nM,6.38,373.46,0.55
CHEMBL256597,33.0,CC(C)Oc1ccccc1N1CCN(C2CCC(NC(=O)Nc3c(Cl)cccc3Cl)CC2)CC1,Scientific Literature,Displacement of [125I]HEAT from human recombinant adrenergic alpha1A receptor,B,Homo sapiens,,Bioorg Med Chem Lett,2008,Alpha-1a adrenergic receptor,Ki,nM,7.48,505.49,6.04
CHEMBL446180,3800.0,O=C1CC2(CCCC2)CC(=O)N1CCN1CCN(c2ccc(F)cc2F)CC1,Scientific Literature,Binding affinity for human Alpha-1A adrenergic receptor,B,Homo sapiens,,J Med Chem,2005,Alpha-1a adrenergic receptor,Ki,nM,5.42,391.46,2.8
CHEMBL2234442,2.34,COc1cccc(OC)c1OCCN[C@H]1C[C@H](c2ccccc2)c2ccccc2S1,Scientific Literature,Binding affinity to adrenergic alpha1A receptor (unknown origin),B,Homo sapiens,,Med Chem Res,2011,Alpha-1a adrenergic receptor,Ki,nM,8.63,421.56,5.33
CHEMBL493486,27.54,COc1ccccc1OCCNC[C@@H]1COCC(c2ccccc2)(c2ccccc2)O1,Scientific Literature,Displacement of [3H]prazosin from human cloned alpha1A adrenoceptor expressed in CHO cells,B,Homo sapiens,,J Med Chem,2008,Alpha-1a adrenergic receptor,Ki,nM,7.56,419.52,4.02
CHEMBL1289038,39.81,O=C1OC2(CCN(c3nc4cc(Br)ccc4[nH]3)CC2)CN1c1ccccc1,Scientific Literature,Antagonistic activity at human alpha1A receptor expressed in rat 1 fibroblast cells assessed as inhibition of calcium level by FLIPR assay,F,Homo sapiens,,Bioorg Med Chem Lett,2010,Alpha-1a adrenergic receptor,Ki,nM,7.4,427.3,4.32
CHEMBL1290147,2511.89,N#Cc1ccc2[nH]c([C@H]3CC[C@]4(CC3)CN(c3ccccn3)C(=O)O4)nc2c1,Scientific Literature,Antagonistic activity at human alpha1A receptor expressed in rat 1 fibroblast cells assessed as inhibition of calcium level by FLIPR assay,F,Homo sapiens,,Bioorg Med Chem Lett,2010,Alpha-1a adrenergic receptor,Ki,nM,,373.42,3.88
CHEMBL1796028,3467.37,COc1ccccc1N1CCN(CCN2C(=O)CC(c3ccccc3)CC2=O)CC1,Scientific Literature,Displacement of [125I]BE-2254 from human adrenergic alpha1A receptor expressed in HEK293 cells,B,Homo sapiens,,Eur J Med Chem,2011,Alpha-1a adrenergic receptor,Ki,nM,5.46,407.51,2.75
CHEMBL146815,2.57,COC(=O)C1(c2ccccc2)CCN(CCCNC(=O)C2=C(C)NC(C)=C(C(C)=O)C2c2ccc([N+](=O)[O-])cc2)CC1,Scientific Literature,Binding affinity was determined for the alpha-1A adrenergic receptor,B,,,J Med Chem,1998,Alpha-1a adrenergic receptor,Ki,nM,8.59,574.68,4.13
CHEMBL3298750,0.3236,COc1ccccc1N1CCN(CCn2c(=O)[nH]c3c(sc4ccc(NC(=O)CCCC(=O)NCc5ccccc5)cc43)c2=O)CC1,Scientific Literature,Displacement of [125I]BE2254 from human alpha1a receptor expressed in HEK293 cells,B,Homo sapiens,,Eur J Med Chem,2014,Alpha-1a adrenergic receptor,Ki,nM,9.49,654.79,4.16
CHEMBL569270,10000.0,CNc1cc(-c2csc(N(C)C(=O)c3ccc(F)cc3)n2)ncn1,Scientific Literature,Binding affinity to human alpha-1A adrenergic receptor by PDSP assay,B,Homo sapiens,,J Med Chem,2013,Alpha-1a adrenergic receptor,Ki,nM,,343.39,3.06
CHEMBL140450,95.5,N=CCC(O)CC1CCN(c2ccccc2Oc2ccccc2)CC1,Scientific Literature,Compound was tested for binding affinity against human hippocampus Alpha-1A adrenergic receptor using radioligand ([3H]prazosin) binding assay,B,,Hippocampus,J Med Chem,1996,Alpha-1a adrenergic receptor,Ki,nM,7.02,338.45,4.49
CHEMBL1078953,6.607,CCOc1ccccc1OCCNCC1COC(c2ccccc2)(c2ccccc2)O1,Scientific Literature,Displacement of [3H]prazosin from human alpha1A adrenergic receptor expressed in CHO cells,B,Homo sapiens,,Bioorg Med Chem Lett,2010,Alpha-1a adrenergic receptor,Ki,nM,8.18,419.52,4.37
CHEMBL147077,2.42,CNC(=O)C1=C(C)NC(C)=C(C(=O)NCCCN2CCC(C(=O)OC)(c3ccccc3)CC2)C1c1ccc([N+](=O)[O-])cc1,Scientific Literature,Binding affinity was determined for the alpha-1A adrenergic receptor,B,,,J Med Chem,1998,Alpha-1a adrenergic receptor,Ki,nM,8.62,589.69,3.29
CHEMBL4205526,2117.0,COc1ccc(N2CCN(CCCOc3c(C)cc(C)cc3C)CC2)cc1.Cl.Cl,Scientific Literature,Displacement of [3H]prazosin from recombinant human alpha1 adrenoceptor expressed in CHO cell membranes after 30 mins by liquid scintillation counting method,B,Homo sapiens,,Bioorg Med Chem Lett,2018,Alpha-1a adrenergic receptor,Ki,nM,5.67,441.44,4.21
CHEMBL597,12.0,Cc1ccc(N(CC2=NCCN2)c2cccc(O)c2)cc1,Scientific Literature,Displacement of [3H]prazosin from recombinant human alpha1 adrenoceptor expressed in CHO cell membranes after 30 mins by liquid scintillation counting method,B,Homo sapiens,,Bioorg Med Chem Lett,2018,Alpha-1a adrenergic receptor,Ki,nM,7.92,281.36,2.84
CHEMBL293149,0.5012,Cc1c[nH]c(=O)n(CCN2CCN(c3ccc(F)cc3OCC(F)(F)F)CC2)c1=O,Scientific Literature,Inhibition of [3H]prazosin binding to CHO-K1 whole cells expressing human cloned Alpha-1A adrenergic receptor,B,,,Bioorg Med Chem Lett,2003,Alpha-1a adrenergic receptor,Ki,nM,9.3,430.4,1.75
CHEMBL301726,4.75,COc1ccccc1N1CCN(CCn2nc(-c3ccccc3)c(C(C)=O)c(N)c2=O)CC1,Scientific Literature,The compound was tested for binding affinity on [3H]- prazosin as specific ligand on Human cloned alpha-1A adrenergic receptor expressed in CHO cells,B,,,J Med Chem,1999,Alpha-1a adrenergic receptor,Ki,nM,8.32,447.54,2.53
CHEMBL220717,30.2,Cc1nc2c([nH]c3ccccc32)c(=O)n1CCN1CCN(c2ccc(Cl)c(Cl)c2)CC1,Scientific Literature,Displacement of [125I]BE2254 from human cloned adrenergic alpha 1A receptor expressed in HEK293 cells,B,Homo sapiens,,Bioorg Med Chem Lett,2006,Alpha-1a adrenergic receptor,Ki,nM,7.52,456.38,4.32
CHEMBL214694,5.623,COc1ccc(-c2ccccc2)cc1OCCNC[C@H]1COc2ccccc2O1.Cl,Scientific Literature,Displacement of [3H]prazosin from cloned human adrenergic alpha 1A receptor expressed in CHO cells,B,Homo sapiens,,J Med Chem,2006,Alpha-1a adrenergic receptor,Ki,nM,8.25,427.93,4.17
CHEMBL383938,2.818,COc1ccc2c(c1OCCNC[C@H]1COc3ccccc3O1)CCCC2.Cl,Scientific Literature,Displacement of [3H]prazosin from cloned human adrenergic alpha 1A receptor expressed in CHO cells,B,Homo sapiens,,J Med Chem,2006,Alpha-1a adrenergic receptor,Ki,nM,8.55,405.92,3.38
CHEMBL427552,1.995,COc1cccc(COc2ccccc2OCCNCCOc2c(OC)cccc2OC)c1,Scientific Literature,Displacement of [3H]prazosin from cloned human ADRA1A expressed in CHO cells,B,Homo sapiens,,J Med Chem,2005,Alpha-1a adrenergic receptor,Ki,nM,8.7,453.54,4.34
CHEMBL310335,562.34,CCC[C@H]1CCCCC1NC1=NCCO1,Scientific Literature,Binding affinity towards human Alpha-1A adrenergic receptor by the displacement of [3H]prazosin,B,,,Bioorg Med Chem Lett,1994,Alpha-1a adrenergic receptor,Ki,nM,6.25,210.32,2.32
CHEMBL423018,158.49,COc1cc2nc3c(c(N)c2cc1OC)CC(CNC(=O)c1ccco1)C3,Scientific Literature,Binding affinity measured in CHO cells expressing human cloned Alpha-1A adrenergic receptor expressed as pKi,B,Homo sapiens,,J Med Chem,2003,Alpha-1a adrenergic receptor,Ki,nM,6.8,367.41,2.57
CHEMBL276868,91.0,CC(C)(C)c1ccc(C2=NCCN2)cc1,Scientific Literature,Binding affinity towards human Alpha-1 adrenergic receptor,B,Homo sapiens,,Bioorg Med Chem Lett,2004,Alpha-1a adrenergic receptor,Ki,nM,7.04,202.3,2.33
CHEMBL4861311,536.1,Fc1ccc2c(C3CCN(CCCOc4ccc(CCN5CCCCC5)cc4)CC3)noc2c1,Scientific Literature,Binding affinity to alpha1 adrenoceptor (unknown origin),A,Homo sapiens,,Bioorg Med Chem Lett,2021,Alpha-1a adrenergic receptor,Ki,nM,6.27,465.61,5.64
CHEMBL1241913,2.754,Cc1ccc2c(N3CCN(CCc4cccc5c4OCc4c(C(N)=O)ncn4-5)CC3)cccc2n1,Scientific Literature,Displacement of [3H]prazosin from human adrenergic alpha1A receptor by filtration binding assay,B,Homo sapiens,,J Med Chem,2010,Alpha-1a adrenergic receptor,Ki,nM,8.56,468.56,3.08
CHEMBL1223859,72.0,FC(F)(F)c1cccc(N2CCN(CCCCNc3nc(-c4ccccc4)cs3)CC2)c1,Scientific Literature,Displacement of [3H]prazosin from human adrenergic alpha1A receptor,B,Homo sapiens,,Bioorg Med Chem Lett,2010,Alpha-1a adrenergic receptor,Ki,nM,7.14,460.57,5.84
CHEMBL1258452,10000.0,CCCCN1CCC(COC(=O)c2ccc(N)c(OC)c2)CC1,Scientific Literature,Binding affinity to human adrenergic alpha1A receptor,B,Homo sapiens,,J Med Chem,2010,Alpha-1a adrenergic receptor,Ki,nM,,320.43,2.95
CHEMBL391035,4.5,CC(C)Oc1ccccc1N1CCN([C@H]2CC[C@@H](NS(=O)(=O)c3ccc(Cl)cc3Cl)CC2)CC1,Scientific Literature,Binding affinity to human cloned adrenergic alpha-1A receptor,B,Homo sapiens,,Bioorg Med Chem Lett,2007,Alpha-1a adrenergic receptor,Ki,nM,8.35,526.53,5.19
CHEMBL234680,0.77,CC(C)Oc1ccccc1N1CCN([C@H]2CC[C@H](NS(=O)(=O)c3ccccc3C#N)CC2)CC1,Scientific Literature,Binding affinity to human cloned adrenergic alpha-1A receptor,B,Homo sapiens,,Bioorg Med Chem Lett,2007,Alpha-1a adrenergic receptor,Ki,nM,9.11,482.65,3.76
CHEMBL123138,3300.0,CN1CCc2c(Cl)ccc3oc(Br)c(c23)C1,Scientific Literature,Binding constant measured against Alpha-1A adrenergic receptor in human prostate; +:inactive,B,Homo sapiens,Prostate gland,Bioorg Med Chem Lett,2005,Alpha-1a adrenergic receptor,Ki,nM,5.48,300.58,3.84
CHEMBL75030,204.17,c1ccc2c(c1)CCCC2NC1=NCCO1,Scientific Literature,Binding affinity towards human Alpha-1A adrenergic receptor by the displacement of [3H]prazosin,B,,,Bioorg Med Chem Lett,1994,Alpha-1a adrenergic receptor,Ki,nM,6.69,216.28,2.04
CHEMBL306377,1949.84,c1ccc2c(c1)CCCC2NC1=NCCCO1,Scientific Literature,Binding affinity towards human Alpha-1C adrenergic receptor by the displacement of [3H]prazosin,B,,,Bioorg Med Chem Lett,1994,Alpha-1a adrenergic receptor,Ki,nM,5.71,230.31,2.43
CHEMBL4209888,11.0,COc1ccccc1N1CCN(CCCOc2ccc(C)cc2C)CC1.Cl,Scientific Literature,Displacement of [3H]prazosin from recombinant human alpha1 adrenoceptor expressed in CHO cell membranes after 30 mins by liquid scintillation counting method,B,Homo sapiens,,Bioorg Med Chem Lett,2018,Alpha-1a adrenergic receptor,Ki,nM,7.96,390.96,3.9
CHEMBL4207653,15.0,COc1ccccc1N1CCN(CCOCCOc2c(C)cc(C)cc2C)CC1.Cl.Cl,Scientific Literature,Displacement of [3H]prazosin from recombinant human alpha1 adrenoceptor expressed in CHO cell membranes after 30 mins by liquid scintillation counting method,B,Homo sapiens,,Bioorg Med Chem Lett,2018,Alpha-1a adrenergic receptor,Ki,nM,7.82,471.47,3.84
CHEMBL3343980,616.6,Cc1ccc2nccc(NCCCCCCCNc3ccnc4ccc(C)cc34)c2c1,Scientific Literature,Displacement of [3H]-prazosin from human alpha1A adrenergic receptor transfected in COS1 cells,B,Homo sapiens,,Bioorg Med Chem,2014,Alpha-1a adrenergic receptor,Ki,nM,6.21,412.58,6.87
CHEMBL1289039,100.0,O=C1OC2(CCN(c3nc4cc(F)ccc4[nH]3)CC2)CN1c1ccccc1,Scientific Literature,Antagonistic activity at human alpha1A receptor expressed in rat 1 fibroblast cells assessed as inhibition of calcium level by FLIPR assay,F,Homo sapiens,,Bioorg Med Chem Lett,2010,Alpha-1a adrenergic receptor,Ki,nM,7.0,366.4,3.7
CHEMBL554416,2187.76,CCCS(=O)(=O)c1ccccc1NCC1=NCCN1.Cl,Scientific Literature,Affinity to Alpha-1 adrenergic receptor determined by radioligand binding techniques from rat-1 fibroblasts membranes,B,,,J Med Chem,2002,Alpha-1a adrenergic receptor,Ki,nM,5.66,317.84,1.28
CHEMBL3298017,1.622,COc1ccccc1N1CCN(CCn2c(=O)[nH]c3c(sc4ccc(NC(=O)CCCC(=O)NCCc5ccccc5)cc43)c2=O)CC1,Scientific Literature,Displacement of [125I]BE2254 from human alpha1a receptor expressed in HEK293 cells,B,Homo sapiens,,Eur J Med Chem,2014,Alpha-1a adrenergic receptor,Ki,nM,8.79,668.82,4.2
CHEMBL43799,74.0,COC(=O)C1(c2ccccc2)CCN(CCCNC(=O)Cc2ccc(C)cc2)CC1,Scientific Literature,Inhibition of binding of [125I]HEAT to cloned human alpha-1A adrenergic receptor.,B,,,Bioorg Med Chem Lett,2000,Alpha-1a adrenergic receptor,Ki,nM,7.13,408.54,3.25
CHEMBL358785,0.2,COC(=O)C1=C(C)NC(=O)N(C(=O)NCCCN2CCC3(CC2)OC(=O)Cc2ccccc23)C1c1ccc(F)c(F)c1,Scientific Literature,In vitro binding affinity against alpha-1A adrenergic receptor of human liver microsomes,B,,Liver,J Med Chem,1999,Alpha-1a adrenergic receptor,Ki,nM,9.7,582.6,3.67
CHEMBL44294,0.99,Cc1ccc(C(C(=O)NCCCN2CCC(C#N)(c3ccccc3Cl)CC2)c2ccc(C)cc2)cc1,Scientific Literature,Inhibition of binding of [125I]HEAT to cloned human alpha-1A adrenergic receptor.,B,,,Bioorg Med Chem Lett,2000,Alpha-1a adrenergic receptor,Ki,nM,9.0,500.09,6.15
CHEMBL3342875,19.95,CCCCNC(=O)N1CCC2(CC1)OCC(CN1CCN(c3ccccc3OC)CC1)O2,Scientific Literature,Displacement of [3H]prazosin from human recombinant alpha1A adrenoceptor expressed in CHO cells after 30 mins by liquid scintillation counting,B,Homo sapiens,,Eur J Med Chem,2014,Alpha-1a adrenergic receptor,Ki,nM,7.7,446.59,2.53
CHEMBL2260150,7.079,COC(=O)C1=C(C)NC(C)=C(C(=O)NCCCN2CCC(c3ccccc3)(c3ccccc3)CC2)C1c1ccc(OC)cc1,Scientific Literature,Binding affinity to Homo sapiens (human) alpha1A adrenergic receptor,B,Homo sapiens,,Med Chem Res,2004,Alpha-1a adrenergic receptor,Ki,nM,8.15,593.77,5.69
CHEMBL1223800,21.0,Clc1cccc(N2CCN(CCCCNc3ccc(-c4ccccc4)cn3)CC2)c1Cl,Scientific Literature,Displacement of [3H]prazosin from human adrenergic alpha1A receptor,B,Homo sapiens,,Bioorg Med Chem Lett,2010,Alpha-1a adrenergic receptor,Ki,nM,7.68,455.43,6.07
CHEMBL836,0.19,CCOc1ccccc1OCCN[C@H](C)Cc1ccc(OC)c(S(N)(=O)=O)c1,Scientific Literature,Binding affinity to human cloned adrenergic alpha-1A receptor,B,Homo sapiens,,Bioorg Med Chem Lett,2007,Alpha-1a adrenergic receptor,Ki,nM,9.72,408.52,2.34
CHEMBL234476,36.0,O=S(=O)(N[C@H]1CC[C@@H](N2CCN(c3ccccc3OCC3CC3)CC2)CC1)c1cc(Cl)ccc1F,Scientific Literature,Binding affinity to human cloned adrenergic alpha-1A receptor,B,Homo sapiens,,Bioorg Med Chem Lett,2007,Alpha-1a adrenergic receptor,Ki,nM,7.44,522.09,4.68
CHEMBL233410,11.0,CC(C)Oc1ccccc1N1CCN([C@H]2CC[C@@H](NS(=O)(=O)c3ccc(Cl)cc3F)CC2)CC1,Scientific Literature,Binding affinity to human cloned adrenergic alpha-1A receptor,B,Homo sapiens,,Bioorg Med Chem Lett,2007,Alpha-1a adrenergic receptor,Ki,nM,7.96,510.08,4.68
CHEMBL233407,12.0,CC(C)Oc1ccccc1N1CCN([C@H]2CC[C@@H](NS(=O)(=O)c3cccc(Cl)c3F)CC2)CC1,Scientific Literature,Binding affinity to human cloned adrenergic alpha-1A receptor,B,Homo sapiens,,Bioorg Med Chem Lett,2007,Alpha-1a adrenergic receptor,Ki,nM,7.92,510.08,4.68
CHEMBL236621,23.0,COc1ccc(S(=O)(=O)N[C@H]2CC[C@H](N3CCN(c4ccccc4OC(C)C)CC3)CC2)cc1OC,Scientific Literature,Binding affinity to human cloned adrenergic alpha-1A receptor,B,Homo sapiens,,Bioorg Med Chem Lett,2007,Alpha-1a adrenergic receptor,Ki,nM,7.64,517.69,3.9
CHEMBL233814,6.0,COc1ccc(F)cc1S(=O)(=O)N[C@H]1CC[C@@H](N2CCN(c3ccccc3OC(C)C)CC2)CC1,Scientific Literature,Binding affinity to human cloned adrenergic alpha-1A receptor,B,Homo sapiens,,Bioorg Med Chem Lett,2007,Alpha-1a adrenergic receptor,Ki,nM,8.22,505.66,4.03
CHEMBL243866,3.9,CC(C)Oc1ccccc1N1CCN(C2CCC(N3C(=O)c4ccc5ccc(F)cc5c4C3=O)CC2)CC1,Scientific Literature,Displacement of [125]HEAT from human adrenergic alpha-1a receptor expressed in CHO cells,B,Homo sapiens,,Bioorg Med Chem Lett,2007,Alpha-1a adrenergic receptor,Ki,nM,8.41,515.63,5.5
CHEMBL268758,2.6,COc1ccccc1N1CCN(CCn2c(=O)[nH]c3scc(-c4ccccc4)c3c2=O)CC1,Scientific Literature,Binding constant measured against Alpha-1A adrenergic receptor in human prostate; ++:moderately active,B,Homo sapiens,Prostate gland,Bioorg Med Chem Lett,2005,Alpha-1a adrenergic receptor,Ki,nM,8.59,462.58,3.25
CHEMBL59262,1.448,O=C1CC2(CCCC2)CC(=O)N1CCCCN1CCN(c2cc(Cl)ccc2Cl)CC1,Scientific Literature,Binding affinity to adrenergic alpha1A receptor (unknown origin),B,Homo sapiens,,Med Chem Res,2011,Alpha-1a adrenergic receptor,Ki,nM,8.84,452.43,4.61
CHEMBL293968,2684.0,O=C1CC2(CCCC2)CC(=O)N1CCN1CCN(c2ccccc2)CC1,Scientific Literature,Binding affinity to adrenergic alpha1A receptor (unknown origin),B,Homo sapiens,,Med Chem Res,2011,Alpha-1a adrenergic receptor,Ki,nM,5.57,355.48,2.52
CHEMBL387832,5.4,O=S(=O)(N[C@H]1CC[C@@H](N2CCC(c3ccccc3OCC(F)(F)F)CC2)CC1)c1ccc(OC(F)F)cc1,Scientific Literature,Binding affinity to human cloned adrenergic alpha-1a receptor,B,Homo sapiens,,Bioorg Med Chem Lett,2007,Alpha-1a adrenergic receptor,Ki,nM,8.27,562.6,5.7
CHEMBL3758920,166.0,O=C(NCCCCN1CCN(c2ccc(Cl)cc2)CC1)c1ccc2ccccc2c1,Scientific Literature,Displacement of [3H]-prazosin from human ADRA1A receptor,B,Homo sapiens,,Bioorg Med Chem Lett,2016,Alpha-1a adrenergic receptor,Ki,nM,6.78,421.97,4.83
CHEMBL388897,1.3,COc1ccc(Cl)cc1S(=O)(=O)N[C@H]1CC[C@@H](N2CCC(c3ccccc3OC3CC3)CC2)CC1,Scientific Literature,Binding affinity to human cloned adrenergic alpha-1a receptor,B,Homo sapiens,,Bioorg Med Chem Lett,2007,Alpha-1a adrenergic receptor,Ki,nM,8.89,519.11,5.36
CHEMBL200839,1.413,COc1cccc(OC)c1OCCNCCOc1ccccc1OCc1ccccc1Cl,Scientific Literature,Displacement of [3H]prazosin from cloned human ADRA1A expressed in CHO cells,B,Homo sapiens,,J Med Chem,2005,Alpha-1a adrenergic receptor,Ki,nM,8.85,457.95,4.98
CHEMBL3902626,2.089,CCOc1ccccc1N1CCN(CCc2ccc(OC)c(OC)c2)CC1,Scientific Literature,Displacement of [3H]prazosin from human alpha1A-adrenoceptor expressed in CHO cell membranes measured after 30 mins,B,Homo sapiens,,Eur J Med Chem,2016,Alpha-1a adrenergic receptor,Ki,nM,8.68,370.49,3.47
CHEMBL3967641,5.012,CC(C)Oc1ccccc1N1CCN(CCc2ccccc2)CC1,Scientific Literature,Displacement of [3H]prazosin from human alpha1A-adrenoceptor expressed in CHO cell membranes measured after 30 mins,B,Homo sapiens,,Eur J Med Chem,2016,Alpha-1a adrenergic receptor,Ki,nM,8.3,324.47,3.84
CHEMBL73164,91201.08,Brc1c(NC2=NCCO2)ccc2nccnc12,Scientific Literature,Binding affinity for human Alpha-1A adrenergic receptor from cultured LM(tk-) cells using [3H]-prazosin,B,Homo sapiens,,Bioorg Med Chem Lett,1995,Alpha-1a adrenergic receptor,Ki,nM,4.04,293.12,2.19
CHEMBL43799,74.0,COC(=O)C1(c2ccccc2)CCN(CCCNC(=O)Cc2ccc(C)cc2)CC1,Scientific Literature,In vitro binding affinity towards cloned human Alpha-1A adrenergic receptor,B,Homo sapiens,,Bioorg Med Chem Lett,2001,Alpha-1a adrenergic receptor,Ki,nM,7.13,408.54,3.25
CHEMBL98038,455.0,CC1=C(C(N)=O)C(c2ccc([N+](=O)[O-])cc2)C(C(=O)NCCCN2CCC(CN(C)C)(c3ccccc3)CC2)=C(COCCN)N1,Scientific Literature,Binding affinity against human Alpha-1a adrenergic receptor,B,,,Bioorg Med Chem Lett,1999,Alpha-1a adrenergic receptor,Ki,nM,6.34,633.79,2.37
CHEMBL342062,12.3,COc1cc2nc(N3CCN(C(=O)c4ccco4)[C@@H]4CCCC[C@@H]43)nc(N)c2cc1OC,Scientific Literature,Compound was tested for binding affinity against human hippocampus Alpha-1A adrenergic receptor using radioligand ([3H]prazosin) binding assay,B,,Hippocampus,J Med Chem,1996,Alpha-1a adrenergic receptor,Ki,nM,7.91,437.5,3.1
CHEMBL91415,1.122,CO/C(O)=C1\C(C)=NC(C)=C(C(=O)NCCCN2CCC(c3ccccc3)(c3ccccc3)CC2)C1c1ccc2c(c1)OCO2,Scientific Literature,Binding affinity determined by displacement of [3H]prazosin from alpha-1A adrenergic receptor,B,,,J Med Chem,1998,Alpha-1a adrenergic receptor,Ki,nM,8.95,607.75,6.25
CHEMBL145134,5.2,COCC1=C(C(=O)OC)C(c2ccc(F)c(F)c2)N(C(=O)NCCCN2CCC(C#N)(c3ccccc3F)CC2)C(=O)N1,Scientific Literature,In vitro binding affinity against alpha-1A adrenergic receptor of human liver microsomes,B,,Liver,J Med Chem,1999,Alpha-1a adrenergic receptor,Ki,nM,8.28,599.61,3.9
CHEMBL417350,24.0,Cc1ccccc1C1(C#N)CCN(CCCNC(=O)C(c2ccc(F)cc2)C(C)C)CC1,Scientific Literature,Inhibition of binding of [125I]HEAT to cloned human alpha-1A adrenergic receptor.,B,,,Bioorg Med Chem Lett,2000,Alpha-1a adrenergic receptor,Ki,nM,7.62,435.59,4.94
CHEMBL228278,11.0,COc1ccc(S(=O)(=O)N[C@H]2CC[C@H](N3CCC(c4ccccc4OC4CC4)CC3)CC2)cc1OC,Scientific Literature,Binding affinity to human cloned adrenergic Alpha-1A receptor,B,Homo sapiens,,Bioorg Med Chem Lett,2007,Alpha-1a adrenergic receptor,Ki,nM,7.96,514.69,4.71
CHEMBL229085,0.91,COc1ccc(S(=O)(=O)N[C@H]2CC[C@@H](N3CCC(c4ccccc4OC4CC4)CC3)CC2)cc1OC,Scientific Literature,Binding affinity to human cloned adrenergic Alpha-1A receptor,B,Homo sapiens,,Bioorg Med Chem Lett,2007,Alpha-1a adrenergic receptor,Ki,nM,9.04,514.69,4.71
CHEMBL390129,1.8,COc1ccc(S(=O)(=O)N[C@H]2CC[C@@H](N3CCC(c4ccccc4OC(C)C)CC3)CC2)cc1OC,Scientific Literature,Binding affinity to human cloned adrenergic Alpha-1A receptor,B,Homo sapiens,,Bioorg Med Chem Lett,2007,Alpha-1a adrenergic receptor,Ki,nM,8.74,516.7,4.96
CHEMBL228608,16.0,COc1ccc(S(=O)(=O)N[C@H]2CC[C@@H](N3CCC(c4ccc(F)cc4OC(C)C)CC3)CC2)cc1OC,Scientific Literature,Binding affinity to human cloned adrenergic alpha-1a receptor,B,Homo sapiens,,Bioorg Med Chem Lett,2007,Alpha-1a adrenergic receptor,Ki,nM,7.8,534.69,5.1
CHEMBL3797887,1071.52,C[C@@H](c1cccc(C#N)c1)n1cc(Cl)cc(C(N)=O)c1=N,SGC Frankfurt - Donated Chemical Probes,GPCRScan assay: inhibition of Alpha1A,B,Homo sapiens,,,2021,Alpha-1a adrenergic receptor,Ki,nM,5.97,300.75,2.2
CHEMBL4548886,1000.0,COc1ccccc1N1CCN(CC2(c3ccccc3)COCCO2)CC1,Scientific Literature,Displacement of [3H]Prazosin from human recombinant alpha 1A adrenergic receptor expressed in CHO cells incubated for 30 mins by radioligand competition binding assay,B,Homo sapiens,,Eur J Med Chem,2019,Alpha-1a adrenergic receptor,Ki,nM,,368.48,2.76
CHEMBL4441888,354.81,COc1ccccc1N1CCN(C[C@H]2OCCOC2(c2ccccc2)c2ccccc2)CC1,Scientific Literature,Displacement of [3H]Prazosin from human recombinant alpha 1A adrenergic receptor expressed in CHO cells incubated for 30 mins by radioligand competition binding assay,B,Homo sapiens,,Eur J Med Chem,2019,Alpha-1a adrenergic receptor,Ki,nM,6.45,444.58,4.18
CHEMBL474796,5.0,Fc1ccn(Cc2c(F)ccc3c2CC[C@H]3c2ncc[nH]2)n1,Scientific Literature,Binding affinity to adrenergic alpha1A receptor,B,,,Bioorg Med Chem Lett,2008,Alpha-1a adrenergic receptor,Ki,nM,8.3,300.31,3.01
CHEMBL228389,21.0,COc1ccc(S(=O)(=O)N[C@H]2CC[C@H](N3CCC(c4ccccc4OCC(F)(F)F)CC3)CC2)cc1OC,Scientific Literature,Binding affinity to human cloned adrenergic Alpha-1A receptor,B,Homo sapiens,,Bioorg Med Chem Lett,2007,Alpha-1a adrenergic receptor,Ki,nM,7.68,556.65,5.11
CHEMBL387833,12.0,COc1ccc(S(=O)(=O)N[C@H]2CC[C@@H](N3CCC(c4ccccc4OCC(F)F)CC3)CC2)cc1OC,Scientific Literature,Binding affinity to human cloned adrenergic Alpha-1A receptor,B,Homo sapiens,,Bioorg Med Chem Lett,2007,Alpha-1a adrenergic receptor,Ki,nM,7.92,538.66,4.82
CHEMBL3233411,314.0,CN1CCN2c3c(cccc31)[C@@H]1CN(CCCc3noc4ccccc34)CC[C@@H]12,Scientific Literature,Inhibition of adrenergic alpha1A receptor (unknown origin),B,Homo sapiens,,J Med Chem,2014,Alpha-1a adrenergic receptor,Ki,nM,6.5,388.51,3.89
CHEMBL60583,2.818,CC(C)Oc1ccccc1N1CCN(CCN2C(=O)CC3(CCCC3)CC2=O)CC1,Scientific Literature,Binding affinity to adrenergic alpha1A receptor (unknown origin),B,Homo sapiens,,Med Chem Res,2011,Alpha-1a adrenergic receptor,Ki,nM,8.55,413.56,3.31
CHEMBL299454,70.04,O=C1CC2(CCCC2)CCN1CCN1CCN(c2ccccc2Cl)CC1,Scientific Literature,Binding affinity to adrenergic alpha1A receptor (unknown origin),B,Homo sapiens,,Med Chem Res,2011,Alpha-1a adrenergic receptor,Ki,nM,7.16,375.94,3.64
CHEMBL57868,402.56,N#Cc1ccc(Cl)cc1N1CCN(CCN2C(=O)CC3(CCCC3)CC2=O)CC1,Scientific Literature,Binding affinity to adrenergic alpha1A receptor (unknown origin),B,Homo sapiens,,Med Chem Res,2011,Alpha-1a adrenergic receptor,Ki,nM,6.39,414.94,3.04
CHEMBL218732,323.59,COc1ccc2ccccc2c1OCCNC[C@@H]1COc2cc3c(cc2O1)CCCC3.Cl,Scientific Literature,Displacement of [3H]prazosin from cloned human adrenergic alpha 1A receptor expressed in CHO cells,B,Homo sapiens,,J Med Chem,2006,Alpha-1a adrenergic receptor,Ki,nM,6.49,455.98,4.54
CHEMBL214552,16.22,COc1ccc(-c2ccccc2)cc1OCCNC[C@@H]1COc2ccccc2O1.Cl,Scientific Literature,Displacement of [3H]prazosin from cloned human adrenergic alpha 1A receptor expressed in CHO cells,B,Homo sapiens,,J Med Chem,2006,Alpha-1a adrenergic receptor,Ki,nM,7.79,427.93,4.17
CHEMBL439346,4.571,COc1ccc2ccccc2c1OCCNC[C@@H]1COc2ccccc2O1.Cl,Scientific Literature,Displacement of [3H]prazosin from cloned human adrenergic alpha 1A receptor expressed in CHO cells,B,Homo sapiens,,J Med Chem,2006,Alpha-1a adrenergic receptor,Ki,nM,8.34,401.89,3.66
CHEMBL536991,2511.89,Cc1ccc(C(=O)N2CCN(c3ccc(OCCCN4CCCCC4)cc3)C(=O)C2)cc1.Cl,Scientific Literature,Antagonist activity at human recombinant adrenergic alpha 1A receptor expressed in Rat1 cells assessed as inhibition of phenylephrine-induced cellular calcium mobilization,F,Homo sapiens,,J Med Chem,2007,Alpha-1a adrenergic receptor,Ki,nM,,472.03,3.74
CHEMBL256804,3.6,CC(C)Oc1ccccc1N1CCN(C2CCC(NC(=O)Nc3ccc(F)c(F)c3)CC2)CC1,Scientific Literature,Displacement of [125I]HEAT from human recombinant adrenergic alpha1A receptor,B,Homo sapiens,,Bioorg Med Chem Lett,2008,Alpha-1a adrenergic receptor,Ki,nM,8.44,472.58,5.01
CHEMBL257077,22.0,CC(C)Oc1ccccc1N1CCN(C2CCC(NC(=O)Nc3cccc(Cl)c3)CC2)CC1,Scientific Literature,Displacement of [125I]HEAT from human recombinant adrenergic alpha1A receptor,B,Homo sapiens,,Bioorg Med Chem Lett,2008,Alpha-1a adrenergic receptor,Ki,nM,7.66,471.05,5.38
CHEMBL4082195,194.98,Oc1ccccc1OCCNCC1COCC(c2ccccc2)(c2ccccc2)O1,Scientific Literature,Displacement of [3H]prazosin from recombinant human alpha-1a adrenergic receptor expressed in CHO cell membranes after 30 mins by liquid scintillation counting method,A,Homo sapiens,,Eur J Med Chem,2017,Alpha-1a adrenergic receptor,Ki,nM,6.71,405.49,3.72
CHEMBL1242912,2.042,COc1ccccc1N1CCN(C[C@H]2CO[C@@](CN3C(=O)CC4(CCCC4)CC3=O)(c3ccccc3)O2)CC1,Scientific Literature,Displacement [3H]prazosin of human recombinant alpha1A adrenergic receptor expressed in CHO cells by rapid filtration technique,B,Homo sapiens,,Eur J Med Chem,2010,Alpha-1a adrenergic receptor,Ki,nM,8.69,533.67,3.8
CHEMBL493697,338.84,COc1cccc(OC)c1OCCNC[C@@H]1COCC(c2ccccc2)(c2ccccc2)O1,Scientific Literature,Displacement of [3H]prazosin from human cloned alpha1A adrenoceptor expressed in CHO cells,B,Homo sapiens,,J Med Chem,2008,Alpha-1a adrenergic receptor,Ki,nM,6.47,449.55,4.03
CHEMBL2164350,584.0,O=C(C1CCCCC1)N(CCN1CCN(c2ccccc2)CC1)c1ccccn1,Scientific Literature,Binding affinity to adrenergic alpha1A receptor by radioligand binding assay,B,,,Bioorg Med Chem Lett,2012,Alpha-1a adrenergic receptor,Ki,nM,6.23,392.55,3.82
CHEMBL2205823,10000.0,COc1ccccc1CN1C2C3C4CC5C6C4C2C6C1(O)C53,Scientific Literature,Binding affinity to alpha1A adrenergic,B,,,Bioorg Med Chem Lett,2012,Alpha-1a adrenergic receptor,Ki,nM,,295.38,1.96
CHEMBL13856,4.2,COc1ccccc1N1CCN(CCn2c(=O)[nH]c3scc(-c4cccc(C)c4)c3c2=O)CC1,Scientific Literature,Binding constant measured against Alpha-1A adrenergic receptor in human prostate; ++:moderately active,B,Homo sapiens,Prostate gland,Bioorg Med Chem Lett,2005,Alpha-1a adrenergic receptor,Ki,nM,8.38,476.6,3.56
CHEMBL179440,430.0,COc1cc2c3c(c1OC)-c1cc4c(cc1C[C@@H]3N(C)CC2)OCO4,Scientific Literature,Binding constant measured against Alpha-1A adrenergic receptor in human prostate; +:inactive,B,Homo sapiens,Prostate gland,Bioorg Med Chem Lett,2005,Alpha-1a adrenergic receptor,Ki,nM,6.37,339.39,3.18
CHEMBL181475,20.0,Cn1c(NCCCN2CCN(c3ccc4c(c3)OCC(CO)O4)CC2)cc(=O)n(C)c1=O,Scientific Literature,Binding constant measured against Alpha-1A adrenergic receptor in human prostate; ++:moderately active,B,Homo sapiens,Prostate gland,Bioorg Med Chem Lett,2005,Alpha-1a adrenergic receptor,Ki,nM,7.7,445.52,-0.16
CHEMBL605081,7.079,Cc1ccc(CCn2c3c(c4cc(C)ccc42)CN(C)CC3)cc1,Scientific Literature,Binding affinity to adrenergic alpha1A receptor by radioligand displacement assay,B,,,Bioorg Med Chem Lett,2010,Alpha-1a adrenergic receptor,Ki,nM,8.15,318.46,4.49
CHEMBL1223799,10.0,Fc1ccccc1N1CCN(CCCCNc2ccc(-c3ccccc3)cn2)CC1,Scientific Literature,Displacement of [3H]prazosin from human adrenergic alpha1A receptor,B,Homo sapiens,,Bioorg Med Chem Lett,2010,Alpha-1a adrenergic receptor,Ki,nM,8.0,404.53,4.9
CHEMBL1223857,119.0,FC(F)(F)c1cccc(N2CCN(CCCCNc3cc(-c4ccccc4)ccn3)CC2)c1,Scientific Literature,Displacement of [3H]prazosin from human adrenergic alpha1A receptor,B,Homo sapiens,,Bioorg Med Chem Lett,2010,Alpha-1a adrenergic receptor,Ki,nM,6.92,454.54,5.78
CHEMBL1242819,21.38,COc1ccccc1N1CCN(C[C@@H]2CO[C@@](CN3C(=O)CCCC3=O)(c3ccccc3)O2)CC1,Scientific Literature,Displacement [3H]prazosin of human recombinant alpha1A adrenergic receptor expressed in CHO cells by rapid filtration technique,B,Homo sapiens,,Eur J Med Chem,2010,Alpha-1a adrenergic receptor,Ki,nM,7.67,479.58,2.62
CHEMBL1223617,593.0,FC(F)(F)c1cccc(N2CCN(CCCCNc3ccccn3)CC2)c1,Scientific Literature,Displacement of [3H]prazosin from human adrenergic alpha1A receptor,B,Homo sapiens,,Bioorg Med Chem Lett,2010,Alpha-1a adrenergic receptor,Ki,nM,6.23,378.44,4.11
CHEMBL1258671,87.6,CCCCN1CCC(COC(=O)c2cc(F)c(N)c3c2OCCO3)CC1,Scientific Literature,Binding affinity to human adrenergic alpha1A receptor,B,Homo sapiens,,J Med Chem,2010,Alpha-1a adrenergic receptor,Ki,nM,7.06,366.43,2.85
CHEMBL179743,1.259,COc1cc2nc(N3CCN(C4=CC(=O)c5ccccc5C4=O)CC3)nc(N)c2cc1OC,Scientific Literature,Equilibrium dissociation constant was evaluated by radio-receptor binding assays using [3H]prazosin to label cloned human alpha 1a expressed in CHO cells,B,Homo sapiens,,J Med Chem,2005,Alpha-1a adrenergic receptor,Ki,nM,8.9,445.48,2.31
CHEMBL537219,3162.28,Cl.O=C(c1ccc(F)cc1)N1CCN(c2ccc(OC3CCN(C4CCC4)CC3)cc2)C(=O)C1,Scientific Literature,Antagonist activity at human recombinant adrenergic alpha 1A receptor expressed in Rat1 cells assessed as inhibition of phenylephrine-induced cellular calcium mobilization,F,Homo sapiens,,J Med Chem,2007,Alpha-1a adrenergic receptor,Ki,nM,,488.0,3.71
CHEMBL540634,3981.07,Cl.O=C(c1ccc(Cl)cc1)N1CCN(c2ccc(OC3CCN(C4CCC4)CC3)cc2)C(=O)C1,Scientific Literature,Antagonist activity at human recombinant adrenergic alpha 1A receptor expressed in Rat1 cells assessed as inhibition of phenylephrine-induced cellular calcium mobilization,F,Homo sapiens,,J Med Chem,2007,Alpha-1a adrenergic receptor,Ki,nM,,504.46,4.22
CHEMBL239975,2511.89,O=C(c1ccc(F)cc1)N1CCN(c2ccc(OCCCN3CCCCC3)cc2)C(=O)C1,Scientific Literature,Antagonist activity at human recombinant adrenergic alpha 1A receptor expressed in Rat1 cells assessed as inhibition of phenylephrine-induced cellular calcium mobilization,F,Homo sapiens,,J Med Chem,2007,Alpha-1a adrenergic receptor,Ki,nM,,439.53,3.57
CHEMBL233584,189.0,COc1ccc(S(=O)(=O)N[C@H]2CC[C@@H](N3CCN(c4ccccc4OCC4CC4)CC3)CC2)cc1OC,Scientific Literature,Binding affinity to human cloned adrenergic alpha-1A receptor,B,Homo sapiens,,Bioorg Med Chem Lett,2007,Alpha-1a adrenergic receptor,Ki,nM,6.72,529.7,3.9
CHEMBL236617,4.8,CC(C)Oc1ccccc1N1CCN([C@H]2CC[C@@H](NS(=O)(=O)c3ccc(S(C)(=O)=O)cc3)CC2)CC1,Scientific Literature,Binding affinity to human cloned adrenergic alpha-1A receptor,B,Homo sapiens,,Bioorg Med Chem Lett,2007,Alpha-1a adrenergic receptor,Ki,nM,8.32,535.73,3.29
CHEMBL233416,20.0,CC(C)Oc1ccccc1N1CCN([C@H]2CC[C@H](NS(=O)(=O)c3cccc(C(F)(F)F)c3)CC2)CC1,Scientific Literature,Binding affinity to human cloned adrenergic alpha-1A receptor,B,Homo sapiens,,Bioorg Med Chem Lett,2007,Alpha-1a adrenergic receptor,Ki,nM,7.7,525.64,4.9
CHEMBL233592,14.0,CC(C)Oc1ccccc1N1CCN([C@H]2CC[C@@H](NS(=O)(=O)c3cccc(C(F)(F)F)c3)CC2)CC1,Scientific Literature,Binding affinity to human cloned adrenergic alpha-1A receptor,B,Homo sapiens,,Bioorg Med Chem Lett,2007,Alpha-1a adrenergic receptor,Ki,nM,7.85,525.64,4.9
CHEMBL59153,1.0,O=C1CCNC(=O)N1CCCN1CCN(c2ccc(F)cc2OCC(F)(F)F)CC1,Scientific Literature,Inhibition of [3H]prazosin binding to CHO-K1 whole cells expressing human cloned Alpha-1A adrenergic receptor,B,,,Bioorg Med Chem Lett,2003,Alpha-1a adrenergic receptor,Ki,nM,9.0,432.42,2.22
CHEMBL145170,0.3,COC(=O)C1=C(C)NC(=O)N(C(=O)NCCCN2CCC3(CC2)OCc2ccccc23)C1c1ccc(F)c(F)c1,Scientific Literature,In vitro binding affinity against alpha-1A adrenergic receptor of human liver microsomes,B,,Liver,J Med Chem,1999,Alpha-1a adrenergic receptor,Ki,nM,9.52,554.59,4.1
CHEMBL217143,11.48,COc1ccc2c(c1OCCNC[C@@H]1COc3ccccc3O1)CCCC2.Cl,Scientific Literature,Displacement of [3H]prazosin from cloned human adrenergic alpha 1A receptor expressed in CHO cells,B,Homo sapiens,,J Med Chem,2006,Alpha-1a adrenergic receptor,Ki,nM,7.94,405.92,3.38
CHEMBL42514,3.4,Cc1ccccc1C1(C#N)CCN(CCCNC(=O)C(c2cccc(F)c2)C(C)C)CC1,Scientific Literature,Inhibition of binding of [125I]HEAT to cloned human alpha-1A adrenergic receptor.,B,,,Bioorg Med Chem Lett,2000,Alpha-1a adrenergic receptor,Ki,nM,8.47,435.59,4.94
CHEMBL3759513,50.2,O=C(NCCCCN1CCN(c2cccc(Cl)c2)CC1)c1ccc2ccccc2c1,Scientific Literature,Displacement of [3H]-prazosin from human ADRA1A receptor,B,Homo sapiens,,Bioorg Med Chem Lett,2016,Alpha-1a adrenergic receptor,Ki,nM,7.3,421.97,4.83
CHEMBL3758913,65.5,COc1ccccc1N1CCN(CCCCNC(=O)CC2CCCCC2)CC1,Scientific Literature,Displacement of [3H]-prazosin from human ADRA1A receptor,B,Homo sapiens,,Bioorg Med Chem Lett,2016,Alpha-1a adrenergic receptor,Ki,nM,7.18,387.57,3.68
CHEMBL3758403,418.0,COc1ccccc1N1CCN(CCCCNC(=O)CC(C)C)CC1,Scientific Literature,Displacement of [3H]-prazosin from human ADRA1A receptor,B,Homo sapiens,,Bioorg Med Chem Lett,2016,Alpha-1a adrenergic receptor,Ki,nM,6.38,347.5,2.76
CHEMBL3759607,38.5,O=C(NCCCCN1CCN(c2ccccc2F)CC1)c1ccc2ccccc2c1,Scientific Literature,Displacement of [3H]-prazosin from human ADRA1A receptor,B,Homo sapiens,,Bioorg Med Chem Lett,2016,Alpha-1a adrenergic receptor,Ki,nM,7.42,405.52,4.31
CHEMBL2260147,14.79,COC(=O)C1=C(C)NC(C)=C(C(=O)NCCCCN2CCC(c3ccccc3)(c3ccccc3)CC2)C1c1ccc([N+](=O)[O-])cc1,Scientific Literature,Binding affinity to Homo sapiens (human) alpha1A adrenergic receptor,B,Homo sapiens,,Med Chem Res,2004,Alpha-1a adrenergic receptor,Ki,nM,7.83,622.77,5.98
CHEMBL1796046,31.62,COc1ccccc1N1CCN(CCCCN2C(=O)CC(C)(c3ccccc3)CC2=O)CC1,Scientific Literature,Antagonist activity at human adrenergic alpha1A receptor expressed in HEK293 cells assessed as inhibition of norepinephrine-induced [3H]inositol phosphate hydrolysis by scintillation counting,F,Homo sapiens,,Eur J Med Chem,2011,Alpha-1a adrenergic receptor,Ki,nM,7.5,449.6,3.7
CHEMBL89685,1.175,CC(=O)C1=C(C)NC(C)=C(C(=O)NCCCN2CCC(c3ccccc3)(c3ccccc3)CC2)C1c1ccc([N+](=O)[O-])cc1,Scientific Literature,Binding affinity to Homo sapiens (human) alpha1A adrenergic receptor,B,Homo sapiens,,Med Chem Res,2004,Alpha-1a adrenergic receptor,Ki,nM,8.93,592.74,6.01
CHEMBL139505,1.62,COc1cccc2c(CCCN3CCN(c4ccccn4)CC3)cccc12,Scientific Literature,Binding affinity was determined on human cloned Alpha-1A adrenoceptor,B,,,J Med Chem,2001,Alpha-1a adrenergic receptor,Ki,nM,8.79,361.49,4.0
CHEMBL99397,1e+16,O=c1[nH]c2c([nH]c3ccccc32)c(=O)n1CCN1CCN(c2ccc(C3CCCCC3)cc2)CC1,Scientific Literature,Binding affinity towards Alpha-1A adrenergic receptor,B,,,J Med Chem,2003,Alpha-1a adrenergic receptor,Ki,nM,,471.61,4.04
CHEMBL98807,6.025595860743594e+16,COc1ccccc1N1CCN(CCCn2cnc3c4ccccc4nc-3c2O)CC1,Scientific Literature,Binding affinity towards Alpha-1A adrenergic receptor,B,,,J Med Chem,2003,Alpha-1a adrenergic receptor,Ki,nM,,417.51,3.46
CHEMBL295001,1.0,CC1=C(C(=O)NCCCN2CCC(C#N)(c3ccc(F)cc3F)CC2)[C@@H](c2ccc(F)c(F)c2)CC(=O)N1,Scientific Literature,In vitro antagonism at Alpha-1A adrenergic receptor,F,,,Bioorg Med Chem Lett,2000,Alpha-1a adrenergic receptor,Ki,nM,9.0,528.55,4.18
CHEMBL330198,1e+28,CCCCc1ccc(N2CCN(CCn3c(=O)[nH]c4c([nH]c5ccccc54)c3=O)CC2)cc1,Scientific Literature,Binding affinity towards Alpha-1A adrenergic receptor,B,,,J Med Chem,2003,Alpha-1a adrenergic receptor,Ki,nM,,445.57,3.34
CHEMBL317555,1.3803842646028867e+17,CCOc1ccccc1N1CCN(CCn2c(=O)[nH]c3c([nH]c4ccccc43)c2=O)CC1,Scientific Literature,Binding affinity towards Alpha-1A adrenergic receptor,B,,,J Med Chem,2003,Alpha-1a adrenergic receptor,Ki,nM,,433.51,2.39
CHEMBL265001,0.36,COCC1=C(C(=O)OC)[C@H](c2ccc(F)c(F)c2)C(C(=O)NCCCN2CCC(c3ccccn3)CC2)C(=O)N1,Scientific Literature,Binding affinity towards recombinant human alpha-1A adrenergic receptor,B,,,J Med Chem,2004,Alpha-1a adrenergic receptor,Ki,nM,9.44,556.61,2.65
CHEMBL74114,416.87,CS(=O)(=O)c1cccc(F)c1NCC1=NCCN1,Scientific Literature,Affinity to Alpha-1 adrenergic receptor determined by radioligand binding techniques from rat-1 fibroblasts membranes,B,,,J Med Chem,2002,Alpha-1a adrenergic receptor,Ki,nM,6.38,271.32,0.64
CHEMBL313953,53.7,CC(C)C1=C(C(N)=O)C(c2ccc([N+](=O)[O-])cc2)C(C(=O)NCCCN2CCC(c3ccccc3)(c3ccccc3)CC2)=C(C(C)C)N1,Scientific Literature,Binding affinity determined by displacement of [3H]prazosin from alpha-1A adrenergic receptor,B,,,J Med Chem,1998,Alpha-1a adrenergic receptor,Ki,nM,7.27,649.84,6.18
CHEMBL215857,100.0,COc1cccc(OC)c1OCCNC[C@@H]1COc2cc3c(cc2O1)CCCC3.Cl,Scientific Literature,Displacement of [3H]prazosin from cloned human adrenergic alpha 1A receptor expressed in CHO cells,B,Homo sapiens,,J Med Chem,2006,Alpha-1a adrenergic receptor,Ki,nM,7.0,435.95,3.39
CHEMBL145394,0.26,COC(=O)C1=C(C)NC(=O)N(C(=O)NCCCN2CCN(c3ccccc3C(N)=O)CC2)C1c1ccc(F)c(F)c1,Scientific Literature,In vitro binding affinity against Alpha-1A adrenergic receptor of human liver microsomes.,B,,Liver,J Med Chem,1999,Alpha-1a adrenergic receptor,Ki,nM,9.59,570.6,2.5
CHEMBL417758,3.981,Cc1c[nH]c(=O)n(CC(C)(C)CN2CCN(c3ccccc3OCC(F)(F)F)CC2)c1=O,Scientific Literature,Inhibition of [3H]prazosin binding to CHO-K1 whole cells expressing human cloned Alpha-1A adrenergic receptor,B,,,Bioorg Med Chem Lett,2003,Alpha-1a adrenergic receptor,Ki,nM,8.4,454.49,2.63
CHEMBL79817,86.0,O=C1CCCCCN1Cc1cc(CN2CCN(c3ccccc3Oc3ccccc3)CC2)on1,Scientific Literature,Displacement of [125I]HEAT from human Alpha-1A adrenergic receptor,B,Homo sapiens,,Bioorg Med Chem Lett,2002,Alpha-1a adrenergic receptor,Ki,nM,7.07,460.58,4.69
CHEMBL24777,1.259,Cc1c[nH]c(=O)n(CCCN2CCN(c3ccc(F)cc3OCC(F)(F)F)CC2)c1=O,Scientific Literature,Inhibition of [3H]prazosin binding to CHO-K1 whole cells expressing human cloned Alpha-1A adrenergic receptor,B,,,Bioorg Med Chem Lett,2003,Alpha-1a adrenergic receptor,Ki,nM,8.9,444.43,2.14
CHEMBL75201,120226.44,C1COC(N2CCOCC2)=N1,Scientific Literature,Binding affinity towards human Alpha-1A adrenergic receptor by the displacement of [3H]prazosin,B,,,Bioorg Med Chem Lett,1994,Alpha-1a adrenergic receptor,Ki,nM,,156.18,-0.3
CHEMBL1241557,10.0,COc1ccccc1N1CCN(C[C@@H]2CO[C@@](CN3C(=O)CC4(CCCC4)CC3=O)(c3ccccc3)O2)CC1,Scientific Literature,Displacement [3H]prazosin of human recombinant alpha1A adrenergic receptor expressed in CHO cells by rapid filtration technique,B,Homo sapiens,,Eur J Med Chem,2010,Alpha-1a adrenergic receptor,Ki,nM,8.0,533.67,3.8
CHEMBL362051,1.0,COc1ccccc1N1CCN(CCN2C(=O)c3ccccc3C(C)(C)C2=O)CC1,Scientific Literature,Binding constant measured against Alpha-1A adrenergic receptor in human prostate; ++:moderately active,B,Homo sapiens,Prostate gland,Bioorg Med Chem Lett,2005,Alpha-1a adrenergic receptor,Ki,nM,9.0,407.51,2.78
CHEMBL219718,4265.8,O=c1[nH]c2c(sc3ccccc32)c(=O)n1CCN1CCN(c2ccc(Cl)c(Cl)c2)CC1,Scientific Literature,Displacement of [125I]BE2254 from human cloned adrenergic alpha 1A receptor expressed in HEK293 cells,B,Homo sapiens,,Bioorg Med Chem Lett,2006,Alpha-1a adrenergic receptor,Ki,nM,5.37,475.4,4.03
CHEMBL1178679,33.88,C[N+](C)(CCOc1ccccc1)CC1COC(c2ccccc2)(c2ccccc2)O1,Scientific Literature,Binding affinity to adrenergic alpha1A receptor (unknown origin),B,Homo sapiens,,Med Chem Res,2011,Alpha-1a adrenergic receptor,Ki,nM,7.47,404.53,4.46
CHEMBL2234441,0.05,COc1cccc(OC)c1OCCN[C@H]1C[C@@H](c2ccccc2)c2ccccc2O1,Scientific Literature,Binding affinity to adrenergic alpha1A receptor (unknown origin),B,Homo sapiens,,Med Chem Res,2011,Alpha-1a adrenergic receptor,Ki,nM,10.3,405.49,4.61
CHEMBL2234453,407.38,c1ccc(OCCN[C@H]2COC[C@H](c3ccccc3)O2)cc1,Scientific Literature,Binding affinity to adrenergic alpha1A receptor (unknown origin),B,Homo sapiens,,Med Chem Res,2011,Alpha-1a adrenergic receptor,Ki,nM,6.39,299.37,2.77
CHEMBL342111,4.5,COC(=O)C1=C(C)NC(=O)N(C(=O)NCCCN2CCC3(CC2)C(=O)Oc2ccccc23)C1c1ccc(F)c(F)c1,Scientific Literature,In vitro binding affinity against alpha-1A adrenergic receptor of human liver microsomes,B,,Liver,J Med Chem,1999,Alpha-1a adrenergic receptor,Ki,nM,8.35,568.58,3.53
CHEMBL299452,1.259,O=c1cc[nH]c(=O)n1CCCN1CCN(c2ccc(F)cc2OCC(F)(F)F)CC1,Scientific Literature,Inhibition of [3H]prazosin binding to CHO-K1 whole cells expressing human cloned Alpha-1A adrenergic receptor,B,,,Bioorg Med Chem Lett,2003,Alpha-1a adrenergic receptor,Ki,nM,8.9,430.4,1.83
CHEMBL1223748,6.0,COc1ccccc1N1CCN(CCCCNc2nccc3ccccc23)CC1,Scientific Literature,Displacement of [3H]prazosin from human adrenergic alpha1A receptor,B,Homo sapiens,,Bioorg Med Chem Lett,2010,Alpha-1a adrenergic receptor,Ki,nM,8.22,390.53,4.26
CHEMBL298713,0.1,COC(=O)C1=C(C)NC(=O)N(C(=O)NCCCN2CCC(C(=O)OC)(c3ccccc3)CC2)C1c1ccc(F)c(F)c1,Scientific Literature,In vitro binding affinity against alpha-1A adrenergic receptor of human liver microsomes,B,,Liver,J Med Chem,1999,Alpha-1a adrenergic receptor,Ki,nM,10.0,584.62,3.78
CHEMBL4128311,223.87,COc1cc2nc(N3CCN(C(C)=O)[C@H]4CCCC[C@H]43)nc(N)c2cc1OC,Scientific Literature,Displacement of [3H]prazosin from human alpha1A adrenergic receptor expressed in CHO cell membranes after 30 mins by rapid filtration method,B,Homo sapiens,,Bioorg Med Chem,2018,Alpha-1a adrenergic receptor,Ki,nM,6.65,385.47,2.21
CHEMBL123138,3300.0,CN1CCc2c(Cl)ccc3oc(Br)c(c23)C1,Scientific Literature,Inhibition of [3H]prazosin binding to human Alpha-1A adrenergic receptor expressed in CHO cells,B,Homo sapiens,,J Med Chem,1995,Alpha-1a adrenergic receptor,Ki,nM,5.48,300.58,3.84
CHEMBL4163810,190.55,COc1cc2nc(N3CCC[C@H](N)C3)nc(N)c2cc1OC,Scientific Literature,Displacement of [3H]prazosin from human alpha1A adrenoceptor expressed in CHO cell membranes after 30 mins,B,Homo sapiens,,Eur J Med Chem,2017,Alpha-1a adrenergic receptor,Ki,nM,6.72,303.37,1.16
CHEMBL4174168,1000.0,COc1cc2nc(N3CCC[C@@H](N)C3)nc(N)c2cc1OC,Scientific Literature,Displacement of [3H]prazosin from human alpha1A adrenoceptor expressed in CHO cell membranes after 30 mins,B,Homo sapiens,,Eur J Med Chem,2017,Alpha-1a adrenergic receptor,Ki,nM,,303.37,1.16
CHEMBL72147,100000.0,Cc1cnc2c(Br)c(NC3=NCCN3)ccc2n1,Scientific Literature,Binding affinity for human Alpha-1A adrenergic receptor from cultured LM(tk-) cells using [3H]-prazosin,B,Homo sapiens,,Bioorg Med Chem Lett,1995,Alpha-1a adrenergic receptor,Ki,nM,,306.17,2.07
CHEMBL2234444,8.71,COc1cccc(OC)c1OCCNC[C@@H]1C(=O)c2ccccc2C[C@H]1c1ccccc1,Scientific Literature,Binding affinity to adrenergic alpha1A receptor (unknown origin),B,Homo sapiens,,Med Chem Res,2011,Alpha-1a adrenergic receptor,Ki,nM,8.06,431.53,4.51
CHEMBL309949,90.0,O=C1c2ccccc2S(=O)(=O)N1CCCCN1CCC(n2c(=O)oc3cc4c(cc32)CCCC4)CC1,Scientific Literature,Ability to displace beta ([125I]-iodo-4-hydroxyphenyl)-ethylamino methyl tetralone from human cloned Alpha-1a adrenergic receptor stably expressed in Chinese Hamster Ovary (CHO) cells,B,Homo sapiens,,Bioorg Med Chem Lett,1998,Alpha-1a adrenergic receptor,Ki,nM,7.05,509.63,3.74
CHEMBL214762,87.1,COc1cc(-c2ccccc2)ccc1OCCNC[C@H]1COc2ccccc2O1.Cl,Scientific Literature,Displacement of [3H]prazosin from cloned human adrenergic alpha 1A receptor expressed in CHO cells,B,Homo sapiens,,J Med Chem,2006,Alpha-1a adrenergic receptor,Ki,nM,7.06,427.93,4.17
CHEMBL214952,9.333,COc1cccc(-c2ccccc2)c1OCCNC[C@@H]1COc2ccccc2O1.Cl,Scientific Literature,Displacement of [3H]prazosin from cloned human adrenergic alpha 1A receptor expressed in CHO cells,B,Homo sapiens,,J Med Chem,2006,Alpha-1a adrenergic receptor,Ki,nM,8.03,427.93,4.17
CHEMBL313990,74.0,O=C1c2cc(Cl)ccc2S(=O)(=O)N1CCCCN1CCC(n2c(=O)oc3ccccc32)CC1,Scientific Literature,Compound was evaluated for its affinity for Alpha-1a adrenergic receptor in dog aorta preparations,B,Canis lupus familiaris,Aorta,Bioorg Med Chem Lett,1998,Alpha-1a adrenergic receptor,Ki,nM,7.13,489.98,3.51
CHEMBL415887,1.1,Cc1ccc(C(C(=O)NCCCN2CCN(c3ccccc3C)CC2)c2ccc(C)cc2)cc1,Scientific Literature,Inhibition of binding of [125I]HEAT to cloned human alpha-1A adrenergic receptor.,B,,,Bioorg Med Chem Lett,2000,Alpha-1a adrenergic receptor,Ki,nM,8.96,455.65,5.07
CHEMBL303627,1.02,CC(C)Oc1ccccc1N1CCN(C[C@@H](O)CNC(=O)c2ccc3c(c2)C(=O)N(c2cccc(F)c2)C3=O)CC1,Scientific Literature,Binding affinity towards cloned human alpha-1A adrenergic receptor was determined using [125]-HEAT as radioligand,B,,,J Med Chem,2000,Alpha-1a adrenergic receptor,Ki,nM,8.99,560.63,3.33
CHEMBL145190,0.1,COC(=O)C1=C(C)NC(=O)N(C(=O)NCCCN2CCN(c3ccccc3C#N)CC2)C1c1ccc(F)c(F)c1,Scientific Literature,In vitro binding affinity against Alpha-1A adrenergic receptor of human liver microsomes.,B,,Liver,J Med Chem,1999,Alpha-1a adrenergic receptor,Ki,nM,10.0,552.58,3.27
CHEMBL68601,0.95,CC(C)Oc1ccccc1N1CCN(CC(O)CNC(=O)c2ccc3c(c2)C(=O)N(c2ccc(Cl)cc2)C3=O)CC1,Scientific Literature,Binding affinity towards cloned human alpha-1A adrenergic receptor was determined using [125]-HEAT as radioligand,B,,,J Med Chem,2000,Alpha-1a adrenergic receptor,Ki,nM,9.02,577.08,3.84
CHEMBL311479,0.22,COc1ccccc1N1CCN(CCNc2cc(-c3ccccc3)nn(C)c2=O)CC1,Scientific Literature,Binding affinity towards human cloned alpha-1A-adrenoceptor using [3H]prazosin as radioligand,B,,,J Med Chem,2001,Alpha-1a adrenergic receptor,Ki,nM,9.66,419.53,2.69
CHEMBL134,977.24,Clc1cccc(Cl)c1NC1=NCCN1,Scientific Literature,Binding affinity towards human Alpha-1C adrenergic receptor by the displacement of [3H]prazosin,B,,,Bioorg Med Chem Lett,1994,Alpha-1a adrenergic receptor,Ki,nM,6.01,230.1,2.36
CHEMBL143026,85.11,COc1cc2nc3c(c(N)c2cc1OC)CCC(CNC(=O)c1ccc(C(F)(F)F)cc1)C3,Scientific Literature,Binding affinity measured in CHO cells expressing human cloned Alpha-1A adrenergic receptor expressed as pKi,B,Homo sapiens,,J Med Chem,2003,Alpha-1a adrenergic receptor,Ki,nM,7.07,459.47,4.39
CHEMBL40325,2.344,COc1cccc(OC)c1OCCNC[C@H]1C[C@H](c2ccccc2)c2ccccc2S1,Scientific Literature,Affinity constant on CHO cells expressing Human recombinant Alpha-1A adrenergic receptor,B,Homo sapiens,,J Med Chem,2002,Alpha-1a adrenergic receptor,Ki,nM,8.63,435.59,5.37
CHEMBL101869,53.0,O=C1CC2(CCN(CCc3cccc4ccccc34)CC2)Oc2ccccc21,Scientific Literature,Displacement of [125I]HEAT from human Alpha-1C adrenergic receptor expressed in CHO cells,B,Homo sapiens,,Bioorg Med Chem Lett,1999,Alpha-1a adrenergic receptor,Ki,nM,7.28,371.48,4.88
CHEMBL42558,0.3981,COc1cccc(OC)c1OCCNCCOc1ccccc1Cc1ccccc1,Scientific Literature,Affinity constant on CHO cells expressing Human recombinant Alpha-1A adrenergic receptor,B,Homo sapiens,,J Med Chem,2002,Alpha-1a adrenergic receptor,Ki,nM,9.4,407.51,4.34
CHEMBL2,0.59,COc1cc2nc(N3CCN(C(=O)c4ccco4)CC3)nc(N)c2cc1OC,Scientific Literature,Displacement of [125I]HEAT from adrenergic alpha1A receptor (unknown origin),B,Homo sapiens,,Bioorg Med Chem Lett,2014,Alpha-1a adrenergic receptor,Ki,nM,9.23,383.41,1.78
CHEMBL145278,3.6,COC(=O)C1=C(C)N=C(C)N(CCCCN2CCC(C(=O)OC)(c3ccccc3)CC2)C1c1ccc(F)c(F)c1,Scientific Literature,Binding affinity against Alpha-1A adrenergic receptor (recombinant human receptor) using [3H]prazosin.,B,,,J Med Chem,1999,Alpha-1a adrenergic receptor,Ki,nM,8.44,553.65,5.17
CHEMBL91550,1.072,CCC1=C(C(N)=O)C(c2ccc([N+](=O)[O-])cc2)C(C(=O)NCCCN2CCC(c3ccccc3)(c3ccccc3)CC2)=C(CC)N1,Scientific Literature,Binding affinity determined by displacement of [3H]prazosin from alpha-1A adrenergic receptor,B,,,J Med Chem,1998,Alpha-1a adrenergic receptor,Ki,nM,8.97,621.78,5.68
CHEMBL553276,57.54,CC(C)Sc1ccccc1NCC1=NCCN1.Cl,Scientific Literature,Affinity to Alpha-1 adrenergic receptor determined by radioligand binding techniques from rat-1 fibroblasts membranes,B,,,J Med Chem,2002,Alpha-1a adrenergic receptor,Ki,nM,7.24,285.84,2.6
CHEMBL96467,0.17,C[C@@H]1OC(=O)N(C(=O)NCCCN2CCC(c3ccc(F)cc3)CC2)[C@H]1c1ccc(F)c(F)c1,Scientific Literature,"Binding affinity towards Alpha1A human adrenergic receptors, using [125I]-HEAT as radioligand.",B,,,J Med Chem,2000,Alpha-1a adrenergic receptor,Ki,nM,9.77,475.51,4.97
CHEMBL144925,0.2,CCC1=C(C(N)=O)C(c2ccc(F)cc2F)N(C(=O)NCCCN2CCC(C(=O)OC)(c3ccccc3)CC2)C(=O)N1,Scientific Literature,In vitro binding affinity against Alpha-1A adrenergic receptor of human liver microsomes.,B,,Liver,J Med Chem,1999,Alpha-1a adrenergic receptor,Ki,nM,9.7,583.64,3.49
CHEMBL4582160,38.9,O=C(O)C(=O)O.c1ccc(OCCNCC2CCOC(c3ccccc3)(c3ccccc3)O2)cc1,Scientific Literature,Displacement of [3H] prazosin from human cloned adrenoceptor alpha 1A expressed in CHO cell membrane incubated for 30 mins by liquid scintillation counting,B,Homo sapiens,,Eur J Med Chem,2019,Alpha-1a adrenergic receptor,Ki,nM,7.41,479.53,4.36
CHEMBL37212,33.88,C[N+](C)(CCOc1ccccc1)CC1COC(c2ccccc2)(c2ccccc2)O1.O=C([O-])C(=O)O,Scientific Literature,Affinity constant towards human recombinant Alpha-1A adrenergic receptor using [3H]prazosin (from CHO cells) as radioligand by radioligand binding assay,B,,,J Med Chem,2003,Alpha-1a adrenergic receptor,Ki,nM,7.47,493.56,4.46
CHEMBL83226,0.13,O=C1c2cc([N+](=O)[O-])ccc2S(=O)(=O)N1CCCCN1CCC(n2c(=O)oc3ccccc32)CC1,Scientific Literature,Ability to displace beta ([125I]-iodo-4-hydroxyphenyl)-ethylamino methyl tetralone from human cloned Alpha-1a adrenergic receptor stably expressed in Chinese Hamster Ovary (CHO) cells,B,Homo sapiens,,Bioorg Med Chem Lett,1998,Alpha-1a adrenergic receptor,Ki,nM,9.89,500.53,2.76
CHEMBL10347,4400.0,COC(=O)[C@H]1[C@H]2C[C@H]3c4[nH]c5ccccc5c4CCN3C[C@H]2CC[C@@H]1O,Scientific Literature,Inhibition of [3H]prazosin binding to human Alpha-1A adrenergic receptor expressed in CHO cells,B,Homo sapiens,,J Med Chem,1995,Alpha-1a adrenergic receptor,Ki,nM,5.36,354.45,2.65
CHEMBL3343984,74.0,COc1cccc2c(NCCCCCCCNc3ccnc4c(OC)cccc34)ccnc12,Scientific Literature,Binding affinity to human alpha1A adrenergic receptor transfected in COS1 cells assessed as compound required to occupy 50% of receptor,B,Homo sapiens,,Bioorg Med Chem,2014,Alpha-1a adrenergic receptor,Ki,nM,7.13,444.58,6.27
CHEMBL56620,54.95,O=C1CC2(CCCC2)C(=O)N1CCN1CCN(c2cc(Cl)ccc2Cl)CC1,Scientific Literature,Binding affinity to adrenergic alpha1A receptor (unknown origin),B,Homo sapiens,,Med Chem Res,2011,Alpha-1a adrenergic receptor,Ki,nM,7.26,410.35,3.43
CHEMBL71580,0.76,CC(C)Oc1ccccc1N1CCN(CC(O)CNC(=O)c2ccc3c(c2)C(=O)N(c2cccc(Cl)c2)C3=O)CC1,Scientific Literature,Binding affinity towards cloned human alpha-1A adrenergic receptor was determined using [125]-HEAT as radioligand,B,,,J Med Chem,2000,Alpha-1a adrenergic receptor,Ki,nM,9.12,577.08,3.84
CHEMBL68203,0.23,COc1ccc(N2C(=O)c3ccc(C(=O)NC[C@H](O)CN4CCN(c5ccccc5OC(C)C)CC4)cc3C2=O)cc1,Scientific Literature,Binding affinity towards cloned human alpha-1A adrenergic receptor was determined using [125]-HEAT as radioligand,B,,,J Med Chem,2000,Alpha-1a adrenergic receptor,Ki,nM,9.64,572.66,3.2
CHEMBL4277264,3400.0,Cc1cc(Oc2nccc3occc23)ccc1-c1c(C)ncc2nccn12,Scientific Literature,Displacement of [3H]-prazosin from recombinant human alpha1A adrenergic receptor measured after 90 mins by microbeta scintillation counting method,B,Homo sapiens,,J Med Chem,2019,Alpha-1a adrenergic receptor,Ki,nM,5.47,356.39,4.95
CHEMBL145587,0.4,COC(=O)C1=C(C)N=C(C)N(CCCCCN2CCN(c3ccccc3OC)CC2)C1c1ccc(F)c(F)c1,Scientific Literature,Binding affinity against Alpha-1A adrenergic receptor (recombinant human receptor) using [3H]prazosin.,B,,,J Med Chem,1999,Alpha-1a adrenergic receptor,Ki,nM,9.4,540.66,5.19
CHEMBL1946786,109.65,COc1ccccc1OCCNC[C@H]1CCC(c2ccccc2)(c2ccccc2)[C@@H]1O.O=C(O)C(=O)O,Scientific Literature,Displacement of [3H]prazosin from human recombinant alpha1A adrenoceptor expressed in CHO cells after 30 mins by liquid scintillation counting,B,Homo sapiens,,J Med Chem,2012,Alpha-1a adrenergic receptor,Ki,nM,6.96,507.58,4.42
CHEMBL289916,27.0,Cc1ccc(C(C(=O)NCCCN2CCC(c3ccccn3)CC2)c2ccc(C)cc2)cc1,Scientific Literature,Inhibition of binding of [125I]HEAT to cloned human alpha-1A adrenergic receptor.,B,,,Bioorg Med Chem Lett,2000,Alpha-1a adrenergic receptor,Ki,nM,7.57,441.62,5.22
CHEMBL358590,4.2,CCC1=C(C(N)=O)C(c2ccc(F)c(F)c2)N(C(=O)NCCC(C)N2CCC(C(=O)OC)(c3ccccc3)CC2)C(=O)N1,Scientific Literature,In vitro binding affinity against alpha-1A adrenergic receptor of human liver microsomes,B,,Liver,J Med Chem,1999,Alpha-1a adrenergic receptor,Ki,nM,8.38,597.66,3.88
CHEMBL299454,70.79,O=C1CC2(CCCC2)CCN1CCN1CCN(c2ccccc2Cl)CC1,Scientific Literature,Binding affinity to adrenergic alpha1A receptor (unknown origin),B,Homo sapiens,,Med Chem Res,2011,Alpha-1a adrenergic receptor,Ki,nM,7.15,375.94,3.64
CHEMBL293539,87.1,O=C1CC2(CCCC2)CC(=O)N1CCN1CCN(c2cc(F)ccc2Cl)CC1,Scientific Literature,Binding affinity to adrenergic alpha1A receptor (unknown origin),B,Homo sapiens,,Med Chem Res,2011,Alpha-1a adrenergic receptor,Ki,nM,7.06,407.92,3.31
CHEMBL2234441,0.05012,COc1cccc(OC)c1OCCN[C@H]1C[C@@H](c2ccccc2)c2ccccc2O1,Scientific Literature,Binding affinity to adrenergic alpha1A receptor (unknown origin),B,Homo sapiens,,Med Chem Res,2011,Alpha-1a adrenergic receptor,Ki,nM,10.3,405.49,4.61
CHEMBL143026,85.11,COc1cc2nc3c(c(N)c2cc1OC)CCC(CNC(=O)c1ccc(C(F)(F)F)cc1)C3,Scientific Literature,Binding affinity to adrenergic alpha1A receptor (unknown origin),B,Homo sapiens,,Med Chem Res,2011,Alpha-1a adrenergic receptor,Ki,nM,7.07,459.47,4.39
CHEMBL300152,149.34,CC(CN1CCN(c2cc(Cl)ccc2Cl)CC1)N1C(=O)CC2(CCCC2)CC1=O,Scientific Literature,Binding affinity to adrenergic alpha1A receptor (unknown origin),B,Homo sapiens,,Med Chem Res,2011,Alpha-1a adrenergic receptor,Ki,nM,6.83,438.4,4.21
CHEMBL1178700,33.88,CN(CCOc1ccccc1)CC1COC(c2ccccc2)(c2ccccc2)O1,Scientific Literature,Binding affinity to adrenergic alpha1A receptor (unknown origin),B,Homo sapiens,,Med Chem Res,2011,Alpha-1a adrenergic receptor,Ki,nM,7.47,389.5,4.31
CHEMBL2234456,74.13,COc1ccccc1OCCNC1COC(c2ccccc2)(c2ccccc2)CO1,Scientific Literature,Binding affinity to adrenergic alpha1A receptor (unknown origin),B,Homo sapiens,,Med Chem Res,2011,Alpha-1a adrenergic receptor,Ki,nM,7.13,405.49,3.98
CHEMBL2234452,512.86,COc1cccc(OC)c1OCCN[C@H]1CO[C@H](c2ccccc2)CO1,Scientific Literature,Binding affinity to adrenergic alpha1A receptor (unknown origin),B,Homo sapiens,,Med Chem Res,2011,Alpha-1a adrenergic receptor,Ki,nM,6.29,359.42,2.79
CHEMBL310335,141.25,CCC[C@H]1CCCCC1NC1=NCCO1,Scientific Literature,Binding affinity towards human Alpha-1C adrenergic receptor by the displacement of [3H]prazosin,B,,,Bioorg Med Chem Lett,1994,Alpha-1a adrenergic receptor,Ki,nM,6.85,210.32,2.32
CHEMBL80036,82.0,CC(C)Oc1ccccc1N1CCN(Cc2nc(CN3C(=O)CC4(CCCC4)CC3=O)co2)CC1,Scientific Literature,Displacement of [125I]HEAT from human Alpha-1A adrenergic receptor,B,Homo sapiens,,Bioorg Med Chem Lett,2002,Alpha-1a adrenergic receptor,Ki,nM,7.09,480.61,3.99
CHEMBL1242818,6.607,COc1ccccc1N1CCN(C[C@H]2CO[C@@](CN3C(=O)CCCC3=O)(c3ccccc3)O2)CC1,Scientific Literature,Displacement [3H]prazosin of human recombinant alpha1A adrenergic receptor expressed in CHO cells by rapid filtration technique,B,Homo sapiens,,Eur J Med Chem,2010,Alpha-1a adrenergic receptor,Ki,nM,8.18,479.58,2.62
CHEMBL1767153,501.19,CCCCCc1nn(C[C@H]2CCCN2C)c(=O)c2ccccc12,Scientific Literature,Binding affinity to human adrenergic alpha1A receptor expressed in rat intact fibroblasts,B,Homo sapiens,,J Med Chem,2011,Alpha-1a adrenergic receptor,Ki,nM,6.3,313.45,3.22
CHEMBL135974,389.05,O[C@H]1[C@@H](NC[C@H]2COc3ccccc3O2)CC[C@@H]1Oc1ccccc1,Scientific Literature,Displacement of [3H]prazosin from human cloned Alpha-1A adrenergic receptor,B,Homo sapiens,,J Med Chem,1999,Alpha-1a adrenergic receptor,Ki,nM,6.41,341.41,2.39
CHEMBL1789975,1.0,COCC1=C(C(=O)OC)[C@H](c2ccc(F)c(F)c2)N(C(=O)N[C@@H]2CC[C@H](N3CCC(C#N)(c4ccccc4)CC3)C2)C(=O)N1,Scientific Literature,Displacement of [125I]HEAT from human Alpha-1A adrenergic receptor stably expressed in CHO cells,B,,,Bioorg Med Chem Lett,2000,Alpha-1a adrenergic receptor,Ki,nM,9.0,607.66,4.29
CHEMBL394144,1584.89,C[C@@H]1CCCN1CCCOc1ccc(N2CCN(C(=O)c3ccc(F)cc3)CC2=O)cc1.O=CO,Scientific Literature,Antagonist activity at human recombinant adrenergic alpha 1A receptor expressed in Rat1 cells assessed as inhibition of phenylephrine-induced cellular calcium mobilization,F,Homo sapiens,,J Med Chem,2007,Alpha-1a adrenergic receptor,Ki,nM,,485.56,3.57
CHEMBL24777,1.0,Cc1c[nH]c(=O)n(CCCN2CCN(c3ccc(F)cc3OCC(F)(F)F)CC2)c1=O,Scientific Literature,Binding affinity was tested on human Alpha-1A adrenergic receptor,B,,,J Med Chem,1997,Alpha-1a adrenergic receptor,Ki,nM,9.0,444.43,2.14
CHEMBL1767148,501.19,Cc1cccc(Cc2nn(C[C@H]3CCCN3C)c(=O)c3ccccc23)c1,Scientific Literature,Binding affinity to human adrenergic alpha1A receptor expressed in rat intact fibroblasts,B,Homo sapiens,,J Med Chem,2011,Alpha-1a adrenergic receptor,Ki,nM,6.3,347.46,3.39
CHEMBL1767140,63.1,CN1CCC[C@@H]1Cn1nc(Cc2ccc(F)cc2)c2ccccc2c1=O,Scientific Literature,Binding affinity to human adrenergic alpha1A receptor expressed in rat intact fibroblasts,B,Homo sapiens,,J Med Chem,2011,Alpha-1a adrenergic receptor,Ki,nM,7.2,351.43,3.22
CHEMBL103769,512.51,S=C(NCCCc1c[nH]cn1)NCCCN(Cc1ccc(Cl)c(Cl)c1)c1ccc(Br)cn1,EUbOPEN Chemogenomic Library,"PDSP Secondary Binding target: ADRA1A - Compounds are tested at 10 uM concentration, plate are incubated at room temperature in the dark for 90 minutes. Reaction are stopped by vacuum filtration onto 0.3% polyethyleneimine soaked filter mats using Filtermate harvester. Scintillation cocktail is then melted onto microwave-dried filters on a hot plate and the radio activity is counted in Microbia counter. Compounds showing a minimum of 50% inhibition at 10 uM concentration are carried forward in this secondary binding assay to determine equilibrium binding affinity.",B,Homo sapiens,,,2024,Alpha-1a adrenergic receptor,Ki,nM,6.29,556.36,5.37
CHEMBL239806,19.0,COC(=O)C1=C(C)NC(=O)N(C(=O)N2CCC(N3CCC(C(=O)OC)(c4ccccc4)CC3)CC2)C1c1ccc(F)c(F)c1,Scientific Literature,In vitro binding affinity against alpha-1A adrenergic receptor of human liver microsomes,B,,Liver,J Med Chem,1999,Alpha-1a adrenergic receptor,Ki,nM,7.72,610.66,4.27
CHEMBL51019,15.0,COC(=O)C1(c2ccccc2)CCN(CCCCNC(=O)N2C(=O)NC3=C(C(=O)OC3)C2c2ccc(F)c(F)c2)CC1,Scientific Literature,Displacement of [3H]- prazosin from human recombinant Alpha-1A adrenergic receptor,B,Homo sapiens,,Bioorg Med Chem Lett,2000,Alpha-1a adrenergic receptor,Ki,nM,7.82,582.6,3.54
CHEMBL1796030,46.77,COc1ccccc1N1CCN(CCCN2C(=O)CC(c3ccccc3)CC2=O)CC1,Scientific Literature,Displacement of [125I]BE-2254 from human adrenergic alpha1A receptor expressed in HEK293 cells,B,Homo sapiens,,Eur J Med Chem,2011,Alpha-1a adrenergic receptor,Ki,nM,7.33,421.54,3.14
CHEMBL1796031,47.86,O=C1CC(c2ccccc2)CC(=O)N1CCCN1CCN(c2ccccc2Cl)CC1,Scientific Literature,Displacement of [125I]BE-2254 from human adrenergic alpha1A receptor expressed in HEK293 cells,B,Homo sapiens,,Eur J Med Chem,2011,Alpha-1a adrenergic receptor,Ki,nM,7.32,425.96,3.78
CHEMBL1956900,10000.0,c1ccc(C2COC(C3=NCCN3)CO2)cc1,Scientific Literature,Binding affinity to alpha1A adrenergic receptor,B,,,Bioorg Med Chem,2012,Alpha-1a adrenergic receptor,Ki,nM,,232.28,1.14
CHEMBL357681,4.82,CCNC(=O)C1=C(C)NC(C)=C(C(=O)NCCCN2CCC(C(=O)OC)(c3ccccc3)CC2)C1c1ccc([N+](=O)[O-])cc1,Scientific Literature,Binding affinity was determined for the alpha-1A adrenergic receptor,B,,,J Med Chem,1998,Alpha-1a adrenergic receptor,Ki,nM,8.32,603.72,3.68
CHEMBL392066,11.0,COc1ccc(F)cc1S(=O)(=O)N[C@H]1CC[C@H](N2CCN(c3ccccc3OC(C)C)CC2)CC1,Scientific Literature,Binding affinity to human cloned adrenergic alpha-1A receptor,B,Homo sapiens,,Bioorg Med Chem Lett,2007,Alpha-1a adrenergic receptor,Ki,nM,7.96,505.66,4.03
CHEMBL236832,8.7,COc1ccc(OC)c(S(=O)(=O)N[C@H]2CC[C@@H](N3CCN(c4ccccc4OC(C)C)CC3)CC2)c1,Scientific Literature,Binding affinity to human cloned adrenergic alpha-1A receptor,B,Homo sapiens,,Bioorg Med Chem Lett,2007,Alpha-1a adrenergic receptor,Ki,nM,8.06,517.69,3.9
CHEMBL3290012,0.8,O=S(=O)(NCCCCN1CCC(c2noc3cc(F)ccc23)CC1)c1cc2ccccc2s1,Scientific Literature,Displacement of [3H]prazosin from human recombinant alpha1A adrenoceptor expressed in CHO cells,B,Homo sapiens,,J Med Chem,2014,Alpha-1a adrenergic receptor,Ki,nM,9.1,487.62,5.12
CHEMBL56331,0.2512,Cc1c[nH]c(=O)n(CCCN2CCN(c3ccccc3OCC(F)(F)F)CC2)c1=O,Scientific Literature,Inhibition of [3H]prazosin binding to CHO-K1 whole cells expressing human cloned Alpha-1A adrenergic receptor,B,,,Bioorg Med Chem Lett,2003,Alpha-1a adrenergic receptor,Ki,nM,9.6,426.44,2.0
CHEMBL220515,1.318,COc1ccc(Cl)cc1N1CCN(CCn2c(C)nc3c([nH]c4ccccc43)c2=O)CC1,Scientific Literature,Displacement of [125I]BE2254 from human cloned adrenergic alpha 1A receptor expressed in HEK293 cells,B,Homo sapiens,,Bioorg Med Chem Lett,2006,Alpha-1a adrenergic receptor,Ki,nM,8.88,451.96,3.67
CHEMBL420205,0.32,CC(=O)c1c(-c2ccccc2)nn(C)c(=O)c1NCCN1CCN(c2ccccc2F)CC1,Scientific Literature,Binding affinity towards human cloned alpha-1A-adrenoceptor using [3H]prazosin as radioligand,B,,,J Med Chem,2001,Alpha-1a adrenergic receptor,Ki,nM,9.49,449.53,3.02
CHEMBL537218,3981.07,CC(C)(C)C(=O)N1CCN(c2ccc(OCCCN3CCCCC3)cc2)C(=O)C1.Cl,Scientific Literature,Antagonist activity at human recombinant adrenergic alpha 1A receptor expressed in Rat1 cells assessed as inhibition of phenylephrine-induced cellular calcium mobilization,F,Homo sapiens,,J Med Chem,2007,Alpha-1a adrenergic receptor,Ki,nM,,438.01,3.16
CHEMBL356584,0.2,CCC1=C(C(N)=O)C(c2ccc(F)c(F)c2)N(C(=O)NCCCN2CCC(C(=O)OC)(c3ccccc3)CC2)C(=O)N1,Scientific Literature,In vitro binding affinity against Alpha-1A adrenergic receptor of human liver microsomes.,B,,Liver,J Med Chem,1999,Alpha-1a adrenergic receptor,Ki,nM,9.7,583.64,3.49
CHEMBL304977,0.46,CC(C)Oc1ccccc1N1CCN(C[C@@H](O)CNC(=O)c2ccc3c(c2)C(=O)N(c2ccc(O)cc2)C3=O)CC1,Scientific Literature,Binding affinity towards cloned human alpha-1A adrenergic receptor was determined using [125]-HEAT as radioligand,B,,,J Med Chem,2000,Alpha-1a adrenergic receptor,Ki,nM,9.34,558.64,2.89
CHEMBL3104093,286.0,CN1CCc2c(c3cccc4c3n2CCc2ccccc2-4)C1,Scientific Literature,Displacement of [125I]HEAT from adrenergic alpha1A receptor (unknown origin),B,Homo sapiens,,Bioorg Med Chem Lett,2014,Alpha-1a adrenergic receptor,Ki,nM,6.54,288.39,3.85
CHEMBL342064,81.0,CCC1=C(C(N)=O)C(c2ccc(F)cc2F)N(C(=O)N2CCC(N3CCC(C(=O)OC)(c4ccccc4)CC3)CC2)C(=O)N1,Scientific Literature,In vitro binding affinity against alpha-1A adrenergic receptor of human liver microsomes,B,,Liver,J Med Chem,1999,Alpha-1a adrenergic receptor,Ki,nM,7.09,609.67,3.97
CHEMBL433284,0.37,COCC1=C(C(=O)OC)[C@H](c2ccc(F)c(F)c2)N(C(=O)N[C@@H]2CC[C@@H](N3CCC(C#N)(c4ccccc4)CC3)C2)C(=O)N1,Scientific Literature,Displacement of [125I]HEAT from human Alpha-1A adrenergic receptor stably expressed in CHO cells,B,,,Bioorg Med Chem Lett,2000,Alpha-1a adrenergic receptor,Ki,nM,9.43,607.66,4.29
CHEMBL300766,1.6,COCC1=C(C(=O)OC)[C@H](c2ccc(F)c(F)c2)N(C(=O)N[C@@H]2CC[C@H](N3CCN(c4ccccc4C#N)CC3)C2)C(=O)N1,Scientific Literature,Displacement of [125I]HEAT from human Alpha-1A adrenergic receptor stably expressed in CHO cells,B,,,Bioorg Med Chem Lett,2000,Alpha-1a adrenergic receptor,Ki,nM,8.8,608.65,3.43
CHEMBL1222552,3.981,C1=C(N2CCNCC2)c2nccn2Cc2ccccc21,Scientific Literature,Antagonist activity at human adrenergic alpha1A receptor assessed as intracellular calcium luminescence by cell based aequorin assay,F,Homo sapiens,,Bioorg Med Chem Lett,2010,Alpha-1a adrenergic receptor,Ki,nM,8.4,266.35,1.65
CHEMBL56974,0.9,COCC1=C(C(=O)OC)[C@H](c2ccc(F)c(F)c2)N(C(=O)N[C@@H]2CC[C@@H](N3CCN(c4ccccc4C#N)CC3)C2)C(=O)N1,Scientific Literature,Displacement of [125I]HEAT from human Alpha-1A adrenergic receptor stably expressed in CHO cells,B,,,Bioorg Med Chem Lett,2000,Alpha-1a adrenergic receptor,Ki,nM,9.05,608.65,3.43
CHEMBL278865,1.0,COc1ccccc1N1CCN(CCCNC(=O)c2cccc3c(=O)c(C)c(-c4ccccc4)oc23)CC1,Scientific Literature,Binding affinity was tested on human Alpha-1A adrenergic receptor,B,,,J Med Chem,1997,Alpha-1a adrenergic receptor,Ki,nM,9.0,511.62,4.72
CHEMBL543741,251.19,COc1ccccc1N1CCN(CCN2C(=O)CC3(CCCC3)CC2=O)CC1.Cl.Cl,Scientific Literature,Binding affinity was tested on human Alpha-1A adrenergic receptor,B,,,J Med Chem,1997,Alpha-1a adrenergic receptor,Ki,nM,6.6,458.43,2.53
CHEMBL96467,0.23,C[C@@H]1OC(=O)N(C(=O)NCCCN2CCC(c3ccc(F)cc3)CC2)[C@H]1c1ccc(F)c(F)c1,Scientific Literature,"Binding affinity towards Alpha1A dog adrenergic receptors, using [125I]HEAT as radioligand.",B,Canis lupus familiaris,,J Med Chem,2000,Alpha-1a adrenergic receptor,Ki,nM,9.64,475.51,4.97
CHEMBL358489,1.8,COC(=O)C1=C(C)NC(=O)N(C(=O)NCCCN2CCC(C(=O)OC)(c3ccccc3)CC2)C1c1cccc(C)c1,Scientific Literature,In vitro binding affinity against Alpha-1A adrenergic receptor of human liver microsomes.,B,,Liver,J Med Chem,1999,Alpha-1a adrenergic receptor,Ki,nM,8.74,562.67,3.81
CHEMBL5483012,1.995,COC(=O)C1=C(C)NC(C)=C(C(=O)NCCCN2CCC(c3ccccc3)(c3ccccc3)CC2)C1c1ccc([N+](=O)[O-])cc1.Cl,Scientific Literature,Binding affinity was tested on human Alpha-1A adrenergic receptor,B,,,J Med Chem,1997,Alpha-1a adrenergic receptor,Ki,nM,8.7,645.2,5.59
CHEMBL1178700,831.76,CN(CCOc1ccccc1)CC1COC(c2ccccc2)(c2ccccc2)O1,Scientific Literature,Binding affinity to adrenergic alpha1A receptor (unknown origin),B,Homo sapiens,,Med Chem Res,2011,Alpha-1a adrenergic receptor,Ki,nM,6.08,389.5,4.31
CHEMBL359375,63.0,CC1=C(C(N)=O)C(c2ccc([N+](=O)[O-])cc2)C(C(=O)NCCCN2CCC(C)(c3ccccc3)CC2)=C(C)N1,Scientific Literature,Binding affinity was determined for the alpha-1A adrenergic receptor,B,,,J Med Chem,1998,Alpha-1a adrenergic receptor,Ki,nM,7.2,531.66,3.87
CHEMBL2112779,4.98,COc1cccc(C2CCC(N3CCN(c4ccccc4OC)CC3)CC2)c1,Scientific Literature,Binding affinity was determined on human cloned Alpha-1A adrenoceptor,B,,,J Med Chem,2001,Alpha-1a adrenergic receptor,Ki,nM,8.3,380.53,4.55
CHEMBL1079065,1000.0,COc1ccc(OCCNCC2COC(c3ccccc3)(c3ccccc3)O2)cc1OC,Scientific Literature,Displacement of [3H]prazosin from human alpha1A adrenergic receptor expressed in CHO cells,B,Homo sapiens,,Bioorg Med Chem Lett,2010,Alpha-1a adrenergic receptor,Ki,nM,,435.52,3.99
CHEMBL1078773,2.089,CC(C)Oc1ccccc1OCCNCC1COC(c2ccccc2)(c2ccccc2)O1,Scientific Literature,Displacement of [3H]prazosin from human alpha1A adrenergic receptor expressed in CHO cells,B,Homo sapiens,,Bioorg Med Chem Lett,2010,Alpha-1a adrenergic receptor,Ki,nM,8.68,433.55,4.76
CHEMBL5191141,3.4,[2H]c1c([2H])c([2H])c([C@@H]2C[C@@H](N3CCN(C([2H])([2H])[2H])C(C)(C)C3)c3cc(Cl)ccc32)c([2H])c1[2H],Scientific Literature,Displacement of [3H]prazosin from recombinant human alpha1A receptor measured after 60 mins by scintillation counting analysis,B,Homo sapiens,,Bioorg Med Chem Lett,2022,Alpha-1a adrenergic receptor,Ki,nM,8.47,362.97,4.94
CHEMBL5201983,13.0,[2H]c1c([2H])c([2H])c([C@@H]2C[C@@H](N3CCNC(C)(C)C3)c3cc(Cl)ccc32)c([2H])c1[2H],Scientific Literature,Displacement of [3H]prazosin from recombinant human alpha1A receptor measured after 60 mins by scintillation counting analysis,B,Homo sapiens,,Bioorg Med Chem Lett,2022,Alpha-1a adrenergic receptor,Ki,nM,7.89,345.93,4.6
CHEMBL2234442,2.344,COc1cccc(OC)c1OCCN[C@H]1C[C@H](c2ccccc2)c2ccccc2S1,Scientific Literature,Binding affinity to adrenergic alpha1A receptor (unknown origin),B,Homo sapiens,,Med Chem Res,2011,Alpha-1a adrenergic receptor,Ki,nM,8.63,421.56,5.33
CHEMBL1796033,2.512,COc1ccccc1N1CCN(CCCCN2C(=O)CC(c3ccccc3)CC2=O)CC1,Scientific Literature,Antagonist activity at human adrenergic alpha1A receptor expressed in HEK293 cells assessed as inhibition of norepinephrine-induced [3H]inositol phosphate hydrolysis by scintillation counting,F,Homo sapiens,,Eur J Med Chem,2011,Alpha-1a adrenergic receptor,Ki,nM,8.6,435.57,3.53
CHEMBL68241,12.0,COC(=O)[C@@H]1CCCN1Cc1ccc(CN2CCN(c3ccccc3OC)CC2)s1,Scientific Literature,Displacement of [125I]HEAT from COS cell membranes expressing human Alpha-1A adrenergic receptor,B,Homo sapiens,,Bioorg Med Chem Lett,2002,Alpha-1a adrenergic receptor,Ki,nM,7.92,429.59,3.22
CHEMBL145719,4.6,COC(=O)C1=C(C)NC(=O)N(C(=O)NCCCN2CCC(c3cc(C)cc(C)c3)(c3cc(C)cc(C)c3)CC2)C1c1ccc(F)c(F)c1,Scientific Literature,In vitro binding affinity against alpha-1A adrenergic receptor of human liver microsomes,B,,Liver,J Med Chem,1999,Alpha-1a adrenergic receptor,Ki,nM,8.34,658.79,6.89
CHEMBL279436,1.862,CC1=C(C(N)=O)C(c2ccc([N+](=O)[O-])cc2)C(C(=O)NCCCN2CCC(c3ccccc3)(c3ccccc3)CC2)=C(C)N1,Scientific Literature,Binding affinity determined by displacement of [3H]prazosin from alpha-1A adrenergic receptor,B,,,J Med Chem,1998,Alpha-1a adrenergic receptor,Ki,nM,8.73,593.73,4.9
CHEMBL68699,3.05,CC(C)Oc1ccccc1N1CCN(CC(O)CNC(=O)c2ccc3c(c2)C(=O)N(c2ccc(C(C)(C)C)cc2)C3=O)CC1,Scientific Literature,Binding affinity towards cloned human alpha-1A adrenergic receptor was determined using [125]-HEAT as radioligand,B,,,J Med Chem,2000,Alpha-1a adrenergic receptor,Ki,nM,8.52,598.74,4.48
CHEMBL142398,0.2,COC(=O)C1=C(C)NC(=O)N(C(=O)NCCCN2CCN(c3ccccc3Cl)CC2)C1c1ccc(F)c(F)c1,Scientific Literature,In vitro binding affinity against Alpha-1A adrenergic receptor of human liver microsomes.,B,,Liver,J Med Chem,1999,Alpha-1a adrenergic receptor,Ki,nM,9.7,562.02,4.05
CHEMBL268030,53.0,CC(C)Oc1ccccc1N1CCN(CCN(C)C(=O)CN2CCCCC2=O)CC1,Scientific Literature,Binding affinity for human Alpha-1A adrenergic receptor expressed in COS cell membranes,B,Homo sapiens,,Bioorg Med Chem Lett,2000,Alpha-1a adrenergic receptor,Ki,nM,7.28,416.57,2.07
CHEMBL2234445,36.31,COc1ccccc1N1CCN(CC2CO[C@@H](c3cccc4ccccc34)O2)CC1,Scientific Literature,Binding affinity to adrenergic alpha1A receptor (unknown origin),B,Homo sapiens,,Med Chem Res,2011,Alpha-1a adrenergic receptor,Ki,nM,7.44,404.51,4.08
CHEMBL3349545,98.0,CCOC(=O)[C@H]1CN(CCCCN2C(=O)c3cc(Cl)ccc3S2(=O)=O)CC[C@H]1c1ccccc1,Scientific Literature,Binding affinity against human Alpha-1a adrenergic receptor was evaluated by cloned receptor binding assay,B,,,Bioorg Med Chem Lett,1998,Alpha-1a adrenergic receptor,Ki,nM,7.01,505.04,3.93
CHEMBL73392,21379.62,Brc1c(NC2=NCCS2)ccc2nccnc12,Scientific Literature,Binding affinity for human Alpha-1A adrenergic receptor from cultured LM(tk-) cells using [3H]-prazosin,B,Homo sapiens,,Bioorg Med Chem Lett,1995,Alpha-1a adrenergic receptor,Ki,nM,4.67,309.19,2.91
CHEMBL25554,0.37,COc1cccc(OC)c1OCCNCC1COc2ccccc2O1,Scientific Literature,Binding affinity against Alpha-1A adrenergic receptor from human clone,B,Homo sapiens,,J Med Chem,1995,Alpha-1a adrenergic receptor,Ki,nM,9.43,345.4,2.51
CHEMBL1927088,20.0,COc1ccccc1N1CCN(CCCN/C(=N\C#N)c2ccccn2)CC1,Scientific Literature,Binding affinity to alpha 1A adrenergic receptor (unknown origin) assessed as inhibition constant,B,Homo sapiens,,J Med Chem,2022,Alpha-1a adrenergic receptor,Ki,nM,7.7,378.48,2.12
CHEMBL71473,8.0,CC(C)Oc1ccccc1N1CCN(C[C@H](O)CNC(=O)c2ccc3c(c2)C(=O)N(c2cccc(F)c2)C3=O)CC1,Scientific Literature,Binding affinity towards cloned human alpha-1A adrenergic receptor was determined using [125]-HEAT as radioligand,B,,,J Med Chem,2000,Alpha-1a adrenergic receptor,Ki,nM,8.1,560.63,3.33
CHEMBL1630942,11.48,COc1ccc(C[C@@H](C)NC[C@@H]2Oc3ccccc3O[C@@H]2C)cc1S(N)(=O)=O,Scientific Literature,Displacement of [3H]prazosin from human alpha1A adrenoceptor expressed in CHO cells,B,Homo sapiens,,Eur J Med Chem,2010,Alpha-1a adrenergic receptor,Ki,nM,7.94,406.5,2.09
CHEMBL4205290,20.0,COc1ccccc1N1CCN(CCNC(=O)c2ccccn2)CC1,Scientific Literature,Binding affinity to alpha 1A adrenergic receptor (unknown origin) assessed as inhibition constant,B,Homo sapiens,,J Med Chem,2022,Alpha-1a adrenergic receptor,Ki,nM,7.7,340.43,1.64
CHEMBL1767139,794.33,CCOc1ccc(Cc2nn(C[C@H]3CCCN3C)c(=O)c3ccccc23)cc1,Scientific Literature,Binding affinity to human adrenergic alpha1A receptor expressed in rat intact fibroblasts,B,Homo sapiens,,J Med Chem,2011,Alpha-1a adrenergic receptor,Ki,nM,6.1,377.49,3.48
CHEMBL2153555,0.8913,COc1cccc(OC)c1OCCNC[C@H]1COc2cccc(Cl)c2O1.Cl,Scientific Literature,Displacement of [3H]prazosin from human cloned alpha1A adrenoceptor expressed in CHO cell membranes after 30 mins by liquid scintillation counter,B,Homo sapiens,,Eur J Med Chem,2012,Alpha-1a adrenergic receptor,Ki,nM,9.05,416.3,3.17
CHEMBL78785,2.59,COc1ccccc1N1CCN(CCCNc2cc(-c3ccccc3)nn(C)c2=O)CC1,Scientific Literature,Binding affinity towards human cloned alpha-1A-adrenoceptor using [3H]prazosin as radioligand,B,,,J Med Chem,2001,Alpha-1a adrenergic receptor,Ki,nM,8.59,433.56,3.08
CHEMBL80109,28.0,O=C1CCCN1Cc1cc(CN2CCN(c3ccccc3Oc3ccccc3)CC2)on1,Scientific Literature,Displacement of [125I]HEAT from human Alpha-1A adrenergic receptor,B,Homo sapiens,,Bioorg Med Chem Lett,2002,Alpha-1a adrenergic receptor,Ki,nM,7.55,432.52,3.91
CHEMBL142251,0.1,CCOc1ccccc1N1CCN(CCCNC(=O)N2C(=O)NC(C)=C(C(=O)OC)C2c2ccc(F)c(F)c2)CC1,Scientific Literature,In vitro binding affinity against Alpha-1A adrenergic receptor of human liver microsomes.,B,,Liver,J Med Chem,1999,Alpha-1a adrenergic receptor,Ki,nM,10.0,571.63,3.8
CHEMBL2051956,4.7,COC(=O)C1=C(C)NC(C)=C(C(=O)OCCCN2CCC(c3ccccc3)(c3ccccc3)CC2)[C@@H]1c1cccc([N+](=O)[O-])c1,Scientific Literature,Ability to displace [3H]prazosin from cloned human Alpha-1A adrenergic receptor,B,,,J Med Chem,1995,Alpha-1a adrenergic receptor,Ki,nM,8.33,609.72,6.02
CHEMBL67932,128.0,COc1ccccc1N1CCN(Cc2ccc(Br)s2)CC1,Scientific Literature,Displacement of [125I]HEAT from COS cell membranes expressing human Alpha-1A adrenergic receptor,B,Homo sapiens,,Bioorg Med Chem Lett,2002,Alpha-1a adrenergic receptor,Ki,nM,6.89,367.31,3.84
CHEMBL145072,0.1,COCC1=C(C(=O)OC)C(c2cc(F)c(F)cc2F)N(C(=O)NCCCN2CCN(c3ccccc3C(N)=O)CC2)C(=O)N1,Scientific Literature,In vitro binding affinity against Alpha-1A adrenergic receptor of human liver microsomes.,B,,Liver,J Med Chem,1999,Alpha-1a adrenergic receptor,Ki,nM,10.0,618.61,2.26
CHEMBL418926,100.0,CCOC(=O)[C@H]1CN(CCCCN2C(=O)c3cc(Cl)ccc3S2(=O)=O)CC[C@@H]1c1ccccc1,Scientific Literature,Binding affinity against human Alpha-1a adrenergic receptor was evaluated by cloned receptor binding assay,B,,,Bioorg Med Chem Lett,1998,Alpha-1a adrenergic receptor,Ki,nM,7.0,505.04,3.93
CHEMBL146654,0.1,COC(=O)C1=C(C)NC(=O)N(C(=O)NCCCN2CCN(c3ccccc3OC)CC2)C1c1ccc(F)c(F)c1,Scientific Literature,In vitro binding affinity against Alpha-1A adrenergic receptor of human liver microsomes.,B,,Liver,J Med Chem,1999,Alpha-1a adrenergic receptor,Ki,nM,10.0,557.6,3.41
CHEMBL37883,37.15,O=C(O)C(=O)O.c1ccc(OCCNCC2COC(c3ccccc3)(c3ccccc3)O2)cc1,Scientific Literature,Affinity constant towards human recombinant Alpha-1A adrenergic receptor using [3H]prazosin (from CHO cells) as radioligand by radioligand binding assay,B,,,J Med Chem,2003,Alpha-1a adrenergic receptor,Ki,nM,7.43,465.5,3.97
CHEMBL180561,1.87,CC1=C(C(N)=O)C(c2ccc([N+](=O)[O-])cc2)C(C(=O)NCCCCN2CCC(c3ccccc3)(c3ccccc3)CC2)=C(C)N1,Scientific Literature,Binding affinity against human Alpha-1a adrenergic receptor,B,,,Bioorg Med Chem Lett,1999,Alpha-1a adrenergic receptor,Ki,nM,8.73,607.76,5.29
CHEMBL342543,0.3,COC(=O)C1=C(C)NC(=O)N(C(=O)NCCCN2CCC(OC(C)=O)(c3ccccc3)CC2)C1c1ccc(F)c(F)c1,Scientific Literature,In vitro binding affinity against alpha-1A adrenergic receptor of human liver microsomes,B,,Liver,J Med Chem,1999,Alpha-1a adrenergic receptor,Ki,nM,9.52,584.62,4.13
CHEMBL3342857,6.457,COc1ccccc1N1CCN(CC2COC3(CCN(c4ccccc4)CC3)O2)CC1,Scientific Literature,Displacement of [3H]prazosin from human recombinant alpha1A adrenoceptor expressed in CHO cells after 30 mins by liquid scintillation counting,B,Homo sapiens,,Eur J Med Chem,2014,Alpha-1a adrenergic receptor,Ki,nM,8.19,423.56,3.23
CHEMBL44288,570.0,Cc1ccc(C(C(=O)NCCCN2CCC(C(N)=O)(c3ccccc3)CC2)c2ccc(C)cc2)cc1,Scientific Literature,Inhibition of binding of [125I]HEAT to cloned human alpha-1A adrenergic receptor.,B,,,Bioorg Med Chem Lett,2000,Alpha-1a adrenergic receptor,Ki,nM,6.24,483.66,4.46
CHEMBL420578,20.0,Cc1cc(C)c2oc(=O)n(C3CCN(CCCCN4C(=O)c5ccccc5S4(=O)=O)CC3)c2c1,Scientific Literature,Ability to displace beta ([125I]-iodo-4-hydroxyphenyl)-ethylamino methyl tetralone from human cloned Alpha-1a adrenergic receptor stably expressed in Chinese Hamster Ovary (CHO) cells,B,Homo sapiens,,Bioorg Med Chem Lett,1998,Alpha-1a adrenergic receptor,Ki,nM,7.7,483.59,3.47
CHEMBL3342867,4.571,COc1ccccc1N1CCN(CC2COC3(CCN(S(=O)(=O)c4ccc(C)cc4)CC3)O2)CC1,Scientific Literature,Displacement of [3H]prazosin from human recombinant alpha1A adrenoceptor expressed in CHO cells after 30 mins by liquid scintillation counting,B,Homo sapiens,,Eur J Med Chem,2014,Alpha-1a adrenergic receptor,Ki,nM,8.34,501.65,2.72
CHEMBL99864,5.1,CCC1=C(C(N)=O)C(c2ccc([N+](=O)[O-])cc2)C(C(=O)NCCCN2CCC(c3ccccc3)(c3ccccc3)CC2)=C(CCCCOC)N1,Scientific Literature,Binding affinity against human Alpha-1a adrenergic receptor,B,,,Bioorg Med Chem Lett,1999,Alpha-1a adrenergic receptor,Ki,nM,8.29,679.86,6.09
CHEMBL359430,22.0,COC(=O)C1=C(C)N=C(C)N(CCC[C@@H](C)CN2CCC(C#N)(c3ccccc3)CC2)C1c1ccc(F)c(F)c1,Scientific Literature,Binding affinity against Alpha-1A adrenergic receptor (recombinant human receptor) using [3H]prazosin.,B,,,J Med Chem,1999,Alpha-1a adrenergic receptor,Ki,nM,7.66,548.68,6.16
CHEMBL300540,0.24,COCC1=C(C(=O)OC)[C@H](c2ccc(F)c(F)c2)N(C(=O)N[C@@H]2CC[C@H](N3CCC(c4ccccc4C#N)CC3)C2)C(=O)N1,Scientific Literature,Displacement of [125I]HEAT from human Alpha-1A adrenergic receptor stably expressed in CHO cells,B,,,Bioorg Med Chem Lett,2000,Alpha-1a adrenergic receptor,Ki,nM,9.62,607.66,4.49
CHEMBL481322,83.0,COCc1c(Cl)ccc2c1CC[C@H]2c1ncc[nH]1,Scientific Literature,Binding affinity to adrenergic alpha1A receptor,B,,,Bioorg Med Chem Lett,2008,Alpha-1a adrenergic receptor,Ki,nM,7.08,262.74,3.29
CHEMBL1632158,10000.0,COC(=O)CCCCCN1CCC(CNC(=O)c2c3n(c4ccccc24)CCCO3)CC1,Scientific Literature,Binding affinity to alpha1A adrenergic receptor,B,,,Bioorg Med Chem,2010,Alpha-1a adrenergic receptor,Ki,nM,,441.57,3.6
CHEMBL2153554,16.6,COc1cccc(OC)c1OCCNC[C@@H]1COc2cccc(OC)c2O1.Cl,Scientific Literature,Displacement of [3H]prazosin from human cloned alpha1A adrenoceptor expressed in CHO cell membranes after 30 mins by liquid scintillation counter,B,Homo sapiens,,Eur J Med Chem,2012,Alpha-1a adrenergic receptor,Ki,nM,7.78,411.88,2.52
CHEMBL3342860,10.23,COc1ccccc1N1CCN(CC2COC3(CCN(C(=O)c4ccc(C(F)(F)F)cc4)CC3)O2)CC1,Scientific Literature,Displacement of [3H]prazosin from human recombinant alpha1A adrenoceptor expressed in CHO cells after 30 mins by liquid scintillation counting,B,Homo sapiens,,Eur J Med Chem,2014,Alpha-1a adrenergic receptor,Ki,nM,7.99,519.56,3.88
CHEMBL1796050,10.0,COc1ccccc1N1CCN(CCCCN2C(=O)CC3(CCc4ccccc43)CC2=O)CC1,Scientific Literature,Antagonist activity at human adrenergic alpha1A receptor expressed in HEK293 cells assessed as inhibition of norepinephrine-induced [3H]inositol phosphate hydrolysis by scintillation counting,F,Homo sapiens,,Eur J Med Chem,2011,Alpha-1a adrenergic receptor,Ki,nM,8.0,461.61,3.63
CHEMBL1774991,78.0,COc1ccccc1N1CCN(CCN(C(=O)C23C4C5C2C2C3C4C52I)c2ccccn2)CC1,Scientific Literature,Inhibition of adrenergic alpha1A receptor,B,,,J Med Chem,2011,Alpha-1a adrenergic receptor,Ki,nM,7.11,568.46,3.17
CHEMBL214506,234.42,COc1cc(-c2ccccc2)ccc1OCCNC[C@@H]1COc2ccccc2O1.Cl,Scientific Literature,Displacement of [3H]prazosin from cloned human adrenergic alpha 1A receptor expressed in CHO cells,B,Homo sapiens,,J Med Chem,2006,Alpha-1a adrenergic receptor,Ki,nM,6.63,427.93,4.17
CHEMBL215151,1.202,COc1cccc(-c2ccccc2)c1OCCNC[C@H]1COc2ccccc2O1.Cl,Scientific Literature,Displacement of [3H]prazosin from cloned human adrenergic alpha 1A receptor expressed in CHO cells,B,Homo sapiens,,J Med Chem,2006,Alpha-1a adrenergic receptor,Ki,nM,8.92,427.93,4.17
CHEMBL218079,25.12,COc1cccc(OC)c1OCCNC[C@H]1COc2cc3c(cc2O1)CCCC3.Cl,Scientific Literature,Displacement of [3H]prazosin from cloned human adrenergic alpha 1A receptor expressed in CHO cells,B,Homo sapiens,,J Med Chem,2006,Alpha-1a adrenergic receptor,Ki,nM,7.6,435.95,3.39
CHEMBL3217984,501.19,CN1CCC2C(C1)c1cccc3c1N2c1ccccc1CS3,Scientific Literature,Binding affinity to adrenergic alpha1A receptor (unknown origin) by PDSP assay,B,Homo sapiens,,Medchemcomm,2012,Alpha-1a adrenergic receptor,Ki,nM,6.3,308.45,4.23
CHEMBL91179,500.0,O=C1NC(C(F)(F)F)=C(C(=O)NCCCN2CCC(c3ccccn3)CC2)[C@@H](c2ccc(F)c(F)c2)N1,Scientific Literature,Evaluated for the ability to displace [125I]- HEAT from human cloned Alpha-1A adrenergic receptor stably expressed in CHO cells.,B,,,J Med Chem,2000,Alpha-1a adrenergic receptor,Ki,nM,6.3,523.51,3.92
CHEMBL302882,140.0,CN1C[C@H](c2c[nH]c3c(Br)c(Br)cc(O)c23)NC[C@H]1c1c[nH]c2cc(Br)ccc12,Scientific Literature,Compound was tested for its binding affinity towards CHO cells expressing human Alpha-1a adrenergic receptor by displacing [125I]HEAT (2-beta-(4-hydroxyphenyl)-ethylaminomethyltetralone),B,,,Bioorg Med Chem Lett,1996,Alpha-1a adrenergic receptor,Ki,nM,6.85,583.12,5.96
CHEMBL358253,6.17,CNC(=O)C1=C(C)NC(C)=C(C(=O)NCCCN2CCC(c3ccccc3)CC2)C1c1ccc([N+](=O)[O-])cc1,Scientific Literature,Binding affinity was determined for the alpha-1A adrenergic receptor,B,,,J Med Chem,1998,Alpha-1a adrenergic receptor,Ki,nM,8.21,531.66,3.96
CHEMBL343283,18.95,COc1cc2nc(N3CCN(C(=O)COc4ccccc4OC)CC3)nc(N)c2cc1OC,Scientific Literature,The binding affinity towards Alpha-1C adrenergic receptor in the COS cell line.,B,,,J Med Chem,1999,Alpha-1a adrenergic receptor,Ki,nM,7.72,453.5,1.97
CHEMBL1796033,1.82,COc1ccccc1N1CCN(CCCCN2C(=O)CC(c3ccccc3)CC2=O)CC1,Scientific Literature,Displacement of [125I]BE-2254 from human adrenergic alpha1A receptor expressed in HEK293 cells,B,Homo sapiens,,Eur J Med Chem,2011,Alpha-1a adrenergic receptor,Ki,nM,8.74,435.57,3.53
CHEMBL1796043,20.89,COc1ccccc1N1CCN(CCCCN2C(=O)CC(c3ccc([N+](=O)[O-])cc3)CC2=O)CC1,Scientific Literature,Displacement of [125I]BE-2254 from human adrenergic alpha1A receptor expressed in HEK293 cells,B,Homo sapiens,,Eur J Med Chem,2011,Alpha-1a adrenergic receptor,Ki,nM,7.68,480.57,3.44
CHEMBL2153559,23.99,COc1cccc(OC)c1OCCNC[C@H]1COc2c(OC)cccc2O1.Cl,Scientific Literature,Displacement of [3H]prazosin from human cloned alpha1A adrenoceptor expressed in CHO cell membranes after 30 mins by liquid scintillation counter,B,Homo sapiens,,Eur J Med Chem,2012,Alpha-1a adrenergic receptor,Ki,nM,7.62,411.88,2.52
CHEMBL2153560,812.83,COc1cccc(OC)c1OCCNC[C@@H]1COc2c(OC)cccc2O1.Cl,Scientific Literature,Displacement of [3H]prazosin from human cloned alpha1A adrenoceptor expressed in CHO cell membranes after 30 mins by liquid scintillation counter,B,Homo sapiens,,Eur J Med Chem,2012,Alpha-1a adrenergic receptor,Ki,nM,6.09,411.88,2.52
CHEMBL2146809,199.53,CN1CCC[C@@H]1Cn1nc(Cc2ccc(Cl)cc2)c2ncccc2c1=O,Scientific Literature,Antagonist activity at human adrenergic alpha1A receptor expressed in rat fibroblasts by by plate-based calcium imaging,F,Homo sapiens,,Bioorg Med Chem,2012,Alpha-1a adrenergic receptor,Ki,nM,6.7,368.87,3.13
CHEMBL214986,11.22,COc1cccc(OC)c1OCCNC[C@@H]1COc2ccccc2O1.Cl,Scientific Literature,Displacement of [3H]prazosin from human cloned alpha1A adrenoceptor expressed in CHO cell membranes after 30 mins by liquid scintillation counter,B,Homo sapiens,,Eur J Med Chem,2012,Alpha-1a adrenergic receptor,Ki,nM,7.95,381.86,2.51
CHEMBL2153552,66.07,COc1cccc(OC)c1OCCNC[C@@H]1COc2cccc(O)c2O1.Cl,Scientific Literature,Displacement of [3H]prazosin from human cloned alpha1A adrenoceptor expressed in CHO cell membranes after 30 mins by liquid scintillation counter,B,Homo sapiens,,Eur J Med Chem,2012,Alpha-1a adrenergic receptor,Ki,nM,7.18,397.86,2.22
CHEMBL2153557,0.6457,COc1cccc(OC)c1OCCNC[C@H]1COc2cccc(F)c2O1.Cl,Scientific Literature,Displacement of [3H]prazosin from human cloned alpha1A adrenoceptor expressed in CHO cell membranes after 30 mins by liquid scintillation counter,B,Homo sapiens,,Eur J Med Chem,2012,Alpha-1a adrenergic receptor,Ki,nM,9.19,399.85,2.65
CHEMBL3342869,8.913,COc1ccccc1N1CCN(CC2COC3(CCN(S(=O)(=O)c4ccc(OC(F)(F)F)cc4)CC3)O2)CC1,Scientific Literature,Displacement of [3H]prazosin from human recombinant alpha1A adrenoceptor expressed in CHO cells after 30 mins by liquid scintillation counting,B,Homo sapiens,,Eur J Med Chem,2014,Alpha-1a adrenergic receptor,Ki,nM,8.05,571.62,3.31
CHEMBL3343979,7.0,Cc1cccc2c(NCCNc3ccnc4c(C)cccc34)ccnc12,Scientific Literature,Binding affinity to human alpha1A adrenergic receptor transfected in COS1 cells assessed as compound required to occupy 50% of receptor,B,Homo sapiens,,Bioorg Med Chem,2014,Alpha-1a adrenergic receptor,Ki,nM,8.15,342.45,4.92
CHEMBL3343980,617.0,Cc1ccc2nccc(NCCCCCCCNc3ccnc4ccc(C)cc34)c2c1,Scientific Literature,Binding affinity to human alpha1A adrenergic receptor transfected in COS1 cells assessed as compound required to occupy 50% of receptor,B,Homo sapiens,,Bioorg Med Chem,2014,Alpha-1a adrenergic receptor,Ki,nM,6.21,412.58,6.87
CHEMBL98241,14900.0,C[C@H](CN1CCN(c2cc(F)c(F)cc2F)CC1)N1C(=O)CC2(CCCC2)CC1=O,Scientific Literature,Binding affinity for human Alpha-1A adrenergic receptor,B,Homo sapiens,,Bioorg Med Chem Lett,2001,Alpha-1a adrenergic receptor,Ki,nM,4.83,423.48,3.32
CHEMBL342347,20.0,COC(=O)C1=C(C)N=C(C)N(CCC[C@@H](C)CN2CCN(c3ccccc3C(N)=O)CC2)C1c1ccc(F)c(F)c1,Scientific Literature,Binding affinity against Alpha-1A adrenergic receptor (recombinant human receptor) using [3H]prazosin.,B,,,J Med Chem,1999,Alpha-1a adrenergic receptor,Ki,nM,7.7,567.68,4.52
CHEMBL3342876,12.59,COc1ccccc1N1CCN(CC2COC3(CCN(C(=O)NC(C)(C)C)CC3)O2)CC1,Scientific Literature,Displacement of [3H]prazosin from human recombinant alpha1A adrenoceptor expressed in CHO cells after 30 mins by liquid scintillation counting,B,Homo sapiens,,Eur J Med Chem,2014,Alpha-1a adrenergic receptor,Ki,nM,7.9,446.59,2.53
CHEMBL3298747,7.079,COc1ccccc1N1CCN(CCn2c(=O)[nH]c3c(sc4ccc(NC(=O)CCCc5ccccc5)cc43)c2=O)CC1,Scientific Literature,Displacement of [125I]BE2254 from human alpha1a receptor expressed in HEK293 cells,B,Homo sapiens,,Eur J Med Chem,2014,Alpha-1a adrenergic receptor,Ki,nM,8.15,597.74,4.7
CHEMBL3298021,3.388,COc1ccccc1N1CCN(CCn2c(C)nc3c(sc4ccc(NC(=O)Cc5ccccc5)cc43)c2=O)CC1,Scientific Literature,Displacement of [125I]BE2254 from human alpha1a receptor expressed in HEK293 cells,B,Homo sapiens,,Eur J Med Chem,2014,Alpha-1a adrenergic receptor,Ki,nM,8.47,567.72,4.93
CHEMBL2432045,10000.0,c1ccc(CN[C@H]2C3C4CC5C6C4CC3C6C52)cc1,Scientific Literature,Inhibition of adrenergic alpha1A receptor (unknown origin) by PDSP assay,B,Homo sapiens,,Bioorg Med Chem,2013,Alpha-1a adrenergic receptor,Ki,nM,,251.37,2.92
CHEMBL2024517,242.57,CN(C)C(=O)N[C@H]1CC[C@H](CCN2CCN(c3cccc(Cl)c3Cl)CC2)CC1.Cl,EUbOPEN Chemogenomic Library,"PDSP Secondary Binding target: ADRA1A - Compounds are tested at 10 uM concentration, plate are incubated at room temperature in the dark for 90 minutes. Reaction are stopped by vacuum filtration onto 0.3% polyethyleneimine soaked filter mats using Filtermate harvester. Scintillation cocktail is then melted onto microwave-dried filters on a hot plate and the radio activity is counted in Microbia counter. Compounds showing a minimum of 50% inhibition at 10 uM concentration are carried forward in this secondary binding assay to determine equilibrium binding affinity.",B,Homo sapiens,,,2024,Alpha-1a adrenergic receptor,Ki,nM,6.62,463.88,4.34
CHEMBL356584,0.2,CCC1=C(C(N)=O)C(c2ccc(F)c(F)c2)N(C(=O)NCCCN2CCC(C(=O)OC)(c3ccccc3)CC2)C(=O)N1,Scientific Literature,In vitro binding affinity against Alpha-1A adrenergic receptor of human liver microsomes.,B,,Liver,J Med Chem,1999,Alpha-1a adrenergic receptor,Ki,nM,9.7,583.64,3.49
CHEMBL272340,38.0,COc1ccccc1NC(=O)NC1CCC(N2CCN(c3ccccc3OC(C)C)CC2)CC1,Scientific Literature,Displacement of [125I]HEAT from human recombinant adrenergic alpha1A receptor,B,Homo sapiens,,Bioorg Med Chem Lett,2008,Alpha-1a adrenergic receptor,Ki,nM,7.42,466.63,4.74
CHEMBL4216870,1770.0,NCCCCCCn1cc(CCCCN2CCC(c3ccc(-c4cc(C(=O)O)cc5cc(-c6ccc(C(F)(F)F)cc6)ccc45)cc3)CC2)nn1,Scientific Literature,Displacement of [3H]-Prazosin from human adrenergic alpha1A receptor after 90 mins by scintillation counting method,B,Homo sapiens,,J Med Chem,2018,Alpha-1a adrenergic receptor,Ki,nM,5.75,697.85,9.2
CHEMBL4075507,114.82,Clc1ccccc1OCCNCC1COCC(c2ccccc2)(c2ccccc2)O1,Scientific Literature,Displacement of [3H]prazosin from recombinant human alpha-1a adrenergic receptor expressed in CHO cell membranes after 30 mins by liquid scintillation counting method,A,Homo sapiens,,Eur J Med Chem,2017,Alpha-1a adrenergic receptor,Ki,nM,6.94,423.94,4.67
CHEMBL2205829,10000.0,OC12C3C4CC5C6C4C1C6C(C53)N2Cc1ccc2c(c1)OCO2,Scientific Literature,Binding affinity to alpha1A adrenergic,B,,,Bioorg Med Chem Lett,2012,Alpha-1a adrenergic receptor,Ki,nM,,309.37,1.68
CHEMBL3740374,11.22,COc1cccc(OC)c1OCCNC[C@@H]1COc2ccccc2O1.O=C(O)C(=O)O,Scientific Literature,Displacement of [3H]prazosin from human recombinant alpha1A adrenoceptor expressed in CHO cell membrane after 30 mins by liquid scintillation counting,B,Homo sapiens,,Medchemcomm,2015,Alpha-1a adrenergic receptor,Ki,nM,7.95,435.43,2.51
CHEMBL257077,5.1,CC(C)Oc1ccccc1N1CCN(C2CCC(NC(=O)Nc3cccc(Cl)c3)CC2)CC1,Scientific Literature,Displacement of [125I]HEAT from human recombinant adrenergic alpha1A receptor,B,Homo sapiens,,Bioorg Med Chem Lett,2008,Alpha-1a adrenergic receptor,Ki,nM,8.29,471.05,5.38
CHEMBL94188,0.07,N#Cc1cc(F)ccc1C1CCN(CCCNC(=O)C2=CNC(=O)N[C@@H]2c2ccc(F)c(F)c2)CC1,Scientific Literature,Evaluated for the ability to displace [125I]- HEAT from human cloned Alpha-1A adrenergic receptor stably expressed in CHO cells.,B,,,J Med Chem,2000,Alpha-1a adrenergic receptor,Ki,nM,10.15,497.52,3.6
CHEMBL439197,4.0,O=S(=O)(N[C@H]1CC[C@@H](N2CCC(c3ccccc3OCC(F)(F)F)CC2)CC1)c1ccc2c(c1)OCCO2,Scientific Literature,Binding affinity to human cloned adrenergic alpha-1a receptor,B,Homo sapiens,,Bioorg Med Chem Lett,2007,Alpha-1a adrenergic receptor,Ki,nM,8.4,554.63,4.87
CHEMBL2153551,2.188,COc1cccc(OC)c1OCCNC[C@H]1COc2cccc(O)c2O1.Cl,Scientific Literature,Displacement of [3H]prazosin from human cloned alpha1A adrenoceptor expressed in CHO cell membranes after 30 mins by liquid scintillation counter,B,Homo sapiens,,Eur J Med Chem,2012,Alpha-1a adrenergic receptor,Ki,nM,8.66,397.86,2.22
CHEMBL537403,20.0,COc1ccccc1N1CCN(CCN(C(=O)C2CCCCC2)c2ccccn2)CC1.Cl.Cl.Cl,Scientific Literature,Displacement of [3H]prazosin from alpha1A receptor expressed in HEK293 EBNA cells by radioligand binding assay,B,,,Eur J Med Chem,2011,Alpha-1a adrenergic receptor,Ki,nM,7.7,531.96,3.83
CHEMBL3917316,1000.0,c1ccc(OCCNCC2CSC3(CCCCC3)S2)cc1,Scientific Literature,Displacement of [3H]prazosin from recombinant human alpha1a adrenergic receptor expressed in CHO cell membranes after 30 mins by TopCount liquid scintillation counting method,B,Homo sapiens,,Eur J Med Chem,2017,Alpha-1a adrenergic receptor,Ki,nM,,323.53,4.16
CHEMBL2234449,95.49,COc1cc2nc3c(c(N)c2cc1OC)CCC(CNC(=O)c1ccoc1)C3,Scientific Literature,Binding affinity to adrenergic alpha1A receptor (unknown origin),B,Homo sapiens,,Med Chem Res,2011,Alpha-1a adrenergic receptor,Ki,nM,7.02,381.43,2.96
CHEMBL2234445,36.3,COc1ccccc1N1CCN(CC2CO[C@@H](c3cccc4ccccc34)O2)CC1,Scientific Literature,Binding affinity to adrenergic alpha1A receptor (unknown origin),B,Homo sapiens,,Med Chem Res,2011,Alpha-1a adrenergic receptor,Ki,nM,7.44,404.51,4.08
CHEMBL298595,236.08,O=C1CC2(CCCC2)CC(=O)N1CCN1CCCN(c2ccccc2Cl)CC1,Scientific Literature,Binding affinity to adrenergic alpha1A receptor (unknown origin),B,Homo sapiens,,Med Chem Res,2011,Alpha-1a adrenergic receptor,Ki,nM,6.63,403.95,3.56
CHEMBL1178679,24.54,C[N+](C)(CCOc1ccccc1)CC1COC(c2ccccc2)(c2ccccc2)O1,Scientific Literature,Binding affinity to adrenergic alpha1A receptor (unknown origin),B,Homo sapiens,,Med Chem Res,2011,Alpha-1a adrenergic receptor,Ki,nM,7.61,404.53,4.46
CHEMBL197442,0.316,COc1cccc(OC)c1OCCNCCOc1ccccc1OCc1cccc([N+](=O)[O-])c1,Scientific Literature,Binding affinity to adrenergic alpha1A receptor (unknown origin),B,Homo sapiens,,Med Chem Res,2011,Alpha-1a adrenergic receptor,Ki,nM,9.5,468.51,4.24
CHEMBL2234457,537.03,c1ccc(OCCN[C@H]2CO[C@H](c3ccccc3)CO2)cc1,Scientific Literature,Binding affinity to adrenergic alpha1A receptor (unknown origin),B,Homo sapiens,,Med Chem Res,2011,Alpha-1a adrenergic receptor,Ki,nM,6.27,299.37,2.77
CHEMBL2234446,7.943,COc1ccccc1N1CCN(CC2CO[C@H](c3cccc4ccccc34)O2)CC1,Scientific Literature,Binding affinity to adrenergic alpha1A receptor (unknown origin),B,Homo sapiens,,Med Chem Res,2011,Alpha-1a adrenergic receptor,Ki,nM,8.1,404.51,4.08
CHEMBL4213747,1800.0,CS(=O)(=O)c1ccc(Cl)cc1CNCCOc1cc(F)ccc1Cl.Cl,Scientific Literature,Displacement of 7-methoxy-[3H]-prazosin from human alpha1A-adrenoreceptor expressed in CHOK1 cell membranes after 60 mins by TopCount liquid scintillation counting method,B,Homo sapiens,,Eur J Med Chem,2017,Alpha-1a adrenergic receptor,Ki,nM,5.75,428.74,3.7
CHEMBL4214499,150.0,CS(=O)(=O)c1ccccc1CCNCCOc1cc(F)ccc1Cl,Scientific Literature,Displacement of 7-methoxy-[3H]-prazosin from human alpha1A-adrenoreceptor expressed in CHOK1 cell membranes after 60 mins by TopCount liquid scintillation counting method,B,Homo sapiens,,Eur J Med Chem,2017,Alpha-1a adrenergic receptor,Ki,nM,6.82,371.86,3.09
CHEMBL29591,0.4169,COc1cc2nc(N(C)CCSSCCN(C)C(=O)c3ccco3)nc(N)c2cc1OC,Scientific Literature,Binding affinity at human cloned Alpha-1A adrenergic receptor in chinese hamster ovary cells by [3H]-prazosin displacement.,B,,,J Med Chem,1998,Alpha-1a adrenergic receptor,Ki,nM,9.38,477.61,3.41
CHEMBL138109,14.6,COc1cccc2c(CCCNCCOc3ccccn3)cccc12,Scientific Literature,Binding affinity was determined on human cloned Alpha-1A adrenoceptor,B,,,J Med Chem,2001,Alpha-1a adrenergic receptor,Ki,nM,7.84,336.44,3.84
CHEMBL3935303,1995.26,O=C(O)CCc1ccc2cccc(N3CCN(CCc4ccc(OCCCN5CCCCCC5)cc4)CC3)c2n1,Scientific Literature,Antagonist activity at adrenergic alpha1A receptor (unknown origin) expressed in Rat1 cells assessed as inhibition of phenylephrine-induced Ca2+ flux preincubated for 30 mins followed by phenylephrine addition by Fluo-4-AM-dye based FLIPR assay,A,Homo sapiens,,Bioorg Med Chem Lett,2016,Alpha-1a adrenergic receptor,Ki,nM,,544.74,5.26
CHEMBL3341769,16.98,COc1ccccc1N1CCN(CC2COC3(CCOCC3)O2)CC1,Scientific Literature,Displacement of [3H]prazosin from human recombinant alpha1A adrenoceptor expressed in CHO cells after 30 mins by liquid scintillation counting,B,Homo sapiens,,Eur J Med Chem,2014,Alpha-1a adrenergic receptor,Ki,nM,7.77,348.44,1.74
CHEMBL3342871,3.02,COc1ccccc1N1CCN(CC2COC3(CCN(S(=O)(=O)c4cccc([N+](=O)[O-])c4)CC3)O2)CC1,Scientific Literature,Displacement of [3H]prazosin from human recombinant alpha1A adrenoceptor expressed in CHO cells after 30 mins by liquid scintillation counting,B,Homo sapiens,,Eur J Med Chem,2014,Alpha-1a adrenergic receptor,Ki,nM,8.52,532.62,2.32
CHEMBL3342873,18.62,COc1ccccc1N1CCN(CC2COC3(CCN(S(C)(=O)=O)CC3)O2)CC1,Scientific Literature,Displacement of [3H]prazosin from human recombinant alpha1A adrenoceptor expressed in CHO cells after 30 mins by liquid scintillation counting,B,Homo sapiens,,Eur J Med Chem,2014,Alpha-1a adrenergic receptor,Ki,nM,7.73,425.55,0.98
CHEMBL1223858,272.0,FC(F)(F)c1cccc(N2CCN(CCCCNc3ncc(-c4ccccc4)o3)CC2)c1,Scientific Literature,Displacement of [3H]prazosin from human adrenergic alpha1A receptor,B,Homo sapiens,,Bioorg Med Chem Lett,2010,Alpha-1a adrenergic receptor,Ki,nM,6.57,444.5,5.37
CHEMBL418112,1.585,COc1c[nH]c(=O)n(CCCN2CCN(c3ccc(F)cc3OCC(F)(F)F)CC2)c1=O,Scientific Literature,Inhibition of [3H]prazosin binding to CHO-K1 whole cells expressing human cloned Alpha-1A adrenergic receptor,B,,,Bioorg Med Chem Lett,2003,Alpha-1a adrenergic receptor,Ki,nM,8.8,460.43,1.84
CHEMBL434228,8.17,COc1cc2nc(N3CCN(C(=O)CC(=O)c4ccccc4)CC3)nc(N)c2cc1OC,Scientific Literature,The binding affinity towards Alpha-1C adrenergic receptor in the COS cell line.,B,,,J Med Chem,1999,Alpha-1a adrenergic receptor,Ki,nM,8.09,435.48,2.15
CHEMBL3582269,1.3,COc1cc2nc(N3CCN(C(=O)c4cn(-c5cc6ccc(O)cc6oc5=O)nn4)CC3)nc(N)c2cc1OC,Scientific Literature,Displacement of [3H]-Prazosin from human alpha-1A adrenergic receptor transfected in CHO cell membranes after 2 hrs by microplate scintillation counting analysis,B,Homo sapiens,,ACS Med Chem Lett,2015,Alpha-1a adrenergic receptor,Ki,nM,8.89,544.53,1.58
CHEMBL5177166,245.47,NC(CCOc1ccc(S(N)(=O)=O)cc1)C1COc2ccccc2O1,Scientific Literature,Displacement of [3H]-prazosin from human adrenergic alpha1A receptor expressed in human HEK293 cells,B,Homo sapiens,,J Med Chem,2022,Alpha-1a adrenergic receptor,Ki,nM,6.61,364.42,1.27
CHEMBL1254660,19.95,COc1cccc(OC)c1[S+]([O-])CCNCCOc1ccccc1OCc1ccccc1,Scientific Literature,Displacement of [3H]prazosin from human adrenergic alpha1A expressed in CHO cells,B,Homo sapiens,,Bioorg Med Chem,2010,Alpha-1a adrenergic receptor,Ki,nM,7.7,455.58,4.06
CHEMBL4572614,8700.0,Cc1ncc2nccn2c1-c1ccc(Oc2nccc3occc23)cc1C(F)(F)F,Scientific Literature,Displacement of [3H]-prazosin from recombinant human alpha1A adrenergic receptor measured after 90 mins by microbeta scintillation counting method,B,Homo sapiens,,J Med Chem,2019,Alpha-1a adrenergic receptor,Ki,nM,5.06,410.36,5.66
CHEMBL4466483,2900.0,FC(F)(F)c1cc(Oc2nccc3ccsc23)ccc1-c1cccc2nccn12,Scientific Literature,Displacement of [3H]-prazosin from recombinant human alpha1A adrenergic receptor measured after 90 mins by microbeta scintillation counting method,B,Homo sapiens,,J Med Chem,2019,Alpha-1a adrenergic receptor,Ki,nM,5.54,411.41,6.42
CHEMBL431354,95.5,Cc1ccc(C)c(N2CCN(CCN3C(=O)CC4(CCCC4)CC3=O)CC2)c1,Scientific Literature,Binding affinity to adrenergic alpha1A receptor (unknown origin),B,Homo sapiens,,Med Chem Res,2011,Alpha-1a adrenergic receptor,Ki,nM,7.02,383.54,3.13
CHEMBL2234440,338.84,COc1cccc(OC)c1OCCNC1COCC(c2ccccc2)(c2ccccc2)O1,Scientific Literature,Binding affinity to adrenergic alpha1A receptor (unknown origin),B,Homo sapiens,,Med Chem Res,2011,Alpha-1a adrenergic receptor,Ki,nM,6.47,435.52,3.99
CHEMBL145571,7.9,COC(=O)C1=C(C)NC(=O)N(C(=O)NCCCN2CCC3(CC2)OC(=O)c2ccccc23)C1c1ccc(F)c(F)c1,Scientific Literature,In vitro binding affinity against alpha-1A adrenergic receptor of human liver microsomes,B,,Liver,J Med Chem,1999,Alpha-1a adrenergic receptor,Ki,nM,8.1,568.58,3.74
CHEMBL2303676,0.16,COC(=O)C1=C(C)NC(C)=C(C(=O)OCCCN2CCC(c3ccccc3)(c3ccccc3)CC2)[C@H]1c1cccc([N+](=O)[O-])c1.Cl,Scientific Literature,Binding affinity towards recombinant human alpha-1A adrenergic receptor,B,,,J Med Chem,2004,Alpha-1a adrenergic receptor,Ki,nM,9.8,646.18,6.02
CHEMBL320736,11.5,CCC1=C(C(N)=O)C(c2ccc([N+](=O)[O-])cc2)C(C(=O)NCCCN2CCC(c3ccccc3)(c3ccccc3)CC2)=C(COCC(F)(F)F)N1,Scientific Literature,Binding affinity against human Alpha-1a adrenergic receptor,B,,,Bioorg Med Chem Lett,1999,Alpha-1a adrenergic receptor,Ki,nM,7.94,705.78,5.85
CHEMBL4570387,30.9,COc1ccccc1OCCNC[C@H]1CO[C@H](C(c2ccccc2)c2ccccc2)O1.O=C(O)C(=O)O,Scientific Literature,Displacement of [3H] prazosin from human cloned adrenoceptor alpha 1A expressed in CHO cell membrane incubated for 30 mins by liquid scintillation counting,B,Homo sapiens,,Eur J Med Chem,2019,Alpha-1a adrenergic receptor,Ki,nM,7.51,509.56,4.24
CHEMBL4467585,24.55,COc1ccccc1OCCNCC1CCOC(c2ccccc2)(c2ccccc2)O1.O=C(O)C(=O)O,Scientific Literature,Displacement of [3H] prazosin from human cloned adrenoceptor alpha 1A expressed in CHO cell membrane incubated for 30 mins by liquid scintillation counting,B,Homo sapiens,,Eur J Med Chem,2019,Alpha-1a adrenergic receptor,Ki,nM,7.61,509.56,4.37
CHEMBL4457754,10000.0,C[C@@]12CN(c3ccccc3)c3ccccc3[C@@H]1CCN2,Scientific Literature,Displacement of [3H]-Prazosin from human recombinant adrenergic alpha1A receptor expressed in cells after 90 mins by microbeta scintillation counting method,B,Homo sapiens,,ACS Med Chem Lett,2019,Alpha-1a adrenergic receptor,Ki,nM,,264.37,3.67
CHEMBL4528651,10000.0,CC[C@H]1c2cc(C)ccc2OC[C@@]1(C)N,Scientific Literature,Displacement of [3H]-Prazosin from human recombinant adrenergic alpha1A receptor expressed in cells after 90 mins by microbeta scintillation counting method,B,Homo sapiens,,ACS Med Chem Lett,2019,Alpha-1a adrenergic receptor,Ki,nM,,205.3,2.6
CHEMBL357681,4.786,CCNC(=O)C1=C(C)NC(C)=C(C(=O)NCCCN2CCC(C(=O)OC)(c3ccccc3)CC2)C1c1ccc([N+](=O)[O-])cc1,Scientific Literature,Binding affinity to Homo sapiens (human) alpha1A adrenergic receptor,B,Homo sapiens,,Med Chem Res,2004,Alpha-1a adrenergic receptor,Ki,nM,8.32,603.72,3.68
CHEMBL356923,3770.0,CNC(=O)C1=C(C)NC(C)=C(C(=O)NCCCN2CCC(CN(C)C)(c3ccccc3)CC2)C1c1ccc([N+](=O)[O-])cc1,Scientific Literature,Binding affinity was determined for the alpha-1A adrenergic receptor,B,,,J Med Chem,1998,Alpha-1a adrenergic receptor,Ki,nM,5.42,588.75,3.68
CHEMBL148552,4.17,COC(=O)C1(c2ccccc2)CCN(CCCNC(=O)C2=C(C)NC(C)=C(C(C)=O)C2c2ccc3c(c2)OCO3)CC1,Scientific Literature,Binding affinity was determined for the alpha-1A adrenergic receptor,B,,,J Med Chem,1998,Alpha-1a adrenergic receptor,Ki,nM,8.38,573.69,3.95
CHEMBL328268,20.0,CC1=C(C(=O)NCCCN2CCC(c3ccc(F)cc3)CC2)[C@H](c2ccc(F)c(F)c2)NC(=O)N1C,Scientific Literature,Evaluated for the ability to displace [125I]- HEAT from human cloned Alpha-1A adrenergic receptor stably expressed in CHO cells.,B,,,J Med Chem,2000,Alpha-1a adrenergic receptor,Ki,nM,7.7,500.57,4.46
CHEMBL91091,0.16,N#Cc1ccccc1C1(C#N)CCN(CCCNC(=O)C2=CNC(=O)N[C@@H]2c2ccc(F)c(F)c2)CC1,Scientific Literature,Evaluated for the ability to displace [125I]- HEAT from human cloned Alpha-1A adrenergic receptor stably expressed in CHO cells.,B,,,J Med Chem,2000,Alpha-1a adrenergic receptor,Ki,nM,9.8,504.54,3.14
CHEMBL338029,0.094,Cc1c(-c2ccccc2)oc2c(C(=O)NCCCN3CCN(c4ccccc4OCCCO[N+](=O)[O-])CC3)cccc2c1=O,Scientific Literature,Inhibition of [3H]prazosin binding to cloned human Alpha-1A adrenergic receptor in CHO cells (chinese hamster ovary cells),B,,,J Med Chem,2003,Alpha-1a adrenergic receptor,Ki,nM,10.03,600.67,4.69
CHEMBL292801,770.0,Brc1ccc2c(-c3nc(-c4c[nH]c5ccccc45)c[nH]3)c[nH]c2c1,Scientific Literature,Compound was tested for its binding affinity towards CHO cells expressing human Alpha-1a adrenergic receptor by displacing [125I]HEAT (2-beta-(4-hydroxyphenyl)-ethylaminomethyltetralone),B,,,Bioorg Med Chem Lett,1996,Alpha-1a adrenergic receptor,Ki,nM,6.11,377.25,5.47
CHEMBL91125,0.45,COCC1=C(C(=O)NCCCN2CCC(c3ccccn3)CC2)[C@@H](c2ccc(F)c(F)c2)NC(=O)N1,Scientific Literature,Evaluated for the ability to displace [125I]- HEAT from human cloned Alpha-1A adrenergic receptor stably expressed in CHO cells.,B,,,J Med Chem,2000,Alpha-1a adrenergic receptor,Ki,nM,9.35,499.56,3.0
CHEMBL56375,5.012,C[C@]1(O)C(=O)N(CCCN2CCN(c3ccc(F)cc3OCC(F)(F)F)CC2)C(=O)N[C@H]1O,Scientific Literature,Inhibition of [3H]prazosin binding to CHO-K1 whole cells expressing human cloned Alpha-1A adrenergic receptor,B,,,Bioorg Med Chem Lett,2003,Alpha-1a adrenergic receptor,Ki,nM,8.3,478.44,0.9
CHEMBL229429,10000.0,N#Cc1cc(F)cc(C#Cc2csc(CF)n2)c1,Scientific Literature,Displacement of [3H]prazosin from adrenergic alpha-1A receptor,B,Homo sapiens,,J Med Chem,2007,Alpha-1a adrenergic receptor,Ki,nM,,260.27,3.02
CHEMBL1767144,1995.26,CN1CCC[C@@H]1Cn1nc(Cc2ccc(C(=O)O)cc2)c2ccccc2c1=O,Scientific Literature,Binding affinity to human adrenergic alpha1A receptor expressed in rat intact fibroblasts,B,Homo sapiens,,J Med Chem,2011,Alpha-1a adrenergic receptor,Ki,nM,,377.44,2.78
CHEMBL1767137,125.89,COc1ccc(Cc2nn(C[C@H]3CCCN3C)c(=O)c3ccccc23)cc1,Scientific Literature,Binding affinity to human adrenergic alpha1A receptor expressed in rat intact fibroblasts,B,Homo sapiens,,J Med Chem,2011,Alpha-1a adrenergic receptor,Ki,nM,6.9,363.46,3.09
CHEMBL1767165,63.1,COc1ccc(Cc2nn(C[C@H]3CCCN3CCCCc3ccc(OCCCN4CCCCCC4)cc3)c(=O)c3ccccc23)cc1,Scientific Literature,Binding affinity to human adrenergic alpha1A receptor expressed in rat intact fibroblasts,B,Homo sapiens,,J Med Chem,2011,Alpha-1a adrenergic receptor,Ki,nM,7.2,636.88,7.13
CHEMBL1767154,39.81,CN1CCC[C@H]1Cn1nc(Cc2ccc(Cl)cc2)c2ccccc2c1=O,Scientific Literature,Binding affinity to human adrenergic alpha1A receptor expressed in rat intact fibroblasts,B,Homo sapiens,,J Med Chem,2011,Alpha-1a adrenergic receptor,Ki,nM,7.4,367.88,3.73
CHEMBL299914,1.7,Cc1ccc(C2(c3ccc(C)cc3)CC(=O)N(CCCN3CCC(C#N)(c4ccccc4C)CC3)C2=O)cc1,Scientific Literature,In vitro binding affinity towards cloned human Alpha-1A adrenergic receptor,B,Homo sapiens,,Bioorg Med Chem Lett,2001,Alpha-1a adrenergic receptor,Ki,nM,8.77,519.69,5.6
CHEMBL181071,41.0,N=C(Nc1ccccc1)N1CCN(/C=C2/N=C(c3cccc4ccccc34)OC2=O)CC1,Scientific Literature,Binding constant measured against Alpha-1A adrenergic receptor in human prostate; ++:moderately active,B,Homo sapiens,Prostate gland,Bioorg Med Chem Lett,2005,Alpha-1a adrenergic receptor,Ki,nM,7.39,425.49,3.65
CHEMBL320397,630.0,COc1cc2c(cc1O)CCN1Cc3c(ccc(O)c3OC)C[C@@H]21,Scientific Literature,Binding constant measured against Alpha-1A adrenergic receptor in human prostate; +:inactive,B,Homo sapiens,Prostate gland,Bioorg Med Chem Lett,2005,Alpha-1a adrenergic receptor,Ki,nM,6.2,327.38,2.77
CHEMBL93623,0.75,COC(=O)N1C(=O)N(C)C(C)=C(C(=O)NCCCN2CCC(c3ccc(F)cc3)CC2)[C@H]1c1ccc(F)c(F)c1,Scientific Literature,Evaluated for the ability to displace [125I]- HEAT from human cloned Alpha-1A adrenergic receptor stably expressed in CHO cells.,B,,,J Med Chem,2000,Alpha-1a adrenergic receptor,Ki,nM,9.12,558.6,4.94
CHEMBL335731,23.72,COc1cc2nc(N3CCN(C(=O)COc4c(OC)cccc4OC)CC3)nc(N)c2cc1OC,Scientific Literature,The binding affinity towards Alpha-1C adrenergic receptor in the COS cell line.,B,,,J Med Chem,1999,Alpha-1a adrenergic receptor,Ki,nM,7.62,483.53,1.97
CHEMBL302092,1.19,CC(C)Oc1ccccc1N1CCN(CC(O)CNC(=O)c2ccc3c(c2)C(=O)N(c2ccc(Cl)c(Cl)c2)C3=O)CC1,Scientific Literature,Binding affinity towards cloned human alpha-1A adrenergic receptor was determined using [125]-HEAT as radioligand,B,,,J Med Chem,2000,Alpha-1a adrenergic receptor,Ki,nM,8.92,611.53,4.49
CHEMBL2153553,0.912,COc1cccc(OC)c1OCCNC[C@H]1COc2cccc(OC)c2O1.Cl,Scientific Literature,Displacement of [3H]prazosin from human cloned alpha1A adrenoceptor expressed in CHO cell membranes after 30 mins by liquid scintillation counter,B,Homo sapiens,,Eur J Med Chem,2012,Alpha-1a adrenergic receptor,Ki,nM,9.04,411.88,2.52
CHEMBL2153556,5.623,COc1cccc(OC)c1OCCNC[C@@H]1COc2cccc(Cl)c2O1.Cl,Scientific Literature,Displacement of [3H]prazosin from human cloned alpha1A adrenoceptor expressed in CHO cell membranes after 30 mins by liquid scintillation counter,B,Homo sapiens,,Eur J Med Chem,2012,Alpha-1a adrenergic receptor,Ki,nM,8.25,416.3,3.17
CHEMBL229084,1.4,CC(C)Oc1ccccc1C1CCN([C@H]2CC[C@H](NS(=O)(=O)c3ccc(F)c(F)c3)CC2)CC1,Scientific Literature,Binding affinity to human cloned adrenergic alpha-1a receptor,B,Homo sapiens,,Bioorg Med Chem Lett,2007,Alpha-1a adrenergic receptor,Ki,nM,8.85,492.63,5.22
CHEMBL95986,1e+27,CC(C)c1ccc(N2CCN(CCn3c(=O)[nH]c4c(sc5ccccc54)c3=O)CC2)cc1,Scientific Literature,Binding affinity towards Alpha-1A adrenergic receptor,B,,,J Med Chem,2003,Alpha-1a adrenergic receptor,Ki,nM,,448.59,3.85
CHEMBL78584,162.8,COc1ccccc1N1CCN(c2c(C(C)=O)c(-c3ccccc3)nn(C)c2=O)CC1,Scientific Literature,Binding affinity towards human cloned alpha-1A-adrenoceptor using [3H]prazosin as radioligand,B,,,J Med Chem,2001,Alpha-1a adrenergic receptor,Ki,nM,6.79,418.5,2.99
CHEMBL80260,1.51,COc1ccccc1N1CCN(CCCNc2c(C(C)=O)c(-c3ccccc3)nn(C)c2=O)CC1,Scientific Literature,Binding affinity towards human cloned alpha-1A-adrenoceptor using [3H]prazosin as radioligand,B,,,J Med Chem,2001,Alpha-1a adrenergic receptor,Ki,nM,8.82,475.59,3.28
CHEMBL428197,1.3,CC(C)Oc1ccccc1N1CCN([C@H]2CC[C@H](NS(=O)(=O)c3ccc(F)cc3)CC2)CC1,Scientific Literature,Binding affinity to human cloned adrenergic alpha-1A receptor,B,Homo sapiens,,Bioorg Med Chem Lett,2007,Alpha-1a adrenergic receptor,Ki,nM,8.89,475.63,4.02
CHEMBL329971,2.041737944669523e+16,CCc1nc2c3ccccc3nc-2c(O)n1CCN1CCN(c2ccccc2OC)CC1,Scientific Literature,Binding affinity towards Alpha-1A adrenergic receptor,B,,,J Med Chem,2003,Alpha-1a adrenergic receptor,Ki,nM,,431.54,3.63
CHEMBL2432048,6085.0,c1ccc(CCN[C@H]2C3C4CC5C6C4CC3C6C52)cc1,Scientific Literature,Inhibition of adrenergic alpha1A receptor (unknown origin) by PDSP assay,B,Homo sapiens,,Bioorg Med Chem,2013,Alpha-1a adrenergic receptor,Ki,nM,5.22,265.4,2.97
CHEMBL4469848,7000.0,FC(F)(F)c1cc(Oc2nccc3occc23)ccc1-c1cccc2nccn12,Scientific Literature,Displacement of [3H]-prazosin from recombinant human alpha1A adrenergic receptor measured after 90 mins by microbeta scintillation counting method,B,Homo sapiens,,J Med Chem,2019,Alpha-1a adrenergic receptor,Ki,nM,5.16,395.34,5.95
CHEMBL1946778,53.7,O=C(O)C(=O)O.c1ccc(OCCNCC2CCC(c3ccccc3)(c3ccccc3)O2)cc1,Scientific Literature,Displacement of [3H]prazosin from human recombinant alpha1A adrenoceptor expressed in CHO cells after 30 mins by liquid scintillation counting,B,Homo sapiens,,J Med Chem,2012,Alpha-1a adrenergic receptor,Ki,nM,7.27,463.53,4.78
CHEMBL1946788,44.67,COc1ccccc1N1CCN(C[C@H]2CCC(c3ccccc3)(c3ccccc3)[C@@H]2O)CC1.O=C(O)C(=O)O,Scientific Literature,Displacement of [3H]prazosin from human recombinant alpha1A adrenoceptor expressed in CHO cells after 30 mins by liquid scintillation counting,B,Homo sapiens,,J Med Chem,2012,Alpha-1a adrenergic receptor,Ki,nM,7.35,532.64,4.57
CHEMBL342062,0.5888,COc1cc2nc(N3CCN(C(=O)c4ccco4)[C@@H]4CCCC[C@@H]43)nc(N)c2cc1OC,Scientific Literature,Displacement of [3H]prazosin from human alpha1A adrenergic receptor expressed in CHO cell membranes after 30 mins by rapid filtration method,B,Homo sapiens,,Bioorg Med Chem,2018,Alpha-1a adrenergic receptor,Ki,nM,9.23,437.5,3.1
CHEMBL4128084,0.5012,COc1cc2nc(N3CCN(C(=O)OCc4ccccc4)[C@@H]4CCCC[C@@H]43)nc(N)c2cc1OC,Scientific Literature,Displacement of [3H]prazosin from human alpha1A adrenergic receptor expressed in CHO cell membranes after 30 mins by rapid filtration method,B,Homo sapiens,,Bioorg Med Chem,2018,Alpha-1a adrenergic receptor,Ki,nM,9.3,477.57,4.0
CHEMBL88388,8.913,CC(=O)C1=C(C)NC(C)=C(C(=O)NCCCN2CCC(c3ccccc3)(c3ccccc3)CC2)C1c1ccc2c(c1)OCO2,Scientific Literature,Binding affinity to Homo sapiens (human) alpha1A adrenergic receptor,B,Homo sapiens,,Med Chem Res,2004,Alpha-1a adrenergic receptor,Ki,nM,8.05,591.75,5.83
CHEMBL2205814,10000.0,COc1ccc(CCN2C3C4C5CC6C7C5C3C7C2(O)C64)cc1OC,Scientific Literature,Binding affinity to alpha1A adrenergic,B,,,Bioorg Med Chem Lett,2012,Alpha-1a adrenergic receptor,Ki,nM,,339.44,2.01
CHEMBL4551941,60.26,COc1ccccc1OCCNCC[C@H]1CO[C@H](C(c2ccccc2)c2ccccc2)O1.O=C(O)C(=O)O,Scientific Literature,Displacement of [3H] prazosin from human cloned adrenoceptor alpha 1A expressed in CHO cell membrane incubated for 30 mins by liquid scintillation counting,B,Homo sapiens,,Eur J Med Chem,2019,Alpha-1a adrenergic receptor,Ki,nM,7.22,523.58,4.63
CHEMBL3343979,7.413,Cc1cccc2c(NCCNc3ccnc4c(C)cccc34)ccnc12,Scientific Literature,Displacement of [3H]-prazosin from human alpha1A adrenergic receptor transfected in COS1 cells,B,Homo sapiens,,Bioorg Med Chem,2014,Alpha-1a adrenergic receptor,Ki,nM,8.13,342.45,4.92
CHEMBL151668,58.88,COC(=O)C1(c2ccccc2)CCN(CCCNC(=O)C2=C(C)NC(C)=C(C(=O)O)C2c2ccc([N+](=O)[O-])cc2)CC1,Scientific Literature,Binding affinity to Homo sapiens (human) alpha1A adrenergic receptor,B,Homo sapiens,,Med Chem Res,2004,Alpha-1a adrenergic receptor,Ki,nM,7.23,576.65,3.63
CHEMBL88628,16.22,CNC(=O)C1=C(C)NC(C)=C(C(=O)NCCCN2CCC(c3ccccc3)(c3ccccc3)CC2)C1c1ccc2c(c1)OCO2,Scientific Literature,Binding affinity to Homo sapiens (human) alpha1A adrenergic receptor,B,Homo sapiens,,Med Chem Res,2004,Alpha-1a adrenergic receptor,Ki,nM,7.79,606.77,4.98
CHEMBL91550,1.072,CCC1=C(C(N)=O)C(c2ccc([N+](=O)[O-])cc2)C(C(=O)NCCCN2CCC(c3ccccc3)(c3ccccc3)CC2)=C(CC)N1,Scientific Literature,Binding affinity to Homo sapiens (human) alpha1A adrenergic receptor,B,Homo sapiens,,Med Chem Res,2004,Alpha-1a adrenergic receptor,Ki,nM,8.97,621.78,5.68
CHEMBL2260360,0.2291,COC(=O)C1=C(C)NC(C)=C(C(=O)NCCCN2CCC(c3ccccc3)CC2)C1c1ccc([N+](=O)[O-])cc1,Scientific Literature,Binding affinity to Homo sapiens (human) alpha1A adrenergic receptor,B,Homo sapiens,,Med Chem Res,2004,Alpha-1a adrenergic receptor,Ki,nM,9.64,532.64,4.39
CHEMBL4580335,89.13,O=C(O)C(=O)O.c1ccc(OCCNCC[C@H]2CO[C@H](C(c3ccccc3)c3ccccc3)O2)cc1,Scientific Literature,Displacement of [3H] prazosin from human cloned adrenoceptor alpha 1A expressed in CHO cell membrane incubated for 30 mins by liquid scintillation counting,B,Homo sapiens,,Eur J Med Chem,2019,Alpha-1a adrenergic receptor,Ki,nM,7.05,493.56,4.62
CHEMBL4520390,58.88,O=C(O)C(=O)O.c1ccc(OCCNCCC2COC(c3ccccc3)(c3ccccc3)O2)cc1,Scientific Literature,Displacement of [3H] prazosin from human cloned adrenoceptor alpha 1A expressed in CHO cell membrane incubated for 30 mins by liquid scintillation counting,B,Homo sapiens,,Eur J Med Chem,2019,Alpha-1a adrenergic receptor,Ki,nM,7.23,479.53,4.36
CHEMBL2146808,316.23,COCCN1CCC[C@@H]1Cn1nc(Cc2ccc(Cl)cc2)c2cccnc2c1=O,Scientific Literature,Antagonist activity at human adrenergic alpha1A receptor expressed in rat fibroblasts by by plate-based calcium imaging,F,Homo sapiens,,Bioorg Med Chem,2012,Alpha-1a adrenergic receptor,Ki,nM,6.5,412.92,3.15
CHEMBL2146804,19.95,CN1CCC[C@@H]1Cn1nc(Cc2ccc(Cl)cc2)c2ccncc2c1=O,Scientific Literature,Antagonist activity at human adrenergic alpha1A receptor expressed in rat fibroblasts by by plate-based calcium imaging,F,Homo sapiens,,Bioorg Med Chem,2012,Alpha-1a adrenergic receptor,Ki,nM,7.7,368.87,3.13
CHEMBL3343978,69.18,COc1ccc2c(NCCNc3ccnc4cc(OC)ccc34)ccnc2c1,Scientific Literature,Displacement of [3H]-prazosin from human alpha1A adrenergic receptor transfected in COS1 cells,B,Homo sapiens,,Bioorg Med Chem,2014,Alpha-1a adrenergic receptor,Ki,nM,7.16,374.44,4.32
CHEMBL3343975,26.0,c1ccc2c(NCCNc3ccnc4ccccc34)ccnc2c1,Scientific Literature,Binding affinity to human alpha1A adrenergic receptor transfected in COS1 cells assessed as compound required to occupy 50% of receptor,B,Homo sapiens,,Bioorg Med Chem,2014,Alpha-1a adrenergic receptor,Ki,nM,7.58,314.39,4.31
CHEMBL3343976,135.0,Cc1ccc2nccc(NCCNc3ccnc4ccc(C)cc34)c2c1,Scientific Literature,Binding affinity to human alpha1A adrenergic receptor transfected in COS1 cells assessed as compound required to occupy 50% of receptor,B,Homo sapiens,,Bioorg Med Chem,2014,Alpha-1a adrenergic receptor,Ki,nM,6.87,342.45,4.92
CHEMBL3343982,112.0,Cc1ccc2c(NCCCCCCCNc3ccnc4cc(C)ccc34)ccnc2c1,Scientific Literature,Binding affinity to human alpha1A adrenergic receptor transfected in COS1 cells assessed as compound required to occupy 50% of receptor,B,Homo sapiens,,Bioorg Med Chem,2014,Alpha-1a adrenergic receptor,Ki,nM,6.95,412.58,6.87
CHEMBL2234455,223.87,c1ccc(OCCNC2COC(c3ccccc3)(c3ccccc3)CO2)cc1,Scientific Literature,Binding affinity to adrenergic alpha1A receptor (unknown origin),B,Homo sapiens,,Med Chem Res,2011,Alpha-1a adrenergic receptor,Ki,nM,6.65,375.47,3.97
CHEMBL357828,0.6,COC(=O)C1=C(C)N=C(C)N(CCCCCN2CCN(c3ccccc3C(N)=O)CC2)C1c1ccc(F)c(F)c1,Scientific Literature,Binding affinity against Alpha-1A adrenergic receptor (recombinant human receptor) using [3H]prazosin.,B,,,J Med Chem,1999,Alpha-1a adrenergic receptor,Ki,nM,9.22,553.65,4.28
CHEMBL145746,0.33,COC(=O)C1=C(C)N=C(C)N(CCCCCN2CCC(c3ccccc3)(c3ccccc3)CC2)C1c1ccc(F)c(F)c1,Scientific Literature,Binding affinity against isolated human prostate using [3H]- prazosin.,B,Homo sapiens,Prostate gland,J Med Chem,1999,Alpha-1a adrenergic receptor,Ki,nM,9.48,585.74,7.44
CHEMBL145752,1.2,CCC1=C(C(=O)NC)C(c2ccc([N+](=O)[O-])cc2)N(C(=O)NCCCN2CCC(C(=O)OC)(c3ccccc3)CC2)C(=O)N1,Scientific Literature,In vitro binding affinity against Alpha-1A adrenergic receptor of human liver microsomes.,B,,Liver,J Med Chem,1999,Alpha-1a adrenergic receptor,Ki,nM,8.92,606.68,3.38
CHEMBL286003,19.5,COc1ccccc1OCCNCC1COC(c2ccccc2)(c2ccccc2)O1.O=C(O)C(=O)O,Scientific Literature,Displacement of [3H] prazosin from human cloned adrenoceptor alpha 1A expressed in CHO cell membrane incubated for 30 mins by liquid scintillation counting,B,Homo sapiens,,Eur J Med Chem,2019,Alpha-1a adrenergic receptor,Ki,nM,7.71,495.53,3.98
CHEMBL4795065,2655.83,C=CC(=O)Nc1ccc2[nH]c(=O)n(C3CCN(Cc4ccc(-c5nc6cc[nH]c(=O)c6cc5-c5ccccc5)cc4)CC3)c2c1,SGC Frankfurt - Donated Chemical Probes,GPCRScan assay: inhibition of Alpha1A,B,Homo sapiens,,,2021,Alpha-1a adrenergic receptor,Ki,nM,5.58,596.69,5.86
CHEMBL178673,0.2884,COc1cc2nc(N3CCN(C(=O)CC4CCSS4)CC3)nc(N)c2cc1OC,Scientific Literature,Equilibrium dissociation constant was evaluated by radio-receptor binding assays using [3H]prazosin to label cloned human alpha 1a expressed in CHO cells,B,Homo sapiens,,J Med Chem,2005,Alpha-1a adrenergic receptor,Ki,nM,9.54,435.58,2.42
CHEMBL175934,0.8128,COc1cc2nc(N3CCN(C(=O)C4CCSS4)CC3)nc(N)c2cc1OC,Scientific Literature,Equilibrium dissociation constant was evaluated by radio-receptor binding assays using [3H]prazosin to label cloned human alpha 1a expressed in CHO cells,B,Homo sapiens,,J Med Chem,2005,Alpha-1a adrenergic receptor,Ki,nM,9.09,421.55,2.03
CHEMBL2260149,1.82,COC(=O)C1=C(C)NC(C)=C(C(=O)NCCCN2CCC(c3ccccc3)(c3ccccc3)CC2)C1c1ccc(C#N)cc1,Scientific Literature,Binding affinity to Homo sapiens (human) alpha1A adrenergic receptor,B,Homo sapiens,,Med Chem Res,2004,Alpha-1a adrenergic receptor,Ki,nM,8.74,588.75,5.55
CHEMBL299022,169.82,N#Cc1ccccc1N1CCN(CCN2C(=O)CC3(CCCC3)CC2=O)CC1,Scientific Literature,Binding affinity to adrenergic alpha1A receptor (unknown origin),B,Homo sapiens,,Med Chem Res,2011,Alpha-1a adrenergic receptor,Ki,nM,6.77,380.49,2.39
CHEMBL3343978,69.0,COc1ccc2c(NCCNc3ccnc4cc(OC)ccc34)ccnc2c1,Scientific Literature,Binding affinity to human alpha1A adrenergic receptor transfected in COS1 cells assessed as compound required to occupy 50% of receptor,B,Homo sapiens,,Bioorg Med Chem,2014,Alpha-1a adrenergic receptor,Ki,nM,7.16,374.44,4.32
CHEMBL3289656,259.0,c1cnc(N2CCN(CCCc3nc4ccccc4s3)CC2)nc1,Scientific Literature,Displacement of [3H]prazosin from human adrenergic-alpha1A receptor by PDSP assay,B,Homo sapiens,,Bioorg Med Chem,2014,Alpha-1a adrenergic receptor,Ki,nM,6.59,339.47,2.84
CHEMBL3298746,1.479,COc1ccccc1N1CCN(CCn2c(=O)[nH]c3c(sc4ccc(NC(=O)Cc5ccccc5)cc43)c2=O)CC1,Scientific Literature,Displacement of [125I]BE2254 from human alpha1a receptor expressed in HEK293 cells,B,Homo sapiens,,Eur J Med Chem,2014,Alpha-1a adrenergic receptor,Ki,nM,8.83,569.69,3.92
CHEMBL220221,1.479,COc1ccccc1N1CCN(CCn2c(C)nc3c(sc4ccccc43)c2=O)CC1,Scientific Literature,Displacement of [125I]BE2254 from human alpha1a receptor expressed in HEK293 cells,B,Homo sapiens,,Eur J Med Chem,2014,Alpha-1a adrenergic receptor,Ki,nM,8.83,434.57,3.75
CHEMBL3930616,1.122,CCOc1ccccc1N1CCN(CCc2ccc(OC)cc2)CC1,Scientific Literature,Displacement of [3H]prazosin from human alpha1A-adrenoceptor expressed in CHO cell membranes measured after 30 mins,B,Homo sapiens,,Eur J Med Chem,2016,Alpha-1a adrenergic receptor,Ki,nM,8.95,340.47,3.46
CHEMBL104593,20.0,COc1ccccc1N1CCN(CCNC(=O)c2ccncc2)CC1,Scientific Literature,Binding affinity to alpha 1A adrenergic receptor (unknown origin) assessed as inhibition constant,B,Homo sapiens,,J Med Chem,2022,Alpha-1a adrenergic receptor,Ki,nM,7.7,340.43,1.64
CHEMBL388361,28.0,COc1ccc(S(=O)(=O)N[C@H]2CC[C@H](N3CCC(c4ccccc4OC(C)C)CC3)CC2)cc1OC,Scientific Literature,Binding affinity to human cloned adrenergic alpha-1a receptor,B,Homo sapiens,,Bioorg Med Chem Lett,2007,Alpha-1a adrenergic receptor,Ki,nM,7.55,516.7,4.96
CHEMBL3754166,630.96,C=CCN(CC=C)CCc1c[nH]c2ccc(Br)cc12,Scientific Literature,Binding affinity to alpha-1A adrenergic receptor (unknown origin) by competition binding assay,B,Homo sapiens,,Bioorg Med Chem Lett,2016,Alpha-1a adrenergic receptor,Ki,nM,6.2,319.25,4.15
CHEMBL223289,53.7,COc1ccc(Cl)cc1N1CCN(CCn2c(=O)[nH]c3c(sc4ccccc43)c2=O)CC1,Scientific Literature,Displacement of [125I]BE2254 from human cloned adrenergic alpha 1A receptor expressed in HEK293 cells,B,Homo sapiens,,Bioorg Med Chem Lett,2006,Alpha-1a adrenergic receptor,Ki,nM,7.27,470.98,3.39
CHEMBL386005,8.318,COc1ccc(Cl)cc1N1CCN(CCn2c(=O)[nH]c3c([nH]c4ccccc43)c2=O)CC1,Scientific Literature,Displacement of [125I]BE2254 from human cloned adrenergic alpha 1A receptor expressed in HEK293 cells,B,Homo sapiens,,Bioorg Med Chem Lett,2006,Alpha-1a adrenergic receptor,Ki,nM,8.08,453.93,2.66
CHEMBL31354,18.62,COc1ccccc1N1CCN(CCN(C(=O)C2CCCCC2)c2ccccn2)CC1,Scientific Literature,Displacement [3H]prazosin of human recombinant alpha1A adrenergic receptor expressed in CHO cells by rapid filtration technique,B,Homo sapiens,,Eur J Med Chem,2010,Alpha-1a adrenergic receptor,Ki,nM,7.73,422.57,3.83
CHEMBL2234448,91.2,COc1ccccc1N1CCN(CC2COC3(CCCCC3)O2)CC1,Scientific Literature,Displacement of [3H]prazosin from recombinant human alpha1a adrenergic receptor expressed in CHO cell membranes after 30 mins by TopCount liquid scintillation counting method,B,Homo sapiens,,Eur J Med Chem,2017,Alpha-1a adrenergic receptor,Ki,nM,7.04,346.47,2.89
CHEMBL371300,30000.0,C[C@H](N)Cn1ncc2ccc(O)cc21,Scientific Literature,Inhibitory activity against adrenergic alpha-1A receptor,B,Homo sapiens,,J Med Chem,2006,Alpha-1a adrenergic receptor,Ki,nM,,191.23,1.09
CHEMBL44403,0.2512,COc1cccc(OC)c1OCCNCC1CC(c2ccccc2)c2ccccc2C1=O,Scientific Literature,Affinity constant on CHO cells expressing Human recombinant Alpha-1A adrenergic receptor,B,Homo sapiens,,J Med Chem,2002,Alpha-1a adrenergic receptor,Ki,nM,9.6,431.53,4.71
CHEMBL37883,37.15,O=C(O)C(=O)O.c1ccc(OCCNCC2COC(c3ccccc3)(c3ccccc3)O2)cc1,Scientific Literature,Displacement of [3H]prazosin from human recombinant alpha1A adrenoceptor expressed in CHO cell membrane after 30 mins by liquid scintillation counting,B,Homo sapiens,,Medchemcomm,2015,Alpha-1a adrenergic receptor,Ki,nM,7.43,465.5,3.97
CHEMBL57540,23.44,COc1ccccc1N1CCN(CCN2C=CC3(CCCC3)CC2=O)CC1,Scientific Literature,Binding affinity to adrenergic alpha1A receptor (unknown origin),B,Homo sapiens,,Med Chem Res,2011,Alpha-1a adrenergic receptor,Ki,nM,7.63,369.51,3.12
CHEMBL198860,0.251,COc1cccc(OC)c1OCCNCCOc1ccccc1OCc1cccc(Cl)c1,Scientific Literature,Binding affinity to adrenergic alpha1A receptor (unknown origin),B,Homo sapiens,,Med Chem Res,2011,Alpha-1a adrenergic receptor,Ki,nM,9.6,457.95,4.98
CHEMBL72657,0.35,COc1cccc(OC)c1OCCNC[C@@H]1Oc2ccccc2O[C@H]1c1ccc(C)cc1,Scientific Literature,Binding constant measured against Alpha-1A adrenergic receptor in human prostate; +++:highly active,B,Homo sapiens,Prostate gland,Bioorg Med Chem Lett,2005,Alpha-1a adrenergic receptor,Ki,nM,9.46,435.52,4.56
CHEMBL233816,1.0,COc1ccc(Cl)cc1S(=O)(=O)N[C@H]1CC[C@@H](N2CCN(c3ccccc3OC(C)C)CC2)CC1,Scientific Literature,Binding affinity to human cloned adrenergic alpha-1A receptor,B,Homo sapiens,,Bioorg Med Chem Lett,2007,Alpha-1a adrenergic receptor,Ki,nM,9.0,522.11,4.55
CHEMBL3104093,288.4,CN1CCc2c(c3cccc4c3n2CCc2ccccc2-4)C1,Scientific Literature,Displacement of [125I]HEAT from adrenergic alpha1A receptor (unknown origin),B,Homo sapiens,,Bioorg Med Chem Lett,2014,Alpha-1a adrenergic receptor,Ki,nM,6.54,288.39,3.85
CHEMBL72441,20.89,CSc1ccc(C)cc1NCC1=NCCN1,Scientific Literature,Affinity to Alpha-1 adrenergic receptor determined by radioligand binding techniques from rat-1 fibroblasts membranes,B,,,J Med Chem,2002,Alpha-1a adrenergic receptor,Ki,nM,7.68,235.36,2.13
CHEMBL24778,0.036,C[C@H](Cc1cc2c(c(C(N)=O)c1)N(CCCO)CC2)NCCOc1ccccc1OCC(F)(F)F,Scientific Literature,Binding constant measured against Alpha-1A adrenergic receptor in human prostate; +++:highly active,B,Homo sapiens,Prostate gland,Bioorg Med Chem Lett,2005,Alpha-1a adrenergic receptor,Ki,nM,10.44,495.54,3.07
CHEMBL145525,4.9,COC(=O)C1=C(C)NC(=O)N(C(=O)NCCCN2CCN(c3cccc(C(F)(F)F)c3)CC2)C1c1ccc(F)c(F)c1,Scientific Literature,In vitro binding affinity against Alpha-1A adrenergic receptor of human liver microsomes.,B,,Liver,J Med Chem,1999,Alpha-1a adrenergic receptor,Ki,nM,8.31,595.57,4.42
CHEMBL3947980,7.943,c1cnc2c(N3CCN(CCc4ccc(OCCCN5CCCCCC5)cc4)CC3)cccc2c1,Scientific Literature,Antagonist activity at adrenergic alpha1A receptor (unknown origin) expressed in Rat1 cells assessed as inhibition of phenylephrine-induced Ca2+ flux preincubated for 30 mins followed by phenylephrine addition by Fluo-4-AM-dye based FLIPR assay,A,Homo sapiens,,Bioorg Med Chem Lett,2016,Alpha-1a adrenergic receptor,Ki,nM,8.1,472.68,5.24
CHEMBL243864,1.8,CC(C)Oc1ccccc1N1CCN(C2CCC(N3C(=O)c4ccc5ccccc5c4C3=O)CC2)CC1,Scientific Literature,Displacement of [125]HEAT from human adrenergic alpha-1a receptor expressed in CHO cells,B,Homo sapiens,,Bioorg Med Chem Lett,2007,Alpha-1a adrenergic receptor,Ki,nM,8.74,497.64,5.36
CHEMBL493042,1000.0,COc1cccc(OC)c1OCCNC[C@@H]1COC[C@@H](c2ccccc2)O1,Scientific Literature,Displacement of [3H]prazosin from human cloned alpha1A adrenoceptor expressed in CHO cells,B,Homo sapiens,,J Med Chem,2008,Alpha-1a adrenergic receptor,Ki,nM,,373.45,2.83
CHEMBL1223801,227.0,FC(F)(F)c1cccc(N2CCN(CCCCNc3ccc(-c4ccccc4)cn3)CC2)c1,Scientific Literature,Displacement of [3H]prazosin from human adrenergic alpha1A receptor,B,Homo sapiens,,Bioorg Med Chem Lett,2010,Alpha-1a adrenergic receptor,Ki,nM,6.64,454.54,5.78
CHEMBL1223802,9.0,Fc1ccccc1N1CCN(CCCCNc2cc(-c3ccccc3)ccn2)CC1,Scientific Literature,Displacement of [3H]prazosin from human adrenergic alpha1A receptor,B,Homo sapiens,,Bioorg Med Chem Lett,2010,Alpha-1a adrenergic receptor,Ki,nM,8.05,404.53,4.9
CHEMBL267930,7.9,O=C(CCCN1CCC2(CC1)C(=O)NCN2c1ccccc1)c1ccc(F)cc1,Scientific Literature,Binding constant measured against Alpha-1A adrenergic receptor in human prostate; ++:moderately active,B,Homo sapiens,Prostate gland,Bioorg Med Chem Lett,2005,Alpha-1a adrenergic receptor,Ki,nM,8.1,395.48,3.22
CHEMBL13647,250.0,COc1ccccc1N1CCN(CCN2C(=O)CC3(CCCC3)CC2=O)CC1,Scientific Literature,Binding constant measured against Alpha-1A adrenergic receptor in human prostate; +:inactive,B,Homo sapiens,Prostate gland,Bioorg Med Chem Lett,2005,Alpha-1a adrenergic receptor,Ki,nM,6.6,385.51,2.53
CHEMBL2,0.5888,COc1cc2nc(N3CCN(C(=O)c4ccco4)CC3)nc(N)c2cc1OC,Scientific Literature,Equilibrium dissociation constant was evaluated by radio-receptor binding assays using [3H]prazosin to label cloned human alpha 1a expressed in CHO cells,B,Homo sapiens,,J Med Chem,2005,Alpha-1a adrenergic receptor,Ki,nM,9.23,383.41,1.78
CHEMBL1254742,3.162,CCOc1cccc(OCC)c1OCCNCCOc1ccccc1OCc1ccccc1,Scientific Literature,Displacement of [3H]prazosin from human adrenergic alpha1A expressed in CHO cells,B,Homo sapiens,,Bioorg Med Chem,2010,Alpha-1a adrenergic receptor,Ki,nM,8.5,451.56,5.11
CHEMBL42,19.0,CN1CCN(C2=Nc3cc(Cl)ccc3Nc3ccccc32)CC1,Scientific Literature,Inhibition of adrenergic alpha1A receptor (unknown origin),B,Homo sapiens,,J Med Chem,2014,Alpha-1a adrenergic receptor,Ki,nM,7.72,326.83,3.72
CHEMBL423361,364.0,O=C(C1CCCCC1)N(CCN1CCN(c2ccccc2O)CC1)c1ccccn1,Scientific Literature,Binding affinity to alpha 1A adrenergic receptor (unknown origin) assessed as inhibition constant,B,Homo sapiens,,J Med Chem,2022,Alpha-1a adrenergic receptor,Ki,nM,6.44,408.55,3.52
CHEMBL10085,0.02,CC(C)Oc1ccccc1N1CCN(Cc2cccc(C(=O)N3CCCCC3)c2)CC1,Scientific Literature,Binding affinity to adrenergic alpha1A receptor,B,,,Bioorg Med Chem,2008,Alpha-1a adrenergic receptor,Ki,nM,10.7,421.59,4.42
CHEMBL836,0.2,CCOc1ccccc1OCCN[C@H](C)Cc1ccc(OC)c(S(N)(=O)=O)c1,Scientific Literature,Binding constant measured against Alpha-1A adrenergic receptor in human prostate; +++:highly active,B,Homo sapiens,Prostate gland,Bioorg Med Chem Lett,2005,Alpha-1a adrenergic receptor,Ki,nM,9.7,408.52,2.34
CHEMBL2391541,10000.0,C=CCN(CC=C)CCc1c[nH]c2ccc(OC)cc12,Scientific Literature,Binding affinity to alpha-1A adrenergic receptor (unknown origin) by competition binding assay,B,Homo sapiens,,Bioorg Med Chem Lett,2016,Alpha-1a adrenergic receptor,Ki,nM,,270.38,3.39
CHEMBL3753318,1258.93,C=CCN(CC=C)CCc1c[nH]c2ccc(C)cc12,Scientific Literature,Binding affinity to alpha-1A adrenergic receptor (unknown origin) by competition binding assay,B,Homo sapiens,,Bioorg Med Chem Lett,2016,Alpha-1a adrenergic receptor,Ki,nM,5.9,254.38,3.69
CHEMBL180561,1.9,CC1=C(C(N)=O)C(c2ccc([N+](=O)[O-])cc2)C(C(=O)NCCCCN2CCC(c3ccccc3)(c3ccccc3)CC2)=C(C)N1,Scientific Literature,Binding constant measured against Alpha-1A adrenergic receptor in human prostate; ++:moderately active,B,Homo sapiens,Prostate gland,Bioorg Med Chem Lett,2005,Alpha-1a adrenergic receptor,Ki,nM,8.72,607.76,5.29
CHEMBL301224,42.0,O=C1CC2(CCCC2)CCN1CCN1CCN(c2cc(Cl)ccc2Cl)CC1,Scientific Literature,Binding constant measured against Alpha-1A adrenergic receptor in human prostate; ++:moderately active,B,Homo sapiens,Prostate gland,Bioorg Med Chem Lett,2005,Alpha-1a adrenergic receptor,Ki,nM,7.38,410.39,4.3
CHEMBL611,6.9,COc1cc2nc(N3CCN(C(=O)C4CCCO4)CC3)nc(N)c2cc1OC,Scientific Literature,In vitro binding affinity against alpha-1A adrenergic receptor of human liver microsomes,B,,Liver,J Med Chem,1999,Alpha-1a adrenergic receptor,Ki,nM,8.16,387.44,1.06
CHEMBL3901382,269.15,COc1ccccc1OCCNCC1CSC2(CCCCC2)O1,Scientific Literature,Displacement of [3H]prazosin from recombinant human alpha1a adrenergic receptor expressed in CHO cell membranes after 30 mins by TopCount liquid scintillation counting method,B,Homo sapiens,,Eur J Med Chem,2017,Alpha-1a adrenergic receptor,Ki,nM,6.57,337.49,3.46
CHEMBL4159468,1000.0,COc1cc2nc(N3CCC[C@@H](NC(=O)[C@H]4COc5ccccc5O4)C3)nc(N)c2cc1OC,Scientific Literature,Displacement of [3H]prazosin from human alpha1A adrenoceptor expressed in CHO cell membranes after 30 mins,B,Homo sapiens,,Eur J Med Chem,2017,Alpha-1a adrenergic receptor,Ki,nM,,465.51,2.15
CHEMBL1263,548.66,OCc1cc(C(O)CNCCCCCCOCCCCc2ccccc2)ccc1O,EUbOPEN Chemogenomic Library,"PDSP Secondary Binding target: ADRA1A - Compounds are tested at 10 uM concentration, plate are incubated at room temperature in the dark for 90 minutes. Reaction are stopped by vacuum filtration onto 0.3% polyethyleneimine soaked filter mats using Filtermate harvester. Scintillation cocktail is then melted onto microwave-dried filters on a hot plate and the radio activity is counted in Microbia counter. Compounds showing a minimum of 50% inhibition at 10 uM concentration are carried forward in this secondary binding assay to determine equilibrium binding affinity.",B,Homo sapiens,,,2024,Alpha-1a adrenergic receptor,Ki,nM,6.26,415.57,4.11
CHEMBL40650,0.22,COc1cccc2c1CC[C@H]1CN(CCn3c(=O)[nH]c4c(sc5cccnc54)c3=O)C[C@@H]21,Scientific Literature,Binding affinity against human adrenergic receptor subtype Alpha-1A adrenergic receptor using [3H]prazosin as radioligand,B,,,J Med Chem,1997,Alpha-1a adrenergic receptor,Ki,nM,9.66,448.55,2.97
CHEMBL1491,2344.0,CCOC(=O)C1=C(COCCN)NC(C)=C(C(=O)OC)C1c1ccccc1Cl,Scientific Literature,Binding affinity against human Alpha-1a adrenergic receptor,B,,,Bioorg Med Chem Lett,1999,Alpha-1a adrenergic receptor,Ki,nM,5.63,408.88,2.27
CHEMBL279436,1.3,CC1=C(C(N)=O)C(c2ccc([N+](=O)[O-])cc2)C(C(=O)NCCCN2CCC(c3ccccc3)(c3ccccc3)CC2)=C(C)N1,Scientific Literature,Inhibition of [3H]prazosin binding to human Alpha-1A adrenergic receptor expressed in CHO cells,B,Homo sapiens,,J Med Chem,1995,Alpha-1a adrenergic receptor,Ki,nM,8.89,593.73,4.9
CHEMBL1200809,495.79,CN1CCCC(n2nc(Cc3ccc(Cl)cc3)c3ccccc3c2=O)CC1.Cl,EUbOPEN Chemogenomic Library,"PDSP Secondary Binding target: ADRA1A - Compounds are tested at 10 uM concentration, plate are incubated at room temperature in the dark for 90 minutes. Reaction are stopped by vacuum filtration onto 0.3% polyethyleneimine soaked filter mats using Filtermate harvester. Scintillation cocktail is then melted onto microwave-dried filters on a hot plate and the radio activity is counted in Microbia counter. Compounds showing a minimum of 50% inhibition at 10 uM concentration are carried forward in this secondary binding assay to determine equilibrium binding affinity.",B,Homo sapiens,,,2024,Alpha-1a adrenergic receptor,Ki,nM,6.3,418.37,4.3
CHEMBL2105760,29.27,O=c1ccc2ccc(OCCCCN3CCN(c4cccc5sccc45)CC3)cc2[nH]1,EUbOPEN Chemogenomic Library,"PDSP Secondary Binding target: ADRA1A - Compounds are tested at 10 uM concentration, plate are incubated at room temperature in the dark for 90 minutes. Reaction are stopped by vacuum filtration onto 0.3% polyethyleneimine soaked filter mats using Filtermate harvester. Scintillation cocktail is then melted onto microwave-dried filters on a hot plate and the radio activity is counted in Microbia counter. Compounds showing a minimum of 50% inhibition at 10 uM concentration are carried forward in this secondary binding assay to determine equilibrium binding affinity.",B,Homo sapiens,,,2024,Alpha-1a adrenergic receptor,Ki,nM,7.53,433.58,4.72
CHEMBL298713,1.0,COC(=O)C1=C(C)NC(=O)N(C(=O)NCCCN2CCC(C(=O)OC)(c3ccccc3)CC2)C1c1ccc(F)c(F)c1,Scientific Literature,Displacement of [3H]- prazosin from human recombinant Alpha-1A adrenergic receptor,B,Homo sapiens,,Bioorg Med Chem Lett,2000,Alpha-1a adrenergic receptor,Ki,nM,,584.62,3.78
CHEMBL15245,1057.0,COC(=O)[C@@H]1[C@H]2C[C@H]3c4[nH]c5ccccc5c4CCN3C[C@@H]2CC[C@@H]1O,Scientific Literature,Inhibition of [3H]prazosin binding to human Alpha-1A adrenergic receptor expressed in CHO cells,B,Homo sapiens,,J Med Chem,1995,Alpha-1a adrenergic receptor,Ki,nM,5.98,354.45,2.65
CHEMBL6310,10000.0,COc1ccc2c3c([nH]c2c1)CNCC3,Scientific Literature,Binding affinity towards Alpha-1A adrenergic receptor,B,,,Bioorg Med Chem Lett,2003,Alpha-1a adrenergic receptor,Ki,nM,,202.26,1.82
CHEMBL1258223,522.0,CCCCN1CCC(COC(=O)c2cc(Cl)c(NC)c3c2OCCO3)CC1,Scientific Literature,Binding affinity to human adrenergic alpha1A receptor,B,Homo sapiens,,J Med Chem,2010,Alpha-1a adrenergic receptor,Ki,nM,6.28,396.92,3.82
CHEMBL3898341,316.23,CCCCc1cc(N2CCN(CCc3ccc(OCCCN4CCCCCC4)cc3)CC2)c2nc(CCC(=O)O)ccc2c1,Scientific Literature,Antagonist activity at adrenergic alpha1A receptor (unknown origin) expressed in Rat1 cells assessed as inhibition of phenylephrine-induced Ca2+ flux preincubated for 30 mins followed by phenylephrine addition by Fluo-4-AM-dye based FLIPR assay,A,Homo sapiens,,Bioorg Med Chem Lett,2016,Alpha-1a adrenergic receptor,Ki,nM,6.5,600.85,6.6
CHEMBL3921827,31.62,c1cnc2c(N3CCN(CCCc4ccc(OCCCN5CCCCCC5)cc4)CC3)cccc2c1,Scientific Literature,Antagonist activity at adrenergic alpha1A receptor (unknown origin) expressed in Rat1 cells assessed as inhibition of phenylephrine-induced Ca2+ flux preincubated for 30 mins followed by phenylephrine addition by Fluo-4-AM-dye based FLIPR assay,A,Homo sapiens,,Bioorg Med Chem Lett,2016,Alpha-1a adrenergic receptor,Ki,nM,7.5,486.7,5.63
CHEMBL2205829,10000.0,OC12C3C4CC5C6C4C1C6C(C53)N2Cc1ccc2c(c1)OCO2,Scientific Literature,Inhibition of adrenergic alpha1A receptor (unknown origin) by PDSP assay,B,Homo sapiens,,Bioorg Med Chem,2013,Alpha-1a adrenergic receptor,Ki,nM,,309.37,1.68
CHEMBL5483012,37.0,COC(=O)C1=C(C)NC(C)=C(C(=O)NCCCN2CCC(c3ccccc3)(c3ccccc3)CC2)C1c1ccc([N+](=O)[O-])cc1.Cl,Scientific Literature,Ability to displace [3H]prazosin from cloned human Alpha-1A adrenergic receptor,B,,,J Med Chem,1995,Alpha-1a adrenergic receptor,Ki,nM,7.43,645.2,5.59
CHEMBL2234444,8.7,COc1cccc(OC)c1OCCNC[C@@H]1C(=O)c2ccccc2C[C@H]1c1ccccc1,Scientific Literature,Binding affinity to adrenergic alpha1A receptor (unknown origin),B,Homo sapiens,,Med Chem Res,2011,Alpha-1a adrenergic receptor,Ki,nM,8.06,431.53,4.51
CHEMBL2234454,467.74,COc1cccc(OC)c1OCCN[C@H]1COC[C@H](c2ccccc2)O1,Scientific Literature,Binding affinity to adrenergic alpha1A receptor (unknown origin),B,Homo sapiens,,Med Chem Res,2011,Alpha-1a adrenergic receptor,Ki,nM,6.33,359.42,2.79
CHEMBL608151,199.53,CCOC[C@H]1[C@@H]2CNC[C@@]21c1ccc(Cl)c(Cl)c1,Scientific Literature,Inhibition of adrenergic alpha1A receptor,B,,,J Med Chem,2010,Alpha-1a adrenergic receptor,Ki,nM,6.7,286.2,3.12
CHEMBL319706,530.0,C[C@@H]([C@@H](O)c1ccc(O)cc1)N1CCC(Cc2ccccc2)CC1,Scientific Literature,Displacement of [3H]prazosin from alpha-1A adrenergic receptor (unknown origin),B,Homo sapiens,,J Med Chem,2021,Alpha-1a adrenergic receptor,Ki,nM,6.28,325.45,3.77
CHEMBL2260361,4.786,COC(=O)C1(c2ccccc2)CCN(CCCNC(=O)C2=C(C)NC(C)=C(C(=O)OCCC#N)C2c2ccc([N+](=O)[O-])cc2)CC1,Scientific Literature,Binding affinity to Homo sapiens (human) alpha1A adrenergic receptor,B,Homo sapiens,,Med Chem Res,2004,Alpha-1a adrenergic receptor,Ki,nM,8.32,629.71,4.0
CHEMBL2260368,1.479,COC(=O)C1=C(C)NC(C)=C(C(=O)NCCCN2CCC(c3ccccc3)(c3ccccc3)CC2)C1c1ccc([N+](=O)[O-])c(OC)c1,Scientific Literature,Binding affinity to Homo sapiens (human) alpha1A adrenergic receptor,B,Homo sapiens,,Med Chem Res,2004,Alpha-1a adrenergic receptor,Ki,nM,8.83,638.77,5.6
CHEMBL312871,8.71,CC1=C(C(N)=O)C(c2ccc3c(c2)OCO3)C(C(=O)NCCCN2CCC(c3ccccc3)(c3ccccc3)CC2)=C(C)N1,Scientific Literature,Binding affinity to Homo sapiens (human) alpha1A adrenergic receptor,B,Homo sapiens,,Med Chem Res,2004,Alpha-1a adrenergic receptor,Ki,nM,8.06,592.74,4.72
CHEMBL5483012,0.3467,COC(=O)C1=C(C)NC(C)=C(C(=O)NCCCN2CCC(c3ccccc3)(c3ccccc3)CC2)C1c1ccc([N+](=O)[O-])cc1.Cl,Scientific Literature,Binding affinity to Homo sapiens (human) alpha1A adrenergic receptor,B,Homo sapiens,,Med Chem Res,2004,Alpha-1a adrenergic receptor,Ki,nM,9.46,645.2,5.59
CHEMBL3758741,230.0,Cc1cccc(N2CCN(CCCCNC(=O)c3ccc4ccccc4c3)CC2)c1C,Scientific Literature,Displacement of [3H]-prazosin from human ADRA1A receptor,B,Homo sapiens,,Bioorg Med Chem Lett,2016,Alpha-1a adrenergic receptor,Ki,nM,6.64,415.58,4.79
CHEMBL327775,56.23,CC1=C(C#N)C(c2ccc([N+](=O)[O-])cc2)C(C(=O)NCCCN2CCC(c3ccccc3)(c3ccccc3)CC2)=C(C)N1,Scientific Literature,Binding affinity to Homo sapiens (human) alpha1A adrenergic receptor,B,Homo sapiens,,Med Chem Res,2004,Alpha-1a adrenergic receptor,Ki,nM,7.25,575.71,5.94
CHEMBL19476,420.0,COc1cc2nc(N3CCN(C(=O)OCc4ccccc4)[C@H](C(=O)NC(C)(C)C)C3)nc(N)c2cc1OC,Scientific Literature,Compound was tested for its binding affinity utilizing cloned receptor binding assays by using [125 I]HEAT as radioligand to the human Alpha-1A adrenergic receptor,B,,,J Med Chem,1998,Alpha-1a adrenergic receptor,Ki,nM,6.38,522.61,2.97
CHEMBL323579,0.4,CCC1=C(C(N)=O)C(c2ccc([N+](=O)[O-])cc2)C(C(=O)NCCCN2CCC(c3ccccc3)(c3ccccc3)CC2)=C(COCCN)N1,Scientific Literature,Binding affinity against human Alpha-1a adrenergic receptor,B,,,Bioorg Med Chem Lett,1999,Alpha-1a adrenergic receptor,Ki,nM,9.4,666.82,4.25
CHEMBL420060,2.3,COc1ccccc1N1CCN(CCCNc2c(C)c(=O)n(C)c(=O)n2C)CC1,Scientific Literature,The compound was tested for binding affinity against Alpha-1A adrenergic receptor from human clones.,B,,,J Med Chem,1995,Alpha-1a adrenergic receptor,Ki,nM,8.64,401.51,1.03
CHEMBL13647,436.52,COc1ccccc1N1CCN(CCN2C(=O)CC3(CCCC3)CC2=O)CC1,Scientific Literature,Binding affinity at human cloned Alpha-1A adrenergic receptor in chinese hamster ovary cells by [3H]-prazosin displacement.,B,,,J Med Chem,1998,Alpha-1a adrenergic receptor,Ki,nM,6.36,385.51,2.53
CHEMBL5483012,0.35,COC(=O)C1=C(C)NC(C)=C(C(=O)NCCCN2CCC(c3ccccc3)(c3ccccc3)CC2)C1c1ccc([N+](=O)[O-])cc1.Cl,Scientific Literature,Binding affinity against human Alpha-1a adrenergic receptor,B,,,Bioorg Med Chem Lett,1999,Alpha-1a adrenergic receptor,Ki,nM,9.46,645.2,5.59
CHEMBL278865,0.34,COc1ccccc1N1CCN(CCCNC(=O)c2cccc3c(=O)c(C)c(-c4ccccc4)oc23)CC1,Scientific Literature,Inhibition of [3H]prazosin binding to cloned human Alpha-1A adrenergic receptor in CHO cells (chinese hamster ovary cells),B,,,J Med Chem,2003,Alpha-1a adrenergic receptor,Ki,nM,9.47,511.62,4.72
CHEMBL611,32.0,COc1cc2nc(N3CCN(C(=O)C4CCCO4)CC3)nc(N)c2cc1OC,Scientific Literature,Compound was evaluated for its affinity for Alpha-1a adrenergic receptor in dog prostate tissue preparations,B,Canis lupus familiaris,Prostate gland,Bioorg Med Chem Lett,1998,Alpha-1a adrenergic receptor,Ki,nM,7.5,387.44,1.06
CHEMBL3952802,63.1,O=C(O)/C=C/c1ccc2cccc(N3CCN(CCc4ccc(OCCCN5CCCCCC5)cc4)CC3)c2n1,Scientific Literature,Antagonist activity at adrenergic alpha1A receptor (unknown origin) expressed in Rat1 cells assessed as inhibition of phenylephrine-induced Ca2+ flux preincubated for 30 mins followed by phenylephrine addition by Fluo-4-AM-dye based FLIPR assay,A,Homo sapiens,,Bioorg Med Chem Lett,2016,Alpha-1a adrenergic receptor,Ki,nM,7.2,542.72,5.34
CHEMBL43116,0.4677,COc1cccc(OC)c1OCCNCCOc1ccccc1OCc1ccccc1,Scientific Literature,Displacement of [3H]prazosin from human adrenergic alpha1A expressed in CHO cells,B,Homo sapiens,,Bioorg Med Chem,2010,Alpha-1a adrenergic receptor,Ki,nM,9.33,423.51,4.33
CHEMBL31354,18.62,COc1ccccc1N1CCN(CCN(C(=O)C2CCCCC2)c2ccccn2)CC1,Scientific Literature,Displacement of [3H]Prazosin from human recombinant alpha 1A adrenergic receptor expressed in CHO cells incubated for 30 mins by radioligand competition binding assay,B,Homo sapiens,,Eur J Med Chem,2019,Alpha-1a adrenergic receptor,Ki,nM,7.73,422.57,3.83
CHEMBL4462768,426.58,O=C(O)C(=O)O.c1ccc(OCCNC[C@@H]2CO[C@H](C(c3ccccc3)c3ccccc3)O2)cc1,Scientific Literature,Displacement of [3H] prazosin from human cloned adrenoceptor alpha 1A expressed in CHO cell membrane incubated for 30 mins by liquid scintillation counting,B,Homo sapiens,,Eur J Med Chem,2019,Alpha-1a adrenergic receptor,Ki,nM,6.37,479.53,4.23
CHEMBL362863,490.0,CCS(=O)(=O)Nc1cccc(C(=C2CCCCC2)c2c[nH]cn2)c1,Scientific Literature,Binding constant measured against Alpha-1A adrenergic receptor in human prostate; +:inactive,B,Homo sapiens,Prostate gland,Bioorg Med Chem Lett,2005,Alpha-1a adrenergic receptor,Ki,nM,6.31,345.47,3.94
CHEMBL3907368,1995.26,O=C(O)CCc1cnc2c(N3CCN(CCc4ccc(OCCCN5CCCCCC5)cc4)CC3)cccc2c1,Scientific Literature,Antagonist activity at adrenergic alpha1A receptor (unknown origin) expressed in Rat1 cells assessed as inhibition of phenylephrine-induced Ca2+ flux preincubated for 30 mins followed by phenylephrine addition by Fluo-4-AM-dye based FLIPR assay,A,Homo sapiens,,Bioorg Med Chem Lett,2016,Alpha-1a adrenergic receptor,Ki,nM,,544.74,5.26
CHEMBL405355,0.16,COC(=O)C1=C(C)NC(C)=C(C(=O)OCCCN2CCC(c3ccccc3)(c3ccccc3)CC2)[C@H]1c1cccc([N+](=O)[O-])c1,Scientific Literature,Ability to displace [3H]prazosin from cloned human Alpha-1A adrenergic receptor,B,,,J Med Chem,1995,Alpha-1a adrenergic receptor,Ki,nM,9.8,609.72,6.02
CHEMBL244946,630.96,Cc1ccc2c(-c3nnc(SCCCN4CCc5ccc(-c6cc(C)nn6C)cc5CC4)n3C)cccc2n1,Scientific Literature,Antagonist activity at human Alpha1a adreno receptor,F,Homo sapiens,,J Med Chem,2007,Alpha-1a adrenergic receptor,Ki,nM,,537.74,5.63
CHEMBL391530,2.0,COc1ccc(S(=O)(=O)N[C@H]2CC[C@@H](N3CCN(c4ccccc4OC(C)C)CC3)CC2)cc1OC,Scientific Literature,Binding affinity to human cloned adrenergic Alpha-1A receptor,B,Homo sapiens,,Bioorg Med Chem Lett,2007,Alpha-1a adrenergic receptor,Ki,nM,8.7,517.69,3.9
CHEMBL3217244,31.62,COc1ccc2c(c1OCCNC[C@@H]1COc3ccccc3O1)NCC2.Cl.Cl,Scientific Literature,Displacement of [3H]prazosin from human alpha-1A adrenoreceptor expressed in CHO cells after 30 mins,B,Homo sapiens,,J Med Chem,2013,Alpha-1a adrenergic receptor,Ki,nM,7.5,429.34,2.47
CHEMBL3104092,10000.0,CN1CCc2c(c3cccc4c3n2Cc2ccccc2C4)C1,Scientific Literature,Displacement of [125I]HEAT from adrenergic alpha1A receptor (unknown origin),B,Homo sapiens,,Bioorg Med Chem Lett,2014,Alpha-1a adrenergic receptor,Ki,nM,,288.39,3.58
CHEMBL1223750,68.0,FC(F)(F)c1cccc(N2CCN(CCCCNc3nccc4ccccc34)CC2)c1,Scientific Literature,Displacement of [3H]prazosin from human adrenergic alpha1A receptor,B,Homo sapiens,,Bioorg Med Chem Lett,2010,Alpha-1a adrenergic receptor,Ki,nM,7.17,428.5,5.27
CHEMBL197442,0.3162,COc1cccc(OC)c1OCCNCCOc1ccccc1OCc1cccc([N+](=O)[O-])c1,Scientific Literature,Binding affinity to adrenergic alpha1A receptor (unknown origin),B,Homo sapiens,,Med Chem Res,2011,Alpha-1a adrenergic receptor,Ki,nM,9.5,468.51,4.24
CHEMBL200366,1.995,COc1cccc(OC)c1OCCNCCOc1ccccc1OCc1ccc(C)cc1,Scientific Literature,Binding affinity to adrenergic alpha1A receptor (unknown origin),B,Homo sapiens,,Med Chem Res,2011,Alpha-1a adrenergic receptor,Ki,nM,8.7,437.54,4.64
CHEMBL2234451,1698.2,COc1cc2nc3c(c(N)c2cc1OC)CCC(CNCOc1c(OC)cccc1OC)C3,Scientific Literature,Binding affinity to adrenergic alpha1A receptor (unknown origin),B,Homo sapiens,,Med Chem Res,2011,Alpha-1a adrenergic receptor,Ki,nM,5.77,453.54,3.58
CHEMBL2234447,28.84,COc1ccccc1N1CCN(CC2CO[C@H](c3ccccc3)O2)CC1,Scientific Literature,Binding affinity to adrenergic alpha1A receptor (unknown origin),B,Homo sapiens,,Med Chem Res,2011,Alpha-1a adrenergic receptor,Ki,nM,7.54,354.45,2.93
CHEMBL60583,2.832,CC(C)Oc1ccccc1N1CCN(CCN2C(=O)CC3(CCCC3)CC2=O)CC1,Scientific Literature,Binding affinity to adrenergic alpha1A receptor (unknown origin),B,Homo sapiens,,Med Chem Res,2011,Alpha-1a adrenergic receptor,Ki,nM,8.55,413.56,3.31
CHEMBL3183055,280.0,CN(C)CCc1c[nH]c2ccccc12.O=C(O)/C=C/C(=O)O,Scientific Literature,Displacement of [3H] prazosin from human recombinant adrenergic alpha-1a receptor expressed in human Chem-1 cells assessed as inhibition constant incubated for 60 mins by spectrophotometric analysis,B,Homo sapiens,,ACS Med Chem Lett,2023,Alpha-1a adrenergic receptor,Ki,nM,6.55,304.35,2.27
CHEMBL836,0.19,CCOc1ccccc1OCCN[C@H](C)Cc1ccc(OC)c(S(N)(=O)=O)c1,Scientific Literature,Displacement of [125I]HEAT from human recombinant adrenergic alpha1A receptor,B,Homo sapiens,,Bioorg Med Chem Lett,2008,Alpha-1a adrenergic receptor,Ki,nM,9.72,408.52,2.34
CHEMBL45491,680.0,CN(C)C1C=CC2(CC1)c1ccccc1CCc1ccc(Cl)cc12,Scientific Literature,The compound was tested for binding affinity against Alpha-1 adrenergic receptor using WB-4101 as radioligand,B,,,J Med Chem,1991,Alpha-1a adrenergic receptor,Ki,nM,6.17,337.89,5.0
CHEMBL836,0.029,CCOc1ccccc1OCCN[C@H](C)Cc1ccc(OC)c(S(N)(=O)=O)c1,Scientific Literature,Binding affinity against human adrenergic receptor subtype Alpha-1A adrenergic receptor using [3H]prazosin as radioligand,B,,,J Med Chem,1997,Alpha-1a adrenergic receptor,Ki,nM,10.54,408.52,2.34
CHEMBL267777,172.44,Cc1nc2sccn2c(=O)c1CCN1CCC(=C(c2ccc(F)cc2)c2ccc(F)cc2)CC1,EUbOPEN Chemogenomic Library,"PDSP Secondary Binding target: ADRA1A - Compounds are tested at 10 uM concentration, plate are incubated at room temperature in the dark for 90 minutes. Reaction are stopped by vacuum filtration onto 0.3% polyethyleneimine soaked filter mats using Filtermate harvester. Scintillation cocktail is then melted onto microwave-dried filters on a hot plate and the radio activity is counted in Microbia counter. Compounds showing a minimum of 50% inhibition at 10 uM concentration are carried forward in this secondary binding assay to determine equilibrium binding affinity.",B,Homo sapiens,,,2024,Alpha-1a adrenergic receptor,Ki,nM,6.76,477.58,5.48
CHEMBL2432049,2276.0,c1ccc(CCN[C@H]2C3C4CC5C6C4CC3C6C52)nc1,Scientific Literature,Inhibition of adrenergic alpha1A receptor (unknown origin) by PDSP assay,B,Homo sapiens,,Bioorg Med Chem,2013,Alpha-1a adrenergic receptor,Ki,nM,5.64,266.39,2.36
CHEMBL709,8.2,COc1cc2nc(N(C)CCCNC(=O)C3CCCO3)nc(N)c2cc1OC,Scientific Literature,Binding affinity against Alpha-1A adrenergic receptor from human clone,B,Homo sapiens,,J Med Chem,1995,Alpha-1a adrenergic receptor,Ki,nM,8.09,389.46,1.35
CHEMBL679,2000.0,CNC[C@H](O)c1ccc(O)c(O)c1,Scientific Literature,Binding affinity against alpha-1 adrenergic receptor in guinea pig cerebral cortical membranes by displacement of [3H]- WB-4101,B,Cavia porcellus,,J Med Chem,1988,Alpha-1a adrenergic receptor,Ki,nM,5.7,183.21,0.35
CHEMBL2146805,12.59,CN1CCC[C@@H]1Cn1nc(Cc2ccc(Cl)cc2)c2cnccc2c1=O,Scientific Literature,Antagonist activity at human adrenergic alpha1A receptor expressed in rat fibroblasts by by plate-based calcium imaging,F,Homo sapiens,,Bioorg Med Chem,2012,Alpha-1a adrenergic receptor,Ki,nM,7.9,368.87,3.13
CHEMBL1112,100.0,O=C1CCc2ccc(OCCCCN3CCN(c4cccc(Cl)c4Cl)CC3)cc2N1,Scientific Literature,Binding affinity to adrenergic alpha1A receptor (unknown origin) by PDSP assay,B,Homo sapiens,,Medchemcomm,2012,Alpha-1a adrenergic receptor,Ki,nM,7.0,448.39,4.86
CHEMBL1223683,46.0,Clc1cccc(N2CCN(CCCCNc3ccc4ccccc4n3)CC2)c1Cl,Scientific Literature,Displacement of [3H]prazosin from human adrenergic alpha1A receptor,B,Homo sapiens,,Bioorg Med Chem Lett,2010,Alpha-1a adrenergic receptor,Ki,nM,7.34,429.4,5.56
CHEMBL56331,0.25,Cc1c[nH]c(=O)n(CCCN2CCN(c3ccccc3OCC(F)(F)F)CC2)c1=O,Scientific Literature,Binding constant measured against Alpha-1A adrenergic receptor in human prostate; +++:highly active,B,Homo sapiens,Prostate gland,Bioorg Med Chem Lett,2005,Alpha-1a adrenergic receptor,Ki,nM,9.6,426.44,2.0
CHEMBL1242445,12.59,COc1ccccc1N1CCN(C[C@@H]2CO[C@](CN3CCCC3=O)(c3ccccc3)O2)CC1,Scientific Literature,Displacement [3H]prazosin of human recombinant alpha1A adrenergic receptor expressed in CHO cells by rapid filtration technique,B,Homo sapiens,,Eur J Med Chem,2010,Alpha-1a adrenergic receptor,Ki,nM,7.9,451.57,2.71
CHEMBL1242724,2.884,COc1ccccc1N1CCN(C[C@H]2CO[C@@](CN3C(=O)CCC3=O)(c3ccccc3)O2)CC1,Scientific Literature,Displacement [3H]prazosin of human recombinant alpha1A adrenergic receptor expressed in CHO cells by rapid filtration technique,B,Homo sapiens,,Eur J Med Chem,2010,Alpha-1a adrenergic receptor,Ki,nM,8.54,465.55,2.23
CHEMBL2387229,2569.2,Cc1cc(=O)oc2c(Cl)c(OCCCCN3CCC(c4noc5cc(F)ccc45)CC3)ccc12,Scientific Literature,Binding affinity to alpha1 adrenoceptor (unknown origin),A,Homo sapiens,,Bioorg Med Chem Lett,2021,Alpha-1a adrenergic receptor,Ki,nM,5.59,484.96,6.07
CHEMBL4865907,331.5,CN1CCN(Cc2ccc(OCCCN3CCC(c4noc5cc(F)ccc45)CC3)cc2)CC1,Scientific Literature,Binding affinity to alpha1 adrenoceptor (unknown origin),A,Homo sapiens,,Bioorg Med Chem Lett,2021,Alpha-1a adrenergic receptor,Ki,nM,6.48,466.6,4.36
CHEMBL85,3.2,Cc1nc2n(c(=O)c1CCN1CCC(c3noc4cc(F)ccc34)CC1)CCCC2,Scientific Literature,Binding affinity to alpha1 adrenoceptor (unknown origin),A,Homo sapiens,,Bioorg Med Chem Lett,2021,Alpha-1a adrenergic receptor,Ki,nM,8.49,410.49,3.59
CHEMBL467094,2.0,COc1cc2c3c(c1OC)-c1cc4c(cc1CC3N(C)CC2)OCO4,Scientific Literature,Displacement of [3H]Prazosin from human adrenergic alpha1A receptor,B,Homo sapiens,,Bioorg Med Chem Lett,2010,Alpha-1a adrenergic receptor,Ki,nM,8.7,339.39,3.18
CHEMBL611,6.918,COc1cc2nc(N3CCN(C(=O)C4CCCO4)CC3)nc(N)c2cc1OC,Scientific Literature,Binding affinity determined by displacement of [3H]prazosin from alpha-1A adrenergic receptor,B,,,J Med Chem,1998,Alpha-1a adrenergic receptor,Ki,nM,8.16,387.44,1.06
CHEMBL5483012,1.3,COC(=O)C1=C(C)NC(C)=C(C(=O)NCCCN2CCC(c3ccccc3)(c3ccccc3)CC2)C1c1ccc([N+](=O)[O-])cc1.Cl,Scientific Literature,Inhibition of [3H]prazosin binding to human Alpha-1A adrenergic receptor expressed in CHO cells,B,Homo sapiens,,J Med Chem,1995,Alpha-1a adrenergic receptor,Ki,nM,8.89,645.2,5.59
CHEMBL4442460,1.7,COc1ccccc1N1CCN(CCCNC(=O)NN(Cc2ccccc2)c2ccccc2)CC1,Scientific Literature,Displacement of [3H] prazosin from alpha1A adrenergic receptor (unknown origin),B,Homo sapiens,,J Med Chem,2019,Alpha-1a adrenergic receptor,Ki,nM,8.77,473.62,4.13
CHEMBL1223749,60.0,Clc1cccc(N2CCN(CCCCNc3nccc4ccccc34)CC2)c1Cl,Scientific Literature,Displacement of [3H]prazosin from human adrenergic alpha1A receptor,B,Homo sapiens,,Bioorg Med Chem Lett,2010,Alpha-1a adrenergic receptor,Ki,nM,7.22,429.4,5.56
CHEMBL91022,0.2291,CO/C(O)=C1\C(C)=NC(C)=C(C(=O)NCCCN2CCC(c3ccccc3)CC2)C1c1ccc([N+](=O)[O-])cc1,Scientific Literature,Binding affinity determined by displacement of [3H]prazosin from alpha-1A adrenergic receptor,B,,,J Med Chem,1998,Alpha-1a adrenergic receptor,Ki,nM,9.64,532.64,5.23
CHEMBL54,11.0,O=C(CCCN1CCC(O)(c2ccc(Cl)cc2)CC1)c1ccc(F)cc1,BindingDB Patent Bioactivity Data,"Binding Assay: Binding assay using 5-HT2A, Dopamine D2, SERT, Î±A1, 5-HT2C and H1 Receptors.",B,Homo sapiens,,,2013,Alpha-1a adrenergic receptor,Ki,nM,7.96,375.87,4.43
CHEMBL716,20.0,OCCOCCN1CCN(C2=Nc3ccccc3Sc3ccccc32)CC1,BindingDB Patent Bioactivity Data,"Binding Assay: Binding assay using 5-HT2A, Dopamine D2, SERT, Î±A1, 5-HT2C and H1 Receptors.",B,Homo sapiens,,,2013,Alpha-1a adrenergic receptor,Ki,nM,7.7,383.52,2.86
CHEMBL5398630,480.0,O=C(O)/C=C/C(=O)O.[2H]C([2H])(Cc1c[nH]c2ccccc12)N(C)C,Scientific Literature,Displacement of [3H] prazosin from human recombinant adrenergic alpha-1a receptor expressed in human Chem-1 cells assessed as inhibition constant incubated for 60 mins by spectrophotometric analysis,B,Homo sapiens,,ACS Med Chem Lett,2023,Alpha-1a adrenergic receptor,Ki,nM,6.32,306.36,2.27
CHEMBL49395,18197.01,c1cnc2cc(NC3=NCCN3)ccc2n1,Scientific Literature,Binding affinity for human Alpha-1A adrenergic receptor from cultured LM(tk-) cells using [3H]-prazosin,B,Homo sapiens,,Bioorg Med Chem Lett,1995,Alpha-1a adrenergic receptor,Ki,nM,4.74,213.24,1.0
CHEMBL301707,0.2692,COc1ccccc1N1CCN(CCn2c(=O)[nH]c3c([nH]c4ccccc43)c2=O)CC1,Scientific Literature,Binding affinity to adrenergic alpha1A receptor,B,,,Eur J Med Chem,2011,Alpha-1a adrenergic receptor,Ki,nM,9.57,419.49,2.0
CHEMBL31354,20.0,COc1ccccc1N1CCN(CCN(C(=O)C2CCCCC2)c2ccccn2)CC1,Scientific Literature,Inhibition of adrenergic alpha1A receptor,B,,,J Med Chem,2011,Alpha-1a adrenergic receptor,Ki,nM,7.7,422.57,3.83
CHEMBL4437817,1000.0,COc1cccc(OC)c1OCCNCC1(c2ccccc2)COCCO1,Scientific Literature,Displacement of [3H]Prazosin from human recombinant alpha 1A adrenergic receptor expressed in CHO cells incubated for 30 mins by radioligand competition binding assay,B,Homo sapiens,,Eur J Med Chem,2019,Alpha-1a adrenergic receptor,Ki,nM,,373.45,2.61
CHEMBL707,3.162,COc1cc2nc(N3CCN(C(=O)C4COc5ccccc5O4)CC3)nc(N)c2cc1OC,Scientific Literature,Binding affinity was tested on human Alpha-1A adrenergic receptor,B,,,J Med Chem,1997,Alpha-1a adrenergic receptor,Ki,nM,8.5,451.48,1.72
CHEMBL3926412,251.19,CCc1cc(N2CCN(CCc3ccc(OCCCN4CCCCCC4)cc3)CC2)c2nc(CCC(=O)O)ccc2c1,Scientific Literature,Antagonist activity at adrenergic alpha1A receptor (unknown origin) expressed in Rat1 cells assessed as inhibition of phenylephrine-induced Ca2+ flux preincubated for 30 mins followed by phenylephrine addition by Fluo-4-AM-dye based FLIPR assay,A,Homo sapiens,,Bioorg Med Chem Lett,2016,Alpha-1a adrenergic receptor,Ki,nM,6.6,572.79,5.82
CHEMBL2234453,407.38,c1ccc(OCCN[C@H]2COC[C@H](c3ccccc3)O2)cc1,Scientific Literature,Binding affinity to adrenergic alpha1A receptor (unknown origin),B,Homo sapiens,,Med Chem Res,2011,Alpha-1a adrenergic receptor,Ki,nM,6.39,299.37,2.77
CHEMBL56620,54.61,O=C1CC2(CCCC2)C(=O)N1CCN1CCN(c2cc(Cl)ccc2Cl)CC1,Scientific Literature,Binding affinity to adrenergic alpha1A receptor (unknown origin),B,Homo sapiens,,Med Chem Res,2011,Alpha-1a adrenergic receptor,Ki,nM,7.26,410.35,3.43
CHEMBL57540,23.4,COc1ccccc1N1CCN(CCN2C=CC3(CCCC3)CC2=O)CC1,Scientific Literature,Binding affinity to adrenergic alpha1A receptor (unknown origin),B,Homo sapiens,,Med Chem Res,2011,Alpha-1a adrenergic receptor,Ki,nM,7.63,369.51,3.12
CHEMBL299022,170.88,N#Cc1ccccc1N1CCN(CCN2C(=O)CC3(CCCC3)CC2=O)CC1,Scientific Literature,Binding affinity to adrenergic alpha1A receptor (unknown origin),B,Homo sapiens,,Med Chem Res,2011,Alpha-1a adrenergic receptor,Ki,nM,6.77,380.49,2.39
CHEMBL56,1000.0,CCCN(CCC)C1CCc2cccc(O)c2C1,Scientific Literature,Displacement of [3H]prazosin from human cloned alpha1A adrenoceptor expressed in CHO cells,B,Homo sapiens,,J Med Chem,2008,Alpha-1a adrenergic receptor,Ki,nM,,247.38,3.37
CHEMBL256853,74.0,COc1ccc(NC(=O)NC2CCC(N3CCN(c4ccccc4OC(C)C)CC3)CC2)c(OC)c1,Scientific Literature,Displacement of [125I]HEAT from human recombinant adrenergic alpha1A receptor,B,Homo sapiens,,Bioorg Med Chem Lett,2008,Alpha-1a adrenergic receptor,Ki,nM,7.13,496.65,4.75
CHEMBL210578,39.3,O=C(CCCN1C2CCC1CC(O)(c1ccc(Cl)cc1)C2)c1ccc(F)cc1,Scientific Literature,Binding affinity to human cloned adrenergic alpha-1A receptor by radioligand binding assay,B,Homo sapiens,,Bioorg Med Chem Lett,2006,Alpha-1a adrenergic receptor,Ki,nM,7.41,401.91,4.96
CHEMBL4576555,1394.62,CN1CCN(C(=O)C(C)(C)c2ccc(C(=O)Nc3cn4cc(-c5cc(C(C)(C)C)cc(C(C)(C)C)c5)ccc4n3)cc2)CC1,SGC Frankfurt - Donated Chemical Probes,GPCRScan assay: inhibition of Alpha1A,B,Homo sapiens,,,2021,Alpha-1a adrenergic receptor,Ki,nM,5.86,593.82,6.9
CHEMBL1079066,85.11,COc1cccc(OCCNCC2COC(c3ccccc3)(c3ccccc3)O2)c1OC,Scientific Literature,Displacement of [3H]prazosin from human alpha1A adrenergic receptor expressed in CHO cells,B,Homo sapiens,,Bioorg Med Chem Lett,2010,Alpha-1a adrenergic receptor,Ki,nM,7.07,435.52,3.99
CHEMBL4544457,288.4,O=C(O)C(=O)O.c1ccc(OCCNCC2COC(c3ccccc3)(c3ccccc3)OC2)cc1,Scientific Literature,Displacement of [3H] prazosin from human cloned adrenoceptor alpha 1A expressed in CHO cell membrane incubated for 30 mins by liquid scintillation counting,B,Homo sapiens,,Eur J Med Chem,2019,Alpha-1a adrenergic receptor,Ki,nM,6.54,479.53,4.22
CHEMBL1289715,2511.89,O=C1O[C@]2(CC[C@H](c3nc4cc(OC(F)(F)F)ccc4[nH]3)CC2)CN1c1cccnc1,Scientific Literature,Antagonistic activity at human alpha1A receptor expressed in rat 1 fibroblast cells assessed as inhibition of calcium level by FLIPR assay,F,Homo sapiens,,Bioorg Med Chem Lett,2010,Alpha-1a adrenergic receptor,Ki,nM,,432.4,4.91
CHEMBL1767164,39.81,O=c1c2ccccc2c(Cc2ccc(Cl)cc2)nn1C[C@H]1CCCN1CCCCc1ccc(OCCCN2CCCCCC2)cc1,Scientific Literature,Antagonist activity at adrenergic alpha1A receptor (unknown origin) expressed in Rat1 cells assessed as inhibition of phenylephrine-induced Ca2+ flux preincubated for 30 mins followed by phenylephrine addition by Fluo-4-AM-dye based FLIPR assay,A,Homo sapiens,,Bioorg Med Chem Lett,2016,Alpha-1a adrenergic receptor,Ki,nM,7.4,641.3,7.77
CHEMBL71001,1621.81,COc1ccc(S(C)(=O)=O)c(NCC2=NCCN2)c1,Scientific Literature,Affinity to Alpha-1 adrenergic receptor determined by radioligand binding techniques from rat-1 fibroblasts membranes,B,,,J Med Chem,2002,Alpha-1a adrenergic receptor,Ki,nM,5.79,283.35,0.51
CHEMBL2234450,158.49,COc1cc2nc3c(c(N)c2cc1OC)CC(CNC(=O)c1ccoc1)C3,Scientific Literature,Binding affinity to adrenergic alpha1A receptor (unknown origin),B,Homo sapiens,,Med Chem Res,2011,Alpha-1a adrenergic receptor,Ki,nM,6.8,367.4,2.57
CHEMBL300152,151.36,CC(CN1CCN(c2cc(Cl)ccc2Cl)CC1)N1C(=O)CC2(CCCC2)CC1=O,Scientific Literature,Binding affinity to adrenergic alpha1A receptor (unknown origin),B,Homo sapiens,,Med Chem Res,2011,Alpha-1a adrenergic receptor,Ki,nM,6.82,438.4,4.21
CHEMBL59149,100.0,Cc1ccc(Cl)c(N2CCN(CCN3C(=O)CC4(CCCC4)CC3=O)CC2)c1,Scientific Literature,Binding affinity to adrenergic alpha1A receptor (unknown origin),B,Homo sapiens,,Med Chem Res,2011,Alpha-1a adrenergic receptor,Ki,nM,7.0,403.95,3.48
CHEMBL299253,43.14,O=C1CC2(C=CN1CCN1CCN(c3ccccc3Cl)CC1)CCCC2,Scientific Literature,Binding affinity to adrenergic alpha1A receptor (unknown origin),B,Homo sapiens,,Med Chem Res,2011,Alpha-1a adrenergic receptor,Ki,nM,7.37,373.93,3.77
CHEMBL2234440,338.84,COc1cccc(OC)c1OCCNC1COCC(c2ccccc2)(c2ccccc2)O1,Scientific Literature,Binding affinity to adrenergic alpha1A receptor (unknown origin),B,Homo sapiens,,Med Chem Res,2011,Alpha-1a adrenergic receptor,Ki,nM,6.47,435.52,3.99
CHEMBL1200492,137.29,CCc1nn(CCCN2CCN(c3cccc(Cl)c3)CC2)c(=O)n1CCOc1ccccc1.Cl,EUbOPEN Chemogenomic Library,"PDSP Secondary Binding target: ADRA1A - Compounds are tested at 10 uM concentration, plate are incubated at room temperature in the dark for 90 minutes. Reaction are stopped by vacuum filtration onto 0.3% polyethyleneimine soaked filter mats using Filtermate harvester. Scintillation cocktail is then melted onto microwave-dried filters on a hot plate and the radio activity is counted in Microbia counter. Compounds showing a minimum of 50% inhibition at 10 uM concentration are carried forward in this secondary binding assay to determine equilibrium binding affinity.",B,Homo sapiens,,,2024,Alpha-1a adrenergic receptor,Ki,nM,6.86,506.48,3.55
CHEMBL299691,630.0,O=C1CC2(CCCC2)CC(=O)N1CCN1CCN(c2ccccc2F)CC1,Scientific Literature,Binding affinity for human Alpha-1A adrenergic receptor,B,Homo sapiens,,J Med Chem,2005,Alpha-1a adrenergic receptor,Ki,nM,6.2,373.47,2.66
CHEMBL390129,2.2,COc1ccc(S(=O)(=O)N[C@H]2CC[C@@H](N3CCC(c4ccccc4OC(C)C)CC3)CC2)cc1OC,Scientific Literature,Binding affinity to human cloned adrenergic alpha-1a receptor,B,Homo sapiens,,Bioorg Med Chem Lett,2007,Alpha-1a adrenergic receptor,Ki,nM,8.66,516.7,4.96
CHEMBL1255085,5.012,Oc1cccc(O)c1OCCNCCOc1ccccc1OCc1ccccc1,Scientific Literature,Displacement of [3H]prazosin from human adrenergic alpha1A expressed in CHO cells,B,Homo sapiens,,Bioorg Med Chem,2010,Alpha-1a adrenergic receptor,Ki,nM,8.3,395.46,3.72
CHEMBL85,2.8,Cc1nc2n(c(=O)c1CCN1CCC(c3noc4cc(F)ccc34)CC1)CCCC2,Scientific Literature,Binding constant measured against Alpha-1A adrenergic receptor in human prostate; ++:moderately active,B,Homo sapiens,Prostate gland,Bioorg Med Chem Lett,2005,Alpha-1a adrenergic receptor,Ki,nM,8.55,410.49,3.59
CHEMBL3899169,10200.0,Cc1ccc2c(c1)Oc1sc(Cl)cc1C(N1CCN(CC(C)(C)C(=O)O)CC1)=N2,BindingDB Patent Bioactivity Data,"Binding Assay or Functional Activity Assay: Further, the compounds of the invention may be tested in binding assays and functional activity assays by well known methods for other physiologically important receptors such as, but not limited to, the hERG channel, other serotonin receptors (specifically 5-HT1B, 5-HT1D, receptors, lack of agonist activity at 5-HT2B receptors, 5-HT2C, 5-HT5, 5-HT6, and 5-HT7 receptors), dopaminergic receptors (specifically D1, D2, and D3), GABAA receptors, adrenergic receptors and monoamine transporters.",B,Homo sapiens,,,2016,Alpha-1a adrenergic receptor,Ki,nM,,433.96,4.62
CHEMBL844,2818.38,Brc1c(NC2=NCCN2)ccc2nccnc12,Scientific Literature,Binding affinity for human Alpha-1A adrenergic receptor from cultured LM(tk-) cells using [3H]-prazosin,B,Homo sapiens,,Bioorg Med Chem Lett,1995,Alpha-1a adrenergic receptor,Ki,nM,5.55,292.14,1.76
CHEMBL256597,6.2,CC(C)Oc1ccccc1N1CCN(C2CCC(NC(=O)Nc3c(Cl)cccc3Cl)CC2)CC1,Scientific Literature,Displacement of [125I]HEAT from human recombinant adrenergic alpha1A receptor,B,Homo sapiens,,Bioorg Med Chem Lett,2008,Alpha-1a adrenergic receptor,Ki,nM,8.21,505.49,6.04
CHEMBL270589,5.3,CC(C)Oc1ccccc1N1CCN(C2CCC(NC(=O)Nc3c(F)cccc3F)CC2)CC1,Scientific Literature,Displacement of [125I]HEAT from human recombinant adrenergic alpha1A receptor,B,Homo sapiens,,Bioorg Med Chem Lett,2008,Alpha-1a adrenergic receptor,Ki,nM,8.28,472.58,5.01
CHEMBL270589,52.0,CC(C)Oc1ccccc1N1CCN(C2CCC(NC(=O)Nc3c(F)cccc3F)CC2)CC1,Scientific Literature,Displacement of [125I]HEAT from human recombinant adrenergic alpha1A receptor,B,Homo sapiens,,Bioorg Med Chem Lett,2008,Alpha-1a adrenergic receptor,Ki,nM,7.28,472.58,5.01
CHEMBL3981480,229.09,COc1ccccc1OCCNCC1COC2(CCCCC2)O1,Scientific Literature,Displacement of [3H]prazosin from recombinant human alpha1a adrenergic receptor expressed in CHO cell membranes after 30 mins by TopCount liquid scintillation counting method,B,Homo sapiens,,Eur J Med Chem,2017,Alpha-1a adrenergic receptor,Ki,nM,6.64,321.42,2.74
CHEMBL148552,4.169,COC(=O)C1(c2ccccc2)CCN(CCCNC(=O)C2=C(C)NC(C)=C(C(C)=O)C2c2ccc3c(c2)OCO3)CC1,Scientific Literature,Binding affinity to Homo sapiens (human) alpha1A adrenergic receptor,B,Homo sapiens,,Med Chem Res,2004,Alpha-1a adrenergic receptor,Ki,nM,8.38,573.69,3.95
CHEMBL146815,2.57,COC(=O)C1(c2ccccc2)CCN(CCCNC(=O)C2=C(C)NC(C)=C(C(C)=O)C2c2ccc([N+](=O)[O-])cc2)CC1,Scientific Literature,Binding affinity to Homo sapiens (human) alpha1A adrenergic receptor,B,Homo sapiens,,Med Chem Res,2004,Alpha-1a adrenergic receptor,Ki,nM,8.59,574.68,4.13
CHEMBL355910,6.166,CCOC(=O)C1(c2ccccc2)CCN(CCCNC(=O)C2=C(C)NC(C)=C(C(=O)NC)C2c2ccc([N+](=O)[O-])cc2)CC1,Scientific Literature,Binding affinity to Homo sapiens (human) alpha1A adrenergic receptor,B,Homo sapiens,,Med Chem Res,2004,Alpha-1a adrenergic receptor,Ki,nM,8.21,603.72,3.68
CHEMBL836,0.05012,CCOc1ccccc1OCCN[C@H](C)Cc1ccc(OC)c(S(N)(=O)=O)c1,Scientific Literature,Displacement of [3H]prazosin from human alpha1A adrenoceptor expressed in CHO cells,B,Homo sapiens,,Eur J Med Chem,2010,Alpha-1a adrenergic receptor,Ki,nM,10.3,408.52,2.34
CHEMBL1254743,1.122,COc1cccc([N+](=O)[O-])c1OCCNCCOc1ccccc1OCc1ccccc1,Scientific Literature,Displacement of [3H]prazosin from human adrenergic alpha1A expressed in CHO cells,B,Homo sapiens,,Bioorg Med Chem,2010,Alpha-1a adrenergic receptor,Ki,nM,8.95,438.48,4.23
CHEMBL1254828,2.512,COc1cccc(Cl)c1OCCNCCOc1ccccc1OCc1ccccc1,Scientific Literature,Displacement of [3H]prazosin from human adrenergic alpha1A expressed in CHO cells,B,Homo sapiens,,Bioorg Med Chem,2010,Alpha-1a adrenergic receptor,Ki,nM,8.6,427.93,4.98
CHEMBL1254915,3.162,COc1ccccc1OCCNCCOc1ccccc1OCc1ccccc1,Scientific Literature,Displacement of [3H]prazosin from human adrenergic alpha1A expressed in CHO cells,B,Homo sapiens,,Bioorg Med Chem,2010,Alpha-1a adrenergic receptor,Ki,nM,8.5,393.48,4.32
CHEMBL707,0.7762,COc1cc2nc(N3CCN(C(=O)C4COc5ccccc5O4)CC3)nc(N)c2cc1OC,Scientific Literature,Displacement of [3H]prazosin from human alpha1A adrenoceptor expressed in CHO cell membranes after 30 mins,B,Homo sapiens,,Eur J Med Chem,2017,Alpha-1a adrenergic receptor,Ki,nM,9.11,451.48,1.72
CHEMBL57546,620.0,O=C1CC2(CCCC2)CC(=O)N1CCN1CCN(c2ccc(F)cc2)CC1,Scientific Literature,Binding affinity for human Alpha-1A adrenergic receptor,B,Homo sapiens,,J Med Chem,2005,Alpha-1a adrenergic receptor,Ki,nM,6.21,373.47,2.66
CHEMBL3297829,0.9333,COc1ccccc1N1CCN(CCn2c(=O)[nH]c3c(sc4ccc(NC(=O)CCCC(=O)N(C)Cc5ccccc5)cc43)c2=O)CC1,Scientific Literature,Displacement of [125I]BE2254 from human alpha1a receptor expressed in HEK293 cells,B,Homo sapiens,,Eur J Med Chem,2014,Alpha-1a adrenergic receptor,Ki,nM,9.03,668.82,4.5
CHEMBL3298020,3.89,COc1ccccc1N1CCN(CCn2c(C)nc3c(sc4ccc(NC(=O)c5ccccc5)cc43)c2=O)CC1,Scientific Literature,Displacement of [125I]BE2254 from human alpha1a receptor expressed in HEK293 cells,B,Homo sapiens,,Eur J Med Chem,2014,Alpha-1a adrenergic receptor,Ki,nM,8.41,553.69,5.0
CHEMBL405355,1.8,COC(=O)C1=C(C)NC(C)=C(C(=O)OCCCN2CCC(c3ccccc3)(c3ccccc3)CC2)[C@H]1c1cccc([N+](=O)[O-])c1,Scientific Literature,Inhibition of [3H]prazosin binding to human Alpha-1A adrenergic receptor expressed in CHO cells,B,Homo sapiens,,J Med Chem,1995,Alpha-1a adrenergic receptor,Ki,nM,8.74,609.72,6.02
CHEMBL3104093,286.0,CN1CCc2c(c3cccc4c3n2CCc2ccccc2-4)C1,Scientific Literature,Binding affinity to adrenergic alpha 1A receptor (unknown origin),B,Homo sapiens,,Bioorg Med Chem Lett,2014,Alpha-1a adrenergic receptor,Ki,nM,6.54,288.39,3.85
CHEMBL2,0.04,COc1cc2nc(N3CCN(C(=O)c4ccco4)CC3)nc(N)c2cc1OC,Scientific Literature,Displacement of [3H]prazosin from human recombinant alpha1A adrenoceptor expressed in CHO cells,B,Homo sapiens,,J Med Chem,2014,Alpha-1a adrenergic receptor,Ki,nM,10.4,383.41,1.78
CHEMBL3582268,2.1,COc1cc2nc(N3CCN(C(=O)c4cc5ccc(O)cc5oc4=O)CC3)nc(N)c2cc1OC,Scientific Literature,Displacement of [3H]-Prazosin from human alpha-1A adrenergic receptor transfected in CHO cell membranes after 2 hrs by microplate scintillation counting analysis,B,Homo sapiens,,ACS Med Chem Lett,2015,Alpha-1a adrenergic receptor,Ki,nM,8.68,477.48,2.0
CHEMBL13647,251.0,COc1ccccc1N1CCN(CCN2C(=O)CC3(CCCC3)CC2=O)CC1,Scientific Literature,In vitro binding affinity at human Alpha-1A adrenergic receptor.,B,,,J Med Chem,2003,Alpha-1a adrenergic receptor,Ki,nM,6.6,385.51,2.53
CHEMBL257098,48.0,CC(C)Oc1ccccc1N1CCN(C2CCC(NC(=O)Nc3ccccc3Cl)CC2)CC1,Scientific Literature,Displacement of [125I]HEAT from human recombinant adrenergic alpha1A receptor,B,Homo sapiens,,Bioorg Med Chem Lett,2008,Alpha-1a adrenergic receptor,Ki,nM,7.32,471.05,5.38
CHEMBL3342853,6.761,COc1ccccc1N1CCN(CC2COC3(CCN(Cc4ccccc4)CC3)O2)CC1,Scientific Literature,Displacement of [3H]prazosin from human recombinant alpha1A adrenoceptor expressed in CHO cells after 30 mins by liquid scintillation counting,B,Homo sapiens,,Eur J Med Chem,2014,Alpha-1a adrenergic receptor,Ki,nM,8.17,437.58,3.22
CHEMBL3342862,30.9,COc1ccccc1N1CCN(CC2COC3(CCN(C(=O)C4CCCCC4)CC3)O2)CC1,Scientific Literature,Displacement of [3H]prazosin from human recombinant alpha1A adrenoceptor expressed in CHO cells after 30 mins by liquid scintillation counting,B,Homo sapiens,,Eur J Med Chem,2014,Alpha-1a adrenergic receptor,Ki,nM,7.51,457.62,3.13
CHEMBL3342865,1000.0,COc1ccccc1N1CCN(CC2COC3(CCN(C(=O)C(F)(F)F)CC3)O2)CC1,Scientific Literature,Displacement of [3H]prazosin from human recombinant alpha1A adrenoceptor expressed in CHO cells after 30 mins by liquid scintillation counting,B,Homo sapiens,,Eur J Med Chem,2014,Alpha-1a adrenergic receptor,Ki,nM,,443.47,2.11
CHEMBL2261608,25.7,COc1cc2nc(N3CCN(C(=O)c4ccc(C(C)=O)o4)[C@H]4CCCC[C@@H]43)nc(N)c2cc1OC.Cl,Scientific Literature,Displacement of [3H]prazosin from Homo sapiens (human) alpha1A adrenergic receptor,B,Homo sapiens,,Med Chem Res,2004,Alpha-1a adrenergic receptor,Ki,nM,7.59,516.0,3.3
CHEMBL2261607,27.54,COc1ccc(C(=O)N2CCN(c3nc(N)c4cc(OC)c(OC)cc4n3)[C@H]3CCCC[C@@H]32)o1.Cl,Scientific Literature,Displacement of [3H]prazosin from Homo sapiens (human) alpha1A adrenergic receptor,B,Homo sapiens,,Med Chem Res,2004,Alpha-1a adrenergic receptor,Ki,nM,7.56,503.99,3.1
CHEMBL2261606,23.44,COc1cc2nc(N3CCN(C(=O)c4ccc(C)o4)[C@H]4CCCC[C@@H]43)nc(N)c2cc1OC.Cl,Scientific Literature,Displacement of [3H]prazosin from Homo sapiens (human) alpha1A adrenergic receptor,B,Homo sapiens,,Med Chem Res,2004,Alpha-1a adrenergic receptor,Ki,nM,7.63,487.99,3.4
CHEMBL423294,5.495,COc1cc2nc(N3CCN(C(=O)c4ccco4)[C@H]4CCCC[C@H]43)nc(N)c2cc1OC,Scientific Literature,Displacement of [3H]prazosin from human alpha1A adrenoceptor expressed in CHO cells,B,Homo sapiens,,J Med Chem,2009,Alpha-1a adrenergic receptor,Ki,nM,8.26,437.5,3.1
CHEMBL300222,0.9,COC(=O)C1(c2ccccc2)CCN(CCCNC(=O)N2C(=O)NC3=C(C(=O)OC3)C2c2ccc(F)c(F)c2)CC1,Scientific Literature,Displacement of [3H]- prazosin from human recombinant Alpha-1A adrenergic receptor,B,Homo sapiens,,Bioorg Med Chem Lett,2000,Alpha-1a adrenergic receptor,Ki,nM,9.05,568.58,3.15
CHEMBL36622,11.22,COc1cccc(OC)c1OCCNC[C@@H]1COc2ccccc2O1,Scientific Literature,Displacement of [3H]prazosin from human recombinant alpha1A adrenergic receptor expressed in CHO cell membranes after 30 mins,B,Homo sapiens,,J Med Chem,2013,Alpha-1a adrenergic receptor,Ki,nM,7.95,345.4,2.51
CHEMBL4461115,1000.0,COc1cccc(OC)c1OCCNC[C@H]1OCCO[C@H]1c1ccccc1,Scientific Literature,Displacement of [3H]Prazosin from human recombinant alpha 1A adrenergic receptor expressed in CHO cells incubated for 30 mins by radioligand competition binding assay,B,Homo sapiens,,Eur J Med Chem,2019,Alpha-1a adrenergic receptor,Ki,nM,,373.45,2.83
CHEMBL300222,1.6,COC(=O)C1(c2ccccc2)CCN(CCCNC(=O)N2C(=O)NC3=C(C(=O)OC3)C2c2ccc(F)c(F)c2)CC1,Scientific Literature,Displacement of [3H]- prazosin from human recombinant Alpha-1A adrenergic receptor,B,Homo sapiens,,Bioorg Med Chem Lett,2000,Alpha-1a adrenergic receptor,Ki,nM,8.8,568.58,3.15
CHEMBL4208816,220.0,CSc1ccc(Cl)cc1Cn1cc(Cl)cc(C(N)=O)c1=N.Cl,Scientific Literature,Displacement of 7-methoxy-[3H]-prazosin from human alpha1A-adrenoreceptor expressed in CHOK1 cell membranes after 60 mins by TopCount liquid scintillation counting method,B,Homo sapiens,,Eur J Med Chem,2017,Alpha-1a adrenergic receptor,Ki,nM,6.66,378.71,3.14
CHEMBL1705,575.64,Cl.Clc1cccc(Cl)c1NC1=NCCN1,EUbOPEN Chemogenomic Library,"PDSP Secondary Binding target: ADRA1A - Compounds are tested at 10 uM concentration, plate are incubated at room temperature in the dark for 90 minutes. Reaction are stopped by vacuum filtration onto 0.3% polyethyleneimine soaked filter mats using Filtermate harvester. Scintillation cocktail is then melted onto microwave-dried filters on a hot plate and the radio activity is counted in Microbia counter. Compounds showing a minimum of 50% inhibition at 10 uM concentration are carried forward in this secondary binding assay to determine equilibrium binding affinity.",B,Homo sapiens,,,2024,Alpha-1a adrenergic receptor,Ki,nM,6.24,266.56,2.36
CHEMBL1182182,1.585,COc1ccc2ccccc2c1OCCNC[C@H]1COc2ccccc2O1,Scientific Literature,Antagonist activity at human alpha A1 adrenoreceptor expressed in CHO cells,B,Homo sapiens,,Eur J Med Chem,2020,Alpha-1a adrenergic receptor,Ki,nM,8.8,365.43,3.66
CHEMBL3938038,0.389,CC(C)Oc1ccccc1N1CCN(CCc2ccc3c(c2)OCO3)CC1,Scientific Literature,Displacement of [3H]prazosin from human alpha1A-adrenoceptor expressed in CHO cell membranes measured after 30 mins,B,Homo sapiens,,Eur J Med Chem,2016,Alpha-1a adrenergic receptor,Ki,nM,9.41,368.48,3.57
CHEMBL3342852,8.511,COc1ccccc1N1CCN(CC2COC3(CCSCC3)O2)CC1,Scientific Literature,Displacement of [3H]prazosin from human recombinant alpha1A adrenoceptor expressed in CHO cells after 30 mins by liquid scintillation counting,B,Homo sapiens,,Eur J Med Chem,2014,Alpha-1a adrenergic receptor,Ki,nM,8.07,364.51,2.46
CHEMBL3342868,6.457,COc1ccccc1N1CCN(CC2COC3(CCN(S(=O)(=O)c4ccc(Cl)cc4)CC3)O2)CC1,Scientific Literature,Displacement of [3H]prazosin from human recombinant alpha1A adrenoceptor expressed in CHO cells after 30 mins by liquid scintillation counting,B,Homo sapiens,,Eur J Med Chem,2014,Alpha-1a adrenergic receptor,Ki,nM,8.19,522.07,3.07
CHEMBL4085780,53.7,O=C1CCc2ccccc2N1CCCN1CCN(c2ccccc2)CC1,Scientific Literature,Displacement of [3H]prazosin from human recombinant alpha-1A adrenergic receptor expressed in CHO cell membranes after 30 mins by liquid scintillation counting method,B,Homo sapiens,,J Med Chem,2018,Alpha-1a adrenergic receptor,Ki,nM,7.27,349.48,3.18
CHEMBL4289783,28.0,Fc1ccc(N2CCN(CCCc3c[nH]c4ccc(F)cc34)CC2)c(-c2ccccc2)c1,Scientific Literature,Displacement of [3H]prazosin from alpha1-adrenoceptor (unknown origin) in cerebral cortex membranes after 60 mins by TopCount scintillation counting method,B,Homo sapiens,Cerebral cortex,Eur J Med Chem,2018,Alpha-1a adrenergic receptor,Ki,nM,7.55,431.53,5.87
CHEMBL25467,36.0,C=Cc1sc2ccc(Cl)c3c2c1CN(C)CC3,Scientific Literature,In vitro binding affinity at human Alpha-1A adrenergic receptor.,B,,,J Med Chem,2003,Alpha-1a adrenergic receptor,Ki,nM,7.44,263.79,4.19
CHEMBL1558,1.626,COc1cc2nc(N3CCN(C(=O)c4ccco4)CC3)nc(N)c2cc1OC.Cl,EUbOPEN Chemogenomic Library,"PDSP Secondary Binding target: ADRA1A - Compounds are tested at 10 uM concentration, plate are incubated at room temperature in the dark for 90 minutes. Reaction are stopped by vacuum filtration onto 0.3% polyethyleneimine soaked filter mats using Filtermate harvester. Scintillation cocktail is then melted onto microwave-dried filters on a hot plate and the radio activity is counted in Microbia counter. Compounds showing a minimum of 50% inhibition at 10 uM concentration are carried forward in this secondary binding assay to determine equilibrium binding affinity.",B,Homo sapiens,,,2024,Alpha-1a adrenergic receptor,Ki,nM,8.79,419.87,1.78
CHEMBL1077168,91.2,COc1cccc(OCCNCC2COC(c3ccccc3)(c3ccccc3)O2)c1,Scientific Literature,Displacement of [3H]prazosin from human alpha1A adrenergic receptor expressed in CHO cells,B,Homo sapiens,,Bioorg Med Chem Lett,2010,Alpha-1a adrenergic receptor,Ki,nM,7.04,405.49,3.98
CHEMBL2,0.6,COc1cc2nc(N3CCN(C(=O)c4ccco4)CC3)nc(N)c2cc1OC,Scientific Literature,In vitro binding affinity against alpha-1A adrenergic receptor of human liver microsomes,B,,Liver,J Med Chem,1999,Alpha-1a adrenergic receptor,Ki,nM,9.22,383.41,1.78
CHEMBL4210954,1200.0,CNc1ccc2c(c1)[C@H](NCCOc1cc(F)ccc1F)CCS2(=O)=O.Cl,Scientific Literature,Displacement of 7-methoxy-[3H]-prazosin from human alpha1A-adrenoreceptor expressed in CHOK1 cell membranes after 60 mins by TopCount liquid scintillation counting method,B,Homo sapiens,,Eur J Med Chem,2017,Alpha-1a adrenergic receptor,Ki,nM,5.92,418.89,2.89
CHEMBL220221,1.479,COc1ccccc1N1CCN(CCn2c(C)nc3c(sc4ccccc43)c2=O)CC1,Scientific Literature,Displacement of [125I]BE2254 from human cloned adrenergic alpha 1A receptor expressed in HEK293 cells,B,Homo sapiens,,Bioorg Med Chem Lett,2006,Alpha-1a adrenergic receptor,Ki,nM,8.83,434.57,3.75
CHEMBL42,19.0,CN1CCN(C2=Nc3cc(Cl)ccc3Nc3ccccc32)CC1,BindingDB Patent Bioactivity Data,"Binding Assay: Binding assay using 5-HT2A, Dopamine D2, SERT, Î±A1, 5-HT2C and H1 Receptors.",B,Homo sapiens,,,2013,Alpha-1a adrenergic receptor,Ki,nM,7.72,326.83,3.72
CHEMBL358590,58.0,CCC1=C(C(N)=O)C(c2ccc(F)c(F)c2)N(C(=O)NCCC(C)N2CCC(C(=O)OC)(c3ccccc3)CC2)C(=O)N1,Scientific Literature,In vitro binding affinity against alpha-1A adrenergic receptor of human liver microsomes,B,,Liver,J Med Chem,1999,Alpha-1a adrenergic receptor,Ki,nM,7.24,597.66,3.88
CHEMBL564481,3.388,COc1cc2nc(N3CCN(C(=O)C4COc5ccccc5O4)[C@H]4CCCC[C@H]43)nc(N)c2cc1OC,Scientific Literature,Binding affinity to alpha1A adrenergic receptor (unknown origin),B,Homo sapiens,,Bioorg Med Chem,2018,Alpha-1a adrenergic receptor,Ki,nM,8.47,505.58,3.03
CHEMBL4867978,438.2,Fc1ccc2c(C3CCN(CCCOc4ccc(CCN5CCOCC5)cc4)CC3)noc2c1,Scientific Literature,Binding affinity to alpha1 adrenoceptor (unknown origin),A,Homo sapiens,,Bioorg Med Chem Lett,2021,Alpha-1a adrenergic receptor,Ki,nM,6.36,467.59,4.49
CHEMBL228606,69.0,COc1ccc(S(=O)(=O)N[C@H]2CC[C@H](N3CCC(c4ccccc4OCCF)CC3)CC2)cc1OC,Scientific Literature,Binding affinity to human cloned adrenergic alpha-1a receptor,B,Homo sapiens,,Bioorg Med Chem Lett,2007,Alpha-1a adrenergic receptor,Ki,nM,7.16,520.67,4.52
CHEMBL4451283,1000.0,COc1ccccc1N1CCN(C[C@H]2OCCO[C@@H]2c2ccccc2)CC1,Scientific Literature,Displacement of [3H]Prazosin from human recombinant alpha 1A adrenergic receptor expressed in CHO cells incubated for 30 mins by radioligand competition binding assay,B,Homo sapiens,,Eur J Med Chem,2019,Alpha-1a adrenergic receptor,Ki,nM,,368.48,2.97
CHEMBL444590,0.33,COc1cccc2c1CCCC2CCCN1CCN(c2ccccn2)CC1,Scientific Literature,Binding affinity was determined on human cloned Alpha-1A adrenoceptor,B,,,J Med Chem,2001,Alpha-1a adrenergic receptor,Ki,nM,9.48,365.52,4.11
CHEMBL1242950,18.0,CCCCC1CCN(CCCC(=O)c2ccccc2C)CC1,Scientific Literature,Binding affinity to human adrenergic alpha1A receptor by radioligand displacement assay,B,Homo sapiens,,J Med Chem,2010,Alpha-1a adrenergic receptor,Ki,nM,7.75,301.47,4.86
CHEMBL4210106,270.0,CC(NCCOc1cc(F)ccc1Cl)c1ccccc1S(C)(=O)=O.Cl,Scientific Literature,Displacement of 7-methoxy-[3H]-prazosin from human alpha1A-adrenoreceptor expressed in CHOK1 cell membranes after 60 mins by TopCount liquid scintillation counting method,B,Homo sapiens,,Eur J Med Chem,2017,Alpha-1a adrenergic receptor,Ki,nM,,408.32,3.61
CHEMBL142635,3.715,COc1ccccc1N1CCN(CC(O)COc2cccc3ccccc23)CC1,Scientific Literature,Displacement of [125I-HEAT from human alpha1A-adrenoreceptor expressed in CHOK1 cell membranes incubated for 60 mins,B,Homo sapiens,,Bioorg Med Chem Lett,2018,Alpha-1a adrenergic receptor,Ki,nM,8.43,392.5,3.41
CHEMBL836,0.13,CCOc1ccccc1OCCN[C@H](C)Cc1ccc(OC)c(S(N)(=O)=O)c1,Scientific Literature,Binding affinity towards cloned human alpha-1A adrenergic receptor was determined using [125]-HEAT as radioligand,B,,,J Med Chem,2000,Alpha-1a adrenergic receptor,Ki,nM,9.89,408.52,2.34
CHEMBL25236,9.15,COc1ccccc1N1CCN(CCCCNC(=O)c2ccc3ccccc3c2)CC1,Scientific Literature,Displacement of [3H]-prazosin from human ADRA1A receptor,B,Homo sapiens,,Bioorg Med Chem Lett,2016,Alpha-1a adrenergic receptor,Ki,nM,8.04,417.55,4.18
CHEMBL4072818,257.04,O=C1CCc2ccccc2N1CCCN1CCC(Cc2ccccc2)CC1,Scientific Literature,Displacement of [3H]prazosin from human recombinant alpha-1A adrenergic receptor expressed in CHO cell membranes after 30 mins by liquid scintillation counting method,B,Homo sapiens,,J Med Chem,2018,Alpha-1a adrenergic receptor,Ki,nM,6.59,362.52,4.31
CHEMBL2,0.5888,COc1cc2nc(N3CCN(C(=O)c4ccco4)CC3)nc(N)c2cc1OC,Scientific Literature,Binding affinity measured in CHO cells expressing human cloned Alpha-1A adrenergic receptor expressed as pKi,B,Homo sapiens,,J Med Chem,2003,Alpha-1a adrenergic receptor,Ki,nM,9.23,383.41,1.78
CHEMBL2260362,3.548,COC(=O)C1=C(C)NC(C)=C(C(=O)NCCCN2CCC(C(=O)OC)(c3ccccc3)CC2)C1c1ccc([N+](=O)[O-])cc1,Scientific Literature,Binding affinity to Homo sapiens (human) alpha1A adrenergic receptor,B,Homo sapiens,,Med Chem Res,2004,Alpha-1a adrenergic receptor,Ki,nM,8.45,590.68,3.72
CHEMBL2261605,3.467,COc1cc2nc(N3CCN(C(=O)c4ccc(Br)o4)[C@H]4CCCC[C@@H]43)nc(N)c2cc1OC.Cl,Scientific Literature,Displacement of [3H]prazosin from Homo sapiens (human) alpha1A adrenergic receptor,B,Homo sapiens,,Med Chem Res,2004,Alpha-1a adrenergic receptor,Ki,nM,8.46,552.86,3.86
CHEMBL4752561,1394.44,COc1cc(-c2cn([C@H]3CCc4ccccc4N(CC(F)(F)F)C3=O)nn2)ccc1-n1ccc(C)n1,EUbOPEN Chemogenomic Library Literature Data,Selectivity interaction (GPCR panel (PDSP screen)) EUB0000739a ADRA1A,B,Homo sapiens,,,2023,Alpha-1a adrenergic receptor,Ki,nM,5.86,496.49,4.53
CHEMBL5400232,7.1,COc1ccccc1N1CCN(CCCNC(=O)Nc2ccccc2-c2ccccc2)CC1,Scientific Literature,Displacement of [3H]prazosin from adrenergic alpha 1A receptor (unknown origin) expressed in HEK293T cells assessed as inhibition constant by competition binding assay,B,Homo sapiens,,J Med Chem,2023,Alpha-1a adrenergic receptor,Ki,nM,8.15,444.58,4.7
CHEMBL5403204,8.9,COc1ccc(-c2ccccc2)c(CNC(=O)NCCCN2CCN(c3ccccc3OC)CC2)c1,Scientific Literature,Displacement of [3H]prazosin from adrenergic alpha 1A receptor (unknown origin) expressed in HEK293T cells assessed as inhibition constant by competition binding assay,B,Homo sapiens,,J Med Chem,2023,Alpha-1a adrenergic receptor,Ki,nM,8.05,488.63,4.38
CHEMBL3970754,1000.0,c1ccc(OCCNCC2CSC3(CCCCC3)O2)cc1,Scientific Literature,Displacement of [3H]prazosin from recombinant human alpha1a adrenergic receptor expressed in CHO cell membranes after 30 mins by TopCount liquid scintillation counting method,B,Homo sapiens,,Eur J Med Chem,2017,Alpha-1a adrenergic receptor,Ki,nM,,307.46,3.45
CHEMBL3938383,186.21,COc1ccccc1OCCNCC1CSC2(CCCCC2)S1,Scientific Literature,Displacement of [3H]prazosin from recombinant human alpha1a adrenergic receptor expressed in CHO cell membranes after 30 mins by TopCount liquid scintillation counting method,B,Homo sapiens,,Eur J Med Chem,2017,Alpha-1a adrenergic receptor,Ki,nM,6.73,353.55,4.17
CHEMBL2307889,360.0,N=C(N)NCCC[C@@H](NC(=O)CC1(CC(=O)N2CCN(C3c4ccccc4NC(=O)c4ccccc43)CC2)CCCC1)C(=O)NCCn1c(=O)n(-c2ccccc2)n(-c2ccccc2)c1=O,Scientific Literature,Binding affinity to adrenergic alpha1A receptor (unknown origin),B,Homo sapiens,,Bioorg Med Chem Lett,2014,Alpha-1a adrenergic receptor,Ki,nM,6.44,896.07,3.49
CHEMBL5394229,8.2,COc1ccccc1N1CCN(CCCNC(=O)Nc2ccccc2-c2ccc(-c3ccccc3)cc2)CC1,Scientific Literature,Displacement of [3H]prazosin from adrenergic alpha 1A receptor (unknown origin) expressed in HEK293T cells assessed as inhibition constant by competition binding assay,B,Homo sapiens,,J Med Chem,2023,Alpha-1a adrenergic receptor,Ki,nM,8.09,520.68,6.36
CHEMBL420060,0.631,COc1ccccc1N1CCN(CCCNc2c(C)c(=O)n(C)c(=O)n2C)CC1,Scientific Literature,Binding affinity was tested on human Alpha-1A adrenergic receptor,B,,,J Med Chem,1997,Alpha-1a adrenergic receptor,Ki,nM,9.2,401.51,1.03
CHEMBL279436,1.87,CC1=C(C(N)=O)C(c2ccc([N+](=O)[O-])cc2)C(C(=O)NCCCN2CCC(c3ccccc3)(c3ccccc3)CC2)=C(C)N1,Scientific Literature,Binding affinity was determined for the alpha-1A adrenergic receptor,B,,,J Med Chem,1998,Alpha-1a adrenergic receptor,Ki,nM,8.73,593.73,4.9
CHEMBL1257131,705.75,COC(=O)[C@H]1[C@H]2C[C@H]3c4[nH]c5ccccc5c4CCN3C[C@H]2CC[C@@H]1O.Cl,EUbOPEN Chemogenomic Library,"PDSP Secondary Binding target: ADRA1A - Compounds are tested at 10 uM concentration, plate are incubated at room temperature in the dark for 90 minutes. Reaction are stopped by vacuum filtration onto 0.3% polyethyleneimine soaked filter mats using Filtermate harvester. Scintillation cocktail is then melted onto microwave-dried filters on a hot plate and the radio activity is counted in Microbia counter. Compounds showing a minimum of 50% inhibition at 10 uM concentration are carried forward in this secondary binding assay to determine equilibrium binding affinity.",B,Homo sapiens,,,2024,Alpha-1a adrenergic receptor,Ki,nM,6.15,390.91,2.65
CHEMBL445102,635.11,OC1(c2ccc(Cl)cc2)CCN(Cc2c[nH]c3ccccc23)CC1,EUbOPEN Chemogenomic Library,"PDSP Secondary Binding target: ADRA1A - Compounds are tested at 10 uM concentration, plate are incubated at room temperature in the dark for 90 minutes. Reaction are stopped by vacuum filtration onto 0.3% polyethyleneimine soaked filter mats using Filtermate harvester. Scintillation cocktail is then melted onto microwave-dried filters on a hot plate and the radio activity is counted in Microbia counter. Compounds showing a minimum of 50% inhibition at 10 uM concentration are carried forward in this secondary binding assay to determine equilibrium binding affinity.",B,Homo sapiens,,,2024,Alpha-1a adrenergic receptor,Ki,nM,6.2,340.85,4.3
CHEMBL2234447,28.84,COc1ccccc1N1CCN(CC2CO[C@H](c3ccccc3)O2)CC1,Scientific Literature,Binding affinity to adrenergic alpha1A receptor (unknown origin),B,Homo sapiens,,Med Chem Res,2011,Alpha-1a adrenergic receptor,Ki,nM,7.54,354.45,2.93
CHEMBL57868,407.38,N#Cc1ccc(Cl)cc1N1CCN(CCN2C(=O)CC3(CCCC3)CC2=O)CC1,Scientific Literature,Binding affinity to adrenergic alpha1A receptor (unknown origin),B,Homo sapiens,,Med Chem Res,2011,Alpha-1a adrenergic receptor,Ki,nM,6.39,414.94,3.04
CHEMBL59149,100.44,Cc1ccc(Cl)c(N2CCN(CCN3C(=O)CC4(CCCC4)CC3=O)CC2)c1,Scientific Literature,Binding affinity to adrenergic alpha1A receptor (unknown origin),B,Homo sapiens,,Med Chem Res,2011,Alpha-1a adrenergic receptor,Ki,nM,7.0,403.95,3.48
CHEMBL4128460,6.607,COc1cc2nc(N3CCN(C(=O)C(C)(C)C)[C@H]4CCCC[C@H]43)nc(N)c2cc1OC,Scientific Literature,Displacement of [3H]prazosin from human alpha1A adrenergic receptor expressed in CHO cell membranes after 30 mins by rapid filtration method,B,Homo sapiens,,Bioorg Med Chem,2018,Alpha-1a adrenergic receptor,Ki,nM,8.18,427.55,3.24
CHEMBL217469,1.585,COc1ccc2ccccc2c1OCCNC[C@H]1COc2ccccc2O1.Cl,Scientific Literature,Displacement of [3H]prazosin from human alpha-1A adrenoreceptor expressed in CHO cells after 30 mins,B,Homo sapiens,,J Med Chem,2013,Alpha-1a adrenergic receptor,Ki,nM,8.8,401.89,3.66
CHEMBL4576555,1675.0,CN1CCN(C(=O)C(C)(C)c2ccc(C(=O)Nc3cn4cc(-c5cc(C(C)(C)C)cc(C(C)(C)C)c5)ccc4n3)cc2)CC1,EUbOPEN Chemogenomic Library Literature Data,Selectivity interaction (GPCR panel (PDSP screen)) EUB0000705a ADRA1A,B,Homo sapiens,,,2023,Alpha-1a adrenergic receptor,Ki,nM,5.78,593.82,6.9
CHEMBL1767147,1584.89,COc1cccc(Cc2nn(C[C@H]3CCCN3C)c(=O)c3ccccc23)c1,Scientific Literature,Binding affinity to human adrenergic alpha1A receptor expressed in rat intact fibroblasts,B,Homo sapiens,,J Med Chem,2011,Alpha-1a adrenergic receptor,Ki,nM,5.8,363.46,3.09
CHEMBL1767163,1584.89,CN(CCCCc1ccc(OCCCN2CCCCCC2)cc1)CCn1nc(Cc2ccc(Cl)cc2)c2ccccc2c1=O,Scientific Literature,Binding affinity to human adrenergic alpha1A receptor expressed in rat intact fibroblasts,B,Homo sapiens,,J Med Chem,2011,Alpha-1a adrenergic receptor,Ki,nM,5.8,615.26,7.24
CHEMBL1767138,251.19,CN1CCC[C@@H]1Cn1nc(Cc2ccc(O)cc2)c2ccccc2c1=O,Scientific Literature,Binding affinity to human adrenergic alpha1A receptor expressed in rat intact fibroblasts,B,Homo sapiens,,J Med Chem,2011,Alpha-1a adrenergic receptor,Ki,nM,6.6,349.43,2.79
CHEMBL1767156,15.85,CN1CCC(n2nc(Cc3ccc(Cl)cc3)c3ccccc3c2=O)CC1,Scientific Literature,Binding affinity to human adrenergic alpha1A receptor expressed in rat intact fibroblasts,B,Homo sapiens,,J Med Chem,2011,Alpha-1a adrenergic receptor,Ki,nM,7.8,367.88,3.91
CHEMBL1767141,10.0,Cc1ccc(Cc2nn(C[C@H]3CCCN3C)c(=O)c3ccccc23)cc1,Scientific Literature,Binding affinity to human adrenergic alpha1A receptor expressed in rat intact fibroblasts,B,Homo sapiens,,J Med Chem,2011,Alpha-1a adrenergic receptor,Ki,nM,8.0,347.46,3.39
CHEMBL147077,3.981,CNC(=O)C1=C(C)NC(C)=C(C(=O)NCCCN2CCC(C(=O)OC)(c3ccccc3)CC2)C1c1ccc([N+](=O)[O-])cc1,Scientific Literature,Binding affinity to Homo sapiens (human) alpha1A adrenergic receptor,B,Homo sapiens,,Med Chem Res,2004,Alpha-1a adrenergic receptor,Ki,nM,8.4,589.69,3.29
CHEMBL313953,53.7,CC(C)C1=C(C(N)=O)C(c2ccc([N+](=O)[O-])cc2)C(C(=O)NCCCN2CCC(c3ccccc3)(c3ccccc3)CC2)=C(C(C)C)N1,Scientific Literature,Binding affinity to Homo sapiens (human) alpha1A adrenergic receptor,B,Homo sapiens,,Med Chem Res,2004,Alpha-1a adrenergic receptor,Ki,nM,7.27,649.84,6.18
CHEMBL1796029,3235.94,O=C1CC(c2ccccc2)CC(=O)N1CCN1CCN(c2ccccc2Cl)CC1,Scientific Literature,Displacement of [125I]BE-2254 from human adrenergic alpha1A receptor expressed in HEK293 cells,B,Homo sapiens,,Eur J Med Chem,2011,Alpha-1a adrenergic receptor,Ki,nM,5.49,411.93,3.39
CHEMBL1796032,190.55,COc1ccc(Cl)cc1N1CCN(CCCN2C(=O)CC(c3ccccc3)CC2=O)CC1,Scientific Literature,Displacement of [125I]BE-2254 from human adrenergic alpha1A receptor expressed in HEK293 cells,B,Homo sapiens,,Eur J Med Chem,2011,Alpha-1a adrenergic receptor,Ki,nM,6.72,455.99,3.79
CHEMBL4125981,5.495,COc1cc2nc(N3CCN(C(=O)OCc4ccccc4)[C@H]4CCCC[C@H]43)nc(N)c2cc1OC,Scientific Literature,Displacement of [3H]prazosin from human alpha1A adrenergic receptor expressed in CHO cell membranes after 30 mins by rapid filtration method,B,Homo sapiens,,Bioorg Med Chem,2018,Alpha-1a adrenergic receptor,Ki,nM,8.26,477.57,4.0
CHEMBL4452933,1000.0,COc1ccccc1OCCNC[C@H]1OCCO[C@@H]1c1ccccc1,Scientific Literature,Displacement of [3H]Prazosin from human recombinant alpha 1A adrenergic receptor expressed in CHO cells incubated for 30 mins by radioligand competition binding assay,B,Homo sapiens,,Eur J Med Chem,2019,Alpha-1a adrenergic receptor,Ki,nM,,343.42,2.82
CHEMBL299031,1340.0,CC[C@@H]1CN2CCc3c([nH]c4cccc(OC)c34)[C@@H]2C[C@@H]1/C(=C\OC)C(=O)OC,Scientific Literature,Displacement of [3H]prazosin from human recombinant adrenergic alpha-1A receptor expressed in CHO cell membranes incubated for 60 mins,B,Homo sapiens,,J Med Chem,2020,Alpha-1a adrenergic receptor,Ki,nM,5.87,398.5,3.83
CHEMBL289480,8912.51,C1COC(NC(C2CC2)C2CC2)=N1,Scientific Literature,Binding affinity towards human Alpha-1A adrenergic receptor by the displacement of [3H]prazosin,B,,,Bioorg Med Chem Lett,1994,Alpha-1a adrenergic receptor,Ki,nM,5.05,180.25,1.15
CHEMBL836,0.1995,CCOc1ccccc1OCCN[C@H](C)Cc1ccc(OC)c(S(N)(=O)=O)c1,Scientific Literature,Binding affinity was tested on human Alpha-1A adrenergic receptor,B,,,J Med Chem,1997,Alpha-1a adrenergic receptor,Ki,nM,9.7,408.52,2.34
CHEMBL3480577,1000000000.0,Cc1ccc2nc(CNCCCOc3ccccc3)cc(O)c2c1,SGC Frankfurt - Donated Chemical Probes,GPCRScan assay: inhibition of Alpha1A,B,Homo sapiens,,,2021,Alpha-1a adrenergic receptor,Ki,nM,,322.41,3.81
CHEMBL5483012,0.3467,COC(=O)C1=C(C)NC(C)=C(C(=O)NCCCN2CCC(c3ccccc3)(c3ccccc3)CC2)C1c1ccc([N+](=O)[O-])cc1.Cl,Scientific Literature,Binding affinity determined by displacement of [3H]prazosin from alpha-1A adrenergic receptor,B,,,J Med Chem,1998,Alpha-1a adrenergic receptor,Ki,nM,9.46,645.2,5.59
CHEMBL31410,29.0,COC(=O)[C@H]1[C@H]2C[C@H]3c4[nH]c5ccccc5c4CCN3C[C@@H]2CC[C@@H]1O,Scientific Literature,Binding constant measured against Alpha-1A adrenergic receptor in human prostate; ++:moderately active,B,Homo sapiens,Prostate gland,Bioorg Med Chem Lett,2005,Alpha-1a adrenergic receptor,Ki,nM,7.54,354.45,2.65
CHEMBL25554,0.4266,COc1cccc(OC)c1OCCNCC1COc2ccccc2O1,Scientific Literature,Displacement of [3H]prazosin from human recombinant alpha1A adrenergic receptor expressed in CHO cell membranes after 30 mins,B,Homo sapiens,,J Med Chem,2013,Alpha-1a adrenergic receptor,Ki,nM,9.37,345.4,2.51
CHEMBL356584,0.2,CCC1=C(C(N)=O)C(c2ccc(F)c(F)c2)N(C(=O)NCCCN2CCC(C(=O)OC)(c3ccccc3)CC2)C(=O)N1,Scientific Literature,In vitro binding affinity against alpha-1A adrenergic receptor of human liver microsomes,B,,Liver,J Med Chem,1999,Alpha-1a adrenergic receptor,Ki,nM,9.7,583.64,3.49
CHEMBL5483012,0.35,COC(=O)C1=C(C)NC(C)=C(C(=O)NCCCN2CCC(c3ccccc3)(c3ccccc3)CC2)C1c1ccc([N+](=O)[O-])cc1.Cl,Scientific Literature,Ability to displace [3H]prazosin from cloned human Alpha-1A adrenergic receptor,B,,,J Med Chem,1995,Alpha-1a adrenergic receptor,Ki,nM,9.46,645.2,5.59
CHEMBL356584,1.3,CCC1=C(C(N)=O)C(c2ccc(F)c(F)c2)N(C(=O)NCCCN2CCC(C(=O)OC)(c3ccccc3)CC2)C(=O)N1,Scientific Literature,In vitro binding affinity against Alpha-1A adrenergic receptor in isolated prostate tissue of dog,B,Canis lupus familiaris,Prostate gland,J Med Chem,1999,Alpha-1a adrenergic receptor,Ki,nM,8.89,583.64,3.49
CHEMBL323579,0.5,CCC1=C(C(N)=O)C(c2ccc([N+](=O)[O-])cc2)C(C(=O)NCCCN2CCC(c3ccccc3)(c3ccccc3)CC2)=C(COCCN)N1,Scientific Literature,Binding affinity against human Alpha-1a adrenergic receptor,B,,,Bioorg Med Chem Lett,1999,Alpha-1a adrenergic receptor,Ki,nM,9.3,666.82,4.25
CHEMBL318235,125.0,COc1cc2c(cc1OC)C1=NO[C@@H](CN3CCN(C/C(C)=C/c4ccc(F)cc4)CC3)[C@@H]1CO2,Scientific Literature,Displacement of [3H]prazosin from human cloned alpha-1A receptor,B,Homo sapiens,,Bioorg Med Chem,2007,Alpha-1a adrenergic receptor,Ki,nM,6.9,481.57,3.68
CHEMBL2106195,749.03,Cc1cccc([C@H](C)c2c[nH]cn2)c1C.Cl,EUbOPEN Chemogenomic Library,"PDSP Secondary Binding target: ADRA1A - Compounds are tested at 10 uM concentration, plate are incubated at room temperature in the dark for 90 minutes. Reaction are stopped by vacuum filtration onto 0.3% polyethyleneimine soaked filter mats using Filtermate harvester. Scintillation cocktail is then melted onto microwave-dried filters on a hot plate and the radio activity is counted in Microbia counter. Compounds showing a minimum of 50% inhibition at 10 uM concentration are carried forward in this secondary binding assay to determine equilibrium binding affinity.",B,Homo sapiens,,,2024,Alpha-1a adrenergic receptor,Ki,nM,6.13,236.75,3.18
CHEMBL267014,2200.0,Clc1ccc(N2CCN(Cc3c[nH]c4ncccc34)CC2)cc1,Scientific Literature,Inhibition of alpha1C adrenergic receptor (unknown origin),B,Homo sapiens,,J Med Chem,2017,Alpha-1a adrenergic receptor,Ki,nM,5.66,326.83,3.54
CHEMBL405355,6.752,COC(=O)C1=C(C)NC(C)=C(C(=O)OCCCN2CCC(c3ccccc3)(c3ccccc3)CC2)[C@H]1c1cccc([N+](=O)[O-])c1,EUbOPEN Chemogenomic Library,"PDSP Secondary Binding target: ADRA1A - Compounds are tested at 10 uM concentration, plate are incubated at room temperature in the dark for 90 minutes. Reaction are stopped by vacuum filtration onto 0.3% polyethyleneimine soaked filter mats using Filtermate harvester. Scintillation cocktail is then melted onto microwave-dried filters on a hot plate and the radio activity is counted in Microbia counter. Compounds showing a minimum of 50% inhibition at 10 uM concentration are carried forward in this secondary binding assay to determine equilibrium binding affinity.",B,Homo sapiens,,,2024,Alpha-1a adrenergic receptor,Ki,nM,8.17,609.72,6.02
CHEMBL56,151.36,CCCN(CCC)C1CCc2cccc(O)c2C1,Scientific Literature,Displacement of [3H]prazosin from human alpha1A adrenergic receptor expressed in CHO cells,B,Homo sapiens,,Bioorg Med Chem Lett,2010,Alpha-1a adrenergic receptor,Ki,nM,6.82,247.38,3.37
CHEMBL611,7.3,COc1cc2nc(N3CCN(C(=O)C4CCCO4)CC3)nc(N)c2cc1OC,Scientific Literature,Binding affinity against Alpha-1A adrenergic receptor from human clone,B,Homo sapiens,,J Med Chem,1995,Alpha-1a adrenergic receptor,Ki,nM,8.14,387.44,1.06
CHEMBL2146806,6.31,CCCCN1CCC[C@@H]1Cn1nc(Cc2ccc(Cl)cc2)c2cnccc2c1=O,Scientific Literature,Antagonist activity at human adrenergic alpha1A receptor expressed in rat fibroblasts by by plate-based calcium imaging,F,Homo sapiens,,Bioorg Med Chem,2012,Alpha-1a adrenergic receptor,Ki,nM,8.2,410.95,4.3
CHEMBL1767136,31.62,CN1CCC[C@@H]1Cn1nc(Cc2ccc(Cl)cc2)c2ccccc2c1=O,Scientific Literature,Antagonist activity at human adrenergic alpha1A receptor expressed in rat fibroblasts by by plate-based calcium imaging,F,Homo sapiens,,Bioorg Med Chem,2012,Alpha-1a adrenergic receptor,Ki,nM,7.5,367.88,3.73
CHEMBL2146802,15.85,CCCCN1CCC[C@@H]1Cn1nc(Cc2ccc(Cl)cc2)c2ccccc2c1=O,Scientific Literature,Antagonist activity at human adrenergic alpha1A receptor expressed in rat fibroblasts by by plate-based calcium imaging,F,Homo sapiens,,Bioorg Med Chem,2012,Alpha-1a adrenergic receptor,Ki,nM,7.8,409.96,4.91
CHEMBL241115,330.0,O=C(Cc1ccc2ccccc2c1)N1c2ccccc2Sc2ccccc21,Scientific Literature,Antagonist activity at adrenergic alpha1A receptor (unknown origin) by PDSP assay,B,Homo sapiens,,Bioorg Med Chem Lett,2013,Alpha-1a adrenergic receptor,Ki,nM,6.48,367.47,6.21
CHEMBL294649,10000.0,Cn1cc(C(=O)C(=O)N[C@H]2CN3CCC2CC3)c2ccccc21,Scientific Literature,Binding affinity against Alpha-1A adrenergic receptor,B,,,Bioorg Med Chem Lett,1995,Alpha-1a adrenergic receptor,Ki,nM,,311.38,1.57
CHEMBL25554,0.4266,COc1cccc(OC)c1OCCNCC1COc2ccccc2O1,Scientific Literature,Displacement of [3H]prazosin from human cloned Alpha-1A adrenergic receptor,B,Homo sapiens,,J Med Chem,1999,Alpha-1a adrenergic receptor,Ki,nM,9.37,345.4,2.51
CHEMBL3917794,1995.26,O=C(O)c1ccc2cccc(N3CCN(CCc4ccc(OCCCN5CCCCCC5)cc4)CC3)c2n1,Scientific Literature,Antagonist activity at adrenergic alpha1A receptor (unknown origin) expressed in Rat1 cells assessed as inhibition of phenylephrine-induced Ca2+ flux preincubated for 30 mins followed by phenylephrine addition by Fluo-4-AM-dye based FLIPR assay,A,Homo sapiens,,Bioorg Med Chem Lett,2016,Alpha-1a adrenergic receptor,Ki,nM,,516.69,4.94
CHEMBL8618,2.0,COc1ccccc1N1CCN(CCCCN2C(=O)c3ccccc3C2=O)CC1,Scientific Literature,Binding constant measured against Alpha-1A adrenergic receptor in human prostate; ++:moderately active,B,Homo sapiens,Prostate gland,Bioorg Med Chem Lett,2005,Alpha-1a adrenergic receptor,Ki,nM,8.7,393.49,2.89
CHEMBL88272,0.631,CC(C)(Cc1c[nH]c2ccc(Cl)cc12)NCCOc1ccccc1OCC1CC1,Scientific Literature,Binding affinity was tested on human Alpha-1A adrenergic receptor,B,,,J Med Chem,1997,Alpha-1a adrenergic receptor,Ki,nM,9.2,412.96,5.6
CHEMBL611,6.9,COc1cc2nc(N3CCN(C(=O)C4CCCO4)CC3)nc(N)c2cc1OC,Scientific Literature,In vitro binding affinity against Alpha-1A adrenergic receptor of human liver microsomes.,B,,Liver,J Med Chem,1999,Alpha-1a adrenergic receptor,Ki,nM,8.16,387.44,1.06
CHEMBL2,0.61,COc1cc2nc(N3CCN(C(=O)c4ccco4)CC3)nc(N)c2cc1OC,Scientific Literature,Binding affinity towards human cloned alpha-1A-adrenoceptor using [3H]prazosin as radioligand,B,,,J Med Chem,2001,Alpha-1a adrenergic receptor,Ki,nM,9.21,383.41,1.78
CHEMBL24778,30.28,C[C@H](Cc1cc2c(c(C(N)=O)c1)N(CCCO)CC2)NCCOc1ccccc1OCC(F)(F)F,EUbOPEN Chemogenomic Library,"PDSP Secondary Binding target: ADRA1A - Compounds are tested at 10 uM concentration, plate are incubated at room temperature in the dark for 90 minutes. Reaction are stopped by vacuum filtration onto 0.3% polyethyleneimine soaked filter mats using Filtermate harvester. Scintillation cocktail is then melted onto microwave-dried filters on a hot plate and the radio activity is counted in Microbia counter. Compounds showing a minimum of 50% inhibition at 10 uM concentration are carried forward in this secondary binding assay to determine equilibrium binding affinity.",B,Homo sapiens,,,2024,Alpha-1a adrenergic receptor,Ki,nM,7.52,495.54,3.07
CHEMBL1112,26.0,O=C1CCc2ccc(OCCCCN3CCN(c4cccc(Cl)c4Cl)CC3)cc2N1,BindingDB Patent Bioactivity Data,"Binding Assay: Binding assay using 5-HT2A, Dopamine D2, SERT, Î±A1, 5-HT2C and H1 Receptors.",B,Homo sapiens,,,2013,Alpha-1a adrenergic receptor,Ki,nM,7.58,448.39,4.86
CHEMBL4160064,3133.0,COc1cccc(-c2ccc3c(c2)CCN(Cc2ccccc2)C3)c1,Scientific Literature,Displacement of [3H]-Prazosin from human adrenergic alpha1A receptor after 90 mins by microbeta scintillation counting method,B,Homo sapiens,,Eur J Med Chem,2018,Alpha-1a adrenergic receptor,Ki,nM,5.5,329.44,4.92
CHEMBL4218307,350.0,CNc1ccc2c(c1)C(NCCOc1cc(F)ccc1F)CCS2(=O)=O.Cl,Scientific Literature,Displacement of 7-methoxy-[3H]-prazosin from human alpha1A-adrenoreceptor expressed in CHOK1 cell membranes after 60 mins by TopCount liquid scintillation counting method,B,Homo sapiens,,Eur J Med Chem,2017,Alpha-1a adrenergic receptor,Ki,nM,6.46,418.89,2.89
CHEMBL85,2.3,Cc1nc2n(c(=O)c1CCN1CCC(c3noc4cc(F)ccc34)CC1)CCCC2,BindingDB Patent Bioactivity Data,"Binding Assay: Binding assay using 5-HT2A, Dopamine D2, SERT, Î±A1, 5-HT2C and H1 Receptors.",B,Homo sapiens,,,2013,Alpha-1a adrenergic receptor,Ki,nM,8.64,410.49,3.59
CHEMBL2413154,6.75,COc1ccccc1N1CCN(CCCCn2ncc(=O)n(C)c2=O)CC1,Scientific Literature,Binding affinity to adrenergic alpha1A receptor (unknown origin),B,Homo sapiens,,Bioorg Med Chem,2013,Alpha-1a adrenergic receptor,Ki,nM,8.17,373.46,0.55
CHEMBL493486,16.6,COc1ccccc1OCCNC[C@@H]1COCC(c2ccccc2)(c2ccccc2)O1,Scientific Literature,Displacement of [3H]prazosin from human recombinant alpha1A adrenergic receptor expressed in CHO cell membranes after 30 mins,B,Homo sapiens,,J Med Chem,2013,Alpha-1a adrenergic receptor,Ki,nM,7.78,419.52,4.02
CHEMBL4472703,10000.0,CC[C@H]1c2cc(OC)ccc2CC[C@@]1(C)N,Scientific Literature,Displacement of [3H]-Prazosin from human recombinant adrenergic alpha1A receptor expressed in cells after 90 mins by microbeta scintillation counting method,B,Homo sapiens,,ACS Med Chem Lett,2019,Alpha-1a adrenergic receptor,Ki,nM,,219.33,2.85
CHEMBL98241,14000.0,C[C@H](CN1CCN(c2cc(F)c(F)cc2F)CC1)N1C(=O)CC2(CCCC2)CC1=O,Scientific Literature,Binding affinity for human Alpha-1A adrenergic receptor,B,Homo sapiens,,J Med Chem,2005,Alpha-1a adrenergic receptor,Ki,nM,4.85,423.48,3.32
CHEMBL611,2.9,COc1cc2nc(N3CCN(C(=O)C4CCCO4)CC3)nc(N)c2cc1OC,Scientific Literature,Compound was evaluated for its affinity for Alpha-1a adrenergic receptor in human prostate tissue preparations,B,,Prostate gland,Bioorg Med Chem Lett,1998,Alpha-1a adrenergic receptor,Ki,nM,8.54,387.44,1.06
CHEMBL25554,0.4266,COc1cccc(OC)c1OCCNCC1COc2ccccc2O1,Scientific Literature,Displacement of [3H]prazosin from human cloned alpha1A adrenoceptor expressed in CHO cells,B,Homo sapiens,,J Med Chem,2008,Alpha-1a adrenergic receptor,Ki,nM,9.37,345.4,2.51
CHEMBL25554,0.4266,COc1cccc(OC)c1OCCNCC1COc2ccccc2O1,Scientific Literature,Binding affinity to adrenergic alpha1A receptor (unknown origin),B,Homo sapiens,,Med Chem Res,2011,Alpha-1a adrenergic receptor,Ki,nM,9.37,345.4,2.51
CHEMBL449057,1000.0,c1ccc(OCCNC[C@@H]2CO[C@H](c3ccccc3)CO2)cc1,Scientific Literature,Displacement of [3H]prazosin from human cloned alpha1A adrenoceptor expressed in CHO cells,B,Homo sapiens,,J Med Chem,2008,Alpha-1a adrenergic receptor,Ki,nM,,313.4,2.81
CHEMBL4579802,50.12,COc1ccccc1OCCNCC[C@@H]1CO[C@H](C(c2ccccc2)c2ccccc2)O1.O=C(O)C(=O)O,Scientific Literature,Displacement of [3H] prazosin from human cloned adrenoceptor alpha 1A expressed in CHO cell membrane incubated for 30 mins by liquid scintillation counting,B,Homo sapiens,,Eur J Med Chem,2019,Alpha-1a adrenergic receptor,Ki,nM,7.3,523.58,4.63
CHEMBL5483012,0.2,COC(=O)C1=C(C)NC(C)=C(C(=O)NCCCN2CCC(c3ccccc3)(c3ccccc3)CC2)C1c1ccc([N+](=O)[O-])cc1.Cl,Scientific Literature,Binding affinity against Alpha-1A adrenergic receptor (recombinant human receptor) using [3H]prazosin.,B,,,J Med Chem,1999,Alpha-1a adrenergic receptor,Ki,nM,9.7,645.2,5.59
CHEMBL5400876,586.0,c1ccc(N2CCN(CCCc3nc4ccccc4s3)CC2)nc1,Scientific Literature,Binding affinity to alpha1A adrenergic receptor (unknown origin) assessed as inhibition constant,B,Homo sapiens,,J Med Chem,2023,Alpha-1a adrenergic receptor,Ki,nM,6.23,338.48,3.45
CHEMBL5076314,1584.53,CN1CCN(c2ccc(Nc3c4ccccc4nc4ccccc34)cc2)CC1.Cl.Cl.O,EUbOPEN Chemogenomic Library,"PDSP Secondary Binding target: ADRA1A - Compounds are tested at 10 uM concentration, plate are incubated at room temperature in the dark for 90 minutes. Reaction are stopped by vacuum filtration onto 0.3% polyethyleneimine soaked filter mats using Filtermate harvester. Scintillation cocktail is then melted onto microwave-dried filters on a hot plate and the radio activity is counted in Microbia counter. Compounds showing a minimum of 50% inhibition at 10 uM concentration are carried forward in this secondary binding assay to determine equilibrium binding affinity.",B,Homo sapiens,,,2024,Alpha-1a adrenergic receptor,Ki,nM,5.8,459.42,4.88
CHEMBL13647,389.05,COc1ccccc1N1CCN(CCN2C(=O)CC3(CCCC3)CC2=O)CC1,Scientific Literature,Displacement of [3H]prazosin from recombinant human alpha1a adrenergic receptor expressed in CHO cell membranes after 30 mins by TopCount liquid scintillation counting method,B,Homo sapiens,,Eur J Med Chem,2017,Alpha-1a adrenergic receptor,Ki,nM,6.41,385.51,2.53
CHEMBL4752561,1380.38,COc1cc(-c2cn([C@H]3CCc4ccccc4N(CC(F)(F)F)C3=O)nn2)ccc1-n1ccc(C)n1,SGC Frankfurt - Donated Chemical Probes,GPCRScan assay: inhibition of Alpha1A,B,Homo sapiens,,,2021,Alpha-1a adrenergic receptor,Ki,nM,5.86,496.49,4.53
CHEMBL4471113,1000.0,COc1ccccc1OCCNCC1(c2ccccc2)COCCO1,Scientific Literature,Displacement of [3H]Prazosin from human recombinant alpha 1A adrenergic receptor expressed in CHO cells incubated for 30 mins by radioligand competition binding assay,B,Homo sapiens,,Eur J Med Chem,2019,Alpha-1a adrenergic receptor,Ki,nM,,343.42,2.61
CHEMBL4559278,1000.0,COc1ccccc1OCCNCC1OCCOC1(c1ccccc1)c1ccccc1,Scientific Literature,Displacement of [3H]Prazosin from human recombinant alpha 1A adrenergic receptor expressed in CHO cells incubated for 30 mins by radioligand competition binding assay,B,Homo sapiens,,Eur J Med Chem,2019,Alpha-1a adrenergic receptor,Ki,nM,,419.52,4.02
CHEMBL2312537,169.82,c1ccc(OCCNCC2COCC(c3ccccc3)(c3ccccc3)O2)cc1,Scientific Literature,Displacement of [3H]Prazosin from human recombinant alpha 1A adrenergic receptor expressed in CHO cells incubated for 30 mins by radioligand competition binding assay,B,Homo sapiens,,Eur J Med Chem,2019,Alpha-1a adrenergic receptor,Ki,nM,6.77,389.5,4.01
CHEMBL2312225,338.84,COc1cccc(OC)c1OCCNCC1COCC(c2ccccc2)(c2ccccc2)O1,Scientific Literature,Displacement of [3H]Prazosin from human recombinant alpha 1A adrenergic receptor expressed in CHO cells incubated for 30 mins by radioligand competition binding assay,B,Homo sapiens,,Eur J Med Chem,2019,Alpha-1a adrenergic receptor,Ki,nM,6.47,449.55,4.03
CHEMBL19476,420.0,COc1cc2nc(N3CCN(C(=O)OCc4ccccc4)[C@H](C(=O)NC(C)(C)C)C3)nc(N)c2cc1OC,Scientific Literature,Binding constant measured against Alpha-1A adrenergic receptor in human prostate; +:inactive,B,Homo sapiens,Prostate gland,Bioorg Med Chem Lett,2005,Alpha-1a adrenergic receptor,Ki,nM,6.38,522.61,2.97
CHEMBL142635,3.7,COc1ccccc1N1CCN(CC(O)COc2cccc3ccccc23)CC1,Scientific Literature,Binding constant measured against Alpha-1A adrenergic receptor in human prostate; ++:moderately active,B,Homo sapiens,Prostate gland,Bioorg Med Chem Lett,2005,Alpha-1a adrenergic receptor,Ki,nM,8.43,392.5,3.41
CHEMBL2312227,27.54,COc1ccccc1OCCNCC1COCC(c2ccccc2)(c2ccccc2)O1,Scientific Literature,Displacement of [3H]Prazosin from human recombinant alpha 1A adrenergic receptor expressed in CHO cells incubated for 30 mins by radioligand competition binding assay,B,Homo sapiens,,Eur J Med Chem,2019,Alpha-1a adrenergic receptor,Ki,nM,7.56,419.52,4.02
CHEMBL79834,405.13,O=C1NCN(c2ccccc2)C12CCN(CCCOc1ccc(F)cc1)CC2,EUbOPEN Chemogenomic Library,"PDSP Secondary Binding target: ADRA1A - Compounds are tested at 10 uM concentration, plate are incubated at room temperature in the dark for 90 minutes. Reaction are stopped by vacuum filtration onto 0.3% polyethyleneimine soaked filter mats using Filtermate harvester. Scintillation cocktail is then melted onto microwave-dried filters on a hot plate and the radio activity is counted in Microbia counter. Compounds showing a minimum of 50% inhibition at 10 uM concentration are carried forward in this secondary binding assay to determine equilibrium binding affinity.",B,Homo sapiens,,,2024,Alpha-1a adrenergic receptor,Ki,nM,6.39,383.47,3.02
CHEMBL2,0.04,COc1cc2nc(N3CCN(C(=O)c4ccco4)CC3)nc(N)c2cc1OC,Scientific Literature,Displacement of [3H]prazosin from human adrenergic alpha1A receptor expressed in CHO cells,B,Homo sapiens,,Eur J Med Chem,2015,Alpha-1a adrenergic receptor,Ki,nM,10.4,383.41,1.78
CHEMBL2112778,33.0,COc1cccc(C2CCC(N3CCN(c4ccccn4)CC3)CC2)c1,Scientific Literature,Binding affinity was determined on human cloned Alpha-1A adrenoceptor,B,,,J Med Chem,2001,Alpha-1a adrenergic receptor,Ki,nM,7.48,351.49,3.94
CHEMBL1516474,1632.3,CCCCCNC(=N)N/N=C/c1c[nH]c2ccc(OC)cc12.O=C(O)/C=C\C(=O)O,EUbOPEN Chemogenomic Library,"PDSP Secondary Binding target: ADRA1A - Compounds are tested at 10 uM concentration, plate are incubated at room temperature in the dark for 90 minutes. Reaction are stopped by vacuum filtration onto 0.3% polyethyleneimine soaked filter mats using Filtermate harvester. Scintillation cocktail is then melted onto microwave-dried filters on a hot plate and the radio activity is counted in Microbia counter. Compounds showing a minimum of 50% inhibition at 10 uM concentration are carried forward in this secondary binding assay to determine equilibrium binding affinity.",B,Homo sapiens,,,2024,Alpha-1a adrenergic receptor,Ki,nM,5.79,417.47,2.81
CHEMBL56,151.36,CCCN(CCC)C1CCc2cccc(O)c2C1,Scientific Literature,Displacement of [3H]prazosin from human recombinant alpha1A adrenoceptor expressed in CHO cells after 30 mins by liquid scintillation counting,B,Homo sapiens,,J Med Chem,2012,Alpha-1a adrenergic receptor,Ki,nM,6.82,247.38,3.37
CHEMBL2312538,436.52,c1ccc(OCCNC[C@H]2COCC(c3ccccc3)(c3ccccc3)O2)cc1,Scientific Literature,Displacement of [3H]prazosin from human recombinant alpha1A adrenergic receptor expressed in CHO cell membranes after 30 mins,B,Homo sapiens,,J Med Chem,2013,Alpha-1a adrenergic receptor,Ki,nM,6.36,389.5,4.01
CHEMBL715,60.0,Cc1cc2c(s1)Nc1ccccc1N=C2N1CCN(C)CC1,BindingDB Patent Bioactivity Data,"Binding Assay: Binding assay using 5-HT2A, Dopamine D2, SERT, Î±A1, 5-HT2C and H1 Receptors.",B,Homo sapiens,,,2013,Alpha-1a adrenergic receptor,Ki,nM,7.22,312.44,3.44
CHEMBL96467,0.17,C[C@@H]1OC(=O)N(C(=O)NCCCN2CCC(c3ccc(F)cc3)CC2)[C@H]1c1ccc(F)c(F)c1,Scientific Literature,Tested for binding affinity against recombinant human Alpha-1A adrenergic receptor using [125I]HEAT in competition binding assay,B,,,Bioorg Med Chem Lett,2000,Alpha-1a adrenergic receptor,Ki,nM,9.77,475.51,4.97
CHEMBL4558985,141.25,O=C(O)C(=O)O.OCC(CNCCOc1ccccc1)OC(c1ccccc1)c1ccccc1,Scientific Literature,Displacement of [3H] prazosin from human cloned adrenoceptor alpha 1A expressed in CHO cell membrane incubated for 30 mins by liquid scintillation counting,B,Homo sapiens,,Eur J Med Chem,2019,Alpha-1a adrenergic receptor,Ki,nM,6.85,467.52,3.82
CHEMBL423294,12.3,COc1cc2nc(N3CCN(C(=O)c4ccco4)[C@H]4CCCC[C@H]43)nc(N)c2cc1OC,Scientific Literature,Displacement of [3H]prazosin from human alpha1A adrenergic receptor expressed in CHO cell membranes after 30 mins by rapid filtration method,B,Homo sapiens,,Bioorg Med Chem,2018,Alpha-1a adrenergic receptor,Ki,nM,7.91,437.5,3.1
CHEMBL2,0.39,COc1cc2nc(N3CCN(C(=O)c4ccco4)CC3)nc(N)c2cc1OC,Scientific Literature,Compound was tested for binding affinity utilizing cloned receptor binding assays by using [125 I]HEAT as radioligand to the human Alpha-1A adrenergic receptor,B,,,J Med Chem,1998,Alpha-1a adrenergic receptor,Ki,nM,9.41,383.41,1.78
CHEMBL716,100.0,OCCOCCN1CCN(C2=Nc3ccccc3Sc3ccccc32)CC1,Scientific Literature,Binding affinity to adrenergic alpha1A receptor (unknown origin) by PDSP assay,B,Homo sapiens,,Medchemcomm,2012,Alpha-1a adrenergic receptor,Ki,nM,7.0,383.52,2.86
CHEMBL4520788,436.52,CNCc1ccccc1-c1csc([C@H](C)Nc2nc(C)nc3cc(OC)c(OC)cc23)c1,SGC Frankfurt - Donated Chemical Probes,GPCRScan assay: inhibition of Alpha1A,B,Homo sapiens,,,2021,Alpha-1a adrenergic receptor,Ki,nM,6.36,448.59,5.58
CHEMBL74283,1122.02,Brc1c(NC2=NCCN2)ccc2c1NCCN2,Scientific Literature,Binding affinity for human Alpha-1A adrenergic receptor from cultured LM(tk-) cells using [3H]-prazosin,B,Homo sapiens,,Bioorg Med Chem Lett,1995,Alpha-1a adrenergic receptor,Ki,nM,5.95,296.17,1.66
CHEMBL356829,0.84,COC(=O)C1(c2ccccc2)CCN(CCCNC(=O)C2=C(C)NC(C)=C(C(N)=O)C2c2ccc([N+](=O)[O-])cc2)CC1,Scientific Literature,Binding affinity was determined for the alpha-1A adrenergic receptor,B,,,J Med Chem,1998,Alpha-1a adrenergic receptor,Ki,nM,9.08,575.67,3.03
CHEMBL5273244,50.12,COCC(=O)NCCN1CCC[C@@H]1Cn1nc(Cc2ccc(Cl)cc2)c2ccccc2c1=O.O=C(O)C(F)(F)F,Scientific Literature,Antagonist activity against recombinant human adrenergic alpha1A receptor expressed in Rat1 cells incubated for 30 mins by FLIPR analysis,B,Homo sapiens,,ACS Med Chem Lett,2017,Alpha-1a adrenergic receptor,Ki,nM,7.3,583.01,2.87
CHEMBL279516,3.981,O=C(NC1CCN(CCc2c[nH]c3ccccc23)CC1)c1ccccc1,Scientific Literature,Binding affinity was tested on human Alpha-1A adrenergic receptor,B,,,J Med Chem,1997,Alpha-1a adrenergic receptor,Ki,nM,8.4,347.46,3.6
CHEMBL2146813,31.62,O=c1c2ccncc2c(Cc2ccc(Cl)cc2)nn1C[C@H]1CCCN1CCCCc1ccc(OCCCN2CCCCCC2)cc1,Scientific Literature,Antagonist activity at human adrenergic alpha1A receptor expressed in rat fibroblasts by by plate-based calcium imaging,F,Homo sapiens,,Bioorg Med Chem,2012,Alpha-1a adrenergic receptor,Ki,nM,7.5,642.29,7.17
CHEMBL3925332,1995.26,O=C(O)c1cc(N2CCN(CCc3ccc(OCCCN4CCCCCC4)cc3)CC2)c2ncccc2c1,Scientific Literature,Antagonist activity at adrenergic alpha1A receptor (unknown origin) expressed in Rat1 cells assessed as inhibition of phenylephrine-induced Ca2+ flux preincubated for 30 mins followed by phenylephrine addition by Fluo-4-AM-dye based FLIPR assay,A,Homo sapiens,,Bioorg Med Chem Lett,2016,Alpha-1a adrenergic receptor,Ki,nM,,516.69,4.94
CHEMBL3892434,57.54,COc1ccccc1N1CCN(CC2CSC3(CCCCC3)O2)CC1,Scientific Literature,Displacement of [3H]prazosin from recombinant human alpha1a adrenergic receptor expressed in CHO cell membranes after 30 mins by TopCount liquid scintillation counting method,B,Homo sapiens,,Eur J Med Chem,2017,Alpha-1a adrenergic receptor,Ki,nM,7.24,362.54,3.61
CHEMBL2234448,91.2,COc1ccccc1N1CCN(CC2COC3(CCCCC3)O2)CC1,Scientific Literature,Binding affinity to adrenergic alpha1A receptor (unknown origin),B,Homo sapiens,,Med Chem Res,2011,Alpha-1a adrenergic receptor,Ki,nM,7.04,346.47,2.89
CHEMBL25554,0.426,COc1cccc(OC)c1OCCNCC1COc2ccccc2O1,Scientific Literature,Binding affinity to adrenergic alpha1A receptor (unknown origin),B,Homo sapiens,,Med Chem Res,2011,Alpha-1a adrenergic receptor,Ki,nM,9.37,345.4,2.51
CHEMBL56,1000.0,CCCN(CCC)C1CCc2cccc(O)c2C1,Scientific Literature,Displacement of [3H]prazosin from recombinant human alpha-1a adrenergic receptor expressed in CHO cell membranes after 30 mins by liquid scintillation counting method,A,Homo sapiens,,Eur J Med Chem,2017,Alpha-1a adrenergic receptor,Ki,nM,,247.38,3.37
CHEMBL3760110,158.0,O=C(NCCCCN1CCN(c2cccc3[nH]c(=O)[nH]c23)CC1)c1ccc2ccccc2c1,Scientific Literature,Displacement of [3H]-prazosin from human ADRA1A receptor,B,Homo sapiens,,Bioorg Med Chem Lett,2016,Alpha-1a adrenergic receptor,Ki,nM,6.8,443.55,3.34
CHEMBL3759312,116.0,COc1ccccc1N1CCN(CCCCNC(=O)N(C)c2ccccc2)CC1,Scientific Literature,Displacement of [3H]-prazosin from human ADRA1A receptor,B,Homo sapiens,,Bioorg Med Chem Lett,2016,Alpha-1a adrenergic receptor,Ki,nM,6.94,396.54,3.44
CHEMBL3758368,10.3,COc1ccccc1N1CCN(CCCCCOc2ccc3ccccc3c2)CC1,Scientific Literature,Displacement of [3H]-prazosin from human ADRA1A receptor,B,Homo sapiens,,Bioorg Med Chem Lett,2016,Alpha-1a adrenergic receptor,Ki,nM,7.99,404.55,5.22
CHEMBL3897499,10000.0,CCCN1CC[C@H]2c3cc4ccc(C(F)(F)F)cc4nc3[C@H](CC)[C@H]3CCC[C@@H]1[C@@H]32,Scientific Literature,Displacement of [3H]Prazosin from human Alpha1A receptor measured after 90 mins by microbeta scintillation counting method,B,Homo sapiens,,Bioorg Med Chem Lett,2016,Alpha-1a adrenergic receptor,Ki,nM,,416.53,6.75
CHEMBL1489369,1467.57,Br.CN1CCc2cc(Br)c(O)cc2C(c2ccccc2)C1,EUbOPEN Chemogenomic Library,"PDSP Secondary Binding target: ADRA1A - Compounds are tested at 10 uM concentration, plate are incubated at room temperature in the dark for 90 minutes. Reaction are stopped by vacuum filtration onto 0.3% polyethyleneimine soaked filter mats using Filtermate harvester. Scintillation cocktail is then melted onto microwave-dried filters on a hot plate and the radio activity is counted in Microbia counter. Compounds showing a minimum of 50% inhibition at 10 uM concentration are carried forward in this secondary binding assay to determine equilibrium binding affinity.",B,Homo sapiens,,,2024,Alpha-1a adrenergic receptor,Ki,nM,5.83,413.15,3.77
CHEMBL300555,445.96,O=C1NCN(c2ccccc2)C12CCN(CC1COc3ccccc3O1)CC2,EUbOPEN Chemogenomic Library,"PDSP Secondary Binding target: ADRA1A - Compounds are tested at 10 uM concentration, plate are incubated at room temperature in the dark for 90 minutes. Reaction are stopped by vacuum filtration onto 0.3% polyethyleneimine soaked filter mats using Filtermate harvester. Scintillation cocktail is then melted onto microwave-dried filters on a hot plate and the radio activity is counted in Microbia counter. Compounds showing a minimum of 50% inhibition at 10 uM concentration are carried forward in this secondary binding assay to determine equilibrium binding affinity.",B,Homo sapiens,,,2024,Alpha-1a adrenergic receptor,Ki,nM,6.35,379.46,2.25
CHEMBL4067083,117.49,O=[N+]([O-])c1ccccc1OCCNCC1COCC(c2ccccc2)(c2ccccc2)O1,Scientific Literature,Displacement of [3H]prazosin from recombinant human alpha-1a adrenergic receptor expressed in CHO cell membranes after 30 mins by liquid scintillation counting method,A,Homo sapiens,,Eur J Med Chem,2017,Alpha-1a adrenergic receptor,Ki,nM,6.93,434.49,3.92
CHEMBL4129461,9.12,COc1cc2nc(N3CCN(C(C)=O)[C@@H]4CCCC[C@@H]43)nc(N)c2cc1OC,Scientific Literature,Displacement of [3H]prazosin from human alpha1A adrenergic receptor expressed in CHO cell membranes after 30 mins by rapid filtration method,B,Homo sapiens,,Bioorg Med Chem,2018,Alpha-1a adrenergic receptor,Ki,nM,8.04,385.47,2.21
CHEMBL589390,60.26,Cc1ccc2c(c1)c1c(n2CCc2ccc(C)nc2)CCN(C)C1,Scientific Literature,Binding affinity to adrenergic alpha1A receptor by radioligand displacement assay,B,,,Bioorg Med Chem Lett,2010,Alpha-1a adrenergic receptor,Ki,nM,7.22,319.45,3.88
CHEMBL592752,19.05,Cc1ccc2c(c1)c1c(n2CCc2ccccc2)CCN(C)C1,Scientific Literature,Binding affinity to adrenergic alpha1A receptor by radioligand displacement assay,B,,,Bioorg Med Chem Lett,2010,Alpha-1a adrenergic receptor,Ki,nM,7.72,304.44,4.18
CHEMBL149263,7.762,CCOC(=O)C1(c2ccccc2)CCN(CCCNC(=O)C2=C(C)NC(C)=C(C(N)=O)C2c2ccc3c(c2)OCO3)CC1,Scientific Literature,Binding affinity to Homo sapiens (human) alpha1A adrenergic receptor,B,Homo sapiens,,Med Chem Res,2004,Alpha-1a adrenergic receptor,Ki,nM,8.11,588.71,3.24
CHEMBL347499,1.905,CCOC(=O)C1(c2ccccc2)CCN(CCCNC(=O)C2=C(C)NC(C)=C(C(C)=O)C2c2ccc([N+](=O)[O-])cc2)CC1,Scientific Literature,Binding affinity to Homo sapiens (human) alpha1A adrenergic receptor,B,Homo sapiens,,Med Chem Res,2004,Alpha-1a adrenergic receptor,Ki,nM,8.72,588.71,4.52
CHEMBL2260363,3.715,CCOC(=O)C1=C(C)NC(C)=C(C(=O)NCCCN2CCC(C(=O)OC)(c3ccccc3)CC2)C1c1ccc([N+](=O)[O-])cc1,Scientific Literature,Binding affinity to Homo sapiens (human) alpha1A adrenergic receptor,B,Homo sapiens,,Med Chem Res,2004,Alpha-1a adrenergic receptor,Ki,nM,8.43,604.7,4.11
CHEMBL358253,6.166,CNC(=O)C1=C(C)NC(C)=C(C(=O)NCCCN2CCC(c3ccccc3)CC2)C1c1ccc([N+](=O)[O-])cc1,Scientific Literature,Binding affinity to Homo sapiens (human) alpha1A adrenergic receptor,B,Homo sapiens,,Med Chem Res,2004,Alpha-1a adrenergic receptor,Ki,nM,8.21,531.66,3.96
CHEMBL313251,316.23,CC1=C(C(=O)O)C(c2ccc3c(c2)OCO3)C(C(=O)NCCCN2CCC(c3ccccc3)(c3ccccc3)CC2)=C(C)N1,Scientific Literature,Binding affinity to Homo sapiens (human) alpha1A adrenergic receptor,B,Homo sapiens,,Med Chem Res,2004,Alpha-1a adrenergic receptor,Ki,nM,6.5,593.72,5.32
CHEMBL2260369,36.31,COC(=O)C1=C(C)NC(C)=C(C(=O)NCCCN2CCC(c3ccccc3)(c3ccccc3)CC2)C1c1ccc2ccccc2c1,Scientific Literature,Binding affinity to Homo sapiens (human) alpha1A adrenergic receptor,B,Homo sapiens,,Med Chem Res,2004,Alpha-1a adrenergic receptor,Ki,nM,7.44,613.8,6.84
CHEMBL707,0.537,COc1cc2nc(N3CCN(C(=O)C4COc5ccccc5O4)CC3)nc(N)c2cc1OC,Scientific Literature,Displacement of [3H]prazosin from cloned human ADRA1A expressed in CHO cells,B,Homo sapiens,,J Med Chem,2005,Alpha-1a adrenergic receptor,Ki,nM,9.27,451.48,1.72
CHEMBL4753450,2700.0,C[C@@H](c1cccc(CN)c1)n1cc(Cl)cc(C(N)=O)c1=N.Cl,EUbOPEN Chemogenomic Library Literature Data,Selectivity interaction (GPCR panel (PDSP screen)) EUB0000300bCl ADRA1A,B,Homo sapiens,,,2023,Alpha-1a adrenergic receptor,Ki,nM,,341.24,1.79
CHEMBL25554,0.4266,COc1cccc(OC)c1OCCNCC1COc2ccccc2O1,Scientific Literature,Affinity constant towards human recombinant Alpha-1A adrenergic receptor using [3H]prazosin (from CHO cells) as radioligand by radioligand binding assay,B,,,J Med Chem,2003,Alpha-1a adrenergic receptor,Ki,nM,9.37,345.4,2.51
CHEMBL2,0.58,COc1cc2nc(N3CCN(C(=O)c4ccco4)CC3)nc(N)c2cc1OC,Scientific Literature,The compound was tested for binding affinity on [3H]- prazosin as specific ligand on Human cloned alpha-1A adrenergic receptor expressed in CHO cells,B,,,J Med Chem,1999,Alpha-1a adrenergic receptor,Ki,nM,9.24,383.41,1.78
CHEMBL301707,0.2692,COc1ccccc1N1CCN(CCn2c(=O)[nH]c3c([nH]c4ccccc43)c2=O)CC1,Scientific Literature,Displacement of [125I]BE-2254 from human adrenergic alpha1A receptor expressed in HEK293 cells,B,Homo sapiens,,Eur J Med Chem,2011,Alpha-1a adrenergic receptor,Ki,nM,9.57,419.49,2.0
CHEMBL5286701,7.943,COCCC(=O)NCCN1CCC[C@@H]1Cn1nc(Cc2ccc(Cl)cc2)c2ccccc2c1=O.O=CO,Scientific Literature,Antagonist activity against recombinant human adrenergic alpha1A receptor expressed in Rat1 cells incubated for 30 mins by FLIPR analysis,B,Homo sapiens,,ACS Med Chem Lett,2017,Alpha-1a adrenergic receptor,Ki,nM,8.1,529.04,3.26
CHEMBL215421,0.4074,COc1cccc(OC)c1OCCNC[C@H]1COc2ccccc2O1.Cl,Scientific Literature,Displacement of [3H]prazosin from human alpha-1A adrenoreceptor expressed in CHO cells after 30 mins,B,Homo sapiens,,J Med Chem,2013,Alpha-1a adrenergic receptor,Ki,nM,9.39,381.86,2.51
CHEMBL41994,2.0,Cc1ccccc1C1(C#N)CCN(CCCNC(=O)C(c2ccc(F)c(F)c2)C(C)C)CC1,Scientific Literature,Inhibition of binding of [125I]HEAT to cloned human alpha-1A adrenergic receptor.,B,,,Bioorg Med Chem Lett,2000,Alpha-1a adrenergic receptor,Ki,nM,8.7,453.58,5.08
CHEMBL284103,4.467,CNC(=O)C1=C(C)NC(C)=C(C(=O)NCCCN2CCC(c3ccccc3)(c3ccccc3)CC2)C1c1ccc([N+](=O)[O-])cc1,Scientific Literature,Binding affinity to Homo sapiens (human) alpha1A adrenergic receptor,B,Homo sapiens,,Med Chem Res,2004,Alpha-1a adrenergic receptor,Ki,nM,8.35,607.76,5.16
CHEMBL301265,10000.0,CCCN[C@H]1CCc2nc(N)sc2C1,Scientific Literature,Displacement of [3H]-prazosin from recombinant human alpha1A adrenergic receptor measured after 90 mins by microbeta scintillation counting method,A,Homo sapiens,,J Med Chem,2020,Alpha-1a adrenergic receptor,Ki,nM,,211.33,1.58
CHEMBL275469,9.3,CC(C)Oc1ccccc1N1CCN(CCNC(=O)CN2CCCCC2=O)CC1,Scientific Literature,Binding constant measured against Alpha-1A adrenergic receptor in human prostate; ++:moderately active,B,Homo sapiens,Prostate gland,Bioorg Med Chem Lett,2005,Alpha-1a adrenergic receptor,Ki,nM,8.03,402.54,1.72
CHEMBL256040,51.0,CC(C)Oc1ccccc1N1CCN(C2CCC(NC(=O)Nc3c(Cl)cc(Cl)cc3Cl)CC2)CC1,Scientific Literature,Displacement of [125I]HEAT from human recombinant adrenergic alpha1A receptor,B,Homo sapiens,,Bioorg Med Chem Lett,2008,Alpha-1a adrenergic receptor,Ki,nM,7.29,539.94,6.69
CHEMBL257097,26.0,CC(C)Oc1ccccc1N1CCN(C2CCC(NC(=O)Nc3cc(F)ccc3F)CC2)CC1,Scientific Literature,Displacement of [125I]HEAT from human recombinant adrenergic alpha1A receptor,B,Homo sapiens,,Bioorg Med Chem Lett,2008,Alpha-1a adrenergic receptor,Ki,nM,7.58,472.58,5.01
CHEMBL271913,34.0,COc1ccc(Cl)cc1NC(=O)NC1CCC(N2CCN(c3ccccc3OC(C)C)CC2)CC1,Scientific Literature,Displacement of [125I]HEAT from human recombinant adrenergic alpha1A receptor,B,Homo sapiens,,Bioorg Med Chem Lett,2008,Alpha-1a adrenergic receptor,Ki,nM,7.47,501.07,5.39
CHEMBL42,10.0,CN1CCN(C2=Nc3cc(Cl)ccc3Nc3ccccc32)CC1,Scientific Literature,Binding affinity to adrenergic alpha1A receptor (unknown origin) by PDSP assay,B,Homo sapiens,,Medchemcomm,2012,Alpha-1a adrenergic receptor,Ki,nM,8.0,326.83,3.72
CHEMBL92951,0.24,COCC1=C(C(=O)NCCCN2CCC(c3ccc(F)cc3)CC2)[C@@H](c2ccc(F)c(F)c2)NC(=O)N1,Scientific Literature,Ability to displace [125I]- HEAT from human cloned Alpha-1A adrenergic receptor stably expressed in CHO cells.,B,,,J Med Chem,2000,Alpha-1a adrenergic receptor,Ki,nM,9.62,516.56,3.74
CHEMBL49623,140.0,C[C@@H]([C@H](O)c1ccc(O)cc1)N1CCC(Cc2ccccc2)CC1,Scientific Literature,Displacement of [3H]prazosin from alpha-1A adrenergic receptor (unknown origin),B,Homo sapiens,,J Med Chem,2021,Alpha-1a adrenergic receptor,Ki,nM,6.85,325.45,3.77
CHEMBL597,4.12,Cc1ccc(N(CC2=NCCN2)c2cccc(O)c2)cc1,Scientific Literature,Binding affinity towards alpha-1A adrenergic receptor expressed in human embryonic kidney (HEK293) cells,B,Homo sapiens,,Bioorg Med Chem Lett,2005,Alpha-1a adrenergic receptor,Ki,nM,8.38,281.36,2.84
CHEMBL540612,10.48,COc1ccccc1N1CCN(CCCCNC(=O)c2ccc3ccccc3c2)CC1.Cl,EUbOPEN Chemogenomic Library,"PDSP Secondary Binding target: ADRA1A - Compounds are tested at 10 uM concentration, plate are incubated at room temperature in the dark for 90 minutes. Reaction are stopped by vacuum filtration onto 0.3% polyethyleneimine soaked filter mats using Filtermate harvester. Scintillation cocktail is then melted onto microwave-dried filters on a hot plate and the radio activity is counted in Microbia counter. Compounds showing a minimum of 50% inhibition at 10 uM concentration are carried forward in this secondary binding assay to determine equilibrium binding affinity.",B,Homo sapiens,,,2024,Alpha-1a adrenergic receptor,Ki,nM,7.98,454.01,4.18
CHEMBL3289656,257.04,c1cnc(N2CCN(CCCc3nc4ccccc4s3)CC2)nc1,Scientific Literature,Displacement of [3H]prazosin from human adrenergic-alpha1A receptor by PDSP assay,B,Homo sapiens,,Bioorg Med Chem,2014,Alpha-1a adrenergic receptor,Ki,nM,6.59,339.47,2.84
CHEMBL13856,4.17,COc1ccccc1N1CCN(CCn2c(=O)[nH]c3scc(-c4cccc(C)c4)c3c2=O)CC1,Scientific Literature,Binding affinity for human Alpha-1A adrenergic receptor,B,Homo sapiens,,Bioorg Med Chem Lett,2001,Alpha-1a adrenergic receptor,Ki,nM,8.38,476.6,3.56
CHEMBL24981,2.512,COc1ccc(Cl)cc1N1CCN(CCCNc2nccc(C(N)=O)n2)CC1,Scientific Literature,Binding affinity was tested on human Alpha-1A adrenergic receptor,B,,,J Med Chem,1997,Alpha-1a adrenergic receptor,Ki,nM,8.6,404.9,1.86
CHEMBL3967709,1995.26,O=C(O)c1cnc2c(N3CCN(CCc4ccc(OCCCN5CCCCCC5)cc4)CC3)cccc2c1,Scientific Literature,Antagonist activity at adrenergic alpha1A receptor (unknown origin) expressed in Rat1 cells assessed as inhibition of phenylephrine-induced Ca2+ flux preincubated for 30 mins followed by phenylephrine addition by Fluo-4-AM-dye based FLIPR assay,A,Homo sapiens,,Bioorg Med Chem Lett,2016,Alpha-1a adrenergic receptor,Ki,nM,,516.69,4.94
CHEMBL3925977,1995.26,O=C(O)c1ccc2cccnc2c1N1CCN(CCc2ccc(OCCCN3CCCCCC3)cc2)CC1,Scientific Literature,Antagonist activity at adrenergic alpha1A receptor (unknown origin) expressed in Rat1 cells assessed as inhibition of phenylephrine-induced Ca2+ flux preincubated for 30 mins followed by phenylephrine addition by Fluo-4-AM-dye based FLIPR assay,A,Homo sapiens,,Bioorg Med Chem Lett,2016,Alpha-1a adrenergic receptor,Ki,nM,,516.69,4.94
CHEMBL3759491,1525.0,O=C(NCCCCN1CCN(c2cccc(O)c2)CC1)c1ccc2ccccc2c1,Scientific Literature,Displacement of [3H]-prazosin from human ADRA1A receptor,B,Homo sapiens,,Bioorg Med Chem Lett,2016,Alpha-1a adrenergic receptor,Ki,nM,5.82,403.53,3.88
CHEMBL215421,0.4074,COc1cccc(OC)c1OCCNC[C@H]1COc2ccccc2O1.Cl,Scientific Literature,Displacement of [3H]prazosin from human cloned alpha1A adrenoceptor expressed in CHO cell membranes after 30 mins by liquid scintillation counter,B,Homo sapiens,,Eur J Med Chem,2012,Alpha-1a adrenergic receptor,Ki,nM,9.39,381.86,2.51
CHEMBL3758881,29.9,Cc1ccccc1N1CCN(CCCCNC(=O)c2ccc3ccccc3c2)CC1,Scientific Literature,Displacement of [3H]-prazosin from human ADRA1A receptor,B,Homo sapiens,,Bioorg Med Chem Lett,2016,Alpha-1a adrenergic receptor,Ki,nM,7.52,401.55,4.48
CHEMBL3946843,2.754,COc1cccc(CCN2CCN(c3ccccc3OC(C)C)CC2)c1,Scientific Literature,Displacement of [3H]prazosin from human alpha1A-adrenoceptor expressed in CHO cell membranes measured after 30 mins,B,Homo sapiens,,Eur J Med Chem,2016,Alpha-1a adrenergic receptor,Ki,nM,8.56,354.49,3.85
CHEMBL611,6.9,COc1cc2nc(N3CCN(C(=O)C4CCCO4)CC3)nc(N)c2cc1OC,Scientific Literature,Ability to displace [3H]prazosin from cloned human Alpha-1A adrenergic receptor,B,,,J Med Chem,1995,Alpha-1a adrenergic receptor,Ki,nM,8.16,387.44,1.06
CHEMBL2260364,3.631,COC(=O)C1(c2ccccc2)CCN(CCCNC(=O)C2=C(C)NC(C)=C(C(=O)OCCO)C2c2ccc([N+](=O)[O-])cc2)CC1,Scientific Literature,Binding affinity to Homo sapiens (human) alpha1A adrenergic receptor,B,Homo sapiens,,Med Chem Res,2004,Alpha-1a adrenergic receptor,Ki,nM,8.44,620.7,3.08
CHEMBL315392,58.88,CC1=C(C(=O)NCCCN2CCC(c3ccccc3)(c3ccccc3)CC2)C(c2ccc([N+](=O)[O-])cc2)C(C(=O)N(C)C)=C(C)N1,Scientific Literature,Binding affinity to Homo sapiens (human) alpha1A adrenergic receptor,B,Homo sapiens,,Med Chem Res,2004,Alpha-1a adrenergic receptor,Ki,nM,7.23,621.78,5.51
CHEMBL2260370,0.5248,COC(=O)C1=C(C)NC(C)=C(C(=O)NCCCN2CCC(c3ccccc3)CC2)C1c1ccc(Cl)c([N+](=O)[O-])c1,Scientific Literature,Binding affinity to Homo sapiens (human) alpha1A adrenergic receptor,B,Homo sapiens,,Med Chem Res,2004,Alpha-1a adrenergic receptor,Ki,nM,9.28,567.09,5.04
CHEMBL2260365,1.38,COC(=O)C1=C(C)NC(C)=C(C(=O)NCCCN2CCC(c3ccccc3)(c3ccccc3)CC2)C1c1ccc(C)cc1,Scientific Literature,Binding affinity to Homo sapiens (human) alpha1A adrenergic receptor,B,Homo sapiens,,Med Chem Res,2004,Alpha-1a adrenergic receptor,Ki,nM,8.86,577.77,5.99
CHEMBL287587,50000.0,NCC(O)c1ccc(O)c(O)c1F,Scientific Literature,Binding affinity against alpha-1 adrenergic receptor in guinea pig cerebral cortical membranes by displacement of [3H]- WB-4101,B,Cavia porcellus,,J Med Chem,1988,Alpha-1a adrenergic receptor,Ki,nM,,187.17,0.23
CHEMBL284103,4.467,CNC(=O)C1=C(C)NC(C)=C(C(=O)NCCCN2CCC(c3ccccc3)(c3ccccc3)CC2)C1c1ccc([N+](=O)[O-])cc1,Scientific Literature,Binding affinity determined by displacement of [3H]prazosin from alpha-1A adrenergic receptor,B,,,J Med Chem,1998,Alpha-1a adrenergic receptor,Ki,nM,8.35,607.76,5.16
CHEMBL639,50.12,CN1CCCC(n2nc(Cc3ccc(Cl)cc3)c3ccccc3c2=O)CC1,Scientific Literature,Antagonist activity at human adrenergic alpha1A receptor expressed in rat fibroblasts by by plate-based calcium imaging,F,Homo sapiens,,Bioorg Med Chem,2012,Alpha-1a adrenergic receptor,Ki,nM,7.3,381.91,4.3
CHEMBL286003,19.5,COc1ccccc1OCCNCC1COC(c2ccccc2)(c2ccccc2)O1.O=C(O)C(=O)O,Scientific Literature,Displacement of [3H]prazosin from human recombinant alpha1A adrenoceptor expressed in CHO cells after 30 mins by liquid scintillation counting,B,Homo sapiens,,J Med Chem,2012,Alpha-1a adrenergic receptor,Ki,nM,7.71,495.53,3.98
CHEMBL762,15.85,Cc1cc(C(C)(C)C)c(O)c(C)c1CC1=NCCN1,Scientific Literature,Affinity to Alpha-1 adrenergic receptor determined by radioligand binding techniques from rat-1 fibroblasts membranes,B,,,J Med Chem,2002,Alpha-1a adrenergic receptor,Ki,nM,7.8,260.38,2.85
CHEMBL279436,20.89,CC1=C(C(N)=O)C(c2ccc([N+](=O)[O-])cc2)C(C(=O)NCCCN2CCC(c3ccccc3)(c3ccccc3)CC2)=C(C)N1,Scientific Literature,Binding affinity to Homo sapiens (human) alpha1A adrenergic receptor,B,Homo sapiens,,Med Chem Res,2004,Alpha-1a adrenergic receptor,Ki,nM,7.68,593.73,4.9
CHEMBL639,50.12,CN1CCCC(n2nc(Cc3ccc(Cl)cc3)c3ccccc3c2=O)CC1,Scientific Literature,Antagonist activity against recombinant human adrenergic alpha1A receptor expressed in Rat1 cells incubated for 30 mins by FLIPR analysis,B,Homo sapiens,,ACS Med Chem Lett,2017,Alpha-1a adrenergic receptor,Ki,nM,7.3,381.91,4.3
CHEMBL836,3.981,CCOc1ccccc1OCCN[C@H](C)Cc1ccc(OC)c(S(N)(=O)=O)c1,Scientific Literature,Binding affinity was tested on human Alpha-1A adrenergic receptor,B,,,J Med Chem,1997,Alpha-1a adrenergic receptor,Ki,nM,8.4,408.52,2.34
CHEMBL43116,0.4677,COc1cccc(OC)c1OCCNCCOc1ccccc1OCc1ccccc1,Scientific Literature,Displacement of [3H]prazosin from cloned human ADRA1A expressed in CHO cells,B,Homo sapiens,,J Med Chem,2005,Alpha-1a adrenergic receptor,Ki,nM,9.33,423.51,4.33
CHEMBL85,10.0,Cc1nc2n(c(=O)c1CCN1CCC(c3noc4cc(F)ccc34)CC1)CCCC2,Scientific Literature,Binding affinity to adrenergic alpha1A receptor (unknown origin) by PDSP assay,B,Homo sapiens,,Medchemcomm,2012,Alpha-1a adrenergic receptor,Ki,nM,8.0,410.49,3.59
CHEMBL715,60.0,Cc1cc2c(s1)Nc1ccccc1N=C2N1CCN(C)CC1,Scientific Literature,Inhibition of adrenergic alpha1A receptor (unknown origin),B,Homo sapiens,,J Med Chem,2014,Alpha-1a adrenergic receptor,Ki,nM,7.22,312.44,3.44
CHEMBL289480,6025.6,C1COC(NC(C2CC2)C2CC2)=N1,Scientific Literature,Binding affinity towards human Alpha-1C adrenergic receptor by the displacement of [3H]prazosin,B,,,Bioorg Med Chem Lett,1994,Alpha-1a adrenergic receptor,Ki,nM,5.22,180.25,1.15
CHEMBL1224527,340000.0,Oc1ccc2c(c1O)C[C@@H](c1ccccc1)[C@@H]1CCNC[C@@H]21,Scientific Literature,Binding affinity to adrenergic alpha1A receptor,B,,,Bioorg Med Chem,2010,Alpha-1a adrenergic receptor,Ki,nM,,295.38,3.13
CHEMBL2,0.5888,COc1cc2nc(N3CCN(C(=O)c4ccco4)CC3)nc(N)c2cc1OC,Scientific Literature,Binding affinity at human cloned Alpha-1A adrenergic receptor in chinese hamster ovary cells by [3H]-prazosin displacement.,B,,,J Med Chem,1998,Alpha-1a adrenergic receptor,Ki,nM,9.23,383.41,1.78
CHEMBL43297,13.0,COc1ccccc1N1CCN(CCN(C(=O)c2ccc(F)c(C)c2)c2ccccn2)CC1,Scientific Literature,Binding affinity to alpha 1A adrenergic receptor (unknown origin) assessed as inhibition constant,B,Homo sapiens,,J Med Chem,2022,Alpha-1a adrenergic receptor,Ki,nM,7.89,448.54,4.01
CHEMBL409662,71.3,CCC1(CCCCN2CCN(c3ccc(Cl)cc3)CC2)C(=O)Nc2cc(F)ccc21,Scientific Literature,Inhibition of adrenergic alpha-1 receptor,B,,,J Med Chem,2008,Alpha-1a adrenergic receptor,Ki,nM,7.15,429.97,5.07
CHEMBL1829335,9800.0,C[C@@H]1CCCN1CCCOc1ccc(-c2ccc(=O)[nH]n2)cc1,Scientific Literature,Inhibition of adrenergic alpha 1A receptor,B,,,J Med Chem,2011,Alpha-1a adrenergic receptor,Ki,nM,5.01,313.4,2.69
CHEMBL707,0.537,COc1cc2nc(N3CCN(C(=O)C4COc5ccccc5O4)CC3)nc(N)c2cc1OC,Scientific Literature,Displacement of [3H]prazosin from human alpha1A adrenoceptor expressed in CHO cells,B,Homo sapiens,,J Med Chem,2009,Alpha-1a adrenergic receptor,Ki,nM,9.27,451.48,1.72
CHEMBL41994,2.0,Cc1ccccc1C1(C#N)CCN(CCCNC(=O)C(c2ccc(F)c(F)c2)C(C)C)CC1,Scientific Literature,Inhibition of binding of [125I]HEAT to cloned human alpha-1A adrenergic receptor.,B,,,Bioorg Med Chem Lett,2000,Alpha-1a adrenergic receptor,Ki,nM,8.7,453.58,5.08
CHEMBL267336,0.1995,COc1ccc(CCN2CCC(c3nc(COCC(F)(F)F)c(-c4ccc(F)cc4)o3)CC2)cc1S(N)(=O)=O,Scientific Literature,Binding affinity was tested on human Alpha-1A adrenergic receptor,B,,,J Med Chem,1997,Alpha-1a adrenergic receptor,Ki,nM,9.7,571.59,4.64
CHEMBL279436,20.89,CC1=C(C(N)=O)C(c2ccc([N+](=O)[O-])cc2)C(C(=O)NCCCN2CCC(c3ccccc3)(c3ccccc3)CC2)=C(C)N1,Scientific Literature,Binding affinity determined by displacement of [3H]prazosin from alpha-1A adrenergic receptor,B,,,J Med Chem,1998,Alpha-1a adrenergic receptor,Ki,nM,7.68,593.73,4.9
CHEMBL4086593,10000.0,CCCNc1nc(C#Cc2ccc(Cl)s2)nc2c1ncn2[C@@H]1O[C@H](C(=O)NC)[C@@H](O)[C@H]1O,Scientific Literature,Displacement of [3H]Prazosin from human adrenergic alpha1A receptor,B,Homo sapiens,,J Med Chem,2017,Alpha-1a adrenergic receptor,Ki,nM,,476.95,1.13
CHEMBL41677,5.1,COC(=O)C1(c2ccccc2)CCN(CCCNC(=O)C(c2ccc(C)cc2)c2ccc(C)cc2)CC1,Scientific Literature,Inhibition of binding of [125I]HEAT to cloned human alpha-1A adrenergic receptor.,B,,,Bioorg Med Chem Lett,2000,Alpha-1a adrenergic receptor,Ki,nM,8.29,498.67,5.15
CHEMBL611,2.0,COc1cc2nc(N3CCN(C(=O)C4CCCO4)CC3)nc(N)c2cc1OC,Scientific Literature,Compound was evaluated for its affinity for Alpha-1a adrenergic receptor in dog aorta preparations,B,Canis lupus familiaris,Aorta,Bioorg Med Chem Lett,1998,Alpha-1a adrenergic receptor,Ki,nM,8.7,387.44,1.06
CHEMBL312448,91.0,Cc1cc(C(C)(C)C)cc(C)c1CC1=NCCN1,Scientific Literature,Binding affinity towards human Alpha-1 adrenergic receptor,B,Homo sapiens,,Bioorg Med Chem Lett,2004,Alpha-1a adrenergic receptor,Ki,nM,7.04,244.38,3.15
CHEMBL31410,142.0,COC(=O)[C@H]1[C@H]2C[C@H]3c4[nH]c5ccccc5c4CCN3C[C@@H]2CC[C@@H]1O,Scientific Literature,Inhibition of [3H]prazosin binding to human Alpha-1A adrenergic receptor expressed in CHO cells,B,Homo sapiens,,J Med Chem,1995,Alpha-1a adrenergic receptor,Ki,nM,6.85,354.45,2.65
CHEMBL150161,114.8,O=C(CCCN1CCC(O)(c2ccc(Cl)cc2)C1)c1ccc(F)cc1,Scientific Literature,Binding affinity to human cloned adrenergic alpha-1A receptor by radioligand binding assay,B,Homo sapiens,,Bioorg Med Chem Lett,2006,Alpha-1a adrenergic receptor,Ki,nM,6.94,361.84,4.04
CHEMBL228334,1.8,COc1ccc(S(=O)(=O)N[C@H]2CC[C@@H](N3CCC(c4ccccc4OCC(F)(F)F)CC3)CC2)cc1OC,Scientific Literature,Binding affinity to human cloned adrenergic alpha-1a receptor,B,Homo sapiens,,Bioorg Med Chem Lett,2007,Alpha-1a adrenergic receptor,Ki,nM,8.74,556.65,5.11
CHEMBL5075931,1096.48,NCCc1cn(S(=O)(=O)c2c(Cl)nc3sccn23)c2ccccc12.O=C(O)C(=O)O,EUbOPEN Chemogenomic Library,"PDSP Secondary Binding target: ADRA1A - Compounds are tested at 10 uM concentration, plate are incubated at room temperature in the dark for 90 minutes. Reaction are stopped by vacuum filtration onto 0.3% polyethyleneimine soaked filter mats using Filtermate harvester. Scintillation cocktail is then melted onto microwave-dried filters on a hot plate and the radio activity is counted in Microbia counter. Compounds showing a minimum of 50% inhibition at 10 uM concentration are carried forward in this secondary binding assay to determine equilibrium binding affinity.",B,Homo sapiens,,,2024,Alpha-1a adrenergic receptor,Ki,nM,5.96,470.92,2.74
CHEMBL1200517,32.9,CN1C[C@H](C(=O)N[C@]2(C)O[C@@]3(O)[C@@H]4CCCN4C(=O)[C@H](Cc4ccccc4)N3C2=O)C[C@@H]2c3cccc4[nH]cc(c34)C[C@H]21.CS(=O)(=O)O,EUbOPEN Chemogenomic Library,"PDSP Secondary Binding target: ADRA1A - Compounds are tested at 10 uM concentration, plate are incubated at room temperature in the dark for 90 minutes. Reaction are stopped by vacuum filtration onto 0.3% polyethyleneimine soaked filter mats using Filtermate harvester. Scintillation cocktail is then melted onto microwave-dried filters on a hot plate and the radio activity is counted in Microbia counter. Compounds showing a minimum of 50% inhibition at 10 uM concentration are carried forward in this secondary binding assay to determine equilibrium binding affinity.",B,Homo sapiens,,,2024,Alpha-1a adrenergic receptor,Ki,nM,7.48,679.8,2.08
CHEMBL13735,0.344,COc1ccccc1N1CCN(CCn2c(=O)[nH]c3sccc3c2=O)CC1,Scientific Literature,Binding affinity for human Alpha-1A adrenergic receptor,B,Homo sapiens,,Bioorg Med Chem Lett,2001,Alpha-1a adrenergic receptor,Ki,nM,9.46,386.48,1.58
CHEMBL24777,1.3,Cc1c[nH]c(=O)n(CCCN2CCN(c3ccc(F)cc3OCC(F)(F)F)CC2)c1=O,Scientific Literature,Binding constant measured against Alpha-1A adrenergic receptor in human prostate; ++:moderately active,B,Homo sapiens,Prostate gland,Bioorg Med Chem Lett,2005,Alpha-1a adrenergic receptor,Ki,nM,8.89,444.43,2.14
CHEMBL43711,16500.0,CNCC(O)c1ccc(O)c(O)c1F,Scientific Literature,Binding affinity against alpha-1 adrenergic receptor in guinea pig cerebral cortical membranes by displacement of [3H]- WB-4101,B,Cavia porcellus,,J Med Chem,1988,Alpha-1a adrenergic receptor,Ki,nM,4.78,201.2,0.49
CHEMBL302637,2140.0,Brc1ccc2c(-c3c[nH]c(-c4c[nH]c5cc(Br)ccc45)n3)c[nH]c2c1,Scientific Literature,Compound was tested for its binding affinity towards CHO cells expressing human Alpha-1a adrenergic receptor by displacing [125I]HEAT (2-beta-(4-hydroxyphenyl)-ethylaminomethyltetralone),B,,,Bioorg Med Chem Lett,1996,Alpha-1a adrenergic receptor,Ki,nM,5.67,456.14,6.23
CHEMBL256804,51.0,CC(C)Oc1ccccc1N1CCN(C2CCC(NC(=O)Nc3ccc(F)c(F)c3)CC2)CC1,Scientific Literature,Displacement of [125I]HEAT from human recombinant adrenergic alpha1A receptor,B,Homo sapiens,,Bioorg Med Chem Lett,2008,Alpha-1a adrenergic receptor,Ki,nM,7.29,472.58,5.01
CHEMBL391530,61.0,COc1ccc(S(=O)(=O)N[C@H]2CC[C@@H](N3CCN(c4ccccc4OC(C)C)CC3)CC2)cc1OC,Scientific Literature,Binding affinity to human cloned adrenergic alpha-1A receptor,B,Homo sapiens,,Bioorg Med Chem Lett,2007,Alpha-1a adrenergic receptor,Ki,nM,7.21,517.69,3.9
CHEMBL564481,2.818,COc1cc2nc(N3CCN(C(=O)C4COc5ccccc5O4)[C@H]4CCCC[C@H]43)nc(N)c2cc1OC,Scientific Literature,Displacement of [3H]prazosin from human alpha1A adrenoceptor expressed in CHO cells,B,Homo sapiens,,J Med Chem,2009,Alpha-1a adrenergic receptor,Ki,nM,8.55,505.58,3.03
CHEMBL150161,34.0,O=C(CCCN1CCC(O)(c2ccc(Cl)cc2)C1)c1ccc(F)cc1,Scientific Literature,Binding affinity to human cloned adrenergic alpha-1A receptor by radioligand binding assay,B,Homo sapiens,,Bioorg Med Chem Lett,2006,Alpha-1a adrenergic receptor,Ki,nM,7.47,361.84,4.04
CHEMBL611,2.4,COc1cc2nc(N3CCN(C(=O)C4CCCO4)CC3)nc(N)c2cc1OC,Scientific Literature,Compound was evaluated for its affinity for Alpha-1a adrenergic receptor in human aorta preparations,B,,Aorta,Bioorg Med Chem Lett,1998,Alpha-1a adrenergic receptor,Ki,nM,8.62,387.44,1.06
CHEMBL436760,12590.0,O=C(c1nc(-c2c[nH]c3cc(Br)ccc23)c[nH]1)c1c[nH]c2cc(O)ccc12,Scientific Literature,Compound was tested for its binding affinity towards CHO cells expressing human Alpha-1a adrenergic receptor by displacing [125I]HEAT (2-beta-(4-hydroxyphenyl)-ethylaminomethyltetralone),B,,,Bioorg Med Chem Lett,1996,Alpha-1a adrenergic receptor,Ki,nM,4.9,421.25,4.74
CHEMBL2,0.27,COc1cc2nc(N3CCN(C(=O)c4ccco4)CC3)nc(N)c2cc1OC,Scientific Literature,Ability to displace [3H]prazosin from cloned human Alpha-1A adrenergic receptor,B,,,J Med Chem,1995,Alpha-1a adrenergic receptor,Ki,nM,9.57,383.41,1.78
CHEMBL90652,0.13,N#Cc1ccccc1C1CCN(CCCNC(=O)C2=CNC(=O)N[C@@H]2c2ccc(F)c(F)c2)CC1,Scientific Literature,"Displacement of [125I]L-762,459 from recombinant human alpha1a adrenergic receptor expressed in mammalian cells measured after 1 hr",B,Homo sapiens,,Eur J Med Chem,2017,Alpha-1a adrenergic receptor,Ki,nM,9.89,479.53,3.46
CHEMBL13647,294.0,COc1ccccc1N1CCN(CCN2C(=O)CC3(CCCC3)CC2=O)CC1,Scientific Literature,Compound was tested for its binding affinity utilizing cloned receptor binding assays by using [125 I]HEAT as radioligand to the human Alpha-1A adrenergic receptor (n >= 2),B,,,J Med Chem,1998,Alpha-1a adrenergic receptor,Ki,nM,6.53,385.51,2.53
CHEMBL8412,87.0,O=C1c2ccccc2S(=O)(=O)N1CCCCN1CCN(c2ncccn2)CC1,Scientific Literature,Binding affinity against human Alpha-1a adrenergic receptor was evaluated by cloned receptor binding assay,B,,,Bioorg Med Chem Lett,1998,Alpha-1a adrenergic receptor,Ki,nM,7.06,401.49,1.22
CHEMBL99142,3.311311214825908e+17,COc1ccccc1N1CCN(CCn2c(C)nc3c4ccccc4nc-3c2O)CC1,Scientific Literature,Binding affinity towards Alpha-1A adrenergic receptor,B,,,J Med Chem,2003,Alpha-1a adrenergic receptor,Ki,nM,,417.51,3.38
CHEMBL181583,2500.0,N=C(CC(O)COc1ccccc1-c1ccccc1)N1CCCCC1,Scientific Literature,Binding constant measured against Alpha-1A adrenergic receptor in human prostate; +:inactive,B,Homo sapiens,Prostate gland,Bioorg Med Chem Lett,2005,Alpha-1a adrenergic receptor,Ki,nM,5.6,338.45,3.95
CHEMBL243866,15.0,CC(C)Oc1ccccc1N1CCN(C2CCC(N3C(=O)c4ccc5ccc(F)cc5c4C3=O)CC2)CC1,Scientific Literature,Displacement of [125]HEAT from human adrenergic alpha-1a receptor expressed in CHO cells,B,Homo sapiens,,Bioorg Med Chem Lett,2007,Alpha-1a adrenergic receptor,Ki,nM,7.82,515.63,5.5
CHEMBL2,0.51,COc1cc2nc(N3CCN(C(=O)c4ccco4)CC3)nc(N)c2cc1OC,Scientific Literature,Binding affinity against Alpha-1A adrenergic receptor from human clone,B,Homo sapiens,,J Med Chem,1995,Alpha-1a adrenergic receptor,Ki,nM,9.29,383.41,1.78
CHEMBL147077,607.0,CNC(=O)C1=C(C)NC(C)=C(C(=O)NCCCN2CCC(C(=O)OC)(c3ccccc3)CC2)C1c1ccc([N+](=O)[O-])cc1,Scientific Literature,Binding affinity was determined for the alpha-1A adrenergic receptor,B,,,J Med Chem,1998,Alpha-1a adrenergic receptor,Ki,nM,6.22,589.69,3.29
CHEMBL3298745,1.096,COc1ccccc1N1CCN(CCn2c(=O)[nH]c3c(sc4ccc(NC(=O)c5ccccc5)cc43)c2=O)CC1,Scientific Literature,Displacement of [125I]BE2254 from human alpha1a receptor expressed in HEK293 cells,B,Homo sapiens,,Eur J Med Chem,2014,Alpha-1a adrenergic receptor,Ki,nM,8.96,555.66,3.99
CHEMBL301707,0.2884,COc1ccccc1N1CCN(CCn2c(=O)[nH]c3c([nH]c4ccccc43)c2=O)CC1,Scientific Literature,Displacement of [125I]BE2254 from human cloned adrenergic alpha 1A receptor expressed in HEK293 cells,B,Homo sapiens,,Bioorg Med Chem Lett,2006,Alpha-1a adrenergic receptor,Ki,nM,9.54,419.49,2.0
CHEMBL356584,0.2,CCC1=C(C(N)=O)C(c2ccc(F)c(F)c2)N(C(=O)NCCCN2CCC(C(=O)OC)(c3ccccc3)CC2)C(=O)N1,Scientific Literature,Binding constant measured against Alpha-1A adrenergic receptor in human prostate; +++:highly active,B,Homo sapiens,Prostate gland,Bioorg Med Chem Lett,2005,Alpha-1a adrenergic receptor,Ki,nM,9.7,583.64,3.49
CHEMBL8618,0.26,COc1ccccc1N1CCN(CCCCN2C(=O)c3ccccc3C2=O)CC1,Scientific Literature,Displacement of [125]HEAT from human adrenergic alpha-1a receptor expressed in CHO cells,B,Homo sapiens,,Bioorg Med Chem Lett,2007,Alpha-1a adrenergic receptor,Ki,nM,9.59,393.49,2.89
CHEMBL2391541,10000.0,C=CCN(CC=C)CCc1c[nH]c2ccc(OC)cc12,Scientific Literature,Displacement of [3H]Prazosin from human recombinant adrenergic alpha1A receptor expressed in HEK293 cells after 1 to 1.5 hrs by scintillation counting analysis,B,Homo sapiens,,Bioorg Med Chem Lett,2013,Alpha-1a adrenergic receptor,Ki,nM,,270.38,3.39
CHEMBL256040,6.5,CC(C)Oc1ccccc1N1CCN(C2CCC(NC(=O)Nc3c(Cl)cc(Cl)cc3Cl)CC2)CC1,Scientific Literature,Displacement of [125I]HEAT from human recombinant adrenergic alpha1A receptor,B,Homo sapiens,,Bioorg Med Chem Lett,2008,Alpha-1a adrenergic receptor,Ki,nM,8.19,539.94,6.69
CHEMBL2234448,91.2,COc1ccccc1N1CCN(CC2COC3(CCCCC3)O2)CC1,Scientific Literature,Displacement of [3H]prazosin from human recombinant alpha1A adrenoceptor expressed in CHO cells after 30 mins by liquid scintillation counting,B,Homo sapiens,,Eur J Med Chem,2014,Alpha-1a adrenergic receptor,Ki,nM,7.04,346.47,2.89
CHEMBL301707,3.715352290971728e+18,COc1ccccc1N1CCN(CCn2c(=O)[nH]c3c([nH]c4ccccc43)c2=O)CC1,Scientific Literature,Binding affinity towards Alpha-1A adrenergic receptor,B,,,J Med Chem,2003,Alpha-1a adrenergic receptor,Ki,nM,,419.49,2.0
CHEMBL2,0.58,COc1cc2nc(N3CCN(C(=O)c4ccco4)CC3)nc(N)c2cc1OC,Scientific Literature,Binding affinity against human Alpha-1A adrenergic receptor,B,,,Bioorg Med Chem Lett,1999,Alpha-1a adrenergic receptor,Ki,nM,9.24,383.41,1.78
CHEMBL715,1000.0,Cc1cc2c(s1)Nc1ccccc1N=C2N1CCN(C)CC1,Scientific Literature,Binding affinity to adrenergic alpha1A receptor (unknown origin) by PDSP assay,B,Homo sapiens,,Medchemcomm,2012,Alpha-1a adrenergic receptor,Ki,nM,6.0,312.44,3.44
CHEMBL5270515,15.85,CCC(=O)NCCN1CCC[C@@H]1Cn1nc(Cc2ccc(Cl)cc2)c2ccccc2c1=O.O=C(O)C(F)(F)F,Scientific Literature,Antagonist activity against recombinant human adrenergic alpha1A receptor expressed in Rat1 cells incubated for 30 mins by FLIPR analysis,B,Homo sapiens,,ACS Med Chem Lett,2017,Alpha-1a adrenergic receptor,Ki,nM,7.8,567.01,3.63
CHEMBL836,0.13,CCOc1ccccc1OCCN[C@H](C)Cc1ccc(OC)c(S(N)(=O)=O)c1,Scientific Literature,Binding affinity towards cloned human alpha-1A adrenergic receptor was determined using [125]-HEAT as radioligand,B,,,J Med Chem,2000,Alpha-1a adrenergic receptor,Ki,nM,9.89,408.52,2.34
CHEMBL1242923,260.0,O=C(Cc1ccccc1)NC1CCN(CCCN2C(=O)COc3ccccc32)CC1,Scientific Literature,Binding affinity to human adrenergic alpha1A receptor by radioligand displacement assay,B,Homo sapiens,,J Med Chem,2010,Alpha-1a adrenergic receptor,Ki,nM,6.58,407.51,2.63
CHEMBL356584,0.21,CCC1=C(C(N)=O)C(c2ccc(F)c(F)c2)N(C(=O)NCCCN2CCC(C(=O)OC)(c3ccccc3)CC2)C(=O)N1,Scientific Literature,In vitro binding affinity against Alpha-1A adrenergic receptor in isolated prostate tissue of human,B,,Prostate gland,J Med Chem,1999,Alpha-1a adrenergic receptor,Ki,nM,9.68,583.64,3.49
CHEMBL279436,1.0,CC1=C(C(N)=O)C(c2ccc([N+](=O)[O-])cc2)C(C(=O)NCCCN2CCC(c3ccccc3)(c3ccccc3)CC2)=C(C)N1,Scientific Literature,Binding affinity determined by displacement of [3H]prazosin from alpha-1A adrenergic receptor,B,,,J Med Chem,1998,Alpha-1a adrenergic receptor,Ki,nM,9.0,593.73,4.9
CHEMBL4461774,470.0,O=C1N(c2cccnc2C(F)(F)F)CC2(CCN(CCc3ccccc3F)CC2)OC12CC2,Scientific Literature,Displacement of [3H]-prazosin from human alpha1A adrenoreceptor expressed in enriched membranes incubated for 90 mins by liquid scintillation counting method,B,Homo sapiens,,J Med Chem,2020,Alpha-1a adrenergic receptor,Ki,nM,6.33,463.48,4.21
CHEMBL2051956,0.1585,COC(=O)C1=C(C)NC(C)=C(C(=O)OCCCN2CCC(c3ccccc3)(c3ccccc3)CC2)[C@@H]1c1cccc([N+](=O)[O-])c1,Scientific Literature,Binding affinity was tested on human Alpha-1A adrenergic receptor,B,,,J Med Chem,1997,Alpha-1a adrenergic receptor,Ki,nM,9.8,609.72,6.02
CHEMBL611,6.9,COc1cc2nc(N3CCN(C(=O)C4CCCO4)CC3)nc(N)c2cc1OC,Scientific Literature,In vitro binding affinity against Alpha-1A adrenergic receptor of human liver microsomes.,B,,Liver,J Med Chem,1999,Alpha-1a adrenergic receptor,Ki,nM,8.16,387.44,1.06
CHEMBL24778,0.03981,C[C@H](Cc1cc2c(c(C(N)=O)c1)N(CCCO)CC2)NCCOc1ccccc1OCC(F)(F)F,Scientific Literature,Binding affinity was tested on human Alpha-1A adrenergic receptor,B,,,J Med Chem,1997,Alpha-1a adrenergic receptor,Ki,nM,10.4,495.54,3.07
CHEMBL3233142,73.0,CN1CCN2c3c(cccc31)[C@@H]1CN(CCCC(=O)c3ccc(F)cc3)CC[C@@H]12.Cc1ccc(S(=O)(=O)O)cc1,Scientific Literature,Inhibition of adrenergic alpha1A receptor (unknown origin),B,Homo sapiens,,J Med Chem,2014,Alpha-1a adrenergic receptor,Ki,nM,7.14,565.71,3.92
CHEMBL2,0.588,COc1cc2nc(N3CCN(C(=O)c4ccco4)CC3)nc(N)c2cc1OC,Scientific Literature,Binding affinity to adrenergic alpha1A receptor (unknown origin),B,Homo sapiens,,Med Chem Res,2011,Alpha-1a adrenergic receptor,Ki,nM,9.23,383.41,1.78
CHEMBL387833,12.0,COc1ccc(S(=O)(=O)N[C@H]2CC[C@@H](N3CCC(c4ccccc4OCC(F)F)CC3)CC2)cc1OC,Scientific Literature,Binding affinity to human cloned adrenergic alpha-1a receptor,B,Homo sapiens,,Bioorg Med Chem Lett,2007,Alpha-1a adrenergic receptor,Ki,nM,7.92,538.66,4.82
CHEMBL1182155,0.4074,COc1cccc(OC)c1OCCNC[C@H]1COc2ccccc2O1,Scientific Literature,Displacement of [3H]prazosin from human recombinant alpha1A adrenergic receptor expressed in CHO cell membranes after 30 mins,B,Homo sapiens,,J Med Chem,2013,Alpha-1a adrenergic receptor,Ki,nM,9.39,345.4,2.51
CHEMBL2312227,27.54,COc1ccccc1OCCNCC1COCC(c2ccccc2)(c2ccccc2)O1,Scientific Literature,Displacement of [3H]prazosin from human recombinant alpha1A adrenergic receptor expressed in CHO cell membranes after 30 mins,B,Homo sapiens,,J Med Chem,2013,Alpha-1a adrenergic receptor,Ki,nM,7.56,419.52,4.02
CHEMBL88272,0.6,CC(C)(Cc1c[nH]c2ccc(Cl)cc12)NCCOc1ccccc1OCC1CC1,Scientific Literature,Binding constant measured against Alpha-1A adrenergic receptor in human prostate; +++:highly active,B,Homo sapiens,Prostate gland,Bioorg Med Chem Lett,2005,Alpha-1a adrenergic receptor,Ki,nM,9.22,412.96,5.6
CHEMBL13647,290.0,COc1ccccc1N1CCN(CCN2C(=O)CC3(CCCC3)CC2=O)CC1,Scientific Literature,Binding affinity for human Alpha-1A adrenergic receptor,B,Homo sapiens,,J Med Chem,2005,Alpha-1a adrenergic receptor,Ki,nM,6.54,385.51,2.53
CHEMBL1112,8.9,O=C1CCc2ccc(OCCCCN3CCN(c4cccc(Cl)c4Cl)CC3)cc2N1,Scientific Literature,Binding affinity to alpha1 adrenoceptor (unknown origin),A,Homo sapiens,,Bioorg Med Chem Lett,2021,Alpha-1a adrenergic receptor,Ki,nM,8.05,448.39,4.86
CHEMBL611,4.2,COc1cc2nc(N3CCN(C(=O)C4CCCO4)CC3)nc(N)c2cc1OC,Scientific Literature,Ability to displace beta ([125I]-iodo-4-hydroxyphenyl)-ethylaminomethyl tetralone from human Alpha-1a adrenergic receptor stably expressed in Chinese Hamster Ovary (CHO) cells,B,,,Bioorg Med Chem Lett,1998,Alpha-1a adrenergic receptor,Ki,nM,8.38,387.44,1.06
CHEMBL4752561,1394.44,COc1cc(-c2cn([C@H]3CCc4ccccc4N(CC(F)(F)F)C3=O)nn2)ccc1-n1ccc(C)n1,SGC Frankfurt - Donated Chemical Probes,GPCRScan assay: inhibition of Alpha1A,B,Homo sapiens,,,2021,Alpha-1a adrenergic receptor,Ki,nM,5.86,496.49,4.53
CHEMBL2413153,21.4,Cn1c(=O)cnn(CCCCN2CCN(c3ccccc3OCCF)CC2)c1=O,Scientific Literature,Binding affinity to alpha 1A adrenergic receptor (unknown origin) assessed as inhibition constant,B,Homo sapiens,,J Med Chem,2022,Alpha-1a adrenergic receptor,Ki,nM,7.67,405.47,0.89
CHEMBL2,0.5888,COc1cc2nc(N3CCN(C(=O)c4ccco4)CC3)nc(N)c2cc1OC,Scientific Literature,Displacement of [3H]prazosin from human alpha1A adrenoceptor expressed in CHO cell membranes after 30 mins,B,Homo sapiens,,Eur J Med Chem,2017,Alpha-1a adrenergic receptor,Ki,nM,9.23,383.41,1.78
CHEMBL708,6.0,O=C1Cc2cc(CCN3CCN(c4nsc5ccccc45)CC3)c(Cl)cc2N1,BindingDB Patent Bioactivity Data,"Binding Assay: Binding assay using 5-HT2A, Dopamine D2, SERT, Î±A1, 5-HT2C and H1 Receptors.",B,Homo sapiens,,,2013,Alpha-1a adrenergic receptor,Ki,nM,8.22,412.95,3.81
CHEMBL30713,10000.0,CC(N)Cc1c[nH]c2ccccc12,Scientific Literature,Displacement of [3H]Prazosin from human recombinant adrenergic alpha1A receptor expressed in HEK293 cells after 1 to 1.5 hrs by scintillation counting analysis,B,Homo sapiens,,Bioorg Med Chem Lett,2013,Alpha-1a adrenergic receptor,Ki,nM,,174.25,2.06
CHEMBL405355,0.16,COC(=O)C1=C(C)NC(C)=C(C(=O)OCCCN2CCC(c3ccccc3)(c3ccccc3)CC2)[C@H]1c1cccc([N+](=O)[O-])c1,Scientific Literature,Binding constant measured against Alpha-1A adrenergic receptor in human prostate; +++:highly active,B,Homo sapiens,Prostate gland,Bioorg Med Chem Lett,2005,Alpha-1a adrenergic receptor,Ki,nM,9.8,609.72,6.02
CHEMBL25554,0.16,COc1cccc(OC)c1OCCNCC1COc2ccccc2O1,Scientific Literature,Displacement of [3H]prazosin from human recombinant adrenergic alpha-1A receptor expressed in CHO cell membranes incubated for 60 mins,B,Homo sapiens,,J Med Chem,2020,Alpha-1a adrenergic receptor,Ki,nM,9.8,345.4,2.51
CHEMBL5276489,79.43,O=C(NCCN1CCC[C@@H]1Cn1nc(Cc2ccc(Cl)cc2)c2ccccc2c1=O)C1CCCC1.O=C(O)C(F)(F)F,Scientific Literature,Antagonist activity against recombinant human adrenergic alpha1A receptor expressed in Rat1 cells incubated for 30 mins by FLIPR analysis,B,Homo sapiens,,ACS Med Chem Lett,2017,Alpha-1a adrenergic receptor,Ki,nM,7.1,607.07,4.41
CHEMBL5272034,6.31,COCCNC(=O)CCCN1CCC[C@@H]1Cn1nc(Cc2ccc(Cl)cc2)c2ccccc2c1=O.Cl,Scientific Literature,Antagonist activity against recombinant human adrenergic alpha1A receptor expressed in Rat1 cells incubated for 30 mins by FLIPR analysis,B,Homo sapiens,,ACS Med Chem Lett,2017,Alpha-1a adrenergic receptor,Ki,nM,8.2,533.5,3.65
CHEMBL2,0.1995,COc1cc2nc(N3CCN(C(=O)c4ccco4)CC3)nc(N)c2cc1OC,Scientific Literature,Binding affinity was tested on human Alpha-1A adrenergic receptor,B,,,J Med Chem,1997,Alpha-1a adrenergic receptor,Ki,nM,9.7,383.41,1.78
CHEMBL3735756,333.0,COc1ccc(CCN(CCCc2ccccc2)CCc2ccc3c(c2)OCO3)cc1OC,Scientific Literature,Displacement of [3H]Prazosin from human recombinant alpha 1A receptor after 90 mins by scintillation counting method,B,Homo sapiens,,Medchemcomm,2015,Alpha-1a adrenergic receptor,Ki,nM,6.48,447.58,5.15
CHEMBL4520788,453.53,CNCc1ccccc1-c1csc([C@H](C)Nc2nc(C)nc3cc(OC)c(OC)cc23)c1,SGC Frankfurt - Donated Chemical Probes,GPCRScan assay: inhibition of Alpha1A,B,Homo sapiens,,,2021,Alpha-1a adrenergic receptor,Ki,nM,6.34,448.59,5.58
CHEMBL2,0.5888,COc1cc2nc(N3CCN(C(=O)c4ccco4)CC3)nc(N)c2cc1OC,Scientific Literature,Binding affinity to adrenergic alpha1A receptor (unknown origin),B,Homo sapiens,,Med Chem Res,2011,Alpha-1a adrenergic receptor,Ki,nM,9.23,383.41,1.78
CHEMBL4535474,426.58,CNCc1ccccc1-c1csc([C@@H](C)Nc2nc(C)nc3cc(OC)c(OC)cc23)c1,SGC Frankfurt - Donated Chemical Probes,GPCRScan assay: inhibition of Alpha1A,B,Homo sapiens,,,2021,Alpha-1a adrenergic receptor,Ki,nM,6.37,448.59,5.58
CHEMBL98241,290.0,C[C@H](CN1CCN(c2cc(F)c(F)cc2F)CC1)N1C(=O)CC2(CCCC2)CC1=O,Scientific Literature,Binding constant measured against Alpha-1A adrenergic receptor in human prostate; +:inactive,B,Homo sapiens,Prostate gland,Bioorg Med Chem Lett,2005,Alpha-1a adrenergic receptor,Ki,nM,6.54,423.48,3.32
CHEMBL1437,1500.0,NC[C@H](O)c1ccc(O)c(O)c1,Scientific Literature,Binding affinity against alpha-1 adrenergic receptor in guinea pig cerebral cortical membranes by displacement of [3H]- WB-4101,B,Cavia porcellus,,J Med Chem,1988,Alpha-1a adrenergic receptor,Ki,nM,5.82,169.18,0.09
CHEMBL639,50.12,CN1CCCC(n2nc(Cc3ccc(Cl)cc3)c3ccccc3c2=O)CC1,Scientific Literature,Antagonist activity at adrenergic alpha1A receptor (unknown origin) expressed in Rat1 cells assessed as inhibition of phenylephrine-induced Ca2+ flux preincubated for 30 mins followed by phenylephrine addition by Fluo-4-AM-dye based FLIPR assay,A,Homo sapiens,,Bioorg Med Chem Lett,2016,Alpha-1a adrenergic receptor,Ki,nM,7.3,381.91,4.3
CHEMBL2,1.862,COc1cc2nc(N3CCN(C(=O)c4ccco4)CC3)nc(N)c2cc1OC,Scientific Literature,Displacement of [125I]HEAT from adrenergic alpha1A receptor (unknown origin),B,Homo sapiens,,Bioorg Med Chem Lett,2014,Alpha-1a adrenergic receptor,Ki,nM,8.73,383.41,1.78
CHEMBL4535474,428.25,CNCc1ccccc1-c1csc([C@@H](C)Nc2nc(C)nc3cc(OC)c(OC)cc23)c1,SGC Frankfurt - Donated Chemical Probes,GPCRScan assay: inhibition of Alpha1A,B,Homo sapiens,,,2021,Alpha-1a adrenergic receptor,Ki,nM,6.37,448.59,5.58
CHEMBL4642592,3140.0,CC(=O)N1CCC(c2ccc(-c3cc(C(=O)O)cc4cc(-c5ccc(C(F)(F)F)cc5)ccc34)cc2)CC1,Scientific Literature,Binding affinity to alpha1a (unknown origin),B,Homo sapiens,,J Med Chem,2021,Alpha-1a adrenergic receptor,Ki,nM,5.5,517.55,7.62
CHEMBL4289498,43.1,O=C(CCCN1CCC(c2noc3cc(F)ccc23)CC1)c1cc2c3c(c1)CCN3C(=O)CC2,Scientific Literature,Binding affinity to alpha1 adrenoceptor (unknown origin),A,Homo sapiens,,Bioorg Med Chem Lett,2021,Alpha-1a adrenergic receptor,Ki,nM,7.37,461.54,4.64
CHEMBL113830,27.0,C[C@H]([C@@H](O)c1ccc(O)cc1)N1CCC(Cc2ccccc2)CC1,Scientific Literature,Displacement of [3H]prazosin from alpha-1A adrenergic receptor (unknown origin),B,Homo sapiens,,J Med Chem,2021,Alpha-1a adrenergic receptor,Ki,nM,7.57,325.45,3.77
CHEMBL3480577,10000.0,Cc1ccc2nc(CNCCCOc3ccccc3)cc(O)c2c1,SGC Frankfurt - Donated Chemical Probes,GPCRScan assay: inhibition of Alpha1A,B,Homo sapiens,,,2021,Alpha-1a adrenergic receptor,Ki,nM,5.0,322.41,3.81
CHEMBL142635,5.88,COc1ccccc1N1CCN(CC(O)COc2cccc3ccccc23)CC1,Scientific Literature,Binding affinity to adrenergic alpha1A receptor (unknown origin),B,Homo sapiens,,Med Chem Res,2011,Alpha-1a adrenergic receptor,Ki,nM,8.23,392.5,3.41
CHEMBL31354,18.62,COc1ccccc1N1CCN(CCN(C(=O)C2CCCCC2)c2ccccn2)CC1,Scientific Literature,Displacement of [3H] prazosin from human cloned adrenoceptor alpha 1A expressed in CHO cell membrane incubated for 30 mins by liquid scintillation counting,B,Homo sapiens,,Eur J Med Chem,2019,Alpha-1a adrenergic receptor,Ki,nM,7.73,422.57,3.83
CHEMBL1767136,25.12,CN1CCC[C@@H]1Cn1nc(Cc2ccc(Cl)cc2)c2ccccc2c1=O,Scientific Literature,Binding affinity to human adrenergic alpha1A receptor expressed in rat intact fibroblasts,B,Homo sapiens,,J Med Chem,2011,Alpha-1a adrenergic receptor,Ki,nM,7.6,367.88,3.73
CHEMBL4544086,1.6,COc1ccccc1N1CCN(CCCNC(=O)NN(Cc2ccc(F)cc2)c2ccccc2)CC1,Scientific Literature,Displacement of [3H] prazosin from alpha1A adrenergic receptor (unknown origin),B,Homo sapiens,,J Med Chem,2019,Alpha-1a adrenergic receptor,Ki,nM,8.8,491.61,4.27
CHEMBL483825,251.19,CN1CCc2cc3c(c4c2[C@H]1Cc1ccccc1-4)OCO3,Scientific Literature,Displacement of [125I]-HEAT from human adrenergic alpha1A receptor expressed in rat-1 cells,B,Homo sapiens,,Medchemcomm,2018,Alpha-1a adrenergic receptor,Ki,nM,6.6,279.34,3.17
CHEMBL493054,370.0,C[C@H]([C@H](O)c1ccc(O)cc1)N1CCC(Cc2ccccc2)CC1,Scientific Literature,Displacement of [3H]prazosin from alpha-1A adrenergic receptor (unknown origin),B,Homo sapiens,,J Med Chem,2021,Alpha-1a adrenergic receptor,Ki,nM,6.43,325.45,3.77
CHEMBL4090355,10000.0,CNC(=O)[C@H]1O[C@@H](n2cnc3c(NC)nc(C#Cc4ccc(Cl)s4)nc32)[C@H](O)[C@@H]1O,Scientific Literature,Displacement of [3H]Prazosin from human adrenergic alpha1A receptor,B,Homo sapiens,,J Med Chem,2017,Alpha-1a adrenergic receptor,Ki,nM,,448.89,0.35
CHEMBL2,0.15,COc1cc2nc(N3CCN(C(=O)c4ccco4)CC3)nc(N)c2cc1OC,Scientific Literature,Displacement of [3H]prazosin from alpha1-adrenoceptor (unknown origin) in cerebral cortex membranes after 60 mins by TopCount scintillation counting method,B,Homo sapiens,Cerebral cortex,Eur J Med Chem,2018,Alpha-1a adrenergic receptor,Ki,nM,9.82,383.41,1.78
CHEMBL2205827,10000.0,COc1ccc(CN2C3C4C5CC6C7C5C3C7C2(O)C64)cc1OC,Scientific Literature,Inhibition of adrenergic alpha1A receptor (unknown origin) by PDSP assay,B,Homo sapiens,,Bioorg Med Chem,2013,Alpha-1a adrenergic receptor,Ki,nM,,325.41,1.96
